-4.146530628204346
-0.7387271523475647
-0.5459996461868286
-1.354166030883789
-0.027461038902401924
-2.003915786743164
-3.9631059169769287
-8.302151679992676
-0.9862842559814453
-2.3402793407440186
-2.1685574054718018
-10.130155563354492
-1.216952919960022
-1.856679916381836
-0.1161152571439743
-4.021817207336426
-1.7018537521362305
-2.625706672668457
-1.839964509010315
-2.682680130004883
-2.1685571670532227
-2.3293824195861816
-0.3532872200012207
-0.6538735032081604
-1.0360329151153564
-5.709386825561523
-2.7782211303710938
-1.8842703104019165
-0.27592933177948
-1.4986125230789185
-3.912900686264038
-2.020263195037842
-0.3796185553073883
-5.669625759124756
-2.1023881435394287
-3.8322784900665283
-10.641633987426758
-0.32959914207458496
-1.9719051122665405
-0.04063723236322403
-0.6751515865325928
-7.693333625793457
-1.7722523212432861
-1.0613657236099243
-0.9924107193946838
-0.02746080607175827
-5.446601867675781
-4.982810020446777
-1.3062739372253418
-2.2304396629333496
-0.40145888924598694
-1.1662077903747559
-0.986284077167511
-11.832192420959473
-1.7151342630386353
-5.555229663848877
-1.0250096321105957
-7.908247470855713
-2.9183719158172607
-1.0057886838912964
-0.4066449701786041
-1.1662077903747559
-0.6538735032081604
-3.9630110263824463
-2.5519015789031982
-1.0662689208984375
-1.8556532859802246
-4.2269487380981445
-0.27055594325065613
-0.027461154386401176
-2.424497365951538
-1.7032625675201416
-10.676142692565918
-0.9340505599975586
-3.7697949409484863
-0.9038352966308594
-7.988844871520996
-0.24865607917308807
-0.7318868041038513
-7.525068283081055
-11.869640350341797
-1.4116054773330688
-5.420993328094482
-3.064537763595581
-1.179439663887024
-0.9681788086891174
-1.4024806022644043
-0.8275216817855835
-9.296018600463867
-1.688784122467041
-14.1378812789917
-8.520103454589844
-2.6023879051208496
-0.8392277359962463
-0.3952396810054779
-1.1662076711654663
-0.65387362241745
-4.565482139587402
-5.496071815490723
-2.625706911087036
-2.625706672668457
-1.3869764804840088
-0.19482524693012238
-0.4139685332775116
-0.39523985981941223
-1.1662077903747559
-0.1610260158777237
-0.027449440211057663
-5.276686191558838
-2.235326051712036
-0.3786132037639618
-5.1122355461120605
-12.43114948272705
-8.09136962890625
-0.027461154386401176
-1.9911766052246094
-1.5793824195861816
-0.7547768354415894
-0.31741654872894287
-4.350617408752441
-11.171305656433105
-6.010145664215088
-0.9382774829864502
-1.3614823818206787
-3.4248206615448
-1.68083655834198
-0.5357044339179993
-1.6166226863861084
-2.1685574054718018
-10.130155563354492
-5.49815034866333
-1.053717851638794
-7.030028820037842
-4.842520713806152
-8.35852336883545
-0.9094982147216797
-3.9966108798980713
-0.4014589786529541
-1.1662076711654663
-0.6538735032081604
-1.2819489240646362
-0.9693246483802795
-1.6015141010284424
-7.60019588470459
-1.9737703800201416
-0.8348706960678101
-0.027461154386401176
-2.1685571670532227
-1.5793824195861816
-0.6538734436035156
-3.437302350997925
-1.1660709381103516
-9.570321083068848
-5.572757244110107
-7.3340654373168945
-4.710897445678711
-11.750805854797363
-0.027461038902401924
-0.9862842559814453
-2.2371673583984375
-10.130155563354492
-0.7547768354415894
-3.588562488555908
-4.018916606903076
-1.179738163948059
-3.332834243774414
-0.9560035467147827
-0.38813093304634094
-0.40145906805992126
-1.166208028793335
-0.6538734436035156
-1.1128475666046143
-1.3368393182754517
-1.4377777576446533
-1.8907442092895508
-0.4014589786529541
-1.1662076711654663
-4.655745029449463
-0.02744920924305916
-10.582149505615234
-1.3612463474273682
-1.0164462327957153
-2.970968246459961
-0.9425880908966064
-0.5522513389587402
-0.6931719779968262
-9.213767051696777
-2.061180353164673
-0.4179598093032837
-1.017045259475708
-1.784872055053711
-0.401458740234375
-1.1662076711654663
-0.9976741671562195
-4.440232753753662
-0.020881805568933487
-2.625706911087036
-3.2504818439483643
-12.531503677368164
-4.378474712371826
-1.7149871587753296
-8.525715827941895
-2.926215648651123
-1.4147837162017822
-0.4553831219673157
-2.1685571670532227
-1.5793825387954712
-1.068901777267456
-1.6921225786209106
-0.8827051520347595
-3.813499927520752
-0.04028748720884323
-0.02746126987040043
-0.17742253839969635
-1.2245670557022095
-0.21711574494838715
-0.8078424334526062
-0.401458740234375
-1.1662076711654663
-3.437302350997925
-6.0411295890808105
-2.4657747745513916
-5.958286285400391
-2.2066211700439453
-1.6614680290222168
-3.0131325721740723
-2.3796067237854004
-9.070812225341797
-1.6771234273910522
-8.214430809020996
-2.216568946838379
-1.9453105926513672
-0.3952396810054779
-1.1662081480026245
-0.3894900977611542
-1.1044849157333374
-8.576265335083008
-1.0910966396331787
-5.293097019195557
-3.2656702995300293
-8.399726867675781
-1.4915063381195068
-2.532541513442993
-5.236710071563721
-0.8195159435272217
-1.8689889907836914
-2.0403528213500977
-1.6490472555160522
-3.8704614639282227
-0.8469873666763306
-0.5673319697380066
-1.0641260147094727
-0.3952396810054779
-1.1662077903747559
-0.7431995272636414
-0.21873071789741516
-4.2438435554504395
-0.34987345337867737
-2.5929431915283203
-9.751399040222168
-6.518103122711182
-3.9593801498413086
-2.660964012145996
-2.4987740516662598
-0.9825778007507324
-2.9230144023895264
-1.8331661224365234
-0.3952396810054779
-1.1662076711654663
-0.10657143592834473
-0.03023873083293438
-2.842855453491211
-0.7627071738243103
-7.731753349304199
-0.4014589786529541
-1.1662077903747559
-5.459822654724121
-3.437302350997925
-0.3578646183013916
-7.1331353187561035
-8.258755683898926
-1.5648484230041504
-0.3127516806125641
-1.2140082120895386
-2.304201126098633
-2.1685571670532227
-1.5793824195861816
-2.7586255073547363
-2.7138803005218506
-8.04633617401123
-3.082839012145996
-2.453754425048828
-2.5849804878234863
-3.082838773727417
-2.063129425048828
-6.563708782196045
-2.063129425048828
-0.395239919424057
-1.1662076711654663
-0.6538735032081604
-7.075686454772949
-2.8902885913848877
-0.02746126987040043
-1.7417559623718262
-1.6207175254821777
-2.372192859649658
-0.6538735032081604
-0.4014589786529541
-1.1662077903747559
-3.302649736404419
-1.6209442615509033
-3.600384473800659
-3.7034800052642822
-0.7384330034255981
-0.401458740234375
-1.1662076711654663
-6.467862606048584
-3.1384880542755127
-0.9266152381896973
-7.9822516441345215
-1.0331363677978516
-0.48270735144615173
-0.3857823312282562
-0.4014589786529541
-1.1662076711654663
-1.5144211053848267
-0.743199348449707
-4.557702541351318
-0.940386950969696
-3.471156597137451
-0.9505090713500977
-4.661954879760742
-4.423493385314941
-0.02746126987040043
-3.915179967880249
-0.3952396810054779
-1.1662076711654663
-3.2445855140686035
-0.65387362241745
-2.0543060302734375
-4.572342872619629
-1.4714136123657227
-5.329453468322754
-1.3675004243850708
-0.9614450931549072
-0.4014589786529541
-1.1662077903747559
-0.22337307035923004
-12.604509353637695
-3.580012321472168
-7.034365653991699
-3.4992194175720215
-1.5320830345153809
-4.959545612335205
-1.9832863807678223
-0.7791047096252441
-5.018229007720947
-5.931744575500488
-0.6584733128547668
-0.3952396810054779
-1.1662077903747559
-1.9334633350372314
-2.04327392578125
-0.3108412027359009
-2.196861982345581
-0.36245277523994446
-0.027461154386401176
-2.550529956817627
-3.777256965637207
-1.5648486614227295
-0.02746080607175827
-1.6342135667800903
-4.407751560211182
-1.099825382232666
-4.235325813293457
-1.0601987838745117
-0.6093736290931702
-0.16271167993545532
-3.4206714630126953
-0.9156808853149414
-1.56484854221344
-5.316929817199707
-0.6644412875175476
-1.6886836290359497
-5.180386066436768
-1.513094186782837
-3.420034885406494
-3.342942953109741
-0.4014589786529541
-1.1662077903747559
-0.6538735032081604
-2.6257071495056152
-6.60884952545166
-0.04028748720884323
-3.435175657272339
-0.5969911813735962
-1.3927220106124878
-3.040501832962036
-3.3279616832733154
-3.921271800994873
-2.5579254627227783
-1.7506046295166016
-0.339384526014328
-0.4796273708343506
-0.766304612159729
-7.282322883605957
-1.979037880897522
-3.692262649536133
-3.7131552696228027
-1.2818069458007812
-0.07147623598575592
-3.3546717166900635
-0.4014589786529541
-1.1662076711654663
-2.3795557022094727
-0.02746126987040043
-1.1357141733169556
-13.365885734558105
-5.200016498565674
-0.6538735032081604
-1.0811944007873535
-0.3952396810054779
-1.1662077903747559
-1.1218037605285645
-3.971522569656372
-2.02020263671875
-8.368510246276855
-4.661007881164551
-7.530822277069092
-0.7406871914863586
-4.250844955444336
-0.3952396810054779
-10.130155563354492
-0.7431995272636414
-0.6404909491539001
-0.5097367763519287
-1.268576741218567
-4.737555980682373
-8.990983009338379
-1.319957971572876
-11.752969741821289
-0.1370725780725479
-0.4066449701786041
-1.1662077903747559
-0.6538735032081604
-5.918628692626953
-10.815449714660645
-1.2110741138458252
-0.269790381193161
-4.196413516998291
-2.3425981998443604
-1.1032323837280273
-0.7655671238899231
-0.9924107193946838
-2.1685571670532227
-10.130155563354492
-0.30351337790489197
-0.04063723236322403
-2.6605236530303955
-8.253921508789062
-2.3709545135498047
-1.4312067031860352
-2.1395082473754883
-1.823477029800415
-0.3362298607826233
-0.4059987962245941
-4.277770042419434
-1.0789990425109863
-0.2722500264644623
-0.4014589786529541
-1.1662076711654663
-1.3051245212554932
-0.6538735032081604
-12.05522346496582
-5.782576560974121
-7.271773815155029
-7.720767021179199
-9.822123527526855
-0.8828958868980408
-9.96845817565918
-8.902846336364746
-9.30954647064209
-1.9051812887191772
-5.716386795043945
-2.7993266582489014
-0.6527794599533081
-0.7887725830078125
-0.401458740234375
-1.1662076711654663
-0.6538735032081604
-7.5619072914123535
-5.408743858337402
-1.6743701696395874
-1.9982261657714844
-1.655124545097351
-7.703500270843506
-2.346438407897949
-0.14959575235843658
-5.8984055519104
-2.229464530944824
-2.791104555130005
-7.764288425445557
-0.7378571629524231
-2.694880247116089
-2.1685571670532227
-10.130155563354492
-0.48247215151786804
-0.04063734784722328
-12.86396312713623
-14.711798667907715
-5.147775650024414
-9.632211685180664
-7.254733085632324
-7.464361190795898
-0.6354460120201111
-0.3669317662715912
-1.030463457107544
-13.726428031921387
-7.403088569641113
-8.231597900390625
-0.6698569059371948
-0.6527792811393738
-2.1685574054718018
-10.130155563354492
-0.03023826703429222
-6.905246734619141
-10.708074569702148
-0.027461154386401176
-9.389521598815918
-8.599319458007812
-8.251755714416504
-5.12451171875
-1.1429369449615479
-2.3161568641662598
-1.4032039642333984
-2.758013963699341
-2.1685571670532227
-10.130155563354492
-0.796949565410614
-6.944891929626465
-3.1332006454467773
-3.735778331756592
-2.24934720993042
-6.020110130310059
-12.552604675292969
-4.665438652038574
-7.180341720581055
-4.945117473602295
-0.9552732706069946
-4.3551459312438965
-1.8331660032272339
-2.6212100982666016
-0.4014589786529541
-10.130155563354492
-13.663888931274414
-10.021280288696289
-0.9173052906990051
-3.2761363983154297
-2.301032304763794
-10.488340377807617
-0.8366894721984863
-6.996395111083984
-0.24846214056015015
-5.752439498901367
-3.006150007247925
-6.944440841674805
-5.72678279876709
-0.4066449701786041
-1.1662077903747559
-3.747715950012207
-1.1293290853500366
-5.166825294494629
-3.213453769683838
-0.21873091161251068
-0.027461154386401176
-5.299501895904541
-0.42482849955558777
-7.298825740814209
-1.3564481735229492
-2.0256707668304443
-2.1685571670532227
-10.130155563354492
-0.9862843155860901
-5.940451622009277
-11.948305130004883
-0.8162081241607666
-1.9013136625289917
-1.3959053754806519
-1.0272510051727295
-11.272857666015625
-6.842718601226807
-7.928811073303223
-4.801206588745117
-1.710273027420044
-0.7328197360038757
-1.7794098854064941
-2.5929434299468994
-0.40145888924598694
-1.1662081480026245
-0.6538735032081604
-0.4989791512489319
-1.4882824420928955
-5.560638427734375
-1.5382521152496338
-0.02746126987040043
-0.15460698306560516
-11.338077545166016
-0.4014589786529541
-1.1662077903747559
-1.70419180393219
-4.840075492858887
-0.20897746086120605
-6.657899856567383
-7.0562872886657715
-3.7783327102661133
-8.742894172668457
-1.773590087890625
-1.5836293697357178
-0.3093303143978119
-0.9497467279434204
-13.495872497558594
-11.129612922668457
-0.4014589786529541
-1.1662076711654663
-3.1686058044433594
-5.577099323272705
-10.708572387695312
-8.67179012298584
-5.1618523597717285
-0.6862162947654724
-13.51584243774414
-7.357457637786865
-4.857058048248291
-4.282478332519531
-0.65387362241745
-0.3952396810054779
-1.1662077903747559
-10.200008392333984
-7.117264747619629
-10.174383163452148
-6.651337623596191
-5.516958713531494
-13.935991287231445
-2.499218225479126
-0.40145888924598694
-1.1662077903747559
-0.6538735032081604
-1.2212562561035156
-6.259283065795898
-0.8295727968215942
-6.867791175842285
-6.280588150024414
-0.6538734436035156
-0.40145888924598694
-1.1662077903747559
-2.8623671531677246
-2.2400736808776855
-5.938248634338379
-3.4404144287109375
-0.4059987962245941
-0.9924107193946838
-2.1685574054718018
-10.130155563354492
-2.842273712158203
-4.792598724365234
-2.7097198963165283
-3.8936281204223633
-3.02067494392395
-1.2050344944000244
-0.39523985981941223
-1.1662077903747559
-0.24141892790794373
-1.4117556810379028
-9.86398696899414
-4.564281463623047
-0.037192750722169876
-3.746019124984741
-2.327772855758667
-2.5369887351989746
-0.3952396810054779
-1.1662076711654663
-0.6538735032081604
-5.481196403503418
-5.4441375732421875
-7.944865703582764
-3.7691638469696045
-4.790053367614746
-0.5251791477203369
-0.6279351711273193
-0.8017065525054932
-1.5460679531097412
-8.523118019104004
-1.7036497592926025
-1.1759532690048218
-0.4014589786529541
-1.1662077903747559
-0.19390419125556946
-2.9862232208251953
-9.008038520812988
-8.744376182556152
-3.551807165145874
-0.027461154386401176
-8.6140775680542
-0.7300296425819397
-5.199294567108154
-3.1556882858276367
-2.7678894996643066
-0.36439162492752075
-0.5879272222518921
-0.18759439885616302
-0.031951092183589935
-1.6394212245941162
-5.560956001281738
-2.2371678352355957
-10.130155563354492
-0.4989791512489319
-9.72011661529541
-14.212810516357422
-6.460182189941406
-13.898773193359375
-3.3211262226104736
-2.3647842407226562
-0.6538735032081604
-0.4014589786529541
-1.1662076711654663
-2.2630257606506348
-7.087765216827393
-0.5985085368156433
-2.6265475749969482
-6.507096290588379
-0.6862162351608276
-0.10067106038331985
-6.497511386871338
-0.1837380975484848
-2.9159579277038574
-1.498824954032898
-0.40145888924598694
-1.1662077903747559
-0.6538735032081604
-4.0434346199035645
-4.169950485229492
-7.365081310272217
-1.8372710943222046
-4.47982120513916
-0.36388471722602844
-0.8295956254005432
-10.309050559997559
-8.53601360321045
-4.570439338684082
-1.2450398206710815
-8.786983489990234
-9.300058364868164
-0.6233367323875427
-1.1662081480026245
-0.15796823799610138
-2.77275013923645
-4.918857574462891
-2.904759645462036
-9.865641593933105
-5.730399131774902
-0.9924106597900391
-0.40145888924598694
-2.3293824195861816
-0.12330058217048645
-1.0097246170043945
-2.3951010704040527
-5.306670188903809
-6.426652431488037
-2.6679768562316895
-1.151749610900879
-0.40145888924598694
-1.1662081480026245
-2.7786333560943604
-2.738802909851074
-1.990176796913147
-5.479706764221191
-0.925727128982544
-7.873058319091797
-1.5648486614227295
-2.6605310440063477
-5.346567153930664
-2.1685571670532227
-1.5793824195861816
-0.13650500774383545
-3.960019826889038
-17.237855911254883
-4.867339134216309
-0.36775529384613037
-0.6852931976318359
-0.40145888924598694
-1.1662081480026245
-0.6538735032081604
-0.04063723236322403
-4.339394569396973
-1.2416465282440186
-2.7904975414276123
-1.354762315750122
-2.2366890907287598
-9.257478713989258
-2.616014242172241
-0.6765801310539246
-0.027461154386401176
-0.9862843155860901
-7.519083499908447
-1.6711505651474
-0.4014589786529541
-1.1662076711654663
-0.65387362241745
-5.591940402984619
-4.514994144439697
-5.535756587982178
-2.3008172512054443
-0.9924107193946838
-0.40145906805992126
-1.166208028793335
-0.6538734436035156
-2.5481650829315186
-7.289030075073242
-1.9094898700714111
-1.0138845443725586
-2.5289788246154785
-0.598778486251831
-5.727101802825928
-1.615349292755127
-2.1685571670532227
-10.130155563354492
-0.47610771656036377
-0.04063734784722328
-1.257284164428711
-6.1363525390625
-5.219363689422607
-13.722501754760742
-10.27435302734375
-5.537378787994385
-1.4930109977722168
-2.012882709503174
-3.9176077842712402
-1.3247897624969482
-0.5102107524871826
-0.40145906805992126
-1.166208028793335
-0.7547767162322998
-5.108950614929199
-3.726508855819702
-2.6024718284606934
-0.20776772499084473
-4.660334587097168
-0.884921133518219
-7.495426177978516
-2.083629846572876
-2.5995192527770996
-6.045113563537598
-0.45912668108940125
-2.694119453430176
-11.613407135009766
-5.089745998382568
-0.027461154386401176
-1.1329338550567627
-2.5901482105255127
-11.613407135009766
-5.089745998382568
-1.800357460975647
-7.642139911651611
-5.639586448669434
-2.732236862182617
-1.9120898246765137
-0.4014589786529541
-1.1662077903747559
-0.5408239960670471
-3.2326204776763916
-0.9353205561637878
-1.6370322704315186
-2.3370275497436523
-0.040287602692842484
-3.9472007751464844
-2.0677695274353027
-0.4014589786529541
-1.1662076711654663
-0.6538735032081604
-0.5700014233589172
-2.128410816192627
-1.264270544052124
-3.477900743484497
-0.027461154386401176
-2.950502395629883
-3.7350142002105713
-3.6151578426361084
-6.32584285736084
-0.40145888924598694
-1.1662077903747559
-0.6538735032081604
-3.684113025665283
-0.34273338317871094
-2.0481317043304443
-0.027461154386401176
-1.7600061893463135
-3.8709893226623535
-11.723142623901367
-6.426342487335205
-2.078754186630249
-0.4014589786529541
-1.1662077903747559
-7.901224136352539
-7.901223659515381
-1.9684677124023438
-0.295493483543396
-0.43168795108795166
-8.459583282470703
-1.634689211845398
-0.027461038902401924
-5.9100799560546875
-3.844575881958008
-1.8242093324661255
-0.5744398236274719
-3.3243465423583984
-3.4785375595092773
-2.0393471717834473
-12.784793853759766
-7.262320518493652
-1.2024366855621338
-5.230290412902832
-2.5929431915283203
-0.4066450595855713
-1.1662076711654663
-0.6538735032081604
-0.09347399324178696
-1.1250998973846436
-11.157665252685547
-0.9861188530921936
-0.6915001273155212
-3.0066564083099365
-0.40145906805992126
-2.3293824195861816
-1.7932121753692627
-0.0955905169248581
-0.590816855430603
-5.727056980133057
-5.690820693969727
-4.196396827697754
-3.3232696056365967
-6.75349760055542
-9.311124801635742
-9.164490699768066
-0.4014589786529541
-2.3293821811676025
-8.743656158447266
-2.926995038986206
-0.1891254186630249
-2.1747705936431885
-0.9871858358383179
-0.5729309320449829
-4.121159553527832
-2.5929431915283203
-4.877445697784424
-0.7547768354415894
-3.773015260696411
-0.4014589786529541
-1.1662077903747559
-4.890102386474609
-2.072192668914795
-10.660667419433594
-2.1366217136383057
-6.0818891525268555
-1.501678466796875
-12.651936531066895
-13.454604148864746
-6.849677085876465
-9.229528427124023
-9.319506645202637
-1.4129478931427002
-1.954030990600586
-1.5648486614227295
-3.4384868144989014
-3.2145888805389404
-2.889791965484619
-2.2371678352355957
-1.5793824195861816
-0.7390148043632507
-1.746681809425354
-7.676229000091553
-0.40182363986968994
-1.1234468221664429
-0.6155945658683777
-4.315820217132568
-0.4014589786529541
-1.1662076711654663
-0.65387362241745
-6.565993785858154
-0.7414753437042236
-7.4804511070251465
-3.8339827060699463
-0.6668811440467834
-2.6705985069274902
-0.525556206703186
-1.6552140712738037
-1.4878993034362793
-0.20406517386436462
-0.2502343952655792
-0.5580148696899414
-0.6538735032081604
-0.4014589786529541
-1.1662077903747559
-0.2290150225162506
-13.482552528381348
-1.1107878684997559
-1.246734619140625
-4.661260604858398
-1.9013136625289917
-0.027461038902401924
-3.138115882873535
-7.914504528045654
-3.97609543800354
-0.3952396810054779
-1.166208028793335
-0.36703920364379883
-7.333840370178223
-0.21616938710212708
-2.625706911087036
-5.736525535583496
-1.1832486391067505
-0.02746080607175827
-5.203505992889404
-3.9488365650177
-4.093034744262695
-0.3952396810054779
-1.1662077903747559
-0.6538735628128052
-5.501596927642822
-1.1743521690368652
-2.9953179359436035
-9.989958763122559
-6.505888938903809
-0.5977565050125122
-0.4014589786529541
-1.1662077903747559
-1.2319756746292114
-2.3065574169158936
-0.17363004386425018
-5.094958305358887
-1.0970497131347656
-4.2987189292907715
-3.782392978668213
-2.9342644214630127
-8.433370590209961
-0.8735007047653198
-9.624585151672363
-8.79473876953125
-12.687137603759766
-4.5676116943359375
-0.44204771518707275
-1.1662076711654663
-0.6538735032081604
-0.9924108982086182
-0.4734182357788086
-0.27213332056999207
-5.433409690856934
-0.1268998086452484
-0.5154328942298889
-0.027461154386401176
-2.1685571670532227
-1.5793824195861816
-0.04063723236322403
-0.6540215015411377
-6.402024269104004
-5.976232528686523
-5.523678302764893
-11.344396591186523
-0.7054954767227173
-4.160696029663086
-1.814683198928833
-0.6538734436035156
-4.13503885269165
-2.5076189041137695
-7.275260925292969
-4.187161445617676
-1.2893941402435303
-0.868155300617218
-8.090008735656738
-7.708488941192627
-3.8879199028015137
-3.296579122543335
-6.567376136779785
-1.3959956169128418
-1.4163877964019775
-12.749190330505371
-1.7199046611785889
-4.160696029663086
-1.8146830797195435
-0.6538735032081604
-1.5224416255950928
-3.6425223350524902
-2.6205060482025146
-4.876003265380859
-9.770495414733887
-2.7424097061157227
-1.5901867151260376
-9.887530326843262
-0.027461038902401924
-1.9013136625289917
-1.9013137817382812
-0.780526340007782
-2.090090751647949
-2.5053608417510986
-4.160696029663086
-1.814682960510254
-0.6538735628128052
-4.655745029449463
-0.7956855297088623
-14.099289894104004
-10.614845275878906
-7.525336265563965
-10.07805061340332
-4.661340236663818
-8.810653686523438
-8.248370170593262
-4.160696029663086
-1.8146830797195435
-3.093812942504883
-4.9141740798950195
-11.875494003295898
-0.6591044664382935
-0.14819036424160004
-7.365624904632568
-6.615516662597656
-0.771727979183197
-0.4580514430999756
-3.544189691543579
-5.73126220703125
-4.828230857849121
-0.027461154386401176
-2.91744327545166
-3.3571319580078125
-4.130501747131348
-1.814683198928833
-0.6538734436035156
-12.633318901062012
-1.64616858959198
-2.971004009246826
-4.51007604598999
-5.802488803863525
-3.4177732467651367
-1.7269598245620728
-1.5648484230041504
-1.2928167581558228
-3.0791101455688477
-7.400074005126953
-0.877098023891449
-3.6776516437530518
-1.3183866739273071
-2.660964012145996
-0.9924107193946838
-4.086175918579102
-1.814682960510254
-0.6538735032081604
-0.4360829293727875
-10.566329002380371
-0.040287259966135025
-11.758442878723145
-4.160696029663086
-1.814682960510254
-0.7547768354415894
-3.8726229667663574
-4.534484386444092
-4.287031173706055
-8.499500274658203
-12.252359390258789
-4.339687824249268
-5.9714179039001465
-3.352450370788574
-10.679871559143066
-3.304677724838257
-4.209247589111328
-4.125634670257568
-6.146087646484375
-4.744126796722412
-4.66206693649292
-3.947631359100342
-6.976813316345215
-16.993314743041992
-9.884583473205566
-12.730640411376953
-4.08617639541626
-1.8146830797195435
-0.6538735032081604
-9.060967445373535
-6.188068389892578
-9.044315338134766
-0.04463346302509308
-1.739404320716858
-6.076704502105713
-1.5691241025924683
-5.599226474761963
-2.625706672668457
-0.02746080607175827
-4.160696029663086
-1.8146830797195435
-0.65387362241745
-3.8028805255889893
-5.577061176300049
-6.334334373474121
-2.3606934547424316
-0.8406358957290649
-5.480408668518066
-4.08617639541626
-1.8146830797195435
-2.8006327152252197
-1.0811944007873535
-6.033751010894775
-2.5933191776275635
-9.526954650878906
-1.7629201412200928
-16.130067825317383
-7.449315071105957
-4.130502223968506
-1.814682960510254
-4.454392433166504
-3.729285478591919
-4.211541652679443
-1.414724349975586
-5.378475189208984
-5.014686107635498
-8.124757766723633
-0.027461038902401924
-1.6545161008834839
-0.24469611048698425
-1.0079230070114136
-7.828042984008789
-2.5684456825256348
-2.660964012145996
-5.63053035736084
-8.442848205566406
-6.516501426696777
-0.58797687292099
-4.160696029663086
-1.8146830797195435
-2.3610527515411377
-3.1686060428619385
-1.3048301935195923
-2.100832223892212
-4.079929828643799
-4.313056468963623
-3.1090281009674072
-0.027461154386401176
-4.130502223968506
-1.8146830797195435
-0.5449520349502563
-2.9014408588409424
-3.562018632888794
-7.203238010406494
-1.73164701461792
-6.47152853012085
-4.560861587524414
-2.4829907417297363
-2.4963014125823975
-2.9162745475769043
-3.782794952392578
-4.643357753753662
-2.5929431915283203
-2.1945745944976807
-0.9401103258132935
-2.592942953109741
-4.086175918579102
-1.8146830797195435
-2.3367700576782227
-4.337444305419922
-0.834487795829773
-1.6521626710891724
-1.884433388710022
-6.039342880249023
-2.5404772758483887
-0.9363952875137329
-3.877261161804199
-3.153380870819092
-7.259688854217529
-2.443358898162842
-3.697065591812134
-1.4043738842010498
-2.877481460571289
-8.248370170593262
-1.580681324005127
-2.1685571670532227
-4.196778774261475
-1.1768150329589844
-8.097613334655762
-1.6461684703826904
-3.0070362091064453
-6.156419277191162
-2.500828504562378
-4.130502223968506
-1.814682960510254
-8.055034637451172
-1.764062523841858
-8.419099807739258
-3.1900267601013184
-6.278542995452881
-10.625385284423828
-4.542479991912842
-8.248369216918945
-0.027461154386401176
-4.655020236968994
-1.8522462844848633
-4.446907043457031
-4.160696029663086
-1.814682960510254
-11.190963745117188
-1.1769616603851318
-3.0859076976776123
-3.88820743560791
-2.6323301792144775
-2.0623044967651367
-4.5026726722717285
-4.518399715423584
-2.656221866607666
-4.160696029663086
-1.814683198928833
-2.4637911319732666
-9.892660140991211
-8.25665283203125
-5.0063934326171875
-0.3054257929325104
-1.4409979581832886
-2.9469542503356934
-4.616345405578613
-0.7869486212730408
-4.636017799377441
-4.223310947418213
-1.8146830797195435
-2.63905668258667
-1.289700984954834
-3.1465671062469482
-0.6982359886169434
-0.4495568871498108
-3.1255581378936768
-4.29585599899292
-4.160696029663086
-1.814682960510254
-2.4421567916870117
-3.65639066696167
-5.36425256729126
-3.2956981658935547
-3.059650182723999
-2.4552721977233887
-0.7433212399482727
-1.6137995719909668
-1.4246978759765625
-4.628203868865967
-5.670968055725098
-7.758042335510254
-3.684113025665283
-4.160696029663086
-1.814682960510254
-0.7547768354415894
-3.8934149742126465
-1.439320683479309
-3.171848773956299
-0.027461154386401176
-4.331574440002441
-11.135100364685059
-1.88749361038208
-4.160696029663086
-1.8146830797195435
-0.6538735032081604
-2.0761709213256836
-3.2864584922790527
-5.820798397064209
-2.5678300857543945
-5.990596771240234
-2.5304453372955322
-2.498196601867676
-4.797087669372559
-6.545126438140869
-1.045133352279663
-1.0961071252822876
-11.41810131072998
-2.158468008041382
-2.160654067993164
-4.799623489379883
-4.067245006561279
-3.3555195331573486
-4.08617639541626
-1.814683198928833
-4.2569899559021
-2.7232320308685303
-8.014180183410645
-3.9445486068725586
-3.0275259017944336
-8.764588356018066
-9.361963272094727
-4.489336013793945
-2.4331963062286377
-3.7282276153564453
-11.156686782836914
-4.160696029663086
-1.8146830797195435
-0.6538735032081604
-2.5666232109069824
-5.392906665802002
-4.953276634216309
-4.054620265960693
-2.625706911087036
-5.8955583572387695
-2.982689142227173
-2.0792839527130127
-5.36172342300415
-5.285888195037842
-7.599072456359863
-7.2995381355285645
-5.072261810302734
-1.4287406206130981
-4.08617639541626
-1.8146830797195435
-0.6538735032081604
-4.40926456451416
-4.713846683502197
-4.305007457733154
-8.281793594360352
-6.2892656326293945
-0.027461154386401176
-3.618175983428955
-9.20815372467041
-4.2071123123168945
-4.160696029663086
-1.8146830797195435
-0.6538735032081604
-4.009965896606445
-4.083357810974121
-3.1205861568450928
-0.541326642036438
-0.6002287268638611
-3.6175625324249268
-1.5648484230041504
-0.17783673107624054
-4.716094970703125
-1.6765217781066895
-4.408333778381348
-3.1066057682037354
-1.1592079401016235
-1.1848701238632202
-5.741772174835205
-3.9954004287719727
-2.7650701999664307
-1.9913893938064575
-0.6538735032081604
-4.130502223968506
-1.814682960510254
-7.57332706451416
-2.625706672668457
-3.8027725219726562
-3.372805595397949
-5.083775520324707
-6.398836612701416
-6.304830551147461
-0.08894065767526627
-3.9989380836486816
-3.7795863151550293
-5.217668056488037
-4.160696029663086
-1.8146830797195435
-0.7547768354415894
-2.147439479827881
-8.421775817871094
-14.332387924194336
-1.7337650060653687
-1.398301124572754
-0.02746080607175827
-4.130501747131348
-1.8146830797195435
-1.6936719417572021
-0.05302385985851288
-2.310131549835205
-3.106523275375366
-4.6870341300964355
-5.189390182495117
-4.496713638305664
-3.660200834274292
-4.066935062408447
-3.8979177474975586
-2.7408058643341064
-5.708776950836182
-4.086175918579102
-1.8146830797195435
-0.6538735032081604
-5.879885196685791
-7.128636837005615
-3.771435499191284
-0.027461154386401176
-2.486250877380371
-4.038318634033203
-2.0354177951812744
-4.160696029663086
-1.8146830797195435
-0.49897894263267517
-3.093812942504883
-2.3814239501953125
-4.803934574127197
-2.625706672668457
-1.5000977516174316
-0.9965837001800537
-3.4728760719299316
-0.751520037651062
-1.3554893732070923
-2.7670578956604004
-6.3499321937561035
-4.160696029663086
-1.8146830797195435
-0.6538735032081604
-4.183206081390381
-2.1537680625915527
-8.442900657653809
-2.2734227180480957
-6.622926235198975
-1.1847991943359375
-2.307119607925415
-3.704636573791504
-1.9119441509246826
-0.10067062824964523
-2.089426279067993
-0.6538734436035156
-3.941969633102417
-3.303795099258423
-3.866426467895508
-4.16961669921875
-4.410216331481934
-2.360015869140625
-4.205569744110107
-4.438431262969971
-2.620051860809326
-4.160696029663086
-1.8146830797195435
-5.898308753967285
-2.3940138816833496
-2.226032018661499
-2.2948319911956787
-3.1902008056640625
-0.23355922102928162
-0.027461154386401176
-0.9924106597900391
-0.8694666028022766
-3.909092664718628
-0.8411065340042114
-2.831070899963379
-0.18759439885616302
-4.160696029663086
-1.8146830797195435
-0.6538735032081604
-2.999216318130493
-3.36442494392395
-10.998771667480469
-3.8074440956115723
-4.160696029663086
-1.8146830797195435
-0.65387362241745
-5.1684651374816895
-1.9013137817382812
-6.881260871887207
-3.33440899848938
-1.3076273202896118
-4.5131449699401855
-3.309544801712036
-0.7515201568603516
-0.39340588450431824
-4.160696029663086
-1.814682960510254
-0.7547768354415894
-4.97218132019043
-0.02746080607175827
-5.121138572692871
-3.8190150260925293
-3.117520332336426
-1.7417068481445312
-0.9239776730537415
-1.6955044269561768
-4.130502223968506
-1.8146830797195435
-6.888418674468994
-2.7983145713806152
-5.837181568145752
-9.924784660339355
-1.229316234588623
-4.397949695587158
-1.224759578704834
-2.838076591491699
-0.543487548828125
-1.7416832447052002
-2.0268619060516357
-5.386713027954102
-1.8538968563079834
-4.160696029663086
-1.8146830797195435
-2.2593913078308105
-4.107924461364746
-2.4561007022857666
-5.057911396026611
-10.421185493469238
-0.10493314266204834
-0.1385316550731659
-5.737300872802734
-4.982119083404541
-1.546734094619751
-0.8057399988174438
-2.474292755126953
-6.779592514038086
-4.918228626251221
-1.0504238605499268
-2.9504780769348145
-4.160696029663086
-1.814682960510254
-1.768207311630249
-4.1383185386657715
-3.855553150177002
-4.01627254486084
-2.397717237472534
-7.751180648803711
-4.368844509124756
-10.158391952514648
-8.271818161010742
-3.744596481323242
-4.534262657165527
-2.456756114959717
-5.869376182556152
-4.0870561599731445
-4.160696029663086
-1.8146830797195435
-0.65387362241745
-2.625706911087036
-5.547497749328613
-10.403918266296387
-9.830008506774902
-6.101637840270996
-9.775975227355957
-1.8146830797195435
-1.2744492292404175
-3.9768760204315186
-2.744382619857788
-7.255029201507568
-0.7257137298583984
-5.379492282867432
-4.324652194976807
-1.9401901960372925
-5.231067657470703
-4.2555084228515625
-3.9881434440612793
-4.160696029663086
-1.8146830797195435
-0.6538735032081604
-1.787621259689331
-3.5312492847442627
-2.1496598720550537
-1.2531373500823975
-0.05556048825383186
-2.625706672668457
-9.291260719299316
-2.6177663803100586
-5.038829803466797
-4.041188716888428
-4.160696029663086
-1.814682960510254
-0.6538735628128052
-5.620526313781738
-6.69915771484375
-0.027461038902401924
-12.437582969665527
-4.379701614379883
-8.505926132202148
-1.5972565412521362
-12.17391586303711
-10.045927047729492
-1.254448652267456
-3.335749626159668
-5.433858871459961
-8.964644432067871
-3.1234607696533203
-4.958587646484375
-0.65387362241745
-4.160696029663086
-1.814682960510254
-0.8886778354644775
-13.018019676208496
-2.7820169925689697
-3.7102808952331543
-4.117631435394287
-4.402354717254639
-10.611692428588867
-1.1933627128601074
-4.160696029663086
-1.814682960510254
-0.6538735628128052
-3.6841132640838623
-3.6317265033721924
-0.9197584986686707
-1.3913179636001587
-1.8872404098510742
-4.160696029663086
-1.8146830797195435
-0.65387362241745
-4.128668785095215
-5.802396297454834
-5.19324254989624
-0.34885096549987793
-1.9433262348175049
-4.160696029663086
-1.8146830797195435
-4.590281963348389
-6.869471073150635
-3.076282024383545
-3.72444486618042
-0.027461154386401176
-2.5024642944335938
-0.2069842368364334
-1.105988621711731
-4.160696029663086
-1.8146830797195435
-0.4989791512489319
-0.65387362241745
-3.1686060428619385
-11.903545379638672
-1.1781318187713623
-6.908697128295898
-0.9862843155860901
-0.8412287831306458
-4.181406497955322
-1.6339037418365479
-0.9288220405578613
-3.7706379890441895
-2.3843674659729004
-2.5029213428497314
-1.784872055053711
-4.086175918579102
-1.8146830797195435
-0.6538735032081604
-6.1288299560546875
-5.557351112365723
-7.421646595001221
-9.924732208251953
-6.194718837738037
-0.027461154386401176
-2.963768243789673
-6.641693115234375
-4.160696029663086
-1.8146830797195435
-1.787621259689331
-2.239865303039551
-6.625424385070801
-3.577831506729126
-4.248382091522217
-2.600761890411377
-4.271139144897461
-3.0171000957489014
-7.427627086639404
-4.130502223968506
-1.8146830797195435
-0.6538735032081604
-1.9570895433425903
-3.301663875579834
-12.738014221191406
-2.851797342300415
-4.160696029663086
-1.814682960510254
-13.888955116271973
-3.8487555980682373
-0.6449459195137024
-2.57983660697937
-5.081601142883301
-3.7201156616210938
-0.8861313462257385
-0.6792197823524475
-0.8410991430282593
-4.437657833099365
-5.181217670440674
-3.7842495441436768
-5.24639892578125
-3.9543750286102295
-1.944819688796997
-2.2510552406311035
-1.37526535987854
-2.1668570041656494
-0.7810503244400024
-5.421220779418945
-2.4703280925750732
-0.027461038902401924
-5.606239318847656
-4.914846897125244
-1.6399530172348022
-3.5551538467407227
-4.08617639541626
-1.8146830797195435
-0.7547768354415894
-2.7453389167785645
-3.806708812713623
-2.9455864429473877
-0.7547767162322998
-2.625706911087036
-0.027461154386401176
-12.983707427978516
-3.448603391647339
-0.7409049868583679
-3.0076191425323486
-1.887093424797058
-3.395711660385132
-3.4600367546081543
-4.608071327209473
-0.3487332761287689
-4.357403755187988
-0.9746597409248352
-1.2835919857025146
-1.3943216800689697
-1.1198915243148804
-1.3943215608596802
-0.4989786744117737
-3.1008172035217285
-0.6233364939689636
-1.8146830797195435
-2.989894390106201
-1.988281011581421
-3.427431106567383
-6.159669876098633
-4.366953372955322
-6.6898603439331055
-1.9170650243759155
-2.8253705501556396
-10.784716606140137
-2.4934370517730713
-2.681969165802002
-1.3224250078201294
-0.8851880431175232
-1.9013139009475708
-1.4097145795822144
-1.794487714767456
-2.3402793407440186
-1.3852661848068237
-0.9924108982086182
-4.160696029663086
-1.814682960510254
-2.9014410972595215
-2.826613426208496
-2.7835636138916016
-1.8205329179763794
-5.343059062957764
-4.452699661254883
-4.65621280670166
-1.1373753547668457
-2.3660004138946533
-4.160696029663086
-1.814683198928833
-0.6538734436035156
-2.912278413772583
-6.38619327545166
-2.859299659729004
-4.7931809425354
-0.027461154386401176
-4.08617639541626
-1.8146830797195435
-1.7932122945785522
-2.4267983436584473
-1.4948855638504028
-2.5470168590545654
-6.582187652587891
-1.2313662767410278
-5.283203125
-4.837966442108154
-3.8616905212402344
-1.6441071033477783
-3.4499409198760986
-6.578661918640137
-3.251347780227661
-1.303425669670105
-4.235971927642822
-5.440979957580566
-2.099637508392334
-2.815169095993042
-0.3831307590007782
-4.160696029663086
-1.8146830797195435
-3.0677108764648438
-0.6538735032081604
-4.331755638122559
-6.815419673919678
-0.6562342047691345
-6.242143154144287
-7.986507415771484
-7.320693492889404
-3.863964796066284
-0.7810415625572205
-4.091301918029785
-1.2665507793426514
-7.887385368347168
-7.086134910583496
-0.9924108982086182
-1.7274110317230225
-3.0998587608337402
-0.9924106597900391
-0.9829168319702148
-4.086175918579102
-1.8146830797195435
-4.698625564575195
-5.713394641876221
-3.1137747764587402
-3.2479443550109863
-3.444061756134033
-1.8095139265060425
-2.0752694606781006
-0.5170866847038269
-4.160696029663086
-1.814683198928833
-4.2515869140625
-2.175422430038452
-1.5113426446914673
-2.625706911087036
-4.514456272125244
-0.27742278575897217
-5.294549465179443
-4.232646465301514
-4.546823024749756
-3.7889232635498047
-4.160696029663086
-1.8146830797195435
-2.5515544414520264
-3.6394639015197754
-1.9378691911697388
-1.8018913269042969
-5.317339897155762
-6.82847785949707
-5.927128791809082
-6.056529998779297
-2.4345226287841797
-1.4794368743896484
-4.4674787521362305
-2.61305570602417
-6.380919456481934
-0.027461154386401176
-5.721161365509033
-7.71951961517334
-0.9179091453552246
-1.0903418064117432
-4.160696029663086
-1.8146830797195435
-2.58172869682312
-3.093813180923462
-4.9102020263671875
-2.1511600017547607
-3.942028522491455
-2.711484432220459
-0.04028748720884323
-2.6105079650878906
-3.9714901447296143
-6.2760443687438965
-7.146794319152832
-7.421454906463623
-4.454254150390625
-0.5663601160049438
-4.160696029663086
-1.814682960510254
-2.6340484619140625
-2.2879326343536377
-4.572043418884277
-6.072875022888184
-3.8238115310668945
-2.596993923187256
-9.882786750793457
-4.020339012145996
-2.592942953109741
-1.5977535247802734
-2.1685571670532227
-2.588408946990967
-6.145747661590576
-0.027449555695056915
-9.543756484985352
-1.97567617893219
-0.23355931043624878
-2.768824815750122
-1.0655426979064941
-7.7238569259643555
-1.7823221683502197
-0.42009446024894714
-0.027461038902401924
-2.739691972732544
-0.6766934394836426
-0.9432564973831177
-2.7935597896575928
-0.5358132123947144
-1.7645313739776611
-0.4014589786529541
-2.5884084701538086
-0.4109085500240326
-2.046410083770752
-1.7992639541625977
-0.03195132315158844
-3.8682684898376465
-3.4871134757995605
-2.8371806144714355
-0.6552747488021851
-2.5251920223236084
-5.50172233581543
-0.9695905447006226
-2.1685571670532227
-4.196778297424316
-6.886500358581543
-0.9273975491523743
-3.5591490268707275
-2.175736427307129
-3.2921953201293945
-2.660964012145996
-3.169482469558716
-0.5328813195228577
-1.6581538915634155
-3.1769003868103027
-0.7410312294960022
-2.660964012145996
-1.467177391052246
-1.4921000003814697
-2.1685571670532227
-4.196778297424316
-8.953107833862305
-1.6484086513519287
-4.647993564605713
-9.864124298095703
-7.961516857147217
-0.9798978567123413
-1.347302794456482
-10.092467308044434
-2.1685571670532227
-4.196778774261475
-0.04063734784722328
-0.47200480103492737
-3.9254226684570312
-0.5856106877326965
-2.625706911087036
-0.6042653322219849
-0.587578535079956
-2.925449848175049
-0.3144012689590454
-8.903217315673828
-2.625706672668457
-0.027461038902401924
-2.1685571670532227
-4.196778297424316
-0.6538735032081604
-4.414318561553955
-1.995162844657898
-1.825242042541504
-1.6621100902557373
-4.461686134338379
-0.8762031197547913
-2.2371678352355957
-4.196778297424316
-1.0711570978164673
-0.3346577286720276
-9.659196853637695
-3.685999631881714
-3.5339322090148926
-6.094688415527344
-6.071258544921875
-2.2585387229919434
-0.7462566494941711
-0.6065666675567627
-3.1712234020233154
-2.1685571670532227
-4.196778297424316
-1.1409512758255005
-4.096740245819092
-0.46085935831069946
-0.027461038902401924
-1.1897039413452148
-4.526721954345703
-2.568814516067505
-1.8408571481704712
-2.5744333267211914
-0.40664491057395935
-1.1662076711654663
-3.3959479331970215
-0.39533475041389465
-4.130791187286377
-3.321751356124878
-1.0971238613128662
-12.22484302520752
-3.2962045669555664
-3.409916400909424
-1.7355939149856567
-7.263674259185791
-1.2326083183288574
-7.336288928985596
-0.40664491057395935
-1.166208028793335
-0.6538734436035156
-6.592007160186768
-1.601198673248291
-0.7431995272636414
-0.3416127562522888
-1.2492899894714355
-0.4651930332183838
-2.660964012145996
-0.395225465297699
-0.5249565839767456
-4.286214828491211
-0.49910929799079895
-2.849851369857788
-3.987787961959839
-0.401458740234375
-1.1662076711654663
-1.3230950832366943
-0.9560539722442627
-5.773495674133301
-4.863365173339844
-0.35871922969818115
-2.8246564865112305
-2.4626541137695312
-0.7300295233726501
-1.6542977094650269
-3.0587053298950195
-2.2002177238464355
-0.6538735032081604
-0.4014589786529541
-1.1662077903747559
-1.3087551593780518
-8.51285171508789
-1.1702736616134644
-0.3334873616695404
-0.45940089225769043
-0.9892698526382446
-1.0683295726776123
-0.9670663475990295
-1.2028491497039795
-6.458433151245117
-0.40145906805992126
-1.166208028793335
-0.6538734436035156
-3.678689479827881
-1.0951718091964722
-0.9174248576164246
-4.077310562133789
-0.3131108582019806
-1.8882293701171875
-0.9410554766654968
-5.600320339202881
-2.2446281909942627
-6.456681728363037
-0.8591048717498779
-1.1195385456085205
-0.4014589786529541
-1.1662077903747559
-0.6538735628128052
-2.3100757598876953
-0.469590961933136
-2.613288640975952
-4.275079727172852
-8.565377235412598
-8.749564170837402
-1.5648484230041504
-0.4030247926712036
-0.4014589786529541
-1.1662076711654663
-1.1378251314163208
-0.6538734436035156
-1.0787980556488037
-8.613035202026367
-4.734421730041504
-1.5445353984832764
-8.798376083374023
-1.3261919021606445
-0.6538735032081604
-1.0787982940673828
-8.613035202026367
-4.734421730041504
-1.5445353984832764
-7.212438583374023
-0.6538735032081604
-0.4014589786529541
-1.1662076711654663
-2.6472673416137695
-2.5263984203338623
-4.504650115966797
-0.9299010038375854
-3.0695292949676514
-5.334508419036865
-0.8357322216033936
-0.9924108982086182
-1.20590341091156
-1.010695457458496
-0.4691345989704132
-0.40145888924598694
-1.1662081480026245
-4.418109893798828
-3.475475549697876
-4.454482078552246
-3.73392915725708
-0.8982187509536743
-5.721627712249756
-4.01084041595459
-3.794375419616699
-0.9614447355270386
-3.3221259117126465
-4.10500431060791
-0.3894346356391907
-0.9952212572097778
-0.4185948669910431
-1.445675015449524
-4.01115083694458
-1.821151852607727
-0.4014589786529541
-1.1662076711654663
-0.8643264770507812
-0.5162595510482788
-5.760548114776611
-2.0904955863952637
-0.06418602168560028
-0.7135196328163147
-2.0649118423461914
-0.041876547038555145
-2.035905361175537
-0.6174558997154236
-0.40664491057395935
-1.1662076711654663
-2.547457218170166
-2.7387571334838867
-1.2005605697631836
-2.8008475303649902
-2.424062490463257
-3.14664626121521
-1.5918233394622803
-0.33824074268341064
-5.0249924659729
-1.2840962409973145
-2.9586234092712402
-0.8099024891853333
-0.3636908531188965
-4.689168930053711
-1.5246012210845947
-4.588873863220215
-1.1662076711654663
-0.1740790754556656
-0.5194766521453857
-2.1318111419677734
-3.3047730922698975
-0.9793422222137451
-1.6691370010375977
-1.9794236421585083
-4.202117443084717
-0.21054969727993011
-0.45805174112319946
-5.324737071990967
-0.40145888924598694
-1.1662081480026245
-0.6538735032081604
-0.650373101234436
-1.9641586542129517
-2.526918411254883
-1.3623143434524536
-2.0832624435424805
-0.027461154386401176
-4.2173848152160645
-1.7777550220489502
-2.5930328369140625
-0.4066450595855713
-1.1662076711654663
-0.43803006410598755
-0.04063723236322403
-1.4970993995666504
-1.423790693283081
-0.8925462961196899
-0.6028127074241638
-2.8233113288879395
-1.7422890663146973
-0.9116654992103577
-1.0982296466827393
-0.8269172310829163
-1.463382601737976
-3.836982488632202
-3.6730334758758545
-1.6167123317718506
-1.233149528503418
-1.7441771030426025
-2.3093819618225098
-2.734647750854492
-0.395239919424057
-1.1662076711654663
-0.6538735032081604
-2.1144661903381348
-4.722417831420898
-0.7601826786994934
-3.223170518875122
-0.027461038902401924
-4.699443817138672
-4.0074052810668945
-0.5229831337928772
-0.1604813188314438
-2.250819444656372
-3.530484199523926
-9.923887252807617
-6.968929290771484
-1.2125601768493652
-2.9564743041992188
-0.7547768354415894
-4.883843421936035
-0.8316563963890076
-1.3340020179748535
-1.5831935405731201
-4.446321487426758
-2.630237579345703
-2.121452569961548
-1.362642765045166
-1.4024804830551147
-0.4066448211669922
-1.1662077903747559
-0.6538735628128052
-1.0380189418792725
-2.817474603652954
-9.713393211364746
-3.48307466506958
-0.4283462166786194
-0.027461154386401176
-2.875762462615967
-0.40145888924598694
-1.1662077903747559
-0.04063723236322403
-0.7213807106018066
-1.5577664375305176
-0.834743857383728
-1.4911525249481201
-2.0946059226989746
-0.8178014159202576
-10.139930725097656
-1.7837648391723633
-1.255548357963562
-1.7584855556488037
-3.15262770652771
-1.4198631048202515
-0.3952396810054779
-1.1662076711654663
-1.3149023056030273
-0.10112454742193222
-0.7363796830177307
-2.499283790588379
-4.780433177947998
-3.419541835784912
-1.2008286714553833
-1.5192592144012451
-8.620426177978516
-3.8002068996429443
-0.4066450595855713
-1.1662076711654663
-1.7287869453430176
-1.5305516719818115
-3.0600452423095703
-7.178564548492432
-1.8762495517730713
-0.19399236142635345
-1.7931751012802124
-0.395239919424057
-1.1662076711654663
-3.456066370010376
-1.0325829982757568
-2.5863239765167236
-2.5916671752929688
-1.5710957050323486
-1.2569671869277954
-5.519436359405518
-3.8208794593811035
-0.4014589786529541
-1.1662076711654663
-0.27970847487449646
-1.0806019306182861
-1.128328561782837
-0.245757594704628
-0.8951749205589294
-1.3293659687042236
-0.27970874309539795
-0.3952396810054779
-1.1662077903747559
-1.448652982711792
-0.2722500264644623
-1.414589285850525
-2.8926374912261963
-1.5086992979049683
-0.4909133315086365
-2.8683254718780518
-0.9590581655502319
-1.8873698711395264
-2.6136815547943115
-0.3613835275173187
-6.354081153869629
-0.8208990097045898
-6.871101379394531
-0.4673258066177368
-1.0338478088378906
-0.4014589786529541
-1.1662076711654663
-0.36476004123687744
-0.934037983417511
-0.39252662658691406
-1.4833756685256958
-3.0509092807769775
-0.027461154386401176
-0.6684821248054504
-0.8939431309700012
-0.46250399947166443
-0.40664491057395935
-1.166208028793335
-0.09883053600788116
-1.1221177577972412
-0.5439503192901611
-0.948482871055603
-5.6756978034973145
-0.7300296425819397
-0.8966630697250366
-0.4014589786529541
-1.1662077903747559
-0.20306620001792908
-1.34367835521698
-0.492931604385376
-7.1244025230407715
-1.1713367700576782
-1.147688388824463
-0.5725415945053101
-1.0383104085922241
-3.109636068344116
-1.3716647624969482
-1.027733564376831
-0.7739142179489136
-2.7456107139587402
-1.308029294013977
-0.40145888924598694
-1.1662077903747559
-0.6538735032081604
-2.1914730072021484
-6.105669975280762
-4.423493385314941
-0.6133916974067688
-1.1243607997894287
-9.316214561462402
-0.8568680882453918
-2.079061985015869
-1.8935788869857788
-5.29014253616333
-0.401458740234375
-1.1662076711654663
-3.320871353149414
-4.269192695617676
-1.20378839969635
-3.555699110031128
-1.9049558639526367
-0.4014589786529541
-1.1662076711654663
-0.04063734784722328
-1.7459207773208618
-6.496067047119141
-3.7916905879974365
-1.5143084526062012
-2.098689556121826
-1.156730055809021
-8.937353134155273
-0.8868652582168579
-3.104085922241211
-0.401458740234375
-1.1662076711654663
-0.6538735032081604
-5.056667804718018
-3.7636494636535645
-3.3711602687835693
-0.9393514394760132
-2.231800079345703
-0.8962316513061523
-0.2670648694038391
-0.401458740234375
-1.1662076711654663
-0.6538735032081604
-5.056548595428467
-2.678805351257324
-3.2500064373016357
-1.685257077217102
-1.0451332330703735
-3.328059196472168
-1.5014771223068237
-3.472241163253784
-0.8908063769340515
-0.4493284225463867
-1.8552076816558838
-4.267304420471191
-0.4066450595855713
-1.2378953695297241
-0.65387362241745
-0.8008316159248352
-5.619633674621582
-1.469691276550293
-4.994029521942139
-5.0479536056518555
-0.7653449177742004
-0.48876047134399414
-0.9507294297218323
-1.3428857326507568
-2.295297384262085
-1.7011871337890625
-0.7547768354415894
-0.40145906805992126
-1.166208028793335
-1.189100980758667
-0.6862162351608276
-0.7302986979484558
-0.25741046667099
-2.646095037460327
-1.59389328956604
-0.6538735032081604
-0.39523985981941223
-1.2378953695297241
-0.7321929335594177
-3.1593620777130127
-10.402138710021973
-0.7466263175010681
-3.062654495239258
-0.3952396810054779
-1.1662077903747559
-0.6538735628128052
-3.2898945808410645
-3.398111343383789
-5.313188076019287
-0.3373739719390869
-1.3117238283157349
-0.9848173260688782
-1.4876019954681396
-0.4014589786529541
-1.1662076711654663
-0.617355465888977
-4.351462364196777
-3.566929578781128
-2.974299907684326
-1.6933971643447876
-7.356632232666016
-6.246212482452393
-0.8975393772125244
-2.7313392162323
-10.160126686096191
-2.4189486503601074
-3.0883944034576416
-2.5929434299468994
-2.7820279598236084
-12.747403144836426
-0.4014589786529541
-1.1662077903747559
-0.6538735032081604
-2.237999200820923
-1.1955540180206299
-0.14242379367351532
-2.486396312713623
-2.1073200702667236
-1.4440197944641113
-0.027461154386401176
-2.741860866546631
-2.3033268451690674
-1.8101801872253418
-1.0243151187896729
-2.732602119445801
-1.3802422285079956
-4.170132160186768
-1.343973994255066
-5.08399772644043
-3.114264726638794
-1.5843045711517334
-4.166766166687012
-2.2461917400360107
-6.887733459472656
-0.7547767162322998
-0.23322072625160217
-4.9009270668029785
-7.159139156341553
-1.34687340259552
-0.8907150626182556
-1.7274107933044434
-2.0295066833496094
-0.38411402702331543
-2.4111580848693848
-11.862709045410156
-8.984148025512695
-1.541995644569397
-0.446927011013031
-0.9099186658859253
-0.41795966029167175
-5.264745235443115
-1.9976403713226318
-6.314908027648926
-0.40145888924598694
-1.1662081480026245
-0.6538735032081604
-0.9801654815673828
-1.85919189453125
-0.9873039722442627
-18.725048065185547
-5.507499694824219
-12.80274486541748
-0.40145906805992126
-1.166208028793335
-0.00509511586278677
-1.2569923400878906
-1.9406943321228027
-4.588408470153809
-3.149305820465088
-0.6814712882041931
-0.21097415685653687
-0.5773216485977173
-2.709099292755127
-0.41195616126060486
-0.1989455670118332
-0.40145888924598694
-1.1662077903747559
-3.798443555831909
-0.027461154386401176
-0.7787126898765564
-2.930739641189575
-0.3464680314064026
-0.04256051778793335
-2.660964012145996
-7.364216327667236
-0.8533909916877747
-1.6889468431472778
-11.037393569946289
-0.16570289433002472
-0.3796183168888092
-0.3952396810054779
-1.1662076711654663
-0.6538735032081604
-3.5331804752349854
-0.7843221426010132
-3.345559597015381
-1.5376532077789307
-0.5056975483894348
-0.5261797308921814
-0.12689970433712006
-2.169139862060547
-11.76335620880127
-5.8784403800964355
-2.5422418117523193
-1.6682219505310059
-1.8386512994766235
-4.719423294067383
-4.8520402908325195
-3.987788438796997
-0.4014589786529541
-1.2378953695297241
-2.64412522315979
-6.8138604164123535
-2.58101224899292
-3.726816177368164
-3.330202341079712
-0.027461154386401176
-0.14167149364948273
-0.4014589786529541
-1.1662076711654663
-0.6538735032081604
-0.14887811243534088
-1.369154453277588
-1.699792504310608
-0.4554150104522705
-3.885406732559204
-1.3444297313690186
-0.7256385087966919
-12.061799049377441
-1.9476277828216553
-0.9160060882568359
-0.9924107193946838
-0.40145906805992126
-1.166208028793335
-0.5535377860069275
-1.1769616603851318
-0.04063723236322403
-2.575242042541504
-0.28019222617149353
-1.0789693593978882
-3.352113962173462
-1.3736436367034912
-1.4384801387786865
-3.154888153076172
-0.6538735628128052
-0.6233364939689636
-1.1662077903747559
-1.8570024967193604
-4.9702348709106445
-0.412741482257843
-0.7057205438613892
-0.5624576807022095
-0.40664491057395935
-1.1662076711654663
-5.984720706939697
-1.069385051727295
-3.2605202198028564
-0.7016091346740723
-1.6613187789916992
-0.35614025592803955
-2.0404937267303467
-1.7746684551239014
-0.027461154386401176
-2.5929431915283203
-3.50052809715271
-5.237296104431152
-1.51029372215271
-1.2683680057525635
-2.0536997318267822
-0.4066448211669922
-1.2378953695297241
-0.6538735032081604
-9.27258014678955
-3.3780150413513184
-4.924134731292725
-6.0911149978637695
-4.428929805755615
-2.06185245513916
-2.149059295654297
-8.248370170593262
-3.093813180923462
-1.0346400737762451
-0.22269579768180847
-10.178940773010254
-2.1685571670532227
-4.196778297424316
-0.09762397408485413
-0.7777028679847717
-6.102180480957031
-2.3023040294647217
-3.1208553314208984
-2.8307056427001953
-0.9042420387268066
-0.027461038902401924
-1.9322195053100586
-0.7142623066902161
-0.03195143863558769
-1.1815063953399658
-0.07704629004001617
-2.245944023132324
-0.3796190321445465
-0.6411149501800537
-3.4852707386016846
-0.4014589786529541
-1.1662076711654663
-0.17741793394088745
-0.02744920924305916
-3.9169225692749023
-0.9097733497619629
-3.0821096897125244
-3.3955698013305664
-3.5098791122436523
-2.531904935836792
-1.3654453754425049
-2.2691292762756348
-2.894277811050415
-0.4014589786529541
-1.1662076711654663
-0.6538735032081604
-0.5359099507331848
-1.3386119604110718
-1.3738614320755005
-1.9420149326324463
-1.7064942121505737
-4.490443229675293
-2.1498682498931885
-0.729792058467865
-0.8887001276016235
-2.841728687286377
-1.5478862524032593
-1.7589977979660034
-5.459822654724121
-0.4014589786529541
-1.1662077903747559
-1.9831727743148804
-5.203400135040283
-1.401120901107788
-1.653580904006958
-1.5197795629501343
-0.48412901163101196
-5.459822654724121
-3.957310914993286
-1.1960712671279907
-0.663578987121582
-1.532670021057129
-1.2889323234558105
-3.3735134601593018
-1.4798986911773682
-1.1036244630813599
-0.7949901223182678
-0.3696439564228058
-1.3943216800689697
-0.4066449701786041
-1.2378952503204346
-0.6538735628128052
-4.698457717895508
-1.8985071182250977
-1.4126994609832764
-0.5566086769104004
-4.521454334259033
-1.110216736793518
-0.4225742518901825
-4.886979103088379
-1.5069878101348877
-0.8408749103546143
-1.9150145053863525
-0.3753862679004669
-10.711589813232422
-0.2720383405685425
-0.797164261341095
-1.9604060649871826
-0.4989791512489319
-2.6718528270721436
-5.829955577850342
-9.64197063446045
-3.977752208709717
-0.08285820484161377
-1.4448225498199463
-7.941909313201904
-3.14449405670166
-13.100318908691406
-2.243183135986328
-0.2940610945224762
-0.43666529655456543
-0.4162950813770294
-1.2278488874435425
-2.1685571670532227
-4.196778297424316
-0.395072340965271
-8.527351379394531
-0.3187641501426697
-5.537378787994385
-0.40182363986968994
-1.8163726329803467
-0.733195424079895
-0.9070359468460083
-1.7582789659500122
-2.5088629722595215
-1.4763914346694946
-3.465860366821289
-0.4014589786529541
-1.2378952503204346
-11.92136001586914
-5.885556697845459
-0.019077390432357788
-1.2080885171890259
-0.46286043524742126
-1.7770392894744873
-1.0811944007873535
-0.4405432641506195
-1.1323715448379517
-0.6859683394432068
-0.4014589786529541
-1.2378953695297241
-0.18450213968753815
-2.625706911087036
-0.3778306841850281
-2.5451149940490723
-0.9078527688980103
-1.5918967723846436
-2.47076416015625
-1.032895565032959
-0.14887811243534088
-0.8603039979934692
-0.3923034369945526
-0.027461154386401176
-2.484602451324463
-6.631546974182129
-11.469842910766602
-1.8331661224365234
-2.1980748176574707
-1.744658350944519
-3.4373018741607666
-0.2589152455329895
-6.506933212280273
-8.253479957580566
-1.3277571201324463
-2.5863237380981445
-9.430510520935059
-3.1931073665618896
-0.8529207706451416
-3.1647047996520996
-3.815349578857422
-0.8899340033531189
-2.788386821746826
-0.4066450595855713
-1.1662077903747559
-0.6538735032081604
-3.403886079788208
-0.2389126867055893
-0.7317681908607483
-2.747729778289795
-1.005640983581543
-0.9468111991882324
-0.7161203026771545
-2.1685571670532227
-4.196778297424316
-0.24141892790794373
-2.188058853149414
-0.9412168860435486
-2.3464975357055664
-0.7319897413253784
-0.46121764183044434
-1.6846237182617188
-0.29462507367134094
-2.3372011184692383
-1.310657024383545
-0.743199348449707
-2.1685571670532227
-2.588408946990967
-2.4411234855651855
-1.192467212677002
-0.65387362241745
-2.625706911087036
-1.4324049949645996
-2.4411234855651855
-1.192467212677002
-2.8602607250213623
-6.122353553771973
-0.7980450987815857
-0.6233364939689636
-1.2378952503204346
-0.7547768354415894
-2.5774598121643066
-3.5379319190979004
-4.473857402801514
-2.6978137493133545
-0.820511519908905
-6.397970676422119
-0.968707263469696
-2.0952847003936768
-0.5893946290016174
-0.6602062582969666
-0.1500907987356186
-2.2547945976257324
-5.7531232833862305
-0.14647457003593445
-0.4014589786529541
-1.2378953695297241
-0.6139164566993713
-2.136120557785034
-2.747744560241699
-1.4386577606201172
-0.7202969789505005
-1.1664605140686035
-0.6660427451133728
-1.7936713695526123
-0.46373456716537476
-6.929661273956299
-2.613276243209839
-0.401458740234375
-1.1662076711654663
-0.42936423420906067
-0.34388139843940735
-2.95607590675354
-5.412872791290283
-0.5607138276100159
-0.027461154386401176
-0.37961846590042114
-0.130088672041893
-0.37961846590042114
-2.0971925258636475
-1.1954066753387451
-1.8183753490447998
-0.027461154386401176
-0.7391615509986877
-2.020399570465088
-5.736940383911133
-0.027461038902401924
-0.40145906805992126
-1.166208028793335
-0.6538734436035156
-3.480483293533325
-4.413726806640625
-2.9738194942474365
-1.3473819494247437
-3.2261734008789062
-1.1199886798858643
-1.2885571718215942
-0.18759490549564362
-0.4066448211669922
-1.1662077903747559
-1.8729629516601562
-0.040637001395225525
-9.71008014678955
-2.3130595684051514
-2.625706911087036
-0.39045488834381104
-5.202366828918457
-2.625706911087036
-2.1820435523986816
-0.6233367323875427
-1.1662076711654663
-0.65387362241745
-0.5632507801055908
-2.357081413269043
-0.02746126987040043
-1.0502293109893799
-0.6950711607933044
-0.22412288188934326
-1.9013139009475708
-1.3213211297988892
-0.5185530185699463
-0.5158341526985168
-1.8882185220718384
-2.355944871902466
-0.4066449701786041
-1.1662077903747559
-0.6538735032081604
-2.121593475341797
-2.599907398223877
-1.4368327856063843
-9.742781639099121
-2.812809944152832
-2.149862766265869
-3.8994381427764893
-4.259706497192383
-3.382938861846924
-1.3062584400177002
-2.1685574054718018
-4.196778297424316
-16.727025985717773
-0.027461154386401176
-0.988854169845581
-0.9790401458740234
-3.793971061706543
-0.823298454284668
-6.697443962097168
-0.8363053798675537
-0.4066449701786041
-1.1662081480026245
-0.4942827820777893
-2.3850317001342773
-0.6318410038948059
-3.5768439769744873
-1.5771229267120361
-1.1934614181518555
-0.9862843155860901
-0.8004656434059143
-0.4014589786529541
-1.1662076711654663
-0.65387362241745
-3.2445855140686035
-0.7832558155059814
-2.416882276535034
-1.4493181705474854
-0.17427267134189606
-4.002779483795166
-3.8565664291381836
-4.946782112121582
-2.660964012145996
-0.8090833425521851
-0.4066449701786041
-1.1662077903747559
-0.6538735032081604
-0.3179735839366913
-3.2579448223114014
-1.7463897466659546
-1.6615192890167236
-2.2923097610473633
-7.518107891082764
-10.63818359375
-0.6179107427597046
-1.1662076711654663
-6.145747184753418
-0.21873071789741516
-0.3650801479816437
-0.8000563383102417
-4.213501930236816
-2.343463182449341
-2.3353099822998047
-2.2410223484039307
-0.5292969346046448
-2.3682351112365723
-2.124413013458252
-2.4134280681610107
-1.7212321758270264
-1.833166241645813
-0.4014589786529541
-1.1662076711654663
-0.04063734784722328
-1.0441008806228638
-3.775132656097412
-0.8661365509033203
-9.970917701721191
-0.3952396810054779
-1.1662077903747559
-3.987788200378418
-0.04063723236322403
-4.016721725463867
-3.339625835418701
-0.5993078351020813
-6.634461879730225
-2.4690771102905273
-2.8118896484375
-2.014890670776367
-2.6391634941101074
-0.395239919424057
-1.1662076711654663
-0.6538735032081604
-5.4766106605529785
-7.09956693649292
-7.760528564453125
-4.909616947174072
-0.18160757422447205
-2.847860813140869
-0.027461154386401176
-2.1685571670532227
-4.196778774261475
-0.597944974899292
-8.063065528869629
-0.9994530081748962
-2.6698060035705566
-0.6538735628128052
-0.027461154386401176
-2.625706911087036
-0.2187306135892868
-1.8177369832992554
-11.506450653076172
-4.169029235839844
-0.8040637969970703
-2.3458378314971924
-1.9278926849365234
-2.6525580883026123
-2.806887626647949
-6.1639814376831055
-3.6100335121154785
-1.9908884763717651
-0.5570247173309326
-3.4765090942382812
-1.7139068841934204
-0.498978853225708
-0.401458740234375
-2.5884087085723877
-0.24692049622535706
-5.577125549316406
-0.3607994616031647
-3.3750128746032715
-4.179187774658203
-0.5158504843711853
-1.5565128326416016
-4.107606887817383
-6.155203342437744
-2.1685574054718018
-4.196778297424316
-7.140858173370361
-3.429922580718994
-4.316675662994385
-1.0873775482177734
-2.003734827041626
-0.8084172010421753
-2.987955093383789
-2.31675124168396
-2.8001198768615723
-1.9248648881912231
-0.6696251630783081
-0.78260338306427
-4.984870910644531
-2.1685574054718018
-4.196778297424316
-5.196223258972168
-7.451519966125488
-1.3437738418579102
-1.256709098815918
-2.8641085624694824
-7.625960826873779
-11.192370414733887
-0.1268998086452484
-3.5165038108825684
-4.912258625030518
-0.9924107193946838
-0.40145906805992126
-1.166208028793335
-5.411079406738281
-2.0149919986724854
-4.09023904800415
-1.8428504467010498
-0.5709129571914673
-0.8469427824020386
-0.40145888924598694
-1.1662077903747559
-3.71622896194458
-3.0474019050598145
-0.04172208532691002
-3.160884380340576
-1.7706105709075928
-0.8076735138893127
-3.490121364593506
-0.07383213192224503
-5.039932727813721
-3.587336778640747
-4.134769916534424
-3.6164097785949707
-6.440826416015625
-6.720719337463379
-4.6129913330078125
-2.3402793407440186
-6.3497314453125
-0.7835528254508972
-4.4554595947265625
-8.417718887329102
-0.4014589786529541
-2.5884084701538086
-0.7180119752883911
-3.0399694442749023
-1.2100856304168701
-3.2752208709716797
-0.909716784954071
-12.04958724975586
-4.490609645843506
-0.4014589786529541
-1.1662077903747559
-0.10112465918064117
-2.491013765335083
-1.8392395973205566
-2.6406409740448
-2.3015549182891846
-2.885791301727295
-1.7534353733062744
-1.2823076248168945
-2.447239398956299
-0.7271520495414734
-1.788383960723877
-5.214510917663574
-0.9924106597900391
-0.40145888924598694
-1.1662077903747559
-0.6538735032081604
-2.8876421451568604
-3.349276304244995
-1.080650806427002
-1.7247679233551025
-3.013068675994873
-0.4014589786529541
-2.5884084701538086
-2.1108884811401367
-9.588114738464355
-8.113882064819336
-4.714617729187012
-2.3720884323120117
-0.7408530712127686
-5.144488334655762
-14.478607177734375
-0.4915170967578888
-3.4905385971069336
-0.6233366131782532
-1.1662076711654663
-1.1546614170074463
-2.014704942703247
-10.373991012573242
-0.02746126987040043
-2.1091630458831787
-5.805424690246582
-0.33206915855407715
-1.5251293182373047
-5.38277530670166
-0.5038072466850281
-5.386117458343506
-2.1685571670532227
-4.196778774261475
-0.7627114057540894
-4.979571342468262
-1.0143017768859863
-5.048768520355225
-0.7489199638366699
-1.127558708190918
-2.35479474067688
-0.4014589786529541
-1.1662077903747559
-0.32409903407096863
-8.030692100524902
-0.18759460747241974
-1.5162955522537231
-3.431913375854492
-1.9013136625289917
-2.519496440887451
-1.6290801763534546
-4.52488899230957
-1.0248868465423584
-0.4014589786529541
-1.1662076711654663
-0.3379904627799988
-3.8607254028320312
-4.192924499511719
-0.7858628630638123
-2.7034647464752197
-1.585589051246643
-0.06337974965572357
-1.1050496101379395
-0.7399903535842896
-0.4014589786529541
-1.1662077903747559
-0.6538735032081604
-3.8649024963378906
-0.7615988254547119
-6.632143497467041
-4.270669937133789
-5.674727916717529
-0.027461154386401176
-3.8972504138946533
-2.660963773727417
-2.2371675968170166
-4.196778774261475
-0.6538735032081604
-1.6338828802108765
-1.1016478538513184
-6.269960403442383
-1.8774964809417725
-0.027461154386401176
-2.1685571670532227
-4.196778774261475
-7.8557562828063965
-0.9803263545036316
-1.9528523683547974
-2.35916805267334
-0.0725150778889656
-0.3634951114654541
-8.30981159210205
-0.9024452567100525
-0.9799464344978333
-1.068429946899414
-0.8433326482772827
-0.4014589786529541
-1.1662076711654663
-0.6538735032081604
-2.5887279510498047
-3.49834942817688
-2.515964984893799
-4.963751792907715
-0.9293276071548462
-0.06934080272912979
-0.2899223566055298
-1.0590293407440186
-1.078446865081787
-0.3952396810054779
-1.166208028793335
-3.987788200378418
-0.4722866415977478
-1.1678824424743652
-2.0993337631225586
-1.1459269523620605
-5.361718654632568
-0.23741067945957184
-0.23643450438976288
-0.4066448211669922
-1.1662077903747559
-0.6538735628128052
-1.646795392036438
-2.586254835128784
-3.086704969406128
-2.1685574054718018
-2.5884084701538086
-0.23882867395877838
-1.6650066375732422
-1.0143234729766846
-3.620375633239746
-7.4852375984191895
-3.269315481185913
-3.154930830001831
-3.027726650238037
-0.4014589786529541
-1.1662077903747559
-0.6538735032081604
-7.79810905456543
-1.4596219062805176
-0.9273974299430847
-2.0058817863464355
-0.2660508155822754
-0.2004135549068451
-1.4237680435180664
-7.027941703796387
-5.348281383514404
-0.027461154386401176
-1.0043189525604248
-0.3146960437297821
-4.70994758605957
-0.1495954543352127
-1.1444544792175293
-3.903266429901123
-1.049851894378662
-1.2047390937805176
-1.085137963294983
-0.4014589786529541
-1.1662077903747559
-0.6538735628128052
-4.613311767578125
-4.765722274780273
-0.27970919013023376
-8.435505867004395
-2.625706672668457
-1.3439074754714966
-0.20537705719470978
-2.2699882984161377
-2.3402795791625977
-1.137521743774414
-0.4066449701786041
-1.1662081480026245
-3.2445857524871826
-1.0927467346191406
-5.125585556030273
-0.6786177158355713
-1.4893317222595215
-0.02746080607175827
-0.9063661694526672
-0.40145888924598694
-1.1662077903747559
-0.6538735032081604
-0.9624850749969482
-1.3441741466522217
-1.0735069513320923
-0.3952396810054779
-1.1662077903747559
-2.8976612091064453
-0.10112454742193222
-3.264763593673706
-1.3914318084716797
-1.1624932289123535
-6.622882843017578
-0.037035271525382996
-0.6425580382347107
-5.084808349609375
-0.05083490535616875
-0.8204933404922485
-1.729974389076233
-1.2466020584106445
-0.02442796714603901
-0.02442796714603901
-0.02442796714603901
-2.411093235015869
-0.02442808449268341
-7.688007354736328
-0.1946595311164856
-1.8289941549301147
-1.6007870435714722
-1.5048075914382935
-6.180715560913086
-0.7059441804885864
-7.500579357147217
-1.3924472332000732
-0.03703515604138374
-1.3269731998443604
-5.928204536437988
-8.974717140197754
-9.441210746765137
-2.0612120628356934
-5.791045665740967
-2.660964012145996
-1.9480444192886353
-2.655916690826416
-0.03703515604138374
-0.7419701218605042
-4.2787275314331055
-2.114133834838867
-0.8104920387268066
-0.1946595311164856
-0.20379753410816193
-1.3690954446792603
-2.387676239013672
-2.2319774627685547
-0.07246673852205276
-1.0047612190246582
-0.2263336479663849
-0.08215085417032242
-0.7741984724998474
-2.266226291656494
-0.5994292497634888
-0.7269434928894043
-1.5082967281341553
-1.1551167964935303
-0.037035271525382996
-7.171281814575195
-3.3289434909820557
-8.937353134155273
-9.626359939575195
-0.7300296425819397
-0.1946595311164856
-0.7300295233726501
-1.5303709506988525
-7.220951557159424
-0.08406461775302887
-4.143672943115234
-1.985666275024414
-1.0235729217529297
-0.19465962052345276
-0.1946595311164856
-10.085074424743652
-2.625706911087036
-1.319828987121582
-7.45576286315918
-4.04850435256958
-3.4654664993286133
-1.7127563953399658
-2.295133352279663
-2.660964012145996
-0.037035271525382996
-0.5240991711616516
-8.937353134155273
-3.8717708587646484
-3.3331947326660156
-2.295133352279663
-10.212749481201172
-5.370030403137207
-4.370912075042725
-2.5895252227783203
-0.5609460473060608
-6.9979681968688965
-5.4377055168151855
-4.141873359680176
-9.233813285827637
-4.125223159790039
-0.14840064942836761
-9.69558334350586
-2.4883737564086914
-9.120108604431152
-6.326305866241455
-6.493079662322998
-12.400635719299316
-2.3601479530334473
-2.3601479530334473
-7.966259002685547
-1.5526537895202637
-1.9908313751220703
-4.510628700256348
-1.7610504627227783
-1.9603153467178345
-2.785423755645752
-6.549033164978027
-5.554646968841553
-4.7342753410339355
-5.248776435852051
-0.03703515604138374
-3.9272167682647705
-4.654849529266357
-4.522917747497559
-10.73763656616211
-7.074621200561523
-9.356344223022461
-0.39327844977378845
-1.6011987924575806
-6.586080074310303
-7.344730377197266
-2.4367663860321045
-0.967030942440033
-0.19465972483158112
-2.660963773727417
-5.874117374420166
-2.625706911087036
-3.000309944152832
-2.3402793407440186
-1.5654196739196777
-0.7521414756774902
-0.008308961987495422
-0.008308607153594494
-5.4209489822387695
-0.10018199682235718
-7.493702411651611
-8.951354026794434
-2.861290454864502
-1.601198673248291
-0.7468897104263306
-0.19502653181552887
-0.7933285236358643
-5.524028778076172
-3.714042901992798
-0.16273488104343414
-0.03703515604138374
-1.4608445167541504
-0.6674100756645203
-0.3825112283229828
-6.519784450531006
-1.3968147039413452
-1.2705519199371338
-11.216782569885254
-4.923464775085449
-8.937353134155273
-2.7420802116394043
-1.3854966163635254
-0.6233489513397217
-0.9447389245033264
-2.7127416133880615
-10.036087989807129
-0.9155678153038025
-4.09962797164917
-2.596273183822632
-2.227069854736328
-1.4172139167785645
-1.3198206424713135
-6.975839138031006
-5.424692153930664
-1.749748706817627
-6.494320392608643
-3.254254102706909
-0.23861336708068848
-0.08406483381986618
-0.04551000893115997
-0.728042483329773
-2.751451015472412
-0.055129628628492355
-0.08406461775302887
-0.045510124415159225
-0.728042483329773
-2.751451015472412
-0.055129628628492355
-0.03703515604138374
-4.4744873046875
-7.743362903594971
-1.3145294189453125
-3.420034646987915
-0.01868843287229538
-9.578904151916504
-4.408492565155029
-1.5648481845855713
-3.0687503814697266
-0.3700193464756012
-2.255450487136841
-4.327540874481201
-0.7782173156738281
-5.130384922027588
-0.16061238944530487
-2.24442195892334
-7.951920032501221
-1.425147533416748
-4.665215969085693
-6.263861656188965
-0.498978853225708
-5.499155521392822
-0.0370354987680912
-1.6535818576812744
-7.722695827484131
-2.437248706817627
-0.8930922150611877
-2.3402793407440186
-2.437248706817627
-1.4024804830551147
-4.199280738830566
-1.8051871061325073
-7.630024433135986
-14.216507911682129
-13.858738899230957
-3.856189489364624
-0.0937851071357727
-1.0047614574432373
-0.11196409165859222
-0.08215063810348511
-0.0937851071357727
-1.0047614574432373
-0.11196409165859222
-0.08215063810348511
-0.5552374124526978
-1.3175913095474243
-1.597988247871399
-0.8504993915557861
-4.291381359100342
-4.146530628204346
-4.530473232269287
-2.3356170654296875
-0.0370354987680912
-0.8240851163864136
-2.230660915374756
-0.008308607153594494
-4.489935874938965
-1.542064905166626
-7.1678361892700195
-2.5949761867523193
-9.309772491455078
-2.437248945236206
-0.5611826777458191
-1.530510425567627
-3.124730110168457
-3.5442185401916504
-1.2368887662887573
-0.03703515604138374
-5.915684700012207
-11.773873329162598
-5.018661022186279
-14.163534164428711
-2.0900535583496094
-2.7062087059020996
-4.423493385314941
-6.513070583343506
-4.353704452514648
-5.629115581512451
-9.133824348449707
-2.9917678833007812
-6.756808757781982
-0.03703515604138374
-0.9709824919700623
-8.261029243469238
-3.425509452819824
-3.5222182273864746
-3.9613068103790283
-2.0549182891845703
-1.0031229257583618
-2.625706672668457
-2.2273011207580566
-0.8919183015823364
-2.1879262924194336
-4.361878871917725
-2.9761557579040527
-1.5648481845855713
-1.775620460510254
-5.9654221534729
-3.339665412902832
-2.832242727279663
-1.5648484230041504
-2.0264759063720703
-4.0831098556518555
-3.9210848808288574
-2.2196621894836426
-1.392961025238037
-0.03703515604138374
-0.4740442633628845
-9.598892211914062
-1.410484790802002
-0.012465540319681168
-0.393405944108963
-2.537475824356079
-0.19465972483158112
-1.0068848133087158
-0.06278130412101746
-1.0047613382339478
-0.08790171146392822
-0.08215118199586868
-0.9956455826759338
-2.3003876209259033
-5.3602986335754395
-1.2749145030975342
-0.7110882997512817
-0.03703515604138374
-1.87270188331604
-2.0286030769348145
-7.444330215454102
-2.8683135509490967
-1.9204821586608887
-1.3513026237487793
-1.3480063676834106
-4.026538372039795
-1.4084625244140625
-1.041109561920166
-0.7677817344665527
-2.231985330581665
-1.2749146223068237
-2.660964012145996
-0.9759505391120911
-2.660964012145996
-7.444329738616943
-1.2138803005218506
-3.029879570007324
-2.660963773727417
-2.6333489418029785
-0.3490056097507477
-0.19465962052345276
-1.1533243656158447
-1.3560502529144287
-3.5286059379577637
-2.9917681217193604
-2.6221723556518555
-2.5396456718444824
-0.00830872543156147
-10.547008514404297
-0.03703515604138374
-0.04211898893117905
-3.7020721435546875
-2.3402793407440186
-2.716846466064453
-2.2816219329833984
-3.318535804748535
-2.5803639888763428
-2.3725690841674805
-1.6921051740646362
-1.1085963249206543
-1.479630470275879
-1.0811007022857666
-0.16198787093162537
-1.0047612190246582
-5.55686092376709
-0.08215118199586868
-0.3318215310573578
-3.8010332584381104
-2.861290216445923
-0.6570745706558228
-0.0370354987680912
-3.6273436546325684
-5.530892848968506
-5.530892848968506
-3.85379695892334
-0.6570743918418884
-0.037035271525382996
-0.04755900800228119
-4.685421943664551
-9.55930233001709
-7.679872989654541
-13.17642593383789
-3.105436325073242
-1.8553682565689087
-2.258635997772217
-5.227248668670654
-2.467740774154663
-0.7783825397491455
-2.218127727508545
-0.5875915288925171
-2.26210880279541
-1.1912481784820557
-4.903327465057373
-1.5029685497283936
-2.625706911087036
-1.9867534637451172
-1.501426100730896
-0.1946595311164856
-8.937353134155273
-2.3402793407440186
-2.3402795791625977
-0.9191191792488098
-4.54848051071167
-6.198514938354492
-0.3613618314266205
-0.037035271525382996
-4.127044677734375
-2.351363182067871
-1.6302224397659302
-1.3081488609313965
-1.5648481845855713
-0.19465962052345276
-1.073218822479248
-1.1825957298278809
-1.5458232164382935
-6.359142303466797
-2.7953524589538574
-1.4024804830551147
-4.039072036743164
-2.0286030769348145
-4.2067999839782715
-3.780794382095337
-3.658538818359375
-0.42919865250587463
-0.2722500264644623
-0.03703515604138374
-4.530422210693359
-0.9666621685028076
-1.981985092163086
-0.48036545515060425
-6.924548149108887
-5.114355087280273
-2.638287305831909
-1.56484854221344
-0.15010474622249603
-2.0950233936309814
-3.7297706604003906
-5.366410255432129
-4.235886096954346
-3.5367472171783447
-0.7009560465812683
-8.968648910522461
-4.809081554412842
-9.199196815490723
-2.5929434299468994
-0.6759851574897766
-6.050653457641602
-0.037035271525382996
-3.259277820587158
-3.936413526535034
-4.158333778381348
-0.19465962052345276
-0.6303172707557678
-5.538804531097412
-3.182373046875
-2.068230628967285
-2.5964696407318115
-1.2719991207122803
-0.6281232833862305
-0.04092414677143097
-1.0047613382339478
-0.22633355855941772
-0.08215085417032242
-4.142014026641846
-4.617900371551514
-1.0047612190246582
-0.2263336479663849
-0.08215085417032242
-0.27574440836906433
-3.8184800148010254
-5.865102767944336
-6.44234561920166
-5.415236473083496
-3.535343885421753
-4.939681053161621
-2.1343092918395996
-3.6799840927124023
-1.4251474142074585
-3.4841175079345703
-2.9675240516662598
-0.15946221351623535
-3.535658121109009
-0.037035271525382996
-5.706751346588135
-4.597277641296387
-1.1894125938415527
-2.0286030769348145
-1.9542207717895508
-6.148285865783691
-0.5380305051803589
-0.6957998871803284
-0.29114222526550293
-3.598654270172119
-2.0286030769348145
-2.454453468322754
-2.0286030769348145
-1.997040033340454
-0.03703515604138374
-2.5541045665740967
-2.660964012145996
-2.5541040897369385
-3.0394887924194336
-2.0635321140289307
-1.4440685510635376
-1.2699463367462158
-2.6887662410736084
-1.8331661224365234
-9.839927673339844
-2.150531053543091
-3.3403005599975586
-0.037035271525382996
-13.676959991455078
-2.625706911087036
-3.108858346939087
-1.5730074644088745
-0.718036413192749
-2.4082388877868652
-4.858713626861572
-3.687272310256958
-1.6853182315826416
-1.8401899337768555
-2.573258876800537
-2.886643171310425
-2.766601800918579
-1.6135382652282715
-1.2073355913162231
-0.4681948721408844
-2.8776731491088867
-4.876070976257324
-4.387929439544678
-2.660964012145996
-2.7715890407562256
-0.2580820620059967
-0.8617285490036011
-2.798959493637085
-2.496860980987549
-4.898563385009766
-0.5033840537071228
-5.397720813751221
-12.583667755126953
-0.7653119564056396
-0.8157884478569031
-2.022597074508667
-0.037035271525382996
-1.173790693283081
-2.6670491695404053
-4.267777919769287
-0.11648976057767868
-1.4978563785552979
-3.469600200653076
-2.7956488132476807
-1.4024806022644043
-2.756272315979004
-2.9917678833007812
-1.9572726488113403
-1.2661417722702026
-0.03703515604138374
-0.00830872543156147
-1.6011987924575806
-2.0286030769348145
-0.19465933740139008
-2.0455169677734375
-0.09216170012950897
-7.114136219024658
-5.283087253570557
-0.40791964530944824
-0.8902767896652222
-1.7175347805023193
-3.735769033432007
-0.6538001298904419
-0.7668712139129639
-1.7851653099060059
-5.008274078369141
-1.5648481845855713
-0.7668712139129639
-0.8906415104866028
-0.5624595880508423
-3.25512957572937
-3.1015710830688477
-0.498978853225708
-3.1425867080688477
-3.433561086654663
-0.03703515604138374
-0.5031421184539795
-0.06278141587972641
-1.0047613382339478
-5.283086776733398
-0.4079194664955139
-2.1091232299804688
-2.297028064727783
-1.0969332456588745
-0.5956750512123108
-0.9907793998718262
-1.1199125051498413
-1.6207011938095093
-0.46016767621040344
-5.1224541664123535
-9.829602241516113
-10.798487663269043
-1.254448652267456
-1.0969332456588745
-5.091584205627441
-0.33473989367485046
-0.03703515604138374
-7.461902618408203
-2.744382858276367
-3.3281030654907227
-1.0721821784973145
-1.3088841438293457
-2.660964012145996
-2.8957719802856445
-6.048058986663818
-0.6402490735054016
-1.4301409721374512
-3.549535036087036
-1.9416241645812988
-1.9802992343902588
-1.5648481845855713
-2.660964012145996
-1.5443285703659058
-5.885101318359375
-7.652169227600098
-2.5929431915283203
-2.850654125213623
-12.95003890991211
-9.353605270385742
-0.8711362481117249
-1.1734099388122559
-7.60923957824707
-1.4024806022644043
-6.178290843963623
-2.4283156394958496
-0.459516704082489
-3.0835225582122803
-2.0678153038024902
-0.8762925863265991
-3.2497029304504395
-5.0631022453308105
-1.8331148624420166
-1.794053077697754
-3.03237247467041
-0.8679289817810059
-6.913800239562988
-3.1399731636047363
-1.6381932497024536
-0.03703515604138374
-7.338240146636963
-6.59220552444458
-2.8102025985717773
-2.3659543991088867
-3.1006228923797607
-2.048906087875366
-4.776508808135986
-3.7558982372283936
-1.2015024423599243
-2.3149771690368652
-1.3886092901229858
-1.4952902793884277
-7.444330215454102
-1.6964843273162842
-7.444330215454102
-0.20379753410816193
-3.2180910110473633
-1.3312115669250488
-0.48542433977127075
-4.907779693603516
-1.5962255001068115
-3.017000198364258
-2.9788002967834473
-1.0090723037719727
-2.783141613006592
-1.0566515922546387
-1.972005009651184
-4.07279109954834
-1.139908790588379
-0.29448068141937256
-4.125223159790039
-5.498760223388672
-1.6793842315673828
-10.401241302490234
-1.8007341623306274
-1.0256344079971313
-0.18759499490261078
-2.0155587196350098
-0.556359052658081
-7.433161735534668
-0.7233904004096985
-0.037035271525382996
-0.9374411106109619
-8.29773235321045
-3.1989474296569824
-3.1601450443267822
-2.660964012145996
-2.0061516761779785
-2.2037718296051025
-6.706428050994873
-4.734706401824951
-4.407167434692383
-7.423089027404785
-2.2261478900909424
-5.47637939453125
-0.0370354987680912
-5.682589054107666
-2.625706672668457
-0.1946595311164856
-2.4442684650421143
-0.9783572554588318
-3.5806005001068115
-0.9632582068443298
-0.7913447618484497
-7.459864616394043
-3.7959842681884766
-2.302609443664551
-0.9340810179710388
-2.541062831878662
-0.037035271525382996
-4.6018524169921875
-5.963379383087158
-0.040287602692842484
-0.031951554119586945
-4.015777587890625
-0.3560126721858978
-1.1701610088348389
-1.7495150566101074
-3.004770517349243
-7.294293403625488
-1.2846593856811523
-2.875826120376587
-1.0535844564437866
-3.5085973739624023
-0.34970179200172424
-0.008308607153594494
-1.9193035364151
-2.645507574081421
-3.0580406188964844
-2.7797374725341797
-7.048618793487549
-0.4109083116054535
-6.043131351470947
-1.526326060295105
-0.9830615520477295
-1.4024806022644043
-0.20241932570934296
-4.587281703948975
-4.1465301513671875
-5.282721996307373
-2.1087801456451416
-8.51773452758789
-4.247631072998047
-0.008308370597660542
-0.0370354987680912
-12.808070182800293
-0.23959295451641083
-3.5327131748199463
-0.9965389370918274
-0.9313276410102844
-3.5695650577545166
-0.07863170653581619
-5.803536415100098
-4.4083943367004395
-8.27696704864502
-6.900608539581299
-1.5374168157577515
-9.84672737121582
-3.5503387451171875
-3.368039608001709
-3.391268253326416
-6.010979652404785
-0.03291898965835571
-3.36803936958313
-6.741037368774414
-0.7483468651771545
-8.131555557250977
-13.222525596618652
-0.5121204853057861
-2.669497489929199
-10.554183959960938
-3.815722703933716
-6.210350513458252
-0.03195143863558769
-4.649582862854004
-7.230307579040527
-4.023578643798828
-0.23061630129814148
-5.354405403137207
-1.760864019393921
-1.5648484230041504
-4.807249546051025
-3.1786651611328125
-2.0286030769348145
-0.03195143863558769
-2.5684149265289307
-3.61297345161438
-5.712384223937988
-0.41737720370292664
-0.0370354987680912
-7.260719299316406
-3.502082586288452
-0.9981045722961426
-0.1946595311164856
-0.7300295233726501
-0.03703515604138374
-1.5486727952957153
-0.6166914701461792
-1.858992576599121
-3.901074171066284
-4.693952560424805
-1.2846593856811523
-0.9385726451873779
-0.7776545882225037
-2.145813226699829
-2.110743284225464
-4.815053939819336
-1.2573481798171997
-1.0372258424758911
-0.9446912407875061
-3.4908106327056885
-0.10453377664089203
-0.5724194645881653
-0.03703515604138374
-0.41845932602882385
-0.19642849266529083
-3.446063995361328
-1.0438209772109985
-4.313469886779785
-2.973794460296631
-2.3402793407440186
-2.6183810234069824
-3.2424604892730713
-2.224484443664551
-1.6011987924575806
-1.417661190032959
-0.8642671704292297
-2.4003121852874756
-6.271068572998047
-4.297936916351318
-3.088841438293457
-2.3402793407440186
-1.6112024784088135
-1.6112024784088135
-1.860222578048706
-1.6112024784088135
-5.603712558746338
-0.5358132123947144
-3.7440853118896484
-0.7300296425819397
-4.483391761779785
-2.941437244415283
-4.048778057098389
-0.03703515604138374
-8.346990585327148
-5.628724575042725
-0.6670536994934082
-4.013391971588135
-1.6419497728347778
-5.440906524658203
-6.125962257385254
-1.6621310710906982
-5.829558372497559
-7.1403326988220215
-2.17844820022583
-3.952267646789551
-0.7780244946479797
-2.7585253715515137
-4.060679912567139
-0.5409459471702576
-1.6424589157104492
-1.0723621845245361
-5.201606750488281
-0.0370354987680912
-6.778770923614502
-1.2471532821655273
-7.911766529083252
-2.740248203277588
-0.9666622877120972
-0.6818464994430542
-0.2630006968975067
-1.0047614574432373
-5.283087253570557
-0.08215063810348511
-0.7153751850128174
-1.4573906660079956
-5.084510803222656
-2.127505302429199
-1.0047612190246582
-6.984029293060303
-0.08215085417032242
-2.9821252822875977
-1.4573906660079956
-1.4759283065795898
-0.06683146953582764
-1.0047614574432373
-6.984029293060303
-0.08215063810348511
-2.4098057746887207
-1.5648484230041504
-8.490081787109375
-5.140303134918213
-1.5407953262329102
-8.817201614379883
-1.540795087814331
-8.154966354370117
-7.7330241203308105
-2.6971397399902344
-0.037035271525382996
-0.008308607153594494
-8.741436004638672
-1.5648484230041504
-2.672790050506592
-5.557665824890137
-1.7508890628814697
-3.5067009925842285
-4.0784592628479
-1.8153049945831299
-6.1467814445495605
-7.08479118347168
-5.737596035003662
-3.0076189041137695
-0.17542876303195953
-3.368647575378418
-3.2372355461120605
-2.918851375579834
-0.03703515604138374
-0.5710891485214233
-4.1847243309021
-3.2308526039123535
-1.2118902206420898
-3.720947742462158
-1.0047614574432373
-0.22633355855941772
-0.08215063810348511
-2.414517879486084
-4.639987945556641
-0.06278130412101746
-1.0047612190246582
-6.984029293060303
-0.08215085417032242
-3.2250328063964844
-6.927002906799316
-0.4037572145462036
-1.6769616603851318
-1.5826531648635864
-3.9930496215820312
-5.1309380531311035
-2.6493992805480957
-0.3386615514755249
-4.191348075866699
-4.141873359680176
-11.04676342010498
-3.0076186656951904
-1.3744627237319946
-0.037035271525382996
-3.8468832969665527
-1.5648481845855713
-0.2578445374965668
-0.41342827677726746
-1.7916550636291504
-0.5358132719993591
-0.0319516696035862
-7.49540901184082
-3.4807944297790527
-6.0579752922058105
-5.96157169342041
-0.03703515604138374
-1.0047614574432373
-0.08790171146392822
-0.08215063810348511
-1.4489548206329346
-0.05702177807688713
-1.0047613382339478
-5.283086776733398
-0.4079194664955139
-5.733359336853027
-6.596972942352295
-2.625706911087036
-0.9089764356613159
-2.6257071495056152
-2.6709694862365723
-3.0824310779571533
-5.91704797744751
-1.1905922889709473
-0.03703515604138374
-1.5223771333694458
-1.688784122467041
-2.268131971359253
-0.19465972483158112
-2.910907506942749
-0.5859042406082153
-1.3908758163452148
-10.54842758178711
-5.769435405731201
-0.8125845193862915
-4.454370975494385
-2.660964012145996
-2.8586552143096924
-2.660964012145996
-1.56484854221344
-3.5360898971557617
-1.5648486614227295
-0.8868954181671143
-1.5648481845855713
-2.0286030769348145
-6.369991779327393
-3.094585657119751
-1.9670641422271729
-3.032231569290161
-5.5009660720825195
-2.5698068141937256
-9.541136741638184
-0.008308370597660542
-2.695096254348755
-1.6613967418670654
-0.9917855858802795
-2.2265472412109375
-0.09205146133899689
-0.2722500264644623
-2.970702648162842
-0.31741654872894287
-8.33234977722168
-7.287543773651123
-8.916001319885254
-4.731930732727051
-3.389617919921875
-0.1627349853515625
-0.040287602692842484
-0.06314374506473541
-2.625706672668457
-0.04028748720884323
-1.3835175037384033
-2.931880474090576
-1.6544867753982544
-0.04028748720884323
-0.16273488104343414
-4.153570652008057
-0.7052897214889526
-5.956915378570557
-0.9385728240013123
-2.0104174613952637
-2.022153377532959
-2.6433916091918945
-2.737506866455078
-4.263640403747559
-0.2515515685081482
-2.5642242431640625
-0.01585613377392292
-1.0251108407974243
-4.146530628204346
-1.5131051540374756
-3.4008660316467285
-1.263494849205017
-3.3393728733062744
-1.7962515354156494
-3.0320534706115723
-2.215419292449951
-0.037035271525382996
-0.037035271525382996
-2.8212335109710693
-4.900431156158447
-4.093072891235352
-1.5848870277404785
-4.441253185272217
-4.622891902923584
-0.008308607153594494
-0.014059661887586117
-0.3452548682689667
-0.45337700843811035
-3.3466615676879883
-2.9288995265960693
-0.03703515604138374
-2.2411282062530518
-5.355555534362793
-0.2722500264644623
-0.008308607153594494
-1.8582135438919067
-0.008308607153594494
-0.890171229839325
-1.5413026809692383
-0.008308607153594494
-0.19465962052345276
-0.08406450599431992
-0.3452548682689667
-1.347862720489502
-2.0576915740966797
-1.3012378215789795
-0.1697080135345459
-0.9781671762466431
-0.3818107545375824
-5.040154457092285
-7.374004364013672
-4.800098419189453
-4.428657054901123
-1.1932454109191895
-7.871846675872803
-0.0526886023581028
-1.0047613382339478
-0.22633355855941772
-0.08215118199586868
-1.2128554582595825
-0.7564529776573181
-6.015578746795654
-0.19465933740139008
-3.618415355682373
-0.9595576524734497
-2.4081225395202637
-1.4291324615478516
-3.462256669998169
-2.2586357593536377
-0.19465962052345276
-2.467740297317505
-0.19465914368629456
-1.7909038066864014
-4.403451919555664
-3.696319580078125
-0.851594090461731
-2.9364006519317627
-3.113050937652588
-0.21580861508846283
-2.625706672668457
-7.902435302734375
-0.04152872413396835
-0.4109085500240326
-0.7033858299255371
-3.4093053340911865
-4.9009270668029785
-3.2901530265808105
-3.919106960296631
-0.8226617574691772
-4.448610305786133
-3.704317808151245
-2.65028715133667
-5.068397521972656
-7.646444797515869
-3.729884624481201
-11.134509086608887
-0.456203818321228
-1.2961775064468384
-1.6144758462905884
-0.7706613540649414
-9.870335578918457
-0.008308607153594494
-0.19465962052345276
-0.08406450599431992
-4.991549015045166
-1.3271639347076416
-1.8060463666915894
-2.7244136333465576
-4.033797740936279
-9.924732208251953
-6.972921848297119
-0.008308370597660542
-10.875382423400879
-0.17238658666610718
-1.8953794240951538
-1.0577319860458374
-2.9321296215057373
-0.010848118923604488
-5.672865390777588
-0.1610262095928192
-4.768753528594971
-2.8989973068237305
-0.039464451372623444
-4.039671421051025
-0.9648153185844421
-0.040287602692842484
-1.4334768056869507
-1.8505252599716187
-0.7418347597122192
-1.824899435043335
-5.967991352081299
-5.781142234802246
-1.4334766864776611
-5.4500932693481445
-1.749144196510315
-1.8505253791809082
-0.7418348789215088
-1.8248993158340454
-1.3701131343841553
-4.599874973297119
-2.315455436706543
-0.2722500264644623
-5.347639083862305
-2.0295069217681885
-1.7274107933044434
-1.7758656740188599
-4.320216655731201
-3.460805892944336
-8.983614921569824
-9.036861419677734
-5.788900852203369
-1.3309061527252197
-4.6160502433776855
-7.936525344848633
-2.0665550231933594
-0.681113600730896
-5.73434591293335
-1.4500513076782227
-7.1184587478637695
-3.1868948936462402
-4.632343292236328
-3.408261775970459
-1.6144757270812988
-2.402305841445923
-1.126223087310791
-4.489151477813721
-1.6011987924575806
-3.0512804985046387
-1.0445435047149658
-4.225808143615723
-1.2098623514175415
-1.8270459175109863
-2.174299478530884
-14.011256217956543
-3.932705879211426
-2.741823196411133
-2.7372889518737793
-0.032919105142354965
-1.5858101844787598
-3.7446632385253906
-3.3434722423553467
-4.492177963256836
-1.0328235626220703
-1.7789286375045776
-6.315604209899902
-0.751520037651062
-3.4880008697509766
-2.0606956481933594
-1.6329424381256104
-2.910120725631714
-1.1198915243148804
-0.42221370339393616
-8.956027030944824
-0.7931660413742065
-3.6870129108428955
-2.020263195037842
-1.2086073160171509
-6.6474409103393555
-3.4880008697509766
-1.6011985540390015
-1.6329425573349
-3.6870124340057373
-1.4325380325317383
-11.982586860656738
-1.6096341609954834
-2.3402793407440186
-2.625706911087036
-2.441410779953003
-4.127872467041016
-1.0584752559661865
-4.146530628204346
-4.862842559814453
-1.5959351062774658
-4.93424654006958
-2.929945230484009
-2.327744245529175
-2.0286030769348145
-3.1930313110351562
-1.5407953262329102
-6.2299065589904785
-3.783226490020752
-5.950357913970947
-2.0614898204803467
-6.364854335784912
-0.008308607153594494
-1.773500680923462
-2.2691826820373535
-1.6144758462905884
-3.089494466781616
-4.55084753036499
-1.978757619857788
-1.8683288097381592
-4.657369136810303
-12.591124534606934
-0.3790697753429413
-4.4234466552734375
-0.03703515604138374
-1.9853980541229248
-1.905561089515686
-0.1946595311164856
-9.15607738494873
-2.22766375541687
-0.037035271525382996
-2.5104031562805176
-2.0295066833496094
-1.4469412565231323
-1.0256686210632324
-2.2977452278137207
-1.5006805658340454
-0.249040424823761
-7.114136219024658
-5.55686092376709
-0.08215085417032242
-2.3402793407440186
-0.8048257827758789
-2.3402793407440186
-6.057043552398682
-1.4898357391357422
-0.9758304953575134
-1.376854419708252
-3.0150861740112305
-4.718366622924805
-2.859074354171753
-1.0445435047149658
-9.35615062713623
-2.2803564071655273
-7.137203216552734
-1.8364211320877075
-3.577890157699585
-0.21580880880355835
-1.5648484230041504
-6.8803019523620605
-3.4878315925598145
-1.5648484230041504
-4.891166687011719
-0.5266883969306946
-2.3701283931732178
-1.6144758462905884
-1.9619954824447632
-3.082839012145996
-0.7517201900482178
-0.8184012770652771
-6.494883060455322
-1.8217586278915405
-1.5771336555480957
-2.4648642539978027
-2.437248945236206
-4.653281211853027
-3.7851431369781494
-1.2835466861724854
-0.4748292565345764
-1.7629060745239258
-3.4563188552856445
-4.573792457580566
-0.1681717485189438
-1.3951517343521118
-0.4731157422065735
-0.03703515604138374
-6.299956798553467
-1.2944890260696411
-8.446928024291992
-0.17631492018699646
-0.38691675662994385
-4.232498645782471
-3.678157091140747
-2.0727286338806152
-1.304255723953247
-2.475656747817993
-4.146530628204346
-3.161628246307373
-1.4443163871765137
-3.1832211017608643
-0.008308607153594494
-4.9009270668029785
-0.2743525803089142
-1.677639365196228
-8.978501319885254
-8.888711929321289
-2.6567656993865967
-8.816720008850098
-2.8374950885772705
-2.35686993598938
-1.3847395181655884
-1.6591824293136597
-0.7383123636245728
-1.3865430355072021
-1.4024806022644043
-0.3583605885505676
-0.3689940869808197
-0.6197001338005066
-2.3567864894866943
-0.7032515406608582
-0.2664262354373932
-1.711559772491455
-3.203747510910034
-1.6690634489059448
-6.3991546630859375
-4.912805080413818
-1.6927374601364136
-2.157805919647217
-16.437889099121094
-7.236988544464111
-0.6408319473266602
-3.730210542678833
-4.283346176147461
-3.751988410949707
-0.038733288645744324
-0.9022072553634644
-0.14887841045856476
-3.7911887168884277
-3.830547571182251
-3.6223418712615967
-0.14887851476669312
-3.791188955307007
-3.83054780960083
-3.6223418712615967
-4.020339012145996
-2.437248706817627
-0.27999168634414673
-3.7884044647216797
-0.2722500264644623
-6.334356784820557
-1.978757619857788
-5.453529357910156
-2.320817470550537
-4.481714248657227
-2.706782817840576
-3.2030067443847656
-1.2888269424438477
-0.48165446519851685
-0.16420070827007294
-0.0937851071357727
-1.0047613382339478
-0.11196397989988327
-0.4079194664955139
-0.47514501214027405
-2.847808361053467
-2.17279052734375
-2.0488321781158447
-4.568241596221924
-7.34106969833374
-1.0812550783157349
-3.907744884490967
-11.071264266967773
-8.452600479125977
-2.717416524887085
-0.03703515604138374
-0.008308370597660542
-8.248369216918945
-0.206079363822937
-2.9781970977783203
-3.5377564430236816
-7.7342448234558105
-8.072957038879395
-0.037035271525382996
-3.640303134918213
-7.301111221313477
-1.0047613382339478
-0.11196419596672058
-0.4079195559024811
-6.999321937561035
-1.1546128988265991
-8.974455833435059
-0.08023540675640106
-2.660963773727417
-4.32578706741333
-1.1940460205078125
-4.5702009201049805
-5.0801005363464355
-4.251992702484131
-0.6490076184272766
-0.38448694348335266
-5.174686431884766
-3.1605148315429688
-0.5703451037406921
-8.4907865524292
-4.4133148193359375
-5.301382541656494
-3.5948143005371094
-0.3103604316711426
-1.0445435047149658
-0.9582464098930359
-2.3150644302368164
-4.590517997741699
-7.249351978302002
-6.035682201385498
-5.256444931030273
-1.7757821083068848
-0.03703515604138374
-2.327049732208252
-2.0053086280822754
-3.1444690227508545
-1.866477131843567
-3.3159265518188477
-6.273255825042725
-1.5242952108383179
-2.4444947242736816
-1.8035789728164673
-2.991767644882202
-3.2331738471984863
-3.1832211017608643
-0.008308607153594494
-1.898009181022644
-1.2278804779052734
-2.1885385513305664
-3.5573384761810303
-0.15946221351623535
-0.008308607153594494
-1.4942541122436523
-2.381929874420166
-3.0295562744140625
-1.9156891107559204
-2.163639545440674
-2.6876168251037598
-0.03703515604138374
-2.116346597671509
-4.179139137268066
-19.24941062927246
-2.168900489807129
-1.2119401693344116
-0.7465575933456421
-0.9732416272163391
-0.1946595311164856
-1.4887521266937256
-1.2717669010162354
-6.19606876373291
-0.5947491526603699
-3.903956890106201
-0.9199357032775879
-3.998568296432495
-2.625706672668457
-4.967066764831543
-8.849868774414062
-4.9745988845825195
-7.08211088180542
-2.4337103366851807
-0.41305071115493774
-9.540506362915039
-5.027576446533203
-0.04834258556365967
-1.576877236366272
-1.1488404273986816
-3.6172242164611816
-0.303470253944397
-0.03703515604138374
-4.356630325317383
-3.6108736991882324
-11.932271957397461
-0.00830872543156147
-0.8802607655525208
-2.625706911087036
-3.937790870666504
-2.3402793407440186
-1.130882740020752
-4.732865333557129
-0.4989786744117737
-3.9687163829803467
-2.7156982421875
-0.03703515604138374
-5.55960750579834
-4.141873359680176
-1.5648484230041504
-4.050844192504883
-7.686672210693359
-6.718476295471191
-1.6182034015655518
-4.141873359680176
-6.530084133148193
-5.705536842346191
-11.04676342010498
-1.2335808277130127
-0.037035271525382996
-0.26774075627326965
-3.5327131748199463
-0.40814927220344543
-0.8045531511306763
-12.12391185760498
-1.8879567384719849
-4.120594501495361
-3.9523301124572754
-1.728253722190857
-0.19465972483158112
-7.1494855880737305
-0.5401719212532043
-2.739466905593872
-0.04028748720884323
-0.6456339359283447
-1.7959067821502686
-1.4945828914642334
-3.711313247680664
-2.5784096717834473
-2.5182340145111084
-0.037035271525382996
-1.0495972633361816
-2.769153594970703
-0.5196385979652405
-9.009846687316895
-1.0047614574432373
-0.08790171146392822
-0.08215063810348511
-8.248370170593262
-6.588812351226807
-4.211827278137207
-0.04028748720884323
-1.9788378477096558
-6.0773162841796875
-1.9955027103424072
-1.0190014839172363
-0.1875946968793869
-5.12128210067749
-0.4623183608055115
-1.601198434829712
-1.6011987924575806
-0.0370354987680912
-0.21991512179374695
-2.3402793407440186
-2.257199287414551
-13.642134666442871
-8.872649192810059
-1.167670488357544
-0.49941056966781616
-5.005130767822266
-0.12753570079803467
-2.578310251235962
-0.037035271525382996
-0.4795566201210022
-1.2311081886291504
-2.660964012145996
-1.8821163177490234
-5.097668647766113
-4.829770088195801
-0.6639174818992615
-2.8832895755767822
-7.251276969909668
-4.176172256469727
-0.8117460012435913
-3.9700233936309814
-1.517911434173584
-0.650763988494873
-0.07246707379817963
-1.0047613382339478
-6.984029293060303
-0.08215085417032242
-1.0859869718551636
-8.937353134155273
-6.880630970001221
-3.7839412689208984
-0.1121688112616539
-0.7388946413993835
-3.15468692779541
-3.5905189514160156
-0.03703515604138374
-2.7863006591796875
-5.984720706939697
-0.943450927734375
-1.3154244422912598
-4.325328350067139
-2.5863237380981445
-0.1946595311164856
-0.19465933740139008
-1.018254041671753
-3.9775021076202393
-5.2532572746276855
-2.1978919506073
-3.1533448696136475
-3.9775023460388184
-3.5360898971557617
-1.8947856426239014
-4.667752265930176
-2.660964012145996
-2.660964012145996
-2.312016487121582
-0.9204813241958618
-4.141873359680176
-4.0482635498046875
-0.08234651386737823
-2.01764178276062
-6.0370612144470215
-0.03703515604138374
-0.7586863040924072
-6.340478897094727
-2.3402791023254395
-8.41006088256836
-1.5631911754608154
-3.2866508960723877
-5.217451572418213
-0.9242051243782043
-5.684370517730713
-0.6451141238212585
-12.7471923828125
-4.530556678771973
-0.3452550172805786
-0.037098679691553116
-5.887906551361084
-4.53335428237915
-2.877645969390869
-2.595400333404541
-0.9385726451873779
-2.3402793407440186
-3.212897300720215
-0.03703515604138374
-0.9921626448631287
-4.219476699829102
-4.693952560424805
-4.17732048034668
-4.3957109451293945
-4.326672554016113
-0.03703515604138374
-0.10699226707220078
-2.660964012145996
-11.742268562316895
-7.436441898345947
-4.423493385314941
-2.660964012145996
-0.1181061714887619
-3.4762701988220215
-7.088796615600586
-4.850461483001709
-1.5694578886032104
-5.793449401855469
-7.535888671875
-9.966024398803711
-2.0286030769348145
-1.929595708847046
-9.949278831481934
-2.7886314392089844
-6.237466812133789
-3.361506462097168
-2.353877305984497
-0.09859400242567062
-1.425147533416748
-3.2135095596313477
-0.756145715713501
-9.924732208251953
-6.4512858390808105
-0.5834392309188843
-2.7393105030059814
-2.3313496112823486
-1.7890238761901855
-4.96830940246582
-3.420034646987915
-1.0557975769042969
-4.037983417510986
-2.346205949783325
-6.153524875640869
-2.2313156127929688
-6.1962690353393555
-7.39906120300293
-4.18046760559082
-0.5465234518051147
-3.6812455654144287
-1.390559434890747
-3.9214529991149902
-1.774078130722046
-3.2620253562927246
-0.7432181239128113
-0.5463195443153381
-1.7590577602386475
-3.6841132640838623
-1.6097439527511597
-0.03703515604138374
-0.10280662775039673
-1.7050868272781372
-2.625706672668457
-2.3402793407440186
-1.7593721151351929
-0.09378500282764435
-1.0047613382339478
-5.283086776733398
-0.08215085417032242
-0.14712849259376526
-0.18137870728969574
-0.7760981321334839
-2.3402795791625977
-0.09330721199512482
-1.0047613382339478
-5.283086776733398
-0.08215085417032242
-4.261159896850586
-1.2484207153320312
-4.114225387573242
-5.507810592651367
-0.031951092183589935
-6.2400898933410645
-0.38726094365119934
-0.037035271525382996
-0.9771250486373901
-0.33182162046432495
-0.7757496237754822
-0.3318214416503906
-4.469409465789795
-0.8736197352409363
-2.6257071495056152
-1.1159913539886475
-2.625706911087036
-1.9522874355316162
-0.1946595311164856
-0.7165310978889465
-4.801898956298828
-3.0003161430358887
-6.452309608459473
-3.2396059036254883
-4.686863899230957
-0.10680630058050156
-1.0047612190246582
-0.11196419596672058
-0.08215063810348511
-6.111881732940674
-2.353236198425293
-10.39000129699707
-9.565714836120605
-3.3279848098754883
-5.063111305236816
-8.241943359375
-1.4024806022644043
-0.8136254549026489
-1.4024806022644043
-1.9894061088562012
-2.130621910095215
-0.6512002944946289
-0.19465933740139008
-2.7935597896575928
-0.41354718804359436
-2.7045986652374268
-2.3402795791625977
-0.1946595311164856
-0.3583605885505676
-0.03541893512010574
-1.7447872161865234
-0.03703515604138374
-0.37000417709350586
-0.910566508769989
-7.435876846313477
-3.969046115875244
-2.570809841156006
-7.527814865112305
-1.3092026710510254
-9.197464942932129
-2.3402795791625977
-7.261595249176025
-4.091301441192627
-7.9629106521606445
-0.03703515604138374
-0.05940115079283714
-13.40273380279541
-1.4978461265563965
-0.10634605586528778
-1.0047612190246582
-5.556860446929932
-0.08215085417032242
-6.701521396636963
-4.03062629699707
-4.4835004806518555
-7.337695121765137
-8.566984176635742
-13.039647102355957
-6.667331695556641
-4.82668924331665
-3.4848055839538574
-2.2677969932556152
-0.3205576539039612
-0.03703515604138374
-1.5789202451705933
-4.693952560424805
-0.2005184292793274
-3.8260886669158936
-1.2039496898651123
-3.578994035720825
-1.5837994813919067
-1.666083574295044
-1.1702756881713867
-1.0895909070968628
-2.1300723552703857
-0.19741563498973846
-0.21265342831611633
-4.314335823059082
-1.9752349853515625
-7.693418502807617
-0.08894065767526627
-0.03703515604138374
-1.158644437789917
-6.512485980987549
-1.4078245162963867
-0.7020711898803711
-5.158283233642578
-7.629101276397705
-0.7300297617912292
-4.19184684753418
-0.5795926451683044
-2.0891337394714355
-1.548858404159546
-3.8977150917053223
-2.1986048221588135
-1.4636707305908203
-2.9032740592956543
-1.1108264923095703
-0.03703515604138374
-7.985626220703125
-2.0286030769348145
-0.008308370597660542
-4.8640642166137695
-4.301896572113037
-0.18619395792484283
-0.54281085729599
-3.6148200035095215
-2.620051860809326
-4.8640642166137695
-0.008308607153594494
-1.5407954454421997
-1.9960415363311768
-2.5477161407470703
-0.17741793394088745
-3.5013537406921387
-2.0439863204956055
-4.9009270668029785
-0.037035271525382996
-2.7669639587402344
-3.230433940887451
-0.00830872543156147
-2.660963773727417
-8.216742515563965
-0.19465962052345276
-1.4738287925720215
-0.11135148257017136
-1.0047613382339478
-0.11196419596672058
-0.08215085417032242
-7.141645431518555
-4.352383613586426
-6.672829627990723
-3.920135021209717
-2.660964012145996
-0.6628715991973877
-0.7916914820671082
-2.660964012145996
-3.778956651687622
-0.5415042638778687
-1.5766081809997559
-1.8000959157943726
-4.194660186767578
-6.5848870277404785
-0.8617019057273865
-0.03703515604138374
-7.751198768615723
-2.625706911087036
-3.1691832542419434
-0.18759439885616302
-0.14887841045856476
-4.618348121643066
-2.372105121612549
-0.20669206976890564
-0.040287259966135025
-0.6306121349334717
-1.8135913610458374
-4.088422775268555
-5.200123310089111
-1.566048502922058
-0.3499506413936615
-0.04028748720884323
-2.4987740516662598
-2.2150845527648926
-0.20669198036193848
-0.20669198036193848
-2.4987740516662598
-2.3461899757385254
-0.7957908511161804
-1.6927540302276611
-5.216248989105225
-2.018981456756592
-1.2049305438995361
-4.693952560424805
-1.425147533416748
-3.9734084606170654
-2.5647196769714355
-2.2690863609313965
-0.4385584890842438
-0.03703515604138374
-2.4769959449768066
-1.22391676902771
-4.497969150543213
-6.862436294555664
-0.16482466459274292
-2.8473522663116455
-2.8938636779785156
-3.190655469894409
-0.20669198036193848
-4.099458694458008
-3.5918335914611816
-2.6516122817993164
-2.660964012145996
-2.4987740516662598
-2.40264892578125
-5.312501430511475
-4.8702898025512695
-0.9368417263031006
-0.38582709431648254
-3.33475923538208
-0.037035271525382996
-2.870938539505005
-8.90754508972168
-0.15010474622249603
-3.555696964263916
-11.713565826416016
-3.696463108062744
-12.945353507995605
-6.761913299560547
-2.244471311569214
-8.90754508972168
-0.039725009351968765
-4.722510814666748
-8.90754508972168
-6.490996360778809
-0.7544505000114441
-1.8210653066635132
-0.0370354987680912
-1.749504804611206
-6.674837112426758
-6.458777904510498
-6.271021842956543
-12.144529342651367
-4.423493385314941
-1.800951361656189
-0.8191696405410767
-4.877445697784424
-3.947404146194458
-1.6692163944244385
-2.412864923477173
-0.037035271525382996
-0.7443809509277344
-0.03807687386870384
-1.4975244998931885
-1.0528149604797363
-2.25205659866333
-0.19465914368629456
-7.888574123382568
-2.703509569168091
-0.7156871557235718
-0.1946595311164856
-2.6947379112243652
-4.373218059539795
-0.18859384953975677
-2.660964012145996
-2.8254473209381104
-0.4270058870315552
-2.2068827152252197
-3.598768711090088
-1.882523775100708
-0.6862161159515381
-5.101837635040283
-2.3440048694610596
-0.8282305598258972
-1.985666275024414
-6.542928218841553
-4.136801242828369
-5.1824951171875
-1.8825242519378662
-8.029243469238281
-2.2961888313293457
-0.7156871557235718
-0.12129876762628555
-2.2933740615844727
-0.942213773727417
-1.437143087387085
-0.35452380776405334
-0.9422140717506409
-3.518716812133789
-0.5198700428009033
-0.03703515604138374
-3.417515754699707
-2.660963773727417
-7.410353660583496
-2.399240255355835
-2.101480007171631
-5.067657947540283
-3.018303394317627
-5.8433027267456055
-2.6617164611816406
-4.423493385314941
-2.122457265853882
-2.241133213043213
-0.957912802696228
-2.408785343170166
-0.11587832123041153
-0.17478147149085999
-0.6990328431129456
-1.5145082473754883
-2.1117215156555176
-1.9531149864196777
-2.3453176021575928
-0.970325231552124
-0.8184010982513428
-5.744682312011719
-1.752884864807129
-5.794424533843994
-2.6694071292877197
-0.815865159034729
-6.568055629730225
-2.927074670791626
-9.091025352478027
-4.032073020935059
-0.29278644919395447
-6.626274585723877
-2.5344250202178955
-3.3347222805023193
-3.3347222805023193
-5.030303955078125
-5.519178867340088
-2.012894868850708
-1.3935247659683228
-7.233028411865234
-7.785769462585449
-3.576324462890625
-10.90742015838623
-7.087985038757324
-0.5859042406082153
-1.1052829027175903
-2.5929434299468994
-1.1571898460388184
-4.170765399932861
-0.037035271525382996
-1.9927723407745361
-2.8601250648498535
-1.9359079599380493
-2.9732961654663086
-3.3334813117980957
-3.7113704681396484
-2.950735092163086
-2.5863237380981445
-0.5108667612075806
-3.53609037399292
-3.317750930786133
-1.5648481845855713
-0.19465962052345276
-2.2552382946014404
-1.956251621246338
-4.495569229125977
-1.8797861337661743
-0.2533222436904907
-3.87754487991333
-2.5863237380981445
-4.51863956451416
-2.8910670280456543
-2.7553083896636963
-1.1595962047576904
-3.987788438796997
-0.4209376871585846
-7.859078884124756
-4.055657386779785
-1.2460098266601562
-0.8512388467788696
-1.7101175785064697
-5.960256099700928
-2.9441781044006348
-0.17980490624904633
-2.5328011512756348
-1.4935261011123657
-1.230941653251648
-0.9423397183418274
-2.761314630508423
-2.9310927391052246
-4.268364906311035
-10.101311683654785
-5.513285160064697
-1.603755235671997
-1.5648481845855713
-4.3835320472717285
-2.9438295364379883
-1.568793535232544
-3.033402681350708
-1.8670762777328491
-0.9963774681091309
-1.5391250848770142
-2.163414478302002
-3.758570909500122
-2.438765048980713
-1.9827165603637695
-9.448012351989746
-6.490573406219482
-2.4362645149230957
-2.660964012145996
-8.508296012878418
-1.224715232849121
-0.23642612993717194
-12.462923049926758
-3.3282411098480225
-3.15817928314209
-0.03703515604138374
-1.9424049854278564
-1.4024804830551147
-3.3110013008117676
-5.686747074127197
-3.280117988586426
-1.476628065109253
-0.49397483468055725
-0.9440457224845886
-1.1766483783721924
-0.9637532234191895
-2.625706911087036
-2.6257071495056152
-2.3402793407440186
-0.8239378929138184
-2.6257071495056152
-4.882114410400391
-2.625706911087036
-3.883829355239868
-1.4376749992370605
-14.089812278747559
-5.952464580535889
-3.2412428855895996
-2.3402793407440186
-1.1081924438476562
-2.4773569107055664
-1.2835431098937988
-5.265174865722656
-5.060500144958496
-4.031308174133301
-3.5125162601470947
-2.6257071495056152
-0.5610246658325195
-1.8247731924057007
-0.1664491444826126
-1.592516303062439
-1.6152114868164062
-1.333673119544983
-1.0220979452133179
-0.587640643119812
-0.7161803841590881
-1.6495184898376465
-0.9430302381515503
-0.47090259194374084
-2.7888026237487793
-1.5178403854370117
-0.7653524279594421
-1.155846118927002
-0.48698756098747253
-1.129084825515747
-3.123107671737671
-1.2167950868606567
-1.4294580221176147
-0.7613304853439331
-1.046755313873291
-0.8555588722229004
-3.084188938140869
-1.5200121402740479
-5.5546464920043945
-4.356809139251709
-5.08399772644043
-0.7777732610702515
-0.037035271525382996
-0.9488799571990967
-2.9582784175872803
-1.6409441232681274
-5.061093330383301
-2.3435158729553223
-8.918634414672852
-1.3333455324172974
-0.4278709590435028
-8.010685920715332
-7.4117913246154785
-2.6826181411743164
-1.4977426528930664
-0.4060207009315491
-0.2578495144844055
-6.814391613006592
-3.762077808380127
-0.23424720764160156
-1.6722910404205322
-1.405914068222046
-0.10493314266204834
-0.7934967875480652
-0.3985402286052704
-2.3541979789733887
-0.783430814743042
-1.1833845376968384
-0.7156871557235718
-3.3058719635009766
-1.5260016918182373
-1.293918251991272
-0.8656915426254272
-0.5228333473205566
-2.5439834594726562
-1.5669689178466797
-1.7816863059997559
-5.393362045288086
-2.7351438999176025
-0.8589352369308472
-0.5242847204208374
-3.6841132640838623
-3.987788200378418
-4.250473976135254
-2.9450268745422363
-1.4501588344573975
-0.806503176689148
-0.05798788368701935
-0.008308370597660542
-0.0370354987680912
-2.455264091491699
-1.431352972984314
-1.589150309562683
-1.425736427307129
-0.1677372008562088
-0.7911882996559143
-1.6363588571548462
-2.75060772895813
-1.299469232559204
-1.6513055562973022
-4.834476470947266
-0.6586698293685913
-2.0357308387756348
-2.412855625152588
-0.10786646604537964
-0.9700775146484375
-2.42917537689209
-0.2001890391111374
-0.2001887410879135
-0.6926671862602234
-0.27999159693717957
-1.5407541990280151
-8.393223762512207
-0.7300295233726501
-2.475860834121704
-1.2973448038101196
-2.0815322399139404
-1.6711623668670654
-0.008308370597660542
-4.405569553375244
-0.037035271525382996
-1.740867257118225
-3.0915565490722656
-10.967947959899902
-2.5929431915283203
-4.767790794372559
-6.522008419036865
-3.7092301845550537
-0.6099126935005188
-8.888991355895996
-2.5863237380981445
-5.0784831047058105
-5.671051979064941
-4.119844436645508
-6.905365467071533
-1.9865021705627441
-1.0544110536575317
-0.4424056112766266
-0.03703515604138374
-7.791304588317871
-7.449085712432861
-1.5837782621383667
-8.371214866638184
-8.522598266601562
-1.9360333681106567
-5.581527233123779
-4.808810710906982
-3.8526611328125
-3.4366989135742188
-1.5648481845855713
-2.688383102416992
-2.744382858276367
-4.660319805145264
-1.0683292150497437
-7.434591293334961
-1.484872579574585
-1.882523775100708
-9.924732208251953
-6.212831497192383
-8.98241901397705
-10.428930282592773
-5.118224620819092
-4.877445697784424
-2.0286030769348145
-4.271509647369385
-0.8079197406768799
-0.03703515604138374
-12.29755687713623
-1.914442777633667
-1.9874697923660278
-3.2958006858825684
-1.4877040386199951
-7.637291431427002
-5.255852222442627
-8.701289176940918
-0.3884541690349579
-11.411640167236328
-0.38068145513534546
-0.3409644663333893
-4.053138732910156
-3.2377452850341797
-7.352772235870361
-0.1686886101961136
-0.6673376560211182
-1.2832003831863403
-7.028998374938965
-6.575032711029053
-2.639007806777954
-4.963729381561279
-0.1946595311164856
-1.196257472038269
-3.0166611671447754
-7.131596088409424
-0.5507223010063171
-5.693392753601074
-4.926153182983398
-6.5251359939575195
-17.492507934570312
-0.03703515604138374
-3.190678119659424
-5.339966297149658
-6.15300178527832
-1.5648486614227295
-3.0824031829833984
-4.7978692054748535
-7.1989264488220215
-1.6203200817108154
-6.319293975830078
-4.954858303070068
-2.9875497817993164
-3.420034885406494
-1.5648481845855713
-1.0303897857666016
-3.388686418533325
-0.9666622877120972
-2.2334847450256348
-5.5417656898498535
-4.210455894470215
-8.623815536499023
-0.11497433483600616
-1.0047610998153687
-5.556860446929932
-0.08215063810348511
-2.241342306137085
-1.7233765125274658
-7.8329973220825195
-1.8144632577896118
-4.0993266105651855
-3.732362985610962
-0.037035271525382996
-0.8517382740974426
-0.7272631525993347
-0.48784247040748596
-5.845088481903076
-1.429837703704834
-1.2711760997772217
-0.7038570642471313
-0.33348575234413147
-2.660963773727417
-0.08406461775302887
-0.08406483381986618
-0.008308370597660542
-3.1641533374786377
-5.969211578369141
-0.9842862486839294
-2.232736110687256
-8.163274765014648
-2.2706961631774902
-7.013131141662598
-2.437248706817627
-2.4157731533050537
-0.16273528337478638
-1.6573240756988525
-1.4304548501968384
-2.9224441051483154
-2.0030622482299805
-1.387861967086792
-0.7008346915245056
-0.3133772909641266
-0.8374366760253906
-2.0431666374206543
-2.904942035675049
-2.0541422367095947
-1.8990126848220825
-0.690945565700531
-1.5232293605804443
-2.4469070434570312
-3.6061322689056396
-6.8176045417785645
-4.68671178817749
-1.9567967653274536
-2.499251365661621
-3.3507275581359863
-0.06278163939714432
-7.114136219024658
-5.556860446929932
-0.08215063810348511
-1.06971275806427
-2.115131378173828
-1.8167498111724854
-1.287976861000061
-3.0494842529296875
-0.0370354987680912
-4.236266136169434
-6.635647296905518
-0.7126732468605042
-0.2069035917520523
-3.8200550079345703
-0.048584602773189545
-1.8896512985229492
-3.8536465167999268
-5.236612319946289
-4.255248069763184
-2.0371999740600586
-0.33694639801979065
-1.4503002166748047
-1.5277855396270752
-5.471590042114258
-0.4270058870315552
-5.825189590454102
-2.369417428970337
-1.0139029026031494
-0.9401710033416748
-2.2472331523895264
-1.0314019918441772
-0.04028748720884323
-4.633059978485107
-2.0884335041046143
-0.4957005977630615
-0.5804046392440796
-1.273315668106079
-0.5628623962402344
-1.2049458026885986
-0.49897894263267517
-3.2967846393585205
-0.4037846624851227
-0.695099949836731
-10.275125503540039
-0.03703515604138374
-3.8217668533325195
-4.075376987457275
-0.4697982668876648
-8.704178810119629
-4.475634574890137
-3.592796564102173
-0.7364909648895264
-3.389998197555542
-0.0399298332631588
-3.2774033546447754
-5.930715084075928
-2.0656580924987793
-0.6498784422874451
-8.103926658630371
-0.0399298332631588
-2.393618583679199
-0.1727725863456726
-1.3244426250457764
-0.6562767028808594
-1.6628328561782837
-0.1013067290186882
-2.9054441452026367
-3.938838243484497
-16.402759552001953
-2.6415963172912598
-2.2988858222961426
-5.29083251953125
-8.806123733520508
-3.136305570602417
-0.14241665601730347
-13.748495101928711
-8.46786880493164
-0.6362894177436829
-0.9999791383743286
-7.254444122314453
-0.551580011844635
-3.094456911087036
-0.9276642799377441
-0.5375780463218689
-2.1200032234191895
-3.8798227310180664
-4.429173946380615
-1.1602026224136353
-0.4173771142959595
-0.01084788329899311
-0.03703515604138374
-5.731754302978516
-0.9347073435783386
-1.0601385831832886
-3.0349791049957275
-4.169478416442871
-1.5934985876083374
-3.5102598667144775
-3.49520206451416
-1.816074252128601
-3.311077356338501
-7.536601543426514
-1.9837684631347656
-2.831242561340332
-1.1058192253112793
-9.924732208251953
-2.400012493133545
-2.9571774005889893
-6.819706916809082
-0.16353699564933777
-0.7987597584724426
-5.987488746643066
-0.7959821224212646
-0.570001482963562
-2.690236806869507
-4.2940497398376465
-2.732654571533203
-6.888823509216309
-7.351016044616699
-8.909107208251953
-5.543956279754639
-1.7765496969223022
-2.660963773727417
-0.961525559425354
-1.484872579574585
-1.8825242519378662
-2.2624480724334717
-2.660964012145996
-2.660964012145996
-2.660964012145996
-3.5079293251037598
-2.092595100402832
-1.2512364387512207
-0.206692174077034
-6.092581748962402
-1.7931749820709229
-1.4848724603652954
-1.882523775100708
-0.3209438920021057
-3.514327049255371
-0.8713141083717346
-10.024982452392578
-0.33776795864105225
-3.5837738513946533
-2.6314754486083984
-1.0985684394836426
-1.452453851699829
-8.64974308013916
-2.628812313079834
-5.149774551391602
-3.4715588092803955
-7.047972202301025
-0.03703515604138374
-0.02442796714603901
-3.1534459590911865
-1.0536059141159058
-7.198647975921631
-4.879845142364502
-7.715928554534912
-1.4825904369354248
-0.25002580881118774
-0.8493967056274414
-1.522576093673706
-2.520507574081421
-2.25534987449646
-0.7994731068611145
-4.349963665008545
-3.326239585876465
-5.030755519866943
-6.207290172576904
-5.097662448883057
-0.42206841707229614
-1.9439345598220825
-1.0496641397476196
-0.06239553913474083
-0.280426025390625
-1.3826996088027954
-1.6988976001739502
-0.7771065831184387
-2.3760063648223877
-1.1757670640945435
-3.3288183212280273
-0.03703515604138374
-1.0143388509750366
-1.527650237083435
-6.570748805999756
-3.111175298690796
-3.446074962615967
-5.889579772949219
-1.84154212474823
-3.659116506576538
-2.4365932941436768
-3.0651206970214844
-2.6052863597869873
-0.41582977771759033
-5.889579772949219
-3.429799795150757
-2.119539499282837
-0.17142492532730103
-5.925532341003418
-3.1818864345550537
-1.9555219411849976
-2.868161201477051
-3.6393041610717773
-1.3867133855819702
-1.7840241193771362
-0.9000034928321838
-2.658000946044922
-2.3402791023254395
-2.3402793407440186
-2.3402793407440186
-0.9477388262748718
-6.382442474365234
-4.111772060394287
-11.446869850158691
-11.922754287719727
-5.610461235046387
-2.1722748279571533
-2.7800588607788086
-2.681807518005371
-1.9263783693313599
-1.787621259689331
-1.5806949138641357
-1.6604430675506592
-3.523958444595337
-0.0370354987680912
-1.3483293056488037
-1.820375680923462
-2.668844223022461
-0.9735403060913086
-0.00830872543156147
-2.3114166259765625
-4.107997894287109
-2.0733444690704346
-1.1474380493164062
-1.3799936771392822
-8.308005332946777
-0.08778936415910721
-7.114136219024658
-5.283086776733398
-0.08215063810348511
-16.454730987548828
-4.342832565307617
-2.175739288330078
-3.64426589012146
-6.663050651550293
-5.6051926612854
-0.03703515604138374
-3.5298428535461426
-0.31212055683135986
-0.03703515604138374
-8.913182258605957
-10.462946891784668
-4.6713762283325195
-0.1946595311164856
-3.544968605041504
-3.7022035121917725
-7.962796688079834
-3.5911457538604736
-0.733797013759613
-0.037035271525382996
-0.037035271525382996
-0.5686469078063965
-6.658130645751953
-1.985666036605835
-1.4677515029907227
-8.767139434814453
-4.152920722961426
-3.9858615398406982
-0.5897586941719055
-0.2564077079296112
-7.549370765686035
-4.125223159790039
-4.497262954711914
-8.197233200073242
-8.358521461486816
-1.3954025506973267
-4.505096435546875
-7.371519565582275
-3.9852099418640137
-0.45799684524536133
-0.5496500730514526
-5.850338459014893
-0.03703515604138374
-4.131401062011719
-0.06278130412101746
-7.114136219024658
-5.283086776733398
-0.40791940689086914
-4.085981845855713
-2.402621030807495
-0.06278141587972641
-7.114136219024658
-5.283086776733398
-0.4079194664955139
-0.06278163939714432
-7.114136219024658
-5.283087253570557
-0.40791964530944824
-0.06278130412101746
-7.114136219024658
-5.283087253570557
-0.4079195559024811
-6.759637832641602
-3.126126289367676
-8.248369216918945
-1.3399453163146973
-1.3276365995407104
-0.8054258823394775
-2.5382156372070312
-8.248369216918945
-0.7342014312744141
-0.6306122541427612
-0.9409962892532349
-4.564713478088379
-1.6843289136886597
-1.2015023231506348
-1.258660078048706
-1.3232526779174805
-2.434345006942749
-9.370305061340332
-0.8004732728004456
-0.03195143863558769
-0.2788122594356537
-1.881319522857666
-3.987788200378418
-5.652312278747559
-2.324475049972534
-0.03703515604138374
-2.1795482635498047
-2.620051860809326
-8.567747116088867
-4.423493385314941
-4.423493385314941
-5.5954413414001465
-7.559615135192871
-2.2866010665893555
-2.660964012145996
-1.8981424570083618
-0.3250057101249695
-2.5665321350097656
-4.346613883972168
-3.4508039951324463
-2.1850242614746094
-2.5863239765167236
-2.654538631439209
-0.06278152763843536
-7.114136219024658
-5.283086776733398
-0.08215107768774033
-8.02564525604248
-0.53690505027771
-4.385042667388916
-2.5384836196899414
-0.7690934538841248
-0.7383124828338623
-3.2642664909362793
-0.03703515604138374
-6.572930812835693
-6.847407341003418
-4.20519495010376
-3.823641061782837
-4.423493385314941
-2.660964012145996
-6.560503005981445
-2.659494638442993
-2.660964012145996
-2.031000852584839
-0.9616093635559082
-1.2836220264434814
-1.0703892707824707
-4.118593215942383
-2.9753077030181885
-1.1270184516906738
-1.1014678478240967
-4.423493385314941
-1.1672470569610596
-3.921327829360962
-2.1155943870544434
-4.423493385314941
-2.0286030769348145
-0.4169246554374695
-6.304518699645996
-1.7640795707702637
-0.498978853225708
-0.21200791001319885
-0.037035271525382996
-0.037035271525382996
-2.6923420429229736
-2.9568092823028564
-0.08383794128894806
-0.7731015086174011
-0.0838378295302391
-1.5648484230041504
-2.625706911087036
-3.188448905944824
-1.4887521266937256
-0.2224607765674591
-1.1706414222717285
-0.28745633363723755
-1.3133231401443481
-4.763615608215332
-8.696613311767578
-2.3526148796081543
-0.1420128494501114
-0.8351340889930725
-8.149628639221191
-0.7300295233726501
-0.19455315172672272
-0.03703515604138374
-1.002248764038086
-1.8614702224731445
-6.625853538513184
-1.861470103263855
-6.625853538513184
-0.03703515604138374
-1.002248764038086
-0.1945534497499466
-8.00772762298584
-4.305606365203857
-5.91030740737915
-0.928535521030426
-1.1941428184509277
-1.1194005012512207
-4.348995208740234
-4.248382091522217
-4.908230781555176
-1.331331729888916
-7.561336994171143
-4.328356742858887
-8.09701156616211
-6.623021602630615
-2.1297364234924316
-3.3968513011932373
-2.290381908416748
-1.0583155155181885
-5.911125659942627
-2.660964012145996
-1.1079339981079102
-3.3288180828094482
-5.14700984954834
-6.816263675689697
-1.9767042398452759
-0.28688865900039673
-0.1290322244167328
-0.5290586948394775
-3.5987181663513184
-3.8943252563476562
-3.9196972846984863
-0.9924107193946838
-2.977604389190674
-2.5782601833343506
-1.2911242246627808
-0.2721967101097107
-2.850827693939209
-3.900540351867676
-2.660964012145996
-2.646299362182617
-5.4919209480285645
-0.4854724407196045
-0.8734220266342163
-2.8143768310546875
-1.7552942037582397
-3.465128183364868
-2.660964012145996
-4.584780216217041
-11.748459815979004
-7.124874114990234
-1.766443133354187
-2.2108545303344727
-6.900119781494141
-3.14391827583313
-2.4987740516662598
-1.4763762950897217
-3.9734084606170654
-5.320836544036865
-0.03703515604138374
-0.5293035507202148
-5.255931377410889
-0.008308370597660542
-3.671511173248291
-0.049832601100206375
-0.0744263306260109
-0.04983237385749817
-1.2894387245178223
-1.2015025615692139
-1.1218254566192627
-2.1757092475891113
-5.061966896057129
-11.701852798461914
-5.9785284996032715
-2.332082986831665
-5.324461936950684
-0.30379652976989746
-4.073761940002441
-2.611485242843628
-0.5532495975494385
-3.9001078605651855
-12.909992218017578
-5.061966896057129
-1.1861512660980225
-1.0005395412445068
-1.9243156909942627
-2.6533803939819336
-3.8362393379211426
-1.880774974822998
-0.6604293584823608
-6.748478889465332
-13.460247039794922
-2.437248706817627
-0.7834008932113647
-0.22888286411762238
-3.6658849716186523
-0.037035271525382996
-1.8446251153945923
-0.8256042003631592
-7.843082427978516
-0.4456891417503357
-5.582761287689209
-8.165626525878906
-7.025382995605469
-6.562355995178223
-4.001109600067139
-1.0976829528808594
-0.08406472206115723
-0.04550978168845177
-0.837417483329773
-3.729069709777832
-0.055129628628492355
-3.5688235759735107
-0.23718643188476562
-4.181443214416504
-0.0526886023581028
-1.0047612190246582
-6.984029293060303
-0.08215118199586868
-6.501401424407959
-0.6779911518096924
-0.7540960311889648
-1.033786416053772
-1.5867103338241577
-8.986519813537598
-4.4312286376953125
-0.9565740823745728
-2.262183427810669
-1.9978018999099731
-1.9811487197875977
-6.901957988739014
-0.27999159693717957
-1.0373262166976929
-4.894864559173584
-0.037035271525382996
-2.104750156402588
-0.18263138830661774
-3.9006450176239014
-0.03959313780069351
-2.6257071495056152
-0.19465962052345276
-0.1946595311164856
-2.625706672668457
-2.625706911087036
-2.8089494705200195
-1.4219105243682861
-8.941960334777832
-2.625706911087036
-0.04028748720884323
-0.8907150030136108
-0.038733288645744324
-8.086639404296875
-6.960920333862305
-2.3280608654022217
-0.12330058217048645
-0.866033136844635
-2.906104564666748
-0.26217228174209595
-1.9573585987091064
-0.07863159477710724
-6.869421005249023
-4.558283805847168
-2.660963773727417
-0.19465962052345276
-1.3836824893951416
-4.010024547576904
-1.539834976196289
-4.818387031555176
-0.45784443616867065
-0.04028737545013428
-0.172549307346344
-1.0047612190246582
-6.984029293060303
-0.08215085417032242
-0.515626072883606
-2.7359468936920166
-0.702584445476532
-0.18759490549564362
-7.269132614135742
-0.8392130136489868
-2.437248706817627
-3.9734084606170654
-4.9297966957092285
-2.660964012145996
-3.6841132640838623
-0.03703515604138374
-0.6119215488433838
-2.660964012145996
-9.924732208251953
-4.772435188293457
-10.659906387329102
-0.31868916749954224
-2.4038095474243164
-8.109402656555176
-4.28539514541626
-2.362298011779785
-5.150139808654785
-1.7285836935043335
-7.439887523651123
-1.1752841472625732
-7.415956497192383
-2.385817050933838
-3.2536826133728027
-0.45043522119522095
-0.15168948471546173
-1.0047610998153687
-5.283086776733398
-0.08215063810348511
-4.7552690505981445
-11.880681037902832
-2.430373191833496
-2.549182653427124
-1.2135547399520874
-1.0557103157043457
-8.248369216918945
-1.4024806022644043
-0.4320474863052368
-0.8911142349243164
-4.852054595947266
-3.03237247467041
-4.54848051071167
-6.506407737731934
-7.761074066162109
-0.03703515604138374
-11.900835037231445
-2.660963773727417
-2.006324052810669
-3.0657334327697754
-11.138561248779297
-6.13682746887207
-5.966768264770508
-4.620966911315918
-4.0688934326171875
-0.043391283601522446
-4.62276029586792
-2.505527973175049
-2.7986342906951904
-6.941521167755127
-7.859650611877441
-3.710353136062622
-2.6557624340057373
-1.1595960855484009
-8.787092208862305
-3.676297903060913
-0.17043399810791016
-0.037035271525382996
-4.54848051071167
-6.483005046844482
-2.0960545539855957
-1.6227391958236694
-0.008308370597660542
-1.56484854221344
-3.915893316268921
-1.5648484230041504
-2.7854111194610596
-3.320465087890625
-1.1200624704360962
-3.655975341796875
-8.773290634155273
-0.06965374201536179
-1.0047612190246582
-6.984029293060303
-0.08215107768774033
-3.9472150802612305
-4.387129306793213
-1.5648484230041504
-2.542386054992676
-1.56484854221344
-9.396599769592285
-3.280914783477783
-2.993483066558838
-6.168653964996338
-6.168653964996338
-0.03703515604138374
-0.7811257839202881
-5.202367782592773
-0.9718431830406189
-10.882991790771484
-2.3402791023254395
-1.8342959880828857
-0.36576682329177856
-9.73119068145752
-6.349544525146484
-2.337106227874756
-9.177127838134766
-7.1392292976379395
-6.858287334442139
-1.4825141429901123
-0.03195132315158844
-3.3332388401031494
-2.425178289413452
-5.660836219787598
-1.5264880657196045
-0.11832986772060394
-1.9486076831817627
-2.020263195037842
-2.6819536685943604
-0.965927004814148
-3.007096290588379
-1.5504639148712158
-0.03703515604138374
-0.8464784026145935
-7.391117572784424
-3.627458095550537
-2.9965996742248535
-2.5169777870178223
-7.051217079162598
-0.19465972483158112
-3.5888936519622803
-1.7386317253112793
-3.235140800476074
-1.1805784702301025
-0.037035271525382996
-3.1404545307159424
-0.1946595311164856
-3.839737892150879
-2.9699037075042725
-1.256217360496521
-2.5054872035980225
-1.023958444595337
-2.57442569732666
-2.4987740516662598
-0.9224522113800049
-0.03703515604138374
-2.804664373397827
-5.450473308563232
-6.398266792297363
-6.934887886047363
-1.6867080926895142
-5.823169708251953
-5.092555999755859
-3.2166430950164795
-6.366822719573975
-4.166509628295898
-3.3606958389282227
-5.685944557189941
-3.8746871948242188
-0.7104284763336182
-0.06278163939714432
-1.0047612190246582
-5.55686092376709
-0.08215063810348511
-5.1749348640441895
-0.14710071682929993
-7.114136219024658
-5.283087253570557
-0.08215118199586868
-2.921990394592285
-6.296119213104248
-3.350186586380005
-4.6258463859558105
-0.008308370597660542
-3.432384490966797
-6.298912048339844
-3.7638635635375977
-4.34242057800293
-5.409504413604736
-2.0286030769348145
-1.4599848985671997
-0.03703515604138374
-3.6742942333221436
-3.4854226112365723
-9.85408878326416
-9.85408878326416
-0.601520836353302
-1.485519289970398
-1.7409392595291138
-6.13409423828125
-0.09205146133899689
-0.09205146133899689
-0.3304499685764313
-2.096346378326416
-0.7583299279212952
-6.807307720184326
-6.569006443023682
-1.56484854221344
-5.108464241027832
-1.0884326696395874
-11.802633285522461
-11.802633285522461
-11.025898933410645
-1.3251054286956787
-1.314845085144043
-0.267469197511673
-0.2828153967857361
-0.9049237966537476
-7.5767974853515625
-3.5628623962402344
-0.5790812373161316
-2.0949058532714844
-1.425147533416748
-3.7023701667785645
-0.11385317891836166
-4.5521087646484375
-6.530747413635254
-0.03703515604138374
-0.7780429720878601
-2.660964012145996
-0.20669198036193848
-13.973271369934082
-5.86045503616333
-0.19465972483158112
-6.040048122406006
-5.6169257164001465
-4.910537242889404
-0.1507287323474884
-3.3979320526123047
-0.03703515604138374
-6.557615280151367
-5.986015796661377
-4.677454948425293
-2.4597721099853516
-1.9480444192886353
-1.5648481845855713
-10.952531814575195
-7.277242660522461
-1.008352518081665
-3.4921488761901855
-5.380783557891846
-3.124206781387329
-3.350019931793213
-0.5663084387779236
-3.4952025413513184
-1.5043927431106567
-0.04896789416670799
-0.3779352605342865
-4.775929927825928
-1.788266897201538
-0.34525492787361145
-1.6528851985931396
-2.2345962524414062
-2.2490041255950928
-0.03703515604138374
-3.9275920391082764
-4.555922985076904
-12.017353057861328
-3.3403940200805664
-1.8616821765899658
-4.84689474105835
-4.508617401123047
-3.017000198364258
-2.962207317352295
-0.09762397408485413
-3.947521448135376
-3.5242669582366943
-0.0370354987680912
-5.177978038787842
-3.420034646987915
-3.082430839538574
-8.462873458862305
-0.008308370597660542
-4.917997360229492
-10.615726470947266
-10.541009902954102
-13.210160255432129
-1.4866092205047607
-1.5648484230041504
-2.3251612186431885
-0.07627759873867035
-7.760311603546143
-6.984029293060303
-0.08215085417032242
-2.634669065475464
-7.686672687530518
-5.3366169929504395
-4.252466201782227
-9.924732208251953
-8.08322811126709
-4.248381614685059
-8.65090274810791
-0.6765800714492798
-1.6229701042175293
-0.010847765021026134
-7.44087553024292
-3.3272156715393066
-3.267214775085449
-0.07618061453104019
-1.0047610998153687
-6.984029293060303
-0.08215063810348511
-16.346607208251953
-5.2525129318237305
-4.777205467224121
-0.5358132123947144
-0.1681717485189438
-6.106180191040039
-3.7727017402648926
-2.6074471473693848
-1.399524211883545
-0.058698926120996475
-0.4944242835044861
-0.19502653181552887
-5.395844459533691
-0.32382604479789734
-3.289130926132202
-2.452986240386963
-4.037293434143066
-4.125223159790039
-5.276480197906494
-3.1724674701690674
-2.6804285049438477
-0.7942634224891663
-1.1766886711120605
-0.06278163939714432
-1.0047612190246582
-5.55686092376709
-0.08215063810348511
-3.474721908569336
-0.8339281678199768
-1.403406023979187
-2.5685627460479736
-2.660964012145996
-3.917255401611328
-4.297374248504639
-0.5730379819869995
-1.0021929740905762
-0.6655891537666321
-3.0258326530456543
-0.31610336899757385
-2.9303293228149414
-2.1892459392547607
-2.10123348236084
-9.42129135131836
-0.36282628774642944
-3.543369770050049
-1.7031184434890747
-0.9745765328407288
-1.7552882432937622
-5.212292671203613
-7.27347469329834
-2.441288471221924
-2.3520898818969727
-2.1428709030151367
-3.7517025470733643
-9.071410179138184
-8.974614143371582
-1.0439101457595825
-0.4799548089504242
-2.377826690673828
-2.226491689682007
-3.012298583984375
-5.622840881347656
-1.1210627555847168
-9.307378768920898
-0.35693228244781494
-3.707286834716797
-2.599362850189209
-0.5272952318191528
-1.092179775238037
-0.26273342967033386
-0.012876107357442379
-0.7036917209625244
-0.8184012174606323
-2.0352783203125
-3.211454391479492
-2.933556079864502
-5.090965747833252
-0.8056342601776123
-2.087216377258301
-2.8162381649017334
-1.4878566265106201
-2.8647356033325195
-3.7146389484405518
-1.9518990516662598
-0.5159825086593628
-0.42442813515663147
-0.33230236172676086
-2.840235948562622
-2.8215231895446777
-2.6146955490112305
-1.5105140209197998
-5.766829490661621
-2.471097230911255
-3.172189474105835
-0.8321660757064819
-3.5459749698638916
-0.44499868154525757
-5.461993217468262
-2.3771109580993652
-3.0875651836395264
-2.546461820602417
-1.0873358249664307
-0.08280640840530396
-5.317676544189453
-1.7483657598495483
-3.644148111343384
-4.757002830505371
-8.550705909729004
-0.2603856027126312
-3.793678045272827
-3.2233452796936035
-0.42442774772644043
-0.924248218536377
-2.0488414764404297
-4.04879903793335
-6.932047367095947
-1.3433740139007568
-7.492451190948486
-3.7836740016937256
-20.76287841796875
-0.05268871411681175
-7.114136219024658
-6.984029293060303
-0.08215063810348511
-7.40218448638916
-2.0286030769348145
-6.374631404876709
-6.6596856117248535
-3.612757444381714
-0.9691161513328552
-0.05302498862147331
-0.6386890411376953
-2.543870687484741
-4.728318214416504
-2.08316969871521
-2.4987740516662598
-0.7706612348556519
-11.029509544372559
-2.356886386871338
-0.5409595370292664
-0.38750872015953064
-7.852841377258301
-6.071793556213379
-1.6154799461364746
-6.702653408050537
-3.941030740737915
-0.9799370765686035
-1.7913856506347656
-1.5407954454421997
-1.3040988445281982
-16.267301559448242
-7.614867210388184
-5.915900230407715
-9.776833534240723
-0.7010197043418884
-3.8831090927124023
-7.129790306091309
-3.102908134460449
-1.9652740955352783
-2.420663595199585
-5.422504425048828
-8.387899398803711
-1.520339012145996
-3.6971375942230225
-6.8248982429504395
-1.1146647930145264
-2.9928340911865234
-1.799929141998291
-2.625706672668457
-0.2892836928367615
-4.324532508850098
-3.7693192958831787
-4.188790321350098
-3.3702359199523926
-2.440814256668091
-4.023528575897217
-2.564392328262329
-4.995217800140381
-4.601120948791504
-10.06251335144043
-1.051719069480896
-9.823634147644043
-2.6726083755493164
-12.05811882019043
-4.86204719543457
-1.0445435047149658
-3.8451995849609375
-4.992628574371338
-2.9718008041381836
-4.2067999839782715
-9.812361717224121
-9.191193580627441
-1.978757619857788
-6.776603698730469
-11.82652473449707
-3.324126720428467
-0.7986842393875122
-1.9690121412277222
-8.705887794494629
-12.811270713806152
-0.33486679196357727
-2.0713510513305664
-4.3569135665893555
-9.482572555541992
-5.650839328765869
-7.824706554412842
-3.9223387241363525
-5.4449849128723145
-0.20669187605381012
-2.5929434299468994
-0.9010984897613525
-0.00830825325101614
-5.377844333648682
-1.2783857583999634
-2.3213634490966797
-0.7437880635261536
-4.9971089363098145
-0.03703515604138374
-6.517502307891846
-0.7319856286048889
-2.945176839828491
-2.675354480743408
-2.180133819580078
-2.5929434299468994
-2.1745505332946777
-1.7488219738006592
-2.2062509059906006
-0.03291875869035721
-0.498978853225708
-0.44495368003845215
-0.6658809781074524
-4.559231281280518
-0.6935644745826721
-11.528375625610352
-8.47710132598877
-1.4594132900238037
-1.0832597017288208
-2.984243869781494
-1.3704679012298584
-3.4869558811187744
-0.3712645471096039
-4.015962600708008
-0.19502682983875275
-3.6426379680633545
-1.6139599084854126
-0.3452550172805786
-0.037035271525382996
-0.2294253706932068
-0.15238772332668304
-7.114136219024658
-5.283086776733398
-0.08215063810348511
-1.917041301727295
-0.03703515604138374
-3.3880417346954346
-2.0515224933624268
-5.770615577697754
-6.338124752044678
-0.19502663612365723
-3.6426379680633545
-1.6139599084854126
-0.34525492787361145
-0.03703515604138374
-0.22942499816417694
-0.03703515604138374
-3.7266623973846436
-2.5459144115448
-3.367755651473999
-4.104475975036621
-0.5721694231033325
-0.991367757320404
-0.9241669178009033
-1.1903685331344604
-3.592047691345215
-1.42775559425354
-1.6423790454864502
-1.7274110317230225
-2.805501699447632
-0.20809318125247955
-6.382560729980469
-2.3402793407440186
-0.1385941356420517
-2.356326103210449
-9.875751495361328
-6.031927585601807
-11.862112998962402
-2.936828136444092
-11.849946022033691
-0.2077181488275528
-6.245862007141113
-2.3402793407440186
-18.659528732299805
-11.018842697143555
-2.3402793407440186
-9.459614753723145
-6.736810684204102
-8.532316207885742
-8.145116806030273
-5.334779262542725
-2.3402791023254395
-0.6248193979263306
-0.33182162046432495
-1.7274105548858643
-1.9637848138809204
-7.348936557769775
-0.00830825325101614
-8.608119010925293
-2.201519012451172
-1.4592465162277222
-3.8669278621673584
