-3.4611146450042725
-1.7387232780456543
-5.0601115226745605
-3.3153460025787354
-0.45320647954940796
-7.527657985687256
-0.4362250566482544
-2.8746891021728516
-12.427854537963867
-0.49559253454208374
-3.361995220184326
-1.5937108993530273
-6.134511947631836
-0.3092232048511505
-2.9672598838806152
-3.769827127456665
-2.7568869590759277
-0.8790857195854187
-0.7391619086265564
-3.4209094047546387
-2.3262336254119873
-5.075390815734863
-5.580501556396484
-3.793494939804077
-3.9655814170837402
-2.8144712448120117
-2.772160530090332
-3.7651185989379883
-2.9619481563568115
-2.681321144104004
-4.6983723640441895
-7.032965660095215
-8.935489654541016
-3.940647602081299
-2.5749003887176514
-3.3902206420898438
-5.284577369689941
-3.2584891319274902
-2.669908285140991
-3.4845430850982666
-2.2946829795837402
-2.4117305278778076
-0.627223789691925
-1.647294282913208
-0.4368775188922882
-3.8724300861358643
-1.3178175687789917
-2.5610811710357666
-2.9586732387542725
-1.1325682401657104
-4.924210071563721
-3.3899147510528564
-1.9034186601638794
-5.579097747802734
-1.3866839408874512
-0.2854951322078705
-5.661195278167725
-1.5748510360717773
-10.270813941955566
-5.883798599243164
-3.5750246047973633
-1.0636131763458252
-0.8427971601486206
-3.9596612453460693
-2.108427047729492
-6.121031284332275
-3.730545997619629
-2.7499141693115234
-0.4664551317691803
-1.2029138803482056
-2.8839380741119385
-3.9959096908569336
-2.46186900138855
-0.7830259203910828
-3.7765872478485107
-1.5263477563858032
-4.270499229431152
-2.0162558555603027
-1.3951586484909058
-1.5414230823516846
-0.6679818034172058
-0.16786782443523407
-2.8658535480499268
-0.6580893397331238
-2.642514944076538
-0.7227332592010498
-1.9350266456604004
-1.6098473072052002
-1.0252048969268799
-0.6243391036987305
-4.242608547210693
-0.290424644947052
-4.728074073791504
-3.5696940422058105
-1.5881301164627075
-5.274590015411377
-4.690206527709961
-4.10157585144043
-2.47701096534729
-0.855628490447998
-2.087237596511841
-0.718145489692688
-4.192231178283691
-1.0863885879516602
-8.413773536682129
-6.187935829162598
-2.725519895553589
-0.3425236642360687
-2.3648109436035156
-2.620171070098877
-0.8805011510848999
-2.07716965675354
-1.9334890842437744
-2.9491000175476074
-9.43010139465332
-9.803366661071777
-0.8797304034233093
-6.556684494018555
-2.2381341457366943
-1.9086968898773193
-5.961650848388672
-2.2334067821502686
-1.260806679725647
-0.3379109799861908
-0.9879039525985718
-4.09345817565918
-2.2385215759277344
-3.9005188941955566
-1.0965187549591064
-4.846241474151611
-3.380795478820801
-0.4366561472415924
-1.906517505645752
-2.0779707431793213
-3.429182291030884
-6.598550796508789
-1.2961472272872925
-1.8119930028915405
-5.970416069030762
-3.0688014030456543
-5.801993370056152
-0.28976526856422424
-1.8664213418960571
-1.0100817680358887
-1.9836688041687012
-2.628643274307251
-0.9290158152580261
-5.349409103393555
-2.7365870475769043
-0.5961141586303711
-1.9963839054107666
-1.2482609748840332
-8.112409591674805
-0.13292178511619568
-0.8912975192070007
-6.596792221069336
-6.334298133850098
-3.063736915588379
-3.9910216331481934
-1.763184905052185
-1.5060927867889404
-2.5206284523010254
-4.496277809143066
-3.587719440460205
-2.0009512901306152
-1.0216352939605713
-5.301938056945801
-7.6382832527160645
-1.3046268224716187
-0.5387407541275024
-1.0597882270812988
-6.154526710510254
-3.1778006553649902
-2.6841161251068115
-1.7641209363937378
-8.091672897338867
-1.9409222602844238
-4.512455940246582
-0.3054025173187256
-1.827545404434204
-4.50227165222168
-0.7523139715194702
-7.585495948791504
-1.9326701164245605
-0.7988259196281433
-1.9810062646865845
-3.283191680908203
-0.7023327350616455
-0.9047901034355164
-0.5136512517929077
-7.37761926651001
-2.100590229034424
-0.9259122610092163
-6.432592391967773
-10.643919944763184
-4.092456817626953
-0.2773306369781494
-0.7960041165351868
-3.557925224304199
-2.5758585929870605
-3.1551809310913086
-5.839881420135498
-5.365190029144287
-6.90896463394165
-2.851970672607422
-4.621519088745117
-1.0856736898422241
-2.6837692260742188
-0.13645467162132263
-2.341374635696411
-2.850942373275757
-1.9267909526824951
-0.8110165596008301
-2.567199230194092
-2.6274898052215576
-0.5089565515518188
-0.4528183043003082
-1.3131154775619507
-2.6842849254608154
-0.896638810634613
-0.011610201559960842
-7.212757587432861
-2.219209671020508
-1.1621553897857666
-0.9330840110778809
-0.13431240618228912
-4.492274761199951
-0.6762973070144653
-2.313983678817749
-8.71418285369873
-2.1878113746643066
-3.488422155380249
-1.4870613813400269
-6.899204254150391
-8.227410316467285
-3.8653109073638916
-4.917428493499756
-0.1092582568526268
-1.53022038936615
-0.9002217650413513
-2.117793083190918
-3.8123958110809326
-4.052964210510254
-13.495330810546875
-1.3324425220489502
-2.6125986576080322
-1.1470087766647339
-3.0592525005340576
-2.337378740310669
-0.7713450789451599
-0.0601852722465992
-4.230523586273193
-6.2006916999816895
-4.44325065612793
-6.796664714813232
-0.7751288414001465
-1.5599610805511475
-0.21028167009353638
-1.8598309755325317
-4.824244976043701
-2.7200653553009033
-4.145256996154785
-2.083301544189453
-1.0679078102111816
-2.891965389251709
-0.25524064898490906
-1.4918315410614014
-5.063876628875732
-5.663692951202393
-1.8852835893630981
-0.9250526428222656
-5.957273483276367
-0.4311181604862213
-1.6841615438461304
-2.812084197998047
-1.2880234718322754
-2.0438570976257324
-12.032230377197266
-0.040803417563438416
-0.30742520093917847
-2.410874366760254
-1.9041005373001099
-3.740112781524658
-1.035531997680664
-1.2629469633102417
-3.115036964416504
-6.944591045379639
-0.8099585771560669
-1.6940817832946777
-7.536972522735596
-1.619956374168396
-3.728489875793457
-1.4549927711486816
-0.7719597220420837
-0.2756337523460388
-0.7643184065818787
-3.6704981327056885
-2.434631586074829
-0.35105299949645996
-1.8003591299057007
-1.0753142833709717
-1.778244972229004
-2.559173345565796
-0.8704692125320435
-2.078080177307129
-5.557913780212402
-1.5894808769226074
-1.749107003211975
-6.92794942855835
-3.093184232711792
-5.413108825683594
-2.176981210708618
-1.9779300689697266
-6.135146141052246
-10.358899116516113
-4.1722636222839355
-1.2504818439483643
-0.7907085418701172
-4.923191547393799
-2.646738052368164
-0.27185115218162537
-8.258661270141602
-5.111570835113525
-7.828270435333252
-2.4530205726623535
-4.782885551452637
-6.475989818572998
-0.14029334485530853
-0.6329571008682251
-1.4973580837249756
-3.5842740535736084
-4.069059371948242
-0.39230310916900635
-2.086956262588501
-1.4912018775939941
-5.970407009124756
-2.0386006832122803
-1.4758200645446777
-2.202467441558838
-1.1980359554290771
-2.506110191345215
-9.377077102661133
-0.8229146003723145
-1.5588691234588623
-0.49122872948646545
-0.6938265562057495
-1.6657860279083252
-3.140824556350708
-7.942770481109619
-2.3446807861328125
-8.255070686340332
-4.439096450805664
-1.4585254192352295
-6.188680648803711
-3.027311086654663
-2.443915605545044
-0.01576707325875759
-4.415133476257324
-4.933074951171875
-4.08549165725708
-14.12849235534668
-4.194115161895752
-2.381887197494507
-1.9340503215789795
-0.6919405460357666
-1.2160207033157349
-7.750765800476074
-6.664036273956299
-1.7215497493743896
-3.02253794670105
-12.5895414352417
-5.640249252319336
-5.360288143157959
-5.1881513595581055
-5.128495216369629
-6.254881381988525
-2.3431849479675293
-1.566819667816162
-2.8630566596984863
-0.5818745493888855
-0.6149852871894836
-0.8139448165893555
-0.5417829751968384
-2.986100673675537
-1.599686622619629
-7.290491104125977
-2.906888246536255
-0.12280432134866714
-4.089645862579346
-1.6051527261734009
-2.0715255737304688
-6.3429341316223145
-0.5695199370384216
-1.2524287700653076
-1.235298991203308
-4.674656867980957
-1.6704730987548828
-2.1236207485198975
-2.8840808868408203
-0.5249861478805542
-1.182187557220459
-1.3086594343185425
-1.8749676942825317
-1.5368822813034058
-0.4623589515686035
-3.297811508178711
-3.135923385620117
-1.7471442222595215
-0.09897588193416595
-3.1170599460601807
-2.537327289581299
-2.443511724472046
-2.4451546669006348
-2.3702335357666016
-0.946495771408081
-1.6790177822113037
-15.95228099822998
-2.8896725177764893
-0.16331155598163605
-0.7423455715179443
-1.6565752029418945
-7.919700622558594
-3.228559732437134
-3.546907663345337
-2.343266010284424
-2.1068482398986816
-3.930861234664917
-2.1178791522979736
-5.920973777770996
-1.9770171642303467
-2.1617798805236816
-2.195681571960449
-0.5659966468811035
-3.3714168071746826
-1.8238661289215088
-1.5111019611358643
-1.2345075607299805
-2.885699987411499
-1.1657483577728271
-0.534237802028656
-0.4268471300601959
-0.06650470942258835
-1.3236647844314575
-0.8163769245147705
-1.8394423723220825
-3.479811429977417
-5.924098491668701
-4.323044776916504
-4.906492233276367
-1.0976331233978271
-2.3282272815704346
-8.530462265014648
-1.7479031085968018
-6.468016624450684
-0.6221126914024353
-4.072062015533447
-2.700385808944702
-1.6418640613555908
-0.20394891500473022
-0.7597922086715698
-1.982991099357605
-7.535425186157227
-3.1048319339752197
-8.37997055053711
-1.525158405303955
-8.022299766540527
-7.374582767486572
-8.187931060791016
-8.738306999206543
-0.8519939184188843
-4.475216865539551
-0.6653591394424438
-2.8720037937164307
-8.246308326721191
-8.559122085571289
-0.17987950146198273
-0.31087571382522583
-3.522533655166626
-2.474708080291748
-3.929300546646118
-0.09293761849403381
-0.8124204277992249
-0.012292458675801754
-2.9310240745544434
-1.0091444253921509
-7.730644702911377
-4.939759254455566
-0.48007166385650635
-1.4087718725204468
-2.403747320175171
-7.387837886810303
-5.475177764892578
-0.5074957013130188
-1.8764985799789429
-2.3200902938842773
-0.43925052881240845
-1.4331862926483154
-4.134687423706055
-4.320212364196777
-2.386029005050659
-1.4648892879486084
-3.037890672683716
-0.31908658146858215
-2.9438114166259766
-1.5268211364746094
-8.535557746887207
-4.084949493408203
-1.5748997926712036
-0.3923189043998718
-0.5874750018119812
-6.637448787689209
-0.6673954725265503
-1.8398263454437256
-2.141422748565674
-4.067716598510742
-1.913246989250183
-0.4810411334037781
-2.9018571376800537
-3.347440719604492
-1.5715183019638062
-0.22447703778743744
-0.4887673854827881
-2.039154529571533
-7.532968997955322
-0.06695444881916046
-3.263556957244873
-5.926847457885742
-0.6639434695243835
-0.8295800089836121
-3.12760591506958
-2.9086532592773438
-4.259308815002441
-0.4045024514198303
-1.3708014488220215
-3.5516531467437744
-1.554547905921936
-5.733636379241943
-3.0361251831054688
-3.7539825439453125
-4.088748455047607
-3.636950969696045
-2.3740365505218506
-2.201427459716797
-4.93035364151001
-2.369083881378174
-0.4595247507095337
-4.162494659423828
-4.271538734436035
-0.5277073979377747
-1.8779518604278564
-2.5425872802734375
-0.4739658236503601
-2.583322525024414
-2.409132957458496
-0.4230135977268219
-0.9391670227050781
-4.843868732452393
-1.6423052549362183
-0.15244688093662262
-2.2744154930114746
-4.2530951499938965
-2.644104480743408
-3.95592999458313
-2.870730400085449
-1.5366342067718506
-3.05845046043396
-0.6345174908638
-2.354753255844116
-2.848522186279297
-4.129302501678467
-0.8007528185844421
-4.092995643615723
-4.616131782531738
-3.014075517654419
-1.749679446220398
-1.3273494243621826
-1.5334818363189697
-1.7698560953140259
-2.7618024349212646
-0.47868531942367554
-0.735523521900177
-1.2838126420974731
-2.829313278198242
-3.9277515411376953
-1.5283660888671875
-9.373058319091797
-3.5659313201904297
-5.878053665161133
-0.40468573570251465
-0.6348519921302795
-0.6938890814781189
-0.5821243524551392
-9.099228858947754
-0.3896597623825073
-0.5350548028945923
-2.0975492000579834
-1.8968262672424316
-1.9822579622268677
-0.4826045036315918
-2.8865139484405518
-3.157565116882324
-1.970826268196106
-0.607426643371582
-0.44921547174453735
-0.23553282022476196
-1.9833351373672485
-0.993346631526947
-1.523266077041626
-1.9661017656326294
-0.570197582244873
-0.20475101470947266
-2.759916305541992
-4.261839866638184
-4.505263328552246
-4.838393211364746
-3.085055351257324
-1.814343810081482
-3.2128145694732666
-1.8123217821121216
-3.6931509971618652
-6.039513111114502
-6.821944236755371
-3.3248682022094727
-2.0010039806365967
-1.3291020393371582
-2.962376117706299
-2.5800981521606445
-2.5222911834716797
-1.399967908859253
-4.42988395690918
-2.2640624046325684
-3.6153223514556885
-3.7000999450683594
-8.26855182647705
-2.8401904106140137
-2.9793243408203125
-4.4967875480651855
-0.5199657082557678
-1.5286961793899536
-5.189752578735352
-3.055903196334839
-2.5596933364868164
-3.603517532348633
-4.261438846588135
-2.8398470878601074
-4.823487758636475
-4.194573402404785
-2.7297327518463135
-1.5441356897354126
-3.762420654296875
-1.462636113166809
-4.105618000030518
-3.175445556640625
-4.428033828735352
-2.0843117237091064
-0.7135323286056519
-0.5620022416114807
-2.611772298812866
-4.918699741363525
-10.3020601272583
-0.40195977687835693
-2.004605293273926
-3.2963576316833496
-5.1193671226501465
-1.148787021636963
-1.9284677505493164
-1.1291766166687012
-5.764839172363281
-2.30029559135437
-4.327838897705078
-3.170698642730713
-1.0954831838607788
-6.586792945861816
-4.964486122131348
-1.736594319343567
-3.8492565155029297
-4.141106128692627
-1.1687091588974
-1.6460647583007812
-2.8537559509277344
-0.030209122225642204
-2.420666456222534
-1.9053930044174194
-3.742230176925659
-1.3113868236541748
-2.9875712394714355
-2.7253401279449463
-0.46255722641944885
-1.5149871110916138
-1.6900125741958618
-1.024784803390503
-5.3918776512146
-2.3090343475341797
-1.5958657264709473
-0.01929548941552639
-0.35721462965011597
-3.8746426105499268
-1.0024385452270508
-1.7011957168579102
-2.771862506866455
-1.903899908065796
-1.9562313556671143
-0.4052349328994751
-1.8104350566864014
-0.8796874284744263
-2.1525673866271973
-2.7770395278930664
-4.0278167724609375
-3.3736300468444824
-4.134023189544678
-0.39359545707702637
-1.67876136302948
-1.6498931646347046
-1.7854812145233154
-5.140350818634033
-3.242121934890747
-8.59514045715332
-4.900619983673096
-1.0667870044708252
-0.4843056797981262
-2.783381223678589
-7.018521308898926
-3.3545475006103516
-7.222082138061523
-3.32192325592041
-6.8901143074035645
-2.900010108947754
-3.2394444942474365
-1.2756328582763672
-2.304931402206421
-0.8422034978866577
-1.8856754302978516
-2.1888699531555176
-2.301983594894409
-1.8425586223602295
-1.3317190408706665
-0.8912543058395386
-2.5744049549102783
-1.9633783102035522
-5.53156852722168
-0.9691339731216431
-3.4637680053710938
-1.748387098312378
-0.4875653386116028
-1.632248878479004
-1.616568684577942
-7.510775089263916
-2.771589994430542
-6.467869758605957
-2.7494163513183594
-0.6204192042350769
-0.42294707894325256
-1.3290107250213623
-1.3728187084197998
-2.4323160648345947
-0.3201855719089508
-1.27610445022583
-0.42434313893318176
-2.563961982727051
-1.8038657903671265
-0.9951183795928955
-3.387169122695923
-6.637394905090332
-1.1001819372177124
-4.206963539123535
-2.95265793800354
-1.6221109628677368
-0.4088919758796692
-2.3971266746520996
-2.5629639625549316
-1.6194357872009277
-4.92835807800293
-4.48837947845459
-0.4863928556442261
-5.5093607902526855
-2.186002254486084
-4.667469501495361
-4.478501319885254
-3.1615185737609863
-1.0154492855072021
-0.41239553689956665
-2.3390145301818848
-2.532258987426758
-10.270720481872559
-2.6469063758850098
-1.9693536758422852
-4.5081658363342285
-4.071512222290039
-3.633540391921997
-2.935290813446045
-1.087998390197754
-2.6423778533935547
-2.137263774871826
-1.9382991790771484
-1.396141529083252
-0.6259611248970032
-0.06277032941579819
-2.393468141555786
-4.828311443328857
-0.7804623246192932
-4.612377166748047
-4.795304298400879
-2.0191476345062256
-3.757791519165039
-2.7700624465942383
-1.7872958183288574
-1.785211205482483
-1.7099381685256958
-3.4858906269073486
-1.717212438583374
-2.193004608154297
-3.6739816665649414
-0.5917056202888489
-2.7586474418640137
-0.38872596621513367
-1.590454339981079
-3.751551389694214
-2.4399302005767822
-3.4556996822357178
-4.070715427398682
-1.538884162902832
-1.0833666324615479
-4.171776294708252
-2.6343021392822266
-0.6431986093521118
-3.7908084392547607
-1.3875211477279663
-1.8248405456542969
-8.946494102478027
-0.43385201692581177
-1.7406336069107056
-1.8024542331695557
-0.6289520263671875
-1.9071547985076904
-1.58465576171875
-2.2819457054138184
-5.565983772277832
-5.145553112030029
-0.4951140880584717
-1.1596790552139282
-3.0473101139068604
-1.7450884580612183
-2.4902172088623047
-2.4959933757781982
-0.852420449256897
-1.1486334800720215
-6.636749267578125
-1.6528561115264893
-3.3290350437164307
-1.3099594116210938
-4.2375664710998535
-8.33244800567627
-2.5001814365386963
-2.3900704383850098
-0.26311707496643066
-0.1763433963060379
-3.9842607975006104
-2.8865582942962646
-2.9044830799102783
-1.1392250061035156
-5.8115434646606445
-4.400176048278809
-4.142841815948486
-1.4454141855239868
-0.379341721534729
-1.8229475021362305
-9.408132553100586
-2.1974658966064453
-1.8955250978469849
-1.2333674430847168
-2.069488286972046
-3.183846950531006
-0.06006336584687233
-2.835151433944702
-7.961030006408691
-2.2936670780181885
-5.085758209228516
-3.366655111312866
-1.8779761791229248
-0.10251649469137192
-0.5065396428108215
-2.119082450866699
-0.8404950499534607
-2.2090907096862793
-7.531400203704834
-1.5091285705566406
-0.47386837005615234
-2.4697234630584717
-4.689853668212891
-2.056657314300537
-3.1125526428222656
-4.025253772735596
-3.010531425476074
-1.7078732252120972
-0.4332674443721771
-1.8105396032333374
-8.54289436340332
-1.1059352159500122
-2.331342935562134
-1.5995899438858032
-2.9748237133026123
-3.0770769119262695
-1.267727255821228
-2.3781628608703613
-1.3899664878845215
-0.45285969972610474
-1.7369530200958252
-5.794412612915039
-5.839308738708496
-7.186173439025879
-0.575092613697052
-2.2272891998291016
-0.5252296328544617
-2.2472448348999023
-0.5345789194107056
-3.815769910812378
-6.204283714294434
-2.1357269287109375
-1.47312331199646
-1.1855171918869019
-3.0456082820892334
-6.5269598960876465
-2.163440465927124
-0.3436065912246704
-3.7767066955566406
-8.419029235839844
-4.018545150756836
-3.00010347366333
-3.6233203411102295
-1.5478702783584595
-6.089623928070068
-4.526707172393799
-8.15993595123291
-0.5729504227638245
-16.888328552246094
-3.4728102684020996
-4.187473297119141
-6.8262481689453125
-1.204369306564331
-2.009805202484131
-1.7554734945297241
-2.922029495239258
-0.5217134952545166
-0.8752387166023254
-3.4414055347442627
-1.6012732982635498
-0.16193373501300812
-0.3181850016117096
-1.7732927799224854
-1.761546015739441
-3.802211046218872
-4.6119818687438965
-4.816883087158203
-5.761207103729248
-2.864133596420288
-3.7516534328460693
-2.630432367324829
-2.0397138595581055
-0.3417797088623047
-1.8160274028778076
-2.168889284133911
-4.898273944854736
-0.673738956451416
-0.9991968870162964
-2.1986031532287598
-0.7093926668167114
-0.9112634658813477
-3.738314151763916
-0.6273785829544067
-1.8876056671142578
-1.1825838088989258
-1.8130135536193848
-4.270806312561035
-4.8216657638549805
-0.6806670427322388
-3.534022331237793
-4.84036922454834
-1.4142260551452637
-1.9161502122879028
-1.0515873432159424
-0.01906931959092617
-0.373162180185318
-2.338977575302124
-3.410292148590088
-4.173765182495117
-1.9414327144622803
-2.5804243087768555
-3.2652530670166016
-1.705298900604248
-7.11956262588501
-1.5836485624313354
-2.2805299758911133
-1.1028252840042114
-5.009000778198242
-2.3387246131896973
-3.831120491027832
-3.0499651432037354
-2.086918830871582
-2.31319260597229
-0.20019714534282684
-1.1201039552688599
-0.06031782925128937
-3.2207388877868652
-0.9244087934494019
-0.37190520763397217
-4.834963321685791
-0.05472499132156372
-1.8994858264923096
-1.3078163862228394
-3.4468698501586914
-4.121198654174805
-7.604706764221191
-1.5153648853302002
-3.3337337970733643
-0.6914134621620178
-1.8105342388153076
-1.6405932903289795
-7.146843433380127
-7.4232497215271
-6.378200054168701
-3.5008625984191895
-1.0945051908493042
-6.143136978149414
-5.082176208496094
-1.8555583953857422
-8.810158729553223
-1.0123016834259033
-0.6971346139907837
-4.572053909301758
-4.219128608703613
-2.9440841674804688
-4.068992614746094
-2.170412063598633
-1.1555877923965454
-1.4487351179122925
-3.4454565048217773
-8.266644477844238
-1.2760872840881348
-1.372290849685669
-1.996142864227295
-6.645491600036621
-5.771993637084961
-1.4108643531799316
-4.980951309204102
-1.9871881008148193
-3.926046371459961
-6.580700874328613
-2.1602866649627686
-0.2533804476261139
-4.077391147613525
-2.8340964317321777
-2.9910287857055664
-3.515228033065796
-4.734304904937744
-1.1670974493026733
-7.0357232093811035
-0.5296441912651062
-2.897507429122925
-2.5518760681152344
-1.3281223773956299
-0.4289878308773041
-7.771249771118164
-2.591951608657837
-3.262561321258545
-4.780500888824463
-0.9096218347549438
-2.1883432865142822
-0.6797852516174316
-13.172887802124023
-2.0381340980529785
-6.563852787017822
-9.571592330932617
-6.545156955718994
-7.873687267303467
-4.310314655303955
-1.8714678287506104
-10.483907699584961
-4.386340618133545
-1.5209465026855469
-2.777759075164795
-8.372416496276855
-2.188737630844116
-8.070564270019531
-2.151620864868164
-1.241279125213623
-0.6780514717102051
-4.290511131286621
-3.392085075378418
-2.3392505645751953
-4.0464982986450195
-3.1089797019958496
-3.2918479442596436
-0.4971390664577484
-4.757404327392578
-1.4307862520217896
-8.49603271484375
-1.0937416553497314
-2.1468710899353027
-3.2033801078796387
-5.58680534362793
-7.493417739868164
-2.752303123474121
-5.326656818389893
-2.843505859375
-0.995071291923523
-3.1283795833587646
-6.505927085876465
-0.881513237953186
-8.66628646850586
-2.334066867828369
-0.4704354405403137
-2.0417871475219727
-2.4354896545410156
-0.0717262551188469
-0.9239024519920349
-3.5283002853393555
-1.9429125785827637
-0.38692381978034973
-2.4192874431610107
-0.04737154394388199
-4.419009685516357
-3.9272425174713135
-3.68871808052063
-2.3790507316589355
-2.7269415855407715
-4.1219892501831055
-9.43458366394043
-2.89481782913208
-5.458817005157471
-4.798807144165039
-5.525951862335205
-1.8714146614074707
-1.9527900218963623
-3.778134822845459
-2.6260299682617188
-2.0813841819763184
-3.295895576477051
-1.6350678205490112
-3.2680444717407227
-1.711820363998413
-3.8904571533203125
-5.922319412231445
-3.501124620437622
-3.3398897647857666
-5.0702805519104
-0.9850482940673828
-2.414727210998535
-1.9715287685394287
-3.5987067222595215
-2.553213357925415
-2.2130746841430664
-3.6020877361297607
-2.5846779346466064
-4.1347808837890625
-0.780008852481842
-9.71274185180664
-4.881405353546143
-1.4892714023590088
-0.8041858077049255
-3.1709322929382324
-0.5180596113204956
-2.482762098312378
-10.240750312805176
-1.4484760761260986
-1.3530077934265137
-3.879301071166992
-0.5391349792480469
-3.1686840057373047
-0.5995826125144958
-3.2881124019622803
-9.475424766540527
-3.4838342666625977
-1.955573320388794
-6.537408828735352
-1.9703432321548462
-4.812371253967285
-2.3602724075317383
-0.4432830810546875
-2.0135536193847656
-1.249809980392456
-0.6246535778045654
-2.2433369159698486
-0.30150023102760315
-4.999923229217529
-3.330547571182251
-2.229666233062744
-1.1567167043685913
-1.5918043851852417
-3.2003140449523926
-1.3328241109848022
-1.0768269300460815
-5.904746055603027
-1.5868281126022339
-3.572660446166992
-6.423148155212402
-3.5324208736419678
-3.5113892555236816
-2.5297372341156006
-0.7943235635757446
-4.666203498840332
-5.201650619506836
-3.067239761352539
-7.643805027008057
-0.13159245252609253
-3.094693183898926
-0.7409506440162659
-3.6724343299865723
-2.905975818634033
-0.255524218082428
-5.0418009757995605
-11.850321769714355
-10.298168182373047
-1.0655492544174194
-1.7780799865722656
-6.160909175872803
-8.702226638793945
-0.8113718032836914
-5.008202075958252
-7.3807878494262695
-0.5466865301132202
-4.214622974395752
-1.3661823272705078
-0.056971218436956406
-2.572781562805176
-1.918294072151184
-3.6113831996917725
-2.5665318965911865
-1.124161720275879
-4.388492107391357
-4.0040364265441895
-2.9380502700805664
-2.1809678077697754
-0.9474064111709595
-4.6517252922058105
-4.835011959075928
-2.5444862842559814
-2.34161114692688
-5.135951042175293
-0.8767437934875488
-6.198764324188232
-0.7711407542228699
-1.8118773698806763
-1.770837664604187
-3.7479047775268555
-9.984139442443848
-4.004673957824707
-7.361663341522217
-9.71374225616455
-3.452521324157715
-4.134039878845215
-4.193085670471191
-5.235614776611328
-1.3939220905303955
-5.462155342102051
-5.032756805419922
-3.446270227432251
-3.638854742050171
-0.14253368973731995
-3.8117923736572266
-8.807104110717773
-5.00988245010376
-1.4256579875946045
-7.008115291595459
-5.512416362762451
-0.7609812021255493
-5.703023910522461
-3.0190024375915527
-4.062847137451172
-2.5767266750335693
-5.807441234588623
-3.743081569671631
-3.006103038787842
-1.9365234375
-4.003653049468994
-2.5057997703552246
-4.143605709075928
-3.8813822269439697
-0.6620851755142212
-2.1744284629821777
-22.668479919433594
-7.4643073081970215
-1.688391923904419
-1.9607748985290527
-2.816133499145508
-10.390095710754395
-7.300848960876465
-0.28984779119491577
-0.03625967726111412
-4.0504231452941895
-5.032756805419922
-2.8831610679626465
-0.7037366628646851
-1.4164297580718994
-4.433189868927002
-0.9071434140205383
-2.3215723037719727
-11.035104751586914
-2.067962884902954
-3.3517279624938965
-1.0215346813201904
-6.907181739807129
-3.8942434787750244
-3.400031566619873
-3.4607555866241455
-3.3295469284057617
-3.262561798095703
-2.943678855895996
-2.125823974609375
-3.0347375869750977
-6.076101303100586
-3.1417789459228516
-0.26827171444892883
-1.6055538654327393
-0.38484689593315125
-0.7844786047935486
-7.262362957000732
-3.979154109954834
-1.7960375547409058
-0.5337523818016052
-2.4522430896759033
-4.247686386108398
-8.49117374420166
-3.2557337284088135
-8.762500762939453
-2.4610090255737305
-3.0489461421966553
-0.4587950110435486
-8.943978309631348
-4.68850040435791
-1.9746105670928955
-5.24608039855957
-1.1631683111190796
-1.7508291006088257
-4.329995155334473
-3.4558656215667725
-1.3070359230041504
-3.3082778453826904
-4.492005348205566
-8.918669700622559
-0.11811856925487518
-0.5023493766784668
-3.014545440673828
-0.572407603263855
-4.118268966674805
-1.6041029691696167
-3.3424510955810547
-0.1768454611301422
-1.032472014427185
-1.8098105192184448
-3.5390310287475586
-5.990907192230225
-2.7836005687713623
-0.9652078151702881
-1.2111150026321411
-3.5299105644226074
-1.0595571994781494
-2.441526412963867
-2.2145678997039795
-1.6756982803344727
-1.5792158842086792
-2.4773216247558594
-12.258750915527344
-1.8301914930343628
-5.068388938903809
-5.105081081390381
-1.026047945022583
-2.3809866905212402
-8.418488502502441
-7.538259983062744
-5.5300750732421875
-1.1371442079544067
-2.1530611515045166
-9.75900650024414
-1.6320676803588867
-0.9899148344993591
-1.2805393934249878
-1.020790457725525
-1.8933607339859009
-2.580049991607666
-4.224804878234863
-3.73700213432312
-2.7630088329315186
-4.9817399978637695
-0.3157654404640198
-9.633755683898926
-4.222363471984863
-0.905927836894989
-0.3622097373008728
-3.5687074661254883
-1.7079663276672363
-0.9378872513771057
-1.6281849145889282
-3.2310383319854736
-8.290133476257324
-2.540567398071289
-2.513305187225342
-2.0574164390563965
-1.9766404628753662
-2.405103921890259
-1.6875725984573364
-2.5060582160949707
-6.803646087646484
-10.30596923828125
-5.013998031616211
-0.9442999362945557
-3.0845484733581543
-0.5236899256706238
-5.740550994873047
-4.0695390701293945
-0.2635577321052551
-2.9521830081939697
-1.479501724243164
-3.5080525875091553
-3.3757636547088623
-5.7987823486328125
-1.1162153482437134
-0.6170207262039185
-0.7088310718536377
-6.596978187561035
-1.493574857711792
-1.708479404449463
-3.7120022773742676
-5.332289218902588
-4.066956043243408
-1.9075026512145996
-2.0374324321746826
-0.52252197265625
-4.6574320793151855
-6.908249378204346
-4.1889495849609375
-5.026160717010498
-2.7309913635253906
-2.5618770122528076
-6.239838123321533
-3.228909730911255
-4.242298603057861
-6.013370037078857
-8.607044219970703
-8.435277938842773
-6.2383551597595215
-3.90386700630188
-1.085564136505127
-4.9900946617126465
-3.0939173698425293
-2.4145987033843994
-2.3530874252319336
-3.152808904647827
-3.108764410018921
-8.721404075622559
-0.7410551309585571
-1.6256829500198364
-9.836481094360352
-0.3224095404148102
-2.095182180404663
-6.697775840759277
-1.3026186227798462
-2.0995500087738037
-1.8259608745574951
-4.532974720001221
-10.141908645629883
-2.9172606468200684
-5.1255412101745605
-4.671698570251465
-2.822849750518799
-2.3123316764831543
-0.9134933352470398
-2.4460561275482178
-1.6496168375015259
-1.0093475580215454
-0.09879986196756363
-1.9745581150054932
-0.07873186469078064
-2.1349399089813232
-4.950026988983154
-5.103990077972412
-1.4380873441696167
-4.605101585388184
-0.7890743613243103
-4.703009605407715
-2.2396068572998047
-3.609900951385498
-1.8205769062042236
-1.1409152746200562
-2.643120288848877
-0.3928869366645813
-1.6869714260101318
-0.6739282011985779
-0.5100590586662292
-4.132451057434082
-2.8712265491485596
-2.19736909866333
-8.71921157836914
-0.9716308116912842
-1.5489050149917603
-3.430850028991699
-2.6898927688598633
-1.3730909824371338
-1.9889329671859741
-0.7972550988197327
-5.487465858459473
-1.7259811162948608
-8.08431625366211
-11.344573974609375
-5.4522318840026855
-11.762053489685059
-3.547834873199463
-1.355558156967163
-1.4308788776397705
-0.41330599784851074
-1.6383007764816284
-2.300567150115967
-1.9786369800567627
-6.871335029602051
-2.5218639373779297
-2.594148635864258
-2.504748821258545
-3.697413444519043
-2.3808207511901855
-4.6005659103393555
-3.3225364685058594
-1.5334709882736206
-0.5551660656929016
-2.5068717002868652
-0.3067771792411804
-3.0487942695617676
-0.5186722874641418
-1.972368597984314
-3.8209264278411865
-5.426412105560303
-1.3757137060165405
-1.3798623085021973
-4.015328407287598
-4.375211238861084
-3.513360023498535
-0.1252937614917755
-3.7544286251068115
-3.7947635650634766
-0.7291618585586548
-0.38416776061058044
-0.5301873683929443
-1.1017471551895142
-4.199375629425049
-2.774068832397461
-2.4834980964660645
-1.6862409114837646
-2.530877113342285
-5.8731255531311035
-1.0501199960708618
-2.8919730186462402
-1.447188138961792
-1.2415030002593994
-2.3213441371917725
-4.76643180847168
-2.67061185836792
-2.447089433670044
-2.0462353229522705
-6.684861660003662
-1.5572543144226074
-2.17232608795166
-3.7795989513397217
-1.4171926975250244
-2.032932758331299
-2.750143051147461
-1.3718781471252441
-0.5023899078369141
-1.511061429977417
-2.242494583129883
-0.5120078325271606
-3.021686553955078
-3.854649543762207
-3.3867568969726562
-1.6570396423339844
-3.968003273010254
-2.607112169265747
-4.321411609649658
-2.715437889099121
-2.115983486175537
-0.37020671367645264
-1.5971994400024414
-2.2116808891296387
-5.162118911743164
-0.6699620485305786
-2.1493213176727295
-0.39589086174964905
-2.2328169345855713
-1.2084672451019287
-2.4467263221740723
-4.275946617126465
-2.2971720695495605
-3.017193078994751
-2.119821548461914
-3.5918874740600586
-2.636286497116089
-1.2984745502471924
-4.005780220031738
-2.407038927078247
-10.63930892944336
-13.765141487121582
-1.5777204036712646
-0.6495278477668762
-5.043303966522217
-2.6911208629608154
-3.293891429901123
-3.1877424716949463
-2.139781951904297
-7.93572473526001
-4.343027591705322
-1.4458723068237305
-2.673353433609009
-0.8382094502449036
-0.5998963117599487
-5.837248802185059
-2.266763210296631
-8.71337604522705
-0.7191939949989319
-0.015926765277981758
-11.152911186218262
-1.1539876461029053
-8.121585845947266
-0.4499310255050659
-0.5301135182380676
-1.7440656423568726
-2.65987229347229
-3.425626277923584
-2.8385748863220215
-13.062835693359375
-3.2228574752807617
-7.092967987060547
-4.630538463592529
-2.289120674133301
-1.500319004058838
-2.543821334838867
-2.1407663822174072
-2.4397034645080566
-1.4528224468231201
-1.4358737468719482
-2.399608612060547
-1.0620713233947754
-1.945517659187317
-1.7745274305343628
-1.608402967453003
-2.49710750579834
-1.9777191877365112
-3.1759376525878906
-3.3009402751922607
-2.026646137237549
-2.813044309616089
-1.5487908124923706
-2.9685821533203125
-1.9862021207809448
-0.3003930449485779
-3.973329544067383
-9.730236053466797
-1.4256422519683838
-0.7909224033355713
-3.7799112796783447
-3.1865336894989014
-4.493558406829834
-0.4464580714702606
-1.7447049617767334
-2.5690910816192627
-2.3509411811828613
-3.0956153869628906
-0.930315375328064
-0.05734016373753548
-4.019742965698242
-2.87788462638855
-1.3024753332138062
-6.216254711151123
-2.3820743560791016
-4.023486614227295
-1.3097645044326782
-2.1614038944244385
-0.23678706586360931
-3.698392868041992
-1.878031611442566
-4.3963446617126465
-5.411428451538086
-1.1197335720062256
-4.236051082611084
-2.286296844482422
-1.5387706756591797
-3.7816507816314697
-3.8842356204986572
-0.40628722310066223
-3.010470390319824
-1.3806164264678955
-2.478478193283081
-1.219209909439087
-3.916518211364746
-1.010743498802185
-3.3465769290924072
-2.902672052383423
-2.58666729927063
-8.629542350769043
-0.30697575211524963
-1.6613671779632568
-2.52258038520813
-1.8515605926513672
-6.397460460662842
-2.728342056274414
-1.308866262435913
-3.9029157161712646
-3.3346941471099854
-3.207308292388916
-1.335878849029541
-11.949112892150879
-1.4094382524490356
-3.4227423667907715
-8.883522987365723
-2.4709057807922363
-3.310516357421875
-1.3636665344238281
-2.021014928817749
-2.689732313156128
-1.2404754161834717
-0.10215975344181061
-1.7248600721359253
-1.2895960807800293
-3.739786148071289
-1.3736799955368042
-4.16684103012085
-0.35965898633003235
-2.0984244346618652
-2.5659122467041016
-3.1820950508117676
-1.3435899019241333
-2.782489538192749
-1.9897390604019165
-3.9459753036499023
-0.532339870929718
-1.821532964706421
-6.015195369720459
-0.36610472202301025
-2.1238975524902344
-8.422170639038086
-4.130108833312988
-3.939894199371338
-0.5103853940963745
-0.7693644762039185
-4.451464653015137
-2.6384012699127197
-2.2804582118988037
-0.29737913608551025
-1.5420315265655518
-2.1413726806640625
-5.006875991821289
-0.549767255783081
-2.4359662532806396
-1.170290231704712
-1.0886902809143066
-1.2823452949523926
-2.178462028503418
-1.9548484086990356
-1.8004636764526367
-0.41745108366012573
-1.4326894283294678
-3.918813943862915
-2.0872602462768555
-0.6777582168579102
-0.5013833045959473
-1.9550960063934326
-1.4345340728759766
-1.5020222663879395
-8.466355323791504
-2.4966487884521484
-0.3646586239337921
-1.9703772068023682
-1.967201590538025
-1.4678575992584229
-0.7948051691055298
-1.5301364660263062
-2.642961263656616
-2.327899217605591
-3.5218441486358643
-4.019627571105957
-0.49577921628952026
-1.6733533143997192
-13.720155715942383
-3.0008749961853027
-2.5438456535339355
-0.5466026663780212
-4.574337482452393
-5.950682640075684
-0.3604644238948822
-3.0010194778442383
-2.1759397983551025
-1.611558198928833
-1.5533465147018433
-1.8333988189697266
-1.4710819721221924
-2.0281171798706055
-0.6741116046905518
-1.4422712326049805
-2.144493579864502
-3.697540283203125
-0.45239579677581787
-0.3781983554363251
-1.8527727127075195
-3.111558437347412
-3.6285414695739746
-1.2767188549041748
-1.4814115762710571
-1.733380675315857
-1.5360711812973022
-3.4311580657958984
-8.836263656616211
-4.312824249267578
-1.4360158443450928
-4.269376754760742
-0.7546365857124329
-2.4299230575561523
-1.8873112201690674
-4.412847518920898
-2.9300599098205566
-2.9652459621429443
-2.415590286254883
-3.317251205444336
-3.228666067123413
-1.8814547061920166
-0.39157214760780334
-1.6584553718566895
-2.4538300037384033
-2.688211679458618
-1.4428324699401855
-1.3666404485702515
-2.646207809448242
-2.5299572944641113
-1.8172959089279175
-3.856616973876953
-2.2315733432769775
-2.296830177307129
-0.4528307318687439
-1.646820068359375
-2.2479751110076904
-2.1772308349609375
-2.0601601600646973
-3.7608399391174316
-4.282238960266113
-2.6266088485717773
-3.2071423530578613
-4.346984386444092
-0.22346270084381104
-7.3809051513671875
-3.1138362884521484
-2.3448851108551025
-0.3085595667362213
-1.7255306243896484
-1.9582983255386353
-0.4163420796394348
-0.9974926710128784
-2.1258413791656494
-0.8291211128234863
-2.0746588706970215
-5.365326881408691
-0.5207773447036743
-1.8100600242614746
-0.464558482170105
-1.6924164295196533
-0.23257777094841003
-3.997603416442871
-3.2390050888061523
-1.2222682237625122
-1.0438956022262573
-6.537713050842285
-0.5732001066207886
-4.716353893280029
-0.37349069118499756
-0.45165181159973145
-2.3463757038116455
-3.525534152984619
-1.5865308046340942
-1.969099998474121
-4.026900768280029
-0.15036992728710175
-0.05109308660030365
-2.774608850479126
-2.311488151550293
-1.5715371370315552
-4.192294597625732
-0.07450622320175171
-0.33069416880607605
-1.7139922380447388
-1.8304572105407715
-3.1557374000549316
-0.9884029030799866
-1.9606750011444092
-2.8453078269958496
-3.2627947330474854
-8.849404335021973
-0.36269059777259827
-2.0576515197753906
-4.495398044586182
-3.242961883544922
-8.123514175415039
-1.2526891231536865
-1.879746675491333
-2.531663656234741
-0.4007258117198944
-1.7904906272888184
-3.4488296508789062
-1.6328316926956177
-2.4446096420288086
-2.662343740463257
-1.5387558937072754
-1.9160637855529785
-2.9534127712249756
-2.0762014389038086
-3.1084353923797607
-3.074636697769165
-0.6623305082321167
-1.862258791923523
-1.3246281147003174
-8.08801555633545
-3.0740246772766113
-3.5727241039276123
-1.1091878414154053
-2.2719597816467285
-6.836524963378906
-1.3424839973449707
-3.311844825744629
-1.1131319999694824
-1.4536492824554443
-2.7350974082946777
-3.1855499744415283
-3.1072580814361572
-1.3561794757843018
-1.7513421773910522
-2.7185051441192627
-3.7465808391571045
-2.078075408935547
-1.7860974073410034
-0.4117008447647095
-8.781468391418457
-2.337313175201416
-2.322963237762451
-2.8299174308776855
-1.9033372402191162
-0.055771227926015854
-4.6015777587890625
-2.5183894634246826
-0.6003798246383667
-1.0823184251785278
-6.624770641326904
-2.0070724487304688
-1.5354000329971313
-1.7930254936218262
-0.8049905300140381
-0.9730080366134644
-1.3181270360946655
-0.311395525932312
-1.1329855918884277
-3.089829444885254
-7.354178428649902
-0.9335306882858276
-0.8479714393615723
-1.0847090482711792
-2.4024741649627686
-1.7006367444992065
-3.4096157550811768
-4.298802852630615
-0.806881308555603
-5.125164031982422
-5.947673797607422
-2.690551996231079
-3.0412354469299316
-4.318394184112549
-2.764587879180908
-2.6816611289978027
-2.397653102874756
-2.7393603324890137
-2.0459542274475098
-1.9291049242019653
-3.963076114654541
-0.9422389268875122
-1.117576241493225
-2.046032428741455
-2.5429818630218506
-2.58847713470459
-2.1168384552001953
-7.946719646453857
-1.8391063213348389
-1.66080904006958
-3.129852533340454
-0.747835636138916
-1.5162044763565063
-3.6007111072540283
-7.778828144073486
-1.3306798934936523
-4.286642551422119
-2.6404008865356445
-2.411320209503174
-3.116974353790283
-0.9854980707168579
-2.544776678085327
-1.3186832666397095
-1.2520886659622192
-9.002068519592285
-3.222438335418701
-0.7825790643692017
-3.308199644088745
-0.021617617458105087
-10.00060749053955
-1.1592302322387695
-1.6805588006973267
-0.8820223808288574
-4.850118160247803
-3.0174667835235596
-4.2502923011779785
-3.623786211013794
-2.0192160606384277
-5.473935127258301
-4.976894855499268
-1.1691893339157104
-1.361642837524414
-6.42459774017334
-2.5554087162017822
-1.9696922302246094
-3.9326155185699463
-1.9538090229034424
-1.1878647804260254
-8.61505126953125
-1.8154246807098389
-1.6381157636642456
-3.602692127227783
-1.278908133506775
-7.282966136932373
-4.05386209487915
-4.242725849151611
-1.4557280540466309
-1.1900031566619873
-1.123762607574463
-5.644628047943115
-1.1938940286636353
-6.468050956726074
-2.0918149948120117
-4.846458435058594
-0.8381713032722473
-2.197836399078369
-3.9481265544891357
-2.600869655609131
-0.7018139362335205
-1.8755313158035278
-2.306354522705078
-4.1587724685668945
-7.180446624755859
-3.459033966064453
-0.4039493799209595
-1.8918700218200684
-4.27344274520874
-7.177355766296387
-0.8873632550239563
-3.192457675933838
-2.8042361736297607
-3.0336697101593018
-6.803875923156738
-1.331479787826538
-4.88931131362915
-0.8481380939483643
-1.3900489807128906
-0.6486074924468994
-1.2079256772994995
-3.892181634902954
-4.172874450683594
-1.5143015384674072
-5.006934642791748
-1.4626563787460327
-1.937380075454712
-0.02032056823372841
-6.9621357917785645
-2.626812219619751
-0.8771035075187683
-2.0885448455810547
-0.8071509599685669
-2.955496311187744
-6.893655300140381
-0.7307264804840088
-1.915447473526001
-1.2042334079742432
-0.7025763988494873
-1.519500970840454
-2.8284080028533936
-4.348784923553467
-7.153358459472656
-0.4454137682914734
-2.013389825820923
-0.9868018627166748
-0.8483086824417114
-3.951767921447754
-0.29632171988487244
-5.236743927001953
-3.581118106842041
-1.8727437257766724
-0.49716684222221375
-1.5970520973205566
-8.382625579833984
-2.310030937194824
-1.7130626440048218
-3.0366199016571045
-3.245882034301758
-0.48006147146224976
-3.2173235416412354
-2.777071952819824
-0.39358916878700256
-2.1384689807891846
-0.6509585976600647
-2.201030731201172
-3.295819044113159
-2.1454367637634277
-2.2404401302337646
-2.096067190170288
-4.268884658813477
-1.9847666025161743
-3.739169120788574
-2.058424949645996
-1.1459687948226929
-6.1612396240234375
-10.513920783996582
-4.261600971221924
-1.6666406393051147
-1.0115211009979248
-4.805363655090332
-4.85763692855835
-3.585326910018921
-1.8900679349899292
-0.48597127199172974
-3.1297943592071533
-6.477248668670654
-2.3509275913238525
-0.18851220607757568
-7.363646984100342
-2.4832608699798584
-0.8619478940963745
-9.558395385742188
-0.4193698465824127
-3.2497849464416504
-2.065613269805908
-3.272042989730835
-3.779301404953003
-1.5980085134506226
-2.528348922729492
-2.6520724296569824
-0.037788912653923035
-5.856565952301025
-10.648585319519043
-4.2438225746154785
-3.340536117553711
-0.706879198551178
-7.790370941162109
-3.985417127609253
-1.938547968864441
-2.762361764907837
-1.3604798316955566
-1.7048546075820923
-1.0916149616241455
-5.889528751373291
-1.5173115730285645
-5.219876289367676
-2.8707828521728516
-3.4980342388153076
-6.200713157653809
-3.1023833751678467
-1.6342064142227173
-5.466094970703125
-1.376386046409607
-2.007856845855713
-4.927277565002441
-5.95482063293457
-1.4101853370666504
-1.9176435470581055
-1.611236810684204
-1.6174062490463257
-3.990856885910034
-0.43011486530303955
-2.6447107791900635
-3.582350730895996
-3.119992733001709
-2.6784653663635254
-2.2589242458343506
-6.362584114074707
-10.559911727905273
-4.028417110443115
-4.549607276916504
-1.1801972389221191
-3.167923927307129
-2.2712185382843018
-7.716541767120361
-3.608022451400757
-3.254504680633545
-0.22119329869747162
-1.2635235786437988
-2.7936437129974365
-1.5673372745513916
-1.7945789098739624
-1.4435358047485352
-4.3297576904296875
-2.0936074256896973
-9.265905380249023
-2.395822048187256
-0.6128881573677063
-10.577342987060547
-0.5433692932128906
-0.9333151578903198
-8.670771598815918
-3.564729690551758
-1.165084958076477
-2.990872621536255
-4.824615001678467
-4.195552349090576
-2.0340754985809326
-1.936616063117981
-0.7090922594070435
-3.078967332839966
-5.762019634246826
-11.47945785522461
-3.8898236751556396
-1.3083250522613525
-0.6576036214828491
-1.174957036972046
-1.6032142639160156
-4.327114582061768
-2.1384692192077637
-0.6509587168693542
-2.201030731201172
-3.4466545581817627
-5.333188056945801
-2.213432788848877
-1.211705207824707
-2.277559757232666
-2.0335679054260254
-1.1093862056732178
-4.290450096130371
-1.7596280574798584
-3.330247163772583
-1.8764152526855469
-0.9182335734367371
-5.677637577056885
-2.718193769454956
-1.9162883758544922
-5.69571590423584
-6.29123592376709
-5.1632561683654785
-1.596331238746643
-1.126965045928955
-3.578676223754883
-2.785442352294922
-2.8554863929748535
-2.449713945388794
-2.7739357948303223
-6.338612079620361
-3.8384249210357666
-1.4920132160186768
-0.7985639572143555
-4.383974075317383
-6.183407306671143
-3.764556407928467
-1.3614566326141357
-0.9824059009552002
-2.236987829208374
-3.4334819316864014
-4.423626899719238
-7.63151216506958
-4.986940860748291
-0.555121123790741
-2.4798972606658936
-0.6664863228797913
-2.369140386581421
-7.100063800811768
-4.29402494430542
-7.257691860198975
-2.786834478378296
-0.690166175365448
-2.2579171657562256
-6.169150352478027
-1.1108834743499756
-3.5567786693573
-1.805332899093628
-2.4895379543304443
-4.514474868774414
-4.918591499328613
-1.7713727951049805
-2.72098445892334
-3.7280337810516357
-3.4196105003356934
-10.282590866088867
-2.4967455863952637
-3.36251163482666
-3.937138557434082
-10.636429786682129
-3.9256057739257812
-2.2320079803466797
-6.221736431121826
-4.834372043609619
-6.79496431350708
-4.345219135284424
-0.05920185148715973
-4.4208269119262695
-0.740772545337677
-1.862465262413025
-8.364994049072266
-4.566652297973633
-3.0220143795013428
-5.717345714569092
-4.5297770500183105
-1.0598773956298828
-1.2910425662994385
-1.602597713470459
-0.5890970230102539
-17.43917465209961
-4.738978385925293
-7.514913082122803
-6.218957901000977
-0.13073143362998962
-4.523337364196777
-2.408317804336548
-1.2860647439956665
-2.7589335441589355
-2.2041754722595215
-4.507166862487793
-1.386709451675415
-0.6864084601402283
-8.359678268432617
-0.9628026485443115
-3.2309508323669434
-7.112241268157959
-0.34004685282707214
-0.2831520736217499
-0.9973205327987671
-7.989474773406982
-11.866846084594727
-7.961694240570068
-2.991032838821411
-3.7335734367370605
-4.249919891357422
-1.4764795303344727
-5.967165946960449
-2.2368009090423584
-2.3187131881713867
-0.6689457893371582
-1.144479513168335
-4.647727012634277
-1.4965496063232422
-1.0557637214660645
-4.994476318359375
-1.4119800329208374
-2.365429639816284
-1.7227327823638916
-0.8519615530967712
-3.1827006340026855
-1.7127528190612793
-1.3070359230041504
-3.3082778453826904
-8.57673454284668
-5.306856155395508
-2.763789176940918
-2.176358461380005
-2.5989794731140137
-3.3826048374176025
-3.1147656440734863
-3.0880653858184814
-4.834619522094727
-3.3893628120422363
-1.1274627447128296
-1.5734015703201294
-4.544679641723633
-2.1862387657165527
-2.976980686187744
-4.978128910064697
-5.547290802001953
-1.2678027153015137
-2.1222751140594482
-4.176285266876221
-1.7970939874649048
-2.0743660926818848
-3.913250684738159
-4.13694953918457
-2.833871364593506
-1.3242101669311523
-1.186226487159729
-9.216771125793457
-3.3355252742767334
-4.003460884094238
-5.83131742477417
-4.8422417640686035
-1.2441487312316895
-1.0274025201797485
-1.5612609386444092
-7.689783573150635
-4.808053016662598
-2.530061960220337
-4.700558185577393
-0.11471322178840637
-2.9480879306793213
-0.5691949725151062
-0.05724571645259857
-0.9112745523452759
-0.38288116455078125
-0.4296203553676605
-3.654552698135376
-5.894674301147461
-4.143229007720947
-0.6849833130836487
-4.274938583374023
-2.455583095550537
-0.6368684768676758
-2.1319234371185303
-1.4865901470184326
-9.200895309448242
-1.543035864830017
-2.222059488296509
-4.939830780029297
-0.6367884278297424
-0.44517946243286133
-0.9676041603088379
-4.810911178588867
-1.917409896850586
-3.4705867767333984
-1.269958734512329
-2.09597110748291
-1.0053999423980713
-2.7613003253936768
-1.7394545078277588
-11.319161415100098
-0.28135690093040466
-0.16757318377494812
-3.3902180194854736
-8.05908203125
-1.9473620653152466
-10.407103538513184
-0.5130594372749329
-2.306807041168213
-0.35899651050567627
-9.057801246643066
-3.632833957672119
-0.445451945066452
-0.917059600353241
-10.058249473571777
-4.478892803192139
-2.610823392868042
-3.1353390216827393
-0.940547525882721
-2.340965986251831
-2.1552014350891113
-0.8695392608642578
-2.8713667392730713
-2.760068416595459
-9.650232315063477
-2.6663925647735596
-0.5762565732002258
-5.054582595825195
-1.7157164812088013
-3.930072784423828
-0.44914960861206055
-1.6606450080871582
-0.18178114295005798
-1.9912209510803223
-2.2235684394836426
-3.4296140670776367
-1.946475625038147
-2.4455313682556152
-1.8463338613510132
-3.19352650642395
-2.7950520515441895
-0.3968905210494995
-1.6007356643676758
-3.0991995334625244
-5.453914642333984
-5.613143444061279
-0.46436333656311035
-0.3481977581977844
-1.0246427059173584
-2.452303886413574
-4.979119300842285
-1.121070384979248
-2.3466572761535645
-0.5704615116119385
-4.960964202880859
-4.597916603088379
-5.832718372344971
-0.3529583811759949
-1.6244394779205322
-0.9656862020492554
-0.5301737189292908
-4.645243167877197
-2.390852689743042
-1.4486753940582275
-4.200846195220947
-2.9080376625061035
-2.0760719776153564
-0.4443863332271576
-1.2119243144989014
-1.4638688564300537
-2.386012077331543
-0.3592577278614044
-1.7152578830718994
-1.8643755912780762
-3.2332324981689453
-1.0146795511245728
-1.2681884765625
-0.08232510089874268
-0.7193813323974609
-2.829686403274536
-2.938511371612549
-2.368159294128418
-2.971035957336426
-2.089904546737671
-3.4508934020996094
-2.7430596351623535
-4.960782051086426
-1.3871086835861206
-3.115269660949707
-10.789753913879395
-2.125741481781006
-1.4268972873687744
-6.559234142303467
-1.7201284170150757
-1.6266155242919922
-2.6538920402526855
-7.2331976890563965
-3.553417444229126
-3.0344364643096924
-2.2702627182006836
-2.377924919128418
-0.34401172399520874
-1.8679836988449097
-3.1884193420410156
-3.6095430850982666
-1.2443426847457886
-2.846686363220215
-2.7379417419433594
-1.3048673868179321
-0.15095068514347076
-3.562729835510254
-5.669309139251709
-3.498136281967163
-1.1037825345993042
-5.682568550109863
-0.36592745780944824
-1.8890982866287231
-1.1685819625854492
-0.2570614218711853
-1.426181674003601
-6.3923234939575195
-3.982649564743042
-3.7299115657806396
-2.654446840286255
-0.8380782008171082
-2.961948871612549
-1.4642386436462402
-5.365273952484131
-0.3641562759876251
-3.4075794219970703
-0.8710130453109741
-8.3919095993042
-4.036913871765137
-1.6422845125198364
-1.2820321321487427
-1.693519115447998
-4.306194305419922
-2.5934057235717773
-9.386772155761719
-0.654956579208374
-2.2763633728027344
-1.5052810907363892
-2.8121542930603027
-3.180692672729492
-3.186298370361328
-3.2195842266082764
-0.3161775767803192
-1.895082712173462
-4.658740520477295
-1.4876240491867065
-0.6434769630432129
-0.39888331294059753
-8.088712692260742
-1.5240974426269531
-0.7083470821380615
-1.5069669485092163
-4.2408599853515625
-3.5602009296417236
-22.32445526123047
-5.433096885681152
-0.29241615533828735
-1.5394164323806763
-2.8197028636932373
-2.0897960662841797
-1.1738898754119873
-3.8647401332855225
-2.437772750854492
-3.067420244216919
-0.5518104434013367
-2.5074057579040527
-8.585436820983887
-4.2954421043396
-3.1169683933258057
-5.2391252517700195
-0.8244658708572388
-5.328375339508057
-0.2670402228832245
-0.3675287365913391
-2.10288667678833
-0.7431856989860535
-0.6908367276191711
-1.1847161054611206
-7.179069995880127
-3.065380573272705
-0.875444769859314
-2.297945261001587
-3.584644317626953
-5.260992050170898
-0.35222288966178894
-1.6145206689834595
-3.583333969116211
-4.118730545043945
-3.2521347999572754
-1.8807350397109985
-1.114369511604309
-5.451071262359619
-2.6800215244293213
-2.1655683517456055
-0.4519766867160797
-1.5881743431091309
-2.840625524520874
-2.16337513923645
-1.287774682044983
-2.567277669906616
-0.4771730601787567
-2.934581756591797
-3.687622308731079
-10.664549827575684
-2.318223714828491
-11.908493995666504
-2.2354185581207275
-0.5584815144538879
-1.85506272315979
-0.18140903115272522
-1.0049476623535156
-1.164794683456421
-2.827763795852661
-1.0431876182556152
-0.3803056478500366
-2.8709428310394287
-7.7968430519104
-1.730659008026123
-4.294306755065918
-1.0999927520751953
-1.4989242553710938
-2.7850470542907715
-6.6460347175598145
-1.532562494277954
-3.9844517707824707
-10.682785987854004
-4.064942359924316
-4.334944725036621
-3.404628276824951
-3.253121852874756
-10.50811767578125
-9.30294418334961
-1.8294819593429565
-2.7275550365448
-3.848266124725342
-1.639390230178833
-2.9841959476470947
-1.3170397281646729
-3.145130157470703
-2.2639126777648926
-3.9364755153656006
-2.1175589561462402
-4.421726226806641
-3.6440839767456055
-3.944190263748169
-1.1291778087615967
-1.1324447393417358
-3.255497455596924
-1.838524580001831
-4.066818714141846
-4.5537590980529785
-3.108673572540283
-3.260119915008545
-9.047188758850098
-2.6774044036865234
-1.4109516143798828
-0.5076730847358704
-2.055387020111084
-0.7583516836166382
-0.9544601440429688
-10.285917282104492
-0.7276790738105774
-0.8338631391525269
-2.4125256538391113
-2.093409538269043
-2.496751070022583
-3.2580759525299072
-2.956676959991455
-3.1280031204223633
-2.994208812713623
-4.713256359100342
-3.7369132041931152
-1.4960510730743408
-0.40843743085861206
-6.3165388107299805
-2.148242712020874
-2.173398733139038
-2.028510808944702
-2.9993934631347656
-3.1602940559387207
-3.1640431880950928
-2.9834086894989014
-0.3650631010532379
-1.7391411066055298
-1.2086341381072998
-2.6837000846862793
-3.2145705223083496
-0.44765740633010864
-1.4516494274139404
-2.9163365364074707
-0.39692819118499756
-3.7586495876312256
-0.0500795841217041
-7.473633766174316
-1.1333205699920654
-0.08357152342796326
-3.1768860816955566
-5.801488399505615
-1.7837949991226196
-0.45302194356918335
-2.1420421600341797
-1.3373997211456299
-1.9335830211639404
-2.7241435050964355
-0.5661693811416626
-4.467677116394043
-2.874265193939209
-2.024794101715088
-1.618556022644043
-0.5880017876625061
-1.2402870655059814
-0.964484691619873
-2.3355493545532227
-2.166102409362793
-0.8831949234008789
-1.688469648361206
-5.403927803039551
-0.47059696912765503
-1.6283199787139893
-1.0766621828079224
-2.9826061725616455
-10.255950927734375
-2.3106577396392822
-3.7084739208221436
-2.9398398399353027
-1.9784406423568726
-4.8489203453063965
-0.3543691039085388
-1.784576177597046
-6.957748889923096
-2.727235794067383
-4.477553367614746
-3.545578718185425
-1.870152473449707
-2.2975893020629883
-1.7307796478271484
-2.706660270690918
-4.938839435577393
-0.5962889194488525
-2.330141305923462
-2.061776638031006
-5.053433418273926
-0.6764222383499146
-0.4521424174308777
-1.3074688911437988
-1.0037336349487305
-1.5351744890213013
-2.790590524673462
-1.9613102674484253
-0.49280601739883423
-2.07814884185791
-1.1237478256225586
-1.5589462518692017
-0.4418700039386749
-1.9167343378067017
-1.2416102886199951
-1.6096889972686768
-2.7124598026275635
-2.508310317993164
-3.2761952877044678
-3.4592111110687256
-4.35994291305542
-2.7151927947998047
-10.802576065063477
-0.37599295377731323
-1.6183885335922241
-4.9135589599609375
-2.131694793701172
-2.133849859237671
-4.708662986755371
-5.459524154663086
-1.9444721937179565
-4.272060394287109
-1.5658197402954102
-0.447881817817688
-4.372500419616699
-3.2144134044647217
-0.601766049861908
-0.3986033797264099
-1.8766002655029297
-1.8664116859436035
-1.1504952907562256
-2.1878414154052734
-2.2693161964416504
-1.9699223041534424
-1.8025927543640137
-2.102383852005005
-5.791759014129639
-2.1817374229431152
-4.044264793395996
-1.9503883123397827
-1.5418369770050049
-0.8630971908569336
-7.812127590179443
-3.403789758682251
-3.4354612827301025
-2.074611186981201
-0.4314000606536865
-1.8560307025909424
-0.6242155432701111
-4.100279808044434
-3.674043655395508
-0.5740743279457092
-3.3020100593566895
-1.2324308156967163
-0.3218109905719757
-0.5359161496162415
-1.615293025970459
-6.547184467315674
-1.6363656520843506
-0.7048206329345703
-3.085794448852539
-2.4755070209503174
-1.0916171073913574
-1.438591480255127
-5.877155303955078
-0.44206953048706055
-2.4150662422180176
-0.30559056997299194
-3.717857837677002
-3.592515230178833
-0.449670672416687
-2.0645713806152344
-0.4589938819408417
-4.290162086486816
-3.0781097412109375
-2.169569492340088
-1.7001123428344727
-2.7476961612701416
-8.128705978393555
-2.2557425498962402
-2.2945244312286377
-4.431928634643555
-2.5972187519073486
-2.159548759460449
-0.4082309901714325
-0.4685870409011841
-1.6048376560211182
-4.360344409942627
-4.118054389953613
-6.115527153015137
-2.445383071899414
-1.844651460647583
-1.4515001773834229
-3.4721145629882812
-1.2294692993164062
-1.0607640743255615
-1.185907006263733
-2.1712393760681152
-2.9507555961608887
-2.7320942878723145
-0.5790231823921204
-1.837949275970459
-3.4592702388763428
-1.475893259048462
-2.9540867805480957
-0.4421628713607788
-2.7484629154205322
-0.4594449996948242
-2.788252592086792
-4.276452541351318
-9.305977821350098
-0.33114591240882874
-1.7805521488189697
-4.6790571212768555
-5.931316375732422
-2.330235004425049
-3.1837730407714844
-4.050154209136963
-2.479762077331543
-4.3028106689453125
-4.543359279632568
-2.5241754055023193
-1.9867191314697266
-3.5756163597106934
-4.115860939025879
-4.247282028198242
-0.38431599736213684
-5.243241786956787
-0.6173135042190552
-2.1367738246917725
-2.0923094749450684
-4.385324001312256
-2.990518569946289
-1.4189786911010742
-0.4729803204536438
-0.7009820938110352
-2.6074624061584473
-1.8131057024002075
-2.967061758041382
-4.049149513244629
-4.446538925170898
-0.7590961456298828
-2.9149234294891357
-3.137336015701294
-1.9615129232406616
-0.4380550682544708
-2.170684814453125
-2.3498711585998535
-4.738675117492676
-4.658005714416504
-2.9512033462524414
-2.0760865211486816
-7.4224853515625
-5.1172003746032715
-1.858277678489685
-0.8260993361473083
-0.22921381890773773
-2.034346342086792
-4.5851263999938965
-2.63192081451416
-2.749777317047119
-1.03208327293396
-2.467003345489502
-10.7164888381958
-5.090751647949219
-2.463672161102295
-2.484287738800049
-5.824988842010498
-4.814962387084961
-7.459374904632568
-0.21757684648036957
-2.7176520824432373
-4.396090984344482
-5.704243183135986
-0.20626366138458252
-0.777561366558075
-2.4771151542663574
-3.915672540664673
-2.717634916305542
-3.221268653869629
-4.080873012542725
-5.4723920822143555
-3.8987936973571777
-0.35196468234062195
-0.5529152750968933
-0.7416298985481262
-0.6406516432762146
-1.853547215461731
-3.8586325645446777
-2.6244869232177734
-2.3020548820495605
-1.1127731800079346
-3.973386526107788
-1.2863179445266724
-5.100825786590576
-3.9958910942077637
-3.3125181198120117
-3.060809373855591
-5.303729057312012
-1.09004545211792
-0.2565956711769104
-0.14593198895454407
-3.5550708770751953
-5.2872314453125
-1.1336803436279297
-0.464590847492218
-4.603177070617676
-6.436426162719727
-4.178634166717529
-4.796546459197998
-2.389634609222412
-2.37125301361084
-1.4804574251174927
-1.6915528774261475
-3.716613292694092
-1.3230741024017334
-5.612412452697754
-2.613910436630249
-10.822593688964844
-1.5248184204101562
-8.802188873291016
-2.993351936340332
-2.675940990447998
-2.061652898788452
-4.590947151184082
-0.9805703163146973
-6.341040134429932
-2.782933235168457
-6.06806755065918
-5.333449363708496
-7.708060264587402
-0.3624192476272583
-2.850222587585449
-7.168769836425781
-0.2151588797569275
-2.2144129276275635
-13.152545928955078
-0.017471689730882645
-8.159605979919434
-0.25356122851371765
-2.8132472038269043
-3.1582484245300293
-4.4543633460998535
-5.681881904602051
-2.5091378688812256
-1.0732090473175049
-8.526545524597168
-0.41656485199928284
-4.169407367706299
-1.0180857181549072
-2.749751329421997
-0.33139243721961975
-1.5960441827774048
-5.5866241455078125
-2.3278067111968994
-0.9091516137123108
-1.6639143228530884
-8.517722129821777
-3.1320011615753174
-2.629824638366699
-3.2443134784698486
-4.541160583496094
-2.4781699180603027
-7.3013596534729
-4.962388038635254
-8.573013305664062
-2.245877742767334
-4.5970354080200195
-0.879986584186554
-3.5150790214538574
-1.4227349758148193
-1.5789412260055542
-1.0089747905731201
-1.833588719367981
-2.1688456535339355
-2.7879557609558105
-2.521038293838501
-4.326907157897949
-10.282857894897461
-3.10516619682312
-0.2922954857349396
-3.1041359901428223
-1.7284590005874634
-4.564981460571289
-6.445291519165039
-5.886626243591309
-3.2139787673950195
-4.806190013885498
-6.004397869110107
-1.5767371654510498
-2.2244510650634766
-2.425335168838501
-0.6476889252662659
-1.063980221748352
-1.029582142829895
-3.745866537094116
-9.781874656677246
-8.571499824523926
-2.158233404159546
-4.526489734649658
-0.37089571356773376
-5.050909996032715
-1.332829475402832
-3.190828561782837
-3.0360050201416016
-6.026047706604004
-0.3587487041950226
-1.6292803287506104
-3.5168449878692627
-2.341554641723633
-0.019672755151987076
-2.917043685913086
-4.140862464904785
-1.367027997970581
-2.9554965496063232
-6.893655300140381
-0.7307262420654297
-2.9407477378845215
-3.5192933082580566
-4.575427532196045
-7.233173370361328
-1.7646434307098389
-0.9581332206726074
-3.1857528686523438
-1.34279203414917
-4.280360221862793
-1.2102785110473633
-2.6360888481140137
-4.423766613006592
-0.7592546939849854
-1.946932077407837
-13.86960506439209
-3.2807815074920654
-3.3868603706359863
-1.010614037513733
-0.3876761198043823
-9.723382949829102
-1.1646134853363037
-1.948699712753296
-1.4077650308609009
-1.0706976652145386
-2.1194019317626953
-2.353727340698242
-2.8861489295959473
-6.645938396453857
-4.5519819259643555
-4.7559051513671875
-0.06813475489616394
-0.5730366706848145
-2.5752527713775635
-0.5504637360572815
-3.5603623390197754
-7.751186847686768
-4.917934417724609
-3.150167465209961
-1.2437196969985962
-0.8425627946853638
-0.5748166441917419
-3.0295560359954834
-3.1901118755340576
-8.986381530761719
-0.8723527789115906
-6.632827281951904
-0.7321842312812805
-1.915318489074707
-2.8796310424804688
-4.940313339233398
-1.2280476093292236
-1.3579758405685425
-7.235278606414795
-7.458446979522705
-0.47998374700546265
-4.697208881378174
-3.67531156539917
-2.620314121246338
-1.2171787023544312
-4.2347846031188965
-3.6765661239624023
-3.524277448654175
-1.907148838043213
-6.268016815185547
-10.547489166259766
-3.7986953258514404
-4.4718170166015625
-2.956292152404785
-2.886746406555176
-6.717530250549316
-0.7550555467605591
-1.452347755432129
-0.02709389291703701
-0.39913633465766907
-2.803279399871826
-5.110417366027832
-0.9122213125228882
-2.7783432006835938
-2.1720173358917236
-8.171692848205566
-5.3572282791137695
-6.74848747253418
-5.456480979919434
-4.616323471069336
-9.553242683410645
-2.761582374572754
-6.280172348022461
-10.4078950881958
-4.377769947052002
-7.2791428565979
-1.8829705715179443
-6.034461975097656
-2.3183767795562744
-6.636058330535889
-1.9262615442276
-5.818645000457764
-1.6185212135314941
-0.6642448902130127
-1.3143725395202637
-4.265438079833984
-1.9113612174987793
-2.58225679397583
-0.3196023404598236
-5.383787155151367
-1.4885984659194946
-3.8665332794189453
-9.860231399536133
-5.058068752288818
-0.6296937465667725
-2.8598220348358154
-2.1525697708129883
-10.469818115234375
-3.854433536529541
-2.370975971221924
-13.40445613861084
-4.73972225189209
-0.10700983554124832
-0.27595022320747375
-11.04857063293457
-3.594245433807373
-1.8757292032241821
-0.8470977544784546
-5.223384857177734
-3.8819422721862793
-3.2389276027679443
-9.012941360473633
-3.4095351696014404
-3.4661388397216797
-2.8528378009796143
-5.0930070877075195
-0.7362233996391296
-3.910830497741699
-3.848158836364746
-1.5579142570495605
-2.385582447052002
-5.337052822113037
-0.6269941329956055
-1.1328186988830566
-3.0731849670410156
-2.8648505210876465
-1.227478265762329
-2.603168249130249
-3.789825916290283
-2.3989415168762207
-0.6065731048583984
-10.88340950012207
-2.914292335510254
-1.8433406352996826
-1.9667750597000122
-2.990175247192383
-0.4026182293891907
-1.3774796724319458
-1.495439052581787
-5.320382118225098
-1.7810375690460205
-7.009859561920166
-6.004061222076416
-4.818610668182373
-0.888258159160614
-2.776456117630005
-3.1079230308532715
-2.883108139038086
-2.160501480102539
-5.768407821655273
-1.6162306070327759
-2.359142303466797
-2.2068583965301514
-1.0065553188323975
-4.941992282867432
-3.792905807495117
-3.2339365482330322
-10.395047187805176
-3.1183595657348633
-0.5765328407287598
-2.1314697265625
-0.7082425951957703
-0.45862507820129395
-1.6231732368469238
-4.461981773376465
-2.153862476348877
-0.36250919103622437
-2.347350597381592
-2.032153367996216
-9.720328330993652
-9.12602710723877
-1.4384657144546509
-9.916336059570312
-6.521347522735596
-3.3682494163513184
-2.8850393295288086
-2.0169878005981445
-3.386127471923828
-0.16943958401679993
-0.7697227597236633
-0.40810060501098633
-2.339177131652832
-10.430692672729492
-4.7730207443237305
-0.3272271752357483
-2.038442373275757
-4.278124809265137
-1.330742597579956
-3.2744104862213135
-2.2974586486816406
-1.9587119817733765
-0.5852480530738831
-3.2410225868225098
-3.0748934745788574
-1.4355030059814453
-4.254783630371094
-0.7738797664642334
-1.6540606021881104
-3.7341723442077637
-0.7318592667579651
-4.465495586395264
-2.3882131576538086
-2.695272922515869
-0.893194317817688
-1.631622314453125
-1.1910252571105957
-1.4334111213684082
-2.136768341064453
-8.306690216064453
-1.1713767051696777
-3.377187490463257
-0.9162071943283081
-2.8511602878570557
-2.0852553844451904
-3.264303207397461
-1.5959910154342651
-2.105421543121338
-9.667567253112793
-3.8421380519866943
-2.8356847763061523
-4.748080253601074
-1.8093838691711426
-2.4760141372680664
-2.4106993675231934
-3.462956190109253
-2.849231004714966
-5.986395359039307
-2.073556900024414
-2.7298717498779297
-3.2867374420166016
-2.62709903717041
-0.6441172957420349
-3.8172264099121094
-1.6297228336334229
-3.561880588531494
-10.493142127990723
-3.353466749191284
-4.961698055267334
-1.9893336296081543
-2.7729594707489014
-1.6290351152420044
-4.808244228363037
-3.3652918338775635
-3.277916431427002
-3.37161922454834
-3.2606799602508545
-0.7496498227119446
-1.9206814765930176
-3.5003440380096436
-0.029436664655804634
-2.021885871887207
-1.6797125339508057
-0.4996756911277771
-1.7416956424713135
-7.341142654418945
-1.4544416666030884
-2.8047704696655273
-6.046463966369629
-2.4928622245788574
-2.28804349899292
-2.9401211738586426
-8.52692699432373
-2.202422857284546
-0.8971107602119446
-6.1373114585876465
-10.802260398864746
-4.973876476287842
-2.2965803146362305
-0.5864940881729126
-1.7699248790740967
-2.7213799953460693
-1.425048589706421
-11.641499519348145
-4.678525924682617
-1.0458424091339111
-1.7250728607177734
-9.59517765045166
-14.41996955871582
-6.811334609985352
-9.975811958312988
-2.349943161010742
-0.8119466304779053
-9.345165252685547
-2.9774258136749268
-3.1000075340270996
-5.897834777832031
-2.6322133541107178
-0.3389923572540283
-1.6417152881622314
-2.3059473037719727
-2.2785234451293945
-2.8435471057891846
-8.700966835021973
-2.7089905738830566
-5.221822738647461
-1.3182127475738525
-2.6971800327301025
-1.7613897323608398
-1.9096250534057617
-0.6717514395713806
-3.9473564624786377
-2.5170750617980957
-6.619974613189697
-4.211062431335449
-2.6833057403564453
-0.4182211458683014
-0.42814284563064575
-1.4976632595062256
-4.074970722198486
-2.273061990737915
-3.05812406539917
-0.9433873295783997
-5.697892189025879
-2.301396131515503
-4.507688045501709
-2.3059771060943604
-5.17282772064209
-2.8524010181427
-15.746708869934082
-8.53339958190918
-2.0434606075286865
-3.4640393257141113
-0.542776346206665
-3.1017239093780518
-2.157540798187256
-5.2153778076171875
-3.395200729370117
-1.3637664318084717
-3.212331533432007
-5.083093166351318
-3.2777445316314697
-0.5056555271148682
-3.891190528869629
-1.7592134475708008
-3.112826347351074
-1.20428466796875
-2.7034645080566406
-2.666879892349243
-0.994041383266449
-1.8652606010437012
-2.5740280151367188
-1.7634930610656738
-1.1845014095306396
-1.1336026191711426
-1.149017572402954
-3.715810537338257
-1.6841984987258911
-0.9684461951255798
-1.9399932622909546
-1.9227604866027832
-0.47414740920066833
-7.778136730194092
-0.25894129276275635
-3.0375239849090576
-1.1438899040222168
-1.1485445499420166
-2.574929714202881
-0.3599652647972107
-2.2383108139038086
-3.665661573410034
-2.6160764694213867
-2.470597743988037
-1.3221101760864258
-5.268283843994141
-4.145839214324951
-3.7713797092437744
-1.497702956199646
-3.2037525177001953
-1.824751615524292
-8.577634811401367
-3.6468725204467773
-1.4678003787994385
-0.39522668719291687
-10.035945892333984
-0.7848747968673706
-0.6085671186447144
-2.050740957260132
-2.0663394927978516
-3.042126417160034
-2.126255750656128
-2.8551909923553467
-3.2684473991394043
-2.981037139892578
-5.9575395584106445
-2.01096510887146
-4.533289909362793
-10.957015991210938
-4.979430198669434
-4.885039329528809
-1.145235538482666
-0.9795365929603577
-2.6025445461273193
-1.732680320739746
-2.908146858215332
-1.6420300006866455
-0.7921345233917236
-1.7326061725616455
-3.3392324447631836
-2.1798782348632812
-0.4038761258125305
-1.8056267499923706
-0.3642459511756897
-0.9598985910415649
-0.8920220136642456
-1.5235202312469482
-7.248781681060791
-1.594048261642456
-3.691934108734131
-1.6104724407196045
-1.137519121170044
-0.40302008390426636
-1.8504669666290283
-2.1671290397644043
-5.520869255065918
-13.079672813415527
-3.0658414363861084
-4.422421455383301
-1.1160023212432861
-1.2365732192993164
-2.616990327835083
-0.9508476853370667
-1.385627031326294
-4.545726299285889
-1.0235213041305542
-6.67184591293335
-1.5002131462097168
-1.5902225971221924
-11.325746536254883
-2.4342572689056396
-4.576817035675049
-3.7460999488830566
-0.3129221498966217
-1.4930615425109863
-1.2929105758666992
-1.9252917766571045
-0.581082820892334
-2.2669858932495117
-7.468524932861328
-1.6203563213348389
-1.9692785739898682
-0.4371781349182129
-1.7627160549163818
-1.4565834999084473
-5.005575180053711
-2.669321060180664
-0.8269391655921936
-2.509387731552124
-3.8558905124664307
-5.097675800323486
-1.4300470352172852
-2.966562271118164
-2.247154712677002
-1.955322265625
-1.0765974521636963
-2.6197738647460938
-1.6121559143066406
-2.7333359718322754
-6.6914286613464355
-4.7172346115112305
-0.7574026584625244
-4.393345832824707
-0.4843296408653259
-1.7030109167099
-2.67044997215271
-0.4577615261077881
-0.7678137421607971
-8.055913925170898
-0.41130998730659485
-0.9324405789375305
-4.2933526039123535
-1.0324203968048096
-1.4184588193893433
-1.8930268287658691
-2.839080810546875
-3.6330111026763916
-4.179989814758301
-1.5420317649841309
-0.42794153094291687
-2.489135265350342
-10.03596305847168
-4.490444660186768
-0.8249015808105469
-2.008650779724121
-2.080275297164917
-1.44346284866333
-3.430497169494629
-3.0786967277526855
-3.2614586353302
-3.099741220474243
-0.4005446135997772
-1.725522756576538
-2.6448206901550293
-3.4733753204345703
-3.0626380443573
-1.8195637464523315
-1.4116133451461792
-1.270326018333435
-7.790386199951172
-3.6351706981658936
-2.0926311016082764
-2.0322868824005127
-2.716618537902832
-4.142427444458008
-7.308117389678955
-4.4771318435668945
-0.7110611200332642
-3.113830327987671
-2.296596050262451
-8.743517875671387
-3.7304821014404297
-1.7273262739181519
-10.956254959106445
-1.130732536315918
-0.4534919857978821
-0.7091968059539795
-2.064359188079834
-1.8816463947296143
-2.83164644241333
-2.456865072250366
-2.7595670223236084
-3.1962831020355225
-1.6973313093185425
-0.44815629720687866
-2.0371620655059814
-3.9840686321258545
-1.9790130853652954
-2.0971553325653076
-3.2024312019348145
-0.9405600428581238
-1.9104559421539307
-1.574532389640808
-1.9119316339492798
-0.513856828212738
-1.3656587600708008
-2.6761960983276367
-4.1774773597717285
-3.1578681468963623
-3.6597564220428467
-1.313352346420288
-0.39340949058532715
-1.108808994293213
-1.3192253112792969
-1.798272728919983
-4.258368492126465
-1.6941819190979004
-1.0366489887237549
-4.300877571105957
-4.842127323150635
-1.9163577556610107
-2.976046085357666
-2.6016688346862793
-3.6266307830810547
-6.429433822631836
-2.0692949295043945
-3.5248663425445557
-1.6399898529052734
-0.30962562561035156
-1.7908649444580078
-2.1541197299957275
-5.053427219390869
-0.620624303817749
-0.5575131177902222
-2.573937177658081
-2.5782222747802734
-4.406710624694824
-1.5049331188201904
-1.9432634115219116
-0.553878664970398
-5.302542686462402
-5.795874118804932
-5.258439064025879
-2.36314058303833
-2.9174704551696777
-2.534766912460327
-3.4535350799560547
-0.28360074758529663
-6.585165500640869
-0.22879837453365326
-3.6800808906555176
-0.39599108695983887
-2.3525454998016357
-3.7767906188964844
-2.1737098693847656
-2.3597466945648193
-3.3695123195648193
-4.089909553527832
-0.06881413608789444
-2.648756980895996
-5.085352897644043
-0.5704156160354614
-1.9030262231826782
-9.209688186645508
-1.851906657218933
-0.8541157245635986
-2.1260123252868652
-5.200187683105469
-2.363719940185547
-1.3746041059494019
-0.5502107739448547
-2.238903284072876
-4.276264190673828
-0.3184058666229248
-1.6244914531707764
-1.3487193584442139
-3.178842544555664
-3.228830337524414
-0.5019707679748535
-1.3302452564239502
-12.266031265258789
-0.6409277319908142
-2.0202536582946777
-5.442002773284912
-2.5166783332824707
-0.924738883972168
-2.5547287464141846
-0.6574507355690002
-3.2013754844665527
-2.684335231781006
-2.115511417388916
-5.655683994293213
-2.720452308654785
-2.269117832183838
-0.2662326991558075
-1.744535207748413
-1.1823832988739014
-1.475097417831421
-5.638857364654541
-2.1052563190460205
-0.3794768750667572
-2.73724365234375
-7.692099094390869
-1.5590405464172363
-5.307010173797607
-3.2569785118103027
-4.368733882904053
-2.647108554840088
-1.7103925943374634
-1.3482110500335693
-5.703772068023682
-5.052430629730225
-3.1484570503234863
-2.219165325164795
-5.193568229675293
-10.71110725402832
-0.3449842929840088
-3.312847137451172
-3.011540651321411
-2.2272140979766846
-1.1637852191925049
-6.240165710449219
-4.377439498901367
-3.4622583389282227
-2.1903741359710693
-2.9319422245025635
-3.7576353549957275
-4.478416442871094
-9.448549270629883
-0.5764118432998657
-1.9310901165008545
-4.27187967300415
-0.2610616981983185
-2.520374059677124
-4.431464195251465
-0.8138413429260254
-2.8336687088012695
-5.613368034362793
-1.9387964010238647
-1.3913986682891846
-7.794586181640625
-0.6820971369743347
-8.446734428405762
-3.7561001777648926
-1.5821685791015625
-0.6264482736587524
-1.1649584770202637
-4.766979694366455
-1.725644826889038
-3.0387377738952637
-1.5254703760147095
-5.3499674797058105
-0.4134961664676666
-1.9616979360580444
-3.1287074089050293
-0.32700198888778687
-1.9283686876296997
-1.3352479934692383
-1.2215148210525513
-3.09786057472229
-3.7542035579681396
-1.5680890083312988
-1.6402482986450195
-1.001267910003662
-2.1549079418182373
-4.98129940032959
-2.9988272190093994
-0.8108710050582886
-4.169129371643066
-3.1863434314727783
-2.0493483543395996
-3.9688944816589355
-0.6114248037338257
-1.5419676303863525
-1.9464164972305298
-4.115518569946289
-1.7338460683822632
-3.8045406341552734
-4.134602069854736
-2.342921733856201
-1.5989513397216797
-1.7278234958648682
-4.409337997436523
-2.8239407539367676
-2.409623384475708
-0.3155266046524048
-2.1904735565185547
-4.8061041831970215
-4.285499572753906
-8.853133201599121
-0.08354246616363525
-7.426370143890381
-4.461211681365967
-1.5662124156951904
-4.82168436050415
-1.8373271226882935
-3.893256664276123
-0.4902793765068054
-1.5689336061477661
-2.4932615756988525
-2.5706725120544434
-0.7968215942382812
-2.579155921936035
-2.776080369949341
-2.0160205364227295
-0.629252552986145
-1.8431991338729858
-0.9724147319793701
-8.269082069396973
-0.3669877350330353
-1.7660397291183472
-2.4431474208831787
-1.325819969177246
-3.614046096801758
-0.5409343242645264
-3.1490111351013184
-6.040058612823486
-1.6123476028442383
-4.386335372924805
-2.860898733139038
-2.8530352115631104
-3.9359328746795654
-3.666196584701538
-1.475242257118225
-0.32706722617149353
-0.8056572079658508
-0.8843190670013428
-3.44472599029541
-1.9007668495178223
-5.7612104415893555
-1.444677472114563
-7.226529121398926
-4.447729587554932
-2.0198559761047363
-2.779083490371704
-3.0669198036193848
-4.174442768096924
-2.4344072341918945
-2.9675281047821045
-6.0138068199157715
-1.8584272861480713
-3.0730369091033936
-1.2230066061019897
-2.174504041671753
-3.0741491317749023
-2.1314761638641357
-4.060559272766113
-2.9577057361602783
-1.1975669860839844
-3.4529824256896973
-2.4752135276794434
-4.204873085021973
-0.8593285083770752
-0.4184734523296356
-2.507561445236206
-0.4580129086971283
-0.16680364310741425
-0.6152961254119873
-2.6339166164398193
-2.368934154510498
-0.2138071209192276
-2.171311378479004
-2.1611976623535156
-0.4606909155845642
-3.197042465209961
-5.025112628936768
-2.9318346977233887
-0.5859593152999878
-5.815529823303223
-2.593611001968384
-2.2097535133361816
-0.3255748152732849
-4.280776023864746
-10.563007354736328
-0.4517210125923157
-1.6998698711395264
-5.656103134155273
-6.465859413146973
-2.6814754009246826
-2.176414728164673
-0.030974049121141434
-3.2094216346740723
-3.6367435455322266
-1.2764931917190552
-3.8330445289611816
-1.6620051860809326
-1.7489204406738281
-2.32149338722229
-2.2803378105163574
-1.781784176826477
-0.41204023361206055
-0.9197460412979126
-4.313740253448486
-0.07310207933187485
-2.8696656227111816
-2.4914755821228027
-14.518741607666016
-10.260342597961426
-4.552343368530273
-8.37840747833252
-13.218810081481934
-14.781808853149414
-12.311806678771973
-8.271598815917969
-13.652337074279785
-9.35792064666748
-11.630105018615723
-12.715304374694824
-12.635231971740723
-15.223352432250977
-7.907321453094482
-8.634994506835938
-19.137939453125
-12.269401550292969
-8.58967399597168
-14.867450714111328
-19.09953498840332
-11.154458999633789
-8.78670883178711
-12.827715873718262
-13.67160415649414
-8.763060569763184
-8.11005973815918
-12.449827194213867
-13.92783260345459
-9.429576873779297
-16.93194007873535
-15.613519668579102
-10.050248146057129
-9.088919639587402
-10.171773910522461
-16.772912979125977
-12.71757698059082
-14.001877784729004
-10.717278480529785
-15.697420120239258
-11.21424388885498
-8.920302391052246
-8.690443992614746
-8.304685592651367
-9.194511413574219
-15.425196647644043
-9.885859489440918
-7.410313606262207
-18.190881729125977
-5.676339149475098
-11.36825942993164
-11.647875785827637
-6.264671325683594
-13.934927940368652
-9.844836235046387
-20.632509231567383
-15.943695068359375
-9.146568298339844
-20.386192321777344
-15.296364784240723
-7.971700668334961
-6.543805122375488
-10.464739799499512
-14.158219337463379
-12.680108070373535
-11.209223747253418
-15.439278602600098
-15.603806495666504
-6.07474946975708
-11.266566276550293
-9.387803077697754
-0.7706242799758911
-2.105350971221924
-7.7065277099609375
-13.213844299316406
-18.387115478515625
-14.60119915008545
-19.338401794433594
-14.531359672546387
-19.3250789642334
-16.485774993896484
-8.912155151367188
-17.889759063720703
-13.01476764678955
-15.315218925476074
-12.678828239440918
-8.259451866149902
-8.191130638122559
-6.9698052406311035
-6.971250534057617
-12.911314010620117
-13.961421966552734
-10.298471450805664
-7.815729141235352
-16.45102882385254
-11.369978904724121
-14.95650577545166
-13.025505065917969
-14.891584396362305
-10.746994018554688
-14.2474946975708
-8.826339721679688
-19.89616584777832
-20.728116989135742
-14.084538459777832
-8.107563972473145
-9.898284912109375
-8.20447826385498
-8.092884063720703
-9.344355583190918
-11.741774559020996
-8.747563362121582
-11.276101112365723
-9.053717613220215
-7.359583854675293
-14.55027961730957
-10.01497745513916
-8.116279602050781
-14.628462791442871
-13.283989906311035
-16.362754821777344
-9.51445198059082
-12.891866683959961
-15.565430641174316
-16.27136993408203
-11.21718978881836
-10.72910213470459
-16.423885345458984
-12.80025577545166
-11.91288948059082
-16.20109748840332
-12.775175094604492
-10.826091766357422
-11.602386474609375
-8.602104187011719
-9.130901336669922
-7.981088638305664
-11.635104179382324
-12.240346908569336
-16.714319229125977
-13.8812894821167
-10.790118217468262
-7.2655181884765625
-9.315629959106445
-12.407133102416992
-14.888738632202148
-7.776058673858643
-9.144759178161621
-9.947673797607422
-10.95400619506836
-19.731281280517578
-12.398405075073242
-9.593231201171875
-12.64433765411377
-7.4854302406311035
-11.53788948059082
-9.540940284729004
-13.32397174835205
-8.57160758972168
-16.075658798217773
-14.367671966552734
-9.178736686706543
-10.159613609313965
-8.400908470153809
-10.001662254333496
-15.746882438659668
-11.060993194580078
-12.357246398925781
-6.27692985534668
-8.580657958984375
-8.178839683532715
-9.453310012817383
-14.538223266601562
-15.735878944396973
-11.148635864257812
-18.190879821777344
-10.18809986114502
-5.565301418304443
-10.503669738769531
-13.716192245483398
-10.722235679626465
-13.248355865478516
-16.04195785522461
-12.311309814453125
-10.63862133026123
-19.40901756286621
-14.123918533325195
-11.765359878540039
-7.528722286224365
-10.433192253112793
-16.663536071777344
-15.460342407226562
-13.19508171081543
-16.83061981201172
-9.663455963134766
-10.887252807617188
-11.655416488647461
-12.376651763916016
-15.978349685668945
-7.680541515350342
-15.802969932556152
-10.446599006652832
-17.08748435974121
-17.013469696044922
-16.851037979125977
-11.849950790405273
-16.237905502319336
-13.45715045928955
-9.893209457397461
-19.329471588134766
-12.339737892150879
-11.562236785888672
-10.149067878723145
-10.360867500305176
-16.362754821777344
-14.423149108886719
-9.540940284729004
-14.8092622756958
-18.117748260498047
-10.154207229614258
-10.303646087646484
-15.61857795715332
-7.731907844543457
-14.221510887145996
-10.965798377990723
-11.059123039245605
-7.672194480895996
-14.780658721923828
-10.689105033874512
-5.5092973709106445
-11.37469482421875
-9.34115219116211
-12.852681159973145
-10.398112297058105
-7.3936662673950195
-9.71097183227539
-8.659857749938965
-11.29094123840332
-9.32160472869873
-12.733101844787598
-8.532476425170898
-11.526460647583008
-9.098134994506836
-15.947003364562988
-11.275867462158203
-16.68242073059082
-13.072190284729004
-10.011805534362793
-9.99425983428955
-13.083523750305176
-12.302191734313965
-15.524462699890137
-8.540933609008789
-8.295185089111328
-8.54599666595459
-15.810227394104004
-10.866072654724121
-9.037598609924316
-8.809330940246582
-15.515376091003418
-13.856405258178711
-11.50338077545166
-12.964767456054688
-8.302851676940918
-13.360906600952148
-13.286725044250488
-11.465591430664062
-8.421590805053711
-11.67578411102295
-12.63532543182373
-16.263917922973633
-10.985684394836426
-8.69959545135498
-7.610915184020996
-13.060699462890625
-9.756698608398438
-15.380987167358398
-14.421424865722656
-7.170953750610352
-14.264086723327637
-11.380481719970703
-12.586341857910156
-13.839916229248047
-19.191301345825195
-11.520639419555664
-11.898087501525879
-13.794488906860352
-12.076712608337402
-8.563136100769043
-10.883017539978027
-10.802048683166504
-8.382652282714844
-11.542952537536621
-10.312796592712402
-10.350838661193848
-11.62838077545166
-14.423149108886719
-10.909026145935059
-12.436741828918457
-9.085330963134766
-8.02755069732666
-8.83558177947998
-17.34894371032715
-10.690057754516602
-8.342247009277344
-10.407048225402832
-12.815053939819336
-15.278754234313965
-11.930541038513184
-12.56372356414795
-11.376893997192383
-9.590344429016113
-5.433348178863525
-8.202360153198242
-9.888039588928223
-13.232763290405273
-13.23672103881836
-7.86868953704834
-12.411441802978516
-10.932537078857422
-16.627574920654297
-19.61063003540039
-18.122365951538086
-18.776002883911133
-14.857064247131348
-8.917340278625488
-14.782630920410156
-8.645465850830078
-16.088764190673828
-10.114526748657227
-10.270490646362305
-14.502091407775879
-11.17809772491455
-10.880970001220703
-14.95406436920166
-13.883891105651855
-6.591317653656006
-17.05459976196289
-12.808709144592285
-13.620506286621094
-9.2427978515625
-11.251494407653809
-15.621553421020508
-3.659852981567383
-13.572334289550781
-15.651185035705566
-8.31979751586914
-12.755168914794922
-12.115686416625977
-11.82215404510498
-9.76616382598877
-11.421502113342285
-11.846973419189453
-5.7401862144470215
-7.439037322998047
-9.056024551391602
-7.707922458648682
-18.67790985107422
-8.985777854919434
-14.297149658203125
-14.430994033813477
-12.755830764770508
-11.800407409667969
-6.490904331207275
-9.215572357177734
-15.633331298828125
-9.605104446411133
-13.318218231201172
-13.100486755371094
-5.8131279945373535
-13.698506355285645
-17.77006721496582
-9.964227676391602
-12.029802322387695
-14.4628267288208
-13.586888313293457
-12.855560302734375
-12.625324249267578
-11.28768539428711
-12.556243896484375
-7.711625099182129
-12.162821769714355
-15.602038383483887
-13.198019981384277
-9.560307502746582
-9.687707901000977
-13.241351127624512
-15.21041202545166
-13.806017875671387
-9.958270072937012
-9.580655097961426
-8.41740608215332
-11.586883544921875
-15.671107292175293
-6.949502468109131
-8.299697875976562
-11.396098136901855
-14.119197845458984
-6.7641472816467285
-17.09503746032715
-10.231460571289062
-11.439292907714844
-11.458216667175293
-17.213897705078125
-10.145362854003906
-14.190448760986328
-12.951376914978027
-11.704667091369629
-8.267687797546387
-8.205452919006348
-6.059300422668457
-6.633214950561523
-11.508049011230469
-12.294401168823242
-14.95650577545166
-14.423149108886719
-11.990886688232422
-17.09725570678711
-16.86644744873047
-11.688492774963379
-7.673152446746826
-8.252087593078613
-7.298729419708252
-7.135093688964844
-11.026185035705566
-8.936519622802734
-10.141597747802734
-12.80025577545166
-13.385014533996582
-12.626606941223145
-16.024791717529297
-8.387882232666016
-10.8482084274292
-12.738414764404297
-9.859442710876465
-14.076553344726562
-9.45650577545166
-15.326420783996582
-13.720603942871094
-8.152850151062012
-12.843329429626465
-11.405683517456055
-8.259307861328125
-12.978482246398926
-6.2854743003845215
-13.272034645080566
-14.442726135253906
-11.392720222473145
-8.080842971801758
-10.713676452636719
-10.51386547088623
-9.320073127746582
-14.082828521728516
-12.7245454788208
-10.427348136901855
-9.646475791931152
-9.913362503051758
-11.0525484085083
-17.18992805480957
-17.12163543701172
-11.720023155212402
-16.362754821777344
-12.908452033996582
-9.521117210388184
-13.221259117126465
-13.122331619262695
-9.967378616333008
-16.105979919433594
-13.92525577545166
-14.321176528930664
-15.093982696533203
-11.758183479309082
-10.070260047912598
-11.480070114135742
-8.793103218078613
-12.64355182647705
-14.557957649230957
-13.966353416442871
-7.085869312286377
-9.4765043258667
-12.272823333740234
-14.198088645935059
-10.893184661865234
-10.647679328918457
-10.992508888244629
-11.50338077545166
-11.413797378540039
-9.540940284729004
-15.685155868530273
-13.560768127441406
-11.642662048339844
-8.15593433380127
-9.841531753540039
-15.829867362976074
-15.792495727539062
-7.030065059661865
-10.485074996948242
-11.50338077545166
-9.340862274169922
-12.94568157196045
-11.306403160095215
-11.875129699707031
-15.519515037536621
-12.1160306930542
-7.059323310852051
-16.37006187438965
-5.3057169914245605
-7.066336154937744
-14.937654495239258
-8.041004180908203
-10.217766761779785
-8.978779792785645
-15.815683364868164
-15.97213077545166
-14.423149108886719
-8.377134323120117
-7.65108585357666
-15.237689018249512
-13.878761291503906
-12.515069007873535
-17.503747940063477
-14.170426368713379
-9.645240783691406
-5.230336666107178
-12.866271018981934
-10.113058090209961
-14.87816047668457
-8.185229301452637
-15.341248512268066
-13.81132698059082
-18.563291549682617
-15.253506660461426
-11.504255294799805
-8.854508399963379
-12.891462326049805
-9.174898147583008
-11.966209411621094
-12.14749526977539
-7.827463626861572
-9.4993896484375
-18.029266357421875
-6.950014114379883
-10.45040512084961
-16.240144729614258
-13.821561813354492
-14.95650577545166
-18.1564998626709
-13.9781494140625
-17.510112762451172
-16.00733757019043
-12.85270881652832
-14.0194091796875
-15.094989776611328
-11.497422218322754
-8.821810722351074
-9.179168701171875
-14.606734275817871
-12.490015029907227
-14.046460151672363
-13.154726028442383
-12.580198287963867
-8.459357261657715
-9.378191947937012
-15.08510971069336
-13.60419750213623
-17.744142532348633
-9.005289077758789
-14.718025207519531
-17.08772087097168
-6.893935203552246
-14.505765914916992
-16.14736557006836
-8.621001243591309
-11.65978717803955
-10.880072593688965
-15.45976448059082
-16.28312873840332
-13.123872756958008
-13.327969551086426
-16.002849578857422
-14.887710571289062
-12.470497131347656
-17.151378631591797
-6.995563507080078
-9.037718772888184
-12.614683151245117
-7.279575824737549
-9.762157440185547
-13.547148704528809
-11.944960594177246
-10.179617881774902
-18.440099716186523
-10.638330459594727
-15.687599182128906
-7.354944705963135
-12.311491012573242
-10.727032661437988
-12.729926109313965
-13.152249336242676
-14.178227424621582
-12.837320327758789
-11.221230506896973
-17.944936752319336
-9.150005340576172
-8.642533302307129
-12.064181327819824
-14.256888389587402
-12.130735397338867
-11.830023765563965
-7.454297065734863
-14.422403335571289
-11.920554161071777
-8.55334186553955
-12.061458587646484
-7.0368757247924805
-13.75747299194336
-10.589594841003418
-14.224950790405273
-20.659854888916016
-14.978093147277832
-14.700212478637695
-8.170873641967773
-8.874813079833984
-9.433650970458984
-6.763567924499512
-11.048625946044922
-9.240205764770508
-15.815070152282715
-12.091395378112793
-11.681631088256836
-12.489969253540039
-9.13808536529541
-13.101202011108398
-14.693304061889648
-13.602652549743652
-20.399572372436523
-9.196516036987305
-5.1651811599731445
-19.819774627685547
-14.216217041015625
-3.2539377212524414
-9.922141075134277
-9.74341106414795
-8.746883392333984
-9.439098358154297
-11.579224586486816
-18.98558807373047
-8.986123085021973
-12.51900577545166
-11.92851448059082
-12.89864444732666
-10.71658706665039
-12.405536651611328
-12.11168098449707
-8.17587947845459
-15.34416675567627
-8.36864185333252
-7.704709529876709
-7.712487697601318
-9.306386947631836
-11.728857040405273
-6.67868709564209
-9.31787395477295
-8.970952033996582
-13.7633056640625
-16.769338607788086
-11.822010040283203
-8.258453369140625
-14.544795036315918
-7.207730293273926
-8.34185791015625
-11.407441139221191
-11.562125205993652
-14.88110065460205
-13.58931827545166
-14.013646125793457
-14.348455429077148
-10.277015686035156
-10.310624122619629
-17.564910888671875
-7.738002300262451
-12.951376914978027
-14.840033531188965
-13.795291900634766
-12.766597747802734
-11.925604820251465
-13.557037353515625
-13.578344345092773
-16.876523971557617
-10.383804321289062
-14.016712188720703
-14.084565162658691
-18.099931716918945
-15.73296070098877
-13.944501876831055
-12.477689743041992
-14.883562088012695
-17.612548828125
-13.080443382263184
-11.457372665405273
-13.148661613464355
-5.8787150382995605
-10.801711082458496
-11.094841957092285
-15.291322708129883
-11.436905860900879
-7.113858699798584
-10.872574806213379
-20.248388290405273
-18.331655502319336
-11.716131210327148
-14.475187301635742
-14.937630653381348
-15.712591171264648
-11.785810470581055
-12.467744827270508
-11.340583801269531
-9.839465141296387
-13.8112211227417
-15.617671966552734
-8.408674240112305
-16.003110885620117
-11.236281394958496
-6.947648525238037
-12.220597267150879
-7.274881362915039
-10.88300609588623
-8.337584495544434
-20.126426696777344
-15.118309020996094
-10.300243377685547
-21.68294906616211
-9.177763938903809
-9.640168190002441
-10.0704345703125
-8.758872032165527
-9.45650577545166
-18.0412654876709
-16.06787872314453
-9.623327255249023
-16.455862045288086
-13.300653457641602
-14.205058097839355
-17.376544952392578
-9.728620529174805
-15.070429801940918
-8.963367462158203
-10.038832664489746
-9.052892684936523
-11.590953826904297
-7.938493728637695
-9.126737594604492
-14.715030670166016
-10.625732421875
-16.011192321777344
-12.658452033996582
-11.886580467224121
-12.663625717163086
-6.174447059631348
-10.81528377532959
-7.054962158203125
-10.110174179077148
-10.14464282989502
-8.387978553771973
-17.125341415405273
-9.758652687072754
-6.228389263153076
-16.152727127075195
-17.920446395874023
-9.523838996887207
-16.25884437561035
-9.737594604492188
-10.975494384765625
-11.45633602142334
-15.21822452545166
-14.423150062561035
-10.987793922424316
-19.90492057800293
-14.755757331848145
-9.010906219482422
-9.896207809448242
-8.261969566345215
-15.211533546447754
-7.523284912109375
-11.095547676086426
-12.000402450561523
-15.917098045349121
-5.817741870880127
-18.023094177246094
-14.88163948059082
-5.322071075439453
-4.759215831756592
-12.177886962890625
-10.893717765808105
-12.260513305664062
-17.076492309570312
-7.878047943115234
-8.55781364440918
-9.19300651550293
-8.351996421813965
-12.669844627380371
-7.09295129776001
-12.759870529174805
-10.013580322265625
-16.057720184326172
-9.334846496582031
-6.00586462020874
-10.621188163757324
-8.423466682434082
-6.216341972351074
-11.264083862304688
-15.413819313049316
-14.406279563903809
-13.299169540405273
-15.023250579833984
-9.577963829040527
-11.366660118103027
-11.523897171020508
-14.715243339538574
-10.837960243225098
-11.694889068603516
-5.73441219329834
-13.190189361572266
-9.980964660644531
-11.848297119140625
-15.028824806213379
-5.304834842681885
-11.254392623901367
-13.009617805480957
-8.346352577209473
-9.382823944091797
-14.219039916992188
-12.161885261535645
-15.740809440612793
-7.121896266937256
-9.400726318359375
-9.636504173278809
-14.150318145751953
-12.103681564331055
-8.238527297973633
-18.011192321777344
-13.001688003540039
-11.613787651062012
-10.814225196838379
-9.326766967773438
-10.58778190612793
-15.828435897827148
-12.728755950927734
-9.641157150268555
-11.643314361572266
-11.782360076904297
-13.804115295410156
-10.675704956054688
-12.8218355178833
-20.204551696777344
-17.95390510559082
-11.94797420501709
-10.883781433105469
-9.592899322509766
-10.920839309692383
-8.968082427978516
-9.317926406860352
-15.531103134155273
-13.313896179199219
-11.168676376342773
-15.071978569030762
-13.665149688720703
-14.54344654083252
-9.44436264038086
-7.960053443908691
-18.620412826538086
-15.186230659484863
-13.757165908813477
-10.499171257019043
-6.201930522918701
-14.58452033996582
-11.635157585144043
-11.10948657989502
-16.2901668548584
-11.646329879760742
-9.910290718078613
-16.17360496520996
-1.787269115447998
-1.7988466024398804
-12.410622596740723
-14.88143539428711
-8.215517044067383
-17.000476837158203
-11.804325103759766
-11.889939308166504
-17.113807678222656
-16.298629760742188
-12.416717529296875
-12.675349235534668
-10.464134216308594
-13.817811012268066
-12.420299530029297
-12.53709602355957
-9.672191619873047
-10.356430053710938
-9.356633186340332
-13.253449440002441
-10.968491554260254
-9.388503074645996
-17.21862030029297
-15.220398902893066
-10.704949378967285
-8.433980941772461
-16.688766479492188
-12.951376914978027
-12.956009864807129
-16.224306106567383
-9.974752426147461
-10.981158256530762
-8.092501640319824
-11.627145767211914
-18.938091278076172
-10.660176277160645
-16.450300216674805
-13.860651969909668
-8.669753074645996
-12.845775604248047
-11.275278091430664
-7.900893211364746
-11.180517196655273
-16.956504821777344
-9.802177429199219
-11.472033500671387
-13.017486572265625
-10.767378807067871
-8.599602699279785
-9.963494300842285
-7.485769748687744
-14.438626289367676
-18.753061294555664
-9.989899635314941
-13.593374252319336
-8.025505065917969
-10.293132781982422
-9.802803039550781
-15.031044960021973
-15.752281188964844
-7.686428546905518
-19.888931274414062
-16.772628784179688
-12.04593276977539
-8.42965030670166
-10.074518203735352
-8.599817276000977
-12.079446792602539
-9.926589012145996
-10.758816719055176
-10.537775039672852
-7.4748711585998535
-9.945528984069824
-11.755952835083008
-11.029441833496094
-15.048340797424316
-10.003623962402344
-19.020442962646484
-15.529152870178223
-15.795490264892578
-9.766862869262695
-7.687792778015137
-9.456183433532715
-11.369779586791992
-7.089323997497559
-14.427000045776367
-17.101633071899414
-9.830696105957031
-8.44499683380127
-8.811834335327148
-20.373985290527344
-16.09621810913086
-17.995567321777344
-15.197514533996582
-11.097794532775879
-15.429414749145508
-15.89797306060791
-16.417421340942383
-14.929754257202148
-14.73007869720459
-9.702469825744629
-9.023103713989258
-10.476670265197754
-14.61241626739502
-16.212322235107422
-17.45648193359375
-14.130866050720215
-4.890255451202393
-14.0758056640625
-16.612607955932617
-6.5115065574646
-14.571357727050781
-7.07949686050415
-11.552552223205566
-9.241998672485352
-13.791720390319824
-13.107924461364746
-12.6055269241333
-15.25508975982666
-16.013547897338867
-12.5546875
-16.31045913696289
-14.382826805114746
-11.996455192565918
-7.291325092315674
-12.257036209106445
-13.002695083618164
-17.101036071777344
-15.45976448059082
-12.853440284729004
-14.39803695678711
-12.21108341217041
-11.17630386352539
-11.876174926757812
-10.849282264709473
-13.342077255249023
-7.324005603790283
-10.502385139465332
-15.477335929870605
-13.85664176940918
-8.542265892028809
-7.407802581787109
-7.54502010345459
-6.218634605407715
-13.92525577545166
-13.34792709350586
-9.990147590637207
-14.449563980102539
-14.298233985900879
-12.093013763427734
-13.668340682983398
-10.804977416992188
-15.42807674407959
-11.789440155029297
-11.69807243347168
-15.142317771911621
-12.317079544067383
-13.260692596435547
-8.02187442779541
-7.943940162658691
-17.6807861328125
-15.40898323059082
-10.775315284729004
-11.472127914428711
-10.90889835357666
-12.099693298339844
-6.960572242736816
-8.11909294128418
-17.159290313720703
-9.849291801452637
-7.062245845794678
-8.972673416137695
-10.222479820251465
-11.004850387573242
-9.956358909606934
-14.862968444824219
-6.012640953063965
-10.432638168334961
-13.879627227783203
-14.733226776123047
-10.863041877746582
-10.31846809387207
-9.45650577545166
-17.98320198059082
-17.755783081054688
-16.825611114501953
-12.043875694274902
-9.418212890625
-8.08754825592041
-17.815017700195312
-7.823472023010254
-7.756297588348389
-11.873273849487305
-10.112224578857422
-11.849950790405273
-13.070303916931152
-11.94267749786377
-10.66720962524414
-8.581424713134766
-13.878193855285645
-11.048521995544434
-15.357892990112305
-8.955890655517578
-9.839658737182617
-15.442153930664062
-7.600038528442383
-17.322101593017578
-14.059205055236816
-17.418827056884766
-18.402572631835938
-16.827566146850586
-14.165804862976074
-17.577163696289062
-13.706783294677734
-11.211379051208496
-13.29975700378418
-8.696434020996094
-12.487631797790527
-12.854374885559082
-11.984219551086426
-8.322250366210938
-10.066417694091797
-9.242801666259766
-13.769444465637207
-7.007343292236328
-11.988889694213867
-14.784375190734863
-9.37740421295166
-7.753438472747803
-12.998696327209473
-9.650397300720215
-7.629864692687988
-8.221630096435547
-17.670751571655273
-8.729917526245117
-14.4878511428833
-7.954070091247559
-5.4119977951049805
-16.436662673950195
-11.490283966064453
-9.492047309875488
-14.284461975097656
-12.951376914978027
-15.921255111694336
-13.327495574951172
-10.53773307800293
-15.301960945129395
-15.106956481933594
-11.89070987701416
-7.014146327972412
-10.873052597045898
-12.299507141113281
-12.454442024230957
-11.574775695800781
-9.112269401550293
-11.537047386169434
-11.732455253601074
-15.865681648254395
-12.096646308898926
-18.425254821777344
-12.71757698059082
-13.480201721191406
-12.077958106994629
-11.954646110534668
-12.911213874816895
-8.361483573913574
-10.761788368225098
-12.92891788482666
-16.8371639251709
-6.263369560241699
-13.321985244750977
-15.20032787322998
-6.962124347686768
-14.18093490600586
-10.371877670288086
-8.981525421142578
-10.1363525390625
-11.74267578125
-14.94088077545166
-17.38163948059082
-12.991901397705078
-13.27892017364502
-11.367693901062012
-11.248456954956055
-16.836807250976562
-9.322769165039062
-8.507142066955566
-16.851036071777344
-11.780850410461426
-16.201095581054688
-20.319766998291016
-7.767195701599121
-9.719057083129883
-13.157713890075684
-19.096660614013672
-18.921085357666016
-6.192040920257568
-10.179160118103027
-10.464187622070312
-8.717366218566895
-10.404296875
-17.853260040283203
-12.014787673950195
-16.7528018951416
-10.228294372558594
-9.048243522644043
-11.555878639221191
-13.801100730895996
-15.819465637207031
-14.511372566223145
-10.97681713104248
-8.203292846679688
-11.372987747192383
-13.636371612548828
-6.510799884796143
-8.526203155517578
-12.315502166748047
-11.27392292022705
-9.333084106445312
-6.803013801574707
-11.658266067504883
-10.253750801086426
-10.822941780090332
-9.126935005187988
-11.381410598754883
-15.989795684814453
-11.222168922424316
-9.024554252624512
-8.351006507873535
-19.325288772583008
-10.15825366973877
-15.738266944885254
-11.621199607849121
-15.098197937011719
-14.631092071533203
-13.765625953674316
-14.422796249389648
-12.7479887008667
-8.01233959197998
-11.777090072631836
-11.675374031066895
-6.636679172515869
-16.661813735961914
-7.3414835929870605
-8.589065551757812
-7.9335784912109375
-10.917094230651855
-16.714317321777344
-16.63078498840332
-13.300293922424316
-9.83751106262207
-9.647393226623535
-13.306290626525879
-16.061574935913086
-16.40291976928711
-12.433246612548828
-7.1560821533203125
-12.892744064331055
-9.257397651672363
-14.774480819702148
-8.776825904846191
-14.031380653381348
-16.663537979125977
-17.95390510559082
-15.313638687133789
-10.253191947937012
-9.650092124938965
-11.014250755310059
-14.87761116027832
-14.601272583007812
-10.343037605285645
-7.06926965713501
-7.833444595336914
-10.837017059326172
-10.125824928283691
-7.741660118103027
-8.989396095275879
-17.53497886657715
-16.28312873840332
-16.651121139526367
-13.534845352172852
-8.53864860534668
-10.670751571655273
-7.323742389678955
-15.596772193908691
-12.269140243530273
-11.353096008300781
-11.90732192993164
-12.35562801361084
-9.654671669006348
-13.08476448059082
-11.862311363220215
-19.174848556518555
-19.03146743774414
-13.273666381835938
-6.4680986404418945
-20.176645278930664
-11.95311164855957
-10.574176788330078
-10.988113403320312
-8.75535774230957
-12.068023681640625
-17.079591751098633
-10.184499740600586
-14.412615776062012
-16.6099796295166
-12.527238845825195
-6.728501319885254
-7.1170501708984375
-13.230767250061035
-7.56629753112793
-12.664506912231445
-16.066591262817383
-12.153312683105469
-18.26300621032715
-12.057062149047852
-14.95650577545166
-14.423149108886719
-18.08586311340332
-16.57703971862793
-15.038711547851562
-9.75008773803711
-12.449345588684082
-7.935054302215576
-8.185158729553223
-7.9054341316223145
-6.77023983001709
-8.850730895996094
-18.765220642089844
-16.170482635498047
-12.78408145904541
-12.060518264770508
-13.658919334411621
-17.678237915039062
-11.93732738494873
-14.134377479553223
-18.308631896972656
-17.45526123046875
-8.526161193847656
-10.925678253173828
-16.131261825561523
-18.20049476623535
-11.151337623596191
-13.864174842834473
-11.45949935913086
-8.238468170166016
-11.286884307861328
-13.275727272033691
-7.306807518005371
-7.630161285400391
-5.250566005706787
-10.308080673217773
-16.9281063079834
-11.322286605834961
-14.916810035705566
-9.727049827575684
-15.991096496582031
-15.857532501220703
-18.011194229125977
-15.253506660461426
-11.355110168457031
-8.807086944580078
-10.986381530761719
-14.983616828918457
-9.218676567077637
-11.219740867614746
-15.732508659362793
-17.147991180419922
-13.299169540405273
-12.774161338806152
-14.46164321899414
-8.521446228027344
-8.505623817443848
-11.011366844177246
-11.408113479614258
-8.250871658325195
-17.776304244995117
-14.628963470458984
-8.821564674377441
-10.569628715515137
-14.765914916992188
-8.676119804382324
-10.580729484558105
-20.464317321777344
-11.417136192321777
-12.70667552947998
-10.301058769226074
-10.219386100769043
-7.515600681304932
-12.200443267822266
-9.610100746154785
-15.87732982635498
-11.321027755737305
-10.469095230102539
-11.695812225341797
-12.33150577545166
-12.438150405883789
-14.178011894226074
-13.369617462158203
-10.886329650878906
-8.925851821899414
-6.873708724975586
-21.069358825683594
-15.92372989654541
-9.538557052612305
-8.794557571411133
-8.759590148925781
-14.593653678894043
-12.144192695617676
-9.110502243041992
-14.423149108886719
-13.677659034729004
-11.105423927307129
-11.925536155700684
-15.999853134155273
-11.69499683380127
-17.13892936706543
-9.505109786987305
-18.316152572631836
-15.59201431274414
-7.8067731857299805
-9.209897994995117
-13.788581848144531
-15.238389015197754
-18.32468605041504
-11.990163803100586
-11.947969436645508
-12.609737396240234
-9.213139533996582
-11.27457046508789
-10.465886116027832
-11.19310188293457
-15.434995651245117
-10.355134963989258
-5.1862897872924805
-15.023829460144043
-13.810602188110352
-12.344578742980957
-12.311275482177734
-7.831097602844238
-11.53937816619873
-11.488273620605469
-12.59257698059082
-16.201095581054688
-14.145700454711914
-18.69507598876953
-11.731222152709961
-11.810195922851562
-8.21409797668457
-6.513981342315674
-10.2174072265625
-8.795316696166992
-10.26363468170166
-14.196709632873535
-8.822726249694824
-10.111090660095215
-14.72213077545166
-13.299169540405273
-8.986796379089355
-6.431185722351074
-13.446139335632324
-9.461509704589844
-18.527231216430664
-16.84343147277832
-14.255080223083496
-14.42357063293457
-17.8902587890625
-15.750981330871582
-12.337132453918457
-14.110701560974121
-9.06578254699707
-16.135534286499023
-7.315224647521973
-14.379919052124023
-14.378218650817871
-12.687868118286133
-12.658440589904785
-9.161184310913086
-13.92525577545166
-12.59257698059082
-17.992111206054688
-12.179712295532227
-11.813653945922852
-17.264326095581055
-12.316246032714844
-11.061148643493652
-16.32210922241211
-14.077280044555664
-10.618608474731445
-9.627997398376465
-17.1613826751709
-12.71686840057373
-1.1015738248825073
-10.743084907531738
-10.804468154907227
-16.60006332397461
-8.35361385345459
-12.059515953063965
-7.092226982116699
-13.905861854553223
-17.806472778320312
-13.321067810058594
-10.056663513183594
-14.53984546661377
-21.13726234436035
-6.256646633148193
-10.855073928833008
-15.482985496520996
-8.707690238952637
-8.525008201599121
-12.89816665649414
-12.05357837677002
-13.113642692565918
-12.575071334838867
-6.66784143447876
-8.47011947631836
-8.577943801879883
-10.140353202819824
-10.515661239624023
-13.662405967712402
-7.321955680847168
-15.078340530395508
-10.621459007263184
-10.697746276855469
-10.396323204040527
-9.80234146118164
-15.38994312286377
-9.916739463806152
-16.851036071777344
-13.975763320922852
-14.948771476745605
-8.86499309539795
-10.684972763061523
-7.360605239868164
-16.11467170715332
-13.9177885055542
-12.257723808288574
-10.529726028442383
-12.390222549438477
-17.861900329589844
-13.273797035217285
-11.475822448730469
-8.030752182006836
-9.338784217834473
-9.770003318786621
-20.166419982910156
-15.773015022277832
-11.99460506439209
-11.717098236083984
-12.186186790466309
-8.354666709899902
-7.274331569671631
-10.002949714660645
-14.546640396118164
-9.797581672668457
-17.323854446411133
-13.840754508972168
-17.995567321777344
-15.13945198059082
-17.312633514404297
-12.34401798248291
-11.38846492767334
-11.214473724365234
-12.357540130615234
-20.735641479492188
-11.916802406311035
-14.996148109436035
-10.626250267028809
-9.996379852294922
-9.261993408203125
-6.964789390563965
-16.476036071777344
-13.26445198059082
-13.529221534729004
-9.091039657592773
-13.340157508850098
-12.051374435424805
-10.116741180419922
-9.710814476013184
-9.961551666259766
-17.009628295898438
-10.723901748657227
-16.851037979125977
-19.401708602905273
-7.1618146896362305
-16.585811614990234
-11.321366310119629
-12.50642204284668
-10.76988410949707
-9.116817474365234
-11.556971549987793
-12.902804374694824
-12.482763290405273
-9.967011451721191
-11.149463653564453
-14.79733943939209
-8.761638641357422
-10.020503044128418
-16.27406120300293
-9.549568176269531
-11.027999877929688
-12.985492706298828
-14.768437385559082
-14.6408052444458
-12.541080474853516
-11.103353500366211
-13.602091789245605
-14.423149108886719
-11.345627784729004
-16.415788650512695
-6.056126117706299
-10.091891288757324
-13.643360137939453
-10.474777221679688
-10.756134986877441
-12.092449188232422
-4.845320701599121
-3.6378333568573
-6.3694939613342285
-12.086662292480469
-7.622302055358887
-10.5044527053833
-13.744383811950684
-14.21146297454834
-8.74052906036377
-12.2011079788208
-12.908295631408691
-15.544504165649414
-19.274322509765625
-12.80025577545166
-17.33977508544922
-11.94348430633545
-10.957849502563477
-13.346814155578613
-9.388609886169434
-9.634587287902832
-10.267681121826172
-12.928007125854492
-12.08751106262207
-14.423149108886719
-12.951376914978027
-16.60116195678711
-13.704954147338867
-11.705785751342773
-12.31550407409668
-9.914297103881836
-10.733423233032227
-10.490592956542969
-14.980912208557129
-14.893470764160156
-16.314132690429688
-10.339524269104004
-9.99301528930664
-14.914263725280762
-6.577453136444092
-7.19281530380249
-10.839658737182617
-10.801980018615723
-14.259065628051758
-10.94727897644043
-9.388945579528809
-14.94088077545166
-14.118256568908691
-11.2836332321167
-4.9253621101379395
-16.166545867919922
-13.023937225341797
-16.59142303466797
-17.039499282836914
-11.781416893005371
-10.50091552734375
-6.956023216247559
-6.714954853057861
-11.403985977172852
-7.657142639160156
-12.658061981201172
-7.839627742767334
-9.663793563842773
-10.951103210449219
-14.0758056640625
-7.875668525695801
-17.059690475463867
-12.002508163452148
-15.375267028808594
-10.883522033691406
-9.45650577545166
-16.60429573059082
-13.529221534729004
-15.326220512390137
-6.9630866050720215
-7.725107669830322
-16.805700302124023
-12.903962135314941
-15.524928092956543
-7.97440242767334
-13.482210159301758
-9.83022403717041
-18.987302780151367
-15.055246353149414
-14.744162559509277
-10.669893264770508
-15.012781143188477
-10.475616455078125
-12.925522804260254
-9.444528579711914
-10.404716491699219
-9.434898376464844
-14.869185447692871
-15.052983283996582
-15.294554710388184
-15.869895935058594
-13.14690113067627
-11.183456420898438
-7.760732173919678
-13.883648872375488
-18.505783081054688
-15.341291427612305
-12.238004684448242
-11.854604721069336
-7.25582218170166
-10.070496559143066
-11.310667991638184
-8.115702629089355
-9.031901359558105
-9.53031063079834
-20.915489196777344
-14.219117164611816
-12.951376914978027
-8.722183227539062
-19.31353759765625
-10.790587425231934
-16.077104568481445
-7.183572769165039
-18.33443260192871
-6.38455867767334
-9.445403099060059
-13.163616180419922
-10.238330841064453
-14.560876846313477
-9.323277473449707
-14.7950439453125
-12.284130096435547
-12.776439666748047
-10.576553344726562
-7.453248977661133
-17.181169509887695
-8.519735336303711
-17.00608253479004
-15.687209129333496
-14.796764373779297
-8.657360076904297
-11.354679107666016
-15.824631690979004
-17.922290802001953
-7.670094013214111
-1.3651963472366333
-17.205486297607422
-5.790126800537109
-14.07834529876709
-19.383028030395508
-12.507611274719238
-13.986080169677734
-17.26569938659668
-15.839365005493164
-14.383365631103516
-8.334661483764648
-12.167922019958496
-18.747085571289062
-11.724282264709473
-8.66905403137207
-4.8887434005737305
-8.87623405456543
-8.200142860412598
-8.913249969482422
-6.763340950012207
-13.399958610534668
-9.666218757629395
-17.5675106048584
-13.526297569274902
-0.43193069100379944
-2.092381715774536
-6.9717512130737305
-7.155571937561035
-13.147751808166504
-7.746870040893555
-12.613926887512207
-14.95879077911377
-11.698925971984863
-13.236056327819824
-15.867359161376953
-8.035866737365723
-10.315484046936035
-10.11078929901123
-10.805719375610352
-16.845558166503906
-12.59849739074707
-8.301899909973145
-11.397809028625488
-10.889945030212402
-12.886675834655762
-12.955531120300293
-15.01842975616455
-8.209945678710938
-15.93910026550293
-12.343583106994629
-8.464347839355469
-12.744999885559082
-14.241013526916504
-8.779974937438965
-7.719074726104736
-16.879487991333008
-13.673337936401367
-14.304801940917969
-12.186234474182129
-9.914447784423828
-16.688100814819336
-11.074041366577148
-8.078024864196777
-10.959775924682617
-12.06102180480957
-12.303509712219238
-17.16442108154297
-8.276167869567871
-15.66139030456543
-7.540744781494141
-12.2201566696167
-13.594310760498047
-8.65433406829834
-15.59437084197998
-13.379314422607422
-13.576139450073242
-7.50252628326416
-12.110196113586426
-16.06688117980957
-7.554101467132568
-14.873603820800781
-10.340725898742676
-7.9120659828186035
-11.960500717163086
-16.06038475036621
-8.956157684326172
-11.063206672668457
-8.423715591430664
-9.392722129821777
-15.97338581085205
-19.542552947998047
-13.417616844177246
-11.209424018859863
-11.629480361938477
-6.014517307281494
-8.502815246582031
-15.404909133911133
-14.124985694885254
-11.65664005279541
-9.933350563049316
-6.828807830810547
-13.23111343383789
-9.302436828613281
-12.500306129455566
-10.42713737487793
-8.670310020446777
-9.325129508972168
-13.610005378723145
-12.21739387512207
-23.264789581298828
-8.333013534545898
-7.775673866271973
-17.87082290649414
-16.491121292114258
-17.351009368896484
-2.1128029823303223
-6.25416374206543
-9.078749656677246
-10.868391036987305
-13.137311935424805
-10.636015892028809
-12.40168571472168
-12.836465835571289
-9.910015106201172
-7.535949230194092
-11.579806327819824
-12.501337051391602
-13.042088508605957
-10.636578559875488
-7.033774375915527
-16.733375549316406
-5.3495612144470215
-13.93448257446289
-19.36264991760254
-9.742344856262207
-7.268124580383301
-14.503177642822266
-16.048053741455078
-8.047818183898926
-10.185108184814453
-7.50169038772583
-9.085482597351074
-14.504923820495605
-10.899332046508789
-3.4845423698425293
-10.331551551818848
-8.921876907348633
-12.658243179321289
-10.652429580688477
-13.383944511413574
-15.506919860839844
-18.033933639526367
-7.650469779968262
-13.027637481689453
-9.19653034210205
-21.08647346496582
-12.95667552947998
-18.01677131652832
-6.713898658752441
-7.969467639923096
-11.523456573486328
-6.7278876304626465
-12.563651084899902
-17.377927780151367
-17.633934020996094
-11.436456680297852
-10.894142150878906
-10.570003509521484
-6.658786296844482
-13.624432563781738
-20.297582626342773
-9.115066528320312
-8.419584274291992
-9.407853126525879
-11.513922691345215
-12.710168838500977
-13.524850845336914
-12.549003601074219
-13.80670166015625
-10.401589393615723
-8.796833992004395
-17.115745544433594
-8.633406639099121
-9.800871849060059
-16.389406204223633
-18.2113037109375
-12.004009246826172
-11.093768119812012
-9.192925453186035
-11.596263885498047
-9.492012977600098
-9.509145736694336
-10.255024909973145
-18.365068435668945
-9.86422061920166
-8.619478225708008
-10.926453590393066
-13.127184867858887
-19.180932998657227
-18.384557723999023
-10.650017738342285
-18.996097564697266
-13.04481315612793
-9.500816345214844
-14.648699760437012
-12.80228042602539
-13.412724494934082
-8.344590187072754
-9.666043281555176
-12.723481178283691
-12.583212852478027
-10.758628845214844
-13.774940490722656
-16.553558349609375
-9.738458633422852
-7.112464904785156
-6.9499053955078125
-9.01732063293457
-10.02588939666748
-16.3006591796875
-15.129902839660645
-16.323196411132812
-16.685144424438477
-10.568641662597656
-11.562837600708008
-10.69655990600586
-11.9668607711792
-18.69693946838379
-12.095193862915039
-13.444767951965332
-12.07962703704834
-12.902429580688477
-8.857185363769531
-9.25330638885498
-18.7060604095459
-10.742324829101562
-6.776596546173096
-2.5131843090057373
-8.93910026550293
-14.603585243225098
-7.823882102966309
-12.794093132019043
-14.124814987182617
-8.776663780212402
-20.866090774536133
-12.637341499328613
-4.263915061950684
-16.691078186035156
-13.983541488647461
-16.218454360961914
-13.141426086425781
-16.33467674255371
-13.716082572937012
-16.245813369750977
-16.584787368774414
-16.481670379638672
-9.233671188354492
-10.863425254821777
-12.941950798034668
-17.251724243164062
-17.846729278564453
-9.985607147216797
-18.372190475463867
-7.617280006408691
-6.338406085968018
-11.710994720458984
-8.47501277923584
-10.840068817138672
-10.410457611083984
-8.748409271240234
-12.122681617736816
-10.312524795532227
-7.804984092712402
-17.351102828979492
-8.511609077453613
-4.649241924285889
-7.643799781799316
-8.239809036254883
-10.577606201171875
-15.026238441467285
-18.89261245727539
-10.973312377929688
-11.200472831726074
-15.353485107421875
-15.344818115234375
-6.396333694458008
-7.6798930168151855
-10.434463500976562
-10.06307601928711
-11.100272178649902
-18.25865936279297
-11.351173400878906
-13.852931022644043
-13.667913436889648
-16.616134643554688
-13.213569641113281
-15.128538131713867
-19.119779586791992
-17.439939498901367
-9.48183536529541
-13.90111255645752
-11.140813827514648
-10.125246047973633
-8.207169532775879
-14.61953353881836
-9.293675422668457
-13.025452613830566
-11.896322250366211
-23.456594467163086
-10.649785041809082
-15.110306739807129
-16.41024398803711
-11.171520233154297
-18.347782135009766
-14.52150821685791
-19.03754425048828
-16.46379852294922
-10.370935440063477
-12.205254554748535
-9.064774513244629
-14.532228469848633
-9.159751892089844
-9.951656341552734
-11.337773323059082
-10.755666732788086
-20.274688720703125
-12.504552841186523
-9.852060317993164
-13.291680335998535
-2.6721999645233154
-9.732800483703613
-5.959498405456543
-15.791181564331055
-9.096697807312012
-10.593539237976074
-14.304458618164062
-9.544537544250488
-9.852060317993164
-10.96410846710205
-12.876769065856934
-6.576082706451416
-12.819483757019043
-13.705821990966797
-12.623653411865234
-18.882152557373047
-8.789619445800781
-7.714842796325684
-11.024392127990723
-10.642230987548828
-11.366318702697754
-13.25780200958252
-11.145833969116211
-12.826172828674316
-8.032090187072754
-8.874025344848633
-9.586960792541504
-12.107868194580078
-13.215337753295898
-16.35232162475586
-12.675368309020996
-9.478219985961914
-9.500469207763672
-11.770000457763672
-15.7088623046875
-13.163110733032227
-18.229398727416992
-14.154560089111328
-13.938726425170898
-6.963346004486084
-9.241701126098633
-9.9277982711792
-9.00318717956543
-12.21436882019043
-15.724154472351074
-12.347131729125977
-9.167415618896484
-17.59929847717285
-9.395008087158203
-10.12995433807373
-14.238232612609863
-8.825150489807129
-8.974348068237305
-17.206579208374023
-9.863410949707031
-10.611811637878418
-14.846981048583984
-11.974424362182617
-11.734797477722168
-12.095839500427246
-12.39862060546875
-18.345190048217773
-15.318187713623047
-13.335234642028809
-12.03663444519043
-17.16118812561035
-9.603127479553223
-16.88480567932129
-12.586877822875977
-10.145631790161133
-6.645504951477051
-10.77676773071289
-16.840961456298828
-18.184541702270508
-11.963208198547363
-10.918852806091309
-11.988975524902344
-17.80958366394043
-16.834705352783203
-12.065664291381836
-9.511428833007812
-9.010939598083496
-10.121563911437988
-4.512251853942871
-10.200282096862793
-9.297025680541992
-17.02928924560547
-13.544478416442871
-10.247252464294434
-12.370381355285645
-16.214561462402344
-13.403860092163086
-14.8582763671875
-11.065118789672852
-16.06122589111328
-18.37213706970215
-15.64903450012207
-5.082834243774414
-9.080207824707031
-11.937190055847168
-19.17059326171875
-9.730476379394531
-17.898834228515625
-7.667001724243164
-13.90173625946045
-15.655326843261719
-13.582196235656738
-11.913813591003418
-15.023421287536621
-17.191083908081055
-12.653285026550293
-11.621747970581055
-7.71019172668457
-9.601269721984863
-14.04150390625
-11.841348648071289
-11.962105751037598
-12.566770553588867
-9.940704345703125
-8.208868980407715
-18.73380470275879
-13.88841438293457
-7.118553638458252
-7.427865982055664
-8.983307838439941
-12.227505683898926
-11.238868713378906
-9.693562507629395
-16.737567901611328
-12.401299476623535
-7.960703372955322
-10.311884880065918
-16.209224700927734
-14.190281867980957
-17.20361328125
-12.501888275146484
-17.655960083007812
-19.08784294128418
-14.152308464050293
-15.352718353271484
-12.46051025390625
-15.865802764892578
-21.66141700744629
-13.638592720031738
-12.41546630859375
-21.609235763549805
-13.284143447875977
-4.185338497161865
-9.97343635559082
-10.305527687072754
-16.812822341918945
-8.12324047088623
-8.960935592651367
-13.389483451843262
-13.195075035095215
-10.987401962280273
-10.632555961608887
-7.021766185760498
-9.374080657958984
-6.401529312133789
-10.077859878540039
-18.10978889465332
-16.409198760986328
-16.606964111328125
-13.88928508758545
-9.869244575500488
-8.380481719970703
-10.996688842773438
-7.876037120819092
-11.292619705200195
-9.248025894165039
-15.655473709106445
-6.262197494506836
-15.14350700378418
-13.306096076965332
-7.739897727966309
-18.133764266967773
-20.594850540161133
-8.193315505981445
-6.534680366516113
-12.529160499572754
-17.428466796875
-12.373764038085938
-11.992326736450195
-17.74272918701172
-9.020476341247559
-11.20080852508545
-9.738516807556152
-18.1975154876709
-11.71398639678955
-20.219213485717773
-7.650412559509277
-19.026819229125977
-11.719911575317383
-7.961735248565674
-9.596251487731934
-16.225868225097656
-9.251449584960938
-15.259777069091797
-15.128793716430664
-10.398547172546387
-11.164278984069824
-8.472965240478516
-9.735533714294434
-11.10944652557373
-13.730912208557129
-13.703452110290527
-12.326419830322266
-7.194353103637695
-16.003273010253906
-8.894103050231934
-15.475171089172363
-11.888336181640625
-13.25301742553711
-10.73695182800293
-13.792169570922852
-14.594962120056152
-10.460667610168457
-14.794504165649414
-15.929327964782715
-16.79731559753418
-6.64647102355957
-7.086462497711182
-5.522830486297607
-8.173123359680176
-11.075111389160156
-11.123676300048828
-5.504436492919922
-5.5935893058776855
-12.822922706604004
-14.57390308380127
-11.88720417022705
-13.715155601501465
-16.247764587402344
-11.878133773803711
-15.220080375671387
-12.701465606689453
-14.059078216552734
-18.51097869873047
-11.564066886901855
-12.410840034484863
-11.687642097473145
-14.364656448364258
-15.909860610961914
-12.337089538574219
-14.03244686126709
-8.489011764526367
-9.696468353271484
-8.558717727661133
-12.13735580444336
-12.519736289978027
-10.20681095123291
-15.073848724365234
-7.419214248657227
-15.691051483154297
-5.925192356109619
-18.425256729125977
-15.92460823059082
-12.951376914978027
-16.803165435791016
-12.238642692565918
-8.472696304321289
-6.413573741912842
-11.780445098876953
-12.312972068786621
-13.053361892700195
-11.694764137268066
-14.624016761779785
-7.066875457763672
-12.75710391998291
-14.942627906799316
-14.545021057128906
-3.12747859954834
-10.999306678771973
-14.522407531738281
-8.582448959350586
-9.514368057250977
-14.884718894958496
-14.866996765136719
-9.048099517822266
-8.419473648071289
-12.703361511230469
-14.199872970581055
-14.95650577545166
-16.280696868896484
-8.670965194702148
-13.622025489807129
-16.037425994873047
-18.751422882080078
-10.969898223876953
-7.882240295410156
-8.20766830444336
-12.725138664245605
-14.477418899536133
-15.03462028503418
-14.239092826843262
-9.755123138427734
-12.659451484680176
-8.693048477172852
-11.726783752441406
-16.158344268798828
-15.97213077545166
-14.458507537841797
-12.426385879516602
-15.688838005065918
-10.994194984436035
-14.373899459838867
-14.82305908203125
-12.040742874145508
-9.70344066619873
-9.090023040771484
-10.905839920043945
-18.569908142089844
-12.136404991149902
-9.922469139099121
-7.896196365356445
-13.929327011108398
-11.900795936584473
-9.166574478149414
-7.373699188232422
-8.529431343078613
-17.0682430267334
-14.447437286376953
-13.740621566772461
-9.865266799926758
-16.67070198059082
-12.951376914978027
-10.575029373168945
-15.740856170654297
-7.349999904632568
-9.212395668029785
-10.352054595947266
-10.162854194641113
-16.030532836914062
-10.600637435913086
-11.149232864379883
-10.835428237915039
-17.54297637939453
-15.97213077545166
-14.423150062561035
-13.306020736694336
-9.625064849853516
-14.277095794677734
-12.112659454345703
-5.356163024902344
-8.073234558105469
-16.586246490478516
-6.925107955932617
-8.692473411560059
-16.980600357055664
-14.559588432312012
-7.620967864990234
-14.689738273620605
-14.80090618133545
-4.041772842407227
-6.806291580200195
-12.270811080932617
-12.906549453735352
-8.237958908081055
-13.022327423095703
-10.29479694366455
-13.77680778503418
-11.497303009033203
-8.04004955291748
-8.514875411987305
-13.422846794128418
-12.588479995727539
-11.428471565246582
-9.36701488494873
-11.839447975158691
-14.709403038024902
-8.109195709228516
-11.649101257324219
-10.91137981414795
-17.165199279785156
-14.735929489135742
-14.603440284729004
-21.287668228149414
-11.633027076721191
-7.859968185424805
-9.587942123413086
-15.87393856048584
-15.686293601989746
-17.701967239379883
-13.673325538635254
-17.41609764099121
-9.819664001464844
-5.874595642089844
-11.676146507263184
-7.879159450531006
-14.979864120483398
-21.671199798583984
-15.564491271972656
-17.900732040405273
-10.199771881103516
-15.015033721923828
-3.9309871196746826
-9.820642471313477
-13.002463340759277
-17.8944034576416
-12.203810691833496
-7.337394714355469
-16.523469924926758
-16.123191833496094
-16.362754821777344
-14.321176528930664
-12.205093383789062
-7.932465553283691
-7.710911273956299
-10.696249961853027
-13.160905838012695
-7.286442279815674
-11.722423553466797
-7.916561603546143
-11.924077033996582
-12.834293365478516
-10.020628929138184
-10.233734130859375
-10.23479175567627
-5.908114910125732
-14.461882591247559
-8.247049331665039
-16.33939552307129
-11.336092948913574
-9.45650577545166
-10.64159107208252
-9.748625755310059
-10.948969841003418
-10.537914276123047
-11.904208183288574
-15.562946319580078
-10.249052047729492
-11.452306747436523
-16.51409912109375
-9.666263580322266
-12.892732620239258
-14.210038185119629
-15.076435089111328
-11.810051918029785
-11.926066398620605
-16.851036071777344
-17.0022029876709
-15.0093994140625
-8.115339279174805
-12.888787269592285
-6.800329208374023
-13.764239311218262
-10.945219993591309
-17.2421875
-9.400723457336426
-17.125370025634766
-15.78072452545166
-16.872663497924805
-13.946404457092285
-20.764558792114258
-13.482625961303711
-12.659852027893066
-15.606290817260742
-14.355382919311523
-15.716053009033203
-7.604061126708984
-15.887064933776855
-11.258806228637695
-7.614012241363525
-10.283432006835938
-12.993781089782715
-13.001346588134766
-11.546442985534668
-9.790336608886719
-11.077682495117188
-13.56588077545166
-12.55510425567627
-15.12343978881836
-8.901631355285645
-12.80206298828125
-4.0474629402160645
-8.826805114746094
-5.7210259437561035
-15.299708366394043
-16.587419509887695
-12.686338424682617
-9.508533477783203
-12.983650207519531
-16.50192642211914
-15.45976448059082
-10.228440284729004
-9.648324012756348
-6.807126998901367
-14.083678245544434
-7.084649085998535
-9.93242359161377
-8.523723602294922
-13.69356918334961
-10.885107040405273
-6.993758201599121
-15.267768859863281
-12.497977256774902
-8.37891960144043
-12.093042373657227
-13.326258659362793
-11.237382888793945
-10.892802238464355
-17.165199279785156
-13.119389533996582
-12.931243896484375
-11.420928955078125
-7.098673343658447
-10.133152961730957
-13.573078155517578
-16.606468200683594
-12.285042762756348
-8.324792861938477
-17.244918823242188
-12.070442199707031
-8.751989364624023
-13.862260818481445
-11.431779861450195
-14.787033081054688
-8.894662857055664
-10.9442138671875
-9.468218803405762
-11.923701286315918
-11.412899017333984
-15.856075286865234
-17.597082138061523
-13.458988189697266
-6.108860969543457
-18.425256729125977
-16.88820457458496
-16.09202766418457
-13.574676513671875
-11.370065689086914
-15.300114631652832
-16.263408660888672
-9.76154613494873
-12.744142532348633
-11.75037670135498
-15.21822452545166
-12.951376914978027
-17.002653121948242
-13.395407676696777
-16.70109748840332
-11.427281379699707
-11.616281509399414
-11.079249382019043
-15.545280456542969
-9.884442329406738
-15.51993465423584
-15.236821174621582
-11.83127212524414
-9.948689460754395
-7.572926998138428
-15.548027992248535
-12.216221809387207
-6.669981002807617
-15.315969467163086
-12.514949798583984
-9.951848983764648
-6.584427833557129
-10.883484840393066
-13.838232040405273
-13.070302963256836
-14.38575267791748
-15.398221015930176
-10.150517463684082
-9.232128143310547
-18.0528621673584
-9.927279472351074
-12.22118091583252
-16.746156692504883
-15.354456901550293
-6.335822582244873
-8.52816390991211
-12.326306343078613
-8.264878273010254
-14.45319652557373
-11.190654754638672
-12.294645309448242
-20.464319229125977
-14.458507537841797
-14.128530502319336
-15.36849308013916
-12.94057559967041
-14.837532997131348
-6.474334716796875
-13.070159912109375
-14.27854061126709
-11.079875946044922
-12.824652671813965
-9.996237754821777
-17.614749908447266
-16.250900268554688
-10.416109085083008
-12.470627784729004
-8.62756633758545
-8.163619041442871
-9.06539249420166
-8.426231384277344
-9.872204780578613
-8.534663200378418
-10.79080581665039
-14.757781028747559
-7.009857654571533
-7.988780975341797
-12.902935028076172
-14.80806827545166
-11.91288948059082
-16.20109748840332
-11.485920906066895
-7.486411094665527
-10.913288116455078
-9.205741882324219
-10.916267395019531
-10.488908767700195
-12.702686309814453
-17.986082077026367
-12.61979866027832
-10.240558624267578
-11.692513465881348
-10.242508888244629
-15.78620719909668
-14.318692207336426
-9.710169792175293
-15.41404914855957
-8.790843963623047
-12.443603515625
-14.623802185058594
-6.5348076820373535
-11.852509498596191
-8.705511093139648
-15.887786865234375
-14.742587089538574
-13.730162620544434
-14.95650577545166
-14.423149108886719
-15.276185989379883
-12.842402458190918
-12.883222579956055
-20.966087341308594
-12.289135932922363
-9.058257102966309
-9.525545120239258
-9.538346290588379
-12.325258255004883
-10.381304740905762
-7.257871627807617
-10.742467880249023
-11.73735523223877
-12.903982162475586
-16.15279769897461
-9.731755256652832
-7.173574447631836
-7.727846145629883
-17.401212692260742
-13.67359447479248
-13.01576042175293
-11.983871459960938
-6.154293060302734
-13.211732864379883
-8.872762680053711
-17.189096450805664
-8.22219181060791
-13.562064170837402
-11.697132110595703
-11.801554679870605
-18.172739028930664
-14.923055648803711
-5.483232498168945
-7.738392353057861
-17.841480255126953
-17.784263610839844
-11.011314392089844
-12.281415939331055
-12.80025577545166
-12.771825790405273
-16.347280502319336
-12.03359603881836
-5.908188819885254
-5.6461663246154785
-9.717568397521973
-9.261564254760742
-10.453115463256836
-8.39245319366455
-15.401565551757812
-11.190637588500977
-7.607794761657715
-9.0849609375
-7.61470890045166
-20.98871421813965
-9.806598663330078
-15.644317626953125
-14.202567100524902
-14.88163948059082
-12.951376914978027
-15.253506660461426
-12.840315818786621
-13.788277626037598
-7.420294761657715
-16.67743492126465
-8.274703979492188
-18.43803596496582
-10.890816688537598
-10.822625160217285
-14.001877784729004
-15.836894035339355
-13.785810470581055
-8.949403762817383
-9.490367889404297
-12.105663299560547
-11.846539497375488
-11.714271545410156
-7.426484107971191
-10.704715728759766
-15.947513580322266
-15.598755836486816
-9.64091682434082
-9.912141799926758
-15.957859992980957
-12.773326873779297
-12.603594779968262
-12.951376914978027
-11.619139671325684
-9.242903709411621
-20.440202713012695
-12.475417137145996
-18.280298233032227
-7.2788848876953125
-10.597363471984863
-17.876161575317383
-13.194453239440918
-14.862628936767578
-17.067508697509766
-14.091734886169434
-5.959005355834961
-10.1695556640625
-12.044958114624023
-16.063549041748047
-8.42718505859375
-17.688987731933594
-12.485678672790527
-17.101036071777344
-12.208961486816406
-17.96281623840332
-16.803165435791016
-7.123070240020752
-13.382433891296387
-12.819131851196289
-9.285330772399902
-9.895397186279297
-13.480216026306152
-12.542054176330566
-12.78636360168457
-13.35791301727295
-7.432504653930664
-9.056737899780273
-13.782135963439941
-9.800959587097168
-14.621521949768066
-15.100325584411621
-16.924325942993164
-9.61416244506836
-18.097251892089844
-15.782556533813477
-15.872220039367676
-12.64080810546875
-12.27972412109375
-16.64154052734375
-11.33270263671875
-7.123106479644775
-7.032232761383057
-17.16568374633789
-11.01053524017334
-12.365202903747559
-12.100015640258789
-10.678156852722168
-8.965418815612793
-14.067696571350098
-11.835221290588379
-11.220207214355469
-11.841924667358398
-6.789405345916748
-10.761966705322266
-13.861223220825195
-17.189367294311523
-8.861828804016113
-14.648468017578125
-19.720500946044922
-12.311626434326172
-16.271669387817383
-10.545886993408203
-12.525283813476562
-10.446029663085938
-10.696460723876953
-12.6070556640625
-9.818126678466797
-14.683269500732422
-14.117104530334473
-15.088245391845703
-6.825660705566406
-13.185894012451172
-10.055120468139648
-7.1899638175964355
-10.38477611541748
-13.195591926574707
-11.99536418914795
-11.668440818786621
-10.217561721801758
-10.929826736450195
-12.713139533996582
-14.04025936126709
-12.634631156921387
-14.321332931518555
-14.330850601196289
-15.150164604187012
-7.807073593139648
-9.79643726348877
-16.476036071777344
-16.83002281188965
-10.259064674377441
-8.805170059204102
-13.36852741241455
-13.415435791015625
-9.266252517700195
-18.714523315429688
-9.961090087890625
-9.819013595581055
-16.573989868164062
-16.014535903930664
-11.093876838684082
-9.45650577545166
-14.50663948059082
-7.426659107208252
-11.536314010620117
-17.294803619384766
-13.255237579345703
-16.614797592163086
-15.102639198303223
-19.364635467529297
-12.49685001373291
-14.121270179748535
-9.385018348693848
-15.139355659484863
-15.530197143554688
-10.157597541809082
-13.700133323669434
-10.343192100524902
-14.414264678955078
-12.62382698059082
-12.951376914978027
-10.745299339294434
-8.752318382263184
-7.244265079498291
-15.23034954071045
-14.23215389251709
-20.742887496948242
-13.56161117553711
-13.292019844055176
-14.048665046691895
-13.26445198059082
-14.111252784729004
-12.654159545898438
-13.755517959594727
-11.774699211120605
-9.786954879760742
-15.219831466674805
-14.8317289352417
-10.302395820617676
-11.984123229980469
-7.821005821228027
-16.33119010925293
-10.445164680480957
-19.29348373413086
-14.179899215698242
-11.428356170654297
-12.33150577545166
-15.72538948059082
-12.653757095336914
-14.518719673156738
-15.643048286437988
-13.445013046264648
-16.6129093170166
-11.678628921508789
-21.716625213623047
-13.26445198059082
-12.951376914978027
-10.815939903259277
-16.024465560913086
-10.369168281555176
-7.197779178619385
-13.115707397460938
-12.870238304138184
-10.754215240478516
-15.41391658782959
-9.537517547607422
-6.891506195068359
-8.30666446685791
-20.7420711517334
-8.338739395141602
-14.019865036010742
-11.69974136352539
-7.33085823059082
-10.360166549682617
-10.289345741271973
-9.41256332397461
-16.242067337036133
-9.900857925415039
-9.851119041442871
-8.808818817138672
-8.646003723144531
-12.27397632598877
-14.953548431396484
-7.45752477645874
-17.801959991455078
-14.775312423706055
-11.72873306274414
-8.44742488861084
-14.121061325073242
-10.45433521270752
-6.739084720611572
-5.667720317840576
-14.644452095031738
-17.269203186035156
-9.265778541564941
-10.889117240905762
-16.021595001220703
-12.412700653076172
-14.0758056640625
-10.085665702819824
-10.45677375793457
-14.818375587463379
-8.206254005432129
-12.232640266418457
-10.446014404296875
-10.821593284606934
-9.011515617370605
-11.758660316467285
-12.80025577545166
-12.27273178100586
-11.844111442565918
-15.647452354431152
-11.194377899169922
-16.51563262939453
-10.528950691223145
-10.75267505645752
-13.21872329711914
-14.370407104492188
-14.833599090576172
-17.041461944580078
-17.779769897460938
-15.48710823059082
-15.083909034729004
-15.35122013092041
-13.765155792236328
-13.730838775634766
-12.024778366088867
-8.286885261535645
-13.09101390838623
-10.163177490234375
-7.605653762817383
-14.149215698242188
-4.848637580871582
-10.719057083129883
-11.077780723571777
-16.653942108154297
-14.78885269165039
-19.227542877197266
-9.038366317749023
-9.44295883178711
-15.76871395111084
-14.43984603881836
-14.27853775024414
-12.111763954162598
-11.04900074005127
-9.133907318115234
-10.869449615478516
-6.554623126983643
-9.708207130432129
-13.131525993347168
-7.474071025848389
-9.485555648803711
-6.686659336090088
-4.033841133117676
-4.882946968078613
-2.464224338531494
-5.756484508514404
-1.3113651275634766
-4.830882549285889
-3.81036114692688
-1.9881106615066528
-3.3338499069213867
-3.7192914485931396
-1.5188586711883545
-8.461393356323242
-0.3824235796928406
-1.9878071546554565
-4.589565277099609
-0.02263483963906765
-3.429828643798828
-2.499603271484375
-0.7918058633804321
-1.0115270614624023
-0.17404530942440033
-1.6164510250091553
-8.528271675109863
-2.651186943054199
-0.45250171422958374
-2.856417655944824
-1.8857299089431763
-1.2968721389770508
-1.0307729244232178
-7.603071689605713
-1.208617925643921
-0.6735795736312866
-4.6625261306762695
-2.490807056427002
-2.0072245597839355
-1.3043506145477295
-1.2610952854156494
-2.7462539672851562
-3.7243614196777344
-3.1285030841827393
-3.0812172889709473
-0.2807278633117676
-0.5291211605072021
-19.010150909423828
-2.5661001205444336
-4.065841197967529
-0.6766008734703064
-5.606395721435547
-3.038923501968384
-2.4514198303222656
-3.7603135108947754
-3.0372700691223145
-2.805612564086914
-0.3965594172477722
-1.59840989112854
-1.025780439376831
-4.072709560394287
-2.595999002456665
-1.0953315496444702
-0.4160727262496948
-1.1496026515960693
-1.8893485069274902
-3.03171968460083
-2.247194528579712
-15.83890151977539
-3.613814115524292
-2.143606662750244
-10.125069618225098
-7.502618789672852
-1.9130204916000366
-2.331272602081299
-4.044583797454834
-3.0184216499328613
-1.5479695796966553
-3.454622745513916
-2.1768298149108887
-0.38219061493873596
-1.6727690696716309
-1.050152063369751
-0.7458106875419617
-1.2040168046951294
-3.996169328689575
-8.586114883422852
-3.3644073009490967
-5.065942764282227
-3.3251147270202637
-2.090982437133789
-0.3875049352645874
-1.599879264831543
-2.1465439796447754
-2.293628692626953
-1.467143177986145
-3.5622758865356445
-2.5963363647460938
-5.85739278793335
-5.975427627563477
-3.1364729404449463
-2.090597152709961
-0.4359629154205322
-1.7951302528381348
-2.1273112297058105
-0.12989334762096405
-6.4862213134765625
-6.642999172210693
-0.4911159574985504
-4.387856483459473
-5.286387920379639
-7.519536018371582
-2.0071539878845215
-1.5135823488235474
-5.464252948760986
-3.1018269062042236
-2.1716866493225098
-3.5724544525146484
-0.5202008485794067
-11.034333229064941
-1.6797316074371338
-0.6712350845336914
-1.226496934890747
-3.2159204483032227
-4.217187404632568
-2.6715705394744873
-2.26890230178833
-4.463574409484863
-2.0344667434692383
-2.8265841007232666
-4.036273956298828
-2.6144144535064697
-2.507687568664551
-9.375962257385254
-2.826127529144287
-1.0205013751983643
-1.9403051137924194
-2.554196357727051
-4.3247270584106445
-0.6086956858634949
-2.068098783493042
-2.5337278842926025
-0.48823338747024536
-3.3262555599212646
-5.823537826538086
-5.308997631072998
-4.996700286865234
-4.339372634887695
-3.167959213256836
-1.7007707357406616
-0.60496985912323
-1.5099190473556519
-4.268965244293213
-4.317021369934082
-1.7033040523529053
-3.306241035461426
-3.155193328857422
-2.8233680725097656
-3.4472596645355225
-1.4545273780822754
-2.036137819290161
-2.2832043170928955
-0.3528122901916504
-3.046058177947998
-0.26994556188583374
-4.453973293304443
-2.207796573638916
-3.1866607666015625
-1.1842103004455566
-7.278619766235352
-5.818275451660156
-10.233415603637695
-7.729950428009033
-4.879698276519775
-2.285966157913208
-1.544543743133545
-3.0445919036865234
-3.0440237522125244
-0.3526493310928345
-2.316713333129883
-2.57746958732605
-2.2523064613342285
-1.4864972829818726
-5.5704426765441895
-1.5005614757537842
-2.945263624191284
-2.7978415489196777
-2.350644111633301
-4.637805461883545
-0.4078756272792816
-3.185731887817383
-0.7576935291290283
-3.8539161682128906
-3.274980068206787
-3.592745065689087
-0.49864673614501953
-1.602553367614746
-2.971970558166504
-2.501363754272461
-2.2152178287506104
-3.7020888328552246
-2.175121784210205
-1.7499690055847168
-1.7982721328735352
-1.4766554832458496
-7.71304178237915
-2.9629321098327637
-11.062822341918945
-0.31481683254241943
-1.7261805534362793
-0.924317479133606
-5.436798095703125
-3.3618407249450684
-2.9153871536254883
-1.7416388988494873
-4.076099872589111
-1.616214394569397
-7.078754901885986
-0.3314409554004669
-2.1658477783203125
-2.594428300857544
-1.4786064624786377
-4.816929340362549
-1.846762776374817
-1.9256606101989746
-4.5537519454956055
-3.438453435897827
-2.2718124389648438
-4.220266819000244
-5.961452007293701
-4.162027835845947
-2.5750880241394043
-1.8788474798202515
-3.5339181423187256
-1.7571749687194824
-0.12551060318946838
-0.8520122766494751
-4.038735866546631
-2.567702293395996
-0.4439997673034668
-1.555415153503418
-2.749990463256836
-1.977644920349121
-1.3916664123535156
-0.2645713686943054
-1.7894443273544312
-1.438659906387329
-0.8306353688240051
-1.1244196891784668
-1.6257585287094116
-3.341675281524658
-3.6163179874420166
-2.124828815460205
-3.9269564151763916
-0.7841470241546631
-1.8217158317565918
-2.207277774810791
-1.2554969787597656
-2.134096622467041
-4.377299785614014
-1.3349508047103882
-8.454357147216797
-1.880760908126831
-8.006719589233398
-5.6700310707092285
-0.4806598424911499
-2.5533974170684814
-0.27502092719078064
-0.2879527807235718
-1.8756380081176758
-4.68936824798584
-2.46591854095459
-1.3084311485290527
-0.6207775473594666
-2.184035062789917
-0.0686975046992302
-1.697425127029419
-2.5838358402252197
-2.9675605297088623
-4.095331192016602
-3.55202054977417
-13.405890464782715
-2.7405683994293213
-3.6546125411987305
-2.3398666381835938
-3.064087390899658
-1.7558133602142334
-4.369262218475342
-2.496823787689209
-2.1499457359313965
-2.7131690979003906
-3.5775489807128906
-0.9610908031463623
-3.211747407913208
-4.6734232902526855
-1.0537093877792358
-1.583445429801941
-3.7072038650512695
-2.9541749954223633
-0.6652917861938477
-4.868278980255127
-1.8216140270233154
-0.14809970557689667
-0.44812455773353577
-1.9580661058425903
-4.081996917724609
-2.2497496604919434
-2.1708669662475586
-3.5195720195770264
-2.774559497833252
-4.515812397003174
-1.064658761024475
-0.31129056215286255
-7.644036769866943
-3.048511028289795
-3.428701162338257
-1.2495968341827393
-4.467910289764404
-9.637184143066406
-4.073969841003418
-1.3777096271514893
-2.0748908519744873
-0.4991239309310913
-0.4134989380836487
-5.106151580810547
-1.3069696426391602
-1.8973627090454102
-3.1060211658477783
-2.911140203475952
-3.2692413330078125
-3.0238754749298096
-1.8515889644622803
-2.881680965423584
-2.4934868812561035
-13.418627738952637
-2.536848545074463
-3.1993653774261475
-3.394026756286621
-2.7341442108154297
-2.352936267852783
-0.4618285298347473
-1.591387391090393
-3.136603832244873
-1.7027500867843628
-3.7484848499298096
-1.7209157943725586
-1.6766537427902222
-4.504907608032227
-3.012282371520996
-2.314277172088623
-1.497804045677185
-2.76790714263916
-3.057177782058716
-0.41509655117988586
-3.3340797424316406
-2.483572006225586
-3.124756336212158
-2.2975854873657227
-3.915070056915283
-2.6960883140563965
-1.5436947345733643
-0.8567459583282471
-3.590773820877075
-2.8694708347320557
-4.103754997253418
-1.594614028930664
-3.036999464035034
-1.81537926197052
-3.261870861053467
-2.5946731567382812
-8.289106369018555
-4.4268951416015625
-2.6910459995269775
-2.197542190551758
-4.921496868133545
-2.639606475830078
-3.331099510192871
-2.381458044052124
-0.4414930045604706
-1.7569127082824707
-8.57683277130127
-0.8855262398719788
-1.9445116519927979
-12.688007354736328
-4.311103343963623
-3.362333297729492
-1.9443193674087524
-9.737674713134766
-1.465367078781128
-7.715348720550537
-4.040231704711914
-3.9772562980651855
-1.0525140762329102
-4.326916694641113
-3.021763801574707
-2.466623306274414
-0.3230438828468323
-1.5377936363220215
-4.345422267913818
-1.787305235862732
-2.26462984085083
-2.844245195388794
-1.1507562398910522
-4.5013556480407715
-3.0867133140563965
-2.345573902130127
-4.28219747543335
-1.2901480197906494
-3.57625412940979
-0.8628321886062622
-1.5059213638305664
-4.315423488616943
-1.0452970266342163
-4.823306560516357
-0.49739399552345276
-2.0005266666412354
-3.1775238513946533
-1.973064661026001
-4.686115264892578
-4.1142425537109375
-5.326811790466309
-4.487091541290283
-1.0045039653778076
-0.9383234977722168
-4.34427547454834
-5.291192531585693
-9.135845184326172
-3.499830961227417
-1.622531533241272
-6.498703956604004
-4.25543737411499
-4.19270658493042
-4.298275947570801
-0.5155776143074036
-1.7685911655426025
-1.949662685394287
-3.807443618774414
-2.0353281497955322
-2.074479103088379
-1.9039150476455688
-4.16273307800293
-2.6643612384796143
-2.0252223014831543
-0.4399605095386505
-2.3083088397979736
-0.2164459228515625
-2.0957789421081543
-2.4806509017944336
-0.4144999086856842
-3.299194812774658
-5.67450475692749
-10.690115928649902
-5.639761924743652
-3.0652542114257812
-2.2805538177490234
-0.40357083082199097
-2.0551226139068604
-1.070671796798706
-0.30303364992141724
-2.5260190963745117
-1.9639073610305786
-0.028314637020230293
-0.6186075210571289
-0.04560648277401924
-2.344792366027832
-1.03324556350708
-1.7225053310394287
-2.479135274887085
-2.9609627723693848
-11.65573501586914
-0.4798799157142639
-2.832451343536377
-2.237100839614868
-2.1821508407592773
-4.478702068328857
-1.1022735834121704
-2.54082989692688
-0.4842411279678345
-1.6494523286819458
-4.725252151489258
-0.4625547528266907
-0.741331934928894
-2.820673942565918
-0.271614670753479
-1.4665435552597046
-1.6957547664642334
-1.4551054239273071
-1.3557401895523071
-0.4458804726600647
-4.933220863342285
-5.1321492195129395
-2.7575016021728516
-3.6383368968963623
-2.221137046813965
-5.4861907958984375
-1.5532207489013672
-0.513836145401001
-0.5796102285385132
-10.25218391418457
-2.22357439994812
-2.5209641456604004
-1.7518949508666992
-2.1773569583892822
-2.513033628463745
-2.9870107173919678
-2.8800785541534424
-3.1613354682922363
-1.9185633659362793
-3.2725932598114014
-0.32233577966690063
-2.192073106765747
-4.3680033683776855
-1.1571232080459595
-3.3076562881469727
-2.4628403186798096
-2.821281671524048
-4.485415458679199
-2.6314334869384766
-2.8116679191589355
-2.309584379196167
-3.1642446517944336
-1.549250602722168
-2.2850656509399414
-3.6371729373931885
-4.202578067779541
-2.4660210609436035
-1.816348910331726
-0.5145551562309265
-1.912062406539917
-2.021764039993286
-2.4408016204833984
-5.505253314971924
-2.5300283432006836
-2.8578169345855713
-4.155330657958984
-4.584962844848633
-3.2333688735961914
-2.2447636127471924
-2.5905487537384033
-2.406200408935547
-1.2418614625930786
-2.4821412563323975
-4.120767593383789
-2.7110049724578857
-8.17764949798584
-0.4545607566833496
-1.7707167863845825
-1.6587705612182617
-4.278268337249756
-3.7299091815948486
-2.713514804840088
-2.7668285369873047
-3.2934436798095703
-2.237018346786499
-2.29368257522583
-0.39354172348976135
-1.8381266593933105
-0.8948279023170471
-1.7607905864715576
-4.224095821380615
-3.1536922454833984
-1.390692114830017
-2.636861801147461
-1.8705661296844482
-0.33818021416664124
-3.341167449951172
-2.1906001567840576
-0.6316837668418884
-5.330031394958496
-3.670290946960449
-1.8791255950927734
-0.6418048143386841
-4.2576069831848145
-1.5380916595458984
-2.6425178050994873
-2.4622864723205566
-1.8126986026763916
-6.208621978759766
-3.354084014892578
-2.8273301124572754
-4.817600250244141
-3.4045774936676025
-5.7687835693359375
-2.6757798194885254
-1.7382720708847046
-1.8089234828948975
-2.1857564449310303
-2.1307342052459717
-3.6652259826660156
-2.2134454250335693
-1.9352664947509766
-1.62974214553833
-1.5908180475234985
-6.866487979888916
-3.709411382675171
-2.4368584156036377
-1.1944301128387451
-0.5326715707778931
-1.7586205005645752
-2.050330400466919
-2.879981756210327
-6.4622907638549805
-4.307750701904297
-2.4616270065307617
-2.278841495513916
-7.317698955535889
-2.9852993488311768
-3.3526837825775146
-3.7667202949523926
-1.9773063659667969
-1.6457860469818115
-3.2676262855529785
-9.80390453338623
-11.797011375427246
-2.2718305587768555
-5.174910068511963
-0.7838366031646729
-4.112051486968994
-2.461777925491333
-3.6165690422058105
-2.081800937652588
-1.1667629480361938
-2.1658775806427
-2.8927252292633057
-2.0905284881591797
-0.45594921708106995
-1.4837113618850708
-1.6281157732009888
-2.0150105953216553
-2.9293148517608643
-1.7696950435638428
-4.0562615394592285
-1.2179656028747559
-2.9667162895202637
-2.042198419570923
-10.256953239440918
-0.7368792295455933
-0.24138915538787842
-1.1506961584091187
-1.345656394958496
-0.40189915895462036
-0.5039258003234863
-1.8439081907272339
-1.6702810525894165
-5.379545211791992
-3.0141773223876953
-0.17420527338981628
-1.21299147605896
-0.910611629486084
-2.0467727184295654
-1.8089063167572021
-2.0351853370666504
-12.573983192443848
-4.575366497039795
-1.8640010356903076
-1.2198846340179443
-8.62832260131836
-6.920347213745117
-0.950576663017273
-2.367643117904663
-3.3694939613342285
-2.1966302394866943
-4.363206386566162
-1.6323751211166382
-4.77448034286499
-2.04764461517334
-4.483893394470215
-0.4803586006164551
-1.790331244468689
-1.464977502822876
-4.5112152099609375
-1.836430311203003
-1.0224133729934692
-3.5609958171844482
-0.9706976413726807
-2.3812975883483887
-4.281640529632568
-2.772641658782959
-2.1078433990478516
-0.3724735975265503
-1.848368763923645
-3.441004753112793
-1.0101263523101807
-1.8275405168533325
-0.2065833956003189
-1.5819706916809082
-4.498683929443359
-1.3317042589187622
-3.7892253398895264
-2.5289907455444336
-2.7138333320617676
-1.776005506515503
-0.4702787399291992
-0.8885555267333984
-3.165407180786133
-7.6330366134643555
-0.678248941898346
-10.955754280090332
-3.4413275718688965
-6.3973612785339355
-3.301365375518799
-3.822216510772705
-0.7114595174789429
-1.7925965785980225
-2.6368072032928467
-0.3134637176990509
-3.304805040359497
-2.0246663093566895
-2.4066672325134277
-7.148211479187012
-2.477064847946167
-1.9502794742584229
-9.56252384185791
-2.6297199726104736
-1.9492772817611694
-2.6928648948669434
-4.633660316467285
-3.0049333572387695
-1.9949184656143188
-1.3100985288619995
-3.6846797466278076
-4.574711322784424
-3.302558660507202
-2.7374396324157715
-3.1283230781555176
-8.05381965637207
-3.953071117401123
-1.5827269554138184
-4.099058628082275
-1.8607535362243652
-5.270499229431152
-2.7951555252075195
-1.634643316268921
-0.4691963493824005
-1.2950598001480103
-3.0861005783081055
-2.704464912414551
-2.3407411575317383
