-5.519802093505859
-6.066136837005615
-3.5404722690582275
-2.1075148582458496
-2.622792959213257
-15.097993850708008
-3.5119707584381104
-0.7613706588745117
-0.843726396560669
-8.677276611328125
-2.673994541168213
-2.7038183212280273
-2.458327293395996
-3.772545337677002
-4.931525230407715
-3.042241096496582
-1.7641500234603882
-1.4942681789398193
-4.055782794952393
-4.896383285522461
-7.014365196228027
-3.255887508392334
-0.055747777223587036
-12.0380859375
-2.054699659347534
-4.054612159729004
-5.835010051727295
-2.7028636932373047
-2.46396803855896
-5.504607200622559
-2.86094331741333
-10.067350387573242
-2.1852030754089355
-1.389040231704712
-6.446481227874756
-4.164486408233643
-1.357051134109497
-10.717926025390625
-6.644514560699463
-1.940360426902771
-2.1172144412994385
-1.4986152648925781
-5.097692012786865
-2.3320810794830322
-1.9756206274032593
-0.7613706588745117
-0.843726396560669
-9.004806518554688
-3.008470058441162
-10.16699504852295
-2.0546998977661133
-0.6939691305160522
-7.837512016296387
-7.134390354156494
-13.679179191589355
-1.623992681503296
-5.476702690124512
-4.494137763977051
-2.47821307182312
-2.4571421146392822
-6.599069118499756
-8.297441482543945
-3.653843402862549
-6.6015625
-2.116854667663574
-4.8116254806518555
-2.0984668731689453
-7.997828483581543
-2.774221897125244
-5.008470058441162
-6.931601047515869
-2.054699659347534
-3.7509243488311768
-6.151518821716309
-14.740583419799805
-0.5607834458351135
-0.03525139391422272
-0.34068912267684937
-0.16507695615291595
-8.927104949951172
-1.7559630870819092
-6.949404239654541
-0.18654361367225647
-0.2319299429655075
-0.11546599864959717
-0.6468386054039001
-0.8417631387710571
-0.5910733938217163
-10.354280471801758
-0.06397067755460739
-2.8398261070251465
-0.9606083631515503
-0.6460398435592651
-4.229457855224609
-2.7639918327331543
-7.890041351318359
-6.44571590423584
-10.309833526611328
-2.0546998977661133
-8.745558738708496
-4.239541053771973
-3.809232234954834
-7.443439483642578
-2.4325668811798096
-1.732933759689331
-3.469315767288208
-2.4420814514160156
-4.291806221008301
-0.49882471561431885
-2.4356296062469482
-1.4950182437896729
-4.313138961791992
-1.2198615074157715
-1.3585481643676758
-3.929933786392212
-9.994132041931152
-2.054699659347534
-0.8645588755607605
-2.4611260890960693
-4.079816818237305
-7.1966986656188965
-0.3773419260978699
-2.997974157333374
-3.467954635620117
-8.503873825073242
-3.4791316986083984
-6.299849510192871
-6.794436454772949
-6.873438358306885
-3.7568273544311523
-0.06301682442426682
-9.62468147277832
-4.485249996185303
-2.20277738571167
-0.6328001022338867
-5.764584541320801
-3.3068766593933105
-3.8261771202087402
-9.2672758102417
-3.1310105323791504
-2.5216164588928223
-14.301739692687988
-6.114140033721924
-9.630959510803223
-4.655702590942383
-3.9112329483032227
-6.118263244628906
-4.460508823394775
-2.2107534408569336
-3.1554512977600098
-3.255887269973755
-0.1541915237903595
-4.627313137054443
-9.321176528930664
-5.334255218505859
-3.9844417572021484
-3.940337896347046
-5.969557762145996
-10.90239143371582
-3.3485496044158936
-3.929933786392212
-5.5268402099609375
-1.4066804647445679
-4.032668113708496
-0.3815879225730896
-0.5557456612586975
-6.118263244628906
-3.7772276401519775
-1.7834194898605347
-2.917992353439331
-1.24784255027771
-5.521607875823975
-5.559330940246582
-0.0840180367231369
-4.813958168029785
-5.710239410400391
-5.287838459014893
-7.768549919128418
-1.547182559967041
-3.010317325592041
-3.3485500812530518
-5.519802093505859
-9.994132041931152
-2.0546998977661133
-3.2861738204956055
-6.1031813621521
-1.990940809249878
-1.6437923908233643
-2.9309849739074707
-7.599758148193359
-5.550838470458984
-13.744901657104492
-5.887145519256592
-9.073698043823242
-8.040640830993652
-12.228025436401367
-11.706043243408203
-0.005641846917569637
-3.008470058441162
-10.092940330505371
-2.054699420928955
-2.4371471405029297
-2.1786248683929443
-2.1909570693969727
-2.167757272720337
-4.006936550140381
-3.6089937686920166
-2.0737431049346924
-2.2296524047851562
-2.9116897583007812
-3.9570343494415283
-5.688808441162109
-1.732933759689331
-3.072793483734131
-6.443504333496094
-5.602218151092529
-2.4850382804870605
-7.605947494506836
-3.4617021083831787
-4.945101261138916
-1.4074506759643555
-4.774661540985107
-1.226000189781189
-6.642288684844971
-10.400185585021973
-1.0250990390777588
-1.0177326202392578
-6.754091739654541
-4.5381879806518555
-4.932814598083496
-2.0515270233154297
-6.289348125457764
-3.09147310256958
-4.664916515350342
-4.494137763977051
-4.965171813964844
-2.1606650352478027
-3.805363178253174
-2.2060396671295166
-7.578866958618164
-4.527306079864502
-2.458327293395996
-3.5513510704040527
-0.8406792879104614
-5.671117305755615
-4.607186794281006
-4.965171813964844
-12.60545539855957
-6.821264743804932
-0.8061994314193726
-2.458327293395996
-1.9529612064361572
-5.786696910858154
-3.244865894317627
-4.8673200607299805
-3.940337896347046
-3.2484982013702393
-10.534725189208984
-10.400185585021973
-3.7593088150024414
-1.5704169273376465
-1.4353296756744385
-8.715365409851074
-2.3336663246154785
-8.985345840454102
-3.3485498428344727
-0.045533131808042526
-3.6370809078216553
-0.6647491455078125
-2.726893424987793
-2.2047665119171143
-2.4423396587371826
-4.795474052429199
-1.35478937625885
-3.6257781982421875
-3.176229476928711
-3.958794116973877
-1.3460910320281982
-2.1574771404266357
-5.739624977111816
-4.295431137084961
-5.519802093505859
-6.931600570678711
-2.054699659347534
-2.1075148582458496
-4.550969123840332
-6.09054708480835
-4.376753807067871
-6.66091775894165
-5.395064353942871
-7.443439483642578
-4.02540397644043
-4.708730697631836
-2.3651626110076904
-4.332433700561523
-5.762740612030029
-2.0999226570129395
-2.542556047439575
-3.204404830932617
-7.814330101013184
-4.342470645904541
-0.3671988248825073
-4.935616970062256
-3.539541721343994
-1.1054881811141968
-2.1986327171325684
-8.698862075805664
-3.2170262336730957
-3.248154401779175
-2.341449499130249
-3.2560088634490967
-3.191913604736328
-2.6372547149658203
-2.1539034843444824
-3.751034736633301
-1.282127022743225
-6.142922401428223
-1.940360426902771
-2.2060396671295166
-7.578866958618164
-1.8205208778381348
-2.458327054977417
-3.0730552673339844
-5.438079833984375
-8.457968711853027
-2.4925625324249268
-3.317234516143799
-2.140064239501953
-0.8652332425117493
-2.3865675926208496
-4.030298709869385
-2.148683786392212
-10.092940330505371
-5.556586742401123
-2.232313871383667
-5.52235746383667
-3.7994537353515625
-0.6627286672592163
-3.299997091293335
-0.1541915237903595
-10.092940330505371
-2.054699420928955
-3.2861742973327637
-2.229379177093506
-1.5432286262512207
-1.9620935916900635
-6.460832595825195
-1.886792778968811
-8.82748794555664
-5.465095520019531
-0.7613706588745117
-0.843726396560669
-8.937060356140137
-3.008470058441162
-10.092940330505371
-7.957307815551758
-3.2861742973327637
-7.18626594543457
-5.2901434898376465
-0.1894005686044693
-5.6770524978637695
-3.36215877532959
-1.8893606662750244
-0.6939693689346313
-6.446481704711914
-0.528986930847168
-7.014365196228027
-1.9403600692749023
-1.9081403017044067
-4.3967814445495605
-1.0250988006591797
-0.45515239238739014
-3.2613556385040283
-3.740060329437256
-1.8363487720489502
-3.1097183227539062
-1.7152771949768066
-0.035783037543296814
-2.4670562744140625
-1.2319241762161255
-0.6350747346878052
-3.2776846885681152
-0.013010610826313496
-7.859965801239014
-3.008469820022583
-10.16699504852295
-11.516864776611328
-1.7143913507461548
-2.107515335083008
-4.433089733123779
-5.389808177947998
-7.320881366729736
-2.8448634147644043
-5.320704460144043
-1.4744858741760254
-1.3403596878051758
-3.0912938117980957
-3.195695161819458
-0.7203050851821899
-2.458327293395996
-3.040790557861328
-3.5119707584381104
-0.7613706588745117
-0.843726396560669
-8.937060356140137
-2.348907709121704
-1.7732653617858887
-2.380202293395996
-2.924145221710205
-1.5568058490753174
-2.091890335083008
-3.3338723182678223
-2.4410879611968994
-8.455987930297852
-1.383286714553833
-4.171755790710449
-2.5271124839782715
-5.183488845825195
-0.7556601762771606
-0.5110649466514587
-1.9529612064361572
-4.1898512840271
-2.2134125232696533
-2.1539363861083984
-3.6222586631774902
-3.794049024581909
-7.30388879776001
-1.940360426902771
-3.047323703765869
-0.7556602954864502
-2.458327293395996
-1.9529612064361572
-1.3731822967529297
-2.6030659675598145
-1.8472042083740234
-6.3602705001831055
-2.6416594982147217
-5.0437798500061035
-1.0966172218322754
-7.30388879776001
-1.940360426902771
-2.2060396671295166
-7.578866958618164
-9.053192138671875
-1.6488162279129028
-5.129079341888428
-4.255497455596924
-1.7386164665222168
-4.597851753234863
-5.80730676651001
-8.533173561096191
-6.601146697998047
-12.60545539855957
-6.821264743804932
-1.1755704879760742
-2.380202293395996
-0.6981778740882874
-2.2706246376037598
-2.0559451580047607
-1.4110736846923828
-1.6590834856033325
-2.959691286087036
-3.065387487411499
-2.6568384170532227
-2.8326995372772217
-1.4324779510498047
-2.148411273956299
-2.794997215270996
-3.647123098373413
-3.940337896347046
-2.979707717895508
-6.142922401428223
-7.621987342834473
-2.2060396671295166
-2.5871388912200928
-1.4892445802688599
-3.2870140075683594
-2.455925703048706
-1.4000884294509888
-4.607186794281006
-1.1403180360794067
-5.049789905548096
-4.111058235168457
-6.592738628387451
-2.1608333587646484
-3.1631908416748047
-5.631064414978027
-3.113921880722046
-1.398587942123413
-0.44452428817749023
-3.0101959705352783
-3.617521286010742
-2.4873738288879395
-3.7163124084472656
-8.899429321289062
-2.5856785774230957
-2.4359617233276367
-2.6072804927825928
-2.5856785774230957
-2.4200220108032227
-1.971593976020813
-2.433164596557617
-2.647186040878296
-0.9220066070556641
-3.0471925735473633
-2.271594524383545
-5.3632636070251465
-3.008470058441162
-3.021866798400879
-2.0546998977661133
-3.2861735820770264
-1.7817659378051758
-2.96816349029541
-9.407171249389648
-3.102949857711792
-4.798701763153076
-2.874615430831909
-7.277170181274414
-1.9516416788101196
-2.7694804668426514
-7.512486457824707
-5.116450786590576
-1.7069981098175049
-2.4131321907043457
-3.256009101867676
-1.7458710670471191
-9.087929725646973
-0.013010729104280472
-5.043779373168945
-10.67012882232666
-5.345810890197754
-3.008470058441162
-10.092940330505371
-2.054699420928955
-3.750924587249756
-11.799297332763672
-0.37672868371009827
-5.859851360321045
-4.919438362121582
-5.332483291625977
-6.644515037536621
-3.255887508392334
-0.0557481124997139
-3.021867275238037
-3.7777652740478516
-2.0116326808929443
-4.082836151123047
-1.4989633560180664
-4.95813512802124
-2.953378200531006
-4.4204511642456055
-4.583238124847412
-2.2979342937469482
-8.391688346862793
-3.3485496044158936
-0.364930123090744
-5.9999470710754395
-1.0100988149642944
-5.534951210021973
-0.6482391357421875
-3.8266754150390625
-6.973508834838867
-1.6880989074707031
-3.979940414428711
-1.4274489879608154
-1.6893799304962158
-1.1267436742782593
-1.4439387321472168
-2.955730438232422
-8.2037353515625
-8.28684139251709
-1.562882900238037
-5.529376983642578
-2.6311230659484863
-0.055747777223587036
-1.5217065811157227
-1.2738476991653442
-2.1075150966644287
-3.1527674198150635
-7.875632286071777
-3.739819049835205
-2.7516074180603027
-1.531625747680664
-2.348022937774658
-3.044482707977295
-0.9079923629760742
-1.9537111520767212
-2.2060396671295166
-1.0250988006591797
-2.186898946762085
-2.1984035968780518
-3.04601788520813
-4.504581928253174
-2.055480480194092
-2.2882981300354004
-2.353559970855713
-6.060492038726807
-7.286548614501953
-1.1403180360794067
-5.049789905548096
-3.805363178253174
-2.2060396671295166
-1.4995473623275757
-2.9890263080596924
-0.013010610826313496
-1.9624152183532715
-1.664575457572937
-3.2336645126342773
-2.976314067840576
-1.1403179168701172
-5.049789905548096
-3.805363178253174
-3.929933786392212
-6.931600570678711
-5.556586742401123
-2.0145516395568848
-2.5708534717559814
-0.31975480914115906
-5.366037368774414
-0.05574822798371315
-1.5984060764312744
-3.426708698272705
-2.443333864212036
-7.616103172302246
-4.175503730773926
-4.706318378448486
-4.460346221923828
-7.500807762145996
-0.391414612531662
-4.795474052429199
-4.442768096923828
-6.027504920959473
-4.429272174835205
-2.3416919708251953
-5.233442306518555
-0.7613706588745117
-1.5200660228729248
-9.032551765441895
-3.560499429702759
-6.09240198135376
-10.388810157775879
-0.9660441875457764
-3.040790319442749
-4.510026931762695
-0.05574822798371315
-12.0380859375
-2.1363210678100586
-6.894486427307129
-6.127340793609619
-2.6607518196105957
-6.006080150604248
-3.9219894409179688
-2.0163536071777344
-5.33897590637207
-4.909454345703125
-0.14486750960350037
-6.168964385986328
-3.3506758213043213
-0.028559695929288864
-2.459353446960449
-1.0482674837112427
-2.107515335083008
-1.9715938568115234
-0.018381254747509956
-3.5341882705688477
-4.827665328979492
-3.257018566131592
-0.6857478022575378
-3.0330023765563965
-2.1358208656311035
-1.2645957469940186
-3.6562228202819824
-2.5645899772644043
-0.055748000741004944
-10.092940330505371
-2.054699659347534
-3.750924587249756
-7.627768039703369
-5.208732604980469
-2.6337730884552
-3.467954397201538
-1.1795941591262817
-3.5941503047943115
-6.090384006500244
-6.449007034301758
-2.5877883434295654
-0.3585067689418793
-5.529376983642578
-3.008470058441162
-10.092940330505371
-2.054699659347534
-2.4637503623962402
-5.299149513244629
-4.577149391174316
-7.632434368133545
-2.633772850036621
-3.4679548740386963
-1.1795940399169922
-3.5941503047943115
-0.5845537185668945
-5.942643165588379
-0.028559695929288864
-0.476290225982666
-11.094841957092285
-0.7022539377212524
-7.619922161102295
-3.6447463035583496
-0.768381655216217
-2.150942802429199
-1.167062759399414
-4.953883647918701
-3.461670398712158
-0.4847237467765808
-10.463859558105469
-3.1868834495544434
-1.283901333808899
-3.9147889614105225
-0.8690748810768127
-2.203751564025879
-0.8195235133171082
-6.437535285949707
-4.097334861755371
-5.097303867340088
-0.26424458622932434
-0.6719124913215637
-8.363371849060059
-3.9732868671417236
-6.0351667404174805
-6.871743202209473
-6.15511417388916
-8.029950141906738
-3.755352735519409
-6.248865604400635
-5.235114574432373
-0.21266518533229828
-6.757961273193359
-4.975326061248779
-4.371669292449951
-10.54692554473877
-2.5917046070098877
-0.03492140397429466
-2.6006898880004883
-0.052187707275152206
-9.09804916381836
-0.05908465385437012
-3.7076542377471924
-0.06113577261567116
-3.1407532691955566
-7.766321182250977
-5.21104621887207
-9.069379806518555
-1.5953962802886963
-1.3596503734588623
-8.695629119873047
-10.664163589477539
-2.142794609069824
-1.9086300134658813
-2.4567792415618896
-3.0624189376831055
-1.0024242401123047
-2.5513453483581543
-11.32821273803711
-2.190355062484741
-3.2538669109344482
-0.03492117300629616
-2.4251933097839355
-0.05218759551644325
-0.16839662194252014
-0.05908476561307907
-4.100932598114014
-0.061135437339544296
-3.7076539993286133
-0.08352042734622955
-3.302553653717041
-0.08071596175432205
-6.7715744972229
-0.9767594337463379
-2.892838478088379
-12.568309783935547
-2.028264045715332
-0.5577867031097412
-4.677748203277588
-1.8345376253128052
-7.85269832611084
-1.1601810455322266
-1.6760090589523315
-0.4553995728492737
-1.9086300134658813
-1.614328145980835
-2.363504648208618
-0.6687390804290771
-2.4197824001312256
-2.7964110374450684
-5.531586647033691
-0.013010610826313496
-2.201136827468872
-5.032266616821289
-2.2381722927093506
-0.7740176320075989
-4.409493923187256
-1.9593271017074585
-1.7911231517791748
-1.3841146230697632
-2.725057363510132
-2.558187484741211
-5.314537048339844
-0.13853372633457184
-1.013677716255188
-5.076283931732178
-6.319886684417725
-2.158510684967041
-5.314537048339844
-5.57896614074707
-2.7765088081359863
-7.583070278167725
-5.908895015716553
-2.142794609069824
-1.9086300134658813
-2.8864660263061523
-6.847417831420898
-15.786760330200195
-2.3445963859558105
-4.646153926849365
-4.374961853027344
-2.4154510498046875
-6.069937705993652
-1.3791625499725342
-3.312577486038208
-0.03492128849029541
-2.4251933097839355
-0.05218793451786041
-0.16839662194252014
-0.05908465385437012
-4.1009321212768555
-0.06113577261567116
-3.7076539993286133
-0.08352064341306686
-3.302553653717041
-0.08071573823690414
-6.7715744972229
-1.697097897529602
-1.1135246753692627
-0.034921057522296906
-9.09804916381836
-0.052187707275152206
-3.7076542377471924
-0.05908465385437012
-6.95281457901001
-0.06113577261567116
-2.5591959953308105
-0.10051798075437546
-3.129514694213867
-3.129514694213867
-1.3694038391113281
-2.5033175945281982
-0.4954817593097687
-5.168336868286133
-5.083521366119385
-4.538903713226318
-0.7352883815765381
-5.840696811676025
-5.840696334838867
-2.290132522583008
-1.615154504776001
-0.455399751663208
-1.908630132675171
-3.0696399211883545
-1.3704596757888794
-4.68131685256958
-2.203352928161621
-5.0641093254089355
-3.4525299072265625
-4.247585296630859
-12.053120613098145
-11.190192222595215
-6.376918315887451
-0.904975414276123
-3.1950511932373047
-2.031280994415283
-2.5289878845214844
-3.6673169136047363
-3.978429079055786
-2.0958385467529297
-0.03492117300629616
-4.501847267150879
-7.14672327041626
-8.071149826049805
-0.05218816176056862
-6.7726054191589355
-12.369378089904785
-0.05908465385437012
-4.797153949737549
-0.06113532558083534
-3.244335889816284
-0.08352042734622955
-3.3910977840423584
-0.08071573823690414
-4.797154426574707
-1.4325834512710571
-7.269155502319336
-3.2904632091522217
-2.078476667404175
-6.512934684753418
-0.08061181753873825
-2.77392315864563
-11.302826881408691
-0.23117491602897644
-4.440775394439697
-0.051958899945020676
-2.0857582092285156
-4.429445743560791
-0.875295102596283
-5.504180908203125
-7.8320631980896
-5.840696811676025
-1.6647518873214722
-0.2954338788986206
-0.9432240724563599
-2.2668991088867188
-9.463213920593262
-9.913602828979492
-3.853062391281128
-1.226000189781189
-6.142922401428223
-2.2743337154388428
-7.578866958618164
-8.37135124206543
-3.5179786682128906
-5.527923107147217
-10.62191104888916
-3.819103479385376
-5.688808441162109
-3.5944533348083496
-4.494137763977051
-3.6482043266296387
-4.965171813964844
-2.1606645584106445
-6.821264743804932
-4.012292385101318
-3.1574478149414062
-2.3711888790130615
-7.31453800201416
-9.820463180541992
-3.4802422523498535
-1.6652859449386597
-2.231473684310913
-2.472055435180664
-1.83501136302948
-1.9945095777511597
-4.6194963455200195
-3.021866798400879
-4.895476818084717
-3.6838128566741943
-6.819641590118408
-6.693514823913574
-2.1585946083068848
-3.1829867362976074
-2.144178867340088
-2.081472635269165
-0.9041718244552612
-0.6939691305160522
-1.7145955562591553
-2.741868257522583
-1.0936088562011719
-4.608355522155762
-0.915802538394928
-12.664077758789062
-2.054699659347534
-7.790445327758789
-6.038522720336914
-1.3913053274154663
-9.562602043151855
-3.144019365310669
-6.24519157409668
-3.9569451808929443
-8.052118301391602
-1.3657487630844116
-1.9751535654067993
-0.7271037697792053
-1.9756205081939697
-2.4908015727996826
-1.0924627780914307
-3.3933563232421875
-2.2743334770202637
-1.0250988006591797
-4.498829364776611
-3.625420331954956
-0.7836718559265137
-2.980358600616455
-6.361983776092529
-2.4247117042541504
-1.6285737752914429
-4.201665878295898
-3.9569451808929443
-1.6894266605377197
-5.468147277832031
-5.9800567626953125
-2.674684524536133
-1.9794172048568726
-2.642963171005249
-1.6651198863983154
-0.9878016114234924
-1.9756205081939697
-2.4908013343811035
-1.0924625396728516
-3.3933568000793457
-5.519802093505859
-7.2681403160095215
-2.11153244972229
-5.719635009765625
-3.277796983718872
-0.7860859632492065
-4.69874906539917
-3.1930959224700928
-1.9756205081939697
-2.4908015727996826
-1.0924627780914307
-10.150290489196777
-1.5560787916183472
-4.064432144165039
-4.902290344238281
-2.3610541820526123
-0.20146343111991882
-2.3610541820526123
-1.5068247318267822
-10.359407424926758
-11.920228958129883
-1.2858810424804688
-0.2986701428890228
-4.066277027130127
-1.806126594543457
-5.986908435821533
-2.1240596771240234
-10.000045776367188
-1.8532227277755737
-10.328158378601074
-1.9034229516983032
-10.328157424926758
-2.1931087970733643
-10.953142166137695
-1.6779829263687134
-9.23447322845459
-3.4165773391723633
-2.7838222980499268
-8.111174583435059
-7.353156089782715
-5.841467380523682
-1.806126594543457
-5.986908435821533
-2.1240596771240234
-9.937548637390137
-1.8532226085662842
-10.328158378601074
-1.9034229516983032
-10.328157424926758
-2.193108558654785
-10.687522888183594
-0.8347656726837158
-1.6779825687408447
-9.625065803527832
-5.410967826843262
-7.1414337158203125
-2.3610544204711914
-15.299538612365723
-3.364396095275879
-1.3441517353057861
-5.840696334838867
-4.5639472007751465
-7.673084259033203
-0.0521874837577343
-5.566335678100586
-0.05908476561307907
-3.8598170280456543
-0.06113532558083534
-10.436843872070312
-0.08352064341306686
-4.769599914550781
-0.08071573823690414
-8.920679092407227
-6.2833709716796875
-9.55383014678955
-4.768622398376465
-4.059847831726074
-2.892838716506958
-3.7635538578033447
-4.09330940246582
-3.0078377723693848
-4.261431694030762
-2.645092010498047
-5.027892589569092
-3.8388521671295166
-2.8561208248138428
-5.424605846405029
-0.03492128849029541
-5.986908435821533
-0.052187707275152206
-9.218849182128906
-0.05908465385437012
-10.328158378601074
-0.06113577261567116
-10.328157424926758
-0.08352042734622955
-11.187514305114746
-0.8347656726837158
-9.843803405761719
-7.563723564147949
-9.312284469604492
-5.840696811676025
-8.923046112060547
-2.142794609069824
-3.533414602279663
-4.75571870803833
-3.1533236503601074
-8.011637687683105
-7.790650367736816
-0.8230547904968262
-1.667710304260254
-8.231412887573242
-5.864991188049316
-8.182645797729492
-1.6846187114715576
-9.818699836730957
-5.16259765625
-10.470823287963867
-4.139254570007324
-6.416257858276367
-6.622631072998047
-1.105407953262329
-2.6072802543640137
-7.041845798492432
-13.538601875305176
-4.106472015380859
-0.6768509149551392
-0.9001697897911072
-5.840696334838867
-2.290132522583008
-2.9158527851104736
-8.647682189941406
-3.533414602279663
-3.4545493125915527
-3.0789945125579834
-13.940208435058594
-0.3493090271949768
-5.997102737426758
-3.4875800609588623
-5.892375469207764
-0.03492128849029541
-10.218786239624023
-0.052187707275152206
-5.581917762756348
-0.05908476561307907
-9.218849182128906
-0.06113554909825325
-10.328158378601074
-0.08352064341306686
-5.924998760223389
-0.08071596175432205
-10.359406471252441
-9.67434024810791
-10.515789031982422
-0.03492117300629616
-13.055683135986328
-0.052187707275152206
-10.328158378601074
-0.05908476561307907
-9.859427452087402
-0.06113532558083534
-4.975685119628906
-0.8341622948646545
-5.752354145050049
-0.03492117300629616
-10.218786239624023
-0.0521874837577343
-5.581917762756348
-0.05908476561307907
-9.218849182128906
-0.06113554909825325
-10.328158378601074
-0.08352042734622955
-2.324179172515869
-0.08071606606245041
-10.359406471252441
-4.98834753036499
-0.9858499765396118
-7.600100040435791
-3.273146629333496
-3.192479133605957
-0.7120420932769775
-5.390098571777344
-2.290132522583008
-2.9158527851104736
-3.537302255630493
-1.9715936183929443
-7.772066593170166
-0.4954814910888672
-1.9715937376022339
-5.393256664276123
-3.61960506439209
-10.368961334228516
-10.291096687316895
-10.392653465270996
-5.094487190246582
-6.416473865509033
-0.9445196390151978
-11.593710899353027
-0.6647067070007324
-2.268766164779663
-1.5903871059417725
-4.981109142303467
-2.290132522583008
-2.9158527851104736
-7.330899238586426
-3.675638437271118
-1.844279170036316
-1.6334588527679443
-10.8125638961792
-1.8061267137527466
-5.986908435821533
-2.1240594387054443
-8.37523078918457
-1.8532226085662842
-10.328158378601074
-1.9034228324890137
-10.328157424926758
-2.1931087970733643
-11.359386444091797
-1.6779828071594238
-8.93763256072998
-1.9283558130264282
-10.437530517578125
-5.312932968139648
-3.675638437271118
-8.69787883758545
-3.408851146697998
-2.945516347885132
-5.289684295654297
-1.049149513244629
-3.533414840698242
-0.8709536790847778
-1.6498420238494873
-0.008566773496568203
-8.836098670959473
-4.202519416809082
-0.03492128849029541
-10.000045776367188
-0.052187707275152206
-10.328158378601074
-0.05908476561307907
-9.859427452087402
-0.06113554909825325
-9.696791648864746
-2.6108765602111816
-9.524264335632324
-5.805990219116211
-2.145559549331665
-1.6557081937789917
-2.142794370651245
-7.660739421844482
-2.2615835666656494
-3.0646588802337646
-4.997014045715332
-5.731250286102295
-4.557461261749268
-3.931959390640259
-4.235998630523682
-4.587649822235107
-0.03492128849029541
-5.986908435821533
-0.052187707275152206
-10.000045776367188
-0.05908465385437012
-10.328158378601074
-0.06113577261567116
-10.328157424926758
-0.08352053165435791
-11.578134536743164
-0.08071606606245041
-9.531322479248047
-1.3965599536895752
-5.224153995513916
-9.453971862792969
-8.354310989379883
-0.03492094203829765
-5.986908435821533
-0.052188050001859665
-10.000045776367188
-0.05908499285578728
-10.328158378601074
-0.06113554909825325
-10.328157424926758
-0.08352042734622955
-11.187514305114746
-0.8347654938697815
-0.08071596175432205
-9.843803405761719
-5.034337997436523
-0.4553995132446289
-7.660739898681641
-4.991201877593994
-8.354310989379883
-0.0349208265542984
-5.986908435821533
-0.0521874837577343
-10.000045776367188
-0.05908476561307907
-10.328158378601074
-0.06113577261567116
-10.328157424926758
-0.08352064341306686
-11.187514305114746
-0.8347656726837158
-0.08071573823690414
-9.843803405761719
-7.045107841491699
-4.326162815093994
-8.887605667114258
-2.142794609069824
-3.533414840698242
-5.021899223327637
-3.5377354621887207
-3.6107778549194336
-3.8997561931610107
-1.3893942832946777
-5.424605846405029
-0.03492117300629616
-5.986908435821533
-0.052187707275152206
-10.000045776367188
-0.05908476561307907
-10.328158378601074
-0.06113521009683609
-10.328157424926758
-0.08352064341306686
-11.187514305114746
-0.8347654938697815
-0.08071596175432205
-9.843803405761719
-5.359059810638428
-6.579360008239746
-4.9291534423828125
-6.54379940032959
-3.288228750228882
-6.940406322479248
-0.47516340017318726
-5.840696334838867
-2.9453020095825195
-2.145559549331665
-1.6557081937789917
-6.745787620544434
-0.055748000741004944
-10.362250328063965
-4.332607269287109
-7.29536247253418
-5.784180641174316
-5.8670125007629395
-6.871006965637207
-6.179746627807617
-6.195026874542236
-0.4052773714065552
-3.6026036739349365
-6.325338840484619
-0.3649299740791321
-12.38090991973877
-6.6908135414123535
-4.102395534515381
-7.131545543670654
-6.797738552093506
-2.4628167152404785
-12.116198539733887
-1.3561270236968994
-13.309094429016113
-0.15419141948223114
-10.362250328063965
-6.030683994293213
-4.254288673400879
-5.419640064239502
-1.3101862668991089
-4.22482967376709
-5.98691987991333
-0.05574845150113106
-10.362250328063965
-3.655987501144409
-4.394033432006836
-2.0706400871276855
-4.149859428405762
-8.576290130615234
-5.076766014099121
-7.443439483642578
-0.9125416278839111
-3.8495383262634277
-5.529376983642578
-6.331532955169678
-3.920722246170044
-2.2060396671295166
-6.693442344665527
-2.1316866874694824
-0.59734046459198
-5.490711688995361
-16.31809425354004
-5.644909858703613
-4.23046350479126
-13.30412769317627
-6.867201805114746
-9.399696350097656
-2.8841984272003174
-2.0288333892822266
-1.7931150197982788
-2.243001937866211
-3.560499429702759
-8.167915344238281
-1.8327518701553345
-3.242723226547241
-5.342957019805908
-4.392314434051514
-0.2087729573249817
-5.671867370605469
-8.059028625488281
-9.691876411437988
-2.701784133911133
-8.151623725891113
-5.9280686378479
-6.47028112411499
-4.574004173278809
-7.757138252258301
-4.827558517456055
-6.221752166748047
-1.2807862758636475
-7.34960412979126
-7.85474967956543
-6.61049747467041
-8.540107727050781
-5.283968448638916
-0.9878016114234924
-6.966071605682373
-1.940360188484192
-15.113186836242676
-0.06895000487565994
-2.328129768371582
-0.12508413195610046
-0.19286088645458221
-16.90308380126953
-2.9515461921691895
-4.102395534515381
-7.302281856536865
-12.590211868286133
-11.636496543884277
-14.061971664428711
-6.059934139251709
-3.929933786392212
-5.362249851226807
-6.893690586090088
-4.471560001373291
-1.9620938301086426
-7.744580268859863
-2.6517367362976074
-0.6676884293556213
-0.32894888520240784
-11.252118110656738
-3.920722484588623
-0.7416790723800659
-3.008470058441162
-6.36866569519043
-1.5970604419708252
-1.7817660570144653
-6.233687877655029
-3.1867964267730713
-5.688808441162109
-4.494137763977051
-6.1429219245910645
-1.940360188484192
-4.50457763671875
-2.4569103717803955
-7.345610618591309
-2.5494964122772217
-2.373359203338623
-3.827242136001587
-4.047532081604004
-1.4168752431869507
-0.0840180367231369
-1.2753443717956543
-6.142922401428223
-7.621987342834473
-2.8685197830200195
-1.922913908958435
-0.9191049933433533
-4.998282432556152
-4.2084856033325195
-6.626784324645996
-1.1403179168701172
-2.1606647968292236
-3.805363416671753
-7.286548137664795
-6.505319118499756
-4.7041850090026855
-4.0977301597595215
-4.27337121963501
-4.678427219390869
-0.013010493479669094
-5.115411758422852
-11.14726448059082
-0.6867408156394958
-7.904294967651367
-3.344032049179077
-10.306804656982422
-6.9136128425598145
-2.7220687866210938
-2.365912914276123
-5.90105676651001
-6.003612518310547
-0.18627648055553436
-4.487824440002441
-2.458327054977417
-5.366402626037598
-7.053633213043213
-6.344628810882568
-2.8712449073791504
-0.4087899625301361
-4.956405162811279
-5.291290760040283
-6.6358842849731445
-1.2407872676849365
-4.889959335327148
-5.817571640014648
-2.641659736633301
-4.832311153411865
-6.885313510894775
-3.920722484588623
-0.15133050084114075
-10.362249374389648
-3.655987501144409
-9.944018363952637
-3.2861742973327637
-7.006649494171143
-3.2861738204956055
-7.889379501342773
-9.096752166748047
-7.443439483642578
-3.008470058441162
-6.0171027183532715
-2.054699659347534
-1.0973637104034424
-2.465988874435425
-9.29301643371582
-1.962093710899353
-2.86094331741333
-4.632758140563965
-2.9800243377685547
-6.511086940765381
-1.3061243295669556
-0.04136322811245918
-9.409808158874512
-13.139121055603027
-6.54860782623291
-6.203417778015137
-9.810328483581543
-2.878829002380371
-13.358375549316406
-3.926344394683838
-8.73291015625
-5.181999683380127
-16.57061004638672
-3.4915151596069336
-10.569753646850586
-1.4802272319793701
-6.004140853881836
-10.071233749389648
-8.338269233703613
-1.9006351232528687
-7.1552910804748535
-4.686398029327393
-6.1429219245910645
-3.5775017738342285
-2.2060396671295166
-6.772955417633057
-6.384296417236328
-7.220813751220703
-4.341519832611084
-2.166588068008423
-5.777835369110107
-12.451634407043457
-7.165829658508301
-3.2179698944091797
-2.458327054977417
-0.6687391400337219
-4.948112487792969
-0.3203643560409546
-4.068184852600098
-0.013010729104280472
-2.612880229949951
-2.8693737983703613
-0.9747893214225769
-5.777775287628174
-2.0858185291290283
-3.3176136016845703
-0.013010729104280472
-1.561394453048706
-3.940337896347046
-0.08401814848184586
-6.142922401428223
-7.621987342834473
-2.226808786392212
-10.092940330505371
-2.054699659347534
-3.2861740589141846
-5.133840560913086
-5.013134479522705
-6.262539386749268
-2.20350980758667
-9.80492877960205
-4.475377082824707
-1.5097098350524902
-4.326940059661865
-2.0415565967559814
-5.519802093505859
-7.2681403160095215
-1.0541526079177856
-8.022188186645508
-5.685634613037109
-2.6060433387756348
-5.00847053527832
-6.931600570678711
-3.5647404193878174
-5.000837326049805
-4.269640922546387
-3.119204044342041
-2.06441068649292
-6.50098991394043
-1.1710031032562256
-3.3040788173675537
-1.955567717552185
-1.2813396453857422
-5.519802093505859
-6.931600570678711
-0.9310942888259888
-4.010348320007324
-2.2468667030334473
-2.9138596057891846
-0.9578099250793457
-2.211278200149536
-3.281198740005493
-3.334026336669922
-0.7371495366096497
-0.1781013458967209
-2.7393906116485596
-2.155756950378418
-5.376944541931152
-5.856908321380615
-1.1838574409484863
-6.3639044761657715
-9.987130165100098
-2.0415563583374023
-2.153676748275757
-3.8659074306488037
-8.624737739562988
-3.0023839473724365
-9.577746391296387
-2.293471336364746
-4.906585216522217
-1.4396352767944336
-6.747432708740234
-2.2887508869171143
-4.414308547973633
-10.438349723815918
-2.0225043296813965
-5.883827209472656
-12.093270301818848
-4.3943071365356445
-2.226808786392212
-10.16699504852295
-2.054699420928955
-0.9225091338157654
-5.421420097351074
-4.006451606750488
-6.003629207611084
-8.539843559265137
-10.447258949279785
-1.3038947582244873
-4.955809593200684
-5.499332427978516
-1.7711087465286255
-8.832804679870605
-1.937255859375
-0.18219374120235443
-3.249831199645996
-1.461332082748413
-2.258885383605957
-2.258885383605957
-6.778471946716309
-3.9513072967529297
-3.9569451808929443
-7.26814079284668
-0.9310943484306335
-4.720664978027344
-2.985917568206787
-5.0593061447143555
-3.1930956840515137
-4.135423183441162
-2.4908015727996826
-1.0924626588821411
-3.4809298515319824
-3.238752841949463
-1.0250988006591797
-1.0711910724639893
-3.782665729522705
-1.5700424909591675
-6.154844284057617
-2.6626811027526855
-2.8039841651916504
-2.768155574798584
-4.753464698791504
-1.252357006072998
-0.9986127614974976
-3.1925268173217773
-2.62785005569458
-4.338063716888428
-3.047323703765869
-1.1956864595413208
-2.458327054977417
-5.011390209197998
-2.107515335083008
-3.1248364448547363
-0.6687390208244324
-2.826176881790161
-4.05821418762207
-3.987722396850586
-0.37156760692596436
-4.192878723144531
-5.9248127937316895
-7.621987342834473
-3.4265847206115723
-1.322633981704712
-2.0067250728607178
-0.770633339881897
-1.235316514968872
-2.1648647785186768
-4.083022594451904
-2.558187484741211
-2.8272500038146973
-0.055748000741004944
-6.032167434692383
-1.2661950588226318
-1.0902185440063477
-0.8241451978683472
-1.1302878856658936
-3.886791706085205
-4.357388973236084
-3.940337896347046
-4.867319583892822
-6.142922401428223
-7.621987342834473
-1.765820860862732
-1.2734538316726685
-3.263490915298462
-3.263490915298462
-5.650562286376953
-8.990157127380371
-1.652832269668579
-4.5121002197265625
-3.5775020122528076
-5.519802093505859
-6.931600570678711
-2.054699420928955
-3.7509243488311768
-6.248744010925293
-3.7279698848724365
-4.47222900390625
-5.688808441162109
-4.494137287139893
-4.709702491760254
-3.255887269973755
-5.4265265464782715
-6.9982805252075195
-0.7123609185218811
-4.594762802124023
-0.6687391400337219
-11.174247741699219
-1.1673225164413452
-7.931851387023926
-2.5353968143463135
-1.6181788444519043
-6.300272464752197
-8.82236385345459
-6.105591773986816
-5.891623497009277
-3.782616138458252
-10.195686340332031
-3.0541768074035645
-1.701050043106079
-6.140486240386963
-1.9243063926696777
-8.83749008178711
-3.711775779724121
-4.960498809814453
-8.419781684875488
-1.6856012344360352
-1.5836098194122314
-8.789472579956055
-11.378697395324707
-3.3485498428344727
-1.0265834331512451
-1.1634629964828491
-6.367229461669922
-0.8857961893081665
-4.2554426193237305
-3.7479543685913086
-2.0778167247772217
-7.191339492797852
-0.8437263369560242
-8.866064071655273
-1.0802252292633057
-2.0415563583374023
-3.3506762981414795
-2.0778167247772217
-7.191339492797852
-0.8437263369560242
-8.920890808105469
-4.960498809814453
-4.399942874908447
-1.010098934173584
-0.29761001467704773
-3.2775628566741943
-6.695301055908203
-3.6470437049865723
-1.4323054552078247
-1.5716643333435059
-1.8738093376159668
-2.5733096599578857
-5.149797439575195
-3.379396438598633
-0.04218333214521408
-0.6647489070892334
-4.077081203460693
-2.597611665725708
-1.265230655670166
-0.6939693689346313
-1.0429747104644775
-3.915193557739258
-1.0118869543075562
-5.039653301239014
-0.14898112416267395
-0.0377432256937027
-3.8139541149139404
-2.354262351989746
-2.466951847076416
-0.7495406866073608
-0.7491850256919861
-2.606924295425415
-1.7101521492004395
-7.99682092666626
-6.576785087585449
-1.4723215103149414
-1.5713636875152588
-2.3814706802368164
-0.9429682493209839
-6.343871593475342
-2.861021041870117
-2.3996448516845703
-7.293577194213867
-4.494137763977051
-1.5276036262512207
-1.226142168045044
-1.5276038646697998
-6.389022350311279
-1.4657090902328491
-3.3776979446411133
-1.55582857131958
-4.6430583000183105
-5.512291431427002
-4.322647571563721
-6.142922401428223
-7.621987342834473
-0.15133050084114075
-6.931600570678711
-0.9310942888259888
-0.8690198659896851
-0.6127991676330566
-1.5195703506469727
-8.957716941833496
-5.114095211029053
-4.494137763977051
-6.142922401428223
-7.621987342834473
-1.9081404209136963
-1.0250988006591797
-3.137005090713501
-5.1140947341918945
-1.8363488912582397
-7.286548614501953
-1.1403180360794067
-5.049789905548096
-3.805363416671753
-2.2060396671295166
-3.571054458618164
-0.9600023031234741
-0.8802986145019531
-0.9551305174827576
-10.481721878051758
-2.587139129638672
-5.467186450958252
-4.34672737121582
-5.529376983642578
-0.49294376373291016
-2.7609095573425293
-2.458327293395996
-7.576156139373779
-4.2449870109558105
-7.438323497772217
-2.189300775527954
-2.4854228496551514
-10.796915054321289
-4.977509021759033
-1.9200140237808228
-1.5968562364578247
-10.583162307739258
-1.2674980163574219
-10.399820327758789
-2.259434223175049
-11.025298118591309
-8.978891372680664
-1.7612323760986328
-0.6687391400337219
-0.1541915237903595
-4.202314853668213
-5.775230884552002
-6.793625831604004
-5.4339399337768555
-6.315402030944824
-2.2440121173858643
-4.3632025718688965
-6.840473175048828
-7.658285617828369
-8.650467872619629
-3.8736233711242676
-1.527528166770935
-1.2841441631317139
-0.7686340808868408
-0.5437214970588684
-4.337478160858154
-5.529376983642578
-2.8442842960357666
-9.000880241394043
-3.3485500812530518
-1.7200530767440796
-0.7556602954864502
-2.380202054977417
-2.8625969886779785
-0.8639146685600281
-2.8071370124816895
-3.1882741451263428
-1.3201563358306885
-5.745700836181641
-2.9881772994995117
-3.7599170207977295
-3.8522162437438965
-2.6478490829467773
-7.629455089569092
-5.5008673667907715
-4.364512920379639
-0.08401825278997421
-4.832311153411865
-11.983144760131836
-8.005887985229492
-4.394801139831543
-6.957803726196289
-9.401527404785156
-1.017732858657837
-2.087556838989258
-5.618826389312744
-1.5858240127563477
-2.563943386077881
-10.379740715026855
-3.5770416259765625
-5.688808441162109
-6.118263244628906
-2.1665878295898438
-1.1403180360794067
-6.044753551483154
-6.807453155517578
-3.929933786392212
-6.931600570678711
-2.054699420928955
-3.6067378520965576
-0.7826181054115295
-0.939376711845398
-3.119204044342041
-7.744641304016113
-4.416990280151367
-0.8049624562263489
-1.9151519536972046
-3.9837703704833984
-2.669236183166504
-8.149161338806152
-9.207306861877441
-7.627716064453125
-6.517127990722656
-2.9501123428344727
-4.832311153411865
-2.5641613006591797
-1.189317226409912
-2.380202293395996
-2.4611260890960693
-2.2079944610595703
-2.380202054977417
-3.008470058441162
-6.931600570678711
-2.0546998977661133
-3.750924587249756
-8.218704223632812
-2.7103445529937744
-1.3753553628921509
-5.688808441162109
-4.494137763977051
-2.4708123207092285
-3.5775017738342285
-2.054699659347534
-8.044365882873535
-4.250669479370117
-3.7275283336639404
-8.119606018066406
-8.600167274475098
-1.4933910369873047
-6.455016136169434
-3.092296838760376
-1.6591325998306274
-0.9293102622032166
-6.517127990722656
-9.42348575592041
-1.7200530767440796
-0.7556602954864502
-2.380202293395996
-2.8671460151672363
-4.859906196594238
-3.940337896347046
-3.362794876098633
-2.148684024810791
-6.931600570678711
-2.0546998977661133
-3.750924587249756
-4.492030143737793
-2.801132917404175
-1.547350525856018
-1.831139326095581
-7.7582902908325195
-3.170516014099121
-8.701156616210938
-1.9479936361312866
-6.901535987854004
-7.268914222717285
-3.531696319580078
-5.8001556396484375
-2.801132917404175
-5.8001556396484375
-2.801132917404175
-3.4687163829803467
-1.664978265762329
-5.2013020515441895
-3.6624903678894043
-2.8636233806610107
-3.6394331455230713
-3.5775017738342285
-4.3538713455200195
-10.092940330505371
-5.556586742401123
-2.606924295425415
-2.302371025085449
-0.9400393962860107
-7.562093257904053
-1.5820369720458984
-0.020006529986858368
-4.50410270690918
-5.688808441162109
-4.076582908630371
-1.3101861476898193
-10.631875038146973
-3.1575582027435303
-5.387213706970215
-2.151921272277832
-1.1622672080993652
-0.6687391400337219
-4.220979690551758
-5.313282489776611
-3.7429583072662354
-4.541438102722168
-0.013010493479669094
-0.4734290540218353
-0.47342920303344727
-0.4734290540218353
-5.322854518890381
-6.9320292472839355
-2.6072804927825928
-2.1075150966644287
-4.379117965698242
-1.994734764099121
-8.58724594116211
-3.5775020122528076
-0.6687390804290771
-5.082996845245361
-4.969944953918457
-1.4564810991287231
-5.967154502868652
-1.950893759727478
-12.665179252624512
-0.6687390208244324
-5.667123794555664
-1.001634955406189
-4.968596458435059
-0.47739577293395996
-8.494865417480469
-3.4072558879852295
-7.966382026672363
-4.3226470947265625
-4.133650779724121
-3.5775017738342285
-3.8498449325561523
-6.931600570678711
-2.5618607997894287
-2.3127708435058594
-7.545402526855469
-0.5289871096611023
-5.800079345703125
-2.865262508392334
-3.929933786392212
-6.931600570678711
-2.054699659347534
-0.5362327694892883
-3.3029911518096924
-5.529376983642578
-6.517127990722656
-9.42348575592041
-3.926344633102417
-2.680691719055176
-1.9620939493179321
-2.0807418823242188
-2.278095245361328
-7.808836460113525
-5.499903678894043
-1.7800002098083496
-1.5044569969177246
-3.439192295074463
-3.608366012573242
-3.4506311416625977
-3.536533832550049
-1.5281434059143066
-6.0225300788879395
-4.751199245452881
-2.2703070640563965
-1.9785183668136597
-1.7329338788986206
-0.19998009502887726
-2.833407402038574
-1.0156430006027222
-1.4066805839538574
-3.046659231185913
-4.084228038787842
-2.8777616024017334
-3.1265084743499756
-3.560499429702759
-3.223041534423828
-2.2836012840270996
-7.879150390625
-4.333247184753418
-2.1412696838378906
-2.0073604583740234
-2.27182674407959
-3.9502198696136475
-2.2060396671295166
-3.794095516204834
-2.3711888790130615
-0.7133748531341553
-1.8366427421569824
-7.97217321395874
-4.523854732513428
-5.146658420562744
-7.26814079284668
-0.9310942888259888
-0.14757776260375977
-2.3029861450195312
-3.4308900833129883
-1.5109533071517944
-6.526594161987305
-2.324219226837158
-1.2495090961456299
-1.6414854526519775
-2.5580830574035645
-0.4141119420528412
-2.864063024520874
-1.5860131978988647
-4.192878723144531
-1.9756205081939697
-2.4908015727996826
-1.0924627780914307
-3.4809298515319824
-0.5085575580596924
-2.2743337154388428
-7.5351996421813965
-3.2212021350860596
-5.242260932922363
-3.3185603618621826
-1.0830416679382324
-3.5218021869659424
-1.2553045749664307
-4.968387126922607
-5.484938621520996
-4.586556434631348
-4.965171813964844
-12.60545539855957
-6.807453155517578
-0.3649299740791321
-13.569186210632324
-2.1115329265594482
-7.353400707244873
-6.403426647186279
-8.004630088806152
-1.582562804222107
-1.4936801195144653
-2.5627715587615967
-4.6927642822265625
-3.4679548740386963
-2.782550811767578
-4.553683757781982
-3.8914194107055664
-4.590761184692383
-4.274401664733887
-4.403785705566406
-5.019067287445068
-1.7010496854782104
-2.5439443588256836
-2.422804117202759
-3.165163040161133
-4.73146915435791
-6.059821605682373
-1.8512449264526367
-2.5863866806030273
-2.137066602706909
-0.7613707780838013
-0.8437263369560242
-9.032551765441895
-4.018979549407959
-2.054699659347534
-0.05574822798371315
-10.092940330505371
-2.0546998977661133
-2.1075150966644287
-0.6620903015136719
-4.816725730895996
-5.2850847244262695
-3.639561414718628
-4.672660827636719
-4.229457378387451
-2.7639920711517334
-3.524409055709839
-0.6460398435592651
-4.229457378387451
-2.7639920711517334
-3.1200408935546875
-6.446481227874756
-0.9039870500564575
-7.014365196228027
-10.400186538696289
-0.6504923105239868
-1.189317226409912
-2.458327293395996
-6.6995744705200195
-2.107515335083008
-0.6981776356697083
-2.478869915008545
-2.4224023818969727
-2.98809552192688
-5.332801342010498
-1.7868825197219849
-1.5567562580108643
-1.671478033065796
-3.2264697551727295
-1.5292751789093018
-4.266421318054199
-1.9403215646743774
-8.56639289855957
-3.1164889335632324
-5.957637786865234
-5.519802093505859
-6.931600570678711
-2.054699420928955
-0.6939691305160522
-3.6255898475646973
-0.9606081247329712
-0.6460398435592651
-2.591632604598999
-2.7639920711517334
-1.0174024105072021
-2.498615264892578
-9.951356887817383
-3.4699840545654297
-5.519802093505859
-6.306039810180664
-0.46973711252212524
-2.4392290115356445
-2.508720636367798
-2.3415770530700684
-0.5937442183494568
-1.6770360469818115
-3.845867872238159
-1.5648536682128906
-3.6219735145568848
-1.6651198863983154
-1.3729255199432373
-4.135423183441162
-2.4908015727996826
-1.0924627780914307
-9.321932792663574
-3.8498449325561523
-6.931600570678711
-0.9310941696166992
-2.477536201477051
-3.259821891784668
-2.3668487071990967
-2.2591302394866943
-4.080662250518799
-0.17926497757434845
-6.142922401428223
-7.621987342834473
-2.1172142028808594
-4.2679362297058105
-4.440348148345947
-3.6992576122283936
-1.0443122386932373
-4.9792351722717285
-2.1370668411254883
-0.7613706588745117
-0.843726396560669
-9.032551765441895
-3.3962326049804688
-2.639587640762329
-3.885885238647461
-2.775480031967163
-3.1930959224700928
-4.135423183441162
-2.4908013343811035
-1.0924627780914307
-3.4809296131134033
-1.9307100772857666
-2.587139129638672
-1.0342011451721191
-6.201994895935059
-4.607186317443848
-1.1403179168701172
-5.049789905548096
-3.805363178253174
-3.8498449325561523
-6.931600570678711
-1.7202293872833252
-0.4566192626953125
-2.2949986457824707
-0.6127596497535706
-1.584547996520996
-2.573800563812256
-0.44134631752967834
-5.1718597412109375
-1.803558349609375
-3.035449743270874
-0.9882800579071045
-1.1012673377990723
-3.4678955078125
-2.982874870300293
-2.9178826808929443
-4.915904998779297
-1.4134191274642944
-1.839714765548706
-2.8571157455444336
-2.1452605724334717
-1.6012011766433716
-0.9195578098297119
-1.9756205081939697
-2.4908015727996826
-1.0924626588821411
-3.4809298515319824
-1.9081404209136963
-3.615888833999634
-3.3849940299987793
-1.5309436321258545
-8.686036109924316
-1.063769817352295
-1.9756206274032593
-2.4908013343811035
-1.0924627780914307
-3.708420991897583
-1.1477863788604736
-2.458327293395996
-4.224873065948486
-7.427202224731445
-0.8882887363433838
-1.1005520820617676
-4.432337284088135
-2.0088706016540527
-4.477675437927246
-2.865262269973755
-0.05574845150113106
-4.202314853668213
-2.054699659347534
-2.1075148582458496
-3.5002055168151855
-1.5654006004333496
-0.9606083631515503
-0.6460398435592651
-4.506019592285156
-2.7639920711517334
-6.446481227874756
-0.528986930847168
-1.6024194955825806
-5.551830768585205
-2.273646354675293
-8.727563858032227
-3.2418360710144043
-5.519802093505859
-6.931600570678711
-2.054699420928955
-2.091890335083008
-1.3190265893936157
-3.3085498809814453
-0.018381254747509956
-3.195524215698242
-2.265841007232666
-3.7615489959716797
-10.488885879516602
-4.434008598327637
-3.303861141204834
-5.114095211029053
-2.7531702518463135
-5.008470058441162
-6.931600570678711
-0.9310942888259888
-3.3522555828094482
-1.7973383665084839
-0.8350552320480347
-2.8899154663085938
-5.006126403808594
-0.5300663709640503
-0.935584306716919
-1.0268728733062744
-1.9137333631515503
-0.6460398435592651
-4.229457855224609
-0.38899198174476624
-0.46869736909866333
-2.9669580459594727
-6.142922401428223
-7.621987342834473
-0.0557481124997139
-6.424969673156738
-0.9310942888259888
-0.6939690113067627
-2.057767152786255
-4.0002031326293945
-1.1340577602386475
-4.6927642822265625
-2.343372106552124
-3.06899094581604
-4.686481952667236
-1.8763179779052734
-6.4490065574646
-2.5877881050109863
-7.448117733001709
-3.250296115875244
-3.437436819076538
-2.3198001384735107
-3.8525800704956055
-6.142922401428223
-7.621987342834473
-5.00847053527832
-6.931600570678711
-0.9310942888259888
-0.8046252727508545
-0.20800748467445374
-0.372248113155365
-4.065464973449707
-4.066685676574707
-1.9360408782958984
-3.591548442840576
-7.543767929077148
-0.6803348660469055
-1.3734471797943115
-2.7234227657318115
-3.639707088470459
-1.9439232349395752
-0.6939690113067627
-6.142922401428223
-7.621987342834473
-3.9569451808929443
-7.26814079284668
-0.9989933371543884
-3.8812170028686523
-0.6739806532859802
-0.9585849046707153
-1.4574804306030273
-5.012887001037598
-3.5381009578704834
-2.794113874435425
-3.1930959224700928
-4.135423183441162
-2.4908015727996826
-1.0924627780914307
-3.4809298515319824
-3.921147584915161
-3.2888901233673096
-0.7706333994865417
-0.6981776356697083
-6.534912586212158
-1.4860494136810303
-8.51908016204834
-0.2635863721370697
-3.28305983543396
-2.093405246734619
-3.5212905406951904
-3.5586986541748047
-4.520101070404053
-2.2413108348846436
-3.7429654598236084
-6.142922401428223
-7.621987342834473
-5.519802093505859
-7.26814079284668
-2.054699659347534
-3.0884387493133545
-4.668794631958008
-1.914394736289978
-4.539046764373779
-3.6047682762145996
-6.2197160720825195
-2.0450968742370605
-1.940708875656128
-6.446481704711914
-3.9504730701446533
-3.509387254714966
-6.19019889831543
-0.31879517436027527
-6.424969673156738
-0.9310941696166992
-1.8322272300720215
-3.1536808013916016
-0.47301673889160156
-2.264686107635498
-2.790365219116211
-0.30301129817962646
-4.105648994445801
-4.748863220214844
-2.6629815101623535
-1.4211506843566895
-6.142922401428223
-7.621987342834473
-0.0557481124997139
-6.424969673156738
-0.9310943484306335
-2.2468082904815674
-5.246203422546387
-3.119204044342041
-4.410676956176758
-2.6495213508605957
-2.1191136837005615
-1.820392370223999
-1.0615471601486206
-1.21079421043396
-1.5666539669036865
-1.9050918817520142
-5.529376983642578
-7.527205944061279
-7.621987342834473
-3.929933786392212
-6.931600570678711
-0.9310942888259888
-0.8508037328720093
-4.269640922546387
-3.119204044342041
-2.796975612640381
-2.1178035736083984
-3.8055648803710938
-3.656059980392456
-7.3281474113464355
-8.021220207214355
-9.358978271484375
-0.3055798411369324
-2.0458316802978516
-5.991214275360107
-2.213826894760132
-2.127626895904541
-2.4775733947753906
-1.3261183500289917
-6.418578147888184
-0.27452942728996277
-4.590043067932129
-3.383378744125366
-6.142922401428223
-7.621987342834473
-0.05971384048461914
-1.0620839595794678
-2.374505043029785
-2.444681406021118
-0.781226396560669
-4.035128593444824
-3.094947338104248
-2.3447999954223633
-3.1712489128112793
-1.1183855533599854
-0.5545379519462585
-8.37692642211914
-4.135423183441162
-2.4908013343811035
-1.0924627780914307
-3.3933565616607666
-5.519802093505859
-7.26814079284668
-0.9989933967590332
-7.144594669342041
-4.215543270111084
-2.9819998741149902
-4.290084362030029
-1.4555412530899048
-2.807185649871826
-4.428025245666504
-2.9275131225585938
-2.514366626739502
-4.189092636108398
-2.138625144958496
-0.6556075215339661
-2.2219367027282715
-1.6383706331253052
-6.170919895172119
-4.575013160705566
-0.8104607462882996
-5.519802093505859
-7.26814079284668
-2.054699659347534
-2.1075148582458496
-1.9620935916900635
-0.9867398738861084
-8.704291343688965
-0.4939894676208496
-5.999777793884277
-1.1846550703048706
-1.5605369806289673
-2.0163538455963135
-2.199413537979126
-2.118896961212158
-3.286339521408081
-2.7859742641448975
-5.146658420562744
-7.2681403160095215
-2.054699659347534
-2.4611260890960693
-2.994337558746338
-6.6109771728515625
-7.277898788452148
-0.4809147119522095
-3.0870792865753174
-8.344398498535156
-5.195655345916748
-2.0918900966644287
-8.800127029418945
-6.426693916320801
-0.4308900833129883
-2.0918900966644287
-9.360815048217773
-7.236153602600098
-4.875100135803223
-2.6073458194732666
-0.8552947640419006
-5.308176517486572
-2.3124911785125732
-2.5124783515930176
-3.978940963745117
-3.9504733085632324
-3.071136236190796
-6.142922401428223
-7.621987342834473
-0.04007117077708244
-7.226077079772949
-2.458327054977417
-2.696715831756592
-1.4283695220947266
-2.0824460983276367
-3.749842643737793
-1.7357620000839233
-1.5013290643692017
-4.5596184730529785
-2.486546516418457
-3.7138140201568604
-0.7706336379051208
-1.6388471126556396
-1.9027886390686035
-2.32519268989563
-0.6939691305160522
-2.819898843765259
-2.178438663482666
-3.052712917327881
-2.989875316619873
-4.13542366027832
-2.4908013343811035
-1.0924627780914307
-3.3933565616607666
-3.9569451808929443
-6.6709113121032715
-2.054699659347534
-10.138910293579102
-9.450538635253906
-3.839184284210205
-3.8914194107055664
-6.700366973876953
-4.274401664733887
-3.1930959224700928
-3.5119707584381104
-0.7613706588745117
-0.8437265157699585
-6.680859565734863
-5.519802093505859
-6.931600570678711
-0.9310942888259888
-3.9376025199890137
-3.3167014122009277
-3.1561224460601807
-10.18079662322998
-1.670133113861084
-4.168354511260986
-1.0366311073303223
-1.455780029296875
-2.033662796020508
-0.7250369787216187
-6.730108737945557
-0.9866840243339539
-2.005303144454956
-1.0140284299850464
-1.9128007888793945
-0.41362813115119934
-1.6468700170516968
-5.1140947341918945
-6.1429219245910645
-7.621987342834473
-1.9081404209136963
-1.6166200637817383
-0.40662655234336853
-0.5593867301940918
-3.3988404273986816
-0.3722480237483978
-0.9215038418769836
-4.311367511749268
-1.0604907274246216
-3.545341968536377
-4.200836181640625
-3.1602697372436523
-3.7286300659179688
-3.3034183979034424
-4.607186317443848
-1.0327026844024658
-3.694171905517578
-1.1403180360794067
-5.049789905548096
-3.805363416671753
-1.9081404209136963
-1.3722898960113525
-4.467723369598389
-2.382011890411377
-1.9195910692214966
-6.377371311187744
-3.808149814605713
-1.3644516468048096
-1.2152986526489258
-1.6854265928268433
-5.874790668487549
-2.147397041320801
-4.607186794281006
-3.3568148612976074
-1.1403180360794067
-5.049789905548096
-3.805363178253174
-1.3337352275848389
-3.179216146469116
-3.8498449325561523
-6.931600570678711
-0.04218322038650513
-5.246203422546387
-3.119204044342041
-0.9310941696166992
-0.9198212623596191
-3.252467393875122
-2.770024061203003
-2.9937291145324707
-4.430581569671631
-4.024450778961182
-1.5276036262512207
-0.7287580370903015
-1.390045166015625
-3.3609464168548584
-3.5260491371154785
-1.541060447692871
-0.1541915237903595
-6.424969673156738
-3.2003843784332275
-1.9408831596374512
-1.2937769889831543
-2.1020281314849854
-3.9240193367004395
-4.919616222381592
-2.7343838214874268
-4.177055835723877
-5.028738498687744
-1.8186589479446411
-3.6793649196624756
-1.0377535820007324
-7.420658111572266
-7.621987342834473
-5.519802093505859
-6.931601047515869
-0.9310941696166992
-1.2126445770263672
-3.148728609085083
-3.425694465637207
-2.039463996887207
-1.606163740158081
-5.1140947341918945
-6.142922401428223
-7.621987342834473
-4.0931267738342285
-0.23211899399757385
-4.2689361572265625
-0.9606080651283264
-1.8472044467926025
-4.229457855224609
-2.7639918327331543
-6.446481227874756
-0.5289870500564575
-7.075265407562256
-3.3485498428344727
-0.15133050084114075
-6.424969673156738
-0.9310942888259888
-4.480044841766357
-0.40130311250686646
-4.8896260261535645
-5.360363960266113
-0.3431739807128906
-2.771810531616211
-2.5721781253814697
-3.2552618980407715
-0.6185527443885803
-3.704948663711548
-1.660468578338623
-4.491509914398193
-4.965171813964844
-2.1606647968292236
-6.821264743804932
-3.929933547973633
-6.931601047515869
-2.054699659347534
-2.091890573501587
-7.0063862800598145
-2.4357290267944336
-6.446481227874756
-1.7069981098175049
-7.30388879776001
-5.365262508392334
-5.519802093505859
-7.26814079284668
-2.0546998977661133
-3.8339502811431885
-6.6707634925842285
-6.931334018707275
-1.7514710426330566
-2.478273868560791
-3.034074306488037
-3.909524440765381
-1.1373933553695679
-0.39718106389045715
-2.652139902114868
-1.9183850288391113
-3.9569451808929443
-7.2681403160095215
-2.054699659347534
-4.184382438659668
-2.348759889602661
-3.3183958530426025
-6.282648086547852
-1.7696036100387573
-2.091890335083008
-5.058434009552002
-0.48382461071014404
-4.332887649536133
-1.562882900238037
-7.286548137664795
-3.2552621364593506
-4.598726272583008
-5.7406487464904785
-8.320847511291504
-3.2964768409729004
-5.144364356994629
-5.303141117095947
-1.1878210306167603
-2.0797431468963623
-3.2069852352142334
-2.622746229171753
-1.3951672315597534
-3.7734735012054443
-6.921408176422119
-1.2160451412200928
-1.9782862663269043
-1.885317325592041
-1.433476209640503
-1.4334760904312134
-2.783730983734131
-2.6438729763031006
-4.530764579772949
-2.598220109939575
-1.280674695968628
-2.107515335083008
-5.049853801727295
-0.19997979700565338
-9.235334396362305
-0.8898268938064575
-3.217524528503418
-7.2681403160095215
-2.0546998977661133
-0.6939688920974731
-1.9620935916900635
-1.4844695329666138
-1.8130642175674438
-1.6041388511657715
-3.7759885787963867
-3.008470058441162
-4.846682548522949
-4.051530838012695
-4.016406059265137
-0.8231034874916077
-11.308032989501953
-0.35077327489852905
-1.2351237535476685
-3.2016305923461914
-3.1162796020507812
-2.986546754837036
-3.929933786392212
-7.2681403160095215
-2.054699659347534
-2.091890573501587
-2.9919638633728027
-5.214500427246094
-11.531697273254395
-6.079909801483154
-3.1629011631011963
-7.30388879776001
-5.365262508392334
-3.929933786392212
-7.2681403160095215
-1.3737974166870117
-0.19997979700565338
-0.8931543231010437
-0.013010493479669094
-0.013010610826313496
-4.161285877227783
-0.013010729104280472
-3.6964070796966553
-3.3578219413757324
-6.111777305603027
-3.3485500812530518
-5.519802093505859
-7.26814079284668
-1.5319223403930664
-2.246645927429199
-2.4051270484924316
-9.48206901550293
-3.610931158065796
-6.446481227874756
-0.5289871096611023
-8.5254545211792
-10.469788551330566
-6.111777305603027
-3.008470296859741
-7.2681403160095215
-2.054699659347534
-2.107515573501587
-11.807544708251953
-0.17810113728046417
-5.19987678527832
-3.4274280071258545
-2.107515573501587
-3.5395612716674805
-12.463566780090332
-5.529376983642578
-0.055748000741004944
-5.2646484375
-2.054699659347534
-0.6133508086204529
-5.748940467834473
-0.9034274816513062
-7.696628093719482
-6.439483165740967
-2.1370668411254883
-0.7613705396652222
-0.8437263369560242
-8.917162895202637
-5.519802093505859
-7.26814079284668
-2.054699659347534
-2.1061947345733643
-2.526458501815796
-1.6398344039916992
-7.243592739105225
-2.6330180168151855
-0.33808618783950806
-3.9569451808929443
-12.406267166137695
-4.570344924926758
-3.5201447010040283
-10.843820571899414
-1.8057942390441895
-11.109437942504883
-11.281318664550781
-11.320364952087402
-8.282230377197266
-0.8173937201499939
-3.929933547973633
-12.460956573486328
-2.0546998977661133
-11.37504768371582
-1.8747570514678955
-9.47680377960205
-10.47663402557373
-10.437577247619629
-6.446481227874756
-0.5289871096611023
-3.929933786392212
-7.26814079284668
-2.054699420928955
-1.6126395463943481
-2.4100258350372314
-3.3250837326049805
-4.4727959632873535
-1.9726935625076294
-2.4539120197296143
-2.2303287982940674
-5.008470058441162
-7.26814079284668
-2.0546998977661133
-2.019383668899536
-5.382331371307373
-4.1687235832214355
-4.388616561889648
-3.9569451808929443
-12.406267166137695
-2.0546998977661133
-9.632983207702637
-1.9620939493179321
-1.611892819404602
-11.359427452087402
-1.602989673614502
-2.107515335083008
-3.8498449325561523
-7.26814079284668
-7.04710578918457
-9.553009033203125
-1.7506576776504517
-1.802993655204773
-4.646153926849365
-0.7957388758659363
-5.53543758392334
-5.1402740478515625
-5.1140947341918945
-5.008470058441162
-7.26814079284668
-2.0546998977661133
-2.7166085243225098
-5.615898132324219
-5.787823677062988
-8.081062316894531
-0.47342929244041443
-1.7069981098175049
-3.509387493133545
-5.232012748718262
-1.9333851337432861
-1.189317226409912
-2.380202293395996
-10.998823165893555
-1.508602261543274
-2.091890335083008
-0.3438282310962677
-11.74836540222168
-1.4114233255386353
-2.029573678970337
-9.308138847351074
-1.1039621829986572
-5.50082540512085
-1.3253796100616455
-11.64680004119873
-1.5640462636947632
-2.82532000541687
-12.830621719360352
-2.93755841255188
-0.5637613534927368
-9.830090522766113
-4.343969345092773
-5.77628755569458
-2.6571006774902344
-1.9388171434402466
-2.458327293395996
-2.157682180404663
-3.7797884941101074
-0.3438281714916229
-2.3772759437561035
-6.93161153793335
-1.9620932340621948
-1.0502276420593262
-1.6893588304519653
-1.6072850227355957
-3.0174012184143066
-1.949500560760498
-2.3256676197052
-3.3847577571868896
-3.4087510108947754
-2.998544931411743
-3.7313432693481445
-3.942898988723755
-2.2863378524780273
-2.5561466217041016
-3.815288782119751
-2.5324342250823975
-0.5854275822639465
-2.2421014308929443
-2.682858467102051
-2.8434886932373047
-1.2288870811462402
-2.7024776935577393
-1.4134986400604248
-2.2134432792663574
-0.8321911096572876
-4.5659284591674805
-3.098924160003662
-2.93755841255188
-1.7251970767974854
-6.111777305603027
-3.3485498428344727
-3.2552623748779297
-7.578866958618164
-15.788627624511719
-2.2181851863861084
-6.549880027770996
-14.459905624389648
-4.247594356536865
-9.06655216217041
-9.480708122253418
-6.267952919006348
-1.6556990146636963
-4.965171813964844
-8.528369903564453
-6.821264743804932
-3.9569454193115234
-7.26814079284668
-2.1115329265594482
-3.9749696254730225
-7.398541450500488
-3.0788064002990723
-5.98714542388916
-3.4747350215911865
-5.805462837219238
-3.9504733085632324
-2.077816963195801
-0.7613706588745117
-0.8437265157699585
-8.87375545501709
-5.00847053527832
-7.26814079284668
-2.054699659347534
-4.966134071350098
-4.551130294799805
-0.9063982367515564
-2.1461730003356934
-7.427509784698486
-0.5044265985488892
-4.498290061950684
-6.593699932098389
-5.1140947341918945
-6.142922401428223
-7.621987342834473
-3.8498449325561523
-7.26814079284668
-2.0546998977661133
-2.9845197200775146
-4.942648887634277
-0.23653745651245117
-1.454806923866272
-1.2584296464920044
-5.44196081161499
-0.6656186580657959
-2.4128544330596924
-6.174433708190918
-6.111776828765869
-3.3485498428344727
-2.48061466217041
-1.0377564430236816
-2.380202293395996
-5.465785026550293
-4.639846324920654
-1.6259708404541016
-0.8060226440429688
-0.6460399031639099
-10.802249908447266
-2.7639920711517334
-1.8995407819747925
-1.2481876611709595
-1.857460379600525
-6.142922401428223
-7.621987342834473
-5.095475673675537
-7.578866958618164
-2.317992687225342
-2.2181851863861084
-3.0367884635925293
-2.987147092819214
-3.174258232116699
-1.5610700845718384
-2.852818012237549
-1.6455389261245728
-6.267952919006348
-1.6556990146636963
-1.1403180360794067
-6.044753551483154
-2.2496466636657715
-1.9333847761154175
-0.4414701461791992
-9.594029426574707
-2.902467727661133
-2.107515335083008
-6.067793846130371
-0.013010729104280472
-1.463839054107666
-1.2519824504852295
-8.05813980102539
-0.013010610826313496
-0.9077428579330444
-5.346554756164551
-1.0044634342193604
-2.458327054977417
-4.9247965812683105
-2.0193567276000977
-5.878974437713623
-6.74278450012207
-2.1075150966644287
-1.0502276420593262
-1.9823535680770874
-2.1534173488616943
-1.269252061843872
-3.092027187347412
-4.564587116241455
-2.618137836456299
-11.099666595458984
-1.820418357849121
-4.125298976898193
-4.026689529418945
-4.410764217376709
-7.266307830810547
-2.688509464263916
-3.2023932933807373
-7.849724769592285
-3.5775017738342285
-3.9569451808929443
-7.26814079284668
-1.9670082330703735
-2.063253879547119
-5.476041316986084
-3.485069513320923
-4.941483974456787
-2.876776695251465
-3.0239996910095215
-2.1281728744506836
-2.0778167247772217
-0.7613706588745117
-0.843726396560669
-8.87375545501709
-4.012292385101318
-1.3801579475402832
-2.9004151821136475
-2.19614315032959
-6.853086471557617
-2.2769322395324707
-3.598073959350586
-4.221429824829102
-1.6332929134368896
-2.577639102935791
-7.980204105377197
-4.128504753112793
-1.0866801738739014
-4.71999979019165
-2.3071446418762207
-2.540987491607666
-0.9060899615287781
-5.3447747230529785
-5.502580165863037
-7.578866958618164
-2.638622522354126
-4.429239273071289
-7.290737628936768
-2.380974531173706
-0.8928015232086182
-1.1881030797958374
-4.336064338684082
-4.361875534057617
-1.4277421236038208
-2.956280469894409
-1.1403179168701172
-6.044753551483154
-2.2496466636657715
-6.346642971038818
-5.952315330505371
-2.054699420928955
-3.608664035797119
-8.280599594116211
-0.30478227138519287
-2.2167177200317383
-6.76802921295166
-10.424200057983398
-4.361135005950928
-9.227807998657227
-1.5831797122955322
-5.951893329620361
-5.1140947341918945
-6.142922401428223
-7.621987342834473
-3.560499429702759
-7.181957721710205
-2.054699659347534
-3.59324049949646
-4.463418960571289
-3.3346786499023438
-2.9898033142089844
-3.6714224815368652
-6.105503559112549
-4.750814437866211
-6.53198766708374
-4.2013702392578125
-6.040001392364502
-1.4109222888946533
-0.6875190138816833
-1.5803303718566895
-2.5271124839782715
-3.416604518890381
-2.380202054977417
-2.251919984817505
-4.609434604644775
-2.7112250328063965
-3.859316110610962
-2.440936803817749
-2.9576609134674072
-5.6651291847229
-5.92457914352417
-2.7359073162078857
-3.1625871658325195
-3.932429552078247
-13.000773429870605
-2.71376895904541
-0.35091158747673035
-6.111777305603027
-3.3485498428344727
-5.502580165863037
-5.097692012786865
-7.578866958618164
-4.441051006317139
-3.304657220840454
-2.625488042831421
-4.849971771240234
-2.6334476470947266
-3.1387245655059814
-3.3659934997558594
-1.110713243484497
-5.137562274932861
-4.301724433898926
-4.491509914398193
-2.134831428527832
-5.803138256072998
-1.7221791744232178
-1.4825605154037476
-5.1140947341918945
-4.965171813964844
-8.55858039855957
-6.821264743804932
-3.9569451808929443
-7.111697196960449
-2.054699659347534
-3.1435675621032715
-3.4853007793426514
-3.616752862930298
-0.6118152141571045
-2.293966293334961
-2.142235040664673
-4.369610786437988
-7.496484279632568
-1.0007864236831665
-3.425313949584961
-4.989343643188477
-8.011296272277832
-5.085458755493164
-2.173194646835327
-0.7556602954864502
-2.458327054977417
-3.772545337677002
-0.7554552555084229
-0.3263843357563019
-1.1446443796157837
-1.834132194519043
-3.2094969749450684
-2.0024003982543945
-6.172133445739746
-3.206151008605957
-11.22326374053955
-2.4602766036987305
-3.1596434116363525
-4.8574042320251465
-6.111777305603027
-3.3485496044158936
-5.069580554962158
-2.807718515396118
-6.054105758666992
-2.458327293395996
-3.739431381225586
-6.234768867492676
-2.107515335083008
-2.6349215507507324
-5.035120487213135
-3.1528818607330322
-3.1898293495178223
-4.929181098937988
-2.1075150966644287
-3.845867872238159
-2.8738150596618652
-6.111777305603027
-3.3485498428344727
-5.098259925842285
-5.502580165863037
-7.578866958618164
-5.49713134765625
-1.4213101863861084
-3.0367884635925293
-2.9871468544006348
-4.247594356536865
-1.5610700845718384
-4.774503231048584
-7.054865837097168
-3.8576042652130127
-0.9945888519287109
-2.2834115028381348
-2.356854200363159
-4.965171813964844
-9.093969345092773
-6.821264743804932
-5.519802093505859
-7.26814079284668
-2.111532688140869
-1.2396645545959473
-2.5414655208587646
-6.650661945343018
-3.1204142570495605
-4.2528486251831055
-4.300320148468018
-4.7402424812316895
-2.404944896697998
-2.0778167247772217
-4.437157154083252
-0.8437265157699585
-7.798014163970947
-2.673139810562134
-1.189316987991333
-2.380202293395996
-1.3740854263305664
-1.4283695220947266
-1.6437554359436035
-1.1862413883209229
-3.653993844985962
-1.063952922821045
-3.3606464862823486
-1.5305984020233154
-2.266669750213623
-2.3356568813323975
-2.6235201358795166
-2.614884614944458
-5.00847053527832
-6.931600570678711
-2.054699659347534
-3.624289035797119
-2.944701910018921
-6.134137153625488
-3.5761563777923584
-2.7492477893829346
-2.9640064239501953
-2.2757320404052734
-8.039094924926758
-1.9601202011108398
-2.026221513748169
-6.05410623550415
-2.458327293395996
-3.783501148223877
-5.314371585845947
-1.5334498882293701
-2.7920522689819336
-2.1355438232421875
-2.3274924755096436
-2.49959397315979
-3.008920907974243
-4.5202860832214355
-2.158241033554077
-0.631288468837738
-0.7189629673957825
-0.9375813007354736
-1.6964246034622192
-3.6034154891967773
-6.111776828765869
-2.9501123428344727
-3.926344633102417
-1.6768420934677124
-3.264934539794922
-1.962093710899353
-5.513701915740967
-3.728217601776123
-3.9504730701446533
-2.0778167247772217
-0.7613706588745117
-0.843726396560669
-8.755476951599121
-5.502580165863037
-2.4670562744140625
-2.535146474838257
-3.8146262168884277
-4.965171813964844
-7.246824741363525
-8.055706977844238
-1.933384656906128
-3.264934539794922
-0.6842741966247559
-9.607026100158691
-2.815093994140625
-0.013010493479669094
-4.01331090927124
-2.077816963195801
-0.7613705396652222
-0.8437263369560242
-8.87375545501709
-2.625563144683838
-2.3959200382232666
-2.380202054977417
-11.280220031738281
-2.210131883621216
-0.6281766891479492
-5.255511283874512
-5.901420593261719
-11.852104187011719
-1.0543805360794067
-4.7238545417785645
-1.514392375946045
-2.2163219451904297
-1.1173897981643677
-1.8101189136505127
-2.381074905395508
-8.209333419799805
-2.6837880611419678
-6.1429219245910645
-7.621987342834473
-2.090500831604004
-1.8872783184051514
-5.362472057342529
-2.458327293395996
-1.9529612064361572
-4.165461540222168
-3.8394014835357666
-3.8458681106567383
-1.5498788356781006
-4.423462867736816
-1.6508724689483643
-1.8327305316925049
-1.2788605690002441
-2.6837878227233887
-2.033233165740967
-1.690953016281128
-4.850734233856201
-4.595075607299805
-1.5330051183700562
-6.111777305603027
-3.3485496044158936
-3.929933786392212
-7.26814079284668
-5.361937522888184
-0.7416226267814636
-2.0778167247772217
-0.7613706588745117
-0.8437263369560242
-8.67258071899414
-2.026221513748169
-0.7556602954864502
-2.458327293395996
-2.9622366428375244
-1.4283695220947266
-1.2709360122680664
-4.464655876159668
-2.0193300247192383
-9.022329330444336
-4.379117965698242
-8.266047477722168
-9.013700485229492
-5.519802093505859
-7.26814079284668
-2.054699420928955
-2.9651834964752197
-4.3713154792785645
-10.158231735229492
-2.688401937484741
-2.091890335083008
-5.748705863952637
-3.511237621307373
-5.350850582122803
-3.8917462825775146
-2.747072458267212
-2.450664520263672
-5.188604831695557
-5.519802093505859
-7.2681403160095215
-4.726376533508301
-2.35886549949646
-7.487495422363281
-2.4782538414001465
-1.966573715209961
-3.5820841789245605
-2.7340011596679688
-3.1082189083099365
-0.3507212996482849
-5.519802093505859
-7.26814079284668
-2.054699659347534
-4.163305282592773
-2.0918900966644287
-2.7401444911956787
-2.536890983581543
-1.6184921264648438
-3.485069990158081
-2.904758930206299
-7.63605260848999
-4.372599124908447
-2.8685202598571777
-3.018667697906494
-0.7358872890472412
-5.233442306518555
-0.7613706588745117
-0.843726396560669
-8.87375545501709
-4.273865699768066
-0.24564394354820251
-3.084433078765869
-1.2206426858901978
-1.2026469707489014
-1.6460158824920654
-0.9060900807380676
-2.194033145904541
-0.9601569175720215
-3.2552621364593506
-4.922563552856445
-3.0841946601867676
-8.18835163116455
-9.749703407287598
-2.2816336154937744
-2.705512046813965
-4.607186794281006
-4.965171813964844
-2.1606647968292236
-7.319672584533691
-2.625562906265259
-2.803785800933838
-5.737553119659424
-2.681288480758667
-8.920265197753906
-0.993604838848114
-3.286884307861328
-6.963335037231445
-7.94558048248291
-8.10694408416748
-7.179375171661377
-5.502580165863037
-3.1534903049468994
-0.5381524562835693
-7.578866958618164
-2.458327293395996
-0.8065112829208374
-1.1001558303833008
-1.7993578910827637
-1.8969624042510986
-1.1403179168701172
-6.2868332862854
-2.2496466636657715
-0.05574845150113106
-1.4943320751190186
-2.3608033657073975
-1.8189151287078857
-2.458327054977417
-4.019026279449463
-4.190823554992676
-4.8673200607299805
-4.583547115325928
-3.2484982013702393
-7.849724769592285
-5.345810890197754
-3.9569451808929443
-7.26814079284668
-2.054699659347534
-3.83722186088562
-1.9994994401931763
-4.850289821624756
-0.5682137608528137
-3.150543689727783
-3.606558084487915
-4.0977301597595215
-1.4124425649642944
-4.677738189697266
-2.5974011421203613
-4.883672714233398
-4.688643455505371
-3.5119707584381104
-0.7613706588745117
-0.843726396560669
-8.852322578430176
-5.519802093505859
-7.26814079284668
-2.054699659347534
-1.5095878839492798
-0.5682135820388794
-4.065268039703369
-3.849820852279663
-4.168433666229248
-6.7044172286987305
-3.474656820297241
-2.8254470825195312
-2.6828179359436035
-2.2393438816070557
-2.0493040084838867
-3.9569454193115234
-7.26814079284668
-2.054699659347534
-3.849821090698242
-4.283544540405273
-4.438459396362305
-4.194540023803711
-2.533751964569092
-2.301388740539551
-2.7016963958740234
-1.7612323760986328
-2.2517364025115967
-3.8498449325561523
-6.931600570678711
-2.054699659347534
-2.091890335083008
-9.932598114013672
-5.673566818237305
-5.0134172439575195
-2.926462411880493
-3.467954397201538
-2.5290298461914062
-7.616883754730225
-5.410624027252197
-8.913787841796875
-8.68873405456543
-8.588177680969238
-5.1140947341918945
-2.0415563583374023
-9.369552612304688
-7.6939921379089355
-2.625562906265259
-0.7556600570678711
-2.380202293395996
-9.005102157592773
-2.0319082736968994
-2.9265081882476807
-4.769101142883301
-5.502044200897217
-2.2152888774871826
-2.953342914581299
-3.733508586883545
-3.899174213409424
-5.008470058441162
-6.931601047515869
-2.054699659347534
-2.4166369438171387
-2.901454448699951
-3.382030963897705
-3.2247204780578613
-1.8187737464904785
-2.2581653594970703
-1.8697916269302368
-4.862412452697754
-2.9532158374786377
-2.4420487880706787
-5.750152111053467
-5.223163604736328
-1.845752239227295
-4.006054878234863
-1.1676349639892578
-4.008946418762207
-0.6656187176704407
-1.0607322454452515
-5.519802093505859
-7.26814079284668
-4.695866107940674
-6.69734001159668
-2.6225838661193848
-0.035783153027296066
-4.743690490722656
-0.20877256989479065
-2.2223832607269287
-0.13985292613506317
-2.0776007175445557
-7.286548137664795
-5.502580165863037
-7.578866958618164
-2.654714584350586
-1.519017219543457
-1.017732858657837
-1.6093498468399048
-3.7535858154296875
-2.32411527633667
-4.248544692993164
-4.44340705871582
-1.1403180360794067
-6.044753551483154
-2.2496466636657715
-3.9569451808929443
-7.26814079284668
-2.111532688140869
-7.959630489349365
-4.889111042022705
-8.547392845153809
-2.740882396697998
-1.6339293718338013
-7.410504341125488
-0.7613706588745117
-0.8437265157699585
-8.516929626464844
-5.008470058441162
-6.931601047515869
-3.1504979133605957
-6.770580291748047
-1.1194465160369873
-1.4760109186172485
-1.510838508605957
-4.00432825088501
-6.576300621032715
-6.277090549468994
-0.13985252380371094
-8.494051933288574
-3.255887269973755
-5.519802093505859
-7.26814079284668
-2.054699659347534
-3.040790557861328
-0.607033371925354
-2.107515335083008
-0.5445070266723633
-2.416043281555176
-1.555579662322998
-2.0163538455963135
-5.529376983642578
-2.374505043029785
-2.3177490234375
-5.519802093505859
-7.26814079284668
-2.054699659347534
-1.8610508441925049
-2.107515335083008
-1.9620938301086426
-8.704291343688965
-5.354245185852051
-2.0163538455963135
-1.7612323760986328
-0.8510140180587769
-1.9896243810653687
-0.32029038667678833
-5.39665412902832
-9.622757911682129
-1.6579935550689697
-2.0021657943725586
-5.5104289054870605
-1.2965508699417114
-4.311551094055176
-2.5075294971466064
-7.104865550994873
-4.494137763977051
-10.0345458984375
-0.08865802735090256
-7.841261863708496
-0.13985292613506317
-5.078283309936523
-3.2578864097595215
-2.8094027042388916
-2.5893027782440186
-5.574973106384277
-2.4951369762420654
-9.12746810913086
-3.0960137844085693
-3.610931158065796
-8.005172729492188
-2.0163538455963135
-2.1246178150177
-5.008470058441162
-6.8666090965271
-5.105712413787842
-2.0794296264648438
-0.7320311665534973
-3.3603601455688477
-1.7612323760986328
-3.2552618980407715
-7.578866958618164
-2.1884779930114746
-8.112838745117188
-1.7654701471328735
-4.446866989135742
-5.737875461578369
-0.8071867227554321
-13.761810302734375
-1.2672711610794067
-6.438600063323975
-10.781720161437988
-4.607186794281006
-4.732885360717773
-2.0082273483276367
-1.6556990146636963
-4.965171813964844
-2.1606650352478027
-6.821264743804932
-4.012292385101318
-2.2577626705169678
-2.930659770965576
-2.3711888790130615
-6.053961753845215
-5.594785213470459
-10.998226165771484
-2.0509815216064453
-8.361506462097168
-6.111776828765869
-2.2060396671295166
-9.746880531311035
-3.434596061706543
-6.0602192878723145
-4.965171813964844
-2.1606645584106445
-6.75224494934082
-3.929933786392212
-6.931600570678711
-2.054699659347534
-3.2861738204956055
-7.653796672821045
-2.8792293071746826
-5.499871253967285
-6.73252010345459
-6.214407444000244
-5.1140947341918945
-3.929933786392212
-6.931600570678711
-7.23538064956665
-9.399044036865234
-4.533908843994141
-8.693620681762695
-6.654856204986572
-4.3769121170043945
-3.3094611167907715
-7.799464225769043
-2.317992687225342
-2.380202293395996
-2.6949689388275146
-0.7719520926475525
-1.458646535873413
-6.633965492248535
-1.7370333671569824
-3.67061710357666
-1.3753550052642822
-2.1084816455841064
-5.3282036781311035
-2.4793319702148438
-1.8023179769515991
-5.586154937744141
-4.494137763977051
-1.1403180360794067
-2.1606647968292236
-6.82126522064209
-5.502580165863037
-5.1743483543396
-7.578866958618164
-1.8205208778381348
-1.9021291732788086
-2.569387197494507
-3.1860759258270264
-5.251075744628906
-4.965171813964844
-7.246824264526367
-3.2781004905700684
-5.519802093505859
-7.26814079284668
-2.2050886154174805
-2.965183734893799
-1.7708431482315063
-0.8282472491264343
-4.366421699523926
-3.5891003608703613
-7.878118515014648
-5.206835746765137
-2.317056655883789
-2.718228816986084
-5.519802093505859
-6.931600570678711
-2.054699420928955
-0.8867388963699341
-7.166813850402832
-3.94357967376709
-1.9960378408432007
-3.0113425254821777
-2.0495259761810303
-1.1047773361206055
-6.44571590423584
-7.179375171661377
-1.940360188484192
-5.519802093505859
-6.931600570678711
-1.5319225788116455
-2.509009599685669
-1.8120352029800415
-2.766932487487793
-5.688808441162109
-2.5198280811309814
-1.0482674837112427
-8.394816398620605
-1.0177326202392578
-2.6223301887512207
-4.884800434112549
-1.3190269470214844
-9.86811351776123
-2.6279478073120117
-2.133030414581299
-1.5918786525726318
-5.337922096252441
-5.641783714294434
-4.5133280754089355
-11.165436744689941
-4.127444744110107
-1.3753552436828613
-5.1140947341918945
-4.965171813964844
-2.1606647968292236
-6.821264743804932
-3.7734735012054443
-9.525434494018555
-3.005019187927246
-6.28492546081543
-1.9592034816741943
-1.962093472480774
-3.9724509716033936
-7.438323974609375
-4.280719757080078
-5.9765095710754395
-0.7452303171157837
-3.888070821762085
-2.458327054977417
-4.481565952301025
-3.565033435821533
-1.4282807111740112
-0.2172352820634842
-1.127241849899292
-9.043144226074219
-6.111777305603027
-5.519802093505859
-7.2681403160095215
-2.0546998977661133
-2.107515335083008
-2.4349875450134277
-1.9620939493179321
-1.6029895544052124
-5.166463375091553
-2.0163538455963135
-1.9896241426467896
-7.286548614501953
-0.320290207862854
-2.2060396671295166
-7.578866958618164
-1.6785223484039307
-4.291858673095703
-6.060492515563965
-4.607186317443848
-4.425869464874268
-6.118263244628906
-1.6556990146636963
-4.965171813964844
-2.1606645584106445
-9.116547584533691
-5.519802093505859
-7.2681403160095215
-1.442321538925171
-2.9651834964752197
-6.6057915687561035
-4.953913688659668
-7.2810211181640625
-6.119820594787598
-1.6185102462768555
-6.618684768676758
-10.761913299560547
-5.502580165863037
-7.578866958618164
-2.1668648719787598
-2.0556511878967285
-3.300327777862549
-9.266899108886719
-2.480962038040161
-4.864834785461426
-1.6556987762451172
-1.1403179168701172
-2.1606647968292236
-1.869618535041809
-1.2309753894805908
-2.453774929046631
-1.1641231775283813
-2.146416664123535
-5.471708297729492
-4.596010684967041
-1.909444808959961
-1.8190972805023193
-7.179375171661377
-9.013699531555176
-2.099591016769409
-1.301882028579712
-6.250133514404297
-2.1662979125976562
-11.166611671447754
-2.7349414825439453
-1.2271109819412231
-2.6102781295776367
-3.71812105178833
-0.3438281714916229
-3.183858633041382
-5.52235746383667
-3.9504733085632324
-1.7939106225967407
-4.774421691894531
-2.965183734893799
-5.400102138519287
-5.417576789855957
-0.4593808650970459
-0.013010610826313496
-11.756179809570312
-0.013010610826313496
-8.542344093322754
-4.830129623413086
-2.6101338863372803
-15.939780235290527
-2.101846218109131
-3.870729684829712
-2.488865852355957
-2.8980555534362793
-5.345810413360596
-3.2552618980407715
-7.578866958618164
-4.786742687225342
-3.481675624847412
-1.4148242473602295
-2.0778167247772217
-0.7613706588745117
-0.843726396560669
-8.766130447387695
-1.7393134832382202
-7.578866958618164
-3.560499429702759
-6.753840923309326
-3.808382272720337
-2.596851348876953
-3.5895256996154785
-7.267703533172607
-2.0163536071777344
-3.2946345806121826
-10.793033599853516
-4.731644153594971
-3.9109952449798584
-1.6992413997650146
-1.8721871376037598
-13.740631103515625
-11.106223106384277
-8.460966110229492
-3.845163106918335
-7.5488481521606445
-2.1370673179626465
-0.7613706588745117
-0.843726396560669
-8.87375545501709
-8.638559341430664
-5.519802093505859
-7.2681403160095215
-2.0546998977661133
-2.091890335083008
-5.743041038513184
-11.843132019042969
-1.6029895544052124
-2.0163538455963135
-6.118263244628906
-7.443439483642578
-2.317749261856079
-4.3538713455200195
-1.2738476991653442
-3.9998788833618164
-1.9715937376022339
-4.538692951202393
-2.9562125205993652
-4.459178924560547
-4.630675792694092
-1.6579936742782593
-9.29338550567627
-2.368248462677002
-1.8615549802780151
-2.7639920711517334
-2.026221513748169
-1.0377562046051025
-2.380202293395996
-0.6981777548789978
-1.0010690689086914
-2.843655586242676
-3.585524320602417
-7.62753438949585
-0.25251856446266174
-5.836209297180176
-8.159892082214355
-6.855315208435059
-7.30388879776001
-5.77628755569458
-2.2060396671295166
-5.020816326141357
-1.7993576526641846
-2.458327293395996
-7.048299312591553
-1.0752907991409302
-2.7542600631713867
-0.6540654301643372
-6.519848346710205
-1.888303518295288
-4.5599164962768555
-4.965171813964844
-2.1606647968292236
-6.82126522064209
-1.3753553628921509
-2.50431227684021
-2.090144157409668
-5.519802093505859
-6.931600570678711
-2.054699659347534
-5.678918838500977
-0.04293767362833023
-3.8687641620635986
-7.551401615142822
-2.9329183101654053
-1.401483178138733
-5.452488422393799
-5.926551342010498
-2.3121023178100586
-5.519802093505859
-6.931600570678711
-2.054699420928955
-2.0918900966644287
-8.948962211608887
-2.681180715560913
-0.5915123820304871
-5.130426406860352
-2.834110736846924
-2.0415565967559814
-5.519802093505859
-6.931600570678711
-2.054699659347534
-3.750924587249756
-0.7186638712882996
-2.888481855392456
-2.553704261779785
-7.373523712158203
-1.9805190563201904
-3.2552621364593506
-3.316450595855713
-8.957695960998535
-0.7358871698379517
-5.233442306518555
-0.7613705396652222
-0.8437262177467346
-8.672408103942871
-5.008470058441162
-6.931600570678711
-2.054699659347534
-0.8385716676712036
-4.65195369720459
-5.083671569824219
-0.9606081247329712
-0.6460398435592651
-3.5498452186584473
-2.7639920711517334
-5.1140947341918945
-6.142922401428223
-7.621987342834473
-2.0083227157592773
-0.15419161319732666
-6.931600570678711
-1.5458049774169922
-6.976284027099609
-5.105770111083984
-3.4120607376098633
-4.78701639175415
-8.307427406311035
-6.400567054748535
-4.825545310974121
-2.1212310791015625
-8.112513542175293
-1.3547618389129639
-6.373159408569336
-7.5725531578063965
-3.1154162883758545
-3.595825433731079
-5.749956130981445
-1.398726224899292
-5.1140947341918945
-2.673139810562134
-0.7556602954864502
-2.458327293395996
-2.8671462535858154
-0.7554552555084229
-2.8671462535858154
-0.5022425055503845
-1.0315500497817993
-2.458327293395996
-3.246077299118042
-1.4229390621185303
-0.24366451799869537
-2.3587276935577393
-5.119485378265381
-1.063913106918335
-3.092589855194092
-2.277101993560791
-4.016494274139404
-6.111776828765869
-3.3485500812530518
-0.1448736935853958
-2.5982203483581543
-4.677336692810059
-5.953777313232422
-0.9461104273796082
-0.17063061892986298
-0.18124067783355713
-9.147863388061523
-1.7241071462631226
-1.9545302391052246
-1.7336130142211914
-3.4654290676116943
-3.601469039916992
-9.07848072052002
-6.118263244628906
-6.207777976989746
-3.834859609603882
-2.865262508392334
-3.9569451808929443
-6.9982805252075195
-0.7123612761497498
-1.761275053024292
-1.3676557540893555
-9.086606979370117
-1.5288059711456299
-6.608083248138428
-1.381881594657898
-1.631834626197815
-5.862277984619141
-2.2541680335998535
-1.2774022817611694
-6.131353855133057
-6.539402484893799
-8.994772911071777
-2.0984668731689453
-6.514398574829102
-5.77628755569458
-1.6572033166885376
-3.8253862857818604
-1.5402791500091553
-10.452040672302246
-5.3518571853637695
-3.0170085430145264
-3.265303373336792
-0.2199597954750061
-7.601889133453369
-1.8122872114181519
-2.757359266281128
-7.90070104598999
-6.142922401428223
-7.621987342834473
-0.055748000741004944
-3.021866798400879
-2.0546998977661133
-0.28564727306365967
-8.28113079071045
-3.1835219860076904
-5.688808441162109
-2.1059460639953613
-2.0415563583374023
-0.7984585762023926
-0.4067554771900177
-7.3662028312683105
-4.789941310882568
-2.9501123428344727
-5.519802093505859
-6.931600570678711
-2.054699659347534
-3.2861738204956055
-2.6882786750793457
-3.6368625164031982
-1.72495698928833
-1.5955159664154053
-1.7884552478790283
-10.035096168518066
-1.1202647686004639
-0.05574822798371315
-7.2681403160095215
-2.0546998977661133
-2.612274646759033
-1.6882411241531372
-0.4087337255477905
-2.6662378311157227
-1.1068899631500244
-2.2312779426574707
-1.9926960468292236
-0.8662722110748291
-2.458327054977417
-1.9967026710510254
-5.564445495605469
-1.6289139986038208
-1.1016061305999756
-1.522057294845581
-8.515470504760742
-9.409282684326172
-0.8764545321464539
-6.808506965637207
-0.8552944660186768
-2.5387954711914062
-3.1139326095581055
-8.527753829956055
-8.89287281036377
-2.3726727962493896
-1.7330214977264404
-1.229446530342102
-3.7440855503082275
-2.865262508392334
-3.926344633102417
-7.162495136260986
-3.7112762928009033
-4.893277168273926
-3.4720184803009033
-4.989376068115234
-3.666943073272705
-0.6106473207473755
-3.6648447513580322
-2.833862781524658
-8.908626556396484
-4.530972480773926
-4.7529215812683105
-4.800440788269043
-4.398982048034668
-8.67337703704834
-4.926685333251953
-1.169664740562439
-3.318970203399658
-2.89285945892334
-3.02026629447937
-5.8664727210998535
-0.9220066070556641
-1.965815544128418
-3.479731321334839
-1.8998067378997803
-5.145885944366455
-8.903562545776367
-2.930616855621338
-2.7639923095703125
-2.195446014404297
-5.519802093505859
-7.2681403160095215
-4.482332706451416
-9.490486145019531
-10.341668128967285
-4.962319374084473
-2.186951160430908
-10.153501510620117
-10.279121398925781
-2.4838860034942627
-1.388519048690796
-6.48602294921875
-0.19819805026054382
-6.442228317260742
-2.312168836593628
-5.741365432739258
-4.047494411468506
-3.0080413818359375
-4.191573143005371
-3.3190860748291016
-6.490697383880615
-1.2792763710021973
-2.746992588043213
-0.9105034470558167
-2.855774402618408
-1.7497895956039429
-6.5368475914001465
-3.35768723487854
-3.6348459720611572
-2.0803303718566895
-3.0376131534576416
-9.860371589660645
-2.308208465576172
-7.6387763023376465
-0.7347697019577026
-1.0531957149505615
-3.9519004821777344
-5.77628755569458
-5.519802093505859
-6.931600570678711
-3.3395864963531494
-5.470852375030518
-2.4611260890960693
-3.543516159057617
-5.3753557205200195
-2.9264626502990723
-3.467954397201538
-8.927467346191406
-3.4791316986083984
-4.746218204498291
-4.795882225036621
-6.873438835144043
-5.1140947341918945
-2.06438946723938
-1.6734927892684937
-1.0181564092636108
-2.2567365169525146
-3.065606117248535
-4.172800064086914
-2.0995001792907715
-2.296442985534668
-2.4600791931152344
-4.312040328979492
-6.273092269897461
-1.3094818592071533
-8.400259971618652
-1.1745449304580688
-3.5529625415802
-9.14968490600586
-4.533737659454346
-7.30388879776001
-5.77628755569458
-5.519802093505859
-6.931600570678711
-2.054699659347534
-3.2861742973327637
-2.6594204902648926
-4.561209678649902
-7.87276554107666
-1.9060331583023071
-6.658111572265625
-9.997748374938965
-1.3753552436828613
-3.8018712997436523
-1.7419087886810303
-5.965643405914307
-4.738670349121094
-4.166027069091797
-7.800265312194824
-5.923473834991455
-4.619495868682861
-3.021867036819458
-2.054699659347534
-6.188909530639648
-1.3564507961273193
-5.4426751136779785
-1.9167624711990356
-4.9570231437683105
-1.6542088985443115
-2.30237078666687
-3.96869158744812
-5.195496082305908
-3.888059616088867
-4.713801383972168
-10.015275001525879
-0.27650290727615356
-6.643564224243164
-0.2637442648410797
-6.3713274002075195
-0.8043259978294373
-11.744063377380371
-2.2902450561523438
-2.7889115810394287
-3.2286808490753174
-4.373667240142822
-3.0331625938415527
-4.2458271980285645
-2.9575181007385254
-4.021233081817627
-7.621987342834473
-2.5617568492889404
-5.33897590637207
-2.462847948074341
-4.437157154083252
-0.843726396560669
-3.54150652885437
-5.519802093505859
-7.26814079284668
-2.054699659347534
-2.000901460647583
-6.459491729736328
-3.089651107788086
-8.788516998291016
-5.0268096923828125
-2.6338605880737305
-0.47816964983940125
-1.5211769342422485
-7.395603656768799
-2.493382215499878
-5.529376983642578
-1.2365577220916748
-2.0245656967163086
-1.2535920143127441
-7.681731224060059
-1.0117260217666626
-4.8447771072387695
-5.349823951721191
-0.33086690306663513
-5.553701877593994
-8.897937774658203
-5.940947532653809
-6.937002182006836
-0.7626444697380066
-9.261244773864746
-12.01038932800293
-5.391673564910889
-10.656286239624023
-9.759786605834961
-4.314961910247803
-4.968544960021973
-5.008470058441162
-6.931600570678711
-2.054699659347534
-2.7110886573791504
-5.639002323150635
-0.5563914179801941
-2.1442246437072754
-2.9643287658691406
-3.209610939025879
-6.414929389953613
-1.8504116535186768
-6.446481227874756
-1.706998348236084
-3.1554512977600098
-7.6939921379089355
-5.502580165863037
-7.578866958618164
-4.818772792816162
-6.120851039886475
-4.363613605499268
-7.943344593048096
-4.774817943572998
-1.3190267086029053
-6.0829949378967285
-2.4387683868408203
-1.3996858596801758
-2.499126434326172
-5.519802093505859
-7.2681403160095215
-2.054699420928955
-0.0817929282784462
-2.000901460647583
-12.837638854980469
-7.2562947273254395
-10.693284034729004
-8.140872955322266
-12.304012298583984
-3.356142044067383
-9.749175071716309
-5.502580165863037
-3.551180839538574
-1.0348854064941406
-4.607186794281006
-3.62302565574646
-4.965171813964844
-8.528368949890137
-6.821264743804932
-3.560499429702759
-8.181061744689941
-5.3276543617248535
-3.4054384231567383
-3.154094696044922
-4.870420455932617
-1.0525634288787842
-3.7655980587005615
-5.244801044464111
-1.9735183715820312
-2.249431610107422
-3.7440855503082275
-2.865262508392334
-5.519802093505859
-7.26814079284668
-2.054699420928955
-1.5276038646697998
-0.2603984475135803
-2.000901460647583
-1.3748180866241455
-3.5895256996154785
-3.9172520637512207
-1.352550983428955
-6.283160209655762
-7.26814079284668
-2.054699659347534
-3.1214544773101807
-1.6333436965942383
-2.6439361572265625
-6.118263244628906
-5.233442306518555
-0.7613706588745117
-0.843726396560669
-8.937060356140137
-3.9569451808929443
-6.998280048370361
-0.7123609185218811
-6.309719085693359
-21.770328521728516
-1.4351444244384766
-5.563257217407227
-2.6385371685028076
-1.8149369955062866
-1.2312963008880615
-11.807049751281738
-5.502580165863037
-7.163506031036377
-0.9729549288749695
-2.380202293395996
-4.915520668029785
-4.275662422180176
-7.4451212882995605
-3.508349895477295
-5.10026216506958
-1.7533204555511475
-0.05574845150113106
-3.021866798400879
-3.583282470703125
-0.9393764734268188
-4.157637596130371
-1.5344191789627075
-1.6064248085021973
-8.131165504455566
-1.4374499320983887
-2.8224480152130127
-2.4131321907043457
-4.227304458618164
-4.461683750152588
-3.527825355529785
-5.623841762542725
-5.439456939697266
-9.383657455444336
-11.785845756530762
-12.034034729003906
-15.208586692810059
-10.20468807220459
-12.000513076782227
-10.925518989562988
-3.926344394683838
-1.5687850713729858
-3.8455002307891846
-1.9513343572616577
-1.3651379346847534
-0.6981777548789978
-13.703401565551758
-3.01790189743042
-5.302678108215332
-5.839001655578613
-1.514725685119629
-3.882894515991211
-2.682921886444092
-2.872971773147583
-1.863494873046875
-1.732933759689331
-3.1574478149414062
-1.371415376663208
-6.718193531036377
-0.9009485244750977
-2.028914451599121
-6.733428478240967
-6.311729907989502
-8.331360816955566
-3.543828248977661
-1.5100759267807007
-3.7440857887268066
-2.9501121044158936
-1.732933759689331
-3.1574478149414062
-1.4441241025924683
-0.32325494289398193
-1.4090958833694458
-1.302432894706726
-4.546948432922363
-7.971570014953613
-4.451812267303467
-1.0616824626922607
-6.286265850067139
-6.952213287353516
-1.8623754978179932
-1.6539392471313477
-6.278557300567627
-2.863278388977051
-3.442612648010254
-4.567934989929199
-1.183660626411438
-3.9847962856292725
-8.416239738464355
-2.458327293395996
-5.816551685333252
-1.850391149520874
-10.311351776123047
-11.026382446289062
-6.394366264343262
-9.79802131652832
-5.751819610595703
-1.7795308828353882
-6.631513595581055
-1.962093472480774
-7.542936325073242
-6.385685920715332
-2.96058988571167
-11.605730056762695
-0.34382858872413635
-0.649629533290863
-3.362794876098633
-7.30388879776001
-5.77628755569458
-5.008470058441162
-6.931600570678711
-2.054699659347534
-3.8463947772979736
-1.8269487619400024
-0.508125364780426
-5.066929817199707
-3.143601417541504
-7.221914291381836
-6.245672225952148
-3.4244384765625
-5.637284755706787
-5.756489276885986
-10.752331733703613
-0.9606080651283264
-4.675329208374023
-3.549844980239868
-9.446883201599121
-7.198826313018799
-3.2552621364593506
-7.578866958618164
-2.3162643909454346
-4.620073318481445
-2.4128518104553223
-5.233918190002441
-10.398694038391113
-3.2135941982269287
-4.989563465118408
-15.585965156555176
-4.727738380432129
-4.046386241912842
-4.633796215057373
-1.5450928211212158
-2.6080501079559326
-2.317291736602783
-0.7358871698379517
-1.4891560077667236
-3.5902488231658936
-2.181574821472168
-7.784187316894531
-5.148866653442383
-4.349170684814453
-4.965171813964844
-6.2868332862854
-7.034722328186035
-2.2743334770202637
-3.571054458618164
-9.911947250366211
-8.76806354522705
-4.965171813964844
-2.1606647968292236
-7.028951168060303
-5.008470058441162
-6.931600570678711
-7.560656547546387
-2.862302541732788
-3.62947154045105
-0.7613707780838013
-0.8437263369560242
-8.937060356140137
-2.9277210235595703
-0.3683510422706604
-3.805199146270752
-2.210005283355713
-3.9046177864074707
-0.6939691305160522
-6.219884872436523
-2.4346776008605957
-2.2012288570404053
-3.5026938915252686
-0.6347231268882751
-1.7057956457138062
-2.745943784713745
-3.6248202323913574
-1.9284640550613403
-5.386964321136475
-2.6235873699188232
-2.9639365673065186
-5.768885612487793
-1.943333625793457
-1.2511184215545654
-2.458327293395996
-2.8671462535858154
-2.8674538135528564
-1.7959651947021484
-2.107515335083008
-5.527557373046875
-2.0338709354400635
-1.7221742868423462
-2.038956880569458
-4.322165489196777
-1.9620939493179321
-4.197279930114746
-2.9546914100646973
-5.0163350105285645
-0.26506707072257996
-5.536956787109375
-2.9197492599487305
-2.458327293395996
-2.378852128982544
-3.1883761882781982
-0.6687390208244324
-4.160627365112305
-4.216399669647217
-1.9971346855163574
-4.965865612030029
-3.940337896347046
-1.7612323760986328
-4.783827304840088
-3.0313117504119873
-3.7570061683654785
-2.8818302154541016
-5.971452713012695
-3.3485496044158936
-2.625562906265259
-0.7556601762771606
-2.380202054977417
-2.6425695419311523
-1.795387864112854
-3.2378721237182617
-7.94387674331665
-0.5540614128112793
-0.22276563942432404
-5.914005279541016
-2.380202293395996
-11.747118949890137
-2.261624574661255
-6.270688533782959
-1.9620935916900635
-4.1432414054870605
-11.024091720581055
-3.862499713897705
-8.451454162597656
-5.77628755569458
-5.008470058441162
-6.931600570678711
-2.054699659347534
-5.4401702880859375
-9.841137886047363
-2.4611258506774902
-3.543516159057617
-4.439211368560791
-2.9264626502990723
-3.467954397201538
-5.3939433097839355
-7.3926544189453125
-6.675905227661133
-11.0663423538208
-6.873437881469727
-1.8613901138305664
-2.092310905456543
-7.458586692810059
-3.6785356998443604
-4.494137763977051
-2.625562906265259
-0.7556600570678711
-2.458327293395996
-0.6687390804290771
-3.27432918548584
-2.305372714996338
-5.416685104370117
-1.9620935916900635
-2.164865016937256
-5.06960391998291
-1.3248440027236938
-1.5336463451385498
-3.272592544555664
-1.429938554763794
-3.311065435409546
-4.544944763183594
-1.3642592430114746
-2.8714599609375
-6.242969036102295
-9.42348575592041
-3.008470058441162
-4.018979549407959
-2.054699659347534
-3.7509243488311768
-1.8184387683868408
-10.407496452331543
-2.322277307510376
-0.36658668518066406
-13.432882308959961
-1.2273404598236084
-0.7583515048027039
-6.777130126953125
-0.9284592270851135
-2.7325422763824463
-1.0044634342193604
-1.8811594247817993
-2.943777084350586
-6.888139247894287
-1.3775684833526611
-0.8714947700500488
-2.096647024154663
-6.974695205688477
-4.272128105163574
-5.089591026306152
-2.7170209884643555
-7.424661636352539
-5.519802093505859
-7.26814079284668
-2.054699659347534
-2.107515335083008
-1.9620939493179321
-2.6849167346954346
-3.545382499694824
-2.4142329692840576
-4.139491081237793
-1.7939667701721191
-5.602486610412598
-3.635197401046753
-1.629626989364624
-6.142442226409912
-3.5476036071777344
-6.118263244628906
-3.929934024810791
-6.931600570678711
-2.054699659347534
-3.750924825668335
-6.705595016479492
-9.619458198547363
-5.747677803039551
-10.347040176391602
-3.8498449325561523
-6.931600570678711
-6.14266300201416
-2.4012258052825928
-5.11593770980835
-1.5440824031829834
-5.119081974029541
-3.6505584716796875
-7.179375171661377
-3.255887269973755
-2.605147123336792
-0.005641728173941374
-9.25310230255127
-6.038522720336914
-7.2326507568359375
-3.548900842666626
-1.2930388450622559
-1.1256177425384521
-6.841044902801514
-2.7535343170166016
-5.519802093505859
-7.26814079284668
-6.096035957336426
-0.9780784845352173
-8.214942932128906
-4.707675457000732
-5.971452713012695
-3.3485498428344727
-6.935026168823242
-0.034037020057439804
-2.625562906265259
-1.7732651233673096
-0.1894005686044693
-1.354236125946045
-2.95408034324646
-10.813309669494629
-0.343828409910202
-2.940110683441162
-4.089519500732422
-13.827384948730469
-5.519802093505859
-6.931601047515869
-2.054699659347534
-2.091890573501587
-6.305993556976318
-2.7600038051605225
-6.092380523681641
-8.620073318481445
-5.542722702026367
-5.62069845199585
-2.0301785469055176
-1.6896705627441406
-4.116939067840576
-4.863306999206543
-3.878955602645874
-3.899174213409424
-7.30388879776001
-5.77628755569458
-1.5936288833618164
-1.8419219255447388
-1.7128164768218994
-0.4988245368003845
-3.3120241165161133
-0.7589430212974548
-3.5646920204162598
-7.90070104598999
-3.8853652477264404
-2.311460256576538
-2.835320234298706
-3.093142509460449
-4.0721917152404785
-11.125986099243164
-2.4227380752563477
-0.9289604425430298
-8.43242359161377
-1.4482181072235107
-2.1294260025024414
-6.377284049987793
-9.368027687072754
-6.118263244628906
-2.8368239402770996
-5.2766547203063965
-5.348794460296631
-7.621987342834473
-5.519802093505859
-7.26814079284668
-2.0546998977661133
-1.679553747177124
-2.000901460647583
-4.58974552154541
-1.2778807878494263
-3.767857074737549
-3.55796217918396
-5.586289882659912
-3.145146369934082
-5.040002822875977
-2.0328569412231445
-1.7933467626571655
-5.372560501098633
-1.5982484817504883
-4.704461097717285
-4.209140777587891
-6.118263244628906
-3.9569454193115234
-6.919874668121338
-6.054105758666992
-2.107515335083008
-3.4141318798065186
-2.770232677459717
-7.188663005828857
-3.010838508605957
-3.324370861053467
-1.7883431911468506
-2.339526414871216
-0.6248478293418884
-4.082943916320801
-3.666494846343994
-1.5862030982971191
-1.0259215831756592
-5.377946853637695
-5.612926006317139
-4.796585559844971
-5.141162395477295
-1.6021273136138916
-2.350093126296997
-2.01945161819458
-7.30388879776001
-5.77628755569458
-1.9333847761154175
-2.8332865238189697
-10.362573623657227
-2.380202054977417
-0.013010729104280472
-2.4611258506774902
-0.7050584554672241
-1.143911361694336
-1.56194269657135
-2.264162302017212
-1.0533525943756104
-6.901186943054199
-3.62947154045105
-0.7613705396652222
-0.8437262177467346
-8.937060356140137
-3.4796833992004395
-2.4030637741088867
-8.644511222839355
-3.107481002807617
-2.804649829864502
-3.093142509460449
-3.4264891147613525
-5.200840950012207
-2.0861732959747314
-6.943748474121094
-6.118263244628906
-7.859822750091553
-0.042938247323036194
-1.4183374643325806
-2.2459359169006348
-2.483769416809082
-0.31361714005470276
-0.7351247668266296
-3.016092300415039
-4.43715763092041
-0.8437263369560242
-8.937060356140137
-5.519802093505859
-7.2681403160095215
-4.482332706451416
-2.863278388977051
-10.36141300201416
-7.394169807434082
-1.6434067487716675
-0.5557456612586975
-6.6502838134765625
-8.791728019714355
-1.951804757118225
-0.680334746837616
-3.794459342956543
-1.7932584285736084
-0.6803349852561951
-7.095189094543457
-0.902255654335022
-3.539184331893921
-6.118263244628906
-2.4739582538604736
-4.929352760314941
-0.9631936550140381
-2.5433292388916016
-7.656842231750488
-0.6429458856582642
-6.1429219245910645
-5.77628755569458
-5.519802093505859
-7.2681403160095215
-4.482332706451416
-0.018504606559872627
-4.941798686981201
-2.091890335083008
-0.29908233880996704
-4.882411003112793
-2.2526395320892334
-3.114504814147949
-3.777543067932129
-1.8595033884048462
-3.126887798309326
-8.384795188903809
-3.2096073627471924
-1.6470060348510742
-2.3512580394744873
-5.808957099914551
-7.776074409484863
-10.93613338470459
-2.1717214584350586
-5.069304943084717
-3.1554512977600098
-5.77628755569458
-4.872309684753418
-6.91987419128418
-1.575908899307251
-2.86327862739563
-2.2690281867980957
-5.877082824707031
-0.23060522973537445
-9.071231842041016
-2.232344388961792
-1.7741928100585938
-5.847970485687256
-1.672354817390442
-2.7893548011779785
-3.804852247238159
-4.219240188598633
-2.2882745265960693
-0.8693868517875671
-2.758887767791748
-0.27403223514556885
-1.9768885374069214
-1.9620935916900635
-2.6302692890167236
-1.4212591648101807
-1.45303475856781
-5.519802093505859
-7.26814079284668
-2.6638708114624023
-1.8344348669052124
-4.482332706451416
-2.000901699066162
-3.4684247970581055
-2.609198808670044
-13.429534912109375
-3.0339794158935547
-9.539523124694824
-1.8232060670852661
-4.607186317443848
-11.95344352722168
-5.695786476135254
-7.645050048828125
-6.142922401428223
-7.621987342834473
-2.628840208053589
-0.9574906826019287
-3.0944697856903076
-0.791648805141449
-3.722621202468872
-4.514712333679199
-4.376346111297607
-3.289322853088379
-5.382081985473633
-8.736855506896973
-1.9621634483337402
-2.7010765075683594
-6.629578113555908
-2.0984668731689453
-1.8247947692871094
-3.807821273803711
-3.62947154045105
-4.43715763092041
-0.8437262177467346
-3.54150652885437
-1.7200531959533691
-0.6647489070892334
-1.3034496307373047
-3.5466318130493164
-2.380202054977417
-4.8371100425720215
-2.091890335083008
-5.9130539894104
-4.541496753692627
-2.4611260890960693
-3.1554839611053467
-3.6228127479553223
-3.450820207595825
-5.641604900360107
-1.906334638595581
-2.380202293395996
-2.684536933898926
-3.0669374465942383
-6.1429219245910645
-7.621987342834473
-2.0245656967163086
-3.1574478149414062
-2.095824718475342
-2.730090856552124
-2.068377733230591
-5.006728649139404
-7.176573753356934
-2.201456069946289
-2.721680164337158
-6.908219814300537
-8.669011116027832
-2.203627586364746
-1.5094945430755615
-6.489628791809082
-4.882929801940918
-2.5148720741271973
-5.519802093505859
-6.931600570678711
-2.054699659347534
-3.328047275543213
-7.202561855316162
-4.269640922546387
-3.102949857711792
-4.567298412322998
-7.983891010284424
-6.538616180419922
-7.439245700836182
-5.634401798248291
-6.684299945831299
-5.903028964996338
-2.422875165939331
-10.833040237426758
-5.519802093505859
-5.64444637298584
-1.4484416246414185
-2.107515335083008
-3.3583173751831055
-5.361396789550781
-1.4672926664352417
-4.872309684753418
-2.0623044967651367
-3.2888903617858887
-2.380202293395996
-2.8671464920043945
-2.041022300720215
-2.091890335083008
-12.379664421081543
-2.4611258506774902
-0.44014501571655273
-3.7602834701538086
-2.479626178741455
-1.3221642971038818
-2.586294174194336
-6.219302654266357
-7.0684123039245605
-8.094058990478516
-4.594027996063232
-0.5742155313491821
-1.1139200925827026
-2.138570785522461
-6.1429219245910645
-7.621987342834473
-5.519802093505859
-6.931600570678711
-2.0546998977661133
-3.2861738204956055
-4.075672149658203
-0.9606083631515503
-0.6460398435592651
-3.5498452186584473
-2.7639920711517334
-3.4593114852905273
-6.1429219245910645
-7.621987342834473
-3.8498449325561523
-5.516141891479492
-2.054699659347534
-3.7841594219207764
-3.027340888977051
-2.7700624465942383
-2.43949556350708
-3.0242931842803955
-4.003076076507568
-0.8783804774284363
-5.971452713012695
-3.3485496044158936
-3.9569451808929443
-7.2681403160095215
-2.0546998977661133
-2.965183734893799
-4.579390048980713
-1.322245717048645
-4.072992324829102
-2.0163536071777344
-2.317749261856079
-3.3506758213043213
-5.502580165863037
-7.578866958618164
-6.906611919403076
-2.471726894378662
-4.721786975860596
-3.300327777862549
-4.200031280517578
-2.380202293395996
-4.237300872802734
-0.6578920483589172
-5.194011688232422
-6.555914402008057
-3.5584957599639893
-2.293801784515381
-4.394801616668701
-8.592021942138672
-3.300327777862549
-3.62947154045105
-0.7613705396652222
-0.8437262177467346
-8.937060356140137
-3.929933786392212
-6.931600570678711
-2.054699659347534
-3.2861742973327637
-4.618089199066162
-0.9606081247329712
-0.6460399627685547
-3.608691692352295
-2.7639918327331543
-5.526491641998291
-6.345058441162109
-3.929934024810791
-6.931600570678711
-2.054699659347534
-3.2861740589141846
-12.804945945739746
-1.4596657752990723
-4.524197578430176
-3.10588002204895
-7.30388879776001
-5.77628755569458
-5.519802093505859
-7.26814079284668
-2.054699659347534
-4.051121234893799
-6.117036819458008
-6.454009532928467
-1.236090898513794
-2.436310052871704
-3.0048441886901855
-3.5895256996154785
-3.929933547973633
-6.931601047515869
-2.054699659347534
-3.2861738204956055
-6.976243019104004
-3.738717794418335
-0.3916287422180176
-4.366054534912109
-5.282224178314209
-3.9529953002929688
-3.1554510593414307
-5.77628755569458
-3.6032474040985107
-2.8724002838134766
-0.40739497542381287
-14.797202110290527
-5.647232532501221
-1.3690431118011475
-5.519802093505859
-6.931600570678711
-2.054699420928955
-4.29661226272583
-1.124057650566101
-6.370426177978516
-6.375519275665283
-6.250596046447754
-7.895381927490234
-11.018826484680176
-0.9125416278839111
-9.740087509155273
-5.502580165863037
-8.39348030090332
-4.330978870391846
-3.638731002807617
-3.443744421005249
-2.094332218170166
-2.2266290187835693
-6.980459213256836
-4.965171813964844
-6.580591678619385
-7.034722328186035
-3.929933786392212
-6.931600570678711
-2.054699420928955
-2.44364857673645
-4.020253658294678
-5.03329610824585
-10.374528884887695
-9.083600044250488
-5.536163330078125
-7.247976303100586
-5.40593957901001
-3.532442092895508
-1.226287603378296
-1.9620935916900635
-4.568859100341797
-5.4661664962768555
-0.013010729104280472
-2.9719607830047607
-5.887598037719727
-5.00847053527832
-6.931600570678711
-2.054699659347534
-4.788148403167725
-9.192294120788574
-4.086865425109863
-2.698509693145752
-10.493714332580566
-6.5611701011657715
-4.0931267738342285
-5.680909633636475
-7.354222297668457
-7.0635857582092285
-1.9047060012817383
-3.0315895080566406
-8.502714157104492
-1.9951019287109375
-2.4638607501983643
-0.7613706588745117
-5.502580165863037
-3.4843740463256836
-1.017732858657837
-10.37041187286377
-1.8366422653198242
-0.6772271394729614
-3.923638105392456
-6.118263244628906
-2.3339667320251465
-7.0976104736328125
-4.965171813964844
-7.492713928222656
-6.821264743804932
-3.9569454193115234
-7.111697196960449
-2.054699420928955
-2.2189576625823975
-1.2398700714111328
-4.56996488571167
-4.057078838348389
-5.7802414894104
-4.379117965698242
-3.929933786392212
-6.931600570678711
-4.419539451599121
-0.8426488041877747
-4.63743257522583
-1.6500751972198486
-1.0921465158462524
-4.738857746124268
-0.013010729104280472
-3.3862063884735107
-2.0353734493255615
-7.4179863929748535
-7.595519065856934
-0.6857478022575378
-3.42604923248291
-5.519802093505859
-6.931600570678711
-2.054699659347534
-3.0634243488311768
-9.134086608886719
-6.047496795654297
-2.9264626502990723
-3.467954397201538
-6.077041149139404
-3.4791316986083984
-10.328856468200684
-4.746218204498291
-5.013214111328125
-6.873438835144043
-10.181740760803223
-5.519802093505859
-7.2681403160095215
-2.1115329265594482
-6.243016242980957
-0.7139407396316528
-3.485069990158081
-6.59807825088501
-4.147177219390869
-8.318025588989258
-11.082460403442383
-4.879204750061035
-1.3487989902496338
-2.332768201828003
-2.2399373054504395
-10.059086799621582
-3.296017646789551
-4.3791184425354
-5.146658897399902
-7.26814079284668
-2.054699659347534
-1.437457799911499
-2.4125499725341797
-8.289450645446777
-0.5357102155685425
-8.862621307373047
-0.9619702100753784
-4.978947639465332
-3.0652358531951904
-1.940708875656128
-1.7612323760986328
-2.501528263092041
-12.346206665039062
-5.971452713012695
-3.3485498428344727
-3.926344633102417
-6.919874668121338
-1.6202189922332764
-4.599333763122559
-2.458327293395996
-9.727046966552734
-1.3726472854614258
-5.033238887786865
-6.874657154083252
-3.4138479232788086
-7.562638759613037
-4.975987911224365
-4.9382171630859375
-7.179375171661377
-3.255887508392334
-3.9569451808929443
-6.6709113121032715
-2.11153244972229
-0.668738842010498
-2.9039394855499268
-4.896113872528076
-2.2957725524902344
-1.8463895320892334
-5.562407493591309
-4.403066635131836
-3.2694931030273438
-2.116370677947998
-2.4619345664978027
-2.9993605613708496
-3.451206684112549
-2.3818416595458984
-12.941329002380371
-4.751418113708496
-3.9569451808929443
-7.2681403160095215
-2.0546998977661133
-2.2244975566864014
-3.564610719680786
-3.18693208694458
-4.156303405761719
-2.0424723625183105
-4.1100006103515625
-2.5423285961151123
-1.7126595973968506
-3.5119707584381104
-0.7613707780838013
-0.8437263369560242
-8.741349220275879
-3.2552618980407715
-3.142770767211914
-4.142561912536621
-1.6121381521224976
-5.0074028968811035
-4.391566753387451
-13.47669506072998
-9.27560806274414
-5.732688903808594
-1.0107718706130981
-4.92010498046875
-1.9610753059387207
-7.121463298797607
-5.969406604766846
-3.219067335128784
-1.6556990146636963
-2.4935858249664307
-5.688808441162109
-4.965171813964844
-7.492713928222656
-6.821264743804932
-4.106745719909668
-2.688119649887085
-2.6036219596862793
-5.519802093505859
-6.931600570678711
-2.054699420928955
-5.177546501159668
-2.291640281677246
-11.904583930969238
-4.247254371643066
-2.143933057785034
-5.067648410797119
-2.3023712635040283
-7.702125072479248
-8.020713806152344
-7.81254243850708
-1.847978115081787
-12.547995567321777
-2.3848443031311035
-6.446481704711914
-1.7069981098175049
-3.1554512977600098
-5.77628755569458
-3.2552621364593506
-7.578866958618164
-2.380202293395996
-2.522958517074585
-5.823256969451904
-1.9738438129425049
-1.8187196254730225
-7.117053985595703
-6.318752765655518
-4.10507869720459
-5.688808441162109
-6.118263244628906
-6.27402400970459
-2.7208385467529297
-4.965171813964844
-2.1606647968292236
-6.821264743804932
-5.008470058441162
-6.931601047515869
-2.054699659347534
-6.226930618286133
-4.788148403167725
-4.4737868309021
-0.9762162566184998
-7.891268730163574
-15.254645347595215
-10.642828941345215
-10.294370651245117
-10.826848030090332
-6.142922401428223
-7.621987342834473
-10.771034240722656
-3.926344394683838
-2.062304735183716
-1.0377562046051025
-2.380202054977417
-1.1619727611541748
-2.380202293395996
-7.2962493896484375
-5.291208267211914
-3.8354620933532715
-2.091890335083008
-2.138570785522461
-6.1429219245910645
-7.621987342834473
-5.519802093505859
-6.931600570678711
-2.0546998977661133
-5.166937828063965
-7.240316390991211
-0.9606081247329712
-0.6460398435592651
-3.5498452186584473
-2.7639920711517334
-7.443439483642578
-6.1429219245910645
-7.621987342834473
-1.666015863418579
-6.401623725891113
-3.467954397201538
-6.052555561065674
-4.424286365509033
-2.0984673500061035
-5.233442306518555
-0.7613706588745117
-0.8437263369560242
-8.766130447387695
-5.519802093505859
-6.913851737976074
-2.054699420928955
-4.590956687927246
-4.267810821533203
-2.074899911880493
-0.635184109210968
-3.381044626235962
-8.78736686706543
-5.784459114074707
-1.923944354057312
-4.069528102874756
-4.498385429382324
-5.097692489624023
-5.859466552734375
-5.495774269104004
-3.9282093048095703
-3.2580623626708984
-2.396436929702759
-0.6440516114234924
-6.142922401428223
-7.621987342834473
-3.9569451808929443
-7.26814079284668
-3.317009925842285
-9.791747093200684
-5.045131206512451
-5.795577049255371
-5.0609612464904785
-4.505884170532227
-0.6776778101921082
-3.2552621364593506
-2.948030710220337
-2.485607147216797
-6.1113667488098145
-2.912710189819336
-3.4890050888061523
-7.973200798034668
-2.5811357498168945
-3.3707406520843506
-3.4835259914398193
-5.1140947341918945
-4.965171813964844
-2.1606645584106445
-6.821264743804932
-3.8498449325561523
-6.931600570678711
-2.054699659347534
-5.77628755569458
-5.519802093505859
-6.931600570678711
-2.0546998977661133
-0.8347759246826172
-3.3336293697357178
-4.920048236846924
-0.9125416874885559
-8.926531791687012
-1.6579936742782593
-3.2051215171813965
-1.707362174987793
-5.114095211029053
-6.1429219245910645
-7.621987342834473
-2.4701907634735107
-0.6108429431915283
-2.380202293395996
-1.7116323709487915
-4.308492660522461
-2.9294748306274414
-2.8417279720306396
-2.697173595428467
-11.520426750183105
-2.8685202598571777
-1.417928695678711
-1.0011355876922607
-0.34785526990890503
-2.2567715644836426
-2.571390390396118
-2.859910249710083
-5.971088409423828
-4.607186317443848
-2.816133737564087
-4.965171813964844
-15.316472053527832
-6.82126522064209
-2.9598944187164307
-4.978524208068848
-2.3711888790130615
-1.1606416702270508
-5.765097618103027
-3.708649158477783
-5.971452236175537
-3.3485498428344727
-3.8498449325561523
-6.931600570678711
-2.0546998977661133
-2.740955114364624
-1.3190269470214844
-4.449682235717773
-4.713844299316406
-4.736894607543945
-3.467954397201538
-2.6844141483306885
-3.5941505432128906
-3.290534734725952
-1.4810528755187988
-2.0327694416046143
-1.582888126373291
-6.462571620941162
-2.4641411304473877
-3.9996094703674316
-5.728870868682861
-2.374505043029785
-5.971452713012695
-3.3485498428344727
-9.369100570678711
-4.629951000213623
-3.8498446941375732
-6.931600570678711
-2.0546998977661133
-3.2861738204956055
-2.0253024101257324
-3.1030921936035156
-4.736894130706787
-2.343371868133545
-2.6844139099121094
-3.5941503047943115
-4.46863317489624
-5.384371280670166
-4.391795635223389
-5.391171932220459
-8.65291690826416
-5.971452236175537
-3.3485498428344727
-5.519802093505859
-7.26814079284668
-2.082319736480713
-9.55297565460205
-2.382223129272461
-0.6294909715652466
-5.748683929443359
-7.608489036560059
-4.549787998199463
-4.076756954193115
-7.041921138763428
-0.6194668412208557
-2.4794788360595703
-5.233442306518555
-0.7613705396652222
-0.8437262177467346
-8.457154273986816
-5.519802093505859
-6.931601047515869
-1.903063178062439
-6.526222229003906
-3.5415430068969727
-2.5435609817504883
-2.622635841369629
-1.11440110206604
-3.0373847484588623
-1.4506741762161255
-1.114986777305603
-2.480834722518921
-1.3413060903549194
-3.2191107273101807
-0.9125416874885559
-1.7529820203781128
-4.300564289093018
-1.7812079191207886
-6.446481227874756
-0.528986930847168
-5.971452713012695
-3.3485498428344727
-3.9569454193115234
-7.2681403160095215
-2.182936906814575
-4.2588791847229
-2.6726155281066895
-3.5830721855163574
-4.464870929718018
-1.0909892320632935
-3.4136834144592285
-5.82674503326416
-1.8831202983856201
-3.5119705200195312
-0.7613706588745117
-0.8437263369560242
-8.741349220275879
-5.00847053527832
-6.931600570678711
-2.054699659347534
-3.6626665592193604
-2.107515335083008
-3.5460445880889893
-1.7369943857192993
-0.013010610826313496
-4.349352836608887
-5.264389514923096
-4.13722038269043
-2.525299310684204
-2.19844388961792
-2.0508532524108887
-3.6016669273376465
-3.0393154621124268
-3.4301772117614746
-7.443439483642578
-5.351894855499268
-5.971452713012695
-3.3485498428344727
-4.012292385101318
-1.4451298713684082
-1.0044633150100708
-3.0747931003570557
-6.21430778503418
-0.8249717354774475
-0.6518421769142151
-1.7966375350952148
-7.513901710510254
-3.1100306510925293
-2.0795326232910156
-1.994509220123291
-3.772986650466919
-3.9525644779205322
-2.225069284439087
-3.9513099193573
-2.836940288543701
-4.4434895515441895
-1.5622930526733398
-8.885055541992188
-2.093064546585083
-3.5119707584381104
-0.7613705396652222
-0.8437262177467346
-8.741349220275879
-3.8498449325561523
-6.931600570678711
-2.054699659347534
-4.583953857421875
-2.6724677085876465
-2.5073628425598145
-8.017765998840332
-2.5313050746917725
-6.72128963470459
-7.163506507873535
-6.755369186401367
-2.7195065021514893
-8.51082992553711
-4.965171813964844
-6.580591678619385
-6.80745267868042
-3.9569451808929443
-7.2681403160095215
-2.0546998977661133
-2.3438057899475098
-1.1846115589141846
-5.516380310058594
-0.9984421730041504
-3.1245436668395996
-3.5119705200195312
-0.7613706588745117
-0.843726396560669
-8.741349220275879
-3.8498449325561523
-6.931600570678711
-2.054699420928955
-2.671865463256836
-2.451066732406616
-0.9393765926361084
-3.119204044342041
-3.799915313720703
-4.250406265258789
-5.192319393157959
-3.929934024810791
-6.931600570678711
-2.0546998977661133
-3.2861735820770264
-1.8441399335861206
-4.690951824188232
-3.783219337463379
-3.9921021461486816
-5.488462924957275
-3.417069911956787
-2.9528303146362305
-5.688808441162109
-5.971452713012695
-3.3485496044158936
-5.519802093505859
-6.931600570678711
-2.054699659347534
-3.7875189781188965
-4.812591075897217
-1.3496413230895996
-1.9566364288330078
-6.652222633361816
-5.519802093505859
-7.2681403160095215
-2.0546998977661133
-4.154040336608887
-6.592101097106934
-2.6187455654144287
-2.5373482704162598
-5.764690399169922
-4.815832138061523
-7.8445515632629395
-2.1075150966644287
-3.9724764823913574
-4.119072914123535
-2.0299012660980225
-2.7203803062438965
-4.532159805297852
-3.6234216690063477
-10.882078170776367
-4.962680816650391
-1.3637301921844482
-5.146658420562744
-7.2681403160095215
-9.20500659942627
-1.5808143615722656
-5.519802093505859
-6.931600570678711
-2.0546998977661133
-0.9221143126487732
-4.844533920288086
-3.4265849590301514
-3.121756076812744
-3.7734737396240234
-7.537614822387695
-2.4414379596710205
-3.0654101371765137
-1.9019248485565186
-2.107515335083008
-1.9620938301086426
-0.7017142176628113
-3.4684722423553467
-6.058228492736816
-0.035818230360746384
-3.287899971008301
-2.385554313659668
-0.8838549852371216
-4.420194625854492
-2.0308730602264404
-1.5918781757354736
-2.0415565967559814
-5.502580165863037
-6.864419460296631
-1.234772801399231
-2.654714584350586
-2.010817289352417
-2.6537632942199707
-3.6683552265167236
-0.7191013097763062
-5.688808441162109
-4.494137763977051
-4.965171813964844
-6.580591678619385
-3.8967771530151367
-5.519802093505859
-6.931600570678711
-2.054699659347534
-6.912049770355225
-3.1972296237945557
-6.396552085876465
-0.9606083631515503
-4.675329208374023
-4.229457855224609
-1.6699435710906982
-6.851642608642578
-7.636165142059326
-6.026254653930664
-5.7212677001953125
-2.06268310546875
-5.971452713012695
-3.3485498428344727
-5.519802093505859
-7.2681403160095215
-2.0546998977661133
-4.148667812347412
-8.382566452026367
-4.165037155151367
-2.9182443618774414
-1.973992109298706
-2.31122088432312
-6.0790839195251465
-4.379117965698242
-4.386332035064697
-5.502580165863037
-7.578866958618164
-2.902590274810791
-2.994475841522217
-5.131099700927734
-1.4148240089416504
-2.458327054977417
-2.395310878753662
-4.6649169921875
-4.494137763977051
-4.965171813964844
-6.580591678619385
-4.835470199584961
-2.9598941802978516
-6.998280048370361
-1.1085832118988037
-5.949280738830566
-1.873498558998108
-4.860624313354492
-2.9260611534118652
-5.764690399169922
-5.971452713012695
-3.3485498428344727
-5.502580165863037
-3.2607812881469727
-2.9944756031036377
-3.7201921939849854
-5.360733509063721
-5.360276222229004
-2.8131377696990967
-3.1144461631774902
-2.5266594886779785
-1.894463300704956
-4.012292385101318
-2.824979782104492
-2.962844133377075
-2.008094310760498
-6.052515983581543
-9.101828575134277
-13.561516761779785
-4.756114959716797
-1.4238264560699463
-2.203024387359619
-5.502580165863037
-7.578866958618164
-1.0177326202392578
-2.5262794494628906
-2.6367077827453613
-2.9015369415283203
-8.404278755187988
-2.166588306427002
-1.1403179168701172
-6.580591678619385
-4.520536422729492
-4.012292385101318
-1.6414905786514282
-2.3711888790130615
-5.351876735687256
-4.375638961791992
-1.6014142036437988
-5.128142356872559
-1.5100761651992798
-4.872309684753418
-3.3650624752044678
-1.885317087173462
-3.098775863647461
-2.9081599712371826
-7.699621200561523
-1.9715936183929443
-4.303761959075928
-1.1640048027038574
-2.447780132293701
-3.5392730236053467
-2.214918375015259
-2.900477886199951
-3.6713881492614746
-4.443174362182617
-2.717784881591797
-1.7250604629516602
-8.619852066040039
-2.7050771713256836
-2.564589738845825
-2.1626956462860107
-5.1140947341918945
-2.997727394104004
-3.7734735012054443
-5.480001926422119
-5.345611572265625
-2.731752634048462
-2.1075150966644287
-8.904187202453613
-2.900477886199951
-4.140915870666504
-1.8702332973480225
-2.690446376800537
-5.099898815155029
-4.425295829772949
-6.436457633972168
-0.9502573013305664
-1.1099016666412354
-6.299045085906982
-2.68159556388855
-0.9220066070556641
-1.4868961572647095
-4.037418842315674
-4.95488977432251
-0.39747604727745056
-3.2250211238861084
-4.580504417419434
-4.6777238845825195
-6.775343894958496
-11.845833778381348
-9.243459701538086
-1.4148242473602295
-1.1403179168701172
-6.580591678619385
-4.52053689956665
-3.926344394683838
-9.900449752807617
-2.091890335083008
-7.435664653778076
-1.632073998451233
-2.0765528678894043
-5.348863124847412
-2.4358487129211426
-1.5918781757354736
-2.091890335083008
-5.502580165863037
-7.163506031036377
-1.3915908336639404
-3.999269485473633
-3.679602861404419
-2.2490530014038086
-3.3753268718719482
-3.1037821769714355
-1.5314229726791382
-1.8940746784210205
-1.2938610315322876
-1.7180172204971313
-1.1403179168701172
-6.580591678619385
-4.52053689956665
-0.0400715135037899
-7.26814079284668
-2.1115329265594482
-0.4899134635925293
-0.7194872498512268
-2.1651532649993896
-11.384929656982422
-5.062456130981445
-2.1281728744506836
-7.163506507873535
-0.1894005686044693
-7.4349045753479
-11.217757225036621
-11.442136764526367
-6.821264743804932
-5.519802093505859
-7.2681403160095215
-2.054699420928955
-4.243124961853027
-6.193789005279541
-3.9569451808929443
-7.2681403160095215
-0.45539936423301697
-1.9086298942565918
-2.6164112091064453
-2.091644048690796
-5.793201446533203
-0.11224755644798279
-6.87800407409668
-2.547175407409668
-0.7545045018196106
-3.419260025024414
-8.039165496826172
-2.6109330654144287
-7.919588088989258
-3.078742504119873
-3.5739493370056152
-5.301846981048584
-2.5618085861206055
-0.2996535301208496
-1.389394760131836
-4.282138824462891
-2.4682798385620117
-7.823495864868164
-4.202615737915039
-2.418891429901123
-1.1496597528457642
-1.2039484977722168
-0.36934325098991394
-2.418890953063965
-5.136579513549805
-1.287958025932312
-5.029499530792236
-0.5302808284759521
-6.36843729019165
-3.9124224185943604
-2.568063735961914
-1.049149513244629
-1.9086297750473022
-2.4856133460998535
-4.526559352874756
-1.320192575454712
-3.3702330589294434
-0.438645601272583
-0.5938118100166321
-5.740662574768066
-2.811798334121704
-2.450831890106201
-3.5323240756988525
-3.359610080718994
-1.4780744314193726
-0.6442126035690308
-1.7733548879623413
-1.3349013328552246
-1.2175445556640625
-2.638965129852295
-2.290132522583008
-1.7566453218460083
-1.049149751663208
-1.9086300134658813
-2.2470457553863525
-0.013010729104280472
-2.201137065887451
-2.9537904262542725
-5.505181789398193
-8.74446964263916
-1.0936675071716309
-0.3438281714916229
-0.1760130524635315
-3.8089966773986816
-1.4579577445983887
-0.12387610971927643
-0.6687391400337219
-3.8089966773986816
-2.3512518405914307
-1.6772339344024658
-0.23250511288642883
-0.0806119292974472
-2.773923397064209
-0.6589078307151794
-0.2311752885580063
-2.285604238510132
-0.051958899945020676
-2.0857582092285156
-4.429445743560791
-0.6342098712921143
-0.6687390804290771
-3.3347301483154297
-2.8861794471740723
-1.9794050455093384
-3.4612748622894287
-3.5777809619903564
-2.6300134658813477
-1.8155426979064941
-4.516225337982178
-2.7267348766326904
-5.542707443237305
-3.950282096862793
-3.4333889484405518
-1.0491493940353394
-1.9086298942565918
-3.048602819442749
-0.6134107112884521
-0.8070158958435059
-0.2330181896686554
-0.13853372633457184
-0.08589902520179749
-2.161036968231201
-6.179534435272217
-3.3684005737304688
-1.54000723361969
-3.2886600494384766
-1.8180444240570068
-2.7267348766326904
-5.542707443237305
-3.130505084991455
-1.8155429363250732
-2.558187484741211
-2.493035316467285
-4.248422622680664
-5.908895492553711
-5.6928863525390625
-1.908630132675171
-0.2741406261920929
-6.284154891967773
-4.731709003448486
-3.160670518875122
-2.443450689315796
-7.510707855224609
-1.7651880979537964
-7.1272478103637695
-4.331545352935791
-3.9434659481048584
-2.8745932579040527
-3.728403091430664
-2.8031105995178223
-7.7670698165893555
-3.0663347244262695
-3.758892774581909
-7.716572284698486
-3.0663347244262695
-3.7588930130004883
-2.145559787750244
-2.6147408485412598
-3.3492326736450195
-2.2521157264709473
-1.622420310974121
-1.194490909576416
-1.7566452026367188
-2.2237191200256348
-3.326962947845459
-1.6000880002975464
-9.782931327819824
-1.92448091506958
-2.5138297080993652
-2.406696319580078
-1.6067215204238892
-3.622577667236328
-11.417859077453613
-12.479889869689941
-10.360054016113281
-7.643395900726318
-13.228979110717773
-8.363212585449219
-7.429444789886475
-15.267219543457031
-8.509238243103027
-2.8688747882843018
-6.009730339050293
-0.4899125099182129
-7.720058441162109
-7.757150650024414
-2.6719229221343994
-4.373002529144287
-2.293160915374756
-2.863278388977051
-1.1619832515716553
-4.6812663078308105
-8.248553276062012
-1.1612623929977417
-1.1413168907165527
-1.5103232860565186
-6.7261738777160645
-3.7276370525360107
-13.31617546081543
-2.3591055870056152
-3.7685673236846924
-6.848559856414795
-1.670233130455017
-0.3462494909763336
-2.962233066558838
-6.915096759796143
-0.4440556764602661
-1.0959036350250244
-3.4345386028289795
-0.2681450843811035
-5.385408878326416
-1.307998538017273
-2.28194522857666
-2.801938533782959
-2.269279956817627
-0.5770691633224487
-2.3171753883361816
-1.9604129791259766
-4.684165000915527
-1.284393548965454
-0.6233978271484375
-1.4337546825408936
-3.058650493621826
-4.471150875091553
-1.171892762184143
-1.1996463537216187
-0.6233978271484375
-3.4815728664398193
-0.034921057522296906
-6.976630210876465
-0.052187707275152206
-0.13354291021823883
-0.05908476561307907
-4.88435173034668
-0.06113532558083534
-5.807809352874756
-0.08352064341306686
-6.673237323760986
-2.554093837738037
-1.3296771049499512
-4.158815383911133
-2.215223789215088
-0.6760717630386353
-1.6414766311645508
-0.22947284579277039
-1.049149751663208
-1.9086300134658813
-0.2928336560726166
-1.7606121301651
-8.079180717468262
-2.396029472351074
-2.9200360774993896
-0.018504254519939423
-3.945683002471924
-2.42680287361145
-8.1158447265625
-6.029759407043457
-3.5476126670837402
-0.8304018378257751
-3.0797195434570312
-0.6909378170967102
-0.3613708019256592
-5.840696334838867
-1.0848859548568726
-2.418785810470581
-1.2896935939788818
-1.3079984188079834
-6.809078693389893
-3.5179741382598877
-3.2612144947052
-2.4611260890960693
-3.2993881702423096
-6.944084644317627
-0.13515982031822205
-3.3882222175598145
-11.147489547729492
-2.93084979057312
-10.102049827575684
-1.7051432132720947
-2.9577724933624268
-4.390224456787109
-1.8409762382507324
-3.8956246376037598
-1.049149513244629
-1.9086300134658813
-6.227517604827881
-3.68497371673584
-1.182083249092102
-10.236845016479492
-2.892838478088379
-2.545001983642578
-2.121586322784424
-0.2873093783855438
-4.540981292724609
-1.705986499786377
-0.03492117300629616
-2.600689649581909
-0.05218793451786041
-1.865588665008545
-4.211114406585693
-0.05908476561307907
-4.001893043518066
-0.06113521009683609
-5.2305779457092285
-0.08352053165435791
-6.672460556030273
-0.08071596175432205
-5.407928943634033
-3.321979522705078
-1.0489217042922974
-14.984574317932129
-0.906299889087677
-0.03492140397429466
-2.6006898880004883
-0.052187707275152206
-1.8655885457992554
-4.211114406585693
-0.05908476561307907
-4.001893043518066
-0.06113554909825325
-4.39894437789917
-0.08352053165435791
-5.482375144958496
-0.8347654938697815
-0.08071596175432205
-7.083102226257324
-3.901456832885742
-2.5652546882629395
-2.892838478088379
-2.5976016521453857
-2.664092540740967
-2.9973325729370117
-2.126199722290039
-2.8451499938964844
-2.0004568099975586
-7.267615795135498
-6.272042274475098
-0.013010729104280472
-1.049149751663208
-1.9086300134658813
-1.9921870231628418
-1.7606122493743896
-3.555924892425537
-0.18910351395606995
-0.2671051025390625
-5.862441539764404
-0.45120251178741455
-1.486142635345459
-3.331547260284424
-5.833669185638428
-0.1891034096479416
-3.1355538368225098
-9.503824234008789
-5.925877094268799
-5.461316108703613
-1.1390745639801025
-0.4360450208187103
-1.7527741193771362
-1.8828524351119995
-3.2953386306762695
-0.034921057522296906
-0.1240096464753151
-0.0521874837577343
-0.13515950739383698
-0.05908465385437012
-3.3882224559783936
-0.06113577261567116
-3.5174448490142822
-0.08352042734622955
-5.099771499633789
-0.0807158499956131
-4.987344741821289
-0.06389206647872925
-5.369847297668457
-3.0664780139923096
-2.6739697456359863
-2.3819377422332764
-3.6955652236938477
-11.785909652709961
-3.1715939044952393
-3.6202938556671143
-2.3515214920043945
-3.854236125946045
-2.098036289215088
-0.21293142437934875
-0.5385090708732605
-2.7608096599578857
-2.096729278564453
-2.485891103744507
-1.6859135627746582
-3.686392307281494
-3.169796943664551
-3.5531153678894043
-1.5369529724121094
-0.550904393196106
-3.3026111125946045
-4.27245569229126
-2.6174631118774414
-4.262718200683594
-0.5564230680465698
-3.4003279209136963
-2.6416594982147217
-9.090093612670898
-2.719391345977783
-4.338218688964844
-6.426649570465088
-0.3878191411495209
-0.44405561685562134
-4.681266784667969
-7.103732109069824
-1.9086300134658813
-9.821197509765625
-1.8160901069641113
-0.5671659111976624
-6.043339729309082
-2.062960147857666
-1.8770623207092285
-5.079907417297363
-3.644296646118164
-2.3875298500061035
-3.5431108474731445
-1.51359224319458
-6.092251777648926
-1.5978087186813354
-3.787604570388794
-5.840696334838867
-5.661094665527344
-5.8318986892700195
-2.9534096717834473
-2.142584800720215
-5.719565391540527
-1.1865723133087158
-5.840696334838867
-2.290132522583008
-2.6806013584136963
-0.7479609847068787
-5.207597255706787
-6.456787586212158
-1.5560781955718994
-1.307998538017273
-6.500940799713135
-3.115561008453369
-1.7714341878890991
-3.115561008453369
-1.4620141983032227
-3.105170726776123
-1.8061267137527466
-0.1609765887260437
-2.1240594387054443
-0.16839630901813507
-1.8532222509384155
-4.178292274475098
-1.9034231901168823
-4.001893043518066
-2.1931087970733643
-3.6482510566711426
-1.6779828071594238
-8.149001121520996
-1.6633912324905396
-4.945082187652588
-7.056332588195801
-0.2355949878692627
-1.8061264753341675
-0.1609765887260437
-2.1240596771240234
-0.16839641332626343
-1.8532226085662842
-2.107386589050293
-0.8218900561332703
-1.9034229516983032
-3.7076542377471924
-2.193108558654785
-12.016105651855469
-1.6779828071594238
-6.7158308029174805
-0.9927842617034912
-2.7838222980499268
-2.4447731971740723
-7.310244560241699
-2.9604976177215576
-0.9576689600944519
-0.6344369649887085
-0.6981777548789978
-1.8739643096923828
-0.3041737973690033
-0.35839590430259705
-2.554093360900879
-5.545531272888184
-7.053042888641357
-3.926344394683838
-8.236288070678711
-1.282274842262268
-1.3304110765457153
-1.3937902450561523
-1.0744471549987793
-4.464200973510742
-1.4306097030639648
-0.975082516670227
-5.284038543701172
-6.016468524932861
-4.930315017700195
-1.9960193634033203
-2.3675975799560547
-2.78731632232666
-3.095156669616699
-2.2695367336273193
-0.1446913480758667
-0.03492094203829765
-0.48304152488708496
-0.05218793451786041
-3.7076539993286133
-0.05908476561307907
-9.144068717956543
-0.06113554909825325
-0.7448328733444214
-3.8898801803588867
-3.8577167987823486
-2.290132522583008
-2.6806013584136963
-1.0787521600723267
-0.5735000967979431
-1.6117392778396606
-1.7907243967056274
-2.8015451431274414
-6.022802352905273
-9.215679168701172
-4.776066303253174
-1.54926598072052
-0.41149547696113586
-0.024835165590047836
-2.362264394760132
-1.2477033138275146
-1.3812839984893799
-3.658121347427368
-10.12891674041748
-1.0296330451965332
-1.9477369785308838
-1.8751403093338013
-8.372210502624512
-2.646092414855957
-2.2060680389404297
-1.900007963180542
-1.3876430988311768
-1.8589400053024292
-1.7148962020874023
-2.2237191200256348
-3.326963186264038
-2.1427948474884033
-1.9086298942565918
-0.9368422031402588
-1.3920069932937622
-0.856878936290741
-6.151719570159912
-0.4743390381336212
-3.485069990158081
-1.1883162260055542
-1.9620932340621948
-0.034921057522296906
-4.8804521560668945
-3.066199779510498
-6.015356063842773
-0.06113532558083534
-5.182349681854248
-0.08352042734622955
-4.614354610443115
-10.307376861572266
-0.08071596175432205
-2.5396525859832764
-0.0638921782374382
-9.273786544799805
-0.07070158421993256
-2.239588975906372
-2.1517174243927
-5.0058817863464355
-3.095942258834839
-1.49604332447052
-2.4416656494140625
-5.0058817863464355
-2.5358259677886963
-3.9504518508911133
-2.4715874195098877
-2.9185118675231934
-2.8333449363708496
-5.095413684844971
-3.071315050125122
-1.3575621843338013
-3.946549892425537
-0.9219735860824585
-4.772144794464111
-7.5574212074279785
-2.309518814086914
-1.4540735483169556
-1.6557081937789917
-2.7318382263183594
-0.032655730843544006
-2.142794609069824
-1.9086300134658813
-2.1290125846862793
-4.010350704193115
-2.0411481857299805
-2.477365016937256
-8.398155212402344
-1.7849640846252441
-0.550904393196106
-2.0225651264190674
-1.7539170980453491
-0.5509042739868164
-8.297989845275879
-1.4597132205963135
-9.165090560913086
-0.03492117300629616
-2.4251935482025146
-0.052187707275152206
-0.16839702427387238
-0.05908476561307907
-4.1009321212768555
-0.06113521009683609
-3.7076542377471924
-0.08352042734622955
-1.755678653717041
-0.08071596175432205
-2.5996994972229004
-3.6126012802124023
-5.26237154006958
-4.354109287261963
-2.0953221321105957
-5.774174690246582
-2.975863218307495
-4.0977463722229
-2.290132522583008
-2.6806015968322754
-0.2592426836490631
-4.822168827056885
-1.0491493940353394
-1.9086298942565918
-5.187240123748779
-6.694269180297852
-0.877098023891449
-3.1065709590911865
-2.389657497406006
-4.811610221862793
-4.881618499755859
-3.0446033477783203
-3.5431108474731445
-1.7290431261062622
-3.0788416862487793
-4.458624362945557
-2.8509068489074707
-0.0806119292974472
-2.77392315864563
-3.6700146198272705
-0.2311752885580063
-2.285604238510132
-0.05195855721831322
-2.0857579708099365
-4.429446220397949
-0.6342097520828247
-2.7859745025634766
-2.5564823150634766
-1.473102331161499
-5.306530952453613
-5.840696334838867
-2.290132522583008
-1.7566454410552979
-6.132917881011963
-0.6982204914093018
-12.258387565612793
-3.1200597286224365
-1.9771604537963867
-10.723428726196289
-5.396304130554199
-2.07777738571167
-5.864696502685547
-3.196608304977417
-9.046869277954102
-3.4407732486724854
-3.35032057762146
-0.8919345140457153
-0.8347656726837158
-1.1673651933670044
-9.496582984924316
-0.3118274509906769
-1.5335783958435059
-2.9577724933624268
-2.470834493637085
-3.2174324989318848
-4.154246807098389
-3.5126752853393555
-6.3988471031188965
-2.910100221633911
-1.049149513244629
-1.9086297750473022
-1.2569113969802856
-0.5544354915618896
-2.558187484741211
-1.8155429363250732
-3.6011972427368164
-4.330104351043701
-2.605846881866455
-1.5527455806732178
-0.3438281714916229
-8.547111511230469
-0.04435650631785393
-0.9069534540176392
-12.721820831298828
-8.820855140686035
-2.634214401245117
-8.946106910705566
-12.518932342529297
-2.839554786682129
-0.04435684531927109
-0.8903096914291382
-0.04605524241924286
-3.593191623687744
-7.162521839141846
-9.382521629333496
-2.839554786682129
-1.4184613227844238
-0.3155018389225006
-6.680894374847412
-2.705369234085083
-3.480062484741211
-6.033685684204102
-5.908895492553711
-2.142794609069824
-1.9086300134658813
-2.6470184326171875
-2.215501546859741
-0.5283231139183044
-2.945680618286133
-2.2413690090179443
-3.1254525184631348
-6.170791149139404
-0.0349208265542984
-10.212517738342285
-0.05218759551644325
-3.390773057937622
-0.20292286574840546
-0.7711342573165894
-6.190369129180908
-0.20727437734603882
-5.937136650085449
-0.2890218496322632
-2.227389335632324
-1.8337379693984985
-4.723395347595215
-0.05908465385437012
-3.402919292449951
-2.201493978500366
-0.06113532558083534
-3.863133430480957
-0.08352053165435791
-2.640526056289673
-0.08071606606245041
-4.469448566436768
-0.06389251351356506
-3.2129807472229004
-0.07070136815309525
-4.469448566436768
-4.7557172775268555
-3.531393051147461
-4.592998504638672
-5.900096416473389
-5.32959508895874
-2.5521771907806396
-5.03414249420166
-2.142794370651245
-1.9086300134658813
-0.13556838035583496
-1.9219365119934082
-3.038917064666748
-0.4775242209434509
-1.9219367504119873
-0.7256801128387451
-0.3955900967121124
-0.668738842010498
-3.162837505340576
-4.570193767547607
-7.266049861907959
-2.367065191268921
-0.28089845180511475
-1.704646348953247
-4.423635482788086
-0.6687391400337219
-0.3025033175945282
-4.107623100280762
-1.131643295288086
-1.9983692169189453
-4.769296646118164
-4.577663421630859
-4.858608245849609
-5.168912410736084
-1.5797545909881592
-4.384245872497559
-15.019865036010742
-2.3670654296875
-1.5461890697479248
-3.2318055629730225
-2.0377278327941895
-3.945683240890503
-2.4118056297302246
-3.945683002471924
-1.8907461166381836
-5.225619792938232
-2.3670654296875
-3.945683002471924
-0.8552947640419006
-2.602576732635498
-6.6729736328125
-0.7458060383796692
-3.2174322605133057
-4.085694789886475
-1.77335524559021
-2.641659736633301
-1.8606939315795898
-1.6559171676635742
-0.4775242209434509
-4.3268022537231445
-0.3197288513183594
-0.2681450843811035
-11.703636169433594
-3.460031032562256
-1.5832958221435547
-0.03492128849029541
-2.6006898880004883
-0.052188050001859665
-6.517422199249268
-0.05908499285578728
-2.5771894454956055
-0.061135437339544296
-2.0300209522247314
-0.08352042734622955
-2.1917688846588135
-0.0807158499956131
-6.014850616455078
-0.06389240175485611
-4.666012287139893
-11.524657249450684
-2.2033531665802
-1.866254210472107
-2.1513164043426514
-1.550513505935669
-0.9258086085319519
-3.712745189666748
-1.9516804218292236
-4.057488918304443
-1.5193958282470703
-0.7856899499893188
-2.4135689735412598
-6.064352512359619
-6.170790672302246
-0.03492140397429466
-9.490560531616211
-0.052187707275152206
-3.6470065116882324
-0.05908465385437012
-3.402919292449951
-2.5508828163146973
-0.061135437339544296
-3.417402744293213
-0.08352042734622955
-0.702516496181488
-0.08071596175432205
-3.0651981830596924
-0.06389206647872925
-3.2129807472229004
-0.07070158421993256
-3.0651981830596924
-2.6072804927825928
-2.0115034580230713
-3.599228858947754
-0.687695324420929
-1.0916662216186523
-4.379117965698242
-4.9543890953063965
-4.574996471405029
-2.3372230529785156
-0.8711028695106506
-1.790508508682251
-1.0491493940353394
-1.908630132675171
-2.381082534790039
-7.319786548614502
-15.803996086120605
-1.4035212993621826
-1.2721872329711914
-1.6883481740951538
-2.3206145763397217
-2.444843292236328
-4.457451820373535
-4.916634559631348
-6.373236656188965
-11.39206314086914
-1.8870372772216797
-9.694998741149902
-0.21346880495548248
-6.593649864196777
-4.049430847167969
-2.290132522583008
-1.7566454410552979
-3.9673538208007812
-4.435243606567383
-1.6456146240234375
-1.388053297996521
-0.5794684290885925
-0.43090301752090454
-0.14316891133785248
-3.6264288425445557
-3.005810260772705
-0.8438193798065186
-0.890703022480011
-6.580867767333984
-2.731703519821167
-0.8365441560745239
-5.085882186889648
-4.412629127502441
-6.072341442108154
-1.4620345830917358
-5.545531749725342
-0.1524355262517929
-2.645076274871826
-0.37416791915893555
-3.6677401065826416
-6.7521586418151855
-2.7314157485961914
-3.05539870262146
-6.306029319763184
-0.6687390804290771
-1.3643550872802734
-2.321018695831299
-0.3438281714916229
-1.6150236129760742
-0.6687391400337219
-3.166285991668701
-2.7956185340881348
-2.39231276512146
-1.455105185508728
-2.1290910243988037
-0.34382858872413635
-2.243941307067871
-1.9428236484527588
-2.2015273571014404
-1.2661951780319214
-0.8561381697654724
-3.6959800720214844
-1.0603102445602417
-0.34382858872413635
-2.0528066158294678
-0.9932292699813843
-6.30302095413208
-2.320711612701416
-0.3438282310962677
-1.2274470329284668
-2.052722454071045
-1.1708686351776123
-0.9782708883285522
-1.338822841644287
-2.295769214630127
-0.9179612994194031
-2.1427948474884033
-1.9086298942565918
-2.1608970165252686
-0.7115970253944397
-7.9676737785339355
-0.6081677079200745
-1.9855751991271973
-1.4221062660217285
-3.115561008453369
-2.1101670265197754
-3.258169174194336
-1.6220475435256958
-3.2515881061553955
-3.083451271057129
-7.45625114440918
-2.545544385910034
-1.049149513244629
-1.9086300134658813
-2.4536125659942627
-1.839553713798523
-0.5517693161964417
-2.8889803886413574
-1.0330324172973633
-0.9140834212303162
-0.7578573822975159
-0.38285914063453674
-2.247296094894409
-1.8576679229736328
-0.6335065364837646
-2.341015577316284
-2.40120005607605
-1.8983242511749268
-2.7468645572662354
-2.4771995544433594
-0.9140834212303162
-1.3729548454284668
-0.27935871481895447
-3.480062246322632
-2.493035078048706
-3.950281858444214
-1.467815637588501
-4.822168827056885
-0.24885649979114532
-1.7032877206802368
-3.326962947845459
-0.12860892713069916
-0.2488563060760498
-4.107444763183594
-1.0491493940353394
-1.908630132675171
-0.29283374547958374
-1.7606122493743896
-5.316152572631836
-0.6687387824058533
-5.284190654754639
-4.452605247497559
-8.47526741027832
-5.424832344055176
-0.6687387824058533
-4.971182823181152
-0.29352515935897827
-3.491407871246338
-0.9444528222084045
-4.642399787902832
-0.6102514863014221
-3.5423026084899902
-3.9108285903930664
-1.6095651388168335
-12.83759880065918
-3.664088726043701
-5.6399993896484375
-3.294628858566284
-0.018504254519939423
-3.945683002471924
-2.729846954345703
-2.2103664875030518
-0.2664699852466583
-3.55548357963562
-2.9212899208068848
-2.0594091415405273
-1.9416589736938477
-4.173630714416504
-4.707333087921143
-1.539852499961853
-1.9620939493179321
-0.7943403720855713
-0.195736825466156
-2.770916700363159
-0.36631324887275696
-2.101898670196533
-0.24885649979114532
-1.6557080745697021
-2.7318379878997803
-6.902648448944092
-0.6257166266441345
-5.039882659912109
-2.185256004333496
-2.768317461013794
-6.098658084869385
-3.6531286239624023
-2.4865963459014893
-2.459480047225952
-6.988320350646973
-2.5099639892578125
-3.480062484741211
-2.290132522583008
-6.8798346519470215
-3.326963186264038
-3.326962947845459
-1.049149751663208
-1.9086300134658813
-0.29283350706100464
-4.515733242034912
-2.001237392425537
-1.0574427843093872
-3.0912463665008545
-0.11204349249601364
-1.7633264064788818
-1.370328664779663
-8.840757369995117
-0.13419409096240997
-6.004072189331055
-10.071087837219238
-3.2438671588897705
-12.205305099487305
-2.129746437072754
-0.3116787374019623
-3.5787758827209473
-3.2540347576141357
-0.03492117300629616
-2.600689649581909
-0.0521874837577343
-9.09804916381836
-0.05908454209566116
-3.7076539993286133
-0.06113521009683609
-3.1407530307769775
-0.08352053165435791
-5.226814270019531
-0.8347656726837158
-0.08071596175432205
-6.860684394836426
-3.901456832885742
-1.5784263610839844
-0.31167882680892944
-3.1155612468719482
-3.8354358673095703
-2.2868735790252686
-0.3116789758205414
-0.6687387824058533
-3.120304584503174
-3.4098525047302246
-3.4345388412475586
-2.154517889022827
-0.5955424904823303
-1.9717293977737427
-1.6868963241577148
-0.5509042739868164
-2.858924627304077
-0.7681568264961243
-2.8093693256378174
-1.1816883087158203
-1.7050784826278687
-0.3116787374019623
-8.640543937683105
-1.6411950588226318
-0.35952669382095337
-1.5217350721359253
-2.2237191200256348
-4.947093486785889
-0.5509042739868164
-3.326963186264038
-2.1427948474884033
-1.9086298942565918
-1.992187261581421
-3.1000425815582275
-2.438267469406128
-3.3284990787506104
-4.969225883483887
-0.18232616782188416
-1.4495031833648682
-1.217273473739624
-3.5345757007598877
-3.1709072589874268
-4.792012691497803
-4.68243408203125
-2.869196653366089
-13.760222434997559
-4.68243408203125
-1.9541428089141846
-3.7166500091552734
-4.191749095916748
-2.296186923980713
-2.742460012435913
-9.433874130249023
-2.861494302749634
-1.547097086906433
-8.480978965759277
-2.6362147331237793
-3.7379651069641113
-2.154794692993164
-3.375446319580078
-2.505603790283203
-5.47854471206665
-0.4842245876789093
-3.5346763134002686
-3.2569580078125
-2.997645616531372
-4.126302242279053
-1.9745962619781494
-9.061517715454102
-0.7935361266136169
-2.297408103942871
-0.3116787374019623
-0.35131847858428955
-7.769822597503662
-6.353704452514648
-4.68243408203125
-6.968725204467773
-0.44405537843704224
-0.455399751663208
-1.908630132675171
-0.8790925145149231
-0.8790926337242126
-2.7073264122009277
-2.9664008617401123
-0.7856900691986084
-6.285333633422852
-3.1254525184631348
-1.2217872142791748
-0.034921057522296906
-1.9656271934509277
-0.05218816176056862
-2.6815876960754395
-0.05908465385437012
-1.1033951044082642
-2.201493978500366
-0.06113554909825325
-3.7597150802612305
-0.08352064341306686
-4.546775817871094
-0.08071596175432205
-4.469448566436768
-0.06389228999614716
-2.876685380935669
-0.07070136815309525
-4.469448566436768
-0.8119333982467651
-6.285333633422852
-1.1460707187652588
-2.1740541458129883
-0.8790926933288574
-2.33249568939209
-7.0007123947143555
-3.6252427101135254
-8.8992338180542
-5.867862224578857
-2.1033716201782227
-0.6993317604064941
-7.290415287017822
-7.457381725311279
-1.678043246269226
-2.936375379562378
-6.203039169311523
-3.7076539993286133
-4.68769645690918
-8.688737869262695
-5.362020492553711
-3.321979522705078
-1.0489213466644287
-5.5791473388671875
-1.8753386735916138
-6.112543106079102
-3.1712594032287598
-2.767024278640747
-5.227517604827881
-0.8347654938697815
-6.068068981170654
-3.901456832885742
-2.41518497467041
-4.678078651428223
-6.411882400512695
-8.547847747802734
-9.51382827758789
-1.5779824256896973
-0.862273633480072
-8.533772468566895
-5.253113746643066
-1.049149513244629
-1.9086300134658813
-1.9921870231628418
-1.7606121301651
-2.001237630844116
-1.0574429035186768
-2.8936643600463867
-5.249187469482422
-2.308213233947754
-5.247777938842773
-0.43604493141174316
-0.45712965726852417
-3.115561008453369
-2.5223731994628906
-2.1547951698303223
-5.287707328796387
-0.3490758240222931
-7.555600166320801
-0.34130528569221497
-1.1649022102355957
-3.4345388412475586
-1.5831823348999023
-0.0349208265542984
-0.16097678244113922
-0.052187707275152206
-4.428274154663086
-0.05908476561307907
-3.3342926502227783
-0.06113554909825325
-5.8592209815979
-1.1017248630523682
-3.115561008453369
-7.708649158477783
-0.0349208265542984
-4.722262382507324
-0.052187707275152206
-7.29713773727417
-0.05908454209566116
-4.5414204597473145
-0.061135437339544296
-3.75950026512146
-0.08352064341306686
-0.5657376050949097
-0.08071596175432205
-5.98915433883667
-3.0562288761138916
-5.880237579345703
-2.6173040866851807
-10.009986877441406
-0.21293142437934875
-1.9582725763320923
-8.148696899414062
-2.069016933441162
-1.049149751663208
-1.9086300134658813
-3.2143077850341797
-5.552740097045898
-2.6330246925354004
-3.4256865978240967
-0.11920257657766342
-5.674674034118652
-5.0906267166137695
-8.196943283081055
-13.629961967468262
-1.6191115379333496
-3.0222370624542236
-3.495206117630005
-5.817945957183838
-7.272468566894531
-7.923141002655029
-1.2198688983917236
-1.5579208135604858
-1.7287968397140503
-2.0625953674316406
-3.7179670333862305
-2.6741576194763184
-0.19174082577228546
-9.439879417419434
-2.979445219039917
-1.727900505065918
-4.697784423828125
-2.945631504058838
-2.4670636653900146
-2.892838478088379
-4.9422478675842285
-2.4007575511932373
-1.049149513244629
-1.9086300134658813
-6.587345600128174
-1.2661950588226318
-12.080589294433594
-4.908502578735352
-6.917810916900635
-0.23559527099132538
-3.334296464920044
-0.0349208265542984
-0.15370658040046692
-0.052187707275152206
-9.439996719360352
-0.05908454209566116
-2.743591547012329
-0.06113554909825325
-1.5287675857543945
-0.20292305946350098
-6.70095157623291
-5.395160675048828
-0.20727457106113434
-3.5397520065307617
-5.10150146484375
-4.974095344543457
-2.9156687259674072
-4.527085304260254
-0.20727486908435822
-3.2753729820251465
-9.871129035949707
-4.209822654724121
-10.157975196838379
-0.08071573823690414
-0.3764120936393738
-0.052187707275152206
-5.182089328765869
-0.05908499285578728
-3.1507458686828613
-3.4443955421447754
-0.2072741836309433
-0.17867550253868103
-0.7911025285720825
-0.062130291014909744
-5.336392402648926
-0.5147441625595093
-2.5814642906188965
-2.838387966156006
-1.5054423809051514
-5.803496837615967
-10.468783378601074
-3.2419748306274414
-2.429422616958618
-5.6865153312683105
-1.6140942573547363
-0.7837638258934021
-4.211806774139404
-0.6603246331214905
-0.6178838610649109
-0.4569910168647766
-1.8616433143615723
-0.14658628404140472
-5.829641819000244
-4.214803695678711
-5.07356071472168
-2.8839054107666016
-1.2768669128417969
-6.519937038421631
-2.365267515182495
-7.606624603271484
-3.6890206336975098
-1.1269972324371338
-5.764779567718506
-0.9697490930557251
-6.929663181304932
-1.6876215934753418
-6.103238582611084
-8.829115867614746
-1.1358801126480103
-0.8091710805892944
-6.149620532989502
-1.2183892726898193
-3.9460387229919434
-6.140629768371582
-9.648775100708008
-1.049149513244629
-1.9086297750473022
-0.6708736419677734
-1.0950779914855957
-1.0695651769638062
-1.0695652961730957
-1.621675729751587
-0.629948079586029
-3.397707939147949
-1.139660358428955
-5.647494316101074
-4.473878383636475
-3.3044865131378174
-0.14985716342926025
-9.439996719360352
-2.743591785430908
-1.5287675857543945
-0.20292314887046814
-2.2558348178863525
-5.395160675048828
-0.20727437734603882
-3.5397520065307617
-5.10150146484375
-8.786595344543457
-2.699566125869751
-4.2060065269470215
-0.20727486908435822
-3.2753732204437256
-9.871129035949707
-4.209822654724121
-10.157975196838379
-0.08071596175432205
-0.3764118552207947
-5.182089328765869
-4.711943626403809
-3.4443955421447754
-0.20727457106113434
-0.1786758005619049
-1.8479294776916504
-0.06212995573878288
-5.336392402648926
-1.3822412490844727
-0.7544891834259033
-3.3808963298797607
-5.840696334838867
-2.290132999420166
-3.6337265968322754
-3.7734735012054443
-7.325677394866943
-8.733728408813477
-0.7689153552055359
-2.763990640640259
-2.8802506923675537
-1.329001545906067
-8.074484825134277
-8.227234840393066
-3.0257153511047363
-1.609565019607544
-9.25947380065918
-9.977404594421387
-5.6399993896484375
-3.5949347019195557
-0.035783037543296814
-3.706662654876709
-1.3290014266967773
-3.2228589057922363
-3.178227186203003
-6.158329010009766
-6.769783020019531
-0.6555684208869934
-0.4866406321525574
-4.581305980682373
-2.471132278442383
-3.0229008197784424
-5.18950080871582
-3.4236793518066406
-2.9193828105926514
-8.754061698913574
-2.3580362796783447
-0.9881503582000732
-2.145559549331665
-0.3116787374019623
-0.8091710805892944
-2.290132522583008
-3.6337265968322754
-1.0491493940353394
-1.9086298942565918
-1.0716125965118408
-5.1565985679626465
-1.4985511302947998
-2.892838478088379
-3.4807655811309814
-3.34356689453125
-0.03492140397429466
-0.1240096464753151
-0.05218759551644325
-0.23420248925685883
-0.05908454209566116
-3.8209633827209473
-0.061135437339544296
-7.603323936462402
-0.08352042734622955
-1.8823881149291992
-0.08071596175432205
-5.658931255340576
-3.6755423545837402
-3.9338011741638184
-4.98140287399292
-3.3797924518585205
-2.513674736022949
-1.553168773651123
-2.6783740520477295
-3.278082847595215
-2.118056058883667
-2.74491548538208
-4.9090657234191895
-1.3813762664794922
-9.168931007385254
-3.5881056785583496
-2.290132522583008
-3.6337265968322754
-0.8091709613800049
-3.326963186264038
-2.142794609069824
-1.9086300134658813
-1.9921870231628418
-1.7606121301651
-4.969799518585205
-5.258825302124023
-2.8314828872680664
-2.625096321105957
-3.0770187377929688
-0.25136569142341614
-0.8899220824241638
-5.793201446533203
-4.5327277183532715
-1.8991957902908325
-0.11920279264450073
-3.4174141883850098
-4.161284446716309
-1.6404672861099243
-7.838542938232422
-4.577505588531494
-4.038613319396973
-3.945683002471924
-4.63125467300415
-4.0938239097595215
-6.469543933868408
-2.6539745330810547
-3.30588698387146
-10.117280006408691
-6.700829029083252
-1.4932386875152588
-7.240894794464111
-6.203968524932861
-0.455399751663208
-1.908630132675171
-8.301626205444336
-0.3114994168281555
-2.814237594604492
-7.8245463371276855
-3.812455177307129
-0.034921057522296906
-6.976630210876465
-0.0521874837577343
-0.23420248925685883
-0.05908465385437012
-3.8209638595581055
-0.06113554909825325
-10.151569366455078
-0.08352042734622955
-1.8823881149291992
-0.08071596175432205
-8.803424835205078
-3.6022348403930664
-2.109787940979004
-3.326962947845459
-2.142794609069824
-1.9086300134658813
-0.2928336560726166
-1.7606122493743896
-1.1282517910003662
-3.115561008453369
-3.5428459644317627
-2.52337384223938
-0.9991269111633301
-2.2809741497039795
-1.8768677711486816
-1.3142333030700684
-2.9112019538879395
-4.592814922332764
-0.03492128849029541
-2.6006898880004883
-0.052188050001859665
-9.09804916381836
-0.05908476561307907
-3.7076539993286133
-0.061135437339544296
-3.1407532691955566
-3.0580945014953613
-0.6467483043670654
-1.3965600728988647
-0.13455480337142944
-3.1155612468719482
-7.630221366882324
-1.6949739456176758
-3.115561008453369
-3.6451869010925293
-6.75763463973999
-0.3613709807395935
-5.840696811676025
-2.290132522583008
-3.6337265968322754
-1.7699570655822754
-0.864018976688385
-6.563459873199463
-1.049149513244629
-1.9086300134658813
-0.8969968557357788
-1.700742483139038
-3.632281541824341
-6.375152587890625
-5.793201446533203
-4.5327277183532715
-0.6127262115478516
-10.05321216583252
-4.941690921783447
-6.93770170211792
-0.3933468461036682
-0.6092112064361572
-6.375153064727783
-5.793201446533203
-4.5327277183532715
-7.909635066986084
-0.6127262711524963
-10.05321216583252
-4.9416913986206055
-6.93770170211792
-2.1028876304626465
-5.397836685180664
-1.5331928730010986
-9.972665786743164
-0.6806857585906982
-2.9202466011047363
-6.901969909667969
-5.058462142944336
-3.2279770374298096
-3.9740848541259766
-8.448904991149902
-5.6890764236450195
-7.89102840423584
-6.869553565979004
-4.62667989730835
-6.518540859222412
-1.4740464687347412
-3.485903024673462
-0.792195737361908
-7.548746109008789
-1.049149751663208
-1.9086300134658813
-4.91058349609375
-4.741304397583008
-0.972245454788208
-0.03492117300629616
-4.47539758682251
-0.05218759551644325
-3.7535994052886963
-0.05908499285578728
-3.1761581897735596
-0.061135437339544296
-7.543821334838867
-5.692853927612305
-1.2930383682250977
-4.772253513336182
-0.9722455739974976
-0.03492117300629616
-4.47539758682251
-0.052187707275152206
-3.7535996437072754
-0.05908476561307907
-3.1761584281921387
-0.06113521009683609
-7.543821334838867
-0.20146742463111877
-8.821942329406738
-9.637986183166504
-2.0051190853118896
-3.202244997024536
-9.226778984069824
-6.362030982971191
-11.179776191711426
-10.929768562316895
-0.687695324420929
-1.1363120079040527
-4.3791184425354
-4.9543890953063965
-3.029919385910034
-1.3416424989700317
-1.5327476263046265
-2.6276280879974365
-0.034921057522296906
-2.600689649581909
-0.05218816176056862
-9.09804916381836
-0.05908476561307907
-3.7076542377471924
-0.06113554909825325
-4.6876959800720215
-0.08352042734622955
-7.119771957397461
-0.08071596175432205
-5.362020015716553
-1.0716475248336792
-5.703835487365723
-0.03492140397429466
-2.6006898880004883
-0.052187707275152206
-9.09804916381836
-0.05908465385437012
-3.7076542377471924
-0.06113577261567116
-3.1407532691955566
-0.08352042734622955
-5.226814270019531
-0.8347656726837158
-0.08071596175432205
-6.860684394836426
-2.2518181800842285
-3.334108352661133
-2.6110963821411133
-5.716721057891846
-2.8465306758880615
-3.313843250274658
-0.8091710805892944
-2.8088395595550537
-7.725079536437988
-1.0491493940353394
-1.908630132675171
-0.29283374547958374
-1.7606122493743896
-2.001237392425537
-0.18910351395606995
-0.18232616782188416
-0.8760610222816467
-8.840757369995117
-1.3334470987319946
-3.8990073204040527
-0.12426266819238663
-3.2447879314422607
-3.9279181957244873
-0.032655730843544006
-1.5033828020095825
-1.5892398357391357
-0.5938116312026978
-2.209761142730713
-1.7411500215530396
-0.34130534529685974
-8.43200969696045
-0.4360450804233551
-5.295464992523193
-2.154794931411743
-5.2877068519592285
-2.3146538734436035
-0.05337166413664818
-0.03492117300629616
-2.600689649581909
-0.05218793451786041
-9.09804916381836
-0.05908465385437012
-3.7076539993286133
-0.06113554909825325
-4.68769645690918
-0.08352042734622955
-8.688737869262695
-0.0807158499956131
-5.362020015716553
-3.321979522705078
-1.0489213466644287
-1.366527795791626
-0.11646588891744614
-1.0741583108901978
-2.3495657444000244
-1.049149513244629
-1.9086300134658813
-0.7410929203033447
-5.061090469360352
-4.538644313812256
-1.2661951780319214
-4.734894752502441
-1.2743630409240723
-2.785630226135254
-0.9864505529403687
-0.9001217484474182
-1.7079883813858032
-6.769783020019531
-0.6555684804916382
-0.802747368812561
-2.69720721244812
-1.5396943092346191
-2.06371808052063
-0.6367015838623047
-0.3461075723171234
-0.3933466672897339
-1.6608619689941406
-2.9080748558044434
-3.3526957035064697
-0.5972031354904175
-0.31167882680892944
-1.0401232242584229
-0.3116787374019623
-1.4994542598724365
-0.9326120018959045
-2.1074302196502686
-5.818587303161621
-1.92822265625
-4.76309061050415
-3.2932698726654053
-2.4977598190307617
-0.1240096464753151
-0.13515961170196533
-3.5845746994018555
-3.5174450874328613
-5.099771499633789
-4.987344264984131
-2.1358602046966553
-3.101620674133301
-0.1785193532705307
-0.31167882680892944
-1.816429615020752
-2.651977300643921
-5.016851902008057
-0.16497720777988434
-0.770616888999939
-2.157944440841675
-3.354701042175293
-2.673163890838623
-1.4994542598724365
-0.9721953868865967
-1.9544073343276978
-1.8565459251403809
-0.7658960819244385
-2.8891546726226807
-2.381646156311035
-1.7975380420684814
-2.008054733276367
-1.0918188095092773
-3.3249928951263428
-1.4076967239379883
-2.6271183490753174
-1.9086300134658813
-2.3286538124084473
-1.3609371185302734
-4.496111869812012
-8.07950496673584
-4.495311260223389
-6.923327922821045
-9.108033180236816
-3.366617202758789
-4.097635746002197
-1.3669226169586182
-6.342796802520752
-1.9884841442108154
-1.9291973114013672
-6.814847469329834
-4.7900004386901855
-9.166632652282715
-0.7778729796409607
-0.5222947597503662
-13.857648849487305
-2.290132522583008
-2.2821638584136963
-9.527758598327637
-3.502781391143799
-7.2068963050842285
-0.09775187820196152
-1.1845989227294922
-0.6127260327339172
-6.255593776702881
-4.941690921783447
-6.19551420211792
-9.3682222366333
-7.828820705413818
-1.5331928730010986
-9.348978996276855
-1.9289735555648804
-2.6639952659606934
-1.4740467071533203
-4.548514366149902
-8.198864936828613
-1.1369118690490723
-4.686242580413818
-4.91652774810791
-4.50354528427124
-3.482954740524292
-4.22410774230957
-1.4749672412872314
-8.605701446533203
-1.8847407102584839
-1.8504703044891357
-3.1319057941436768
-7.711206436157227
-4.229965686798096
-4.011383533477783
-1.662473440170288
-0.5686818361282349
-2.6006898880004883
-4.486924171447754
-3.7076539993286133
-4.68769645690918
-9.093897819519043
-1.1735349893569946
-9.868318557739258
-0.0977514460682869
-0.11224787682294846
-4.440418720245361
-9.307550430297852
-7.260769844055176
-3.419259548187256
-8.52071762084961
-2.8997976779937744
-3.945683479309082
-2.6194348335266113
-1.6431061029434204
-3.1551923751831055
-0.36137089133262634
-5.840696334838867
-0.23697322607040405
-0.7805926203727722
-5.840696811676025
-2.290132761001587
-1.7566450834274292
-2.418785810470581
-1.289693832397461
-1.3079984188079834
-0.7867181301116943
-2.819611072540283
-1.047987461090088
-4.3023200035095215
-3.41670823097229
-2.3588650226593018
-3.200411319732666
-2.2541229724884033
-1.0548909902572632
-0.5064563751220703
-0.21133475005626678
-0.22465360164642334
-5.442542552947998
-6.291290283203125
-0.3913132846355438
-8.2112455368042
-2.2734110355377197
-2.061642646789551
-7.385948181152344
-14.828335762023926
-0.6182788014411926
-2.614835023880005
-3.090012550354004
-3.480062484741211
-1.088806390762329
-1.8358391523361206
-0.31632113456726074
-3.6816294193267822
-1.1287226676940918
-3.69822359085083
-0.12400985509157181
-0.13515982031822205
-3.894441604614258
-2.5549702644348145
-5.065632343292236
-5.826418876647949
-5.447154521942139
-1.1159155368804932
-1.4510974884033203
-0.4863242506980896
-1.6202125549316406
-3.698223352432251
-0.1240096464753151
-0.13515950739383698
-3.894441604614258
-2.5549705028533936
-5.065632343292236
-5.826418876647949
-5.447154521942139
-1.1159156560897827
-1.4510976076126099
-0.9707913398742676
-5.311819076538086
-0.7837466597557068
-2.9380199909210205
-0.34017685055732727
-1.6799705028533936
-1.2973328828811646
-2.3941707611083984
-2.6276280879974365
-0.03492094203829765
-2.6006898880004883
-0.05218759551644325
-9.09804916381836
-0.05908476561307907
-3.7076539993286133
-0.06113577261567116
-4.6876959800720215
-0.08352042734622955
-7.119771957397461
-0.08071573823690414
-5.362020492553711
-2.938622236251831
-0.8007252812385559
-8.062819480895996
-3.846339225769043
-6.006006240844727
-4.526507377624512
-0.034921057522296906
-2.600689649581909
-0.05218816176056862
-9.09804916381836
-0.05908476561307907
-3.7076542377471924
-0.06113554909825325
-3.1407530307769775
-0.08352064341306686
-5.226814270019531
-0.8347654938697815
-0.08071606606245041
-6.860684394836426
-2.1618242263793945
-14.189046859741211
-5.403104782104492
-9.307395935058594
-5.529376983642578
-4.872310161590576
-4.371669292449951
-3.1130669116973877
-4.74375581741333
-2.726901054382324
-1.3427850008010864
-0.9276569485664368
-2.8611698150634766
-2.5188164710998535
-0.8350856304168701
-6.5098137855529785
-4.629832744598389
-2.0088820457458496
-4.258976459503174
-3.3436648845672607
-1.2364166975021362
-1.7321994304656982
-1.8666683435440063
-0.542201578617096
-5.147696495056152
-4.3376922607421875
-2.169288158416748
-2.0747342109680176
-2.7590646743774414
-2.4090452194213867
-1.6084821224212646
-0.45539966225624084
-1.9086297750473022
-1.7699570655822754
-2.8220911026000977
-5.005693435668945
-5.840696334838867
-0.6369770765304565
-4.268215656280518
-0.46137863397598267
-2.290132522583008
-2.9596691131591797
-5.301642417907715
-7.303518295288086
-0.6405013203620911
-5.742743492126465
-1.5983928442001343
-4.504398345947266
-0.8164200782775879
-0.034921057522296906
-8.124616622924805
-0.05218816176056862
-2.5957422256469727
-0.05908499285578728
-5.8933281898498535
-0.5926481485366821
-4.320813179016113
-1.7150359153747559
-0.20292314887046814
-6.48945951461792
-0.20727486908435822
-2.294423818588257
-3.7147741317749023
-3.447730541229248
-3.6153934001922607
-0.3765788972377777
-5.848293781280518
-0.03492094203829765
-3.579787492752075
-0.052188050001859665
-7.842679500579834
-2.2110533714294434
-0.05908465385437012
-4.638341903686523
-0.061135437339544296
-2.9529953002929688
-0.09634808450937271
-0.08352064341306686
-4.247198104858398
-0.0807158499956131
-4.165004730224609
-0.06389228999614716
-6.026153564453125
-0.07070158421993256
-5.646294116973877
-0.15803398191928864
-4.61041259765625
-1.7242281436920166
-0.7027943730354309
-6.752793312072754
-1.049149751663208
-1.9086300134658813
-1.9910905361175537
-0.6687387824058533
-0.741007924079895
-1.3566462993621826
-2.7160401344299316
-3.3004794120788574
-3.653563976287842
-3.172761917114258
-7.004363536834717
-5.101739406585693
-0.49548131227493286
-1.4924631118774414
-1.3794267177581787
-0.15524081885814667
-1.6406587362289429
-0.23250511288642883
-0.08061203360557556
-2.77392315864563
-3.6700146198272705
-0.2311752885580063
-2.285604238510132
-0.051958899945020676
-2.0857582092285156
-4.429445743560791
-0.6342098712921143
-0.6687390804290771
-3.3347301483154297
-2.029862880706787
-1.3480095863342285
-1.8109791278839111
-1.8346889019012451
-1.7827682495117188
-4.6012187004089355
-2.038205623626709
-2.6416594982147217
-2.493035078048706
-6.020378589630127
-2.2090916633605957
-1.467815637588501
-3.4921369552612305
-6.064884185791016
-2.107515335083008
-6.107204437255859
-3.6803231239318848
-1.853654384613037
-1.1059868335723877
-1.611738920211792
-4.229230880737305
-1.298742651939392
-1.8790409564971924
-3.6985936164855957
-2.905259847640991
-7.220616817474365
-2.0600855350494385
-3.19577956199646
-9.387056350708008
-3.945683002471924
-2.39288330078125
-2.905259847640991
-7.220616817474365
-1.855419397354126
-3.195779800415039
-9.387056350708008
-5.798970699310303
-1.2271729707717896
-6.2342209815979
-6.440426826477051
-3.66601300239563
-4.434155464172363
-2.1326510906219482
-1.8859343528747559
-2.5047550201416016
-8.800708770751953
-2.02439022064209
-2.9784774780273438
-2.4182209968566895
-2.389940023422241
-1.9390891790390015
-1.910731315612793
-0.5950070023536682
-1.4414225816726685
-0.7983306050300598
-5.002184867858887
-1.1296132802963257
-4.105557918548584
-6.10829496383667
-2.3253142833709717
-1.7675565481185913
-3.5414252281188965
-6.107134819030762
-1.4152700901031494
-3.132415771484375
-3.521124839782715
-7.7473015785217285
-4.3926310539245605
-1.347076654434204
-3.5154871940612793
-1.090482234954834
-4.952437877655029
-1.9477369785308838
-0.8172500133514404
-1.3036688566207886
-8.497034072875977
-3.2254488468170166
-0.31167882680892944
-4.730845928192139
-2.4756405353546143
-3.5597853660583496
-2.142794609069824
-1.9086297750473022
-2.1683945655822754
-0.864018976688385
-4.343781471252441
-2.9579100608825684
-4.504488945007324
-1.9219934940338135
-11.067440032958984
-2.5497775077819824
-3.643953800201416
-6.871103763580322
-2.189789295196533
-4.2401204109191895
-2.600689649581909
-9.09804916381836
-3.7076539993286133
-9.65046501159668
-3.400010347366333
-3.035125732421875
-4.071959018707275
-3.045346736907959
-1.7629334926605225
-1.2748513221740723
-1.7682313919067383
-4.164761543273926
-4.121397972106934
-3.943618059158325
-1.0022794008255005
-5.324928283691406
-2.290132522583008
-1.4446570873260498
-0.9421162009239197
-1.8080183267593384
-2.331883430480957
-0.17876502871513367
-13.904065132141113
-3.713512420654297
-4.687685966491699
-8.683478355407715
-5.36201286315918
-9.094015121459961
-7.707617282867432
-3.7582082748413086
-8.988729476928711
-9.484733581542969
-1.4431421756744385
-1.9654134511947632
-1.443142294883728
-1.9654128551483154
-3.405583381652832
-4.0697431564331055
-6.3085551261901855
-2.8034002780914307
-7.631387710571289
-3.713512420654297
-3.1236722469329834
-5.229647159576416
-0.8345556259155273
-6.862954616546631
-3.894219160079956
-1.7872705459594727
-6.038029193878174
-2.14479923248291
-1.0491571426391602
-1.9063117504119873
-1.7644845247268677
-0.8617839217185974
-3.6234583854675293
-2.5252327919006348
-1.7789063453674316
-2.2901687622070312
-2.0258569717407227
