-5.658373979032831
-10.421990097653179
-8.127861452542447
-2.826226542416407
-23.6928388499814
-35.208205237053335
-4.583207279793442
-3.287404188604796
-4.286191440956827
-25.387423238838892
-5.448608167000657
-7.939336564486439
-3.239885293362022
-8.022267472470503
-18.0704757325002
-10.674443730866187
-4.340931340258976
-4.587077200009389
-4.589981983253892
-8.242606078831159
-34.85860442922035
-12.020900810879539
-0.142748839800106
-16.551887303771537
-7.044757773692027
-13.838023995035655
-25.245920353477686
-12.148040341051455
-4.991953120625112
-19.698542529732094
-4.248936207266524
-29.943327333410707
-3.3702654448134126
-5.318939521514039
-15.10839524109906
-9.989940190800553
-5.6600417231284155
-17.144681558589582
-35.28877645569787
-9.026234122837195
-2.7624890906899964
-2.893202082530479
-8.434734438014857
-4.960453508687806
-3.9912823673917046
-3.287404188604796
-4.286191440956827
-25.829739299626453
-3.2366979176931636
-16.978665081639292
-7.0447593821734245
-0.7187112147839798
-38.48765824259681
-12.800787676464324
-13.9981569647789
-3.8226627999667926
-12.767289587427513
-9.610500542679802
-3.672437574263995
-3.692370818850577
-18.167570287314447
-19.356856358330333
-7.261992335115792
-17.62407538345724
-3.3743616676074453
-9.563462257385254
-7.244700637909773
-8.981576801896153
-22.42992195575971
-5.236697686726984
-19.88668191659417
-7.044757773692027
-6.313563756757958
-10.741817045047355
-22.542236268520355
-1.2364927845774218
-0.03525139391422272
-0.42875040680519305
-0.23759820653685892
-17.686280228430405
-1.7773663704283535
-14.453162984229493
-0.46046150429174304
-0.43521567806601524
-0.12038070242851973
-1.4187031080946326
-0.8507257783785462
-0.7158505404368043
-12.960435406072065
-0.15169561112634256
-6.5238260676997015
-2.232145614510955
-2.391049409081461
-11.359272914708527
-5.800833552959375
-8.330970709212124
-13.465307746701
-14.99677551378386
-7.0447593821734245
-19.833490967339458
-15.239131699854624
-10.37733767522468
-11.304127822397277
-6.4317981279455125
-2.62298205544721
-8.108413295752143
-5.077724167633278
-13.235046488422995
-1.1759986423969622
-4.546993712951007
-5.121384004215969
-12.909749901202304
-5.744520565035941
-5.000196339452373
-4.319922166876495
-25.131330472841
-7.044759346928686
-1.347609001721139
-3.1535671573583386
-13.158487933676952
-29.385413123847684
-0.6720151059489581
-9.437939102239397
-9.183171047730411
-24.486720653122575
-11.308645052802149
-25.737344228036363
-18.503893257453
-20.17758991795199
-9.713062221142536
-0.11238463642075658
-26.809984147041177
-23.369728416456383
-2.241804100573063
-2.354063670980395
-10.649127878026775
-9.271710007138608
-19.886617721697576
-19.260064766676805
-7.858394626171503
-11.77983758247592
-32.407705308610275
-13.723329848566209
-15.409582410573421
-14.56109995947918
-7.346458689193241
-8.757059911447868
-8.006090641021729
-7.3680143029705505
-29.739301375983587
-12.018316190107726
-0.2754756365902722
-16.196615894630668
-17.950897499889834
-15.399092708685203
-11.109157043154482
-4.429662673865096
-11.04220481927041
-54.641004239774475
-10.37503073492735
-4.319922815077007
-5.719230091181998
-2.247617780267319
-12.56288641572155
-1.6191911737496412
-1.8416926562476874
-8.757059563831717
-12.301729697318478
-7.078943660661025
-8.41929430780965
-2.731716633620181
-23.12800578127076
-6.850699246802833
-0.0840180367231369
-6.042236058412527
-34.17502730920387
-36.21708253437464
-20.274278379349198
-4.615855644977273
-27.609648728104276
-10.375031506619052
-5.658373863548832
-25.13133248770646
-7.0447593821734245
-6.829518616544419
-16.888489310977093
-3.878658772446215
-7.772818145451311
-12.855027788733423
-33.08479931979127
-19.97346537399426
-44.270607449812815
-26.038195871329663
-26.69753657170577
-20.33573769801842
-18.997005155775696
-15.357808621833101
-0.010523383505642414
-3.236697995927898
-17.068452010770898
-7.044757824288354
-3.8321924987249076
-3.1830555459746392
-8.627063779065793
-14.466324930865085
-17.20432778374817
-5.195328074230929
-7.900717374787291
-11.708604187167566
-7.815173151365798
-15.276505546695262
-8.619477763670147
-2.622981819051347
-5.681060072342007
-15.890607739507686
-8.776270378031768
-3.9823280625760162
-13.91975038201781
-8.772836487933091
-6.336227975847578
-2.7565121409716085
-8.443985447571322
-2.6951296420011204
-51.261781631396616
-21.31447065237444
-4.692720730623705
-2.562783781023427
-21.25301585406396
-12.247885220987655
-16.871614124764164
-7.1315166837848665
-9.945093317917781
-11.024414269900262
-11.39673819327436
-13.712921826401725
-8.755565762859078
-12.294442337202781
-22.93867244503963
-6.0261201085768334
-21.18813224556652
-12.64483326561458
-3.2398854125422076
-7.007076788077029
-1.643960429901199
-20.036431704491633
-9.9707413984288
-8.755564527457864
-27.369383466387262
-25.849750817787026
-2.853676018500664
-3.239885589464393
-4.1797651856009
-8.527374658493386
-8.168607100305962
-16.28355588632985
-4.429662502501742
-6.4150716150179505
-49.68933956490832
-21.31447065237444
-8.626288479826144
-5.131416580974474
-2.278983546770178
-21.575132293903152
-8.3416852830469
-53.01869349950607
-10.375032138965253
-0.165479967831061
-7.194447469881197
-0.9474630649201572
-12.69119989968749
-6.3762580080656335
-8.435140152349504
-7.369714378999561
-7.835031581311341
-6.928416038532873
-4.506471215077909
-17.555524885534396
-3.3069075039620657
-4.87354712846718
-14.656054718557243
-11.396311930932825
-5.658373863548832
-26.03819926334654
-7.044759346928686
-2.826226542416407
-27.493769066154982
-14.129339905458892
-21.27623018828308
-11.525387938017957
-9.69685356098853
-11.304127703537233
-9.381677445868263
-13.63917805717574
-7.843827356150996
-5.961812538269442
-25.33947294356767
-3.121521111635957
-7.834303439090945
-7.337617996779954
-20.164528917928692
-13.753406138669789
-0.7908260368785704
-9.485964607454662
-7.94039822187915
-1.8982526436702756
-3.7562072534146864
-18.82850183546543
-9.075160308437262
-7.757197159109637
-7.202772554846888
-7.2857482283615695
-7.361666086952937
-7.913056302757013
-5.644479116471757
-5.51272988319397
-4.228043597368924
-36.22447990113449
-9.026233893440804
-6.026120515433831
-17.940464397608594
-3.5004124066908844
-3.2398854107159423
-8.307972630052973
-6.659042322164169
-19.622299645469866
-4.443266461312305
-11.504137274348977
-7.684789703318529
-2.8360888313891337
-9.168027502186533
-16.537771441687482
-2.538672569207847
-24.36081150801988
-11.644972313832113
-6.965570788205696
-11.555189056685776
-6.167154033068073
-2.09190007624602
-4.140081061839737
-0.2754766814177856
-17.068452010770898
-7.044757824288354
-4.457904942940559
-5.202138583757915
-1.558212082953105
-2.3917463533289265
-27.66293186705161
-7.98030614938034
-15.192558901870143
-8.366310493278888
-3.287403396747777
-4.286190811620145
-26.688834289791885
-3.236697995927898
-24.360812346475768
-16.276877695968324
-4.457904942940559
-39.53037158026336
-7.018258810712723
-0.22630613343790174
-17.58712981857704
-10.425994797551539
-4.791481723317702
-0.7187109838305332
-15.108396313982666
-1.7220607228919107
-34.85860636495704
-9.02623320184648
-4.483239388801849
-6.242450559861027
-4.692722274741982
-1.1045961299569171
-8.926341463058634
-9.406245850565028
-4.049736393732019
-7.420954621095007
-6.820691863160391
-0.035783037543296814
-3.157616786134895
-3.4923417745158076
-1.338194546962768
-5.4347556096277
-0.0244905196595937
-20.994466923962705
-3.236697560067114
-16.97866550917911
-18.37723986693868
-5.294091558109358
-2.826226318913541
-7.134923903438903
-24.30467931451858
-8.79349734347852
-5.903897304837301
-25.449949570287117
-4.871438741916791
-4.6777222415582855
-3.742559092817828
-6.4595935030520195
-3.4008407245073613
-3.239885293362022
-7.369896487838446
-4.583207279793442
-3.287404188604796
-3.82062509149182
-26.688833741304734
-5.07996235421183
-4.598811491934612
-3.161760589464393
-7.785405989328865
-3.1590406359664485
-2.810601318913541
-16.16330797204023
-6.105480612750398
-35.22139744149263
-6.808662838037208
-15.744785695278551
-5.175804345429469
-7.881145925988676
-3.100237676060715
-0.5745626919524511
-4.179765824842889
-21.492316686386403
-6.381494064302387
-7.399065857376627
-7.102321147918701
-14.854525198090414
-32.26536779848607
-9.026234122837195
-5.735875803725776
-3.10023714917952
-3.2398852924379753
-4.179765824842889
-4.679192684061718
-5.6759291542366554
-3.8745630912235356
-26.605444657224325
-2.713383462296406
-8.451346899200871
-3.555473268730566
-34.605226469689796
-9.026233893440804
-6.026120515433831
-17.042425270738022
-24.33421398552673
-3.8806767322530504
-14.169711659917084
-4.970515051485563
-8.209784654318355
-8.750170846760739
-9.859417282934373
-10.73689793444646
-15.423859211511626
-27.369382832883275
-25.8497510874613
-4.965403057190997
-3.161760408882401
-1.0160715254824026
-6.502563588996054
-6.23870603612886
-2.4869812131357776
-4.225736437285377
-4.9040002924448345
-12.604223496541863
-8.281039819659782
-5.750284717170871
-2.2110999089964025
-8.57806691698704
-5.6425319232657785
-28.2633783547044
-4.450425726488902
-10.592033459512095
-36.22448198675863
-14.61816900435042
-6.026120515433831
-3.751486223540269
-4.000486603414174
-11.293381431682064
-7.2224066218332155
-2.494606673004455
-7.999837677260075
-4.422884578704725
-13.41970949300594
-23.953200342324635
-13.348997299962775
-10.61955029209048
-7.408131101230083
-24.653664229899732
-12.219615158363013
-5.3986053305343376
-1.28003861597972
-9.769372335918831
-15.030598202700162
-8.33970636601407
-3.773168585989879
-11.605225490275188
-6.016461189848997
-3.0203927324619144
-3.1884373631321523
-6.016462971259898
-3.5651554058422334
-3.2755906091338147
-12.826403415994719
-5.5753708231113706
-1.636231033333388
-11.03973592195689
-4.694756478005729
-19.78424391086446
-3.236697995927898
-9.614793606347348
-7.044759191783442
-4.457904465400361
-2.120976927530137
-5.050594712840393
-33.83772355304882
-11.909161353428317
-12.283824250501198
-18.71787694931936
-38.40477770832331
-6.742346964359058
-6.3000141365409945
-25.89742329766068
-6.6904765000108455
-2.6218093570778365
-6.494055284823844
-7.285749330898369
-3.838809987901186
-35.948270453004454
-0.0244905196595937
-8.451346973823092
-46.36183839944238
-16.334678605715453
-3.236697995927898
-17.068452010770898
-7.044757824288354
-6.313563495987637
-65.66184716588032
-0.6944846127880737
-9.387564421420848
-9.815656728307658
-26.15610287175764
-36.940216967224615
-12.020898770177155
-0.14274894829918594
-9.614794399073844
-11.337425994865043
-7.178345339693351
-8.695217672553554
-4.286472128238529
-18.247384787562623
-6.394069237430813
-27.700676661609577
-12.531333602483755
-14.355444223600898
-28.458456130010518
-10.457433659177696
-0.5197676806128584
-11.229894658422154
-4.2683705368440314
-12.505353879132599
-2.7955573559738696
-15.960909771807565
-12.07253969161684
-5.879278153736777
-19.09273506772024
-3.7076262449616024
-4.156381943253564
-4.638482094995197
-3.828148335939659
-8.359687486097755
-15.694175614466076
-28.13886974663626
-6.434505008219276
-8.707633492413152
-5.686161891397205
-0.142748839800106
-3.7465576687682187
-6.377336907815334
-2.82622630401238
-8.315497225406034
-16.69377324252855
-5.570274005200133
-9.290198380160973
-4.858652501210145
-7.095411057023739
-4.597359069994127
-1.1018748512578895
-4.836513034696054
-6.026118989840143
-4.692722274741982
-7.312165775685571
-7.885058081308671
-10.981188543795724
-15.761679168949058
-9.726758898711523
-4.397323560548102
-5.55002244883508
-22.533948397719996
-17.58226251602173
-4.422884220107335
-13.419707323715556
-22.93867036354459
-6.02611951970448
-6.040384764264672
-3.9440238517709076
-0.0244905196595937
-2.677196334116161
-5.567373434081674
-5.684962889179587
-8.22646940065897
-4.4228841822286995
-13.419708227345836
-22.93867255411533
-4.319922166876495
-25.8306253426108
-11.644973304053565
-8.41384528164781
-8.71774947607355
-0.5687803570181131
-13.7918789930809
-0.14274870522399397
-3.197092123181392
-5.69623591717891
-13.47987994920004
-28.163665011793
-7.800023375362798
-18.35580174112556
-16.804175079480956
-19.83093898803054
-1.8040196692311383
-7.369714140580982
-18.199942519536535
-17.39477001783962
-9.832037027634215
-9.689474808843443
-12.936651211301523
-3.287403396747777
-5.40610208022099
-25.708031277802547
-3.612685747397336
-17.532257008979286
-29.25622525986546
-1.3265045585576445
-7.369897019323503
-19.334350236353202
-0.14274870522399397
-16.551887230873717
-6.237852118239971
-20.335494829731942
-23.45894761910131
-17.588664759940002
-9.740626007337141
-11.986092848499538
-2.1649443665519357
-13.840751744268346
-5.950159311294556
-0.2167064465797921
-11.957500246532163
-3.7215237664058805
-0.05685558853929251
-6.134203490961227
-3.2027546840326977
-2.826226318913541
-3.2755902664143832
-0.056405624778562924
-24.312396271381658
-22.800227343166625
-15.044802176980738
-1.4765729744030978
-6.418944190721959
-8.676061169176705
-4.039099785033613
-13.91478550805914
-4.451540294347069
-0.142749531074287
-17.068451413964112
-7.044757823226746
-6.313564273620159
-38.246020567323285
-11.70199026512546
-10.190332372840203
-9.183170515123038
-9.284190008152564
-11.723481333485779
-16.879003305331935
-22.125861391712533
-14.718027265967976
-0.5377507780503947
-6.7547305048356066
-3.2366977798592416
-17.068451413964112
-7.044757823226746
-5.928903661286995
-21.619499110518518
-14.131972728164328
-23.97091263934999
-10.190332746167769
-9.18317091159679
-9.284189883981071
-11.723481187551897
-1.2489132432874612
-7.540650709473994
-0.05685570646801352
-0.5063126579370874
-13.202979923786188
-1.1014804951119004
-13.193753904561618
-6.629279906133888
-1.9610567931522382
-5.6997816587208945
-2.5502806644590237
-8.277960985199798
-8.308681412338046
-0.8044532161948155
-70.87279734518233
-6.001130870106863
-3.6685771570919314
-7.168988700508635
-1.6032732754028984
-6.221239129838068
-1.4719215854711365
-19.769719120075024
-10.509242844676919
-8.738540080281382
-0.5729650754947215
-1.02436986656312
-15.644698307427461
-5.1557745435711695
-6.386407791447709
-11.204190720360202
-21.874775161693833
-13.424651188310236
-8.781807411069167
-17.25130622296274
-11.912728372844867
-0.31137611586018465
-20.63710672457819
-7.398404367500916
-6.435566141422896
-17.16452077899885
-7.338200540871185
-0.03533568963757716
-3.1023740334057948
-0.05324346327688545
-16.425546917068687
-0.06018327898345888
-3.724949065524015
-0.062260237406007946
-3.149960958675365
-24.11634135880331
-6.229307849374891
-17.541117372908047
-6.323878766488406
-3.672448107636228
-16.5411433651243
-18.69805860672477
-3.4570293218130246
-3.959357365371943
-4.6498943549377145
-6.357738739578053
-3.081542336512939
-5.3832493632799014
-14.714099793861351
-2.5406355800369056
-5.173043992197563
-0.03533545866957866
-7.885985318739586
-0.05324323242530227
-0.34881116273027146
-0.06018339074216783
-4.648356689062666
-0.06225966406054795
-3.7249482358874957
-0.08447912556584924
-4.625843976721853
-0.0818992480635643
-6.786631435290474
-1.4691455952961405
-2.892838478088379
-19.7199606314025
-3.969007154839346
-0.5578408226610918
-14.523342300701188
-6.290740504278801
-9.316573917229107
-3.0216534120954748
-5.41240904328879
-1.0564421043263792
-3.9593568958111973
-3.0932042311760597
-4.275668777001556
-0.8879426769854035
-8.299354824073816
-9.087528864798287
-19.930996951280576
-0.024490164127200842
-3.308026341509958
-17.38765763590186
-11.032389493953815
-4.123391538956639
-9.307937724297517
-2.5977117112397536
-2.0059398224111646
-3.7818078114669333
-12.693511567485302
-2.6796901858597266
-10.929357332923246
-0.30086353421177137
-1.8414194969991513
-10.529527915736253
-7.24019965127809
-3.369415860492154
-10.929358105633582
-7.710876616696623
-5.912598819633786
-11.876373389473883
-8.601740073499968
-3.4570293218130246
-3.959357365371943
-4.639190087647876
-9.991342768771574
-27.25689282780513
-3.276593418326229
-5.7273737993091345
-14.804683939068127
-2.7472471369155755
-8.013907233369537
-6.024484190980729
-5.278747167905749
-0.03533545500249602
-7.885985582561261
-0.053243690519593656
-0.348812196891231
-0.06018327898345888
-4.6483575546978955
-0.062260237406007946
-3.724948352127285
-0.0844791034469381
-4.625844095683306
-0.08189926273189485
-6.786632028950407
-4.490876135007852
-5.4161205062137014
-0.035335343185579404
-16.42554690523798
-0.05324346327688545
-3.7249487111557755
-0.06018327898345888
-8.666806603723671
-0.062260237406007946
-8.86652159869709
-0.16685095586581156
-3.885525432182476
-3.885525432182476
-5.424126625806593
-7.207672948847176
-0.9932434305355855
-11.962292519190669
-14.062999340355418
-11.390184838284767
-1.2544762371853722
-15.10202983266936
-15.102030064728751
-8.026115673563709
-3.911486255208729
-1.0564430924578119
-3.959357165777874
-5.899674777159817
-2.4369008800713345
-11.30524215013429
-3.563137457036646
-7.935529109989147
-3.4894952270915383
-4.324900328643707
-23.610765150777297
-15.788511386724622
-15.978029980224164
-3.522130823233965
-3.7498365952196764
-5.674562098050956
-12.787431161010772
-6.463820363038394
-12.444534619382466
-6.093550882860654
-0.03533533951849677
-6.69704424828069
-17.137057725853083
-26.659979182401003
-0.05324379866942763
-23.25118682990751
-21.923756940318526
-0.06018327898345888
-9.37779814426176
-0.06226014764979482
-13.328939325868305
-0.08447912556584924
-3.9885488276105434
-0.08189926273189485
-9.377798031629936
-5.409412868812979
-14.356796529726125
-4.487369106616825
-4.525905131904437
-14.730726325302385
-0.0954751642420888
-3.61055038656923
-12.87606931629125
-0.24692814238369465
-9.028480944383773
-0.06584810744971037
-3.3293770296149887
-4.474298495799303
-1.2172688340069726
-34.11928855768201
-24.711828598905413
-15.102030454516353
-4.589352855662582
-0.6995521726512379
-4.718165157687963
-4.982515314215561
-16.265971473883837
-10.109558012132766
-15.260745281428171
-2.6951296420011204
-36.224481645399806
-8.714967080790302
-22.086223732927465
-19.991038139448392
-13.205892252974074
-25.545617888437846
-12.928451777683222
-10.99688496082672
-10.865085974292015
-5.503824270796031
-13.712921817786992
-14.193221391238694
-8.755564684909587
-11.472936663450128
-25.84975018574096
-4.469665533293664
-3.8090923501731595
-6.178312929245294
-13.696427985565265
-19.18143315885027
-9.898206181433125
-6.539434983281353
-8.251487876666943
-4.9033578102062165
-4.1254980279095435
-4.76712239254266
-4.7622452938192055
-10.261232360219992
-12.96194824250415
-26.183443367579002
-20.82772943834516
-24.68609583520447
-9.850949963167295
-15.740499848001491
-8.60443851443415
-6.756285324652708
-3.490442440392144
-0.718711564932164
-9.62571457006743
-11.194709542804958
-2.092559360928135
-18.546528082989425
-3.9713006728634355
-18.69241910402411
-7.044757823226746
-26.626706507286144
-11.854997485876083
-4.238815181424798
-20.231923308049772
-4.542642364773201
-9.310105976648629
-4.45726680214284
-10.669027243187884
-2.094612711251102
-5.042001984209492
-1.9700338458787883
-3.9912826616314305
-5.6817841705674255
-5.21664582338326
-15.359309084002234
-8.714966906431073
-4.692722536058
-5.33604134619236
-5.223216682050406
-2.677440731022216
-5.5959166245447705
-36.35803172973641
-9.261179251920112
-3.294324508390673
-10.790361801555264
-4.45726680214284
-2.2139881265293297
-8.911084237512114
-12.71391591662541
-5.558925485679993
-4.2054747121619585
-9.076609394123807
-6.477710404562458
-2.150789134131628
-3.9912821325856385
-5.681784811853959
-5.216645837389478
-15.359310796300633
-5.658373857960896
-18.113919984139102
-6.987631677277477
-16.43857441113505
-9.304997811132125
-2.364260159985861
-17.722358972541315
-10.359902480764504
-3.9912824561583875
-5.68178420312006
-5.216645885258458
-21.08615915595692
-2.722724615869083
-6.222762375324237
-9.948215350072132
-2.9953834580956027
-0.5041222795844078
-2.9953833379695425
-2.3603690625095624
-19.69246507799835
-12.266695577651262
-1.8838095880346373
-0.37531465841857425
-7.450911568012032
-1.8414619340619538
-8.947540929242678
-2.177303367643617
-26.97393320208994
-1.9134060067590326
-13.345937292737744
-1.9656830846797675
-14.72961281969765
-2.2775879226392135
-23.46544189949782
-1.759882278740406
-9.5795331930276
-7.8768830510941825
-4.681141463355743
-26.442394683760085
-24.11344102677515
-18.63000969425775
-1.8414619340619538
-8.947540929242678
-2.177303367643617
-27.043828917703195
-1.9134058802155778
-13.34593800455923
-1.9656826157588512
-13.608872819226235
-2.2775873048231006
-11.978368671693715
-0.9121965718783258
-1.759881816804409
-10.017643678061177
-5.972075658828544
-13.467255531678802
-2.9953834590014594
-27.341820274301426
-3.5884717274457216
-2.2582922008787136
-20.395368617027998
-11.085794971157156
-21.620725433767348
-0.05324312066659331
-6.401379241071481
-0.06018350983504206
-8.481446429014795
-0.06226014764979482
-21.012265041186765
-0.08447874616831541
-9.744687728820281
-0.08189890545327216
-14.850554074182583
-8.617149561989208
-12.735338245867752
-8.464693426620215
-16.34700060835894
-3.4780542254447937
-8.45714668277651
-8.361390931342612
-5.440835975838127
-14.341929949985115
-6.953629458388605
-19.547603528426407
-12.051491713209543
-11.143423865548925
-14.015498908953305
-0.03533545500249602
-8.947541370136605
-0.05324346327688545
-12.9146436770111
-0.06018327898345888
-13.345937295531712
-0.062260237406007946
-13.60887305776123
-0.08447924465872347
-16.856571000476833
-0.9121965718783258
-16.977448922074473
-15.417478633615247
-12.869747620057751
-20.39536885493726
-31.0472739826655
-3.457030133722583
-7.444606187847512
-13.877127481624484
-7.118214123416692
-22.440235898477113
-43.98060948400962
-1.826866701558174
-5.662596782429318
-20.218497526075225
-6.827220863833645
-20.49419382728479
-3.67526323547645
-14.959553783916817
-15.168197636963441
-33.84834099701311
-24.828946625899334
-19.229422402080672
-16.2074013005481
-2.462018398568034
-3.1884373296045396
-28.534396952777115
-33.47317092401045
-7.121544098976301
-1.5360258407890797
-0.979048844659701
-15.102028922898171
-8.02611700355419
-7.849812273758289
-13.589322675052244
-7.444606187847512
-10.33029542688746
-9.757091110845067
-60.20386646067709
-0.5470577678752306
-6.638441149727441
-13.463232904614415
-13.412744179160654
-0.03533545500249602
-16.453175519533033
-0.05324346327688545
-5.942845108234906
-0.06018350983504206
-12.9146436770111
-0.06226001388859004
-13.345937057360516
-0.08447946072556078
-12.446236815906445
-0.0818992480635643
-12.24512273541768
-21.784023269021418
-45.39928070262522
-0.03533545866957866
-38.70868598840934
-0.05324346327688545
-13.345937178534314
-0.06018350983504206
-18.626181238374556
-0.06226014764979482
-12.15528371336768
-1.722337815182982
-13.299367272499694
-0.03533533951849677
-16.45317507909749
-0.05324312066659331
-5.9428449220140465
-0.06018339074216783
-12.914643822995913
-0.06226013298146427
-13.345937770855471
-0.08447924465872347
-5.572193568273974
-0.08189935237169266
-17.341133177280426
-9.476420967898775
-2.430825391144026
-21.34000661355094
-7.625417161798396
-4.59125910140574
-1.142696192022413
-8.248547029515521
-8.026117055009763
-7.849812027248845
-5.554332104278728
-3.275589790974209
-54.40125842323323
-0.9932441682631179
-3.2755901616405936
-9.165596242492029
-6.957503734114653
-38.280232609802624
-28.035315036839165
-35.47268243256258
-10.458518496729084
-8.19979841040913
-1.591867265284236
-16.77061036021405
-1.1032380479155108
-6.862092541174206
-4.184042310458608
-7.91471499768204
-8.02611700355419
-7.849812273758289
-16.832617520180065
-5.79976826471102
-2.4140535509213805
-1.9193135515088215
-40.20358292423725
-1.841462056938326
-8.947541160210676
-2.177303237374872
-18.912361535629316
-1.9134063456440344
-13.345937413460433
-1.9656829801388085
-14.729612814808206
-2.277588257798925
-23.662127886107555
-1.7598820552229881
-19.097115832337295
-1.9935205528745428
-22.122984807498142
-10.88828437902339
-5.799769169956562
-15.40234093926847
-7.170227754616008
-4.608090079640533
-16.91743483681421
-1.6216436033600985
-7.4446075662049225
-1.2277167861611815
-4.921470247505567
-0.02070650465975632
-23.22369548669667
-14.899640815232033
-0.03533545500249602
-26.97393237228107
-0.05324346327688545
-13.34593800455923
-0.06018339074216783
-18.626181356761663
-0.06226013298146427
-20.098743501584977
-8.131170609616674
-13.767200700531248
-14.278937799444975
-7.379070664341043
-3.9918636690999847
-3.4570298842154443
-13.507872946487623
-2.921045024666455
-6.865646867692703
-9.707729248621035
-13.221930068918937
-13.060723562724888
-9.538563725989661
-10.260914271086222
-17.879441693620493
-0.03533545500249602
-8.947541370136605
-0.05324346327688545
-26.97393320208994
-0.06018327898345888
-13.345937295531712
-0.062260237406007946
-14.729612934126635
-0.08447911078110337
-25.024772317759925
-0.08189935237169266
-15.924630026085651
-2.837983246600743
-11.937772469987976
-22.838569509923104
-19.29646816245304
-0.03533510855049826
-8.947541354766145
-0.05324380600359291
-26.973933139945984
-0.060183737077750266
-13.345937292737744
-0.06226013298146427
-13.608873176272027
-0.08447888738010079
-16.856571596501453
-0.912196041766606
-0.08189912897069007
-16.97744832789067
-18.774060120507784
-1.056442102461915
-13.50787276403571
-12.47056904100782
-19.296470533993215
-0.03533499306649901
-8.947541488410934
-0.05324312066659331
-26.973932745683214
-0.06018339074216783
-13.345937532684275
-0.062260237406007946
-13.608872819226235
-0.08447874616831541
-16.856570780073525
-0.9121959915333946
-0.08189890545327216
-16.97744880472783
-16.462409277728057
-20.736479834637976
-12.148287037681257
-3.4570293218130246
-7.4446075662049225
-22.66611119487061
-3.9333818741870346
-10.68260777330579
-10.279807786095262
-1.6211584183165542
-14.361148159743607
-0.03533533951849677
-8.947541747293144
-0.05324346327688545
-26.973932399318983
-0.06018350983504206
-13.345937178534314
-0.06225967488717288
-13.608873176737688
-0.08447946072556078
-16.856570649117202
-0.9121959328745106
-0.08189912897069007
-16.977448679464942
-12.757912816849057
-11.201130752673635
-9.937045329023249
-17.48291110313039
-9.711841503765754
-17.66979320000428
-0.8041773922741413
-20.39536945236614
-5.610879140032921
-7.379070664341043
-3.9918636690999847
-21.544432861659516
-0.14274895528387788
-32.556736119491006
-19.994616878694615
-31.77008484869293
-15.142071504433261
-24.296971200672488
-11.579906540937372
-14.917545870091999
-20.27632118360998
-1.2143794187322783
-12.272671064529277
-6.325338840484619
-0.519767293764744
-26.046663965761354
-13.876250510054888
-7.998614988883219
-24.372558301127356
-10.97310654480134
-10.560371224537676
-13.538393645256292
-5.408675941867841
-23.05014903531992
-0.27547578141093254
-25.232840468014956
-14.095894048557966
-10.215248063504987
-19.416760465566767
-2.385956666277707
-19.246847075131882
-13.404305349300557
-0.14274904701937885
-25.232842432792722
-14.016748875258145
-9.112699108028664
-3.6518429532588925
-12.379796535118658
-16.564308316421375
-17.40097984601016
-11.30412758467719
-2.00723042536265
-8.605789870671288
-6.75473074324691
-43.48178956411334
-14.271811246017023
-6.026118989840143
-12.768937934743008
-2.5312213395081926
-1.0757340028503677
-17.582947359791433
-54.84796886333788
-9.624368058881373
-8.381022982448485
-30.959840479976265
-9.670007818065642
-60.51005159335364
-9.317285545897903
-3.8517689080154014
-6.041540992227965
-6.50557527150977
-3.6126852872075688
-19.89150829657592
-9.299037408433378
-13.965383963872227
-9.021360352810007
-12.745072627854825
-0.43129769680672325
-11.266515283379704
-20.1054513072595
-11.634876109659672
-8.570312262163498
-11.524866396095604
-13.42874020965246
-9.741894872878675
-20.208405457825393
-18.747896243505238
-28.19240902481465
-12.42140955839568
-1.7932582705980167
-29.23605238692835
-21.403643991815898
-41.89037135234139
-31.760539620328927
-14.543037023397119
-2.150789134131628
-38.06063317648727
-9.026233059397782
-22.09735142556019
-0.13836831750450074
-3.484736798898666
-0.3003240894731789
-0.24497181922197342
-29.9103941982612
-9.89122102278634
-5.642997661907884
-16.982594625211277
-13.141340352594852
-12.575872687157243
-18.594651840627193
-46.41500542159133
-4.319922815077007
-21.17385308067537
-24.690337646009084
-18.50690296434186
-2.391746514465922
-27.906181401158392
-7.624021016024926
-0.8605761496583
-0.403881008170174
-44.629739617801306
-12.42540760308475
-0.9316235512524145
-3.236698122585949
-19.15447872361551
-3.150135252493783
-2.1209771016583545
-22.752579587173386
-5.492161018322804
-10.86508692787902
-13.712921972386539
-36.22448242587723
-9.026233059397782
-11.702097464599774
-10.072421920527631
-18.676915525343247
-11.288906542118582
-10.805712870591037
-23.634555907698882
-14.521353700874897
-5.947317744794418
-0.0840180367231369
-2.236921868287027
-36.22448299473342
-14.618168987895842
-11.583486689451092
-3.852026787470095
-2.850894477654947
-19.180456794776546
-14.297253642391297
-12.403619793971302
-4.4228837047458
-11.472937802194792
-22.938672701135147
-17.58226227760315
-14.329706800248914
-13.996478775586183
-10.229565516213142
-12.72928878437233
-22.50593036059945
-0.02449040301144123
-17.9746038020603
-13.353626892610919
-2.102248564961201
-11.06164367380552
-8.768032710177067
-24.39830441714514
-29.708737343017447
-16.880335657929663
-13.51453848309336
-35.38180055217799
-15.239252850334083
-0.27985522395465523
-24.29760059084265
-3.2398854107159423
-17.98981738848829
-11.447335380927143
-17.496320449428822
-10.768019015150458
-0.9928289323402169
-16.61514715708836
-16.93504781494721
-7.737270505167544
-4.078303576905398
-10.111313682875334
-19.211327690449252
-2.7133841714985465
-10.39338481426239
-43.353012407642154
-12.42540760308475
-0.22822774004453095
-25.23284047263519
-14.016749249824443
-16.276457384108426
-4.457904942940559
-12.626228782704857
-4.457904346666737
-47.6279966285324
-21.50438630205099
-11.30412746523507
-3.236697995927898
-18.805499113029555
-7.044757823226746
-1.5913250101930316
-5.641549063014281
-11.639809159250945
-2.39174647906475
-4.248936221934855
-7.801190049314755
-18.735185848455785
-12.134294540854171
-4.29171006692377
-0.06595651195402752
-18.61473929136082
-17.820194594789427
-8.534364721834208
-25.24237244842152
-16.327535678508866
-19.41164814424701
-50.131298661231995
-3.963106177599002
-18.731016544154045
-11.184189279581005
-19.67530489177443
-10.620312832759737
-25.762424776985426
-2.9260624653943523
-8.337013018435755
-16.258269328340248
-44.87958220084329
-9.679215559088334
-22.503809011526755
-13.159406881739415
-36.22448242587723
-14.16327320340497
-6.026120515433831
-12.381961862563912
-27.77094898753785
-18.409736804051136
-11.417903887348075
-6.341825490875635
-13.093569977362677
-32.268773961711304
-39.53639274400484
-5.600499367468956
-3.23988522910804
-0.8879418034703122
-14.491307699210722
-1.35150127977613
-11.282243792604277
-0.024490401381626725
-5.530740222738132
-9.89032464673619
-1.9177626310921596
-16.87433549182242
-7.79209749303115
-15.817204487604556
-0.024490757612511516
-3.2183846158659435
-4.450425599829032
-0.08401814848184586
-36.22448198675863
-14.61816900435042
-2.616797815077007
-17.068453240986173
-7.044759081384427
-4.457904509886475
-40.05597931561533
-25.197006820911156
-33.86994977939503
-9.524704861618375
-10.32591865939321
-34.920804712446625
-7.339713161202781
-15.135982033330947
-5.395248701614037
-5.658373857960896
-18.113919984139102
-4.992878346445991
-22.89696725016438
-12.754147962008574
-13.354617815913116
-5.236698599423107
-25.830628000958313
-13.827008380015172
-9.149898814008338
-20.553059507167745
-12.004659727361286
-6.665663267183845
-30.91819564301511
-3.180458452203311
-5.3604151974423075
-8.157527044939343
-3.0777005139771063
-5.658374446323933
-21.346861106720098
-4.383502373141141
-4.725681911589163
-9.46294438465327
-10.627391276995013
-2.057804370240774
-8.27545000805003
-13.835065640800167
-11.29840961183254
-1.789281153279262
-0.19658317673020065
-12.432836210667574
-7.258799245478258
-19.51469740736684
-9.86128167813149
-2.9605483801033188
-22.096087291954518
-16.602792813442647
-5.395248906737834
-4.666867905412801
-8.787458681140379
-18.424081659351884
-5.5389870080471155
-15.02819876481226
-9.195496061319318
-11.891129225219458
-2.198271904606372
-15.469518614765434
-5.140642073908566
-9.444952013043803
-14.901442533358932
-4.687031134229983
-11.784810038238561
-15.711930879100692
-18.18670066788036
-2.61679685395211
-24.49244078996412
-7.044757824288354
-1.6239075458852312
-16.433230472058767
-9.455425701791683
-12.443497857903822
-22.06414254658739
-31.497434346310683
-3.7046157535005477
-27.03869697936625
-9.76728922379516
-5.4422259308785215
-25.60117942036777
-5.193638780741821
-0.4438509966748825
-10.736711233606911
-6.133792999612979
-8.589325026930965
-8.58932530362108
-18.07288015575614
-20.64960388018517
-4.4572675949311815
-18.11392107291158
-4.383504329427865
-12.722369505034294
-10.544366512740453
-5.404075393103994
-10.359902540812982
-6.240298070664721
-5.681785368995861
-5.216646800776289
-15.13351773555587
-7.721991990149945
-4.692721307694228
-3.2207892792357598
-11.68302832388963
-4.186386432003928
-39.180728620893206
-14.723823442963294
-9.310149318584081
-15.556446973169386
-13.39114968017747
-4.767009373766086
-5.99428656366581
-11.747849951800163
-6.321341732109431
-15.657089571161123
-5.735876526854099
-6.0078485028052455
-3.23988522910804
-12.746601387540295
-2.826226900015172
-7.322635699568082
-0.8879420362536621
-10.117035083553674
-16.817345555477914
-14.786222924216304
-0.6956067597202491
-8.870766755811928
-38.16567136177059
-14.618170039257166
-6.296820426744944
-3.818071692096055
-7.361383865369135
-0.7815582933399128
-3.027603524926235
-4.642725271405652
-9.552755746914045
-2.6796901858597266
-8.82453353908204
-0.142749531074287
-10.084574992407397
-2.016760265920311
-1.542436408737558
-2.4327202406857396
-3.6634383597811393
-12.385195742932808
-17.896161186949485
-4.450425599829032
-12.55251452097582
-36.22448299473342
-14.618168987895842
-5.9552996720603915
-2.9200520710630826
-5.410920738675486
-5.4109207906221855
-24.780756030457155
-27.030715718212377
-3.569842682554736
-27.767648826233426
-14.163273044017842
-5.658374446323933
-17.4821430644879
-7.044758082560065
-6.3135639700235515
-17.11867358499876
-6.069014778322526
-17.43806683949515
-10.865086570280255
-13.712920930236578
-28.1556113381464
-10.423905837466009
-6.366541559204052
-8.965601335868996
-1.6271975662821205
-13.326106803190214
-0.6924410682622693
-21.890173340112597
-3.6645133763668127
-24.37913092344752
-4.724093373239157
-3.1015472693688935
-14.332100070358138
-13.631293201004155
-6.392775818705559
-13.901715455845988
-20.05863108919334
-20.034244088456035
-10.613548926081421
-3.904601974785237
-7.658092737896368
-5.81314654720336
-11.163142001256347
-26.902693690563638
-5.102134389799403
-24.992599895795138
-4.407105223197959
-6.8797940503609425
-17.109600090727326
-59.20363369376605
-12.20414286243431
-1.4308089160699637
-2.5653717568161483
-10.629267741373042
-2.3964931501541287
-8.466505293274167
-13.563147473464596
-4.262882394418284
-10.753433060306634
-4.286190849719787
-25.407472141218022
-1.594036857917672
-5.395248445267498
-3.721523896791041
-4.262882114442164
-10.753433712285187
-4.286190594413711
-27.654524702343224
-5.1021347469611555
-6.766427560309239
-4.26836893577422
-0.6369672434557287
-9.203473948600731
-15.70448038745235
-11.28917781295604
-2.0244925424049143
-5.059676347818822
-7.711782851877103
-10.181203188389134
-18.69327168336349
-10.977682121024827
-0.08143579396346468
-0.9474624686772586
-7.811085457913578
-5.115551125016282
-2.1318553964374587
-0.7187109838305332
-1.3039963052947314
-8.054442519096483
-2.1135146238630114
-6.157051086425781
-0.6150726538107847
-0.13875185832512216
-13.890014573698863
-6.468661460646217
-7.513029645982897
-0.9622965656017186
-0.9766261068289168
-4.278208389878273
-3.280089104797298
-20.019123408332234
-9.076911212276173
-3.0119280753224302
-3.8965703843859956
-8.119934499020019
-1.4225610375196993
-12.449378085085755
-7.4632587053773705
-4.887500316370279
-17.69548665695902
-9.610500866430812
-1.527792435939773
-2.521087767323479
-1.5277925551781664
-12.77064698992126
-3.4041690948452015
-6.8056042543280455
-4.812128954905347
-30.984994413665675
-32.25772675692474
-9.041554796953278
-36.224481645399806
-14.618169145449428
-0.22822774004453095
-17.663415312827055
-4.383502373141141
-1.976104733053944
-0.6405898462335244
-1.8978378006140701
-16.30921601287082
-13.172050160035724
-8.381438731914386
-36.22448198675863
-14.61816900435042
-4.483240277108962
-4.692721017376471
-8.264323217998026
-13.17204991055769
-4.049736285523977
-10.457350969314575
-4.422884578704725
-13.41970949300594
-22.938671605408672
-6.026118111486539
-10.105487608027033
-2.338119393691386
-1.7883403017767705
-2.2236402779471973
-27.53172915536561
-3.7514865209232084
-9.542530096252449
-22.220318418770603
-8.707633492413152
-1.6686340466349066
-8.695868522876935
-3.2398854125422076
-18.37999342475632
-15.326645030902
-11.614108559409942
-5.654901057729148
-7.548467085378377
-19.27095508039929
-15.934728676950954
-12.809107336291241
-7.234729335948032
-11.430687097061309
-6.959731467716665
-10.77625145856291
-7.982131788150582
-12.789492068986874
-9.368076085112989
-4.079055792350118
-0.8879421424571774
-0.2754758750088513
-11.878691068118542
-25.449414181039174
-7.163071592640335
-15.543786440583517
-17.22799219572937
-9.247547052276332
-12.680371660506353
-16.93455219151474
-15.48125358381003
-42.91048762932314
-12.364271614374047
-4.808682069691713
-1.3418767284747446
-1.8647146423845697
-0.7013574242591858
-14.988773249333462
-8.70763316458033
-9.501505917214672
-53.66530995226162
-10.375031506619052
-2.462528417359863
-3.1002375046537054
-3.1617604107159423
-9.040980658013154
-2.5353753115050495
-6.494394430336342
-7.867596782146393
-10.206674964175818
-33.285994738630734
-11.279973525279217
-9.338176748957267
-21.114580579924223
-8.91446305145621
-24.61969748140109
-29.043246236969935
-8.794175579339935
-0.08401825278997421
-10.393385231494904
-41.01481545841011
-22.805192385450937
-9.28843252699653
-16.457204868602275
-16.862735178525327
-2.562783663443952
-5.399510724122592
-19.596885601168196
-4.343423403290217
-5.731716548165423
-40.61374271505338
-10.970191175532818
-10.865086868303479
-13.070200313351961
-5.881609066738747
-4.736295924417391
-17.45731279518077
-26.107670984411016
-4.31992185395211
-17.482143932631516
-7.6171357856519535
-8.910557752475142
-3.5457163701485115
-11.14419609838933
-12.004660397782573
-35.12024939062428
-22.60196230523252
-2.454279595578555
-3.643688482727157
-7.413689543021974
-7.225407688177256
-16.738270307082814
-10.358418620628072
-14.129704983381089
-40.208656112303515
-9.158087477231675
-10.393384575843811
-7.050341177045993
-6.033204322748588
-3.161760408882401
-3.1535671573583386
-6.026755526987472
-3.16176022910804
-3.236697995927898
-17.4821419004802
-7.044759191783442
-6.3135641562807905
-45.90252294201673
-6.352601268429794
-1.411138515919447
-10.865086868303479
-13.712921826401725
-24.251287093696874
-14.163273872822174
-7.044757823226746
-18.331949521257684
-16.002575216936748
-6.147928175349534
-10.284623262064997
-14.921962027496193
-3.1430965129966353
-13.788275989692465
-6.361877355409661
-4.184244537704217
-3.237846629024716
-41.55594470612073
-19.67773700696125
-2.462529639768036
-3.1002369891020862
-3.161760408882401
-3.7658580054235244
-17.443387595715592
-4.450426121369674
-9.115944498953468
-2.5386721682734787
-23.76846032636604
-7.044759191783442
-6.3135641562807905
-9.08594957198784
-3.327528967853141
-3.874049950594781
-2.3989038297731895
-30.74102267518174
-9.497790691011687
-28.079932101769373
-5.609697767304169
-7.12141833356236
-19.694411155196576
-9.730273058157763
-18.443256054859376
-3.327528967853141
-18.443255343154306
-3.3275283399962063
-7.91588417757157
-8.589599931557132
-10.388891587168473
-13.764308080304545
-8.334819667015836
-27.810940036719785
-14.163272468445939
-4.4966200507440135
-18.150511603110544
-11.644972953643446
-4.2782081961631775
-3.7781319977511885
-1.545633241534233
-26.235232040286064
-3.687139477347955
-0.07078372944124567
-8.122022320516407
-10.865086570280255
-6.870490719869849
-2.3859569326359633
-26.41888218297936
-9.197477936057112
-7.6047602861435735
-7.317286742872966
-2.9838105837989133
-0.8879419934528414
-6.324806537363656
-16.720593334452133
-16.801154189025056
-24.20129460514454
-0.02449040301144123
-0.4943117145448923
-0.49431174574419856
-0.4943117145448923
-15.410818107713567
-10.267304038527072
-3.188437407835636
-2.82622630401238
-13.698626856566989
-4.09872380446177
-41.615270776066836
-14.163273044017842
-0.8879420921730343
-15.652950048446655
-5.9941838211379945
-4.728117856137942
-8.067142403142498
-5.515525423370491
-15.737210515802872
-0.8879420362536621
-15.771680616941012
-2.509636644024795
-13.613252571624798
-1.4442048227829218
-14.540724050235895
-9.61247229397668
-25.248956880830974
-11.5217536452692
-27.031314311313736
-14.233303194414475
-4.103601221344434
-19.88668122366107
-10.31887425536479
-10.436149030851084
-12.934658331514584
-1.722060548268928
-37.321813691748275
-10.168521957399207
-4.319922606926411
-17.482143105125942
-7.044759346928686
-1.7004407879360315
-8.486780317594821
-8.707632717545494
-41.555945601453686
-19.677735703691724
-3.9631061812679036
-6.227712824560058
-2.391747334950196
-8.383812564272375
-7.775639260187745
-27.13390653190436
-19.685651807074464
-5.367437059750955
-2.9466865495051024
-13.903462001449952
-8.14388232109809
-10.383513322095268
-9.022603393532336
-4.58296186424559
-9.057082891842583
-12.855207467764558
-10.504151481727604
-6.4724898948433065
-2.6229815913575294
-0.27990722277900204
-6.589194526953065
-1.9845856324973283
-2.8246379127303953
-10.639217985319192
-14.418371562824177
-4.927686292810449
-9.354714622550546
-3.6126852872075688
-11.229788393579838
-4.620559627325747
-14.48888149819686
-10.209506235754816
-6.282779204793769
-9.97638792924522
-3.254561001273032
-6.699089278550673
-6.026119645345716
-5.728713540767785
-7.747609098903013
-1.701142776888446
-2.7203320794928914
-18.02041435307183
-6.390081312973052
-5.307415742293415
-18.113921498942545
-4.3835037575084925
-0.1913637453631054
-5.646501801129489
-5.94514682823592
-5.045560852042399
-10.030180145491613
-13.24380901981931
-3.6339451334788464
-3.8493700778708444
-15.025567103161848
-1.5950878072872001
-5.89512776002266
-3.2992855639477057
-8.870766937885492
-3.9912826616314305
-5.6817841705674255
-5.21664582338326
-15.133517421718352
-1.3016007699770853
-8.714968126507301
-15.8739763146732
-5.334806834311166
-10.320506906969968
-8.74253904766556
-1.5974085587331501
-15.36312951589207
-4.707080301741371
-11.142182524010423
-22.32435260164857
-14.70831996107313
-8.755564741285525
-27.369384007688495
-26.107671270416176
-0.519767293764744
-18.807811699719196
-6.987632378680701
-11.216296020742675
-37.35584976861537
-32.60022924998884
-3.951689616580552
-10.012381046732116
-7.2640492053160415
-9.004645697079468
-9.18317091159679
-9.88685954061657
-13.9698631267147
-17.28372923095594
-7.122664905969032
-10.350145729617907
-18.71475858372662
-26.76624381478382
-2.822299056149859
-11.356395167895244
-7.611659042126121
-12.432510858438945
-12.772671630727473
-14.723780237555275
-5.41338449025352
-7.572069622146955
-4.927484206870304
-3.2874026373906418
-3.820624445172143
-25.708030729786515
-12.785813138845015
-7.044757773692027
-0.14274882676158995
-17.068452934973948
-7.0447593821734245
-2.8262263114484085
-1.7356734787726964
-9.579970752393365
-10.383613382127805
-8.402593371304079
-11.097016108949902
-11.359272208153016
-5.800833083616453
-8.37323860956485
-2.3910499268749845
-11.359272208153016
-5.800833083616453
-5.171822061016428
-15.108396308278316
-2.0160539082207833
-34.85860442922035
-23.238268612883985
-1.4864675828382587
-6.033204322748588
-3.239885408882401
-25.797730766442896
-2.8262260749070265
-1.0160710596101126
-6.7877078217111375
-2.7517536348677822
-6.950298561803265
-13.263758552343006
-3.228276926831313
-2.136069990404394
-9.715934901516448
-9.54943763720803
-4.701843964518048
-4.46049084700644
-7.177376874666152
-20.090159552299156
-13.993289161036955
-39.863403845806715
-5.658373979032831
-19.886680134646667
-7.044758082560065
-0.718711564932164
-6.754041998210596
-2.232145638694419
-2.391049543664849
-8.391882688077203
-5.8008332064782735
-1.601851475017611
-6.54961316936533
-57.36042907670594
-17.41764648431854
-5.658373860754864
-8.011456710053608
-1.3077029953656165
-7.85748984865495
-10.847822992563124
-3.178062888666318
-1.4503032670472749
-5.653997708083807
-9.168659171831678
-7.041437026481617
-7.068501486312016
-4.870220250973944
-3.290338292805245
-6.2402977149613434
-5.68178420312006
-5.216645885258458
-22.720982134109363
-4.103600204689428
-22.253309094174256
-4.383502411928362
-3.8396081917744596
-3.9060979391506407
-15.156514366760803
-7.396927691228484
-17.455702523540793
-0.5093089169240557
-36.22448276085504
-14.61816873188036
-2.762488367347032
-10.413755376103836
-18.44446489098482
-8.69793607556494
-4.663695670031302
-41.37415141677866
-4.927485326782062
-3.2874035310319414
-4.286192258774463
-25.708030902594146
-6.451084306542498
-3.528620418981518
-12.89453568395993
-8.394699422396116
-10.359901729543708
-6.240298233638896
-5.681784801159893
-5.216645665815577
-15.133517525197021
-4.693530790934346
-3.7514868249418214
-4.010936232371023
-14.733264741138555
-7.999837838669919
-4.4228841822286995
-13.419708227345836
-22.93867255411533
-4.103600792586803
-17.663415596316554
-7.183282048272304
-2.0463277745293453
-5.938508161299978
-1.301123933531926
-4.122721923340578
-10.408930108137838
-0.6294004361552652
-17.4157345246324
-3.4949748155327143
-3.618065484712133
-2.437832760922902
-2.1195524628274143
-18.002633916081322
-11.016458631390378
-16.728286332206153
-33.26554682530514
-9.153775481670891
-6.370407805166906
-11.191912053387568
-8.241335236933082
-4.852364789942385
-3.3285372301616007
-3.9912824264179108
-5.681785368995861
-5.216646800776289
-15.13351773555587
-4.483239148200482
-8.717878885596292
-12.026273120514816
-3.5203101246670485
-20.478719618397008
-3.568501775126606
-3.9912818607549525
-5.681784801159893
-5.216645665815577
-16.56241683139615
-3.77822825248586
-3.2398854125422076
-13.835981490074573
-14.321963609492627
-3.5481937880541636
-2.030030959936653
-22.534698034988423
-7.205340833592345
-30.43345614610439
-11.192440087150317
-0.14274904701937885
-11.878691068118542
-7.044759346928686
-2.826226542416407
-6.0538706573534
-1.6714490931335604
-2.232145614510955
-2.391049409081461
-17.037751670767193
-5.80083274457138
-15.10839524109906
-1.722060737265565
-3.261401215335354
-5.804354625855922
-3.2910996404098114
-69.57534056886698
-8.566084778327422
-5.658373979032831
-21.082908894941284
-7.044758082560065
-2.810601900015172
-2.8746522885360264
-6.576214884174988
-0.056405624778562924
-12.328945411817585
-5.535208982877521
-18.80037346955214
-19.401394630876894
-12.802191389084328
-15.561350349625172
-14.836757105455035
-9.042987900960725
-5.236697917693164
-17.663415312827055
-4.383502373141141
-6.732479062922721
-2.397674770831145
-2.2254719078609924
-4.161862822715193
-19.504249688779616
-1.237580726154647
-2.8529261252988363
-2.27823955228223
-3.4861548529697757
-2.391049409081461
-11.83989694041702
-0.7486818072393362
-0.6337429921550211
-6.9064518983941525
-36.22448198675863
-14.61816900435042
-0.14274882629592867
-11.24243275428421
-4.383504612469892
-0.7187113358086208
-4.347866580588743
-13.197750640843879
-5.15360920058356
-9.0046461962811
-5.077455037609525
-15.594712382284342
-11.351378232159732
-11.06855480204922
-22.12586076071966
-14.205919685409754
-24.360231236892787
-18.723242664169675
-19.26788615350597
-7.611359174989616
-6.8365173355241495
-45.74352983087124
-14.618169442625003
-5.236698599423107
-17.663416557699748
-4.383504612469892
-1.2806975095518283
-0.3623143565710052
-0.581157075240526
-16.821349929661665
-27.743562909194225
-5.198498796104104
-7.838543774465506
-32.20615633373836
-1.3398995863335585
-5.609132445618343
-5.167276177860913
-6.189235540194204
-5.146352882497013
-0.7187113358086208
-36.22448263541753
-14.618168311766567
-4.4572675949311815
-18.11392107291158
-4.3100621972888575
-8.280963412680649
-1.4695882817050006
-6.182834125369936
-4.572205768761705
-9.325896515790873
-7.21043064368132
-6.206179139640881
-10.359902480764504
-6.240297790398472
-5.6817841705674255
-5.21664582338326
-15.133517421718352
-5.621184001999154
-6.205430348241862
-0.7815581191462115
-1.0160710596101126
-10.828560700790149
-4.923855658737011
-14.726543466293833
-0.3291975326137617
-6.885746414416644
-4.081576177584793
-6.73916658534381
-5.148319416079175
-26.36638297561194
-9.512406085733687
-11.792387695149955
-45.743527335312365
-14.61816873188036
-5.658373979032831
-24.170424792441736
-7.044757823226746
-5.645486521194471
-12.571528081718043
-6.100175175699405
-17.269898838931113
-11.572210484308016
-23.46275414144111
-9.80052543140414
-4.174683565262967
-15.108396313982666
-6.664020272553898
-31.229722355209333
-20.544439204835726
-0.3899888205341995
-11.242433289265364
-4.383503172936344
-2.930950792215299
-10.039874458439499
-1.5280922902625207
-3.1130569840579483
-6.966975264171197
-0.6395625199111237
-17.658378487601567
-9.16762519248914
-7.390825311187655
-5.424089009771706
-45.74352763025058
-14.618168311766567
-0.14274894829918594
-11.242432890604732
-4.383504329427865
-4.402323084168529
-22.03285227050219
-12.00466109381523
-7.9475341574288905
-8.704331346565596
-4.7622429153129815
-3.4825148428299144
-2.678655837175029
-2.2121345695777563
-8.306353807491178
-4.2904339121014345
-6.7547314137846115
-47.97988101376461
-14.61816873188036
-4.319922569207847
-17.663415312827055
-4.383502373141141
-2.2513228993129815
-20.553058004978084
-12.004659010228352
-6.493652833732995
-4.6684538549434365
-8.079792486408195
-16.400773214613764
-30.32934848149307
-25.442254693869472
-24.212577258396777
-0.46367961820214987
-9.156625349112801
-11.165837644461135
-10.148745327038114
-4.027037771898904
-11.524594208983217
-1.9336479150224477
-16.64772426112313
-0.6498453078074817
-14.84919974425793
-15.596838861777996
-36.22447990113449
-14.618170039257166
-0.05983840643602889
-1.68549233613885
-5.316756972169969
-3.119367831101954
-1.9525957192072383
-9.381757170174751
-12.427952104930796
-8.315377042750697
-6.595000133209396
-3.7813255632136133
-2.6374956384534016
-17.98902343838381
-6.240298233638896
-5.681784801159893
-5.216645665815577
-15.359309344525172
-5.658374199756281
-18.113920788861833
-4.3100628674779955
-13.93471367769962
-12.453480192271854
-11.482725579251564
-13.291146971067064
-7.314465930789083
-7.631196454107339
-15.795356120041106
-11.694494950876106
-3.6177732187206857
-17.302765589143746
-9.852751030222862
-2.060595874768751
-8.954411214336687
-6.795067791864312
-12.291853121249005
-21.50488861159488
-2.597597494801448
-5.658373979032831
-14.042308123119255
-7.044759346928686
-2.826226542416407
-2.3917463533289265
-1.45883292023791
-12.0957386779628
-0.9015251983655617
-17.142721769017953
-3.9270457683014683
-3.770508578421868
-2.1649452447891235
-12.026347279068432
-2.9985273691272596
-4.166108371689916
-4.344186464473751
-5.307415991537255
-17.88644359373302
-7.044759081384427
-3.1535667978751007
-4.648262505608727
-14.418073176999087
-10.98365754646511
-1.426533658450353
-11.59333030480775
-29.191216674400494
-9.68477513018479
-2.81060130401238
-23.021459259608484
-28.16338483007894
-1.2078014290018473
-2.81060130401238
-46.563893052759795
-39.39919531341366
-21.55677784188356
-3.1568223124804717
-1.2993995978176827
-15.555058513124095
-6.0359934172884095
-12.908699548346476
-13.105026003700004
-6.664020669355523
-6.313512355900457
-36.22448299473342
-14.618168987895842
-0.12585392710343513
-12.98150481137236
-3.2398854107159423
-7.859750873228677
-2.1907360197269554
-7.667416369087277
-6.732443090009838
-2.9224995899503483
-3.6224267944999156
-12.76603886923067
-13.427607526805673
-7.989062745238925
-0.7815583557385253
-6.097162865989503
-7.9109849731539725
-3.8260218557406915
-0.7187112147839798
-13.235491420765015
-7.389685970179016
-9.72757234787241
-10.695563257904723
-6.2402989498768875
-5.681784196220633
-5.216647213120268
-15.359311720278129
-4.45726734213531
-14.108633886534335
-7.044757823226746
-16.099628562998873
-28.92459108147409
-11.985493040793244
-17.283729383692844
-8.899007323299884
-10.350146795365617
-10.35990230297466
-4.5832079231072385
-3.2874033379780485
-4.286191881843479
-23.452499458618604
-5.658373863548832
-17.663416557699748
-4.383504612469892
-5.962602721818257
-10.08791363207547
-11.513922787940828
-26.16869895351556
-8.620065322047594
-7.488864022005146
-2.6140918407327263
-4.713879420167359
-7.13595939597144
-2.844230474176584
-9.175386801827699
-1.323728241957724
-5.307248248296673
-2.107360275113024
-7.374054275797789
-1.3783889473343152
-5.295380895213384
-13.17204955665511
-45.74352760832812
-14.61816900435042
-4.483240277108962
-7.852150162870203
-0.49906066276162164
-1.4283622138800638
-9.061543125774506
-0.5811568703495595
-2.759582618235072
-10.235131975467084
-2.1495984156499617
-10.035047627501626
-8.294881626030701
-19.50267481649098
-22.051832099338753
-15.120360916416757
-7.999837349201698
-3.468914990118492
-15.753355462641935
-4.422884664015328
-15.346608598600142
-22.938671605408672
-4.483238897732917
-2.7978164676896995
-5.097107603593031
-12.261865469166423
-5.299942226101848
-14.244876908356673
-5.810486371803563
-8.769487473386107
-3.8668180280947126
-4.291878429092321
-11.330856151063927
-5.603139776898388
-7.999837419236428
-4.540749995896476
-4.422884578704725
-15.346609356885892
-22.93867036354459
-2.3179374590581574
-6.4769987447871245
-4.103600886184722
-17.66341690286754
-0.08143544564882177
-17.614668657056427
-12.004659587881179
-4.383503172936344
-1.9845654609962367
-13.253490482195048
-12.163106927429908
-20.50861379154412
-16.104253808436624
-10.284795461862814
-1.5277921975648496
-0.8526739235967398
-1.6709581475261075
-9.334047974338773
-24.98826767542596
-10.437773565179889
-0.2754766814177856
-11.242432842288736
-9.51247567516964
-2.25465248916953
-1.8104331014747004
-4.773223112366395
-7.709264074663224
-21.166279886266807
-5.422024450264871
-38.675023262693685
-30.373161172688924
-6.810230972456338
-13.837877041494721
-10.212491183973953
-49.57971944654332
-14.618169145449428
-5.658373989277152
-17.663416784920628
-4.383502411928362
-2.7239576573265367
-8.89018889325962
-11.794660688567092
-6.467062996583991
-4.664830256617279
-13.172049672022695
-36.22448198675863
-14.61816900435042
-6.985144929926264
-0.5834685490845004
-7.370635797484283
-2.2321470697588666
-3.8745633083963185
-9.253257175469571
-5.800833087210776
-15.108396308278316
-1.7220605799375335
-42.23567525905935
-10.375032575959267
-0.2282278592520015
-11.242432991318537
-4.383502373141141
-7.50440122324585
-0.887079484631613
-13.960230253502232
-19.586531930169713
-1.029774213930068
-7.8327774930021405
-3.698479264829075
-9.281382006617605
-1.0905289666334284
-11.095286798645247
-4.492414129432291
-10.924652567278827
-8.755563991257986
-11.472937302365608
-25.84975169890913
-4.319922397844493
-21.082910491788425
-7.044757773692027
-2.810601311506616
-8.7298099011241
-11.772886050757734
-15.108396075564087
-2.6218078681667976
-35.77989122384474
-15.783221988764126
-5.65837387379338
-16.36919205627146
-7.0447593821734245
-6.897908371713129
-12.546415318600339
-21.5769211923307
-4.321243552062697
-5.4539878211217
-3.9759599213948604
-12.914180654616302
-3.862296370363765
-1.0702764818706783
-6.2339945890780655
-10.079394788787795
-4.45726734213531
-17.886443979784417
-7.044757773692027
-6.603834615496453
-3.893464969471097
-15.863598314473165
-19.360657038678255
-4.069110866315896
-2.8106016708916286
-28.87079059716052
-0.7813491032575257
-13.740604646499833
-6.276619025331456
-17.58226227760315
-9.28138024794589
-15.47595652606833
-17.85324971775117
-23.89257737402295
-16.572103184263597
-29.187857297717528
-15.104125749988611
-1.7753890136909831
-5.7880599192285445
-11.302385229616448
-16.881085770178174
-3.5137920008169203
-7.311410008464009
-21.37385173702023
-2.5455233518005116
-5.081453605132992
-2.3767885457200464
-3.939473437716515
-3.9394729161758733
-5.392181691335281
-7.422690384289808
-11.379382712562801
-6.752526599883595
-4.438103388388754
-2.8262260749070265
-18.924460499147244
-0.27990705097909085
-10.191557768099301
-2.2644902863539755
-6.020686215721071
-14.04230618616657
-7.044759191783442
-0.7187107398240187
-2.3917462704484933
-3.7213056287628206
-4.732439022784092
-5.93461120432039
-4.303550584707409
-3.2366979176931636
-12.242291206116306
-8.291927869082429
-14.607093703802093
-3.732610037755421
-21.271974985851557
-0.7943167118208976
-3.313895406703523
-7.282588793998002
-4.835296421806561
-3.8119418250421404
-4.319922569207847
-20.195144963175153
-7.044757773692027
-2.810601311506616
-4.470186520709831
-22.306313430176488
-32.210725212104535
-22.866233482539428
-4.293011758420107
-35.45313513146698
-15.783221724181203
-4.319922569207847
-17.032681972020328
-1.5145645165321184
-0.27990680825314485
-1.8549865721724927
-0.02449040301144123
-0.0244905196595937
-11.087951724912273
-0.0244905196595937
-6.206478730076924
-10.184121576010511
-34.573399284745506
-8.38935857947763
-5.65837387379338
-17.032683260623344
-5.0817794491158566
-5.738324890611693
-5.039357109013508
-16.299150672915857
-4.5243373675657494
-15.108396309326054
-1.722060321480967
-13.953033421654254
-27.557746980972297
-34.5733991831022
-3.236697925145563
-19.51084721847019
-7.044757773692027
-2.826226311506616
-22.18884433383937
-0.19658249686472118
-21.213264549725864
-3.624010974774137
-2.826226311506616
-12.303311007239245
-28.807817291232823
-8.707632941077463
-0.14274895528387788
-10.164209320634427
-7.044759081384427
-0.6407055888703326
-16.514878412071994
-2.224037077074172
-21.490692606814264
-37.43154057538004
-4.927485684060684
-3.2874033333487205
-4.286190849719787
-30.787772422897433
-5.658374446323933
-14.042307226433877
-7.044757773692027
-5.385539727312107
-11.32713045688871
-5.10884679787614
-30.64075783253793
-9.428301126961742
-0.4172226032242179
-4.45726699574152
-26.448573352304265
-8.666760144034015
-7.330794856002285
-22.528772550027497
-4.547986278659664
-32.7700306927436
-29.425590804952662
-15.820311928422598
-19.63263177985209
-0.8797685010358691
-4.319922397844493
-29.493639643945244
-7.0447593821734245
-17.8709572990565
-2.898026571085211
-19.13436960685067
-23.5696258524938
-17.393041671664832
-15.108396309326054
-1.722060321480967
-4.319922815077007
-17.03268175586254
-7.044757824288354
-4.317236462604569
-8.789386672132423
-21.849357417181636
-15.33025626159315
-5.951652285408272
-14.478422770444013
-7.516823253055918
-5.236697779859242
-20.195144526996046
-7.044759191783442
-2.0593447448700317
-12.765511512268858
-23.699988860666053
-13.885886000397932
-4.457267483754549
-26.448574594175625
-7.044759191783442
-12.459209282609663
-2.391747334950196
-7.5971151970643405
-18.985680403971855
-3.779385216053697
-2.8262260749070265
-4.103601575247012
-20.19514544944559
-16.19768941136499
-35.20150857513727
-5.476388709119419
-5.208778998392518
-5.727374110370874
-2.257503736167564
-16.319402184373757
-22.7619946578111
-14.836756382806925
-5.236697779859242
-20.195144526996046
-7.044759191783442
-3.173121144343895
-12.663235319385421
-14.888009478570893
-10.182191336061805
-0.49431195203214884
-2.6218093570778365
-31.22972275855659
-21.405431368102654
-3.2501943558249877
-6.03320503464829
-3.161760586735909
-28.009088366260585
-4.907883874655454
-2.8106016708916286
-0.8370070481905714
-20.927684378164486
-3.5994733170227846
-8.019224315830797
-24.84525735877014
-3.5291115474135495
-20.263927904947195
-7.39938634163309
-12.11110735218972
-2.8853575396715314
-4.583094284069375
-14.796712676266907
-9.464655867815964
-0.5987129174172878
-16.330506912374403
-9.502861509806735
-14.15883118497186
-5.83496880257735
-4.982721709392536
-3.239885408882401
-6.848959683860812
-8.96083678391733
-0.8370064668124542
-7.253017022670974
-29.255320090233
-2.391746724002587
-2.024870524375274
-2.439241357584251
-2.6637358774223685
-8.145569835070091
-6.344028784085822
-3.760266269764543
-11.519950700821937
-16.401131498204677
-8.027530797175132
-18.086289173621253
-11.085353392084471
-14.75559588160786
-5.406534416846171
-10.057059061105974
-8.26634567955989
-1.278404871805833
-7.089484530217305
-10.863552490802249
-8.500448722841838
-3.068753386614844
-6.1902678688493324
-5.0790335267884075
-6.649201164661463
-4.697266918988134
-9.341395140203531
-6.460382426728984
-9.464655867815964
-4.0091125012895645
-36.0002489674381
-10.375032575959267
-9.281381364718072
-16.927764474043215
-40.86799632531984
-8.356723940562006
-19.626018454413952
-27.589817362998474
-12.359439898475102
-23.80299686275248
-13.17228365912706
-10.309826370898008
-4.805274508059483
-8.755564741285525
-30.26010799827054
-25.849752674234878
-4.457267211808357
-17.88644437486164
-6.987632396796926
-24.33683808223941
-31.38436240899182
-10.994629313585392
-34.946306545512925
-8.186039423919283
-20.16994734430773
-6.6640202279086225
-4.262882903382433
-3.2874033379780485
-4.286191881843479
-24.697889234507784
-5.236698599423107
-20.1951442131367
-7.044759346928686
-16.11114304807552
-7.685695154287714
-2.151117022089238
-7.689676371974201
-17.60849385837355
-0.7556094443552865
-19.599317354162622
-35.398707621983704
-14.836756617442006
-36.224481645399806
-14.618169145449428
-4.103600886184722
-17.03268278705309
-7.044759191783442
-7.156516044162572
-16.473219613995752
-0.5900770708685741
-3.834582788449552
-2.071056130285797
-39.53948812847739
-1.5790246289179777
-7.721378552065289
-11.718000798313597
-36.00025035168903
-10.375030476750908
-5.24235116916816
-3.8545192185629276
-3.1617602924379753
-9.068129174935166
-12.680493842565966
-2.698377270502533
-2.4429085648766886
-2.3910491341157467
-41.47042779736876
-5.800833903107559
-4.042668339781812
-2.5782773687278677
-4.849067213342096
-36.224481645399806
-20.8003916984253
-9.513583673626272
-18.229415502773918
-5.684933980825008
-8.356723457949101
-14.814782829196645
-11.605994042959537
-5.637358903954009
-8.502253027437291
-9.643366776585026
-5.881833269431809
-9.795543987711426
-4.805275070294556
-4.736295924417391
-17.45731279518077
-12.895211414660935
-3.2501947892237695
-0.8919437632594054
-14.511654506146442
-7.362664556450909
-2.826226318913541
-37.51561935943721
-0.024490757612511516
-4.438499286130536
-1.8606168215756043
-31.965866854479827
-0.0244905196595937
-1.463048221434292
-21.986484111062282
-2.380862643913133
-3.2398854107159423
-26.72157076527219
-4.641304039105307
-15.85995111187367
-9.12129002199913
-2.82622630401238
-2.0248697573183563
-5.942989043250236
-6.2606491816272865
-3.6609155375410865
-10.988225095887174
-6.260006681535742
-9.002600492412057
-26.69273278082767
-2.143768624140648
-13.06968682581396
-6.638854441323019
-9.598269325630099
-13.257450273638824
-14.667573351212923
-6.808076688967958
-46.80048733441413
-14.233301977656083
-4.45726680214284
-17.88644469593146
-6.4486829707211655
-9.016450125680876
-11.717198399357585
-4.125774992251536
-17.68746566574896
-10.797567625434567
-9.003310672165753
-6.078073953132844
-4.262882394418284
-3.2874035310319414
-4.286192258774463
-24.697891468925263
-4.469664145624847
-3.2360906137282655
-10.663567154039356
-9.746586808438678
-18.11035898908449
-3.2924630664147116
-8.29789213977483
-10.858557521254625
-9.442741711958092
-14.0630396933484
-12.357521298188203
-17.949925891749444
-3.362591455139409
-13.427383352740435
-5.107449598870517
-3.8359538234253705
-1.5879380540627608
-11.627908484349973
-10.977938327139782
-18.22941492675818
-8.167879170753622
-10.167619739251677
-15.830878915337962
-5.547716030210722
-2.6962229955788644
-2.8421280256152386
-8.448688888420293
-10.437048160172708
-3.7273288974611205
-5.89548775176263
-4.736294965147863
-17.457312586127955
-12.895211548009229
-10.23846717896049
-14.345829106903011
-7.044757824288354
-11.812275626315227
-28.871653490386848
-0.6056620793606271
-5.857897767398754
-23.111770987449745
-21.417288759723306
-12.239910056872759
-21.13020087166842
-5.671794551135463
-11.926690315364795
-14.836756382865133
-36.22448198675863
-20.800391795482938
-3.612685282550956
-10.318509823424392
-7.044757773692027
-6.438076556440819
-15.878058156944462
-6.569863500109932
-4.573895055040339
-17.665957244945957
-13.244598865964917
-17.16265201679562
-29.267860279247998
-18.614110999360264
-49.102220601653244
-5.306804320440278
-3.9210010200440593
-5.610463775870812
-5.175805125484885
-9.151092308710304
-3.1617604107159423
-9.909825749836273
-7.710750013608958
-6.319783582894161
-7.573650518846989
-7.025195761449368
-9.756109377948178
-17.375569216782196
-20.010481083718332
-8.156088875551177
-11.524658502092734
-17.075574237260525
-24.504835260457185
-8.721486724085423
-1.9315420099537732
-36.000250755048114
-12.204144451518005
-10.977936386469082
-8.4347348645897
-18.22941462434028
-7.9467547859349
-18.16676213748724
-8.490400697130099
-28.29166241358689
-10.597884577530749
-15.722691580296669
-10.872947638941696
-2.8411582745902706
-28.997305297508092
-15.361820187729109
-10.924651934910798
-5.067543686971476
-18.909372474859993
-6.649571541560363
-3.9807279925080366
-14.836756382865133
-8.755563778727264
-18.521656209618413
-25.849751294769703
-4.457267483754549
-22.728296042280817
-7.044759346928686
-14.691041775055055
-13.262340313720415
-14.42497622346309
-0.9654062739573419
-5.952389958350977
-4.553074359631864
-6.702374801272526
-10.06762675032951
-3.138351269168197
-15.12893910826756
-15.01175790749653
-20.8255175472641
-13.412097781822013
-5.013935491585926
-3.1002375046537054
-3.2398854107159423
-9.989950721278092
-1.7507718368360656
-1.4443713124346687
-3.9437903328216635
-4.39428042935333
-14.213305446347704
-4.525546236989555
-24.04690917098094
-6.481399627489736
-26.62365140032489
-10.003756198302654
-4.0447431350121406
-10.780391805339605
-36.000249684149026
-10.37503073492735
-9.960303623730397
-5.323479890648741
-11.375551459997041
-3.2398854125422076
-7.568926172211377
-10.494056293129688
-2.826226900015172
-5.453055535776002
-15.157723369784435
-5.945572806649579
-8.627986380674429
-12.249104766744495
-2.8262263114484085
-13.684467597078765
-8.509788668987312
-36.00025132190342
-10.375031829016734
-10.424568474854823
-10.977937603633109
-18.229415904790585
-29.12450166447161
-7.726043989830032
-11.976482127758793
-11.605992706103734
-12.359439898475102
-8.502252356186546
-20.44948171618671
-32.90267414451682
-14.614252816505541
-2.1745195510738995
-4.483598065936349
-6.338320039387327
-8.755563776588133
-20.566907147287566
-25.8497510874613
-5.658374446323933
-17.88644469593146
-6.98763280925732
-6.760885977373505
-5.076037776896555
-11.946489469046355
-16.10067003903532
-14.386339606111505
-5.578991024254719
-15.08391250538807
-6.6551185786374845
-4.262881401173672
-7.711972503428569
-4.286191881843479
-28.405871854147335
-5.397285152716449
-6.033205822090622
-3.161760293362022
-5.726674460677259
-3.3319070146608283
-5.032621630651079
-1.8175365094066365
-9.659553701552795
-6.540485376467416
-12.399987789191073
-3.0488386203651316
-12.723811157366526
-8.115618207772968
-5.346265417487302
-10.920091639687826
-5.236698599423107
-17.48214478108639
-7.044757773692027
-6.198048003459576
-8.840937184917493
-19.379879746693405
-6.425017140512864
-15.146799200170676
-13.428861052409047
-9.798687040012737
-31.652352846351846
-6.38758039356253
-2.9590441717959948
-11.375550315048713
-3.239885586735909
-14.806860575731662
-21.1599816167261
-5.632129433070077
-11.643427570012136
-6.609594895133341
-9.19479443647242
-3.436039326767059
-3.7848200956359506
-7.739323954549036
-7.99018255493138
-1.772155910964102
-2.248170563171243
-2.141723809589166
-5.945348128174373
-12.400771964192245
-36.00024738755303
-9.15808697621651
-3.9631061812679036
-2.330541181655917
-6.607751143579662
-2.39174647906475
-13.72175899951344
-10.137978050384845
-6.664020225172862
-4.262881753668353
-3.287403396747777
-4.286190811620145
-24.514968722076446
-10.977938327139782
-4.35794925247319
-10.673040082356238
-9.208071701576046
-8.755563776588133
-22.758911564582377
-28.023061480567776
-3.2501963811041605
-6.607751143579662
-1.3875426936683652
-22.157224177011813
-7.351328577263182
-0.02449040301144123
-6.761389388499083
-4.262883407115169
-3.2874033333487205
-4.286190849719787
-24.697891733364486
-6.718091982397709
-7.756383844588527
-3.1617604107159423
-16.980145039866784
-4.377623689266329
-2.8400634258541686
-13.727847429698159
-9.602283705520676
-19.377021909871246
-2.263046343185124
-6.186519034206867
-2.6298345432842325
-7.49213891436375
-3.5352369730649116
-6.277878432441867
-6.388272554264404
-17.198895672343497
-3.330404966433207
-36.22448242587723
-14.618169496961855
-3.2872726062214497
-2.9465424513939524
-11.309383218862422
-3.2398852924379753
-6.001905803251702
-10.951161592286553
-11.334462048005491
-12.252909293893026
-3.540542341804212
-5.607393801183207
-5.3490692811246845
-5.582357554527334
-4.69796901618065
-3.3304035547810145
-11.443721332228279
-5.149908623770898
-10.17884488523896
-8.933767536233063
-3.4642761198028893
-36.000249684149026
-12.204143601224132
-4.31992185395211
-20.19514580102532
-9.944781022342795
-1.5355774885238134
-4.262881753668353
-3.287402694521461
-4.286190701748637
-29.810902923406502
-2.9590441717959948
-3.10023714917952
-3.2398852924379753
-8.713714183732918
-3.3319070146608283
-2.648964728382225
-31.112902338980348
-8.502894666118664
-11.225625957828015
-14.962145785684697
-9.94964899867773
-25.49742183883791
-5.658373863548832
-17.88644437486164
-7.044758082560065
-5.648533798657127
-6.3569023298841785
-26.553448822680366
-6.566221758751453
-2.810601900015172
-9.919887803007441
-5.540024941610682
-13.737499654333078
-5.695304419458807
-5.526695459603616
-2.5926086811814457
-6.744588484871201
-5.658373860754864
-14.04230685580751
-8.878390906047798
-5.000471994287182
-14.298204003869614
-5.243345215603767
-3.9692985019937623
-15.934453940593812
-8.032522650518331
-10.23091661750368
-0.7861531283706427
-5.658374446323933
-17.88644469593146
-7.044757773692027
-13.598350299349477
-2.8106013114484085
-7.055715450565003
-5.092398504133598
-2.6581374490651797
-4.125775821041316
-9.545743617751214
-16.770615266669665
-8.019737767785955
-11.583487469535612
-3.632534220654634
-1.795425848220475
-13.124702380192048
-3.287403396747777
-4.286190811620145
-24.697890551934506
-4.788016112850528
-0.3800800801254809
-6.2256132125057775
-3.2557879418595803
-1.4890056899166666
-7.386241975415032
-1.5879383506926388
-5.60736630082647
-2.2576732581947
-9.281382651893182
-13.721013781505462
-15.015620187143213
-18.383936669233663
-27.46563700184015
-5.855674876424018
-13.157934964403921
-9.970741293378524
-8.755563776588133
-12.294441970785556
-30.907781090316348
-6.718088771131988
-8.53866514024594
-5.771844573697308
-7.811494032073824
-17.974685752764344
-1.7285267835250124
-11.229534917318233
-18.581031528499807
-8.366281249094754
-13.590417646566493
-43.28029191622295
-10.977937289817419
-11.68776511662145
-1.6714737333822995
-18.229414358678696
-3.239885586735909
-1.8408089913937147
-3.1798755796999103
-5.481206100201234
-5.6031630413963285
-4.736296141466482
-17.650925981292858
-12.044832668248091
-0.14274904701937885
-2.1721258620048047
-6.036111041903496
-7.909912509659534
-3.23988522910804
-13.853221413576648
-6.057117532764096
-16.283557510621904
-8.412596760803353
-6.41507129574893
-46.80048646713817
-17.17621767129458
-4.45726680214284
-14.042307226433877
-7.044757773692027
-13.136476479965495
-4.632700041634962
-11.036259572472773
-2.567136332580958
-11.087261793012203
-5.457797900722653
-6.6390044018451135
-6.762184332859647
-10.231224943094276
-7.229449299054977
-32.024656767574925
-9.434287084244716
-4.583207538351871
-3.287403396747777
-4.286190811620145
-24.498848110914878
-5.658373863548832
-14.04230593702323
-7.044759081384427
-2.0841616790858097
-2.56713736833899
-16.70298126088437
-5.239966916444246
-22.704162198264385
-12.748438372997043
-10.744275291654048
-14.454725626137588
-7.098661166757665
-9.701501585400365
-5.273508160422352
-4.457267539633904
-14.04230805723364
-7.044757773692027
-5.2399670785234775
-23.625823840457087
-13.90676408431682
-7.928039684607938
-20.096264592178613
-6.413168857673099
-12.956859852391972
-4.07905561737789
-5.954635917294581
-4.103601221344434
-21.082910279417774
-7.044757823226746
-2.8106016708916286
-35.4643739982057
-14.66126902747601
-10.991161671010104
-8.543986940014292
-9.183170500701635
-10.248694068599434
-14.642716821776048
-21.343570795667574
-34.557908604063755
-22.464796858856516
-31.387215176979225
-14.836756747827167
-5.395248906737834
-50.264568506757996
-21.672901018637276
-6.718089645236432
-3.10023497425027
-3.161760586735909
-20.01619344220171
-8.86102409099928
-10.279105592338965
-12.500522772337149
-17.14350390024447
-3.6995589084763196
-9.836766370290206
-10.271341044572182
-15.46214755848996
-5.236697686726984
-17.482143860455835
-7.044757823226746
-4.795919677926804
-9.03572693647584
-5.317557611471784
-19.83183153648133
-4.840754567230761
-16.62179548226186
-5.632349003688432
-30.82226220991015
-3.7624482206138055
-8.253230004311263
-17.940743569037295
-19.884857556316092
-6.731550999244064
-14.93588336317407
-2.0810012232099098
-10.107647178361503
-1.5790246596516226
-3.9598596486539464
-5.658373979032831
-19.493482122189562
-20.42178988224032
-29.115854839108124
-5.640422230313561
-0.035783153027296066
-6.211326060714782
-0.43129760740339407
-4.0159164638535
-0.14859139919281006
-6.077688433113508
-17.58226227760315
-10.977937139121423
-18.229414358678696
-4.950365456577856
-2.820350046211388
-2.562783380540168
-3.4735020312364213
-13.033866283432872
-14.53293391452462
-12.941348252144962
-8.175900140488011
-4.7362956020851925
-17.457312852479845
-13.304878420818568
-4.457267483754549
-19.493481316284488
-6.98763256322718
-14.704259232986715
-25.362644893324045
-11.971419101941137
-6.617917117313482
-3.322343337087659
-10.246560468349799
-3.2874033379780485
-4.286191881843479
-32.773933693170875
-5.236697686726984
-20.374535661767368
-8.801822168293711
-12.085463088449615
-1.5188753595120943
-4.2325135354476515
-5.295868587607401
-23.474435646399115
-13.483915097174759
-14.916563996363038
-0.1485907593742013
-54.78004277518971
-12.003837701471639
-5.658374446323933
-19.493480651345635
-7.044757773692027
-7.369895785275617
-1.5261745344696465
-2.826226318913541
-1.4741403778025415
-6.646604426907288
-4.618032255835715
-2.1649452447891235
-8.707632926183578
-7.181285851576831
-4.286201430688379
-5.658373979032831
-14.042308123119255
-7.044759346928686
-3.332395044853911
-2.826226900015172
-2.391746514465922
-10.265301617871046
-40.03758272500704
-2.1649450794793665
-4.079055664904445
-4.147896257283719
-3.958076044174959
-0.3708474254235625
-36.330714184486396
-22.03506245753124
-2.83923563278222
-5.3994346018666874
-22.83565656173596
-1.4346169857308269
-11.264535988833813
-7.749214679587567
-24.784999369799607
-9.641749248141423
-10.343290703720413
-0.23534890229348093
-16.1334442467778
-0.14859139919281006
-11.44143934121621
-11.538305839876557
-3.607339125153885
-5.647501715868202
-16.567198287964857
-7.5491380718985965
-22.05919691633835
-5.921204360973206
-4.524337308663235
-14.73440476382848
-2.1649450794793665
-3.8582761174911866
-5.236697798485693
-8.791172402568918
-14.219358680925552
-9.434216315351478
-2.782430181869131
-19.102496367794572
-4.079055647216592
-9.281382006617605
-15.653810927731683
-5.9214075131467325
-33.04785483147862
-11.071626466753514
-12.225198016167724
-27.259178080937545
-1.4172437077650102
-46.27900091490483
-2.1956083700060844
-44.30384307270015
-57.72071340841285
-11.252948741137516
-20.982025200375574
-5.972437729608828
-4.805275070294556
-8.755565762859078
-11.4729377224794
-25.849752674234878
-4.4696641797308985
-5.648197690862617
-6.61172350838865
-6.178315932404075
-8.839446063967443
-13.820268984175073
-14.942302135837963
-9.200672310657865
-9.267189504113048
-36.00024738755303
-6.026120515433831
-21.356682399040437
-7.1911113736091465
-8.687696611166757
-8.755564684909587
-12.294441179205933
-27.107324000366134
-4.319922606926411
-21.082910279417774
-7.044757823226746
-6.829518116888039
-16.79687646916136
-10.171726902613045
-15.053491275919441
-19.201248048802654
-14.54758498352021
-14.836756617442006
-4.319922569207847
-18.659352314620264
-18.741880718304856
-52.7544126388093
-10.630069505721622
-37.68133522493008
-31.907909148736508
-9.206085347021144
-9.006109667045166
-20.242680474504596
-5.68493335567473
-3.1617604125422076
-8.590299707922895
-1.2710123610013397
-3.207917493295099
-33.90530147126327
-6.520086431121399
-8.217226394552199
-1.4111381582915783
-3.7633771103865
-28.9876088004994
-7.633983119299955
-5.834316205466166
-21.02947643328889
-13.712923276470974
-4.7362956020851925
-11.472937733270555
-25.849752948562127
-10.977938327139782
-5.548980359075358
-18.229415904790585
-4.9846989829675294
-3.4074929123407856
-6.219679142188397
-11.252581627340078
-18.372301051553222
-8.755564741285525
-22.75891171657713
-14.61521195734349
-5.658374199756281
-19.493481604847148
-6.601694315006171
-5.6485349585902895
-4.337599811435098
-1.5817981082614097
-10.821276103211858
-3.761806194728706
-15.79482790705515
-12.743671693257056
-4.066953020541405
-13.415808291567373
-5.658373860754864
-26.03819766119159
-7.044758082560065
-1.8595494384221638
-14.55528270184368
-38.06770431183327
-10.026991027287295
-14.033194880631982
-8.529445314963596
-4.188859353220323
-13.465307746704639
-43.28029320292785
-7.919186489831191
-5.658373857960896
-17.48214231390375
-5.081779345739051
-4.651363939978182
-5.1223658723101835
-15.505171879374984
-10.865085974292015
-9.072147502552525
-3.202755109850841
-13.638538451636123
-2.562783781023427
-7.525816695827416
-11.716127081310333
-2.8746525418521287
-29.570524002156162
-5.562650442465838
-4.749097565392731
-4.883235335635618
-19.26384250647152
-21.234205360888154
-12.15050318581234
-48.39606997626015
-13.22403540238156
-1.411138165742159
-14.836756855977
-8.755564741285525
-11.47293756421277
-25.849750817787026
-7.311409780581016
-16.524994395855174
-7.604352591304632
-14.572590084913827
-4.665274060046613
-2.3917466504281037
-15.286254111532799
-11.614108701865916
-4.777308436923704
-11.318780911782596
-0.8850670048850589
-11.620774106027966
-3.23988522910804
-9.994836807636602
-27.11750320497231
-2.8285467428056563
-0.4495406853966415
-4.6439734349551145
-13.44630683993455
-36.000249684149026
-5.658373989277152
-14.04230618616657
-7.044759191783442
-2.8262260749070265
-5.857941287380527
-2.391747334950196
-3.779385514076921
-24.51473427156543
-2.1649452447891235
-3.958075584101607
-17.58226251602173
-0.37084736302495
-6.02611951970448
-18.22941317389268
-9.564486323643905
-7.684291251542163
-26.592877484595647
-9.970741213866859
-14.072015632274997
-8.757059563831717
-4.805273911794757
-8.755564684909587
-12.294441179205933
-25.264292813496468
-5.658373860754864
-19.493480486075896
-4.848931903251469
-5.64853374693962
-30.43738964592194
-22.933902565997414
-24.398238665480676
-21.70915356953583
-3.4474128089059377
-13.246135472043534
-20.583786368370056
-14.844226500135846
-16.927762207662454
-16.111827851334738
-7.352270128576492
-6.171734779258202
-16.8200751086697
-6.780023662993699
-8.043205261230469
-4.805274564701904
-4.73629446270661
-12.29444179438724
-7.369801268062474
-5.117342035398906
-6.220601294075095
-3.3033693213101287
-10.25497145209556
-12.584068204188952
-16.184614645304464
-5.111629833090774
-3.5921199536969652
-48.111349181449214
-25.497421565494733
-8.433808879571188
-2.2030037274962524
-17.109337283531204
-12.451468566364952
-36.04156849996235
-15.005226765568295
-5.059703663217988
-7.38042692496856
-14.798666428655451
-0.8370064668124542
-4.549384990619728
-14.121511477802414
-6.664020669355523
-7.496936529317736
-15.694442034680833
-5.6485349585902895
-32.479142994038625
-7.981552440177893
-1.2372594915505033
-0.024490164127200842
-30.888267030547922
-0.0244905196595937
-28.73268015530448
-22.682968534427346
-6.86252354059252
-47.16692765538028
-6.540994875820616
-15.318713481041414
-3.5965121656263364
-21.853104917258975
-12.87533367107244
-9.281382006617605
-16.927762207662454
-6.88093095459044
-6.202743801230099
-3.670996559172636
-4.26288243260251
-3.287404188604796
-4.286191440956827
-25.653754266725628
-5.774048050994679
-16.927762207662454
-3.6126852872075688
-9.291381486342289
-9.955903689795377
-10.371334445553657
-5.824204637310686
-11.07193071783604
-2.1649443665519357
-7.978712516181986
-21.40176739870367
-13.879826007701922
-5.348860472637625
-6.074923956392013
-3.0677678697938973
-43.3103067073971
-33.92274297354743
-11.542997940443456
-6.425743621570291
-9.6950007568812
-4.927485453095414
-3.287403396747777
-3.820624555518407
-24.697890551934506
-38.98336020708666
-5.658373860754864
-17.886443979784417
-7.044759191783442
-2.8106010749070265
-28.073937918572028
-21.672749496525277
-3.779385514076921
-2.1649446194060147
-8.757060037525662
-11.304128060815856
-4.2862011875840835
-4.496620392539398
-6.377337150945095
-7.098563013540115
-3.275590371646558
-11.694407612420491
-11.931655359452634
-9.982859083267385
-11.923823019722477
-2.839235845094663
-13.429695717606137
-8.72084126113623
-6.080955868215369
-6.26958274457138
-2.9590441717959948
-3.8545207552451757
-3.161760589464393
-1.016071182777523
-2.477663792196836
-7.936807020568267
-13.263703928583709
-9.864372087705306
-0.6613993104151632
-14.039858509718215
-38.638708401595295
-7.949311440966994
-35.45313242379666
-14.158832193837952
-6.026118111486539
-11.417159108360238
-5.481205838499591
-3.2398852924379753
-14.578185113916561
-6.010213414710961
-9.36035750433075
-1.8434034891638476
-13.833610840851179
-5.9532616812934975
-11.850620213290313
-8.755564527457864
-12.294441751481827
-25.849752948562127
-1.411138515919447
-8.752267486445817
-5.748373888862261
-5.658374446323933
-21.082910279417774
-7.044757823226746
-19.031968593791362
-0.06537600407682476
-17.966588126503325
-13.573880805696717
-6.6950491066018
-1.963151166724856
-16.18316110901651
-6.163616675883532
-6.129221009708999
-5.658374446323933
-21.082909064383784
-7.044757824288354
-2.81060130401238
-24.53545898734592
-12.750694456762176
-1.0951321211759932
-23.38574389252244
-12.090315749661386
-5.395249322806194
-5.658373860754864
-21.082910279417774
-7.044757823226746
-6.313564273620159
-1.3576453284476884
-3.9281581590930728
-12.56814182808921
-27.898347868042038
-6.411189994168126
-9.28138024794589
-8.151380067130958
-15.24916413392566
-1.7954252257477492
-13.124701608943269
-3.2874028345127044
-4.2861915977073295
-29.129767642212755
-5.236697798485693
-21.082910279417774
-7.044757823226746
-2.218185480619013
-5.208787339186529
-9.02793420736998
-2.232145638694419
-2.391049543664849
-9.932781613991096
-6.372860051618773
-14.836756747827167
-36.22448299473342
-20.800391421429595
-3.0834951383876614
-0.2754759662784636
-17.482142896442383
-1.9886626897205133
-14.011161562724737
-14.75580177845859
-6.674395257607102
-30.31606911304334
-37.507755792932585
-22.765983339790637
-13.891610314822174
-5.341332822281402
-27.565574098742218
-4.454461033572443
-21.712278166432952
-10.07729230838595
-9.94388862651249
-11.234379978661309
-14.628895706380717
-5.5586364052886665
-14.836756382865133
-5.397284698569365
-3.10023714917952
-3.2398852924379753
-3.7658578289378966
-1.7507714225284872
-3.7658578571322323
-2.3641604347212706
-3.665052789702713
-3.239885586735909
-18.6490425411248
-6.080606172712578
-0.8530968111881521
-15.549435638915327
-10.24733108381588
-2.6566520336054964
-9.784299683142137
-9.211627607019636
-14.416834864285192
-36.00025018385634
-10.375031506619052
-0.23137853986895607
-7.020437134508711
-8.166899099197053
-9.700577685962344
-2.698558262822189
-0.46891520894132555
-0.4644499412679579
-12.327245634209248
-2.329537987941876
-4.464886728521378
-3.2417698893304987
-12.926248467283578
-8.750176242923771
-39.421301462629344
-8.757060069641739
-6.703493002631149
-36.117180348510146
-11.192440050916048
-4.4572675949311815
-8.965601834574954
-1.6271977659052936
-6.136175661798006
-3.7579741554181965
-31.35325045533955
-3.3596784820692847
-13.124983297610015
-2.1818692258711962
-6.015571323125187
-21.70634123657601
-5.981070978334174
-3.523840614121582
-11.059476757538505
-20.164642963471124
-9.280947931110859
-7.244700168466807
-15.535469462396577
-14.15883280827802
-2.3223836509423563
-6.169503942915981
-6.022852054160467
-15.877201283609793
-16.677108381878497
-13.42980582483051
-10.31713317457843
-0.29335691034793854
-20.109934860386943
-4.5273760901800415
-6.564994890704838
-12.459264123055618
-36.22447990113449
-20.800392709594234
-0.14274895528387788
-9.285829305480775
-7.044759191783442
-0.6028378035261994
-11.631841680879006
-9.760157435244764
-8.619478061693371
-5.95743018209032
-5.395248445267498
-1.9217073156978586
-0.9607262474819436
-7.67039879411459
-31.372535626294393
-9.15808697621651
-5.658373860754864
-21.082910279417774
-7.044757823226746
-6.829518116888039
-5.702575929429258
-17.971428260581888
-4.302579412846171
-1.7931741799193333
-3.2814929603919154
-19.59499123871501
-2.3704868908532717
-0.14274870522399397
-13.788102033472569
-7.044759191783442
-6.595301265376293
-3.854996629539073
-0.8807391142181586
-5.621898274985142
-3.011708079435948
-2.9089630488306284
-4.041611975437263
-0.8665368275651417
-3.23988522910804
-4.157351637961256
-11.964951053570985
-5.511924651247682
-3.0003486652858555
-3.3291794549277256
-19.563798644172493
-17.159524045664966
-2.5150222750958164
-14.615159951079477
-1.1362242887844332
-7.463571340322233
-9.341473905922612
-16.556031556821836
-15.178125192236621
-10.601745050685167
-5.820027494311944
-1.5329621382725236
-31.04362351381451
-11.192439945138176
-3.9631061812679036
-10.543934739183896
-21.19945341818311
-8.620377631705196
-14.838321626515835
-30.243441875018107
-6.6727732551808
-1.1302257605348132
-8.24273757636547
-6.88727639917488
-17.910624795411422
-9.968499084861662
-15.320317718345905
-9.720019782012969
-9.09777781876437
-17.851452920206384
-7.834935114951804
-2.422101848642342
-10.49609385412441
-6.0984262561032665
-5.756037094732164
-11.768373300437815
-1.636231033333388
-5.569106968045162
-10.707648617475911
-4.3133468336527585
-13.035650906036608
-16.55222386623427
-5.877095865459069
-6.146298151346855
-3.965529624867486
-5.658373989277152
-17.88644359373302
-10.835288821405811
-27.574829724951314
-13.616817610978615
-18.061022817651974
-5.470658536709379
-33.817267153319335
-39.4193517766621
-4.147544735797965
-1.4358435700196424
-16.64152072928846
-0.5024141296744347
-13.92307359285769
-9.367248699644279
-15.94527214563277
-18.65968899829386
-14.182369725851458
-7.796532641052181
-11.620074155738848
-11.72616883357432
-5.459501167292274
-7.452931133724633
-4.782166103021154
-12.107866364237907
-6.105602132016429
-33.0875021030879
-9.948171734467905
-13.836167131186812
-7.803081890827343
-11.843600120628253
-30.65736724804765
-6.5058480741772655
-14.365104665688705
-1.7690927930816542
-5.748887614958221
-36.28930986373757
-14.158831788552561
-5.658373979032831
-21.082908894941284
-6.876424602422048
-7.571425971153076
-3.1535671573583386
-16.629337822250818
-15.611205331581004
-8.543987616780214
-9.183170515123038
-25.18852813786998
-11.308645052802149
-24.560841153508136
-26.557723301928036
-20.177590824971958
-14.836756617442006
-2.710752909821167
-2.948785048316495
-3.4166910864560123
-4.53666990014608
-11.632670246402995
-11.47900577945984
-11.783983640471888
-3.9316258118124097
-6.007640260224434
-9.049279518891126
-12.641557292479774
-4.0902215760706895
-21.082555264664734
-3.63464107074833
-9.858089024308185
-19.613067632267303
-7.125237875821767
-30.7504788263077
-14.158832193837952
-5.658374199756281
-21.082910766990608
-7.044759346928686
-6.829518951132968
-5.9101959435956815
-12.670115118249669
-23.02879099497534
-3.8524784287874354
-17.912432195722886
-24.000622310089966
-1.4111380502581596
-12.915322556760657
-3.5781923738368278
-16.05364833123349
-10.101247910391066
-21.428299240345268
-25.553407612618003
-14.068644002534711
-4.762244695444451
-10.261232626307219
-7.044757773692027
-17.38706402294156
-3.4080107605841476
-10.99232239533103
-3.930733898380481
-8.1438774094795
-3.460484586597886
-3.7781326235854067
-18.923236206489946
-9.381178941661346
-9.162281720535248
-10.312443465435535
-18.487612494223868
-0.5867980875004832
-14.8062267863952
-0.8663241562826443
-18.66248769545291
-2.460197519743815
-35.47391438156956
-6.252306069909537
-7.9008175587550795
-8.246585437591193
-11.680111149261847
-10.718839310628027
-8.199243693571589
-11.699804437976127
-40.49908503095935
-20.800391339193084
-8.058510888342425
-10.798191423557
-6.020636124645534
-7.711973056083025
-4.286192258774463
-18.529215367110282
-5.658373979032831
-17.88644554930852
-7.044757823226746
-3.5286944925464923
-11.469291216225884
-7.735638547133931
-9.810843467712402
-10.348073897330323
-4.993916864623316
-1.0253463666886091
-2.059297259300365
-45.071928915353055
-9.34792544689958
-8.70763316458033
-2.51242771348916
-2.6325844461457564
-4.21573223980522
-17.683171013679384
-4.03378712909398
-22.384164225956738
-12.164982728573023
-0.9650752072338946
-14.097079190221848
-18.521310194162652
-12.370799143678596
-14.519119052158203
-1.619326594431186
-19.898350603878498
-16.953196993323218
-11.790308381940122
-33.991228888509795
-10.577785831876099
-18.760921041134566
-21.93316658281765
-5.236698122585949
-21.082910766990608
-7.044759346928686
-7.101157703383706
-14.876266807958018
-1.477971179469023
-7.7552063879447815
-16.68079641744953
-16.709325085359524
-22.155231453412853
-1.9926801603287458
-13.155271130643087
-2.621809202521945
-25.83696386559882
-21.672901303418257
-14.844226323228213
-16.927762325081858
-6.534026907625957
-17.11291527416688
-12.853984888861305
-15.006020800492479
-21.115182344809
-2.8746523779429936
-25.536419618778382
-4.168807387861307
-4.859372312668711
-5.887767614331096
-5.658373857960896
-17.886444642846072
-7.044757824288354
-0.10440077446401119
-3.5286944925464923
-16.86197519302368
-13.74231656876509
-16.062007505446672
-16.540761697106063
-25.611980950896395
-14.83866557505462
-10.513449469930492
-14.844228082409245
-13.193964164996942
-2.413708096749815
-11.825200885432423
-9.120876160901389
-8.755564527457864
-30.260108015762853
-25.849750817787026
-3.612685747397336
-9.913106930711365
-17.46143082899107
-6.778591639190381
-5.003903871082002
-13.623895385726428
-2.4994740917979925
-5.058416027604835
-8.013765030440481
-5.445203382494583
-3.6345344319706783
-29.333270222442934
-11.192440050916048
-5.658373863548832
-17.88644437486164
-7.044758082560065
-1.5277925551781664
-0.6465508802925797
-3.5286944925464923
-7.802290110654212
-5.8242047257863305
-7.046169600682333
-4.2944480974110775
-6.512629142900323
-17.88644495155404
-7.044759346928686
-9.474877855470595
-6.4492265395092545
-3.8294119834499156
-8.757060037525662
-10.562407268691913
-3.287403396747777
-4.286190811620145
-26.688834289791885
-4.45726734213531
-8.96560154886265
-1.6271979921875754
-13.599599274272805
-30.75878441058012
-2.9745952001030673
-13.626335427003028
-10.369919074408244
-3.220268912944448
-2.310238491543714
-31.29236862873222
-14.844226323228213
-16.847141354162886
-4.429737372607633
-3.1617602924379753
-12.348801556296166
-12.972259054979077
-13.414705063360088
-10.205985710650566
-13.794763543454792
-3.5497053399803846
-0.14274904701937885
-9.285827484443189
-12.520383461029269
-11.14419574335352
-13.429149165256604
-3.026701734071139
-6.060567969266685
-22.56481743186123
-5.46770825969179
-9.366391713199846
-6.494056301349701
-11.020023908651467
-7.528615136207918
-13.95040537946079
-6.544936683625565
-26.8918245770692
-13.553174129221588
-42.570586856338196
-12.555116567993537
-29.07224067754578
-40.51555433589965
-58.13859912633052
-27.72142899755272
-3.963105471192648
-2.4731786024331086
-9.550583886324603
-9.454311764862723
-6.5280121414657515
-1.0160711678763619
-26.80760623049082
-7.257849625311792
-11.590850710847008
-11.540871178407997
-4.240043071432865
-9.55812800719923
-10.542229864726323
-8.67666837837487
-7.125206126947205
-2.622981797556349
-3.809092948999023
-3.080973606374755
-10.743776804723893
-3.1740080792910703
-3.636130919221614
-22.62968908062362
-25.8712623872525
-15.49907685288781
-6.3916213067604986
-2.8666464476154943
-29.33326979154981
-9.158086593963162
-2.622981819051347
-3.809091847302625
-6.022153124060878
-1.1557669384601468
-2.2604685007972876
-3.100982398915221
-7.208126346504287
-16.157000412087655
-25.666167813794345
-4.1432095455311355
-15.890019424007278
-25.601563627843916
-4.07436599921914
-2.629521189096522
-9.360869866202847
-4.3240219533036
-9.2944611229359
-11.759620219590943
-3.016867853322765
-8.455394586428156
-13.706062400276778
-3.239885293362022
-13.174237686285778
-9.415306455146947
-36.5355280393843
-23.34574719754346
-12.751569637810434
-24.906535177778494
-23.12337958579883
-6.549762213748181
-19.945414917838207
-2.3917466504281037
-32.27190364199487
-24.16915988902656
-9.540883386721362
-32.03174641135456
-0.8370071522658691
-1.037492502182431
-9.11594403705385
-30.750480100403365
-14.15883118497186
-5.236697798485693
-21.082910279417774
-7.044757823226746
-12.819606454043424
-3.667409484318341
-0.8756259838119149
-16.36182374523196
-5.232691901060434
-7.67088422505185
-27.123255219004932
-8.816550908956742
-18.865254767313672
-8.65799086051993
-35.97827962198062
-2.2321470697588666
-6.982913687155815
-9.932780906769835
-12.66724323379458
-10.872400605585426
-9.281382651893182
-15.653810225223424
-6.137747469288115
-22.11972740396044
-4.920066891965348
-12.788413605910137
-21.276125661132454
-10.469552394981264
-16.99350620142468
-33.30637763172126
-13.853948084522926
-9.028447184009565
-7.432403819129831
-3.335090507986024
-9.40923200499492
-10.334977364128008
-1.7954252257477492
-2.8548487292937352
-15.226940041202397
-3.2949004151942063
-30.93753412236788
-18.138851868888196
-9.071678833475744
-8.755564527457864
-17.650926710729436
-24.651893214968368
-8.714967209678434
-10.105486663665943
-11.066239064141882
-15.712952140682319
-8.755565934920924
-12.294442322317082
-24.370884155613567
-5.236697669963178
-21.082908894941284
-30.214990118476635
-10.373923577735695
-5.403252413511382
-3.2874026373906418
-4.286190594413711
-26.688832275288405
-9.94739255461991
-0.7593494215616374
-9.486761417101661
-5.8268407298091915
-9.64281560481686
-0.7187112147839798
-17.603821373631945
-6.312195840306231
-3.8316418502497527
-12.317398545332253
-1.4986674417741597
-9.96096975259752
-11.678948387047058
-3.628108514996711
-3.5711961872220854
-25.18020094675478
-6.919644456334936
-11.96592726794006
-18.201662321611366
-3.0665614612435093
-6.149363615121729
-3.2398852924379753
-3.7658578289378966
-8.578236852967166
-7.218665620145657
-2.8262260749070265
-16.62881419819223
-2.4542317122291024
-1.7505554663948715
-4.867889657816704
-8.94741340224573
-2.391747334950196
-17.253954219396974
-13.35558883066733
-7.1052235695387935
-0.6718843208509497
-5.744297756089509
-11.037420788907184
-3.239885586735909
-8.656848608268774
-9.31551688738
-0.8879420362536621
-20.827086751409297
-5.380757044997154
-2.835762412112672
-17.398146729256496
-4.450425726488902
-4.079055664904445
-12.492824277011096
-14.026031783983854
-13.07909071253448
-5.587762383453082
-33.77833472786028
-10.457433659177696
-6.7180902097779835
-3.100237676060715
-3.16176022910804
-8.39356162347758
-8.029254214488901
-7.476544812379871
-10.762160494923592
-1.0112854267385956
-0.32637386217538733
-10.67523492872715
-3.161760589464393
-12.571845670230687
-6.9079922409573555
-15.292056926478836
-2.3917463533289265
-20.187721331205466
-19.276100158691406
-5.745785032537242
-9.720618579478469
-14.15883118497186
-5.236697798485693
-21.082910279417774
-7.044757823226746
-14.789781093791362
-15.013104480764014
-3.1535666842610226
-16.62933776374848
-13.489861540987476
-8.543987084936816
-9.183170947547751
-17.545918431322207
-22.526574926514513
-30.616253996892283
-37.48117442530747
-20.177588513880437
-2.425606900746061
-10.94645662302355
-9.565053267149779
-10.638958603725769
-13.712922734906897
-6.718089645236432
-3.10023497425027
-3.239885586735909
-0.6924416027904954
-8.750886721802999
-5.367258703867265
-9.435156212333823
-2.3917463309844607
-4.642725852550939
-23.501657006111827
-2.77571885305224
-3.3664653851456023
-8.399960920694866
-4.230489096640667
-5.026368016207016
-30.35523707972459
-3.6329195874277502
-7.358983742444252
-47.087195711292
-20.611865578070137
-3.236697995927898
-12.785813138845015
-7.044757773692027
-6.313563756757958
-3.017409674474038
-14.401764316331537
-8.039716231543935
-1.4821353021537789
-33.32719098251255
-1.9955051538272528
-1.2102652916564693
-25.020802666320378
-2.163524242472704
-4.832370330839922
-2.3808629188570194
-6.807635633385871
-13.431230559335518
-16.64394508039186
-1.8152537675923668
-2.1841399076020025
-3.4358989183492668
-7.939401320312754
-17.26417027493062
-6.294982461593463
-8.295452942425982
-30.045727485781754
-5.658374446323933
-14.042307226433877
-7.044757823226746
-2.8262266708916286
-2.391747334950196
-7.895284179102418
-13.327344132590952
-10.120189147370183
-17.687079202391942
-6.923861255618249
-17.542287305989703
-10.983794617091917
-7.624219931420612
-19.083433123379564
-3.6961950208060443
-8.757060069641739
-4.319922168273479
-21.08290938816208
-7.044759081384427
-10.429269443440717
-27.234780887568377
-14.905930610373616
-10.7767553627491
-30.411839975742623
-4.103601575247012
-26.038196528490516
-22.052366963835084
-9.039413930748196
-11.440837519920024
-8.885750635439763
-9.462989199324511
-10.172676092675829
-43.28029221430347
-12.020898509203107
-9.768353979902713
-0.010523264412768185
-20.380703836824978
-11.854997590184212
-22.700100693751665
-7.5965595088864575
-2.1071532713831402
-1.3568439845985267
-48.457074873818556
-9.876888715339192
-5.658373863548832
-14.04230593702323
-14.567357831129812
-2.1632063746856147
-10.847025219351053
-9.827682605013251
-33.77833245313218
-10.375030476750908
-10.580256258370355
-0.07719237543642521
-6.718091143072343
-4.5988104767766345
-0.22630589921027422
-4.878969279927787
-13.968932046932423
-18.975022255443037
-0.83700716344174
-6.919523856489832
-5.137677347642239
-27.454443968832493
-5.658373989277152
-21.082910491788425
-7.044757773692027
-2.810601311506616
-16.921109468410577
-10.053053039722727
-12.473089168590377
-11.051009794253332
-21.079943329554226
-9.957650538179905
-9.472965943257805
-5.597048732697544
-11.122672995297762
-15.628314688817227
-9.845319018253576
-15.462147864895087
-30.750480100403365
-14.15883118497186
-2.4979864520878436
-4.012360109170913
-6.617421518597894
-1.1759992566060191
-21.988406665412185
-2.3720922749926103
-11.448201894670547
-12.45926339935977
-4.034374218430685
-12.870393292048902
-15.815003396293378
-22.065249242563993
-15.224496775033913
-15.768961190755363
-9.852552558196976
-3.218074441659155
-31.999616330966546
-7.855711906626141
-11.10563486390219
-24.11212858719091
-10.148243397807164
-10.665291778946994
-9.074395929889874
-14.557237164498474
-46.34160511743221
-20.800391795482938
-5.658374199756281
-17.886444847331404
-7.0447593821734245
-3.4799101093044555
-3.5286938966310117
-25.487744085994564
-5.341315347213822
-11.350269601292894
-11.981938349157645
-18.336419919527543
-4.4078740634722635
-22.95447519472873
-6.400241233350243
-4.18021041109705
-28.3810086846579
-4.513387395039899
-8.3024129538353
-12.14827944983881
-13.23810440429952
-4.457267211808357
-8.764315372959572
-11.375551459997041
-2.826226900015172
-7.927871319860515
-5.849276037699383
-22.030506399838487
-7.353792058556792
-11.862751279302756
-7.26296692161668
-8.163506425998094
-1.9354046659900632
-8.9197470484105
-5.854237520165043
-4.837194265091057
-2.2740930228701473
-14.21921674585792
-16.41868183060228
-12.77331483095577
-11.330777289644175
-5.66374991779594
-5.793729913669267
-9.836060776998693
-30.750479869093397
-14.158832043502116
-3.2501947892237695
-8.15298959964997
-12.644015705169295
-3.1617604107159423
-0.024490401381626725
-3.1535669729637448
-1.4794051480166672
-2.098656032496365
-5.569653006882618
-3.9539641076025873
-3.4036720659642015
-34.64193486379099
-5.403252722244815
-3.2874028345127044
-4.2861915977073295
-26.68883412762716
-6.815983448002953
-10.660785693415164
-27.090590946859265
-15.175069532059297
-12.354239292358216
-22.065248261227623
-17.724491477367337
-22.852739889096483
-4.693399966807192
-13.622886016415578
-13.238104888194357
-9.83531354732986
-0.06537669945464586
-4.996907373839349
-8.8799699053925
-3.423910563626123
-2.6996149191782024
-0.913263006717898
-12.326579761343964
-7.711974181186179
-4.286190594413711
-26.688832275288405
-5.658373989277152
-17.88644359373302
-10.835288821405811
-4.324022428234457
-31.098122905797936
-13.325143185160414
-9.539789335747571
-1.841693310514529
-16.226641803186794
-50.8830521891623
-5.2809396575066785
-1.3398989707311557
-8.627338847670217
-13.275228632760445
-1.3398994484978175
-20.87163583547226
-2.027297726708639
-6.575945328680973
-11.982967754884157
-4.561861263151513
-8.623365814331919
-3.0519252536741988
-8.230036018146166
-10.831262781764963
-1.8239514624001458
-36.22448137722347
-14.158832043502116
-5.658373857960896
-24.17042335046881
-10.835287011187575
-0.0313767169136554
-8.442856436304282
-2.8106010749070265
-1.0193259068764746
-10.96860032539007
-2.8666979668796557
-4.3944922785813105
-8.086415590278193
-11.489138315243508
-8.47722528502345
-27.789256587026102
-7.589899338025134
-4.242335085640661
-6.585246384596758
-11.846778582983461
-14.371363002079306
-29.758258634872618
-9.711735805187345
-10.75779813862755
-25.83696233745036
-14.158832193837952
-8.262623861955944
-8.764315117156912
-6.426375753147113
-4.324022428249009
-8.705486670672144
-19.24958535199039
-0.632782242144458
-18.075176012687734
-5.127716255446785
-6.525790985153435
-19.30889357336332
-9.121266330849949
-7.673072144400976
-12.097653751268808
-21.807122955857267
-9.71299203381443
-1.692017811947153
-8.219352260264706
-0.6175100654363632
-5.350457143966651
-2.3917463533289265
-5.126119190390455
-2.4130292876507156
-1.8487092817049415
-5.658374446323933
-17.88644469593146
-6.197326774141402
-5.2510200302021985
-10.835288821405811
-3.5286938966310117
-10.982118893341976
-9.748944110076991
-24.808545054310287
-10.130726518393203
-30.10103621979198
-4.700133970474781
-11.252948298089905
-18.0495122266002
-10.569396598963067
-15.75495310628321
-36.22448198675863
-20.800391795482938
-5.413277684481727
-3.007075535219883
-7.5057891245269275
-2.449522778395476
-12.022962319915678
-16.943386237625873
-10.916764203524508
-11.779804607605001
-23.731506521740812
-20.919970583418944
-8.059718073862314
-9.542531024884738
-12.466291187882234
-7.2446996097314695
-4.678524296433807
-8.469114208899555
-5.403253697805212
-7.711973800438955
-4.2861915977073295
-18.529215607026345
-2.462528530842974
-0.9474630749318749
-3.673041601987279
-8.753076027773204
-3.1617604107159423
-17.379053256853695
-2.810601900015172
-13.901428765715536
-6.9256919601830305
-3.1535669189470354
-15.933592553232273
-5.669361281088641
-7.738968402650812
-17.757730996114304
-14.370747199597531
-3.161760586735909
-5.938078109262278
-21.505784801675077
-36.22448242587723
-20.800392523951814
-2.6325859352432417
-3.809092174458783
-6.411366111894495
-7.4654772416142805
-11.330627485778678
-14.3568696409302
-21.284661402510892
-10.082222879809251
-13.70348734208028
-19.38601135025965
-30.60831794453543
-14.308864979381724
-3.4030887115986843
-21.45319301224663
-9.939618552572938
-5.008567145749112
-5.658373860754864
-21.082910279417774
-7.044757823226746
-9.308207162408507
-14.784744149763355
-23.130609374631604
-11.386746691236112
-33.52949014458761
-31.853927891908825
-16.17446941097296
-19.01691846195081
-14.893583130313345
-16.54461527937383
-27.090818571234195
-5.05747497190896
-40.58885842417976
-5.658373857960896
-8.815233717052251
-4.396703151611746
-2.8262266708916286
-21.324392723399797
-10.75705998498961
-5.603750132554524
-8.262623039830942
-3.89066325233307
-6.205431175509148
-3.161760586735909
-3.765858556882904
-10.099665438009652
-2.8106010749070265
-22.575692366604926
-3.1535669170443725
-2.2315329499633663
-8.416661386941996
-10.451840660257403
-4.671918596389787
-11.581742607380761
-15.545236281056305
-20.80017545365081
-19.232376341859208
-15.484153797785211
-0.7318729159742361
-3.969619441526106
-7.218708641048579
-36.22448242587723
-20.800392523951814
-5.658373863548832
-21.082910839655597
-7.0447593821734245
-6.829518616544419
-7.846681074675871
-2.232145614510955
-2.391049409081461
-9.932781884154224
-6.372860412899172
-9.62185019102617
-36.22448242587723
-20.800392523951814
-4.103601221344434
-9.830350651594927
-7.044759081384427
-10.604740525246598
-4.488084928234457
-4.650223014919902
-7.372399542327912
-8.656839401975958
-17.5741045204295
-2.1155644886421214
-33.77833472786028
-10.37503073492735
-4.45726734213531
-17.886443979784417
-7.044759191783442
-5.64853390479152
-20.6405899855381
-3.6619240561940387
-9.727937333035015
-2.1649452578276396
-4.2862011875840835
-3.721523624844849
-14.844228114074212
-15.653811238531489
-17.418734163453337
-8.948846950226198
-18.978376272866626
-6.171732640825155
-15.530890315818624
-3.161760293362022
-13.16841936434139
-1.4114219746625167
-24.021902162290644
-27.286030714756635
-11.594167493469286
-3.7026958209098666
-13.772914938192116
-12.305565557771388
-6.171733637922387
-5.403252722244815
-3.2874028345127044
-4.2861915977073295
-26.68883412762716
-4.31992185395211
-21.082910766990608
-7.044759346928686
-6.829518951132968
-18.213069379591616
-2.2321448082748248
-2.3910495660311426
-12.31187648341438
-6.372860532050254
-15.984295749243756
-11.708274315227754
-4.319922168273479
-21.08290938816208
-7.044759081384427
-6.829518459396468
-47.87770997761436
-2.978133992452058
-19.50241593499277
-10.148501769133873
-30.750480753556076
-14.158831788552561
-5.658373979032831
-17.88644554930852
-7.044757823226746
-6.956057139771019
-15.670084188634064
-16.589421212096568
-1.7430469091195846
-6.617896951018338
-6.965404647363812
-5.824204637310686
-4.319922397844493
-21.082910491788425
-7.044757773692027
-6.829517938551589
-13.62034365900763
-7.7837673908597935
-0.9676845943108674
-24.567062948899093
-22.911375623587446
-15.961148418241919
-25.83696483189783
-14.158831933722468
-9.05627976526739
-12.073380889777695
-1.8988546981090622
-26.276870623500145
-14.962780180670961
-3.3465104203096416
-5.658373979032831
-21.082908894941284
-7.044758082560065
-20.89314029145669
-2.147282877660473
-25.272444221930357
-20.60735066642974
-14.894920314295632
-44.48135498068541
-15.251712458673865
-2.00723042536265
-18.493026409647427
-10.977936576253342
-19.44415179063435
-12.323951237369329
-12.179163893351841
-6.8820130644817255
-13.36847585346544
-6.589071844166028
-13.13261087869978
-8.755564527457864
-17.297016041943607
-24.651891953180893
-4.319922166876495
-21.082908894941284
-7.044758082560065
-11.770474814671616
-14.192176586023379
-15.965982823487138
-22.221201488000588
-12.381532785482705
-7.325932647482659
-7.867119681555778
-8.285099132175674
-4.415604312765936
-6.03800773292096
-2.3917463309844607
-13.635399073988083
-31.97438513066612
-0.024490757612511516
-22.8897100168042
-31.16560428613593
-5.236698599423107
-21.082910839655597
-7.044757773692027
-9.71233043855159
-27.70077980281485
-16.454105199525657
-16.700434241296534
-35.99796823439465
-12.881487240967544
-7.359333676562528
-20.083296086378596
-13.949960538651794
-14.760353834002672
-4.419745350081939
-10.85926162452597
-11.843019962310791
-4.3266184777749
-7.6951046595499975
-3.287403396747777
-14.844226762041217
-14.200680797719542
-2.562783380540168
-16.598133934055113
-2.7203308876510164
-2.012311615748331
-9.605707865146542
-11.98296936826955
-5.6636140267874
-15.346942930787918
-8.755564527457864
-27.0867576735709
-25.849752674234878
-4.457267211808357
-16.325114180871424
-7.044758082560065
-4.1894273545045735
-2.321137730847113
-14.323795634780254
-9.41318940167912
-16.56735076988116
-16.634533088123135
-4.31992185395211
-21.082910766990608
-13.861044240426054
-1.4678304267436033
-30.430826267074707
-3.378384366464161
-2.212963881174801
-13.619096096757858
-0.024490757612511516
-12.3685291526308
-3.825302768329493
-8.554011996589907
-22.139167153609378
-1.4765729744030978
-12.886878636585607
-5.658374199756281
-21.082910766990608
-7.044759346928686
-7.577005013419694
-11.098924795114726
-21.234915977505807
-8.543987654731609
-9.183171051564841
-18.872392148170547
-11.308643951547765
-11.058077528141439
-21.22562740244166
-16.607106608608092
-20.177588781082704
-33.2988292472437
-5.658373857960896
-17.886444642846072
-6.987632469746586
-10.202206821033542
-2.7166197234546416
-4.125775528736995
-22.447772646345584
-18.086902548719536
-20.792207929120195
-35.37927896892097
-13.613021117667813
-5.179222728602895
-7.193722093018323
-7.19974028303659
-16.326729970674933
-8.682261448455392
-16.634533889395243
-5.307416226464738
-14.04230805723364
-7.044757773692027
-5.309853156672034
-5.717734925504374
-12.692184484498114
-1.4485740331274428
-47.432216541232265
-1.8035804831815767
-14.447387016771245
-9.344046276179142
-4.174683706234646
-4.079055664904445
-15.998326658078895
-18.118032189708174
-33.778334601826145
-10.262480281720855
-3.963105709611227
-13.404941468728794
-5.43829154897503
-17.93743135180557
-3.239885293362022
-35.123704020625155
-4.279578950436189
-21.522623627097346
-31.08281509691733
-10.513871449205908
-15.185837517106847
-8.644922921870602
-8.317040883455775
-43.28029371151456
-12.003839455617708
-4.45726734213531
-14.108633886534335
-6.987631677277477
-0.8879414477087266
-13.883192542296001
-25.259399957354617
-12.691372841180055
-3.6852119446302822
-14.752367520472035
-10.568328973473399
-18.009603847105154
-4.662275401195075
-5.27687587121909
-11.173874243200544
-12.845229330523125
-8.176502568057913
-26.133605082231497
-8.710701097988931
-4.45726699574152
-14.04230618616657
-7.044759191783442
-11.108481722301121
-11.76613952345815
-5.093292607406511
-10.062447027836242
-6.367958701806856
-10.840741058507774
-6.647402301351121
-4.034236240750033
-4.583208246273443
-3.2874026373906418
-3.820624445172143
-24.35393919159469
-9.281381543386487
-9.541912285800208
-13.222494654062302
-4.379938410721479
-16.20918393732427
-10.292322589782998
-33.195045123196905
-37.26603830717124
-37.85355847114988
-2.5946123304891557
-23.491653734583224
-5.174543552802788
-13.61919415588909
-27.058895317146835
-11.545024643226043
-4.805275070294556
-8.372220344198468
-10.115085974321119
-8.755565762859078
-27.086757141813905
-25.849751294769703
-17.723141971226596
-3.191633452195674
-15.360157802237097
-5.658373979032831
-21.082908894941284
-7.044758082560065
-13.808929700385306
-3.907304598400515
-56.68276988055459
-9.94099827863829
-4.90856821743364
-9.235990528388356
-3.7781330556754256
-50.866472786290615
-27.105079551663948
-12.786965686260373
-7.35919666189875
-21.56028170149773
-12.785026962465054
-15.108396313982666
-2.621808373906788
-25.83696391378203
-14.158832043502116
-9.281381209638312
-18.12435881374404
-3.1617602924379753
-14.486929845865234
-24.119203119586018
-4.523384504034766
-4.419284693773079
-20.046020925361518
-12.965225118830858
-21.312572429127613
-10.115085974292015
-11.98296936826955
-21.10431891169719
-13.229838696868683
-8.755564741285525
-11.47293756421277
-25.849750817787026
-5.236697686726984
-21.082910491788425
-7.044757773692027
-9.263576579087385
-9.712330959396468
-7.699418948107336
-4.910742113377637
-38.65113521493549
-32.07983530618185
-35.461124763339285
-22.999923874976957
-12.39760827650025
-36.22448198675863
-20.800391795482938
-20.25664647296071
-3.9631058236982426
-3.890662909491766
-3.8545206063135993
-3.16176022910804
-3.858792683234924
-3.1617602924379753
-23.080814035009098
-14.784607140569278
-20.185843032712
-2.8106010749070265
-7.218708641048579
-36.22448242587723
-20.800392523951814
-5.658373863548832
-21.082910839655597
-7.0447593821734245
-14.019374179063448
-14.367309052508972
-2.232145638694419
-2.391049543664849
-9.932781613991096
-6.372860051618773
-11.304128060815856
-36.22448137722347
-20.800392588387695
-3.116987388768848
-22.642964583934372
-9.183170947547751
-26.394675761282997
-17.184597324015613
-7.2447011519416264
-10.562406690576154
-3.287402694521461
-4.286190701748637
-25.653755671081854
-5.658374446323933
-17.140470413663934
-7.044758082560065
-15.010694744177727
-7.841418553769358
-11.18000748128884
-2.1391328160279954
-4.982518274926406
-22.05465644327137
-15.731928302377128
-7.124230243710372
-10.085000287443108
-10.605412454314774
-8.434735896349594
-25.892086442258915
-25.687488522853528
-16.523470284474115
-14.921945540376328
-7.8197807781725714
-1.8183621580683393
-36.224481645399806
-20.8003916984253
-4.45726680214284
-17.88644469593146
-4.345436621348199
-18.895302295574766
-8.192999073803094
-14.011438981728134
-33.68080486617907
-11.470351519514224
-1.5202630989933823
-9.28138024794589
-9.40421079326643
-10.816572776840076
-16.22024311953851
-5.688524484634399
-11.933761961059645
-29.95540380636703
-10.062514028843452
-13.716594728246491
-22.345328189559496
-14.836756382865133
-8.755563778727264
-11.472937467850898
-25.8497510874613
-4.103601575247012
-21.08290938816208
-7.044759081384427
-14.158832043502116
-5.658373857960896
-21.08290983185543
-7.044759191783442
-2.530259221349752
-9.844877620036641
-13.552489945430352
-2.00723108380771
-19.58699353597376
-2.8392356924159685
-11.269047325037718
-7.934168030913497
-14.836757105455035
-36.22448242587723
-20.800392523951814
-6.764039504931134
-1.3639973646259023
-3.1617604125422076
-6.640105941482034
-23.76900556196233
-5.8128413012454985
-14.840560939681382
-7.6290442475492455
-21.93421585635099
-11.583488251948438
-3.904864054362406
-1.6481506950949552
-1.089318230520803
-6.610300791264194
-11.409528609816334
-13.23907195292486
-19.01486802785803
-11.252949139947305
-12.514489686589513
-8.755565934920924
-40.31628192316657
-25.849752948562127
-3.0814900395898803
-10.019576254764615
-6.178315932404075
-2.4008890584951814
-13.481635554002423
-9.268224722734885
-33.77833407260937
-10.262481172348998
-4.103601575247012
-17.4821419004802
-7.044759191783442
-5.532432702928418
-2.874653272012665
-8.82287451501179
-21.344621920407008
-14.450315868598409
-9.183170500701635
-12.832465164974565
-11.72348256182022
-9.778203811584603
-7.300591092091054
-4.998969620393154
-11.315834414795972
-20.874731499745394
-10.593757213288882
-9.888108244689647
-14.156779542565346
-3.4361758519662544
-33.778334044716985
-10.262480807867178
-12.898976699943887
-13.63571284846148
-4.103600524831563
-17.48214231390375
-7.0447593821734245
-6.829518616544419
-5.306104675590177
-13.99076500589672
-14.45031471360926
-5.077454457104523
-12.832463298735092
-11.723481556232855
-17.703653675560872
-28.105375883481884
-17.025092428390053
-11.880677906108758
-18.811902403831482
-33.77833407260937
-10.262481172348998
-5.658374446323933
-19.493480651345635
-7.2662233766386635
-18.857892645315587
-3.6445913062198088
-2.060992889197223
-16.666973931129178
-27.359313874976124
-21.052862855491185
-16.096971909231797
-12.082037340907846
-0.7317479194971384
-10.683374211397677
-14.023590502264142
-3.2874028345127044
-4.2861915977073295
-28.524560327698055
-5.658373989277152
-17.482143860455835
-6.903106521715927
-9.020179171668133
-3.7008850168622303
-14.745245705925754
-5.2277787441707915
-2.4320314661599696
-6.55951322588885
-2.7634377107024193
-3.428651119407675
-8.302443711967491
-4.5137143139581895
-15.616414306288789
-2.0072307829905185
-5.697903646865598
-6.933026113043525
-5.176571227289969
-15.108396430281573
-1.7220598648000305
-33.77833486721306
-10.262480249881264
-4.45726724906126
-14.042306337952141
-6.857076184387552
-12.325181688575753
-10.770569270409396
-11.19767719950687
-19.13796069361706
-1.488390493526822
-15.290065879870554
-27.74852334669572
-7.147706945591949
-4.583208279801056
-3.287402694521461
-3.8206253199205094
-24.353938874518462
-5.236698599423107
-17.48214478108639
-7.044757773692027
-6.6140423872857355
-2.8262260749070265
-10.413648262561765
-3.1156698419094937
-0.0244905196595937
-11.836516207200475
-13.390314225477596
-27.047773095633147
-9.181517450054116
-4.374319971175282
-4.963236930542735
-6.523315034573898
-8.80621942645297
-12.600091897412312
-11.304127822397277
-10.997565254103392
-33.77833486721306
-10.262480249881264
-4.469663939335078
-2.923811033659149
-2.3808618208640837
-10.973791144399001
-30.693067340070684
-1.7071961817073316
-1.1002901435713284
-4.5834236484279245
-12.95673959014789
-4.802152122021653
-12.470738098558286
-4.767120147764217
-4.593054333986402
-12.349035901057277
-6.285370608595258
-7.942719554115683
-10.340674763105653
-11.133290224837765
-5.10856487405772
-18.53137050262012
-4.240097440459067
-4.583208377357096
-3.2874028345127044
-3.820625100160214
-24.353936905438786
-4.10360086010769
-17.482142896442383
-7.044759081384427
-19.78377838688357
-10.561971543084383
-4.743702356932772
-18.45028756908141
-4.693552691358491
-7.2998346742242575
-17.83647507402202
-8.739116521552205
-5.963109563301259
-8.831395410001278
-8.755563776588133
-17.297015599098813
-26.10767130938075
-4.45726699574152
-14.04230618616657
-7.044759191783442
-5.679183413257306
-5.231219802850319
-28.094347681204454
-6.386421283143136
-11.925795744682091
-4.583207686432161
-3.2874035310319414
-3.820626655986416
-24.353939494457336
-4.103600886184722
-17.482143932631516
-7.044757824288354
-8.27572518240504
-5.446079843694861
-11.144193735364752
-12.004660464503104
-7.726751124100701
-29.749576505608275
-14.537958297771183
-4.319922168273479
-17.4821419004802
-7.044759191783442
-6.829518742738628
-16.17697298209532
-10.548802461613377
-22.505323355881046
-14.707571236897138
-23.712043039522086
-11.013294161744398
-7.732571430806274
-10.86508692787902
-33.77833472786028
-10.262479172250096
-5.65837387379338
-26.038196528490516
-7.044757773692027
-14.37354390804046
-16.193884819804225
-3.499747227062471
-5.874927400130559
-10.540028175186308
-5.658373989277152
-14.04230618616657
-7.044759191783442
-7.680456160934227
-21.338205568559715
-13.52892617318048
-12.195494265650268
-13.810001892168657
-5.668506061658263
-15.671587679338131
-2.82622630401238
-10.277986240572773
-10.224984544005565
-4.700995627287966
-13.091734298906886
-8.109985874729318
-15.260528024079122
-42.72424076138668
-21.52221901880648
-7.03646632353707
-5.3074159952634545
-14.04230685580751
-19.117450728444965
-5.049608922650805
-5.658374446323933
-26.038197696690986
-7.044759191783442
-2.1433311968121416
-30.232405435401915
-7.561056275289047
-7.787143872494198
-7.311409543151967
-16.278047976331436
-6.59029435805769
-9.172337104494545
-4.844696297172163
-2.826226900015172
-2.391746514465922
-1.470603025289165
-8.706232309985182
-12.67118329929417
-0.08852709163329564
-9.456199652442592
-7.852072147901708
-2.257047427881389
-7.8576808616176095
-5.123527570067381
-4.112966404034523
-5.395249322806194
-10.977936386469082
-17.955205866137476
-4.009692692472527
-4.950366183067672
-9.200722346988869
-7.879625775972272
-7.214541898549214
-1.9243378810351714
-10.865086093530408
-9.64175018761307
-8.755563778727264
-17.297015024473694
-16.8274395059816
-5.658373979032831
-17.482143105125942
-7.044759346928686
-49.98014956772022
-6.9307230410777265
-13.335508038687749
-2.232145614510955
-6.982913246429234
-8.688211512959242
-2.4186248019032064
-7.432453489826003
-31.89262446335374
-61.51906410952506
-28.54701877665093
-8.478531429111172
-33.778334601826145
-10.262480281720855
-5.658373857960896
-17.275738431259924
-7.044759191783442
-17.04242655871292
-16.661329573260446
-36.81493865164691
-8.195807783678902
-7.230162599584219
-8.021587200029899
-20.865830701851337
-10.567210355777206
-12.926115302747348
-10.977938327139782
-18.124359245965024
-14.232303671846694
-5.905894875089871
-20.737907274218742
-3.6709960181615315
-3.2398854107159423
-5.259061807399121
-11.838495804673585
-9.641750866430812
-8.755564527457864
-17.297016041943607
-18.388884507707644
-3.08149002864684
-8.96560154886265
-2.366839227419405
-14.107723693844264
-2.509307303080277
-5.9964281125369325
-8.683559496839734
-13.810001892168657
-33.77833244616545
-10.262480344541473
-10.977937603633109
-13.7801060149759
-5.905894525902113
-5.418854078758159
-10.875693886982845
-6.6240624192141695
-8.016158471815288
-6.865932391607203
-15.542361167050672
-5.701170728700845
-4.469664145624847
-2.979010925075272
-5.646178129241889
-2.202805674460251
-8.582094521370891
-11.908947143026126
-17.771013542165747
-11.481624269796157
-3.0882691272654483
-7.629249911107763
-10.977937139121423
-16.927763786530704
-2.5627836322664734
-5.182409610657487
-6.523404059569202
-8.699118644263763
-17.069185205881695
-5.881609556512558
-4.736294968238326
-17.297015024473694
-16.565233230659032
-4.469663921187021
-6.880450457771076
-6.178313905547839
-8.704883251608408
-20.36095340522752
-7.601974338076616
-23.931451199723085
-2.8666466683353065
-8.26262339373352
-5.189435955027875
-2.376788545603631
-8.666796222569246
-11.519148768752757
-10.72804179868399
-3.2755900140259655
-8.03021958113095
-2.0395949086196197
-8.33567863702774
-6.91152902727481
-3.451078255096945
-5.000594296514464
-7.63381183353431
-9.918548219513468
-6.429923369425524
-3.376495156851888
-24.778381637828716
-6.454093123996699
-5.420845112868847
-11.950300494328985
-14.836756617442006
-9.114987275621388
-7.311409780581016
-9.502961600348499
-12.520109771232455
-4.906439275815501
-2.82622630401238
-15.836770326364785
-5.000595261328272
-13.173615667968988
-8.271256983179228
-4.536737126742082
-8.861631870344354
-11.30704651286942
-9.042734712158563
-2.421483851969242
-3.4085914294028044
-24.10489318008331
-5.331744078954216
-1.6362306922164862
-5.6444467245964915
-7.707408365135052
-8.820154421773623
-1.3846249612397514
-13.065084141444459
-24.451543451708858
-10.400731082889251
-7.8923733128467575
-20.06571792336399
-24.009452640053496
-3.670996559172636
-4.736296141466482
-17.297015196564644
-16.565233887678005
-3.963105589121369
-20.244338643307856
-2.8106016708916286
-17.077420850051567
-2.6142046197510354
-8.204371429559615
-12.789383860806993
-8.050906770671645
-4.112966404034523
-2.810601900015172
-10.977936386469082
-17.836474146370165
-3.7391202135331696
-19.41181673377514
-5.557084476072191
-8.472738326719991
-9.56021788382941
-6.984637229777491
-4.740623882167711
-4.317286687184605
-4.437244970118627
-5.899656867592512
-4.73629548721965
-17.29701633615332
-16.565233147285653
-0.12585403886214408
-17.88644437486164
-6.987632396796926
-2.8010070947575514
-4.22827610261038
-4.581660857773386
-19.365524703856863
-34.95731623280335
-6.078073953132844
-17.422586175940523
-0.22630601818673313
-19.70154885679949
-14.809329555966542
-28.088200264902298
-25.84975018574096
-5.658373857960896
-14.042306337952141
-7.044758082560065
-10.78114847434199
-12.775448198080994
-4.45726734213531
-14.04230685580751
-1.0564418677759022
-3.959356545691662
-7.988786649290319
-6.442196338187387
-5.988678657720811
-0.16136251877469476
-8.630817574811772
-7.607169663112472
-1.5000678477445035
-12.753435664705648
-17.031338890032202
-3.663974382197921
-11.28445209167694
-4.800331440157606
-4.688569151910997
-9.78774859935038
-8.521290588508236
-0.8546089514857158
-1.6211595209424559
-5.1001704684167635
-4.4042500317700615
-16.764780221014917
-17.576722846953544
-9.532923773459515
-6.288953205381404
-3.0223011648959073
-0.8923833254498277
-9.532923168070738
-15.641068928534764
-1.9688462425583566
-7.265417648512084
-1.1043401017668657
-23.74616992625704
-10.370856628726415
-5.861129363976943
-1.6216439921854544
-3.9593556871286637
-5.209955215847003
-5.766577430069447
-3.106303163123812
-3.8028784208509023
-1.2108377806507633
-0.9331210396703682
-11.401934276502288
-13.21082256985801
-11.798580754157229
-12.970941385992774
-9.12246643270737
-3.0153662673537838
-1.058695310348412
-3.326710815923434
-4.251214341929881
-5.1769234671260165
-8.51500553599385
-8.026115673563709
-2.9887784770689905
-1.6216440001035153
-3.9593568958111973
-8.042675843865254
-0.0244905196595937
-3.3080258347695235
-13.371119684488804
-17.92328618527972
-11.852504443606676
-3.2342133902511705
-0.8370071785757318
-0.5172620432531403
-7.070191851920299
-4.6196257946503465
-0.32254656614531996
-0.8879419934528414
-7.070191116525166
-4.8319974089936295
-4.25680548067885
-0.5301288061600644
-0.09547504130750895
-3.610551054327516
-2.023333830948104
-0.2469285149127245
-4.61392467495898
-0.06584810744971037
-3.3293770296149887
-4.474298495799303
-0.746700631454587
-0.8879426769854035
-9.192028714579806
-7.432852109930536
-4.177605553646572
-7.507897794532255
-5.974068994168192
-6.480778616574753
-5.6499066224678245
-11.102619295807017
-5.2841966577470885
-5.742514960096742
-9.474759472010192
-7.813775168322536
-1.621643784034859
-3.959356545691662
-10.205154547431448
-0.6868166133353952
-1.5079840631806292
-0.8884660085423093
-0.30086386948789823
-0.1981757037137868
-4.051134701090632
-8.86202409489124
-5.447595955731231
-3.9114159343444044
-3.7269765664823353
-4.773535767802969
-5.284196172186057
-5.742514941473928
-5.49461929631434
-5.649906279733841
-2.6796901858597266
-2.8898935769539094
-6.740916298280354
-8.601740816011443
-7.988264592209816
-3.959356964728613
-0.5910406216426054
-6.306001545628533
-8.640597852932842
-12.73154607610195
-5.659473603045626
-39.93498044782996
-2.7982577417133143
-11.230728350819845
-11.67945708991465
-7.3238095195665665
-3.371802535670213
-20.68765685179028
-5.266172695838122
-7.937665520932342
-7.5651505195237405
-6.8455325717550295
-9.341842627618348
-7.565151161001268
-6.845532724499208
-7.379069678259384
-5.644083799634245
-5.3323885245572455
-6.548851409179406
-11.284292737909254
-5.571223203342015
-2.988777242600918
-5.992720668059974
-9.278991288384532
-6.150898082052663
-13.374086542557052
-3.1423541582234975
-10.83423811147486
-7.431861150248551
-2.091955923180649
-6.840543399383478
-25.794265890390307
-20.413281428907794
-12.331168663287826
-26.66584997058817
-47.05343883734895
-19.8669693508744
-20.219260927184223
-26.893481801789676
-21.486745906346187
-4.142631479044212
-6.185418341927289
-1.3549004640049134
-9.38934022639296
-10.745590788748814
-4.649385749627982
-6.459404058536165
-3.4002747628815087
-4.324022188928211
-3.530851226678351
-4.714838577699993
-11.658242519857595
-2.4162975382059813
-7.469370407119641
-4.09689316481672
-18.77565330487232
-3.7717133859641763
-41.57717840684927
-5.900846499234831
-7.748217560098055
-19.00464536007712
-3.8688200669607795
-0.8550362044661597
-3.5035440592473606
-11.737533236268064
-1.0692268236034579
-1.4907090728956973
-5.2248718057526276
-0.36989375622943044
-7.3787929450845695
-1.9579687543664477
-5.014645207247668
-5.132067537018884
-6.795204793948415
-0.7363754967311706
-3.7084386816040933
-2.576798138439699
-9.101300856342213
-3.134695186936028
-0.8078836927925295
-3.0199671918380773
-7.705446625897821
-8.466618748986548
-2.9151528519869316
-1.896576511863259
-0.807883902307367
-8.994110552409893
-0.035335343185579404
-7.677245758473873
-0.05324346327688545
-0.4060415089197704
-0.06018339074216783
-11.649792278592031
-0.06226014764979482
-8.135972094760291
-0.08447946072556078
-14.384910471225766
-5.946879534647451
-2.210059077155165
-7.062557178578572
-10.447940175430631
-0.7785680399038029
-2.4508267361088656
-0.5533904214029235
-1.6216440001035153
-3.9593568958111973
-0.719885701801104
-4.337402935052523
-46.309962881913634
-11.471157501421203
-18.010129562907423
-0.03859140467830002
-5.257059939263854
-3.6364954148593824
-27.75487080825178
-20.96564751454025
-7.3183190383697365
-1.1182776817295235
-7.091713320462645
-4.22455860526361
-0.7517635444924053
-13.165740279069723
-1.617304928098747
-4.315535061907212
-1.9326076070647105
-1.95796833888744
-8.547247676304323
-16.05833857114203
-8.220594590335168
-3.1535676918865647
-10.768828922770808
-10.30218681297265
-0.33528996468157857
-4.645377556938001
-17.90275486267774
-3.5102289440546883
-15.004066552501172
-7.466236890176333
-3.9762920295524964
-7.378215151045879
-3.8908778476652515
-11.104901486982271
-1.6216438189612745
-3.959355790098016
-12.946364516028552
-10.417133567669453
-2.8713812762507587
-10.374508167617023
-3.478054106235504
-4.459607319222414
-4.7547318446449935
-0.5988185751484707
-8.02511978149414
-4.713417425430862
-0.03533533951849677
-3.102373229485238
-0.053243690519593656
-1.9147937179659493
-10.101128155445622
-0.06018339074216783
-4.027865065004335
-0.06225967488717288
-5.268894001324952
-0.08447911078110337
-15.49572927036752
-0.0818992480635643
-5.433481140789809
-10.596551423821438
-2.7322747692544453
-24.058856104224105
-2.2996964140729688
-0.03533568963757716
-3.1023740334057948
-0.05324346327688545
-1.9147939469548874
-10.101127772219115
-0.06018339074216783
-4.027864946260706
-0.06226001388859004
-4.411415427024622
-0.08447934896685183
-5.7524927023278
-0.912196041766606
-0.08189912897069007
-7.09693453663931
-8.964037413424194
-3.319692988699444
-3.478053867816925
-5.397978235952905
-6.387453982370062
-12.63661345186847
-9.096848119901551
-5.778026046926243
-10.311564779033688
-17.408822080735263
-17.051957287244022
-0.0244905196595937
-1.6216440001035153
-3.9593568958111973
-2.24857528679604
-4.33740437036613
-4.821882935022586
-0.3724283586452657
-1.3762297355788178
-13.665964092785543
-0.7040386329649664
-2.5778700428845696
-10.920676966377869
-16.066344207940347
-0.37242833048003376
-15.114376471690775
-22.994324570257504
-12.961111313779838
-19.93672285706458
-1.8465481784842268
-0.8866977990037412
-4.544112110981587
-6.775994663516485
-6.234988125954715
-0.035335224034497514
-0.3212835816666484
-0.05324312066659331
-0.3352898617122264
-0.06018327898345888
-4.645377916248435
-0.062260237406007946
-3.6393090043543452
-0.08447888738010079
-5.382693534607824
-0.08189925539772958
-10.587414346710602
-0.06516429281327873
-14.943739076313477
-7.076252521519393
-8.593705368812152
-8.745204067629857
-9.19300253642723
-23.069060472305864
-6.223661409409942
-5.800378180796542
-3.351413500358376
-15.954798160060818
-4.1971256549113605
-0.29668882151599973
-1.9785679022006661
-9.619652023255185
-2.12012760725338
-23.884107770715673
-4.42697265244351
-9.998736708315391
-6.278252404183149
-9.071630703409028
-4.371749498946883
-0.7430652724360698
-23.603891477079742
-5.768062231334625
-11.848876011424863
-4.530315937707201
-3.5157951220676296
-8.246043632589135
-2.713383462296406
-11.657044069786025
-3.3327734538179357
-11.228802016878035
-19.08453885668132
-0.7144966279738583
-1.0692247635215608
-4.714838818039425
-8.989264101022854
-3.959355790098016
-22.555203371746757
-4.386368317529559
-2.049798088118905
-17.84238803138578
-4.382111320075637
-6.816625311284952
-12.147835605957312
-10.275069120922126
-7.187503167348041
-8.730881779716583
-2.471426998017705
-8.000272847799351
-2.9445026103639975
-9.391436357298517
-21.371390454805805
-8.4019901038846
-21.876861094569904
-4.620993882417679
-3.6700252123264363
-7.49590644676573
-2.801338375946216
-21.371390988919302
-8.026117677977254
-4.982412225188455
-2.3847140405559912
-23.678520698560533
-6.902692011804902
-2.722724906841904
-1.9579687543664477
-14.33772625540314
-4.6534495732339565
-4.270310429239544
-4.6534495732339565
-5.058281055160933
-3.983197112573407
-1.8414618223032448
-0.4613769580646476
-2.177303237374872
-0.34881120031059254
-1.9134055372560397
-4.741921492875463
-1.9656833230983466
-4.027865063607351
-2.2775879078544676
-5.025419914001986
-1.7598820552229881
-8.165767197777313
-6.484804219671787
-12.886503473350785
-26.60119110770802
-0.5407065572035208
-1.8414619303366635
-0.46137636056482734
-2.1773029095493257
-0.34881140720972326
-1.913405999308452
-2.1617368899751455
-1.0334872986422852
-1.9656829655868933
-3.7249487111557755
-2.2775878033135086
-19.856821789162495
-1.7598820698913187
-9.260770171080367
-1.5776216920712614
-4.681140822605812
-7.082403423347387
-19.838615923479665
-9.631934391894447
-1.5455428412260517
-1.2380605323851341
-1.0160718493716558
-7.49684346740105
-0.6468114542094554
-1.01915514672055
-5.9468790382525185
-5.571406532078981
-17.114339277584804
-3.963106177599002
-18.70157561499218
-2.350005438696826
-2.607358816490887
-2.72264743968708
-2.8274493836797774
-9.438860503905744
-4.468724892474711
-2.5114544852986
-8.442943944330182
-8.290266805029205
-7.6898918767956275
-4.996553462209704
-6.638712626884626
-7.093818374290095
-9.763833516608429
-4.699930399205186
-0.3705275291304133
-0.03533510855049826
-0.6697934400799568
-0.053243690519593656
-3.7249479977626834
-0.06018350983504206
-24.697873749944847
-0.06226013298146427
-0.8444653834576457
-6.936728524044156
-11.41634220891865
-8.026117677977254
-4.982412225188455
-1.2925903964278405
-0.6709972896605905
-2.0528582598308276
-5.882900242926553
-12.39886615081923
-12.680300089486991
-27.22815351036843
-10.660413147239353
-2.897405312396586
-0.6245892607676069
-0.09348108462290838
-3.424065527928178
-2.3209874210733688
-2.3607921968068695
-11.232662017115217
-21.3014361457316
-2.5493738830100483
-2.361365666900838
-7.313780614843836
-11.227771532028555
-10.401186765415332
-11.390735225693788
-8.123177306383695
-1.9134777813778783
-2.75895869336091
-5.4358591174241155
-5.992719189199761
-9.278991106531748
-3.4570299067127053
-3.959356545691662
-1.9168190245345613
-5.3456927198967605
-2.1920353083114605
-12.398407362867147
-0.6806105765499524
-4.125775469117798
-2.0766191528819036
-2.391746724002587
-0.035335224034497514
-16.332592291590117
-9.959544786659535
-13.878789266367676
-0.06226014764979482
-12.18060881715428
-0.08447924465872347
-16.32924867932161
-19.722493416862562
-0.0818992480635643
-3.64897800205199
-0.06516440457198769
-12.483757629277534
-0.07168017118237913
-6.227291972685634
-2.2158327244687825
-8.454970186576247
-3.218524730531499
-4.250614640236108
-2.5023692019749433
-8.45497092558071
-2.594249182846397
-9.379757506521855
-2.530673003057018
-3.699923549676896
-2.8948295098380186
-8.557024145673495
-3.119062294194009
-2.4924176011263626
-19.225212649245805
-1.7731842381599563
-9.232653617858887
-14.13108289904767
-6.081556746658009
-2.5364256316097453
-3.991862547089113
-11.171528500069144
-0.06858839748929313
-3.4570296720194165
-3.959355790098016
-8.398926407075123
-8.037895650872088
-7.584722416126169
-15.508136957390661
-9.278586480460945
-5.951848912508922
-0.7430654996351223
-6.6579608164138335
-5.4541421270105275
-0.7430655443822616
-22.91119874283686
-7.950327826512421
-20.137045250070514
-0.03533533951849677
-7.885986291572408
-0.05324346327688545
-0.3488117963570403
-0.06018350983504206
-4.648357041189911
-0.06225967488717288
-3.7249487111557755
-0.08447924465872347
-3.156013852624028
-0.08189912897069007
-2.6985364926404145
-6.119073899884825
-10.186515423320088
-4.521916136145592
-4.01281306630699
-22.471141743284534
-6.715402943901154
-6.703563479184595
-8.026116180698637
-4.982412488170667
-0.4292198741750326
-4.904189730063081
-1.621643784034859
-3.959356545691662
-12.158378326683305
-19.191430911967473
-1.8471343405835796
-7.445114531998115
-4.113587242372887
-8.309218862996204
-16.81300511282734
-12.71668598400629
-8.730881779716583
-4.085530749925965
-8.68565620854497
-7.258254343621957
-4.018434665234963
-0.09547515865415335
-3.6105505365121644
-6.631383654865203
-0.2469285149127245
-4.613924820929242
-0.06584788206964731
-3.3293766721035354
-4.474298855289817
-0.7467005336657166
-4.344186229780462
-11.604099675110774
-2.6932224611209676
-13.567174762321883
-12.354433836102544
-8.026117055009763
-2.9887779622222297
-6.201506749401233
-1.7814262513120411
-21.27691958192736
-13.612307832741863
-3.016457977684695
-31.675723936408758
-7.876305531957769
-4.649322600569121
-23.926662189831518
-11.129843170090226
-10.3943011498759
-5.651615403197866
-6.356111517789941
-1.2388287067278725
-0.9121959915333946
-2.1078977904144267
-23.398317619401496
-0.9567254665726068
-4.3131264522139645
-3.976291677508925
-4.666975700383773
-6.417624770663679
-9.711601968443574
-6.03215052423775
-35.00671905069066
-3.3897211239191165
-1.6216439921854544
-3.9593556871286637
-6.230870662704547
-1.5988034181664261
-2.6796901858597266
-5.649906406430091
-12.494691977528419
-8.602689944821577
-6.477391600550618
-4.360689215642196
-0.8370064668124542
-11.251602693246241
-0.06426235149228887
-1.7193863312713802
-14.109376756940037
-13.585765371859452
-4.541932218126021
-29.405305247510114
-19.904681409709156
-10.12361788081762
-0.06426245252987428
-1.8527484463611472
-0.05322835289007344
-8.117929891215681
-18.20757607879932
-10.66225802709232
-10.123620196609409
-1.4435712322592735
-0.47331580449827015
-20.856160778228514
-3.99844276389922
-5.622187897562981
-12.746284776250832
-8.601740913800313
-3.4570296720194165
-3.959355790098016
-14.237035613063199
-4.9431772139123495
-0.8501019063405693
-14.306251451695061
-4.589443740080242
-11.405123217315122
-8.780750485602766
-0.03533499306649901
-11.828403462272036
-0.05324323242530227
-7.471172005902645
-0.2049934125971049
-2.460274854762247
-30.96643905749079
-0.20990805397741497
-21.335025479279125
-0.5282662839408658
-4.441359139236738
-2.0507191913038696
-4.786073599185329
-0.06018327898345888
-7.747368383754292
-2.3838364782204735
-0.06226014764979482
-12.809676469293606
-0.08447934896685183
-4.946652472679489
-0.08189935237169266
-9.731011896322343
-0.06516473984811455
-8.278419329893723
-0.07167959783691913
-9.731011896322343
-13.534021256243705
-16.95407765235359
-23.375485538541398
-22.387385063710667
-16.74246063742521
-5.0547984660152
-5.729563469183631
-3.4570292734133545
-3.959357415488739
-0.23405644368722278
-2.2612457565192017
-5.027073213022959
-0.6379090845584869
-2.2612462035394856
-2.3624493865063414
-0.8171322494522428
-0.8879414477087266
-3.883494952367073
-7.911009193630889
-8.660458092577755
-3.176539658656111
-0.5902033792717702
-3.6204043273055504
-19.640691942749072
-0.8879418034703122
-0.7709289783563236
-11.262668579620367
-2.577876251634734
-14.93754081582756
-9.745562785437642
-7.755080074510261
-14.746589629375194
-6.705819028960832
-4.593134292059403
-10.583247839316755
-19.410361010071938
-3.176540018146625
-3.6751805539352063
-9.510944823664204
-4.658840082698362
-5.2570599429891445
-5.89242820315485
-5.25705989083508
-5.512099150725248
-9.922070989094209
-3.1765405853220727
-5.25705989083508
-1.2993993371055694
-3.6673124754961464
-9.06342108361423
-1.2798869735561311
-6.417624418623745
-8.363969851383445
-3.3267113177716965
-2.7133841808026773
-9.794871820463413
-3.094847643027606
-0.6379088759422302
-12.936540830663944
-0.7306316931499168
-0.3698937534354627
-23.254511020827522
-11.275839887865004
-9.68649548967187
-0.03533545500249602
-3.1023736303468468
-0.05324380600359291
-12.851769948565561
-0.060183737077750266
-3.146394116263764
-0.06225966406054795
-2.6545291334041394
-0.08447888738010079
-5.016694124681635
-0.08189925539772958
-10.767358213655825
-0.06516450911294669
-11.070469962808602
-14.604927602093085
-3.563137606019154
-6.290840375457265
-3.189694546019382
-2.360136835144658
-3.526697061086452
-12.93947526879947
-4.41661853824553
-12.426913070473347
-2.4629432260735484
-2.2795042835191452
-8.249484511230548
-10.254484614362354
-8.780750365927815
-0.03533568963757716
-22.206508519619092
-0.05324346327688545
-9.301077292972877
-0.06018327898345888
-7.492340451650307
-3.171610188150453
-0.06225966406054795
-10.221220057886455
-0.08447924465872347
-2.1690628620872303
-0.0818992480635643
-8.066221914197058
-0.06516429281327873
-8.278419354525795
-0.07168017118237913
-8.066221914197058
-3.188437711446795
-3.730526589322835
-5.480514707414841
-2.5705334722770203
-4.698296624870636
-16.63453234409826
-5.905927986822462
-12.142907805275172
-4.266353098653781
-2.6649096431265207
-5.5111814443953335
-1.621643787301764
-3.959356964728613
-11.185060251874859
-18.906227695188136
-19.77048782259226
-1.844350278377533
-3.8592366693528675
-2.8238352350890636
-14.99748265974631
-5.10955669824034
-14.32458681679418
-12.540082368748699
-21.14201068537659
-20.364951397059485
-4.349120690661948
-16.12379869009601
-0.24004098901059479
-13.469953018805882
-7.864787239537691
-8.026115541395939
-2.988778095867019
-6.419396378281817
-4.79573722803616
-6.394174203192961
-4.166000452348726
-1.2431686596082727
-1.4115220452804351
-0.14316891133785248
-6.994332721289538
-9.928250670592206
-1.9804524579376448
-3.4446374994040525
-15.398136301175327
-5.63320959788507
-3.0704285823758255
-6.949893528479151
-11.881005231047311
-10.604194722138345
-2.7666853875271045
-7.718900365754962
-0.5771228620906186
-4.045219394833111
-1.5010870533442358
-11.110699151144217
-12.134142131078988
-7.509304066094046
-8.231542296584394
-9.183527575805783
-0.8879420921730343
-3.302955603830924
-7.859354629504651
-0.8370069736847654
-4.28379921200758
-0.8879419934528414
-10.770270484646062
-5.013841510739439
-3.8180973064008867
-2.8997364861133974
-3.6006312795670965
-0.8370071522658691
-8.889531793513925
-2.973564485932002
-10.50274950142557
-2.0167602174915373
-1.4330777056056831
-12.332231962643164
-3.2411712807183903
-0.8370071522658691
-4.6209757827909925
-1.4348538316553459
-14.923439150716149
-5.043610508828351
-0.8370070481905714
-2.2731863006010826
-9.237126616651949
-4.366927108784694
-1.1832413438241929
-3.441979340277612
-6.092734107805882
-2.3248319427948445
-3.4570299067127053
-3.959356545691662
-5.555514420615509
-2.5627113759765052
-16.779542197698902
-0.7115829288959503
-2.7601057605352253
-4.348451845030127
-4.653449364705011
-8.90425907161216
-12.412849165331863
-6.4886952183730955
-5.713702649081824
-4.904930624761619
-8.254825700074434
-3.8511378132789105
-1.6216436033600985
-3.959357365371943
-6.486766792335402
-10.633930950597914
-1.7024840312437846
-7.971459658598178
-3.2416075495184486
-2.441444467069232
-2.8720306692357553
-0.43208185443654656
-4.13261563233732
-6.242413032014156
-1.2836809376349265
-9.50868464479754
-3.7656637412292184
-6.351207297503606
-4.680278901138081
-6.826125416439027
-2.441444380914618
-3.0301801999739837
-0.9442308746110939
-5.62218764424324
-2.8898926596007186
-9.474757307078107
-2.789240272817551
-4.904190197587013
-0.6561546801240183
-3.005682760757736
-9.867799449120866
-0.18524137997883372
-0.6561543532880023
-9.520002398757242
-1.621643787301764
-3.959356964728613
-0.7198870820029697
-4.337404643796617
-18.808012520670673
-0.8879417829739396
-9.498416380347862
-6.958595995325595
-18.637812620960176
-20.24542088288581
-0.8879417829739396
-7.560006590454577
-0.8808827342108998
-7.7386337355856085
-4.224256218530172
-11.04553955414383
-1.1135981538282067
-5.633181888570107
-7.194140035404416
-3.0583068688083586
-16.760741838346803
-14.151697585376496
-5.6853050389927375
-12.054350259331812
-0.03859140467830002
-5.257059939263854
-5.3005899153156975
-9.520902854508222
-0.4418219989311183
-10.988280382762241
-11.449078686313669
-4.84973016699314
-3.4133766364466283
-7.169039284037353
-9.313696178990085
-2.2999370288544014
-2.391747334950196
-2.391105993466681
-0.571348734665662
-6.695666467519914
-0.38454134107632854
-6.976282549519624
-0.656154771335423
-3.9918621422257274
-11.171528610074347
-15.863463573576155
-0.6516397902742028
-7.231612088624388
-7.337596422129536
-4.534462197723769
-11.648319784097112
-4.6083463665272575
-6.291704432594997
-4.305971215158365
-13.537157953163842
-8.198664288137138
-5.622187897562981
-8.026117055009763
-9.84347882727161
-11.249995210043835
-11.249993551383795
-1.6216449821813512
-3.959357415488739
-0.7198864205856808
-8.206293901690515
-3.443440530245425
-2.366898258213041
-7.290118818371411
-0.25466653885814594
-2.435307761643344
-4.582273635431193
-15.039746259019012
-0.28099580198704643
-13.701858218657435
-68.42847946570441
-13.994151579663594
-20.895918567208355
-8.08514822968209
-0.35425912456412334
-6.625225428259
-5.580915725308159
-0.03533545866957866
-3.10237299806613
-0.05324312066659331
-16.425546783882282
-0.06018328631762415
-3.7249479977626834
-0.06225967488717288
-3.149960839698906
-0.08447934896685183
-5.473317758664962
-0.9121965718783258
-0.0818992480635643
-6.87215054360513
-8.96403517780709
-6.78997785896172
-0.35425909477635287
-4.653449513680243
-6.953969319198222
-4.304542924830457
-0.3542600614746334
-0.8879417829739396
-13.228405363410275
-10.184420201359899
-6.732582031196216
-9.253277575486209
-0.8929162486456335
-2.037920296192169
-7.293495582893229
-0.7430656187862041
-7.388001619324314
-0.7911136387847364
-8.528900803197757
-3.7206211346961027
-2.7349282379145734
-0.3542592400481226
-21.9565083089401
-3.3888784307237074
-1.136114515367808
-2.0527730782341678
-5.992719189199761
-6.272518269717693
-0.7430655443822616
-9.278991106531748
-3.4570299067127053
-3.959356545691662
-2.2485754283279675
-5.30660046310004
-7.047702716736239
-3.653678862723609
-7.9332190865502525
-0.5056587834478705
-2.645095151150599
-2.8132995582927833
-16.72329156480282
-8.945955508810584
-11.461477162512892
-9.8108091642207
-20.690316005837303
-29.434013439604314
-9.810809387738118
-4.075422143117976
-7.031622076916392
-15.031187602060527
-4.532294776043273
-8.756591023536203
-13.669762242663865
-17.08277440200436
-4.980065983776512
-26.257864072009397
-7.706724929113982
-9.245383641738272
-2.60544671122625
-15.811726467827611
-14.04957286311037
-21.728539606991944
-1.2306148907209717
-6.792683287413638
-18.64031711350981
-4.486900812044041
-24.118721048213047
-8.535010848841921
-13.079597681567975
-2.658138280872663
-5.742824374559859
-0.3542588917334797
-1.5357783642975846
-10.523380498975257
-14.792391581111588
-9.810809387738118
-10.954645204124972
-1.0692247915740154
-1.0564430924578119
-3.959357165777874
-2.2672554887019487
-2.267255861463809
-9.605861367053421
-3.9273806558921933
-2.279504910481137
-11.473415737003961
-11.405124089676065
-1.3689242377295159
-0.035335343185579404
-4.4678762232579174
-0.05324379866942763
-3.4945230997514045
-0.06018327898345888
-2.8271960814354316
-2.383836146655085
-0.06226013298146427
-15.986057532758764
-0.08447874616831541
-6.753079872431044
-0.08189912897069007
-9.731011308830603
-0.0651642782613635
-7.901692184244894
-0.07167983602266759
-9.731012698014638
-1.5848400408892758
-11.473415737003961
-2.738181430991972
-6.375767673043811
-2.267256761354247
-3.294288864155533
-20.513469444775183
-10.724489945030655
-19.997804405337774
-8.550440816412447
-6.3412856650102185
-1.7217220391175942
-16.889396882115307
-28.782815777056385
-1.9988028472362203
-5.062480675020197
-16.962970977168993
-3.7249483525965843
-4.729463297728216
-13.700435989083417
-5.415573619800853
-10.596551459211696
-2.7322734651081646
-26.722311068015415
-7.246094929549145
-16.857803874114325
-5.003619696215537
-5.098942467178858
-12.916911672884453
-0.9121956908471702
-7.84529480277979
-8.96403560271483
-9.481496359657285
-9.937046853010543
-24.900945153267457
-30.331680135182978
-10.767581371468623
-3.499724614299339
-1.8426855302386684
-12.082226287573576
-11.297242874861695
-1.6216436033600985
-3.959357365371943
-2.2485755325742502
-4.3374041040369775
-3.4434417573502287
-2.3668996652741043
-9.517660118815229
-8.802348592929775
-4.052883103424392
-13.435408799043216
-0.886697992667905
-1.5358106109779328
-6.378632638283307
-10.85940722202804
-2.6054479554659338
-9.569404541747645
-1.0746925622370327
-19.065111321393033
-0.6768982410940225
-3.512009348538413
-6.732582031196216
-5.895101650015931
-0.03533499306649901
-0.46137686778638454
-0.05324346327688545
-5.358313028897101
-0.0601832716492936
-3.524693409178326
-0.06226001388859004
-5.959825877107505
-4.004936094291224
-8.784883250438725
-22.354620605514356
-0.03533499306649901
-5.537372728494802
-0.05324346327688545
-7.335027093920871
-0.06018328631762415
-4.567317888049274
-0.06225966406054795
-7.176899952698022
-0.0844791034469381
-1.441392127632298
-0.0818992480635643
-6.019417217891714
-13.343059455515686
-16.03975677874405
-6.512940501997036
-20.65472747129388
-0.2966887097572908
-7.506834660971435
-12.502355402826652
-9.451341314390447
-1.6216440001035153
-3.9593568958111973
-7.346004948427435
-12.289580365441907
-5.941953193556401
-13.24988921834938
-0.4028971533589356
-23.995451886300998
-15.461788572823934
-25.551227505612815
-29.04962938370045
-3.7353245764670646
-8.246026901897494
-10.941894864420647
-6.223846327806314
-11.034883210300904
-25.434958624930005
-5.12987267144581
-3.9621258395256973
-5.1203283813010785
-7.4494468917155245
-7.452467287606851
-6.361254453244328
-0.9128044576718821
-15.339721526615904
-8.593343071413074
-6.453947586860522
-12.17885370969816
-6.139029902027687
-4.4014266486015
-3.47805392742157
-10.20956431691593
-9.306539868150594
-1.6216438189612745
-3.959355790098016
-32.544621706887256
-2.0167604978196323
-26.1844742382018
-17.07548063928334
-26.938738197750354
-0.5407066492298327
-13.62700418762688
-0.03533499306649901
-0.48106185267170076
-0.05324346327688545
-18.204689885318658
-0.06018328631762415
-4.573145156282408
-0.06226013298146427
-2.5598527311813086
-0.20499372528865933
-10.526431474109813
-9.940398614595324
-0.20990824769251049
-4.311708475271189
-5.718816479798988
-6.777420949328189
-7.530630248362286
-5.534493429397116
-0.20990854571573436
-6.08932099006779
-20.225603630832666
-9.366027982447122
-12.084409379302087
-0.08189890545327216
-0.93114168365355
-0.05324346327688545
-11.086187421461545
-0.060183737077750266
-5.250899591126654
-3.945880998751818
-0.20990750356577337
-0.5245751963520888
-2.6567796771741996
-0.06411530007608235
-6.529845968303562
-2.3468060145332856
-9.285877426683328
-9.399542093249693
-5.431016308670223
-17.91066160933042
-22.734080691327108
-6.166566848754883
-10.06262594129521
-17.36808948914586
-2.8199271488992963
-1.3638433421729133
-12.752654812629771
-1.7538215733839024
-1.549743349893106
-1.1847456359828357
-2.093939847080037
-0.25874177599325776
-10.949099767378812
-20.369343554419174
-15.937984530213726
-6.342894475559206
-1.2768669128417969
-10.659825002774596
-6.001781916240361
-15.974611979502697
-5.264450513153633
-2.1242564315907657
-7.639577150344849
-1.022321239230223
-12.132608095445903
-4.188861930259918
-13.064893027214566
-11.317574512213469
-2.4464603063242976
-1.9478048935052357
-8.683554321527481
-3.370715177989041
-9.705473211378376
-19.649795285979053
-19.354248577513317
-1.6216439921854544
-3.9593556871286637
-1.9956428913474156
-1.1769841651548631
-4.025397651219919
-4.025396681131042
-4.871337587654125
-0.8417223165306496
-6.073333525710041
-4.514517085131956
-25.31311468091303
-14.736770423565758
-8.905303265223665
-0.3318077006842941
-18.2046902779839
-4.573146347327565
-2.559852600796148
-0.2049938146956265
-4.37910681251924
-9.940397506510635
-0.20990817295387387
-4.311708788195574
-5.7188154676769045
-10.679477306889567
-4.387900699912279
-5.026055462378281
-0.20990854571573436
-6.089319851664186
-20.225602026280285
-9.366028099602772
-12.084409136513386
-0.0818992480635643
-0.9311415342199325
-11.086186618956162
-8.890683643723605
-3.945880621573451
-0.20990824769251049
-0.5245750968497305
-4.295153277136706
-0.0641152027528733
-6.529846134719264
-2.3580510285682976
-1.5402921719942242
-6.465523636259604
-15.102029962719826
-8.026116443611045
-5.94850404418321
-7.311410008464009
-10.607830385422858
-10.039327372331172
-1.9058454129553866
-5.687073175546175
-7.9290365403160195
-1.5370938088963157
-10.464629360164736
-12.695647835231057
-8.371642948128283
-3.0583069543154124
-14.324792356685066
-27.073811697178826
-5.6853051509278885
-11.733951974060119
-0.035783037543296814
-14.912686994100795
-1.537092060654686
-7.017866170366688
-3.403117764962417
-9.211966331371514
-13.39743858987731
-1.6362074845974348
-0.8080121570710617
-6.878107925527559
-9.785497537184938
-6.302290654915851
-9.391525569022633
-4.342469123198953
-7.93938806422193
-18.36689225354587
-10.907184027388212
-1.2254219005990308
-7.379069844269679
-0.3542588917334797
-1.947803644601663
-8.026116180698637
-5.948504481877535
-1.621643784034859
-3.959356545691662
-3.0381765254205675
-10.831186467723455
-3.660000323137865
-3.478054106235504
-9.066598541083295
-5.875215240735315
-0.03533568963757716
-0.32128406572155654
-0.05324323242530227
-0.48611574061214924
-0.06018328631762415
-4.930377332150783
-0.06225966406054795
-8.442958332692797
-0.08447924465872347
-5.423692229656808
-0.0818992480635643
-6.3006167070834636
-11.516463681717141
-7.575002259080065
-7.20914192917553
-14.715358620800544
-5.238387479459561
-3.7733252587349853
-6.083622249773725
-4.838207364198752
-3.379006762083918
-4.676180779613787
-11.606867097776558
-4.926506873475773
-46.512110872383346
-8.663774290386982
-8.026115541395939
-5.94850432075873
-1.9478047007905843
-11.922245348421484
-3.4570293218130246
-3.959357365371943
-2.2485755325742502
-4.3374041040369775
-10.219283941172762
-9.114322203397478
-4.201994150716928
-7.377719973275816
-4.21346194454236
-0.5308912184591463
-2.1337360741381417
-5.988678434310714
-7.619993482836662
-3.0593399409917765
-0.40289738298451994
-12.507582781727137
-6.050505832656199
-4.024752742052442
-12.360063996793087
-7.9615835959994
-14.34737808653881
-5.257060125528369
-8.307882103205884
-13.010848258450551
-16.86279923911934
-8.020594515994162
-13.488022325844213
-21.77902470065942
-24.380867762092294
-7.074804636013596
-39.07844877484331
-43.153510532094515
-1.0564430924578119
-3.959357165777874
-12.657927951775491
-0.9589063888415694
-4.575874332644162
-26.036250411489164
-9.779623525722172
-0.035335224034497514
-7.287595556117594
-0.05324312066659331
-0.4861162202550986
-0.06018327898345888
-4.930376229567628
-0.06226001388859004
-10.936632203956833
-0.08447924465872347
-5.423692229656808
-0.0818992480635643
-9.998813830621657
-10.837439622500824
-4.185904252174396
-11.922244016406694
-2.9273896342201624
-3.959357365371943
-0.7198864020210749
-4.337403987738071
-2.0730619737958023
-4.653449811703467
-4.608447007817176
-4.653996803300288
-1.7799667762919853
-6.400365344248712
-11.152617082301731
-5.170891492973169
-7.61089586718299
-11.87486208125938
-0.03533545500249602
-3.1023736303468468
-0.05324380600359291
-16.425547395746662
-0.0601832716492936
-3.7249481165645193
-0.06225966406054795
-3.149960244874819
-12.775750581240544
-1.3908278018679994
-2.837983797943707
-0.4486830466557876
-7.012824543482566
-15.189807740734977
-2.6546424926564214
-4.653450005360355
-11.675272098968208
-19.35242016852885
-0.7517639582870288
-15.10202983266936
-8.026117055009763
-5.948505069716703
-6.316092371295781
-2.17489216280228
-11.545676295569137
-1.6216436033600985
-3.959357365371943
-2.5257615052050824
-6.429233240574831
-16.240022722825415
-11.425020179849525
-5.988678883151806
-7.6199938628453765
-0.9677836187984212
-15.053490508833761
-7.693896828558536
-8.357945658936842
-1.177425272995606
-0.8796241819709394
-11.425019947586406
-5.98867890742622
-7.619993648975878
-8.406426894109245
-0.9677835889015114
-15.053489610653173
-7.693896938803846
-8.357945379818375
-4.990734727020026
-23.18909718114628
-3.576697482104919
-22.412025637894658
-2.2066764234587026
-3.3504369868314825
-8.643183442189184
-12.24465164434514
-6.7593091042290325
-4.399991895043058
-49.66931260241472
-22.782043820393483
-25.600584997389888
-17.915081471262056
-4.665459162170009
-26.262955377464095
-3.1806180823623436
-10.70370577616086
-2.25322261772817
-16.34483734061814
-1.6216440001035153
-3.9593568958111973
-8.700358083522588
-9.10160130728758
-1.136865115257251
-0.03533545866957866
-15.462418102422816
-0.05324323242530227
-42.774103999973676
-0.060183737077750266
-8.30091838633507
-0.06225966406054795
-25.500935572126764
-12.470158723182976
-4.564323616508773
-10.027494877860534
-1.1368646651953895
-0.03533533951849677
-15.4624188586929
-0.05324346327688545
-42.77410172162533
-0.06018339074216783
-8.300917852612656
-0.06225967488717288
-25.500934346780696
-0.4151239605853334
-12.22500360273989
-17.933431625191588
-2.617036658548386
-7.562891446857975
-13.61745478514419
-16.228122743379572
-23.947597535874593
-12.221981335482269
-2.5705335455022578
-5.468687610209599
-14.962148580016219
-5.9059285427674695
-8.363432301208377
-4.458631812356543
-4.020386352432979
-10.020923222597048
-0.035335343185579404
-3.102373375018942
-0.05324379866942763
-16.425547035688396
-0.06018339074216783
-3.7249484736103113
-0.06226001388859004
-4.729463059302361
-0.08447888738010079
-13.037029238271316
-0.0818992480635643
-5.41557278557957
-3.996058094315231
-12.406506052245959
-0.03533568963757716
-3.1023740334057948
-0.05324346327688545
-16.425546917068687
-0.06018327898345888
-3.724949065524015
-0.062260237406007946
-3.149960958675365
-0.08447888738010079
-5.473317039844005
-0.9121965715363558
-0.08189912897069007
-6.8721497117012404
-4.708489139678477
-6.21823147586565
-14.531038027639624
-20.515383730718213
-11.695244974211619
-15.579081834079261
-1.947803800492693
-11.625330104598106
-20.763719449703785
-1.621643787301764
-3.959356964728613
-0.7198870820029697
-4.337404643796617
-3.443441412768152
-0.37242880055782734
-0.5056587834478705
-3.4953544014961153
-15.039746964639562
-3.9231210616744647
-7.186017641521175
-0.3579756026820178
-6.460531344378751
-6.793775537370038
-0.08431838897558919
-2.9521453281615777
-2.5806535247829743
-0.9331209651281824
-6.702990258781938
-6.3301604172611405
-0.676897674879001
-22.152296467098495
-0.8866977617435623
-17.016479008600072
-2.6054471583120176
-9.569405839254614
-5.620566883189895
-0.05337166413664818
-0.03533533951849677
-3.102373229485238
-0.053243690519593656
-16.425546902866017
-0.06018327898345888
-3.724948352127285
-0.06226013298146427
-4.729463891904743
-0.08447912556584924
-13.700436160868776
-0.08189925539772958
-5.415573498132289
-10.59655148575439
-2.7322739726826057
-5.231946203874941
-0.23292358592050277
-5.059507751592491
-12.624161446922471
-1.6216436033600985
-3.959357365371943
-1.9873022490191943
-8.962123474790133
-9.604263319209167
-2.0167602174915373
-7.959413858130574
-4.6085695846095405
-12.087335918752615
-5.319880247912806
-2.0863093134703377
-4.679708181310161
-13.397438506639446
-1.636208183413146
-1.6233243249516818
-3.05652127581925
-3.3145131591027166
-4.923448005589307
-1.5198920992911553
-0.9615824633383454
-1.1774256515782326
-3.2672344914062705
-3.7790901757543907
-10.968980919979003
-1.2363100190414116
-0.35425944680173416
-1.9477040278288769
-0.35425912456412334
-6.6044786217898945
-1.7068142786538374
-6.550843631643147
-12.007189896496016
-6.458288588131836
-22.930258340078126
-9.065787231598279
-4.317738817034524
-0.3212831208948046
-0.3352896368742222
-6.859676877146285
-3.6393086711154865
-5.38269397271506
-10.58741358846487
-7.900703586403893
-6.461260059884808
-0.23635711079259636
-0.35425944680173416
-3.5699804587529798
-7.25207050402787
-12.752487861102281
-0.32294803485274315
-1.3082169206973049
-6.5453760152731775
-12.732262430145056
-2.841804544266779
-6.60447944857151
-2.1644962979480624
-5.713364001683658
-3.533642384572886
-1.802072136379138
-6.685618401431839
-7.093083500465582
-5.295351156670222
-5.172971258611142
-1.2838861443451606
-7.936075831006747
-3.7770076806191355
-4.448236929558334
-3.959357365371943
-13.326324825233314
-6.742280145856057
-20.313575199899788
-22.138077179891752
-8.934161006465729
-14.692293663189048
-35.723308984785945
-3.4182297221850604
-13.986543027916923
-3.68717229397771
-15.62173572462234
-6.387617236585356
-5.2458302836075745
-11.12538092349132
-8.373801292327698
-17.766903160954826
-1.136904921164387
-0.8594103232753696
-13.878355354147061
-8.026117677977254
-5.331505834416021
-10.654730236157775
-10.859092357996815
-11.918928568709816
-0.20117245530309447
-3.125761580627568
-0.967782871091913
-15.4314176781794
-5.265275312367521
-7.787532388060754
-13.465797011296672
-23.63408458626145
-3.576697482104919
-24.166900917222847
-2.681345339398831
-3.6530536242353264
-3.180617450954742
-13.561027195184579
-10.92754486001104
-4.4812723942150114
-7.934568283870362
-11.628891054024052
-9.872151945825635
-3.734986122065152
-8.174393761655494
-2.7539368165453197
-30.18206517198996
-3.842947602017375
-3.270915233566484
-9.246134445113512
-23.43304770611917
-6.676126440085682
-6.724751822433973
-3.7384621595510907
-1.2671509664833138
-3.1023739148513414
-5.288553170378464
-3.7249483525965843
-4.729463297728216
-17.00790099236974
-1.3026219195689919
-10.916334186520544
-0.2011714388809196
-0.16136248626571614
-6.459518057454261
-23.11506328726591
-12.33098344260668
-12.753434501098127
-20.73532974004047
-12.754763938100943
-5.25706107163569
-12.74353296116169
-4.237215957749868
-5.025129350746283
-0.751763412535638
-15.102029471650894
-0.4642371273439494
-1.5299396901391447
-15.102030454516353
-8.026116478291897
-2.9887783704325557
-6.511822588852738
-1.9326072899857536
-1.9579682775365654
-2.08631385037188
-10.963097238429327
-3.227119786914045
-10.437629616510094
-8.890960638513207
-5.000471911852401
-6.02580261019466
-6.817630713689141
-3.3607350522979687
-1.8294666394940577
-0.3253431113116676
-0.635696207807996
-6.481041772476601
-7.608663711521558
-1.451436368166469
-22.99773230577557
-4.111451918368402
-3.535907804057956
-29.722852862792934
-29.989527405974513
-1.6097397452176665
-6.910870081570465
-7.774754101117196
-5.62218813598156
-4.363488667442198
-4.456148845521966
-0.4979945565573871
-4.2340793335970375
-1.858203319061431
-15.147466222008461
-0.32128403848037124
-0.33528996468157857
-4.613764977987557
-2.7349274988469006
-11.495124182230938
-11.188120355789579
-5.5313768019559575
-2.606723628967984
-6.513909626585246
-1.1007352257729508
-1.877420357777737
-15.147465653863492
-0.32128383754752576
-0.33529046625699266
-4.613765730968225
-2.734926848891064
-11.495123459901151
-11.188119999859737
-5.531375738312818
-2.60672232887174
-6.513909257417708
-1.9550756365060806
-8.773386180329908
-1.8435822910623756
-3.392457744361309
-1.1624734015204012
-2.7110563914029626
-2.4211565087462077
-5.167771620726853
-10.238109116196938
-0.03533510855049826
-3.1023739148513414
-0.05324323242530227
-16.425546434418038
-0.06018339074216783
-3.7249482358874957
-0.062260237406007946
-4.729463179442973
-0.08447924465872347
-13.03702971614166
-0.08189926273189485
-5.41557302108049
-6.350478080191181
-1.8950978054526786
-21.962364136841643
-6.47789822410914
-8.18869685631671
-8.999059216475189
-0.035335343185579404
-3.102373375018942
-0.05324379866942763
-16.425547035688396
-0.06018339074216783
-3.7249484736103113
-0.06226001388859004
-3.1499609587917803
-0.08447946072556078
-5.4733172452733925
-0.9121956908471702
-0.08189935237169266
-6.872150662115928
-9.44934380357654
-19.550031810428663
-15.460409718065193
-9.660384009359404
-8.707632717545494
-8.262623284652364
-6.435566606167413
-9.362213365040589
-8.876526597969132
-5.361307032104378
-4.089091265530442
-2.3140354038660007
-11.578906669551543
-9.638747006556514
-3.080927244896884
-19.904171516890983
-8.055842842601123
-5.727935692702886
-11.605988349274412
-8.095184114434232
-3.0796904395292586
-2.4221704459523608
-3.3777734581381083
-1.7945444660981593
-8.490392597750542
-9.936937379068695
-7.617085888941801
-4.057818686604151
-7.1134525485867925
-5.18795383789984
-4.280480313253065
-1.0564420856981087
-3.9593556871286637
-6.316093149925109
-4.84284204220603
-23.122943844876772
-21.371390988919302
-0.7810476585145807
-12.718614314306706
-0.9564982407609932
-8.026117677977254
-9.301759274007054
-7.673485441599041
-11.548172304741456
-2.2233992701367242
-7.6549192996899365
-3.9715129715841613
-8.746194051102975
-1.0454270978225395
-0.035335343185579404
-14.121283728555682
-0.05324379866942763
-4.8868156432859
-0.060183737077750266
-6.456410941988452
-1.8352657293562515
-11.261343121786922
-4.558004354465993
-0.20499345776624978
-21.511952638550156
-0.20990854571573436
-5.731706277002559
-21.329207493001377
-7.62301818202468
-7.024891862418372
-1.5091314440496717
-13.912401671697808
-0.03533510855049826
-7.827262395505386
-0.05324380600359291
-11.669075428388169
-4.591242654104917
-0.06018327898345888
-10.767660647259618
-0.06225966406054795
-6.618291058028262
-0.22817100971587934
-0.08447874616831541
-9.78744132483098
-0.08189925539772958
-7.111841826189448
-0.0651642782613635
-21.62475954423826
-0.07168017118237913
-15.168364778903197
-0.4591643350961476
-6.998753896714334
-4.515977347113221
-2.698508052912075
-15.564857486926485
-1.6216440001035153
-3.9593568958111973
-2.769331403029355
-0.8879417829739396
-2.1135640709876498
-4.5945975759789235
-8.573629295089631
-8.630951851365182
-8.919393745140042
-8.17589638600839
-27.811856248037657
-13.244791735942272
-0.9932439796684776
-3.5796177263946447
-1.630461965687573
-0.44661975163035095
-3.6901747196233146
-0.5301293168740813
-0.0954753803089261
-3.610550482495455
-6.631382924941136
-0.2469285149127245
-4.61392467495898
-0.06584810744971037
-3.3293770296149887
-4.474298495799303
-0.746700631454587
-0.8879426769854035
-8.305559385312677
-3.6507602772762766
-2.9212955174443778
-4.778276066572289
-3.7966613339231117
-3.1323430251565014
-6.994140405849976
-6.352405088566229
-2.713383462296406
-2.8898939646164763
-11.837562961038202
-4.11419973914235
-2.7892405105376383
-5.987862688667519
-18.949242408154532
-2.826226900015172
-14.301940025398608
-11.350442567362734
-2.704664702512673
-4.3375415886594055
-2.0528582123279193
-10.050589500118804
-4.109673472295981
-1.9955789160449058
-9.84423774787956
-3.1282393014989793
-7.441583260138941
-3.5514476014814136
-3.501381504834626
-28.376904488933633
-5.257059939263854
-3.2210741591297847
-3.1282393014989793
-7.441583260138941
-3.541954692717809
-3.5013809863207825
-28.376905219250602
-11.11011308700472
-5.195456292913946
-26.174933800122744
-15.480918575759915
-6.638181781687308
-6.172453040955588
-2.5868504584941547
-6.351786740695388
-5.465596288932147
-34.065557928945054
-8.42777820354786
-6.291919048064301
-3.787979787448421
-8.270416479950654
-6.737177891369356
-3.779888763616327
-1.7397485683031846
-3.804733018473371
-0.8634657142101787
-13.645764319364389
-2.3297086360980757
-5.93249000250762
-13.647310620595817
-7.443177958210072
-9.086730510174675
-12.803928111611185
-18.496489472112444
-6.788844487071856
-23.09686038316977
-9.572172203073023
-15.122822239499783
-13.538007736413647
-3.429964286980976
-10.714913334594712
-2.072997572424356
-16.88892949453384
-2.361365666900838
-2.458962749748025
-1.8956336472838302
-14.749348675068177
-7.1544303001219305
-0.35425944680173416
-7.3508605613697
-6.782205905550654
-7.7892192102153786
-3.457030133722583
-3.9593556871286637
-6.927354008009388
-2.1748919165111147
-8.504248929679306
-7.861109450182994
-14.468181668129546
-2.8641081862151623
-31.79955148367992
-6.262357965591946
-19.5324235457756
-9.640852033033298
-3.745447995373979
-4.654338402840949
-3.1023732578614727
-16.42554680362923
-3.7249483525965843
-16.430238808872673
-6.778494095344286
-5.961140972969588
-6.492251444622525
-6.101305826705357
-1.842811078298837
-2.315667413839492
-2.260540444360231
-7.4798970148549415
-9.503369554115125
-12.513728450649069
-1.0570236672647297
-14.95113504559049
-8.026117055009763
-3.23762916528176
-2.200994621828613
-6.12897271647671
-4.1306340775990975
-0.4461412748642033
-20.95629494174682
-3.730863566342123
-4.729229057062184
-13.689471961548406
-5.416108399025688
-21.526014831031716
-27.98782567869057
-7.280259805789683
-11.521762051503174
-12.889383463101694
-3.4147569305396246
-3.404650161486643
-3.414756605225193
-3.404649488918949
-4.668043568790381
-7.031854411095992
-14.773052990690303
-5.25789062763215
-16.087820912947222
-3.7308636854932047
-3.132917435708805
-5.476945401392186
-0.9121650637658831
-6.8744307444076185
-8.952130659200066
-7.063259883958381
-11.228918810054893
-7.381073025242131
-1.6231262577211965
-3.9476280245462476
-6.306414764491819
-2.1714651936490554
-9.576330800467986
-13.213416448665157
-4.978794196631952
-8.025465869122854
-3.1925589257880347
