-0.05014772713184357
-7.867782187531702e-06
-2.706014311115723e-05
-0.005173035431653261
-0.00019965562387369573
-0.00047267231275327504
-0.34244513511657715
-0.25699836015701294
-0.011686908081173897
-9.345571743324399e-05
-0.017718132585287094
-8.821098163025454e-05
-0.0006775943911634386
-0.058178432285785675
-0.000708090839907527
-0.03768547996878624
-0.005495441146194935
-0.0004273931554052979
-0.00010692501382436603
-0.0046363710425794125
-0.00014685506175737828
-2.148162603378296
-1.1239714622497559
-0.016010180115699768
-0.00013350549852475524
-0.16234153509140015
-4.339123915997334e-05
-0.6886352300643921
-0.0002648479712661356
-0.009330594912171364
-3.85038583772257e-05
-0.0011560192797333002
-0.0026072815526276827
-0.0009034366230480373
-0.00022110878489911556
-0.23603634536266327
-0.000786591088399291
-0.0014868644066154957
-0.0001429217227268964
-5.1020273531321436e-05
-0.008876625448465347
-0.0646103173494339
-0.00040558696491643786
-0.010579572059214115
-0.0015624469378963113
-0.01577235385775566
-0.0034686895087361336
-4.911301948595792e-05
-0.0007700338610447943
-7.760223525110632e-05
-0.0005806190893054008
-1.5497195136049413e-06
-0.0023375824093818665
-0.005159989930689335
-0.0009627474937587976
-0.008510512299835682
-5.936446541454643e-05
-0.0005221195751801133
-0.00016711745411157608
-0.0002829628065228462
-0.0035405587404966354
-0.0017515569925308228
-1.3828182090946939e-05
-4.8040190449682996e-05
-0.00046433156239800155
-0.0009529816452413797
-0.001807366730645299
-0.09504421800374985
-0.0003554189461283386
-3.671578815556131e-05
-0.0006031363154761493
-0.004936767742037773
-0.9681906700134277
-0.0012119814055040479
-0.00036971885128878057
-0.00036399890086613595
-3.969590397900902e-05
-0.00038842763751745224
-0.005304073449224234
-0.0009685831028036773
-0.03755999729037285
-0.00034254882484674454
-0.0006202919175848365
-2.3841574147809297e-05
-0.004746004939079285
-0.00043025295599363744
-0.00011705666838679463
-0.003248535329475999
-0.00023946279543451965
-7.593343616463244e-05
-0.010858732275664806
-0.004525776021182537
-0.001975610153749585
-0.0033207768574357033
-0.004458962008357048
-0.6950966119766235
-6.69933797325939e-05
-0.00011288482346571982
-0.0004469349514693022
-0.0019116000039502978
-9.059495641849935e-05
-0.0010675451485440135
-0.00042882305569946766
-0.0001463782973587513
-0.030313674360513687
-0.0009247555863112211
-0.00015758226800244302
-0.0018673378508538008
-0.002888675546273589
-0.00043466180795803666
-0.00282947882078588
-2.706014311115723e-05
-0.00022396916756406426
-3.182837463100441e-05
-0.006100012455135584
-0.03526220843195915
-0.0001728385395836085
-0.012775717303156853
-0.0007410878897644579
-0.00013529339048545808
-0.006597285624593496
-0.024364449083805084
-0.00014065706636756659
-9.536697689327411e-06
-0.012791723944246769
-0.021930448710918427
-2.729855441430118e-05
-3.313963316031732e-05
-0.0040741306729614735
-0.00017641419253777713
-0.23460543155670166
-0.0003631647559814155
-0.009329886175692081
-0.0010962436208501458
-0.00016711745411157608
-0.00012396997772157192
-0.00010573305189609528
-0.0007304860628210008
-0.001005025114864111
-0.0013631823239848018
-5.066266385256313e-05
-2.293949842453003
-1.6689286894688848e-06
-0.01947356015443802
-0.0007204797584563494
-0.0016265984158962965
-0.00011872540198964998
-0.00025817399728111923
-0.00013433984713628888
-1.0371154530730564e-05
-0.003570017870515585
-0.0006715188501402736
-0.0009615565068088472
-0.0005952732171863317
-8.880697714630514e-05
-4.184158387943171e-05
-0.00040534863364882767
-0.00024077377747744322
-0.0001382732152706012
-0.001209004782140255
-0.0015280486550182104
-0.000192504478036426
-2.658331868587993e-05
-0.004665798041969538
0.0
-0.09114395081996918
-0.0001397035230183974
-0.00020597243565134704
-0.007021632511168718
-0.00013636612857226282
-0.0008954567601904273
-0.0002996472467202693
-0.0049362932331860065
-4.279521817807108e-05
-0.21458855271339417
-0.0008107712492346764
-0.10559077560901642
-0.048346903175115585
-0.00048828122089616954
-0.00017891713650897145
-0.9738339781761169
-0.008783751167356968
-0.0007057083421386778
-0.00998159870505333
-0.00012933371181134135
-0.0408213846385479
-0.017006048932671547
-0.008062555454671383
-0.0005146132898516953
-0.00811340194195509
-0.0001497156627010554
-0.004758818540722132
-0.00016342257731594145
-0.002999927382916212
-0.013460473157465458
-0.0020610298961400986
-0.0001289761275984347
-0.0010727847693488002
-0.0010895751183852553
-0.0012381753185763955
-0.0016148157883435488
-1.2397689715726301e-05
-0.006062925793230534
-0.016221093013882637
-0.002913637086749077
-3.683499380713329e-05
-0.00383914727717638
-2.9802276912960224e-06
-0.02024603821337223
-2.1457441107486375e-05
-0.0009785869624465704
-3.8265450712060556e-05
-0.0006523388437926769
-0.0018210508860647678
-0.0023035677149891853
-0.0005999195855110884
-0.005242885090410709
-0.05014795437455177
-8.904537389753386e-05
-0.00016890530241653323
-0.0060869790613651276
-0.0007363230688497424
-8.475421054754406e-05
-0.00011312322021694854
-0.009566535241901875
-0.001256391522474587
-0.32162410020828247
-0.00029237763374112546
-0.009400863200426102
-0.00041059168870560825
-0.0032276222482323647
-0.00042989550274796784
-0.005247865337878466
-0.0013771107187494636
-7.450303382938728e-05
-0.010960493236780167
-0.6938750743865967
-0.00023719835735391825
-0.00744094792753458
-0.016434187069535255
-4.053033626405522e-05
-0.0005380851216614246
-0.00945105217397213
-1.6726090908050537
-0.0003123987407889217
-0.3540821969509125
-0.0034261594992130995
-0.0007273888913914561
-2.4437606043647975e-05
-4.1126360883936286e-05
-7.390703103737906e-05
-0.00016306500765495002
-0.00010334911348763853
-2.0779836177825928
-0.0010203876299783587
-0.0024103655014187098
-0.0005953923100605607
-1.0013530300057027e-05
-3.099436753473128e-06
-3.564294092939235e-05
-0.003961692098528147
-0.08183521777391434
-0.17613491415977478
-2.0865325927734375
-0.0018450870411470532
-0.018151482567191124
-0.00011228884250158444
-6.246371776796877e-05
-0.33745086193084717
-1.7615185976028442
-0.22560548782348633
-2.4277000427246094
-0.0007834940915927291
-0.0010898133041337132
-2.381861925125122
-2.0539093017578125
-0.004870218224823475
-0.029136938974261284
-0.0013828248484060168
-0.0005965837044641376
-0.1849592924118042
-0.0016229089815169573
-5.066266385256313e-05
-0.0014897212386131287
-0.011421414092183113
-0.31424593925476074
-0.0006330393371172249
-0.0005496421363204718
-0.003030947409570217
-0.7371686100959778
-0.09114395081996918
-0.0005783553933724761
-7.688703772146255e-05
-0.0032703985925763845
-0.0005079409456811845
-0.0006422125734388828
-0.00018344627460464835
-4.529942543740617e-06
-5.447716102935374e-05
-7.748573807475623e-06
-1.1982805728912354
-0.0030838334932923317
-0.002633557887747884
-0.0006032554083503783
-2.5629668016335927e-05
-0.000860201776959002
-6.794906312279636e-06
-0.0023744504433125257
-0.0034899539314210415
-0.0021927140187472105
-0.0056174276396632195
-0.00018606838420964777
-0.012594449333846569
-7.152531907195225e-06
-0.002401922130957246
-0.00013493580627255142
-0.00011014331539627165
-0.002184030832722783
-3.9219088648678735e-05
-0.028513817116618156
-0.00011228884250158444
-0.013336028903722763
-0.008397034369409084
-4.804773807525635
-0.009421293623745441
-0.2568802535533905
-0.5853938460350037
-6.55629628454335e-05
-0.0026544833090156317
-0.0006027788622304797
-0.0012219827622175217
-0.005164377856999636
-0.0003935516288038343
-0.00012039413559250534
-0.000192504478036426
-0.0005608416395261884
-0.00010883215873036534
-0.002892598044127226
-0.002199375070631504
-0.009314178489148617
-0.00011622230522334576
-0.0001463782973587513
-0.26971137523651123
-0.94587641954422
-0.0056339045986533165
-0.1040329560637474
-0.00046171018038876355
-0.00012051333033014089
-0.00010024998482549563
-0.00032085992279462516
-0.09114395081996918
-0.00022599527437705547
-0.0013335392577573657
-0.02036355249583721
-0.0923110619187355
-7.772143726469949e-05
-0.005834097974002361
-0.02569553814828396
-0.05829550698399544
-0.040632423013448715
-0.0004552758182398975
-3.2782016205601394e-05
-6.5205356804654e-05
-2.3841855067985307e-07
0.0
-0.009479628875851631
-0.008216862566769123
-0.001177213853225112
-0.00656116520985961
-0.004051335621625185
-6.69933797325939e-05
-0.00011455356434453279
-0.0004545609117485583
-0.0027241522911936045
-0.002836967818439007
-0.004394991789013147
-0.016943462193012238
-0.0020785173401236534
-0.0031785464379936457
-0.0003575639275368303
-0.0052507114596664906
-0.0003630455757956952
-0.00038818930624984205
-0.0003678122302517295
-0.0012713929172605276
-0.000456109904916957
-0.0005608416395261884
-0.0006947487709112465
-0.003248891793191433
-0.0003313469351269305
-7.390948667307384e-06
-0.0007426364463753998
-9.179073458653875e-06
-0.0001685477327555418
-0.004260273650288582
-0.002891884883865714
-0.0012147198431193829
-0.0004935238393954933
-0.0029529796447604895
-0.006783433258533478
-0.0007674132939428091
-0.09279725700616837
-0.005000466015189886
-9.619726915843785e-05
-0.007671419531106949
-0.00015245705435518175
-0.000528076896443963
-0.0020310503896325827
-0.0025521109346300364
-2.1862845420837402
-0.00018249277491122484
-0.010268713347613811
-0.0016454027500003576
-0.020825766026973724
-0.00032848684350028634
-3.0517112463712692e-05
-0.005926062352955341
-0.053591225296258926
-0.004164950922131538
-0.012233816087245941
-8.272782724816352e-05
-8.77341881277971e-05
-0.030237574130296707
-0.0006221981020644307
-0.0009447640040889382
-0.00027807659353129566
-0.000427274004323408
-0.022034121677279472
-0.003945306409150362
-0.0022137677296996117
-0.0009565545478835702
-0.00011002412065863609
-0.004589856136590242
-0.0031060567125678062
-0.03060576319694519
-0.0005953923100605607
-4.7205765440594405e-05
-1.8000440832111053e-05
-0.0005631053354591131
-0.0007017772295512259
-3.969590397900902e-05
-0.00018475732940714806
0.0
-0.0005816913326270878
-6.48477507638745e-05
-2.2172682292875834e-05
-0.03513872250914574
-9.405170567333698e-05
-0.0003798478574026376
-0.005090846214443445
-0.0015061474405229092
-0.0007624103454872966
-0.012141958810389042
-0.0002824861148837954
-0.000671042304020375
-2.95634672511369e-05
-0.0011356578906998038
-0.054444942623376846
-0.4418441951274872
-0.0025599587243050337
-0.0004632591735571623
-0.00011157367407577112
-8.177422569133341e-05
-1.8763253688812256
-0.0006226746481843293
-0.002985308412462473
-1.5399730205535889
-0.006421290338039398
-0.00022420754248742014
-0.0007226239540614188
-0.0001854724541772157
-0.0003939091111533344
-0.0002791491860989481
-5.543078441405669e-05
-3.6954811548639555e-06
-0.026243897154927254
-3.4570634852570947e-06
-0.002577794250100851
-0.0003667397249955684
-0.00014232576359063387
-4.2199197196168825e-05
-2.0713553428649902
-0.7345640659332275
-0.0002208704245276749
-0.009901810437440872
-9.059495641849935e-05
-0.0004580163804348558
-0.00014447122521232814
-4.2914423829643056e-05
-0.0032736065331846476
-3.564294092939235e-05
-2.89544939994812
-3.150782823562622
-0.24406442046165466
-0.0004078510100953281
-0.00018439977429807186
-0.0006486457423307002
-0.0005229535745456815
-0.0001839230244513601
-0.35588309168815613
-0.00013517419574782252
-0.027239955961704254
-0.0016725374152883887
-0.00037067217635922134
-0.00038938093348406255
-0.01853175461292267
-0.0006430465145967901
-0.00011955977242905647
-5.400034933700226e-05
-9.846202738117427e-05
-0.0002908283786382526
-0.0011974553344771266
-0.0023298519663512707
-7.295342220459133e-05
-0.00011264643399044871
-0.016537142917513847
-0.002593251410871744
-0.0013010379625484347
-0.003360935254022479
-0.00016258825780823827
-0.04771222546696663
-1.1086402082582936e-05
-0.01333826407790184
-2.276871418871451e-05
-2.0265373677830212e-05
-5.8412379075889476e-06
-0.00024279984063468874
-0.0005956306122243404
-0.0016543286619707942
-0.010931722819805145
-0.16666783392429352
-2.0265558760002023e-06
-0.0005285535007715225
-0.000785161682870239
-1.3351351299206726e-05
-0.00014244495832826942
-0.0009427393670193851
-0.01823342591524124
-0.010703534819185734
-0.03467824310064316
-3.611976353568025e-05
-0.0009320206008851528
-1.3947389561508317e-05
-2.169585604860913e-05
-0.000880449719261378
-0.0007949291029945016
-2.0146166207268834e-05
-1.3232143828645349e-05
-6.3774932641536e-05
-2.062299427052494e-05
-7.152531907195225e-06
-0.0005546461907215416
-0.00012230125139467418
-5.376194530981593e-05
-2.7993924617767334
-1.0013530300057027e-05
-0.00017128908075392246
-2.9802276912960224e-06
-4.339123915997334e-05
-1.811964830267243e-05
-0.00791200902312994
-0.0002512616047170013
-2.0861407392658293e-05
-0.001900891656987369
-1.7165990357170813e-05
-0.0004741021548397839
-1.156323378381785e-05
-2.6464111215318553e-05
-0.7198801636695862
-0.04535166919231415
-0.004383479245007038
-0.0007313199457712471
-8.248942322097719e-05
-0.02761296182870865
-4.291525328881107e-06
-0.0001250427303602919
-0.0010668307077139616
-0.007001863792538643
-0.0003070359816774726
-0.0834343433380127
-0.002767900936305523
-0.002336869016289711
-0.0014861501986160874
-0.0015849421033635736
-1.3708974620385561e-05
-0.0016900317277759314
-1.0038697719573975
-0.2352849692106247
-0.019175278022885323
-0.00010430268594063818
-0.0008088654140010476
-0.000987756997346878
-0.0001842805795604363
-0.0001501924270996824
-0.00021634146105498075
-0.0008579387213103473
-0.00614337669685483
-0.026454752311110497
-0.04369943588972092
-7.438383181579411e-05
-0.3423691987991333
-0.0006878394051454961
-0.004694630391895771
-0.0534636527299881
-0.04932857304811478
-4.8993817472364753e-05
-0.00026913834153674543
-0.001828071428462863
-0.00043811736395582557
-0.000961913785431534
-0.023482203483581543
-0.0001045410826918669
-0.0002548369811847806
-0.0007197650265879929
-3.242440288886428e-05
-0.0011997176334261894
-0.001327943871729076
-0.012806200422346592
-0.008717811666429043
-0.006063992157578468
-0.0004120216181036085
-0.003209085436537862
-0.10293451696634293
-0.0012654400197789073
-0.0407547764480114
-0.001529596047475934
-1.4662635294371285e-05
-0.0057047889567911625
-0.00025781645672395825
-0.00042167355422861874
-0.010320981964468956
-0.015693847090005875
-1.2993727978027891e-05
-7.366862701019272e-05
-0.0008842610404826701
-9.226373367710039e-05
-0.00037996700848452747
-0.0002627027570270002
-0.00017927470616996288
-0.0010364643530920148
-0.017740733921527863
-0.0016955060418695211
-0.00013147920253686607
-0.0006494796834886074
-9.738924563862383e-05
-1.4305104514278355e-06
-0.7453718185424805
-0.04701732471585274
-0.0071301767602562904
-0.0014302035560831428
-0.0012727025896310806
-3.8265450712060556e-05
-0.00015186110977083445
-0.013832892291247845
-0.058526020497083664
-0.0005554801900871098
-6.794906312279636e-06
-5.745722592109814e-05
-0.0003057250869460404
-0.008073079399764538
-0.0004717191040981561
-7.986703712958843e-05
-0.0001908358681248501
-0.510166585445404
-6.0437283536884934e-05
-0.00011228884250158444
-0.002022127853706479
-0.000598251644987613
-0.00013743886665906757
-0.0030414059292525053
-0.00748141435906291
-0.0006210067658685148
-0.043679121881723404
-0.0013516347389668226
-0.00021765247220173478
-0.027693435549736023
-0.00019774865359067917
-9.738924563862383e-05
-7.772143726469949e-05
-5.543078441405669e-05
-1.4305012882687151e-05
-0.004140258301049471
-0.008976344019174576
-2.4702956676483154
-2.1864376068115234
-1.713015079498291
-2.47952248173533e-05
-0.00047255316167138517
-2.9444261599564925e-05
-0.2681281268596649
-0.4493755102157593
-5.054346183896996e-05
-0.0007320346776396036
-1.2659744024276733
-0.00978624727576971
-1.4781842764932662e-05
-1.7165990357170813e-05
-1.6602410078048706
-0.005654056090861559
-0.006708244327455759
-6.496695277746767e-05
-0.0005504761938937008
-0.0008908117306418717
-0.059570200741291046
-1.6197788715362549
-1.7103530168533325
-0.00013505500101018697
-0.0008792586741037667
-0.004257424734532833
-0.08907054364681244
-0.0003097769513260573
-1.5020257706055418e-05
-9.572047565598041e-05
-0.0004557524516712874
-0.003201599232852459
-5.4238757002167404e-05
-4.60137271147687e-05
-2.9801878554280847e-05
-0.045050978660583496
-1.845698595046997
-0.011832527816295624
-0.0008943848661147058
-5.817244164063595e-05
-3.5523738915799186e-05
-1.3118722438812256
-2.253030106658116e-05
-0.004135153256356716
-2.7417760065873154e-05
-0.016468195244669914
-2.3245540432981215e-05
-0.0008204193436540663
-0.04314355552196503
-0.0001597276859683916
-0.0022946475073695183
-0.002211269922554493
-0.4737212657928467
-0.0009432157967239618
-0.0031548987608402967
-5.0424259825376794e-05
-3.93382906622719e-05
-0.001177690108306706
-0.06006639823317528
-0.006489038933068514
-0.005570365581661463
-0.15425977110862732
-0.006125130690634251
-4.076874756719917e-05
-0.0022106750402599573
-0.0019664489664137363
-0.000995974289253354
-0.0026032389141619205
-0.00014745102089364082
-0.0019512200960889459
-0.46191665530204773
-1.8596476365928538e-05
-0.0015907741617411375
-0.4241134524345398
-0.003761361353099346
-0.00014661667228210717
-0.005542862229049206
-0.011671826243400574
-0.032950710505247116
-0.001134705264121294
-0.008488408289849758
-0.00043478095903992653
-0.0005433275364339352
-0.00033825874561443925
-0.0691060945391655
-0.008542543277144432
-0.00160624657291919
-0.5924700498580933
-0.00046850196667946875
-4.017272294731811e-05
-0.0009579836623743176
-9.917721035890281e-05
-0.0007501410436816514
-0.0025007424410432577
-0.6920014023780823
-0.3775405287742615
-0.00023958197562023997
-1.1401047706604004
-1.2159273865108844e-05
-0.0011564955348148942
-0.26603737473487854
-6.627816765103489e-05
-0.00033241944038309157
-0.7670513987541199
-0.24346858263015747
-0.0029377657920122147
-0.0026419993955641985
-0.00014804698002990335
-0.0002631794777698815
-0.005760970991104841
-4.0531076592742465e-06
-0.00011014331539627165
-0.0010512308217585087
-8.570780482841656e-05
-0.0004800597671419382
-0.18468867242336273
-0.009206226095557213
-0.0006887924391776323
-0.0001389883691444993
-0.05014818161725998
-0.00023731753753963858
-0.0007134514744393528
-0.0020674539264291525
-0.012158564291894436
-0.00014375607133843005
-5.066266385256313e-05
-0.0024295118637382984
-0.050148069858551025
-2.5748875486897305e-05
-9.142934868577868e-05
-0.00035684893373399973
-0.0016218378441408277
-6.222531374078244e-05
-1.680836794548668e-05
-0.013166039250791073
-0.0014771036803722382
-0.0005301024066284299
-2.312633478140924e-05
-0.05541286617517471
-0.000552263343706727
-0.7968130707740784
-0.0015216212486848235
-0.05014772713184357
-0.00015496007108595222
-0.0003513672563713044
-0.006114467047154903
-0.00033945043105632067
-0.004231547005474567
-0.0004152389301452786
-5.519237674889155e-05
-0.0016315970569849014
-0.005579138174653053
-0.01845884881913662
-0.0007427555974572897
-6.913899414939806e-05
-0.00018523407925385982
-0.0008530553313903511
-0.001352706109173596
-0.0038538724184036255
-0.012513809837400913
-0.00019977481861133128
-0.0006272017490118742
-0.0001250427303602919
-0.0010153858456760645
-0.01642856001853943
-0.0018236687174066901
-0.12125030159950256
-5.447716102935374e-05
-0.050413452088832855
-0.01898510567843914
-0.16788344085216522
-0.8781439661979675
-0.06812606751918793
-0.04854690283536911
-0.000858415151014924
-0.00022218143567442894
-1.905699610710144
-3.85038583772257e-05
-0.00022742546570952982
-0.0013674680376425385
-4.088794958079234e-05
-0.001049920916557312
-0.004169343505054712
-0.061563268303871155
-3.6477376852417365e-05
-0.0008669908274896443
-0.02066907100379467
-0.0018220028141513467
-2.7894584491150454e-05
-0.022950267419219017
-0.009189807809889317
-0.03454984724521637
-2.0150065422058105
-0.1358369141817093
-0.0004528927383944392
-0.0063553135842084885
-0.002588733099400997
-8.606540359323844e-05
-0.00025281094713136554
-0.0004407388041727245
-0.04082069918513298
-0.00012861855793744326
-0.005117057356983423
-0.0006355411605909467
-0.0014056811342015862
-0.0012912754900753498
-7.152531907195225e-06
-0.0005214046686887741
-0.14335206151008606
-0.12944014370441437
-0.010946697555482388
-0.16279838979244232
-0.0003620922507252544
-0.0009209443815052509
-2.1576648578047752e-05
-8.892617915989831e-05
-2.403578519821167
-0.00036197309964336455
-2.6464111215318553e-05
-0.001817957148887217
-7.152531907195225e-06
-0.015948235988616943
-0.013805145397782326
-0.0007924277451820672
-0.004737936891615391
-0.012257838621735573
-0.025108862668275833
-0.001935277134180069
-0.5267056822776794
-0.012236171402037144
-0.003896265523508191
-0.0034089330583810806
-0.008608612231910229
-1.9073304429184645e-05
-0.0009843033039942384
-0.0006350646144710481
-8.940656698541716e-06
-0.0009485750924795866
-0.001128394273109734
-1.597391747054644e-05
-0.009601131081581116
-1.440627098083496
-0.025633376091718674
-0.020839542150497437
-0.9606100916862488
-0.001536023453809321
-0.6659480929374695
-0.004677663091570139
-6.937739817658439e-05
-0.0005256939912214875
-0.00012778419477399439
-0.006538189947605133
-0.0011629253858700395
-4.410734163684538e-06
-2.1360297203063965
-6.210611172718927e-05
-0.0001679517881711945
-2.3245540432981215e-05
-0.00012540031457319856
-5.98412734689191e-05
-3.957670196541585e-05
-0.000791236583609134
-0.0002873722987715155
-0.0003010773507412523
-6.222531374078244e-05
-0.00010442188795423135
-6.401333666872233e-05
-1.2874520507466514e-05
-2.396787405014038
-0.0003860443539451808
-0.044133082032203674
-3.266281055402942e-05
-0.00043406602344475687
-0.04882894456386566
-0.0006413786904886365
-0.009580232203006744
-4.529942543740617e-06
-0.007098810281604528
-0.0003323002893012017
-0.00048065552255138755
-0.006919942796230316
-0.0012038849527016282
-0.0005698964232578874
-8.511180931236595e-05
-0.00029762129997834563
-0.022091027349233627
-0.0001212284987559542
-0.00070296844933182
-0.0007264359155669808
-1.0728830375228426e-06
-1.764281842042692e-05
-0.00017307691450696439
-0.00013028726971242577
-0.00374520942568779
-0.0017254954436793923
-0.00011383838864276186
-0.012420683167874813
-6.186770770000294e-05
-0.021319039165973663
-0.0002563863235991448
-0.0006115949945524335
-0.2850833237171173
-0.03090192750096321
-0.015989650040864944
-0.0015598285244777799
-0.0014449642039835453
-0.08841962367296219
-0.00015484087634831667
-1.811964830267243e-05
-0.00011240804451517761
-0.0006472161621786654
-0.001655518775805831
-0.012170341797173023
-6.4490144723095e-05
-1.490105023549404e-05
-0.005892761517316103
-0.05014818161725998
-0.00011634149996098131
-0.008670895360410213
-0.0005895545473322272
-0.005058940965682268
-0.00010215714428341016
-0.014222566038370132
-0.00021371940965764225
-0.008690394461154938
-0.019433341920375824
-0.0003698380314745009
-0.008937591686844826
-3.4450891689630225e-05
-2.0146166207268834e-05
-0.03574024885892868
-0.0025090661365538836
-1.3470558769768104e-05
-0.008609085343778133
-0.00013422065239865333
-0.09969279915094376
-0.00917327031493187
-0.00519865145906806
-0.00597832165658474
-0.005449677351862192
-0.0046426597982645035
-0.004279028624296188
-0.001996787264943123
-0.0007488307310268283
-0.0009586982196196914
-0.02503899298608303
-0.0029202932491898537
-0.0027646913658827543
-0.002474700566381216
-0.0008155357209034264
-0.0027388939633965492
-3.540453326422721e-05
-0.003913721069693565
-0.00014685506175737828
-0.0008110094931907952
-0.0014899593079462647
-6.90197994117625e-05
-0.0020201054867357016
-0.15818411111831665
-2.433375835418701
-1.1086402082582936e-05
-1.4887057542800903
-3.71926071238704e-05
-0.0026266619097441435
-0.006987421307712793
-0.0010948146227747202
-0.001392943668179214
-0.00016449528629891574
-9.297892393078655e-05
-0.02049553580582142
-0.0002512616047170013
-0.06118152290582657
-0.0002411313180346042
-0.05582139641046524
-0.011341741308569908
-0.0011617346899583936
-6.580135959666222e-05
-0.0001006075763143599
-0.013459415175020695
-0.07172947376966476
-0.0009419057168997824
-0.0011647114297375083
-0.023837754502892494
-0.10545593500137329
-0.012551716528832912
-0.03939305618405342
-0.019443513825535774
-0.00445528281852603
-0.0001161031104857102
-0.000530936405993998
-0.0001720042055239901
-0.01404626201838255
-0.001192573574371636
-0.06839273124933243
-0.02783268503844738
-0.02133304253220558
-0.014263934455811977
-0.0002762889489531517
-0.06851095706224442
-2.097820281982422
-2.2344560623168945
-0.01528631430119276
-0.00016223068814724684
-1.1324817933200393e-05
-0.00013433984713628888
-2.5033637939486653e-05
-0.0005443998379632831
-0.0004781533498317003
-0.08421387523412704
-0.0007217901293188334
-2.1576648578047752e-05
-0.06783292442560196
-0.0002786724944598973
-0.00043811736395582557
-0.0005153281381353736
-0.00038068200228735805
-0.0274102371186018
-4.0531076592742465e-06
-1.966933996300213e-05
-0.0007433511782437563
-0.0029459670186042786
-0.07574794441461563
-0.00018380382971372455
-0.004979708231985569
-0.0028748870827257633
-0.0003051292151212692
-0.0003636414185166359
-0.03980749472975731
-0.00366124021820724
-0.872959554195404
-0.0009166568052023649
-0.2500646114349365
-0.06295884400606155
-0.014772552996873856
-0.006948947440832853
-0.00625012069940567
-0.00449622655287385
-0.004490767139941454
-0.0036162238102406263
-0.010129355825483799
-0.0317579060792923
-0.05014818161725998
-0.010944339446723461
-7.545663538621739e-05
-0.003498388221487403
-0.0019658540841192007
-0.008116122335195541
-3.6954195820726454e-05
-0.0007005859515629709
-0.002330684568732977
-4.541770613286644e-05
-4.482168878894299e-05
-0.0006389960180968046
-0.0013424679636955261
-0.02544013038277626
-0.00023052419419400394
-0.03473592922091484
-6.639736966462806e-05
-0.0001232548092957586
-0.0006842655711807311
-0.00017414960893802345
-0.00040618274942971766
-0.00019262365822214633
-0.11398699879646301
-0.005309527739882469
-0.0036693166475743055
-0.027424968779087067
-0.05833430588245392
-0.03910478577017784
-0.08567779511213303
-0.04818139970302582
-0.0011322046630084515
-0.42197227478027344
-0.01090884767472744
-0.0002548369811847806
-0.0021765369456261396
-0.0006386386230587959
-0.0006001578294672072
-0.0028921226039528847
-8.618460560683161e-05
-0.00027295202016830444
-0.00031192204914987087
-0.0024126251228153706
-0.0076345098204910755
-0.0004138090298511088
-0.005278222728520632
-2.861018856492592e-06
-0.12312426418066025
-0.00012039413559250534
-0.01391989178955555
-0.00025197668583132327
-0.0024119114968925714
-0.0017415608745068312
-0.01848108321428299
-0.0172383114695549
-0.009944774210453033
-0.010708370245993137
-0.00014900050882715732
-0.004003368318080902
-0.03174924477934837
-0.022863933816552162
-8.451581379631534e-05
-0.00022706791060045362
-0.002949295099824667
-0.0017447738209739327
-0.0031325577292591333
-0.0005332001601345837
-0.0030168043449521065
-8.511180931236595e-05
-0.04733095318078995
-0.4438937306404114
-0.02869453839957714
-0.13805992901325226
-1.2397689715726301e-05
-0.040174126625061035
-0.015227729454636574
-0.24360696971416473
0.0
-0.00015293381875380874
-0.0013954435708001256
-0.505862832069397
-0.06673791259527206
-0.0006049233488738537
-0.0002526917669456452
-0.02328900620341301
-0.011909806169569492
-0.0010557560017332435
-0.00012718822108581662
-0.29234495759010315
-0.004650965798646212
-4.7444173105759546e-05
-0.00019751029321923852
-0.004837238695472479
-0.00025769727653823793
-0.02232467569410801
-0.0017520328983664513
-0.00045265440712682903
-0.018672402948141098
-0.0019094583112746477
-0.017384296283125877
-0.0002053765201708302
-0.05263906717300415
-0.0001629458274692297
-7.092700980138034e-05
-0.0034297234378755093
-0.0001501924270996824
-0.6896485090255737
-0.6602098941802979
-0.06962405145168304
-0.02116592414677143
-0.017190737649798393
-0.011544683948159218
-0.00024577934527769685
-0.00854183454066515
-2.178736448287964
-0.31611666083335876
-0.004806512035429478
-0.005659390240907669
-1.0670570135116577
-0.05014795437455177
-0.00010668662434909493
-4.8636207793606445e-05
-6.592056161025539e-05
-0.0004439560289029032
-0.009076407179236412
-2.8490614567999728e-05
-2.3841830625315197e-06
-6.3774932641536e-05
-0.00013457823661156
-0.012910823337733746
-0.010956956073641777
-2.7179348762729205e-05
-0.001259010867215693
-5.745722592109814e-05
-2.3483953555114567e-05
-0.003808271139860153
-0.00014709345123264939
-0.004160321317613125
-0.0008779485360719264
-0.04867919161915779
-0.00045015214709565043
-0.0001147919538198039
-1.2080175876617432
-0.00016139635408762842
-0.0006248190766200423
-0.0010481346398591995
-2.1667263507843018
-0.0009943069890141487
-0.006823334377259016
-0.0003670972364488989
-0.002064360771328211
-2.145764938177308e-06
-0.6726069450378418
-9.190614218823612e-05
-0.01535146962851286
-1.5937707424163818
-0.00208850996568799
-0.005476708989590406
-0.026549367234110832
-0.0018016549292951822
-0.0014674619305878878
-1.9073304429184645e-05
-3.0517112463712692e-05
-0.0002485204895492643
-0.0001212284987559542
-0.0015528061194345355
-0.00020275443966966122
-0.0002196785935666412
-0.00418679416179657
-0.0002019201492657885
-0.0007888542604632676
-0.001261273049749434
-0.002757915062829852
-0.0005395148764364421
-0.0007839705212973058
-0.0007277462864294648
-0.05014795437455177
-7.390703103737906e-05
-2.1219027985353023e-05
-4.684815212385729e-05
-0.001558043179102242
-0.0008319730986841023
-0.07510410994291306
-0.024785161018371582
-0.029864158481359482
-0.0034759361296892166
-0.008460039272904396
-0.0067933788523077965
-0.023419205099344254
-8.106198947643861e-06
-0.007709037512540817
-5.411955135059543e-05
-0.0013088955311104655
-0.0009133219718933105
-0.0009082006872631609
-3.0517112463712692e-05
-0.005661049857735634
-0.002064598724246025
-0.06035531312227249
-2.8967437174287625e-05
-0.0003833036171272397
-0.0019521719077602029
-2.539125671319198e-05
-7.819823804311454e-05
-0.008733055554330349
-0.00015901254664640874
-0.00021169328829273582
-0.00037245964631438255
-0.0006198153714649379
-0.0005646541831083596
-0.09114405512809753
-0.0008455515489913523
-0.00011359999916749075
-0.00011765264935093
-0.21891337633132935
-0.00014804698002990335
-0.0009029601933434606
-0.0054929512552917
-5.9602869441732764e-05
-0.002554964739829302
-0.0029478687793016434
-0.00289794709533453
-0.0007687236065976322
-6.437280717364047e-06
-1.9907753085135482e-05
-3.909988299710676e-05
-0.01022576354444027
-0.003915027249604464
-0.0485793799161911
-0.005305496044456959
-0.0038993528578430414
-0.001922665280289948
-0.00013481661153491586
-4.0649541915627196e-05
-0.01937137544155121
-0.002745907986536622
-0.006456704810261726
-0.6440908312797546
-0.006511304993182421
-0.0001802282058633864
-7.152301259338856e-05
-0.002034619450569153
-0.00868814904242754
-0.0003003622987307608
-0.00022373080719262362
-0.010940802283585072
-0.000635183765552938
-0.870548665523529
-0.00011407678539399058
-0.0051502650603652
-0.012707334011793137
-0.0003022690652869642
-0.010773353278636932
-0.016619333997368813
0.0
-0.00035958975786343217
-0.024112075567245483
-0.004157828167080879
-0.039457689970731735
-0.0011694743297994137
-0.0001726001501083374
-0.05021008476614952
-0.001060757553204894
-0.008643713779747486
-0.20826800167560577
-0.00035124807618558407
-0.5145304799079895
-0.019445618614554405
-6.753656387329102
-0.054323915392160416
-0.006315512116998434
-3.40932747349143e-05
-0.000289159914245829
-0.011856913566589355
-0.004817189183086157
-3.302042750874534e-05
-3.3378546504536644e-06
-0.0017601249273866415
-3.266281055402942e-05
-0.02102714218199253
-0.005980573128908873
-0.0008650851668789983
-0.0007781338645145297
-0.02080404944717884
-0.0023737368173897266
-0.009592275135219097
-0.0026310610119253397
-0.000876638398040086
-0.0007304860628210008
-0.003319469979032874
-0.002170589519664645
-0.00163588160648942
-0.00017915551143232733
-0.0022507591638714075
-2.5510462364763953e-05
-0.0007641970878466964
-0.06343211233615875
-0.0004029654082842171
-0.0007191693875938654
-7.235741941258311e-05
-0.0030145461205393076
-0.00017188502533826977
-0.0025486627127975225
-0.0002557904226705432
-0.003318757051602006
-0.04487113654613495
-0.034272272139787674
-0.001179118873551488
-0.0853067934513092
-0.036650363355875015
-2.825220326485578e-05
-0.0066696410067379475
-0.005785505287349224
-0.0045639872550964355
-0.02543501742184162
-0.0005385617259889841
-0.0029420447535812855
-0.012623053975403309
-0.0015849421033635736
-0.0028183048125356436
-1.3259246349334717
-0.00013243274588603526
-0.11830858141183853
-0.00051115796668455
-0.0015986294019967318
-0.02576025016605854
-0.0013431822881102562
-0.0004357342259027064
-1.972322940826416
-0.002565071452409029
-0.0032278599683195353
-0.006810665596276522
-0.010594315826892853
-0.8797605633735657
-8.201262971851975e-05
-9.059865078597795e-06
-0.12013468146324158
-0.16099292039871216
-0.002283705398440361
-0.00017927470616996288
-0.10629718005657196
-2.276871418871451e-05
-0.05014795437455177
-0.0001734344696160406
-0.0003300360403954983
-0.027736105024814606
-0.0011193446116521955
-0.00013541258522309363
-0.00795245636254549
-0.007242259569466114
-0.6042721271514893
-1.5824382305145264
-0.00022313489171210676
-0.001149470335803926
-0.04361167922616005
-0.00911704357713461
-0.0007402540650218725
-0.003997787833213806
-0.0008201810996979475
-9.393251093570143e-05
-0.0011757849715650082
-3.349725011503324e-05
-0.036574169993400574
-0.00024482590379193425
-2.86702036857605
-0.017421551048755646
-0.0005303407087922096
-0.0017711918335407972
-0.7542479634284973
-0.014460175298154354
-0.0009458358981646597
-0.01118355430662632
-0.00013743886665906757
-0.01421563234180212
-2.272352933883667
-0.056150082498788834
-0.013404839672148228
-0.002916846191510558
-0.008171696215867996
-0.0009205871028825641
-0.0001294529065489769
-0.0005703729693777859
-2.5152843591058627e-05
-0.0007407305529341102
-0.0001248043408850208
-7.879423355916515e-05
-0.0020267677027732134
-0.027508357539772987
-0.007337289396673441
-0.000573351513594389
-0.0005447572330012918
-6.925819616299123e-05
-0.00012766500003635883
-0.003946137614548206
-0.0011468507582321763
-0.0074604712426662445
-0.05027107521891594
-0.005035812500864267
-0.03750694915652275
-0.07198674976825714
-0.060205478221178055
-0.07176176458597183
-0.07271429896354675
-0.01058723870664835
-2.3841855067985307e-07
0.0
-5.113947918289341e-05
-0.0015259062638506293
-0.0002273062855238095
-0.00021407696476671845
-9.655486064730212e-05
-0.00023576818057335913
-5.340433563105762e-05
-0.02040758728981018
-0.00029047083808109164
-9.870042413240299e-05
-0.002594083547592163
-0.0036510254722088575
-0.004415168426930904
-0.08355288207530975
-2.396077979938127e-05
-0.00043084874050691724
-3.933898824470816e-06
-0.0002499506517779082
-0.009848575107753277
-2.3007127310847864e-05
-0.00020287363440729678
-0.0012282931711524725
-0.05222651734948158
-5.864924969500862e-05
-5.2569914259947836e-05
-0.0010202685371041298
-0.00038389943074434996
-0.0005052005290053785
-1.4185804502631072e-05
-3.0040289857424796e-05
-4.9232225137529895e-05
-0.01459975354373455
-0.0016807490028440952
-0.017260806635022163
-5.006777428206988e-06
-1.9430925021879375e-05
-5.543078441405669e-05
-0.058205537497997284
-9.059865078597795e-06
-0.00278501957654953
-1.0609570381348021e-05
-0.0007246490567922592
-0.0009308296139352024
-0.00012158608296886086
-0.0034120220225304365
-0.003726207185536623
-9.881961887003854e-05
-1.7036539316177368
-0.19485467672348022
-1.2416315078735352
-0.6726205945014954
-0.011508859694004059
-3.070746660232544
-2.7656173188006505e-05
-0.06236955523490906
-0.00024637524620629847
-0.47714316844940186
-0.11332868784666061
-1.3386274576187134
-0.00045015214709565043
-0.0013517538318410516
-0.0023742124903947115
-0.5184844136238098
-0.026322392746806145
-1.2278481335670222e-05
-0.009302486665546894
-0.000129691296024248
-0.005205410998314619
-5.674201020156033e-05
-4.5536911784438416e-05
-1.9073468138230965e-06
-2.6940935640595853e-05
-0.0006575806182809174
-0.0036295270547270775
-1.140049695968628
-2.372236667724792e-05
-1.585470999998506e-05
-0.000814582861494273
-0.5412245988845825
-0.02874249406158924
-1.2516897186287679e-05
-0.005643387790769339
-0.010660014115273952
-0.39523664116859436
-0.036043405532836914
-0.0009367844904772937
-0.6582275032997131
-0.05014795437455177
-0.006956050638109446
-0.00012790338951162994
-0.000825898430775851
-7.462222856702283e-05
-0.00038961926475167274
-0.04166880249977112
-0.6752106547355652
-0.07897831499576569
-1.5010652542114258
-1.9074370861053467
-1.5497195136049413e-06
-0.6971278786659241
-0.0005007919971831143
-6.937739817658439e-05
-9.345571743324399e-05
-0.005476234946399927
-0.002731166547164321
-0.00039057256071828306
-0.0007920703501440585
-0.0015266203554347157
-0.00036137725692242384
-0.002953930525109172
-6.01988795096986e-05
-0.004072468727827072
-0.049870140850543976
-0.010101976804435253
-5.1377883210079744e-05
-0.0011626873165369034
-0.0004499138449318707
-0.00015829740732442588
-7.676783570786938e-05
-0.0004866131057497114
-0.000546425289940089
-0.0031171089503914118
-9.667406266089529e-05
-0.012205317616462708
-0.0004657614335883409
-7.152301259338856e-05
-0.00021264675888232887
-0.002002259949222207
-0.02579963393509388
-0.0006254147156141698
-0.01672719232738018
-4.136476854910143e-05
-0.0008644896443001926
-0.0008911690674722195
-6.151010165922344e-05
-0.0014146092580631375
-0.010321689769625664
-0.003845559898763895
-0.05014795437455177
-0.0001212284987559542
-0.00046230596490204334
-0.0009095107670873404
-0.0116654634475708
-1.8715683836489916e-05
-3.421248038648628e-05
-0.0014294892316684127
-0.00044264530879445374
-0.0013940150383859873
-0.001019673072732985
-0.0009601273923180997
-0.05014772713184357
-0.0007601470570079982
-0.0001399419124936685
-0.000666277133859694
-0.0013169910525903106
-0.00012516192509792745
-0.00040284625720232725
-0.00014900050882715732
-0.005707396660000086
-6.258291978156194e-05
-0.0012373419012874365
-0.00024470672360621393
-0.00315038301050663
-0.0004328744253143668
-0.0029733041301369667
-0.032248128205537796
-0.00383130949921906
-0.004002180881798267
-0.003001829143613577
-0.000205018965061754
-0.007694960571825504
-9.298280929215252e-06
-0.03282405436038971
-0.0006008726777508855
-0.006300941575318575
-0.008007684722542763
-0.010039547458291054
-0.16762590408325195
-0.0018820922123268247
-0.0009255892946384847
-1.9430925021879375e-05
-1.0371154530730564e-05
-0.0003299168893136084
-7.366862701019272e-05
-0.001068736077286303
-5.376194530981593e-05
-0.008271602913737297
-0.005231619346886873
-0.0009776342194527388
-8.880697714630514e-05
-0.0019620470702648163
-0.006881111301481724
-0.021630799397826195
-0.001606365549378097
-0.000254241080256179
-0.003591161221265793
-0.0010085977846756577
-0.00015400654228869826
-0.0009687021956779063
-0.0023853916209191084
-0.6036660075187683
-0.002400257159024477
-2.3364747903542593e-05
-0.0033369355369359255
-1.6331539882230572e-05
-0.0029513156041502953
-0.0030005217995494604
-0.0008086272282525897
-0.0016357626300305128
-0.0013047285610809922
-0.0002224197960458696
-0.0010542079107835889
-0.0001479277852922678
-0.00013124081306159496
-0.0009093916742131114
-0.014437262900173664
-0.0064411889761686325
-0.0028049908578395844
-0.00014625910262111574
-0.004868676420301199
-0.01850413717329502
-0.03622369095683098
-0.003091914812102914
-0.008838814683258533
-0.03208905830979347
-0.0005707303644157946
-0.002267648698762059
-0.0003398079425096512
-9.536288416711614e-05
-0.00016783259343355894
-1.237884521484375
-0.08922352641820908
-5.066266385256313e-05
-7.402622577501461e-05
-2.5152843591058627e-05
-2.6680774688720703
-0.0005184260080568492
-0.0016813441179692745
-5.9126061387360096e-05
-0.5364042520523071
-0.0034176057670265436
-0.0005237876321189106
-0.0017348966794088483
-0.0001134808044298552
-0.0013802058529108763
-0.016009008511900902
-0.0002944036095868796
-0.0033115092664957047
-0.00022265815641731024
-0.0006578188622370362
-0.7124791741371155
-1.9428229331970215
-2.1469805240631104
-0.2505253553390503
-0.0017794027226045728
-1.031827449798584
-0.003236177610233426
-1.1514760255813599
-0.0012184107908979058
-0.001793206320144236
-0.006308523006737232
-0.00015555603022221476
-0.0002787916746456176
-0.0003159739135298878
-0.0003691230376716703
-0.0030321357771754265
-0.0003937899600714445
-0.00033158526639454067
-0.003913364838808775
-0.0010742137674242258
-0.0034911418333649635
-0.00019214690837543458
-0.00011014331539627165
-0.002171779051423073
-8.689979586051777e-05
-0.00023231192608363926
-0.32965949177742004
-0.1539703905582428
-0.0002616301644593477
-7.319182623177767e-05
-0.006163399200886488
-0.0050782738253474236
-2.372236667724792e-05
-1.847726889536716e-05
-0.031047435477375984
-0.0007593132322654128
-0.0003516055876389146
-0.014080819673836231
-0.001739775761961937
-0.31602150201797485
-0.0023677905555814505
-0.0027730127330869436
-0.05014818161725998
-0.007450413890182972
-0.012736759148538113
-0.0001311216183239594
-8.987976616481319e-05
-8.630380034446716e-05
-0.004140851553529501
-0.32873162627220154
-5.5549986427649856e-05
-0.00035494225448928773
-0.0038335658609867096
-0.006964337080717087
-0.36989399790763855
-0.024525798857212067
-0.04220904782414436
-0.004210535902529955
-0.00030357998912222683
-0.08462373912334442
-5.793403761344962e-05
-0.016225315630435944
-0.006395350210368633
-0.00024005869636312127
-0.003935094457119703
-2.682172998902388e-05
-0.0006828360492363572
-0.0034133289009332657
-2.586808113846928e-05
-0.08539742231369019
-2.288792165927589e-05
-0.0007796823629178107
-0.0004065402317792177
-0.0001821352052502334
-0.25581076741218567
-0.0060854386538267136
-0.06205153465270996
-0.00016509123088326305
-0.0007759897271171212
-1.4802206754684448
-0.0003516055876389146
-0.0004889961564913392
-0.007986989803612232
-0.0004553949984256178
-0.00017641419253777713
-0.009313470683991909
-0.012310474179685116
-0.0006076634745113552
-0.022863933816552162
-0.00017581824795342982
-0.0015404274454340339
-0.016524244099855423
-0.00016699827392585576
-0.0008981961291283369
-0.0001262346631847322
-0.00041976699139922857
-0.00163433444686234
-0.002141327131539583
-0.00010513706365600228
-0.04168149456381798
-0.008463822305202484
-0.5215874314308167
-0.050148069858551025
-0.00036006642039865255
-0.002166901947930455
-8.964136941358447e-05
-0.008199363946914673
-0.0051567875780165195
-0.050288308411836624
-0.0003289635351393372
-6.305972783593461e-05
-0.004934750963002443
-0.3099914491176605
-2.2358975410461426
-0.006212092004716396
-0.0026958573143929243
-0.009930846281349659
-5.304672595229931e-05
-0.014504470862448215
-0.007319420110434294
-0.0025884953793138266
-0.0006256530177779496
-0.05668605491518974
-0.00020013237372040749
-6.5205356804654e-05
-0.00017486473370809108
-0.0037287012673914433
-3.480850500636734e-05
-0.020310053601861
-0.0018083186587318778
-0.47415298223495483
-0.010925001464784145
-0.0002585315378382802
-0.00029213930247351527
-0.004914110526442528
-3.0397906812140718e-05
-0.00162588432431221
-1.0251946150674485e-05
-0.0023372257128357887
-0.12223851680755615
-0.04549907520413399
-0.0015163839561864734
-0.0014002051902934909
-0.0024700628127902746
-1.0219618082046509
-9.417489309271332e-06
-1.2755313036905136e-05
-0.003081932198256254
-0.014096688479185104
-0.00033778208307921886
-0.0001012035645544529
-0.696483314037323
-0.00017712931730784476
-0.0098367715254426
-0.0004769618099089712
-0.0042783161625266075
-1.4312855005264282
-0.6292462944984436
-2.310405731201172
-0.006714283023029566
-0.0010669498005881906
-0.20000596344470978
-0.005124291870743036
-0.00012718822108581662
-0.00011145447206217796
-5.435795901576057e-05
-0.0037068482488393784
-0.055210962891578674
-0.00010299152199877426
-0.000388665939681232
-0.026978792622685432
-0.024306509643793106
-0.004566123243421316
-0.0014886498684063554
-0.003014308400452137
-0.05770166218280792
-0.03176495060324669
0.0
-0.012625879608094692
-0.00621031504124403
-0.10924126207828522
-0.001580181298777461
-0.005509667564183474
-0.03243660181760788
-8.308542601298541e-05
-0.01148528978228569
-0.00014077626110520214
-0.0006267252028919756
-0.007893085479736328
-0.006158186122775078
-0.00025686301523819566
-0.0009017692063935101
-0.0037091048434376717
-0.002046516165137291
-0.45648568868637085
-6.401333666872233e-05
-0.011496957391500473
-1.7165990357170813e-05
-0.0009615565068088472
-1.9725123643875122
-0.00030214988510124385
-3.886147169396281e-05
-0.0006451908848248422
-0.0005546461907215416
-0.009907358326017857
-0.004788597580045462
-6.985420623095706e-05
-0.004602671600878239
-0.030646344646811485
-0.19147606194019318
-1.1444026313256472e-05
-0.004729276057332754
-0.0016339774010702968
-0.021157637238502502
-0.05014784261584282
-3.6238969187252223e-05
-0.00022384998737834394
-0.0025612665340304375
-0.0023154611699283123
-0.0052398014813661575
-8.308542601298541e-05
-0.00011419598013162613
-0.0035539816599339247
-4.970903682988137e-05
-0.0002053765201708302
-0.00021920185827184469
-0.0036770368460565805
-0.0006063529872335494
-2.610649426060263e-05
-0.0003475538978818804
-1.3540691137313843
-0.0013243722496554255
-0.0010303908493369818
-2.5037126541137695
-0.00010871296399272978
-0.0047418526373803616
-0.004878047853708267
-0.00015031162183731794
-0.00034648136352188885
-0.0008902162662707269
-0.007627411279827356
-0.0031614345498383045
-0.016635045409202576
-0.0010093123419210315
-7.462222856702283e-05
-0.00207673292607069
-0.030520204454660416
-0.0020136809907853603
-0.00019262365822214633
-0.002431533532217145
-0.00025018901214934886
-0.0030496064573526382
-0.000427274004323408
-0.03768284246325493
-0.00021896349790040404
-0.0075024752877652645
-0.000662703241687268
-0.0006467396160587668
-3.8742269680369645e-05
-0.0010982679668813944
-0.0001554368354845792
-0.003197915619239211
-0.00011550712952157483
-0.010235085152089596
-0.002257063053548336
-11.613860130310059
-0.0002153879904653877
-0.6612430810928345
-0.0010492063593119383
-1.1444026313256472e-05
-0.00025185750564560294
-0.003078961046412587
-3.802703940891661e-05
-0.8593420386314392
-9.545649528503418
-0.01594870537519455
-4.0649541915627196e-05
-0.02198059670627117
-0.012906351126730442
-0.009160513989627361
-0.014243838377296925
-0.0021729685831815004
-0.0011094611836597323
-0.0001554368354845792
-0.0013674680376425385
-0.00032181330607272685
-0.0012251974549144506
-0.003306400263682008
-0.007596178911626339
-0.0003583981015253812
-0.00015293381875380874
-0.0006862907321192324
-1.1699761152267456
-0.00034731553751043975
-0.0001045410826918669
-2.305161237716675
-0.0002547178009990603
-0.0003137096355203539
-0.00037579628406092525
-6.103329360485077e-05
-0.05386021360754967
-0.0005828827270306647
-0.0003721021639648825
-0.010972048155963421
-0.015218806453049183
-4.637133679352701e-05
-0.019244389608502388
-0.18912680447101593
-0.029665594920516014
-0.000398198957554996
-0.0008445986895821989
-0.0014854359906166792
-0.020847715437412262
-0.0023719528689980507
-0.0042418744415044785
-0.0007479969062842429
-0.00010275312524754554
-0.0012003129813820124
-0.009663233533501625
-0.0275665745139122
-0.0009888288332149386
-0.00031549722189083695
-8.844937838148326e-05
-2.9444261599564925e-05
-0.004617504309862852
-0.014938747510313988
-0.009712465107440948
-0.018193157389760017
-0.02067362517118454
-0.003504090243950486
-0.3743085265159607
-1.2743096351623535
-0.4173291325569153
-0.021977214142680168
-0.004417304880917072
-0.7735587358474731
-0.05745204910635948
-0.00034898388548754156
-0.00031704644788987935
-0.019214102998375893
-0.6574041247367859
-0.02416013367474079
-0.0026135831139981747
-0.6950966119766235
-0.0021036178804934025
-0.00012909532233607024
-0.8347650766372681
-5.471556869451888e-05
-5.876845170860179e-05
-0.00424353638663888
-0.00017009719158522785
-0.03498886153101921
-0.000125281119835563
-0.0030515079852193594
-0.0005871717585250735
-0.05743257701396942
-0.068656325340271
-0.00010299152199877426
-2.7894584491150454e-05
-1.1641478538513184
-0.671310544013977
-1.2044119834899902
-0.9347928762435913
-0.006709665060043335
-1.1086402082582936e-05
-0.00812499038875103
-0.6543484330177307
-2.610649426060263e-05
-1.7523612768854946e-05
-1.6848053932189941
-0.0016288596671074629
-0.3941069543361664
-4.3987260141875595e-05
-0.007144379895180464
-0.00012182447244413197
-0.5487755537033081
-0.00021646064124070108
-0.7262109518051147
-0.03211064636707306
-0.00014482879487331957
-5.3165931603871286e-05
-0.006277012173086405
-0.0141682680696249
-9.798523387871683e-05
-0.0037005534395575523
-0.0009209443815052509
-0.0520961694419384
-0.00025781645672395825
-0.0005735897575505078
-0.0008716359734535217
-0.0007830176036804914
-7.021180499577895e-05
-1.2397689715726301e-05
-2.7526063919067383
-6.007967749610543e-05
-0.044048555195331573
-1.5735502529423684e-05
-0.00030655929003842175
-0.0003150205302517861
-0.0012550819665193558
-0.0980302169919014
-1.643838882446289
-1.940463900566101
-0.0060349623672664165
-0.5871401429176331
-0.00013863079948350787
-0.004694867879152298
-1.0479742288589478
-0.01525942888110876
-0.0059859054163098335
-0.007300248835235834
-0.0020001183729618788
-6.23445157543756e-05
-0.00029297350556589663
-0.000105375460407231
-1.4264589548110962
-1.4185804502631072e-05
-0.00033968876232393086
-5.674201020156033e-05
-1.6927575416048057e-05
-0.0035179888363927603
-0.04258805140852928
-0.00761629082262516
-0.019826916977763176
-0.0001284993631998077
-1.0013530300057027e-05
-0.0001530530134914443
-0.00033623288618400693
-0.0588202141225338
-0.0003332536434754729
-0.0014362744987010956
-0.0017210922669619322
-0.04280725121498108
-0.045204468071460724
-1.5735502529423684e-05
-0.014562745578587055
-0.0019629988819360733
-0.003118178341537714
-0.0016167201101779938
-0.046485476195812225
-0.0001070442158379592
-0.1806114763021469
-0.0115518718957901
-0.016699761152267456
-0.00026890001026913524
-0.0016977671766653657
-7.271740287251305e-06
-0.770298421382904
-0.008420203812420368
-0.0027272433508187532
-0.005644454620778561
-0.0005044856225140393
-0.0006272017490118742
-7.152531907195225e-06
-0.0001433984871255234
-0.02431139536201954
-0.00023600654094479978
-3.814689989667386e-06
-6.437280717364047e-06
-0.0009872806258499622
-0.0001408954558428377
-7.211902266135439e-05
-5.793403761344962e-05
-0.4924919903278351
-0.00010573305189609528
-0.6697136163711548
-5.8515095710754395
-0.9508032202720642
-0.8925897479057312
-0.00039176418795250356
-0.0003147821989841759
-0.0009076051646843553
-0.011397724971175194
-0.0005108005134388804
-0.00025245340657420456
-0.00014232576359063387
-0.03613343834877014
-0.0007421599584631622
-0.0003573255962692201
-0.0002759314374998212
-0.0001137191939051263
-0.026828281581401825
-0.000526289688423276
-0.010737265460193157
-0.00047398300375789404
-0.009602193720638752
-0.6950966119766235
-0.0031797345727682114
-0.035856302827596664
-0.0030471107456833124
-0.004228461068123579
-0.00013863079948350787
-0.00010644822759786621
-0.0007949291029945016
-0.0007035640883259475
-1.4424220353248529e-05
-2.252075672149658
-0.0035961500834673643
-5.960446742392378e-06
-0.0007375142886303365
-0.0003164505760651082
-0.0005416594794951379
-0.009881390258669853
-0.0002694958820939064
-4.23184028477408e-05
-0.00014351768186315894
-0.0006886732880957425
-1.549708758830093e-05
-0.0002004899288294837
-0.0006399490521289408
-0.001023483811877668
-0.0016978861531242728
-0.0018346159486100078
-0.00028784899041056633
-0.0002236116270069033
-0.003791644936427474
-0.3718000054359436
-0.001262939884327352
-0.050148069858551025
-0.00017998983094003052
-0.002379088429734111
-0.0009677494526840746
-0.00019643761334009469
-0.00018439977429807186
-0.0002233732520835474
-0.002616198966279626
-0.00023529145983047783
-4.207999518257566e-05
-0.005862422753125429
-0.0010039533954113722
-0.5217840671539307
-0.000579546787776053
-0.001939917216077447
-0.010340449400246143
-8.4638240878121e-06
-0.00010668662434909493
-0.0005072260973975062
-0.0008929556352086365
-0.03442776948213577
-0.002252543345093727
-0.0010727847693488002
-0.0010320581495761871
-0.0002060916303889826
-0.05014795437455177
-0.00011872540198964998
-0.00010787858627736568
-0.00013171759201213717
-0.0008631794480606914
-4.660974445869215e-05
-5.8412379075889476e-06
-0.0003909300430677831
-1.0967194612021558e-05
-9.059865078597795e-06
-0.0005212855176068842
-3.40932747349143e-05
-0.0015937496209517121
-2.658331868587993e-05
-1.4070764780044556
-6.198863957251888e-06
-0.001095648156479001
-0.0020281951874494553
-0.0006357794045470655
-2.0146166207268834e-05
-8.702239938429557e-06
-1.07287787614041e-05
-0.0007038023322820663
-0.001692411839030683
-0.00023362292267847806
-2.9802276912960224e-06
-0.00013767725613433868
-0.16415469348430634
-0.00045158201828598976
-0.036514174193143845
-0.007190539501607418
-0.9667606353759766
-0.0016624215058982372
-0.09142239391803741
-0.0008391196606680751
-0.006899106781929731
-0.00019095504831057042
-0.0006455483380705118
-8.106198947643861e-06
-0.0029538117814809084
-0.00011514954530866817
-0.0003461238811723888
-0.0026120375841856003
-0.01685977354645729
-0.0003418338019400835
-1.3708974620385561e-05
-8.904537389753386e-05
-0.00010191874753218144
-0.008349866606295109
-0.041954394429922104
-0.0006860524881631136
-0.001369729870930314
-3.838465272565372e-05
-5.972207145532593e-05
-0.08914873003959656
-0.0034139228519052267
-0.00016258825780823827
-6.97350042173639e-05
-1.1324817933200393e-05
-0.003993751015514135
-7.664863369427621e-05
-3.433168603805825e-05
-8.4638240878121e-06
-2.3140459060668945
-1.3351351299206726e-05
-0.005430825985968113
-0.0011106519959867
-0.002026410773396492
-3.325883881188929e-05
-4.2437604861333966e-05
-0.0014584152959287167
-0.007420714013278484
-0.012439639307558537
-0.0025415283162146807
-0.007229951210319996
-0.0026581690181046724
-0.004914110526442528
-0.0021393049973994493
-4.6132929128361866e-05
-6.318072337307967e-06
-0.00012158608296886086
-0.007718028035014868
-0.000922849983908236
-0.0020068997982889414
-1.774543046951294
-0.0008771148277446628
-0.005053247790783644
-0.0017432268941774964
-0.01716144196689129
-7.92710343375802e-05
-0.00037043384509161115
-0.0019449143437668681
-0.0006902219611220062
-0.005851638037711382
-0.6767869591712952
-0.00027414379292167723
-0.00010001159535022452
-0.0003044141922146082
-0.00025555206229910254
-0.011315456591546535
-0.559846818447113
-0.005300160031765699
-0.0008928364841267467
-8.713819261174649e-05
-0.0007002285565249622
-9.536738616588991e-07
-0.000514017534442246
-0.0002233732520835474
-0.0006233894382603467
-0.001836043898947537
-0.0001454247540095821
-0.0045707509852945805
-0.025038061663508415
-1.6498373746871948
-0.0009972843108698726
-0.0004049911512993276
-0.0011089849285781384
-0.0071608321741223335
-7.366862701019272e-05
-0.0009284476400353014
-0.002158218529075384
-0.0006868863711133599
-0.0009006972541101277
-0.0001262346631847322
-0.0013058000477030873
-7.259582343976945e-05
-0.01696854457259178
-0.0007800396997481585
-0.00013481661153491586
-1.2159273865108844e-05
-0.0018133163684979081
-0.00213585514575243
-0.8004806637763977
-0.045458294451236725
-0.01117777731269598
-0.04428694024682045
-0.00010311071673640981
-6.079655122448457e-06
-1.3828182090946939e-05
-0.006684561725705862
-1.6212332411669195e-05
-2.3483953555114567e-05
-0.06867358088493347
-0.0021829602774232626
-1.3708974620385561e-05
-5.245195097813848e-06
-9.179073458653875e-06
-0.01589978113770485
-0.1171964630484581
-0.0005206898204050958
-0.019570590928196907
-0.001095529063604772
-0.06873723864555359
-0.0033958645071834326
-0.0013090145075693727
-0.0010519453790038824
-0.00041976699139922857
-7.83174327807501e-05
-5.769562994828448e-05
-0.0017032414907589555
-0.5120300054550171
-1.168244216387393e-05
-4.60137271147687e-05
-6.329813186312094e-05
-2.0146166207268834e-05
-0.03436269238591194
-0.0014073477359488606
-7.712543447269127e-05
-0.051008809357881546
-0.378630131483078
-0.0014938872773200274
-0.012606809847056866
-0.11654195934534073
-0.0007846852531656623
-2.706014311115723e-05
-0.010030577890574932
-0.13622428476810455
-3.480850500636734e-05
-0.0005198557628318667
-0.0005142558366060257
-0.012580911628901958
-0.19316762685775757
-0.016522368416190147
-0.0032433071173727512
-0.010978651233017445
-0.005555072799324989
-0.0009685831028036773
-0.00024172721896320581
-0.0015213831793516874
-0.005929735954850912
-0.00029940891545265913
-0.0021205099765211344
-0.002377542434260249
-6.747018051100895e-05
-3.015949550899677e-05
-0.0002127659390680492
-0.0010553987231105566
-0.00245496048592031
-0.00028951745480298996
-0.050148069858551025
-7.1403817855753e-05
-0.00584642356261611
-0.016997024416923523
-0.004812206607311964
-0.007965820841491222
-0.00015066919149830937
-3.123234637314454e-05
-0.003073375439271331
-0.0010715939570218325
-0.0004953111056238413
-9.214453893946484e-05
-5.829164365422912e-05
-0.000324673397699371
-0.0013903246726840734
-0.011619745753705502
-0.01779882051050663
-0.003574056550860405
-0.07323171198368073
-0.005774838384240866
-0.0009514334378764033
-0.0016050563426688313
-7.688703772146255e-05
-0.00041321321623399854
-0.0007163104019127786
-0.0008684201166033745
-1.006819486618042
-3.933898824470816e-06
-1.4066597032069694e-05
-0.06154768913984299
-0.0004976941272616386
-0.039584655314683914
-1.2636104656849056e-05
-0.005803520325571299
-0.0038060147780925035
-0.045209139585494995
-0.05190355330705643
-0.0009190387791022658
-0.07928857952356339
-0.003307826118543744
-0.5986502766609192
-0.00038699767901562154
-0.00033742457162588835
-0.0007563352701254189
-0.006285304669290781
-5.364403477869928e-06
-0.007145090028643608
-1.4066597032069694e-05
-0.00047886825632303953
-0.011094547808170319
-1.2159273865108844e-05
-0.016317736357450485
-1.5139465176616795e-05
-0.004845661576837301
-0.8720641732215881
-0.002581836888566613
-0.0040228404104709625
-0.002372428774833679
-8.272782724816352e-05
-0.000125281119835563
-0.00015984688070602715
-0.003404180984944105
-1.2017803192138672
-0.12199374288320541
-0.0038158714305609465
-0.32848796248435974
-0.004044567700475454
-0.8587253093719482
-0.0003492222458589822
-0.25361213088035583
-0.028890978544950485
-0.00031013446277938783
-0.0051668682135641575
-0.0006136203301139176
-7.033100700937212e-05
-0.015356986783444881
-8.880697714630514e-05
-0.0010355116100981832
-0.0007666985620744526
-0.00010764019680209458
-0.00013219437096267939
-0.0002299282787134871
-0.060014758259058
-3.4689302992774174e-05
-2.264974000354414e-06
-9.059865078597795e-06
-5.352353764465079e-05
-0.025673462077975273
-0.0061066471971571445
-0.00223422609269619
-0.008861028589308262
-0.01776205003261566
-0.0020611488725990057
-0.0067961025051772594
-0.007107687648385763
-0.012562312185764313
-1.5735502529423684e-05
-0.0018773326883092523
-7.188061863416806e-05
-2.396077979938127e-05
-3.707340147229843e-05
-1.847726889536716e-05
-0.0005644158809445798
-0.34203216433525085
-1.7165990357170813e-05
-9.417489309271332e-06
-0.00016330339713022113
-8.34430247778073e-05
-0.005152874160557985
-1.4543427823809907e-05
-1.2516897186287679e-05
-0.5306878089904785
-3.564294092939235e-05
-1.5595217943191528
-0.5251303315162659
-0.0017259714659303427
-3.528532761265524e-05
-1.7881233361549675e-05
-8.654219709569588e-05
-2.992108420585282e-05
-0.0003331344632897526
-9.881961887003854e-05
-9.262132516596466e-05
-0.00047017011092975736
-0.012451530434191227
-0.005462126340717077
-0.005889443214982748
-0.00013636612857226282
-6.305972783593461e-05
-0.007972798310220242
-0.22265715897083282
-3.1709168979432434e-05
-0.0028242485132068396
-0.003132438752800226
-0.003364024218171835
-0.007780957501381636
-0.009426607750356197
-0.009636432863771915
-0.022501274943351746
-0.0074101826176047325
-0.0019452712731435895
-0.0008320921915583313
-0.1076170802116394
-0.0021709464490413666
-0.004164001438766718
-0.0012655591126531363
-1.5616295058862306e-05
-0.0024689924903213978
-0.0007888542604632676
-0.00017021637177094817
-0.3264005184173584
-0.00036244976217858493
-0.011593232862651348
-0.00371718080714345
-5.61460001335945e-05
-0.00719101307913661
-0.004358791746199131
-2.372236667724792e-05
-1.811964830267243e-05
-0.00036995718255639076
-2.9801878554280847e-05
-0.000399033073335886
-2.407998726994265e-05
-0.00016151554882526398
-0.028035903349518776
-0.009029625914990902
-0.0006835508393123746
-0.0006582954083569348
-0.002451511798426509
-0.0011807858245447278
-0.0005590544897131622
-0.00013624693383462727
-0.00014602071314584464
-0.001479841535910964
-0.008330478332936764
-8.344646857949556e-07
-0.009895436465740204
-0.00047100416850298643
-4.2437604861333966e-05
-2.753696753643453e-05
-0.00033098942367359996
-0.001256391522474587
-7.545663538621739e-05
-3.218599158572033e-05
-0.0007130940794013441
-0.014887893572449684
-0.0008987916517071426
-2.8013790142722428e-05
-0.0004258441040292382
-7.223821739898995e-05
-0.0032370095141232014
-0.0030204886570572853
-0.0004135706985834986
-0.018277203664183617
-0.0006033745594322681
-0.000504723924677819
-0.0004969792207702994
-0.00016711745411157608
-0.0018650771817192435
-0.000286657246761024
-0.014905627816915512
-0.0022300630807876587
-1.847726889536716e-05
-0.00019798702851403505
-0.0005124686285853386
-0.0011298231547698379
-9.97568130493164
-0.007116209715604782
-0.007464020978659391
-0.01588311977684498
-0.00013851160474587232
-0.0028808305505663157
-0.0015282867243513465
-0.004159608855843544
-0.002009755000472069
-0.0006634180317632854
-0.0034122595097869635
-0.0004959068610332906
-0.00691189244389534
-0.07980514317750931
-1.537788011773955e-05
-0.00022373080719262362
-0.0008736607851460576
-0.0004159538948442787
-0.0003387354372534901
-0.00030083899036981165
-0.000653530121780932
-0.008887732401490211
-0.002508233767002821
-0.0037971078418195248
-0.04585975036025047
-0.02634515054523945
-0.0005523824947886169
-0.00034898388548754156
-0.036337848752737045
-0.006378885358572006
-0.00035529976594261825
-0.05900655314326286
-0.030033068731427193
-0.0056686364114284515
-0.0009533389820717275
-8.237022848334163e-05
-0.003514187643304467
-0.001595177804119885
-1.2040065485052764e-05
-0.00331911351531744
-0.005635919980704784
-0.020790856331586838
-0.00017045476124621928
-0.00013386306818574667
-0.00025459862081333995
-0.00043752157944254577
-4.5536911784438416e-05
-0.0287269726395607
-0.0006308949086815119
-0.0021974719129502773
-4.970903682988137e-05
-0.0006787856691516936
-4.8040190449682996e-05
-0.0005055579822510481
-0.0011242267210036516
-0.0013171101454645395
-0.08645624667406082
-5.1377883210079744e-05
-0.0011630444787442684
-0.0006148116663098335
-0.0003535122668836266
-0.029040368273854256
-0.002315104240551591
-0.005592178087681532
-0.0061203911900520325
-0.0004805363714694977
-0.0004337085410952568
-0.001177690108306706
-0.00015436411194968969
-0.01835222914814949
-0.0003630455757956952
-0.0015137653099372983
-0.00015853578224778175
-0.00011538793478393927
-0.00014232576359063387
-0.000200609109015204
-0.00032217081752605736
-0.0044146934524178505
-0.002916846191510558
-0.4963917136192322
-0.00023576818057335913
-0.00010501786891836673
-3.564294092939235e-05
-0.00878635048866272
-0.0004294188693165779
-0.0006062338361516595
-0.0047233435325324535
-0.0007151191821321845
-2.0265373677830212e-05
-0.0008837846689857543
-0.007140829227864742
-1.828019618988037
-0.0003262225945945829
-0.0009089152445085347
-0.0003854485403280705
-2.352254629135132
-7.283422019099817e-05
-2.622600959512056e-06
-0.00765260960906744
-2.145764938177308e-06
-8.976056415122002e-05
-0.001444011926651001
-0.016698002815246582
-0.001593392575159669
-0.0015538772568106651
-0.0009074860718101263
-0.0002406545972917229
-0.0004407388041727245
-0.001857937895692885
-0.00037245964631438255
-0.005693528335541487
-0.0008412636234425008
-0.00010048838157672435
-0.0021585754584521055
-3.981510963058099e-05
-0.00035041390219703317
-0.00046564225340262055
-9.524368942948058e-05
-8.260862523457035e-05
-8.272782724816352e-05
-3.6238969187252223e-05
-2.276871418871451e-05
-2.2053474822314456e-05
-0.0007217901293188334
-0.0076371124014258385
-0.00010477947944309562
-0.008650803938508034
-1.2636104656849056e-05
-0.0035423405934125185
-0.003999925218522549
-3.766942609217949e-05
-0.00533039728179574
-0.014357829466462135
-0.0022018731106072664
-3.659658250398934e-05
-8.201262971851975e-05
-0.013995245099067688
-0.585036039352417
-0.0005666795768775046
-0.000403084559366107
-0.05632035806775093
-0.0016747985500842333
-0.0022130541037768126
-0.002514773979783058
-4.3987260141875595e-05
-0.00052426423644647
-0.02429022081196308
-2.1576648578047752e-05
-0.0021692810114473104
-0.11689954251050949
-0.0011093420907855034
-0.0006887924391776323
-2.6464111215318553e-05
-1.2159273865108844e-05
-0.20972856879234314
-0.027132296934723854
-0.053826551884412766
-0.0017178792040795088
-0.001722282380796969
-0.0020770898554474115
-0.000129691296024248
-0.015685750171542168
-0.005992541089653969
-0.0006756883230991662
-0.00048708971007727087
-0.0011445883428677917
-0.0006292270263656974
-0.0066421679221093655
-0.0036174117121845484
-0.0005208089714869857
-8.475421054754406e-05
-0.9434601068496704
-0.0028514699079096317
-0.2753598988056183
-5.960446742392378e-06
-0.0004552758182398975
-0.0003530356043484062
-0.003009435487911105
-6.174850568640977e-05
-0.009172444231808186
-1.1920928244535389e-07
-0.005450033117085695
-1.2982028722763062
-3.119800329208374
-0.000609927112236619
-0.00025650550378486514
-0.0007521660882048309
-6.222531374078244e-05
-0.003332895925268531
-6.782778655178845e-05
-0.00011085849109804258
-0.000251142424531281
-0.8366261720657349
-0.04021981731057167
-0.001482460182160139
-0.0011951930355280638
-0.002102428348734975
-0.2682037055492401
-2.372236667724792e-05
-0.0010259846458211541
-0.0002146728802472353
-0.0006283930852077901
-0.00014149141497910023
-0.0013473490253090858
-0.46608829498291016
-0.00032014489988796413
-0.0014893640764057636
-0.027073241770267487
-0.0003046525234822184
-0.00019369633810129017
-0.00012182447244413197
-0.012146670371294022
-0.0007084482349455357
-0.0017435838235542178
-0.04615575820207596
-4.2199197196168825e-05
-0.0017343016806989908
-0.01316945068538189
-0.00037865620106458664
-0.001745130866765976
-0.00010585224663373083
-0.0008909308817237616
-1.07287787614041e-05
-0.0007908792467787862
-0.00014602071314584464
-0.0001411338453181088
-0.0005200940649956465
-0.0010193157941102982
-0.02853327989578247
-0.0025227407459169626
-0.01742612011730671
-4.8040190449682996e-05
-0.0006478118011727929
-0.0034083391074091196
-0.00021073981770314276
-0.006428041495382786
-0.0004067785630468279
-0.0022818022407591343
-0.0027970261871814728
-0.00038378025055862963
-0.0005930095794610679
-0.012029599398374557
-0.0030755146872252226
-0.000521523819770664
-0.0019770378712564707
-0.0034809254575520754
-4.291525328881107e-06
-0.0010126468259841204
-0.0006092122639529407
-0.0007535954937338829
-0.004425731021910906
-5.149708886165172e-05
-0.002408819505944848
-0.012592565268278122
-0.0005790702416561544
-0.00012468514614738524
-0.00048565989709459245
-9.321732068201527e-05
-3.576214658096433e-05
-0.001142325927503407
-0.009923292323946953
-0.009685074910521507
-0.002141327131539583
-0.002899135695770383
-0.00018916724366135895
-3.361645576660521e-05
-0.034734319895505905
-0.0005951540661044419
-0.0008604400209151208
-0.02229844592511654
-3.2186455882765586e-06
-0.01792704500257969
-0.00022349244682118297
-0.0022586092818528414
-0.002074948512017727
-0.0001463782973587513
-0.00011729506513802335
-0.00031990656862035394
-8.284702198579907e-05
-9.583967766957358e-05
-0.0001394651480950415
-3.397406908334233e-05
-0.004245435819029808
-0.027090877294540405
-0.0011083895806223154
-0.00233556074090302
-0.002158099552616477
-0.013207568787038326
-0.005854838062077761
-0.0015904169995337725
-0.001177571015432477
-0.0005884823040105402
-0.0006087357178330421
-7.354942499659956e-05
-0.006262796465307474
-0.00038223114097490907
-0.0003743662964552641
-0.00042381841922178864
-0.0002547178009990603
-0.0015637562610208988
-0.0010595666244626045
-0.0003420721332076937
-0.004892046097666025
-0.00024136967840604484
-0.0003636414185166359
-0.00033182359766215086
-0.02709841914474964
-0.0271292794495821
-0.0006568658282049
-0.00016890530241653323
-0.00011228884250158444
-0.00036995718255639076
-7.83174327807501e-05
-0.0007173825288191438
-0.00042024365393444896
-3.886147169396281e-05
-0.0007525234250351787
-0.0009516716236248612
-0.0009826361201703548
-0.0030827641021460295
-2.038458114839159e-05
-0.0005438040825538337
-3.0517112463712692e-05
-0.00039569655200466514
-0.020410975441336632
-0.006060081999748945
-0.004595077130943537
-0.00015078838623594493
-0.00034528967808000743
-0.00041237910045310855
-0.00018475732940714806
-0.00016449528629891574
-0.0009617946925573051
-0.0031144944950938225
-0.0006654431927017868
-0.07137534767389297
-0.0001760566228767857
-9.77468371274881e-05
-0.0008176797418855131
-7.1403817855753e-05
-0.000311802898067981
-0.0026761216577142477
-0.0013171101454645395
-0.0007889734115451574
-0.00974126998335123
-0.0493040606379509
-0.0024861162528395653
-0.0004111875023227185
-0.39653778076171875
-0.0005436849314719439
-0.04891885817050934
-0.0001292145170737058
-0.0001394651480950415
-0.0007496645557694137
-0.00010656742961145937
-0.023135259747505188
-0.0007472821744158864
-0.0007322729215957224
-0.00047469791024923325
-0.004053235054016113
-0.00030989613151177764
-2.2172682292875834e-05
-4.124556289752945e-05
-0.0022226886358112097
-0.2104722410440445
-0.0002181292074965313
-1.728519782773219e-05
-0.01749652437865734
-0.00022897482267580926
-1.680836794548668e-05
-0.0008891443139873445
-0.001730612595565617
-6.425174069590867e-05
-0.0006568658282049
-0.00011419598013162613
-0.0076287128031253815
-0.0036182431504130363
-2.8729025871143676e-05
-0.003878809744492173
-0.00010871296399272978
-0.0003800861886702478
-0.00860282126814127
-0.0008708022069185972
-0.0026016931515187025
-0.0015842280117794871
-0.04020160809159279
-3.099393507000059e-05
-0.00023707917716819793
-0.0015961299650371075
-1.3708974620385561e-05
-0.0013933007139712572
-1.4662635294371285e-05
-0.9285447001457214
-2.3619651794433594
-2.9205850296420977e-05
-2.901498794555664
-0.9087862968444824
-5.483612312673358e-06
-1.490105023549404e-05
-0.40300804376602173
-0.0014462736435234547
-0.0016112453304231167
-0.0011468507582321763
-0.0001137191939051263
-0.00109112320933491
-0.0023111794143915176
-0.0002087136817863211
-5.7338023907504976e-05
-0.0003430254873819649
-0.003988051787018776
-8.642300235806033e-05
-0.00012206286191940308
-4.8874615458771586e-05
-0.0013899675104767084
-0.00027855331427417696
-2.4676019165781327e-05
-0.015416150912642479
-0.0024022788275033236
-0.006785801146179438
-0.0005235493299551308
-1.9788545614574105e-05
-2.9682672902708873e-05
-0.0018274764297530055
-0.0008393579046241939
-0.00015269544383045286
-0.004567903000861406
-0.0002727136597968638
-0.0003541081096045673
-0.00021669900161214173
-0.00022587609419133514
-0.003190429415553808
-0.002950127236545086
-0.0003313469351269305
-8.153582894010469e-05
-0.0007933806627988815
-5.638440416078083e-05
-0.0008344743982888758
-0.001790826441720128
-0.000254241080256179
-1.3031173944473267
-0.006402930710464716
-0.0006267252028919756
-0.6950966119766235
-1.6927575416048057e-05
-0.008942199870944023
-7.438383181579411e-05
-4.458328112377785e-05
-0.0009590555564500391
-0.0008774721063673496
-6.0437283536884934e-05
-0.0003137096355203539
-0.009608451277017593
-4.017272294731811e-05
-0.0004935238393954933
-1.168244216387393e-05
-1.5735502529423684e-05
-1.5258672647178173e-05
-3.0517112463712692e-05
-0.0011501847766339779
-0.2516627013683319
-0.002455079462379217
-1.9287855625152588
-4.970903682988137e-05
-0.0006635371246375144
-0.00019643761334009469
-0.00013076403411105275
-4.637133679352701e-05
-0.0019110051216557622
-1.3589766240329482e-05
-0.0014354411978274584
-0.0011855486081913114
-0.0007889734115451574
-0.0010022860951721668
-0.0005112771177664399
-0.000176652567461133
-0.0007469248375855386
-0.007754224818199873
-0.0038704974576830864
-0.000636255950666964
-0.0004153581103309989
-0.0014755562879145145
-0.006070153787732124
-0.0007834940915927291
-0.0008750900160521269
-0.0005617947317659855
-0.000310730334604159
-0.00019167017308063805
-0.0029229081701487303
-9.369411418447271e-05
-0.0003311085747554898
-0.0010781434830278158
-1.585470999998506e-05
-8.141662692651153e-05
-0.00086758635006845
-3.194758028257638e-05
-0.0003601856005843729
-0.004161983262747526
-0.0020568659529089928
-5.6503606174374e-05
-0.01786837913095951
-0.000764792668633163
-4.8397800128441304e-05
-4.386805812828243e-05
-3.4162757396698
-1.680836794548668e-05
-2.6225699912174605e-05
-0.001302942750044167
-0.00030250742565840483
-3.1709168979432434e-05
-0.00882924348115921
-0.0001431601122021675
-0.0068732975050807
-0.12327507883310318
-4.875540980719961e-05
-0.00015436411194968969
-2.3841830625315197e-06
-4.3748852476710454e-05
-2.4914430468925275e-05
-2.169585604860913e-05
-0.00014745102089364082
-0.8479040861129761
-3.182837463100441e-05
-1.3947389561508317e-05
-1.8358061424805783e-05
-0.006095035932958126
-4.666469573974609
-0.00621197372674942
-0.0235129427164793
-0.004348465707153082
-0.012666136026382446
-9.7508447652217e-05
-0.0014373458689078689
-0.0004362108593340963
-0.006834937259554863
-0.000947622349485755
-0.005632007960230112
-0.006200718693435192
-0.0009327351581305265
-0.0017596489051356912
-0.004808884579688311
-0.0008304246584884822
-0.021475281566381454
-0.00010501786891836673
-0.014384739100933075
-0.00028200942324474454
-2.188692331314087
-0.0003554189461283386
-0.0020560333505272865
-0.0014291321858763695
-0.004778987728059292
-0.0001006075763143599
-8.082063141046092e-05
-0.0018462770385667682
-0.003440059022977948
-0.00029225845355540514
-0.0002008474839385599
-0.0012834176886826754
-0.0003175231395289302
-0.023648586124181747
-0.011136045679450035
-0.0004538459761533886
-0.02620534412562847
-0.0006150499684736133
-0.0003631647559814155
-4.6132929128361866e-05
-0.000610999355558306
-0.00027581225731410086
-0.0002411313180346042
-0.0001370812824461609
-0.6020710468292236
-0.7360143065452576
-0.0010297955013811588
-0.00028320116689428687
-0.00038723601028323174
-0.06836289912462234
-0.02145976386964321
-0.006592074874788523
-0.00025996167096309364
-3.6238969187252223e-05
-0.00041654970846138895
-0.015932045876979828
-0.0038001956418156624
-0.0004001055203843862
-0.0014083001296967268
-0.0029082882683724165
-0.017486918717622757
-0.00044919890933670104
-0.009857309982180595
-0.5543653964996338
-0.009034114889800549
-0.0020226037595421076
-0.003030115505680442
-0.004864287097007036
-0.0007456144667230546
-0.0001532914029667154
-0.009785539470613003
-0.006561875808984041
-0.002622024854645133
-0.003353568958118558
-0.004480086732655764
-0.0038081523962318897
-4.370245933532715
-1.1920858014491387e-05
-0.10224434733390808
-3.1503524780273438
-0.03337220847606659
-0.0038783347699791193
-0.00020132421923335642
-0.0013379440642893314
-0.0010070496937260032
-3.7837226390838623
-0.0010413468116894364
-0.0007880204357206821
-0.04849716275930405
-0.10105279088020325
-0.0008855711785145104
-0.030820902436971664
-0.0019509821431711316
-0.00012420836719684303
-0.0374162383377552
-0.003356776898726821
-0.0005284343496896327
-0.10550753772258759
-0.00016437610611319542
-0.0014760324265807867
-0.037712231278419495
-0.10535648465156555
-1.4066597032069694e-05
-0.0004552758182398975
-0.00014137222024146467
-0.0017890414455905557
-0.0009365463047288358
-0.00040439533768221736
-1.9924180507659912
-4.3987260141875595e-05
-0.0006706849089823663
-0.059899117797613144
-0.00023278864682652056
-2.1457441107486375e-05
-0.0005077026435174048
-0.00013362467871047556
-3.576214658096433e-05
-5.173549288883805e-05
-4.327203714638017e-05
-0.0004258441040292382
-0.005018732510507107
-0.00023910524032544345
-1.6927575416048057e-05
-0.0001998939987970516
-1.6569954823353328e-05
-0.025758739560842514
-6.794906312279636e-06
-0.21057529747486115
-3.2186455882765586e-06
-0.0024285605177283287
-0.008456138893961906
-1.8715683836489916e-05
-0.004541677888482809
-0.014056253246963024
-0.0006138585740700364
-0.00436318339779973
-0.943028450012207
-0.08509276807308197
-2.586808113846928e-05
-2.613680839538574
-0.00030870441696606576
-3.6000557884108275e-05
-0.27236440777778625
-2.4676019165781327e-05
-0.0012752028414979577
-8.67805938469246e-05
-2.563758134841919
-4.172316494077677e-06
-0.009573856368660927
-2.622600959512056e-06
-0.29907649755477905
-4.458328112377785e-05
-3.707340147229843e-05
-0.00019929806876461953
-4.756337511935271e-05
-4.994744449504651e-05
-0.0003861635341309011
-0.0016310019418597221
-0.0002388668799540028
-7.497983460780233e-05
-0.02044379524886608
-0.02296401560306549
-0.5154514312744141
-0.005226401146501303
-2.1434707641601562
-0.0008972433279268444
-0.007236341945827007
-0.043746449053287506
-0.0005183068569749594
-0.004196647088974714
-0.001211624126881361
-4.649054244509898e-05
-4.434487345861271e-05
-0.0003351603518240154
-0.00015364897262770683
-0.012712394818663597
-0.010725707747042179
-0.007603395730257034
-0.005642083939164877
-0.0006785474251955748
-0.0001931004080688581
-4.9828242481453344e-05
-0.00048315772437490523
-0.030076447874307632
-0.19294355809688568
-0.00043930893298238516
-1.811964830267243e-05
-4.160317621426657e-05
-0.00037281715776771307
-0.010107877664268017
-1.2800166606903076
-2.062845230102539
-0.00023672162205912173
-0.11401423066854477
-0.0010214593494310975
-0.0006364941946230829
-0.000849482137709856
-0.00021920185827184469
-0.013837947510182858
-8.630380034446716e-05
-2.753696753643453e-05
-8.368142152903602e-05
-0.035459090024232864
-9.786603914108127e-05
-8.582700684200972e-05
-4.9470632802695036e-05
-0.0006302992696873844
-5.674201020156033e-05
-4.362964682513848e-05
-0.002910903189331293
-4.279521817807108e-05
-0.00214775069616735
-1.0251946150674485e-05
-0.0007074952009133995
-0.00012563870404846966
-0.0009837078396230936
-0.00016342257731594145
-0.0042257304303348064
-0.010601629503071308
-3.576272320060525e-06
-0.01585155725479126
-1.2516897186287679e-05
-0.0005949157639406621
-0.0001397035230183974
-0.14330248534679413
-1.7881377516459906e-06
-3.290122185717337e-05
-5.6503606174374e-05
-0.0008351890719495714
-2.2649508537142538e-05
-0.00016389934171456844
-0.0002208704245276749
-5.376194530981593e-05
-0.0001006075763143599
-0.00041559641249477863
-3.313963316031732e-05
-0.0001646144810365513
-4.768258077092469e-05
-0.00016485285595990717
-8.654219709569588e-05
-0.0011934071080759168
-0.00034374051028862596
-0.0004888770054094493
-0.06500673294067383
-0.0006712805479764938
-0.03426501527428627
-0.008401762694120407
-0.0001541257370263338
-0.0009324969723820686
-0.0001591317413840443
-1.096371054649353
-0.00045753977610729635
-0.0005149707430973649
-0.005129866302013397
-0.00066985102603212
-0.056400470435619354
-0.02951803430914879
-0.0031184160616248846
-2.6225699912174605e-05
-5.543078441405669e-05
-0.0006897454150021076
-6.675497570540756e-05
-0.0016379047883674502
-5.8412379075889476e-06
-0.0005600076401606202
-0.0030667202081531286
-0.004157471936196089
-5.769562994828448e-05
-0.00033861625706776977
-0.011169525794684887
-0.015457939356565475
-0.00019762947340495884
-3.1470757676288486e-05
-5.113947918289341e-05
-4.076874756719917e-05
-0.003982946276664734
-0.008555781096220016
-1.2330095767974854
-0.0027344953268766403
-0.002014275873079896
-0.0001113352773245424
-0.002868230454623699
-3.3378044463461265e-05
-0.0020625763572752476
-0.0021513192914426327
-0.0023042813409119844
-0.002753992099314928
-0.5046440362930298
-0.006734057795256376
-0.0034392275847494602
-0.00015198028995655477
-0.002336155390366912
-0.0010439666220918298
-0.001534238108433783
-0.004072468727827072
-1.3238269090652466
-0.08250327408313751
-0.4641360640525818
-5.245195097813848e-06
-7.390948667307384e-06
-2.992108420585282e-05
-0.12266082316637039
-0.0022259000688791275
-0.008877807296812534
-0.00417088670656085
-0.0034014484845101833
-0.03855804353952408
-0.05014795437455177
-2.5629668016335927e-05
-0.014857474714517593
-0.002118725562468171
-0.006148115731775761
-0.02089756540954113
-7.152301259338856e-05
-1.9192511899746023e-05
-3.4450891689630225e-05
-0.0012852036161348224
-0.027729032561182976
-0.02617584727704525
-0.0004275123355910182
-0.014446075074374676
-0.00045599075383506715
-1.5258672647178173e-05
-4.255681051290594e-05
-5.364403477869928e-06
-0.024168629199266434
-1.670311689376831
-0.03304944187402725
-1.537788011773955e-05
-7.867782187531702e-06
-0.05764224752783775
-0.029602522030472755
-0.005033558700233698
-0.0002936885575763881
-0.6950966119766235
-0.00017486473370809108
-0.008953896351158619
-1.2278481335670222e-05
-0.001948483637534082
-0.0075617507100105286
-0.00022027450904715806
-0.00033468366018496454
-0.06105760857462883
-0.013262389227747917
-0.0026007420383393764
-0.0002466136065777391
-0.0299402866512537
-4.649054244509898e-05
-0.0017119289841502905
-0.0006703275139443576
-0.0008157739648595452
-0.0008643704932183027
-0.00010513706365600228
-0.0011029120068997145
-0.0014060382964089513
-0.0018964892951771617
-0.0001248043408850208
-0.07636573910713196
-0.0026657781563699245
-0.00014149141497910023
-0.021002747118473053
-0.0054885647259652615
-0.00044824567157775164
-0.018059466034173965
-2.169585604860913e-05
-0.00016866691294126213
-0.021978963166475296
-8.999896090244874e-05
-0.007753751706331968
-6.580135959666222e-05
-9.846202738117427e-05
-2.47952248173533e-05
-0.0009203489171341062
-0.00013660451804753393
-6.913899414939806e-05
-8.427741704508662e-05
-0.0027309288270771503
-0.4327382445335388
-0.005646232981234789
-0.7356439828872681
-0.03243660181760788
-5.578839045483619e-05
-0.00042417587246745825
-0.004719190765172243
-0.0001174142598756589
-0.0008834273321554065
-0.008681412786245346
-0.03352531045675278
-0.14195379614830017
-0.2642081677913666
-0.01408387627452612
-0.0009901388548314571
-4.875540980719961e-05
-0.0020494903437793255
-0.026322277262806892
-0.00011979816190432757
-0.0005373702733777463
-0.0033358661457896233
-0.00011717586312443018
-0.0005079409456811845
-0.0004377598816063255
-0.0015389991458505392
-0.028533974662423134
-0.044947270303964615
-0.05727768689393997
-0.00011884459672728553
-2.7894584491150454e-05
-0.00187090749386698
-0.2624927759170532
-9.190614218823612e-05
-3.242440288886428e-05
-0.02417502924799919
-0.0006985607906244695
-0.0014030622551217675
-0.05014772713184357
-0.00013374387344811112
-8.49926145747304e-05
-0.02300385758280754
-0.0004259632551111281
-0.00048411093303002417
-0.43104055523872375
-0.002267410745844245
-0.01671336032450199
-7.152531907195225e-06
-5.4238757002167404e-05
-0.0005099665140733123
-0.013240508735179901
-0.0001864259538706392
-0.041627753525972366
-0.0023375824093818665
-0.04576968029141426
-0.016644658520817757
-5.8412379075889476e-06
-0.017914514988660812
-0.013115212321281433
-0.6323797702789307
-0.0010474200826138258
-0.05017176270484924
-0.0029744927305728197
-1.490105023549404e-05
-0.0031477685552090406
-0.00015031162183731794
-0.05014772713184357
-0.00010334911348763853
-0.007580562029033899
-0.004088496323674917
-0.011518287472426891
-6.0437283536884934e-05
-0.0025050232652574778
-0.0021652367431670427
-0.0006943913758732378
-0.0001517419150331989
-0.0007022537174634635
-7.92710343375802e-05
-0.6758980751037598
-0.017673274502158165
-0.003314004512503743
-0.0015548295341432095
-0.05014784261584282
-0.0029133993666619062
-0.0007575264316983521
-0.0007921895012259483
-0.0010899323970079422
-0.00018499570433050394
-0.08257868140935898
-0.00019774865359067917
-0.01277171541005373
-9.846202738117427e-05
-0.00010394509445177391
-0.0001746263587847352
-3.862306402879767e-05
-3.242440288886428e-05
-0.00026603974401950836
-0.0025669739115983248
-0.004371254239231348
-0.0001262346631847322
-0.001862221397459507
-0.0017924923449754715
-9.691245941212401e-05
-0.008007329888641834
-0.00033539868309162557
-0.0001525762490928173
-2.2172682292875834e-05
-0.0001911934232339263
-4.708655978902243e-05
-0.0001551984460093081
-0.012841742485761642
-0.00011836781777674332
-0.01063123531639576
-0.0003713871701620519
-0.01492723822593689
-0.0014400837244465947
-8.583032467868179e-06
-0.0073678200133144855
-0.0008011230966076255
-0.0008955758530646563
-0.0007416835287585855
-0.0015717307105660439
-0.0005173536483198404
-0.0007649118197150528
-0.0003743662964552641
-0.0002926159941125661
-0.00013445904187392443
-0.0030015914235264063
-0.0005787128466181457
-0.0004892344586551189
-0.0001967951684491709
-0.0038773848209530115
-0.009587552398443222
-6.437280717364047e-06
-0.0014466306893154979
-0.0015584002248942852
-0.0011050553293898702
-0.0006273209000937641
-9.285972191719338e-05
-5.876845170860179e-05
-0.0007769426447339356
-4.6967357775429264e-05
-0.00013279033009894192
-0.7205293774604797
-0.00014911970356479287
-0.0011557810939848423
-0.0004003438516519964
-2.4006524085998535
-9.42901024245657e-05
-0.0002113357331836596
-0.0008916454971767962
-5.6622808187967166e-05
-0.004326982423663139
-1.6212332411669195e-05
-1.5735502529423684e-05
-4.2676016164477915e-05
-0.002014156896620989
-0.0006117141456343234
-0.0060315257869660854
-2.5629668016335927e-05
-0.023357484489679337
-0.0005322470096871257
-0.0003810394846368581
-3.361645576660521e-05
-2.13382354559144e-05
-0.0004850641416851431
-7.986990567587782e-06
-7.462222856702283e-05
-0.0001641377166379243
-0.0017089537577703595
-0.0026863461825996637
-0.001553639187477529
-0.00025054652360267937
-5.447716102935374e-05
-4.4225667807040736e-05
-5.495397272170521e-05
-0.011553875170648098
-0.06026272103190422
-0.00774369714781642
-1.9950051307678223
-2.0265558760002023e-06
-2.2411095415009186e-05
-5.6622808187967166e-05
-1.068749189376831
-1.0663777589797974
-0.000856509490404278
-2.992108420585282e-05
-0.0014063954586163163
-0.0015160269103944302
-0.014875796623528004
-0.011317342519760132
-0.00012611546844709665
-0.0008416209602728486
-0.00866463128477335
-0.1757541000843048
-1.2123439311981201
-4.768258077092469e-05
-1.2255799770355225
-1.198398470878601
-0.004082560073584318
-5.960446742392378e-06
-0.00016068121476564556
-0.0002015625941567123
-0.000565249880310148
-2.932505594799295e-05
-6.663577369181439e-05
-0.0015922023449093103
-0.0001586549769854173
-0.0014271085383370519
-9.786603914108127e-05
-0.0005752577562816441
-9.16677454370074e-05
-3.290122185717337e-05
-5.364274329622276e-05
-5.066266385256313e-05
-8.487341256113723e-05
-3.635817120084539e-05
-0.0024299875367432833
-0.00035386974923312664
-6.270212179515511e-05
-0.0015470929211005569
-3.5523738915799186e-05
-0.034072622656822205
-0.6604753136634827
-0.6950966119766235
-3.2066785934148356e-05
-4.339123915997334e-05
-0.0007794441189616919
-5.635035514831543
-0.01023815292865038
-0.00030083899036981165
-0.0007571690948680043
-2.1576648578047752e-05
-8.570780482841656e-05
-1.8954096958623268e-05
-2.288792165927589e-05
-0.7796019911766052
-0.00441255746409297
-1.9073304429184645e-05
-2.3841574147809297e-05
-3.731181277544238e-05
-4.005352093372494e-05
-0.004278434906154871
-0.7998380661010742
-0.00041714549297466874
-0.006508344318717718
-0.00031799983116798103
-0.002568757627159357
-0.00011145447206217796
-0.0009030792862176895
-0.0007608617888763547
-0.0003053675754927099
-0.00017808281700126827
-0.00011264643399044871
-0.0006150499684736133
-0.00022921319759916514
-0.004909009672701359
-0.0004349001101218164
-0.0006724718841724098
-3.635817120084539e-05
-0.028834808617830276
-0.00010108436981681734
-8.34461570775602e-06
-2.6987948417663574
-6.198863957251888e-06
-0.030774664133787155
-0.0156692024320364
-0.0024588846135884523
-0.00030787018476985395
-0.0019704941660165787
-0.0022326798643916845
-0.001158400671556592
-0.05014818161725998
-4.255681051290594e-05
-0.0003129946126136929
-0.0038117149379104376
-6.544376083184034e-05
-0.002125506056472659
-0.0023413882590830326
-3.313963316031732e-05
-0.0004477690381463617
-0.0007949291029945016
-9.476689592702314e-05
-0.08493225276470184
-0.00023409964342135936
-0.010324993170797825
-0.004781360737979412
-0.0005368936690501869
-0.00887201726436615
-0.009124013595283031
-0.0011042217956855893
-0.0009303532424382865
-0.003426040755584836
-0.0003967689990531653
-1.7523612768854946e-05
-0.5177560448646545
-0.0014496066141873598
-0.0024329605512320995
-0.00012432756193447858
-0.006154039409011602
-0.011933130212128162
-4.637133679352701e-05
-0.0011681645410135388
-0.005164022091776133
-0.009808676317334175
-0.00023731753753963858
-0.0014359173364937305
-0.0019647832959890366
-5.507317473529838e-05
-1.5616295058862306e-05
-0.034588772803545
-0.0010190776083618402
-0.0006432848167605698
-0.04019462317228317
-0.0002015625941567123
-0.0002338612830499187
-0.0005270045949146152
-0.0006292270263656974
-0.0003457663697190583
-0.01620795577764511
-8.356221951544285e-05
-0.0009688212885521352
-0.00014578233822248876
-0.022238871082663536
-0.7891268134117126
-0.00019429226813372225
-0.0003051292151212692
-0.8879185318946838
-0.005596801172941923
-0.005732998717576265
-0.0012742503313347697
-0.5779416561126709
-1.8713631629943848
-2.3584036827087402
-2.467357635498047
-0.01880659908056259
-0.0006721144891344011
-3.0134148597717285
-0.0017630999209359288
-2.341226816177368
-0.009807496331632137
-1.4735137224197388
-0.01456862036138773
-0.004914348013699055
-0.0010518262861296535
-0.0014548442559316754
-0.0029936281498521566
-3.2543604902457446e-05
-0.00015448330668732524
-0.001928495243191719
-0.0011139861308038235
-0.0119515061378479
-0.005795342847704887
-3.790783375734463e-05
-0.0005509527400135994
-7.092700980138034e-05
-0.013410720974206924
-1.6927575416048057e-05
-0.0006469779182225466
-0.0033224401995539665
-0.033777739852666855
-0.03292360529303551
-0.0004655231023207307
-0.16846561431884766
-0.000770391256082803
-0.0025480680633336306
-0.04175421595573425
-0.6950966119766235
-7.021180499577895e-05
-8.272782724816352e-05
-0.0002369599969824776
-0.016581229865550995
-0.0019388464279472828
-1.9907753085135482e-05
-1.0011134147644043
-4.768258077092469e-05
-0.0006392342620529234
-0.176504984498024
-4.351044481154531e-05
-0.0052610281854867935
-0.0046096728183329105
-6.508615479106084e-05
-0.0021371636539697647
-2.3483953555114567e-05
-3.504691630951129e-05
-0.0008152975351549685
-0.11293085664510727
-5.602820692729438e-06
-0.006341335829347372
-1.702040433883667
-0.0034952994901686907
-0.03465912863612175
-0.001210909802466631
-0.04999465495347977
-6.210611172718927e-05
-4.756337511935271e-05
-0.0009748950251378119
-6.031808152329177e-05
-0.04311809316277504
-0.03235512226819992
-6.985420623095706e-05
-0.0006261295638978481
-0.00870185811072588
-1.2214796543121338
-0.3655172288417816
-1.299574851989746
-1.8019057512283325
-9.65590606938349e-06
-0.0009968079393729568
-9.536697689327411e-06
-0.0010898133041337132
-0.0040702130645513535
-1.628857970237732
-1.6689286894688848e-06
-0.0006659197388216853
-1.666003942489624
-0.0017886845162138343
-1.7404405298293568e-05
-0.0005575056420639157
-0.0008206575294025242
-0.0005754960584454238
-6.318072337307967e-06
-0.0017377528129145503
-0.6950963735580444
-0.0008791395812295377
-0.00497543765231967
-0.0004988856380805373
-0.005103655159473419
-0.0004505096294451505
-0.0026467551942914724
-0.00010132275929208845
-0.01805419661104679
-0.004396772012114525
-0.004150230437517166
-0.0005190217634662986
-4.494089080253616e-05
-7.378782902378589e-05
-0.0023819427005946636
-5.054346183896996e-05
-0.049261849373579025
-0.01298531237989664
-0.08300215750932693
-0.0050042616203427315
-0.001890659099444747
-0.003886172082275152
-0.00182235985994339
-0.0011844770051538944
-0.009630530141294003
-0.008670895360410213
-0.004543101880699396
-0.03702745959162712
-0.0022812075912952423
-0.026249703019857407
-0.011042201891541481
-0.0015123370103538036
-0.0001245659514097497
-0.00041154498467221856
-0.010241810232400894
-0.14699451625347137
-0.008928376249969006
-0.003901490243151784
-0.010565889067947865
-0.01690361090004444
-0.00015984688070602715
-0.00641288049519062
-5.817244164063595e-05
-0.013654167763888836
-0.0010633773636072874
-3.766942609217949e-05
-1.55954110622406
-0.5831393599510193
-2.298755168914795
-0.0060515510849654675
-0.006975346710532904
-0.00041845624218694866
-0.000704278820194304
-0.5589626431465149
-1.8954096958623268e-05
-1.3589766240329482e-05
-0.0007309625507332385
-0.8939189910888672
-0.0007215518853627145
-0.0045541380532085896
-0.016187898814678192
-0.695096492767334
-0.00015567521040793508
-0.20133653283119202
-9.440929716220126e-05
-0.019199250265955925
-0.005142437759786844
-3.40932747349143e-05
-5.0424259825376794e-05
-0.00023648326168768108
-0.0006573423161171377
-6.401333666872233e-05
-5.960446742392378e-06
-0.0004204819560982287
-1.597391747054644e-05
-1.9550132492440753e-05
-0.009383267723023891
-0.0003023882454726845
-0.0058632525615394115
-0.01344259548932314
-0.0007259594276547432
-0.0036159863229840994
-0.00015245705435518175
-5.280832192511298e-05
-0.0008744944934733212
-0.00051115796668455
-0.2335984855890274
-0.000493762141559273
-0.00046957432641647756
-0.0008934320067055523
-1.8811261653900146
-0.016813237220048904
-0.0043873959220945835
-0.00036137725692242384
-0.0017074067145586014
-0.0003104920033365488
-8.606540359323844e-05
-9.48860906646587e-05
-0.0030399798415601254
-4.4225667807040736e-05
-0.005405216012150049
-5.602820692729438e-06
-8.49926145747304e-05
-3.58813522325363e-05
-0.001069093239493668
-0.00025674383505247533
-0.0074280500411987305
-0.013111329637467861
-0.00012337400403339416
-0.0002076410164590925
-0.00025519452174194157
-7.772143726469949e-05
-0.00012194366718176752
-0.007103662937879562
-0.006211854983121157
-0.00035696811391972005
-0.006689061410725117
-0.025714823976159096
-0.0006779517862014472
-4.295780658721924
-0.0005977750988677144
-0.000993830617517233
-0.00032074074260890484
-0.010705186054110527
-6.103329360485077e-05
-0.00010692501382436603
-1.7881377516459906e-06
-2.1576648578047752e-05
-2.9205850296420977e-05
-5.364274329622276e-05
-2.7656173188006505e-05
-0.00021431533969007432
-2.288792165927589e-05
-1.2278481335670222e-05
-7.2126288414001465
-0.08193143457174301
-9.190614218823612e-05
-0.003639147849753499
-0.014484262093901634
-0.0006459057331085205
-0.00013433984713628888
-2.3364747903542593e-05
-0.00031704644788987935
-0.27795684337615967
-0.00040070133400149643
-0.013792446814477444
-0.005862541496753693
-0.0002470903273206204
-0.007458459585905075
-0.022189553827047348
-0.0014779369812458754
-0.0033384801354259253
-0.0038953155744820833
-0.025599215179681778
-0.0027102427557110786
-0.00013410145766101778
-0.0005621521850116551
-0.015282557345926762
-0.00039402826223522425
-0.0002549561613705009
-0.00032264748006127775
-0.00017927470616996288
-0.0007036832394078374
-0.0231695044785738
-0.0002485204895492643
-0.8761872053146362
-0.004343955311924219
-0.0005106813623569906
-1.3861215114593506
-0.0750439465045929
-0.0010643299901857972
-0.0013760393485426903
-0.001426870352588594
-0.6411892771720886
-0.0006177900941111147
-0.030351607128977776
-0.0006727101281285286
-0.002895926358178258
-9.941560711013153e-05
-0.0004825619689654559
-8.821098163025454e-05
-3.135155202471651e-05
-4.458328112377785e-05
-6.329813186312094e-05
-2.0146166207268834e-05
-0.013714490458369255
-0.0011587579501792789
-1.1845762729644775
-0.42583540081977844
-0.11707738786935806
-0.0033347969874739647
-0.0012376990634948015
-0.1617516279220581
-1.4543427823809907e-05
-0.1809866577386856
-2.5748875486897305e-05
-1.4290642738342285
-1.7809978723526
-0.025121651589870453
-1.8954096958623268e-05
-4.470248313737102e-05
-0.00035089056473225355
-0.22207382321357727
-0.0012043612077832222
-0.041337836533784866
-0.012540768831968307
-0.013570438139140606
-8.046303264563903e-05
-0.000276765669696033
-0.0002294515579706058
-0.0002703301142901182
-0.0011372057488188148
-9.035655966727063e-05
-0.0001134808044298552
-0.00390671519562602
-7.629365427419543e-06
-0.05126354470849037
-0.00036376056959852576
-1.1335124969482422
-0.00034362133010290563
-0.00838178489357233
-0.003621212672442198
-0.00033790123416110873
-0.0023907432332634926
-0.003353925421833992
-0.01232919655740261
-0.010423151776194572
-5.8412379075889476e-06
-0.8611202836036682
-0.050148069858551025
-0.00021479207498487085
-8.606540359323844e-05
-0.006091718096286058
-0.005624421406537294
-0.0002898749662563205
-0.012199782766401768
-0.01820240542292595
-0.002709886059165001
-0.0005460678366944194
-0.011387825012207031
-0.00013016807497479022
-0.7025205492973328
-0.1385888308286667
-0.0009725131676532328
-0.0001551984460093081
-8.034383063204587e-05
-0.0064018648117780685
-9.30981186684221e-05
-0.007293858099728823
-0.00023493390472140163
-0.028019791468977928
-0.013202274218201637
-0.020645949989557266
-0.0012250783620402217
-0.003981758840382099
-0.014879085123538971
-0.005370356608182192
-0.002893549157306552
-0.0183807872235775
-0.8044685125350952
-0.0013899675104767084
-0.0003871168300975114
-0.00023398046323563904
-0.0023067789152264595
-0.004667933564633131
-0.0021005249582231045
-0.0011522090062499046
-0.011996855027973652
-0.0008094609947875142
-0.053507495671510696
-0.002017844934016466
-7.462222856702283e-05
-0.004109866451472044
-0.0012736550997942686
-0.0002915434306487441
-0.0001864259538706392
-0.0005241450853645802
-2.884823152271565e-05
-0.00020847532141488045
-0.002312249969691038
-0.0008137490367516875
-0.0006717570940963924
-0.0006634180317632854
-6.210611172718927e-05
-0.0015257871709764004
-1.9430925021879375e-05
-5.328513361746445e-05
-0.003284062724560499
-0.0003502947511151433
-0.032436370849609375
-5.280832192511298e-05
-0.012712041847407818
-0.003466075984761119
-9.083335316972807e-05
-4.792098479811102e-05
-2.7179348762729205e-05
-0.0023481673561036587
-0.003430792596191168
-0.003900302806869149
-0.00019429226813372225
-7.83174327807501e-05
-8.583032467868179e-06
-5.67476749420166
-7.045175075531006
-4.4203386306762695
-0.0030499629210680723
-0.0022394596599042416
-0.001979060238227248
-0.0011882871622219682
-0.000102037942269817
-0.0001174142598756589
-1.0847986231965479e-05
-0.003530580550432205
-4.541770613286644e-05
-0.033337388187646866
-0.0007460909546352923
-0.00014911970356479287
-0.0001394651480950415
-4.732496745418757e-05
-0.002449014689773321
-0.0018531783716753125
-2.3483953555114567e-05
-0.003936519380658865
-0.006698534358292818
-9.285972191719338e-05
-0.000164018536452204
-0.004742920398712158
-0.006303310859948397
-4.470248313737102e-05
-1.6927575416048057e-05
-0.0018106985371559858
-8.272782724816352e-05
-1.9455208778381348
-1.8896366357803345
-1.650413155555725
-0.0007601470570079982
-0.006627720780670643
-0.0007585985003970563
-0.001453058677725494
-0.0024103655014187098
-0.0001591317413840443
-0.002719396958127618
-0.0017074067145586014
-0.09114395081996918
-0.0001705739414319396
-0.00396145461127162
-7.390703103737906e-05
-0.0005828827270306647
-7.629103492945433e-05
-9.500529267825186e-05
-0.0010189585154876113
-0.09438004344701767
-0.11601367592811584
-0.005052061751484871
-0.007499872241169214
-4.076874756719917e-05
-0.023191170766949654
-0.0018826870946213603
-0.05014795437455177
-0.005376522429287434
-0.00010799778101500124
-0.0029634390957653522
-5.1616290875244886e-05
-0.045322615653276443
-0.0017552459612488747
-0.003048655577003956
-0.011169643141329288
-0.018320979550480843
-0.0011860248632729053
-4.0802998542785645
-5.6622808187967166e-05
-5.23315102327615e-05
-0.0001896439935080707
-0.00042524831951595843
-0.004595552105456591
-1.168244216387393e-05
-0.05014795437455177
-0.00017474555352237076
-0.00217106519266963
-0.021824199706315994
-0.0001867835089797154
-0.03739223629236221
-6.937739817658439e-05
-0.0015043619787320495
-0.009820599108934402
-0.00015376816736534238
-0.005955806467682123
-0.011685611680150032
-0.9049896597862244
-0.0023832509759813547
-0.7065570950508118
-6.329813186312094e-05
-5.793403761344962e-05
-0.00011514954530866817
-0.0006286313873715699
-0.006748977117240429
-0.001775832730345428
-4.339123915997334e-05
-0.0017598869744688272
-2.7656173188006505e-05
-0.0020271246321499348
-0.0010639727115631104
-0.004595670849084854
-4.649054244509898e-05
-2.777537883957848e-05
-0.007743342313915491
-0.005008057225495577
-0.00025817399728111923
-1.8954096958623268e-05
-0.0050110225565731525
-0.0023225971963256598
-0.003344777040183544
-0.0012303171679377556
-0.0008454324561171234
-0.006250475998967886
-0.0011957883834838867
-0.0002602000313345343
-0.00025340684805996716
-0.009166301228106022
-4.0649541915627196e-05
-0.00014411364099942148
-2.1815061700181104e-05
-1.567866563796997
-6.687417771900073e-05
-1.1160253286361694
-0.4343512952327728
-1.427159070968628
-6.01988795096986e-05
-2.429185390472412
-0.000979420612566173
-0.0017860665684565902
-0.00018034738604910672
-0.0001932195882545784
-0.00014304091746453196
-1.3267414569854736
-0.0007873057620599866
-0.0004748170613311231
-0.0004843492351938039
-0.12783598899841309
-0.0026466362178325653
-9.595887240720913e-05
-5.447716102935374e-05
-0.0001896439935080707
-1.5711493492126465
-0.00011979816190432757
-0.0007151191821321845
-0.008212723769247532
-0.006449361331760883
-0.00027807659353129566
-0.05014795437455177
-0.004842458758503199
-0.012646596878767014
-0.011709647253155708
-0.00010716341057559475
-0.0010265801101922989
-3.6954811548639555e-06
-0.0010345588671043515
-0.6422960758209229
-0.23885072767734528
-2.753696753643453e-05
-0.027117909863591194
-0.0018565100617706776
-0.0002506657037883997
-0.00021395778458099812
-0.0026708904188126326
-0.0032133632339537144
-0.028956644237041473
-0.00096941675292328
-8.046303264563903e-05
-5.245071224635467e-05
-0.00022110878489911556
-0.0030622039921581745
-0.0003296785580459982
-0.0010824303608387709
-0.006886438932269812
-8.05822346592322e-05
-0.1717425435781479
-0.00015043080202303827
-4.756337511935271e-05
-0.000144709600135684
-0.10866580158472061
-0.32352256774902344
-0.009174097329378128
-0.006080580409616232
-0.7700007557868958
-0.0006895071710459888
-1.156323378381785e-05
-0.010651875287294388
-0.009492854587733746
-0.02670525759458542
-0.002600504318252206
-0.00029094755882397294
-0.0009023646707646549
-3.373566141817719e-05
-0.00020144341397099197
-1.6212332411669195e-05
-0.004700800403952599
-0.049626391381025314
-0.010744458995759487
-0.0747286006808281
-0.0017838055500760674
-0.002800592454150319
-0.00013314791431184858
-6.69933797325939e-05
-0.0001532914029667154
-0.003136598039418459
-5.972207145532593e-05
-0.02123209834098816
-0.0002177716523874551
-0.01995266042649746
-0.00010287232726113871
-0.012012873776257038
-3.313963316031732e-05
-9.179073458653875e-06
-2.3483953555114567e-05
-0.004074724391102791
-0.8736774921417236
-0.0019691854249686003
-0.00048756631440483034
-0.007327348925173283
-1.8358061424805783e-05
-0.001260677701793611
-7.533743337262422e-05
-1.100447416305542
-0.03684341162443161
-0.050148069858551025
-0.00135996809694916
-0.00046302087139338255
-0.004914110526442528
-7.509902934543788e-05
-0.016514981165528297
-0.0007045170641504228
-0.0003829461056739092
-0.0004805363714694977
-0.04444567859172821
-0.020742634311318398
-0.009636669419705868
-9.560128091834486e-05
-1.3708974620385561e-05
-2.312633478140924e-05
-1.302109956741333
-0.007025657221674919
-0.001912908861413598
-0.0002131234941771254
-4.349485397338867
-0.004726903047412634
-0.00012909532233607024
-0.012437872588634491
-0.008627521805465221
-0.037395913153886795
-0.0010584949050098658
-3.886147169396281e-05
-8.523101132595912e-05
-0.0028714400250464678
-0.0002898749662563205
-0.18290694057941437
-0.016540424898266792
-0.001953361788764596
-0.020328160375356674
-0.002127885352820158
-5.340433563105762e-05
-0.0041985465213656425
-2.706014311115723e-05
-0.042588964104652405
-0.025386204943060875
-0.012948127463459969
-0.0029604677110910416
-0.00740166287869215
-0.005234109237790108
-4.9828242481453344e-05
-0.01154480129480362
-0.002521432936191559
-0.11542584747076035
-0.0002079985715681687
-5.447716102935374e-05
-4.589452510117553e-05
-0.0051324754022061825
-0.0004966217675246298
-6.182352066040039
-0.005320318508893251
-0.7463055849075317
-0.0004076126788277179
-0.0007818264421075583
-0.0073942081071436405
-0.02310369163751602
-0.005761919543147087
-2.4437606043647975e-05
-0.0015593523858115077
-1.0251946150674485e-05
-5.602820692729438e-06
-0.08868300914764404
-1.2993727978027891e-05
-8.95221673999913e-05
-0.006509291939437389
-0.0022288737818598747
-0.0037753749638795853
-0.0001248043408850208
-3.4689302992774174e-05
-0.002236486179754138
-4.851700214203447e-05
-0.007111475337296724
-0.00017915551143232733
-0.00022098960471339524
-0.0016529004788026214
-0.0032069466542452574
-0.0006096888100728393
-0.00032860602368600667
-0.002515249652788043
-0.0024213064461946487
-1.1920858014491387e-05
-1.5258672647178173e-05
-1.0371154530730564e-05
-0.015667090192437172
-0.0001454247540095821
-0.00016378014697693288
-9.679325739853084e-05
-0.00237266649492085
-0.0001212284987559542
-7.86750388215296e-05
-2.7656173188006505e-05
-1.6480576992034912
-0.005834927782416344
-0.005585539620369673
-2.8013790142722428e-05
-0.0002775999018922448
-5.9602869441732764e-05
-0.000406301929615438
-0.0021019524428993464
-7.116541382856667e-05
-0.00216166814789176
-0.00026306029758416116
-0.00014172980445437133
-9.381330892210826e-05
-0.0004042761866003275
-2.9682672902708873e-05
-1.7046782886609435e-05
-0.7254554629325867
-0.06294239312410355
-1.537788011773955e-05
-0.00022110878489911556
-0.00010013079008786008
-4.8636207793606445e-05
-0.0009526243666186929
-0.0011604249011725187
-0.00011789103882620111
-0.0025132279843091965
-0.003021201817318797
-1.156323378381785e-05
-5.2569914259947836e-05
-0.000896052282769233
-1.490105023549404e-05
-0.0019901248160749674
-0.0025966993998736143
-0.020559066906571388
-0.0028300732374191284
-0.003944950178265572
-0.007857958786189556
-0.00023100091493688524
-4.708655978902243e-05
-0.00029047083808109164
-8.976056415122002e-05
-0.000200609109015204
-0.00032586511224508286
-0.0492265559732914
-0.0017360866768285632
-0.00021598390594590455
-3.659658250398934e-05
-9.97731985989958e-05
-0.00035089056473225355
-0.018317818641662598
-0.0029954109340906143
-0.0005218812730163336
-2.396077979938127e-05
-0.08909595012664795
-0.01116987969726324
-0.0019507441902533174
-0.00040356122190132737
-0.07811255007982254
-0.0007925468380562961
-0.00012635385792236775
-0.0066672726534307
-0.00010418349120300263
-0.007965702563524246
-4.732496745418757e-05
-0.0041477372869849205
-0.0007383481133729219
-0.001167807262390852
-0.0021572669502347708
-0.009006588719785213
-0.3510204553604126
-4.815939246327616e-05
-0.004752174485474825
-0.0455741360783577
-0.05737832561135292
-0.004641829524189234
-0.0016502822982147336
-0.0002884448622353375
-0.0031609591096639633
-5.1973900554003194e-05
-8.594620157964528e-05
-7.283422019099817e-05
-0.0011805477552115917
-0.07099089026451111
-4.2437604861333966e-05
-0.0014528206083923578
-0.012497915886342525
-2.2485527992248535
-0.00012218205665703863
-0.0004401430196594447
-6.556489552167477e-06
-0.008004137314856052
-4.60137271147687e-05
-1.3589766240329482e-05
-0.1145729050040245
-0.6846792101860046
-1.113964557647705
-0.024273814633488655
-0.001602795091457665
0.0
-0.014852424152195454
-0.01791861467063427
-0.003394201397895813
-0.004392974078655243
-0.0009285667329095304
-0.00011288482346571982
-0.00013064485392533243
-0.0005343916127458215
-1.2596479654312134
-0.0001915509783430025
-0.0030500818975269794
-0.18605926632881165
-0.004605638328939676
-0.0007061848300509155
-0.02379433624446392
-0.000626367807853967
-0.05668627843260765
-0.0009454786195419729
-9.691245941212401e-05
-0.00016246906307060272
-0.15982367098331451
-0.018357614055275917
-3.611976353568025e-05
-0.005624303128570318
-0.008193215355277061
-0.00152757263276726
-0.00021228920377325267
-0.0036825004499405622
-2.7417760065873154e-05
-7.331102824537084e-05
-3.7431014789035544e-05
-5.1020273531321436e-05
-6.55629628454335e-05
-0.0001731960946926847
-5.602820692729438e-06
-4.172238186583854e-05
-0.005664843134582043
-0.0011866202112287283
-7.343022298300639e-05
-0.02243378572165966
-0.00040844682371243834
-0.0021013577934354544
-0.003662784118205309
-4.005352093372494e-05
-8.702239938429557e-06
-0.000865561596583575
-0.00036352223833091557
-2.070324420928955
-0.00643337145447731
-0.00643337145447731
-0.00016223068814724684
-0.0010370597010478377
-9.059495641849935e-05
-0.00011228884250158444
-0.00017474555352237076
-3.218599158572033e-05
-0.001544950413517654
-0.0001833270798670128
-0.0007687236065976322
-0.0001951265730895102
-0.0002416080387774855
-0.0007670559571124613
-5.090107151772827e-05
-5.009578227996826
-0.00017355366435367614
-0.0008404298569075763
-3.4927710657939315e-05
-4.60137271147687e-05
-0.004765937104821205
-7.390703103737906e-05
-8.022463589441031e-05
-1.5497195136049413e-06
-0.0006886732880957425
-4.8040190449682996e-05
-8.22540732769994e-06
-0.0007466865936294198
-0.001279965159483254
-0.001302942750044167
-0.009112672880291939
-0.0007985025877133012
-0.005620035342872143
-7.295342220459133e-05
-0.1015765368938446
-0.0007614573696628213
-7.73638384998776e-05
-0.001192097319290042
-0.00015555603022221476
-0.0001705739414319396
-4.184158387943171e-05
-7.521823135903105e-05
-0.000942977552767843
-0.012604455463588238
-2.5510462364763953e-05
-0.0005743046058341861
-0.00025948495022021234
-0.00011705666838679463
-0.008384503424167633
-1.2149015665054321
-0.0006281548412516713
-3.45700973412022e-05
-0.04438010975718498
-0.000750617531593889
-0.0026532942429184914
-0.6046828031539917
-0.006422829814255238
-0.00010656742961145937
-0.08311504870653152
-0.0006932000978849828
-0.005499590653926134
-0.01517653837800026
-0.007740621455013752
-0.0025316590908914804
-0.02922944724559784
-0.002113967202603817
-0.02886688895523548
-0.0007571690948680043
-0.00036745471879839897
-0.8064574599266052
-0.003976178355515003
-7.068861305015162e-05
-0.00034791138023138046
-0.0004931663861498237
-0.007322023622691631
-0.0016445695655420423
-8.106198947643861e-06
-6.639736966462806e-05
-0.0004104725376237184
-0.010254436172544956
-0.02656097523868084
-0.22744718194007874
-4.005352093372494e-05
-0.0012666305992752314
-0.00019226610311307013
-0.0990862250328064
-0.00032586511224508286
-0.05953380838036537
-0.001500314916484058
-0.00047779586748220026
-0.010940094478428364
-0.0007581220706924796
-5.721882189391181e-05
-0.004636134020984173
-0.028824498876929283
-0.0007474012672901154
-0.0012266262201592326
-0.001148874987848103
-2.426603317260742
-1.8286421298980713
-0.0008025524439290166
-0.0030967872589826584
-0.002045802306383848
-0.09559637308120728
-0.0008104139124043286
-0.00043084874050691724
-0.00016544880054425448
-0.024767136201262474
-0.03308853879570961
-0.0008241117466241121
-0.0014662717003375292
-0.002625829540193081
-1.9073468138230965e-06
-0.0027778868097811937
-0.9036870002746582
-1.0490362910786644e-05
-0.0011025547282770276
-0.0008519833791069686
-6.794906312279636e-06
-0.00040368037298321724
-0.0003359945258125663
-0.0009548871894367039
-0.004420509096235037
-1.6569954823353328e-05
-0.007012398913502693
-0.01719272881746292
-0.0013313962845131755
-0.00021252757869660854
-3.2066785934148356e-05
-0.2761397361755371
-1.2755313036905136e-05
-0.0021324055269360542
-3.766942609217949e-05
-0.05014795437455177
-0.0005260513862594962
-0.000612071540672332
-0.00662476010620594
-0.00017891713650897145
-0.00035720644518733025
-1.03583824634552
-0.015328343026340008
-0.0006335158832371235
-0.00010489867418073118
-3.802703940891661e-05
-0.0015891077928245068
-0.010449341498315334
-0.006772895343601704
-0.0006367324967868626
-0.0015656605828553438
-0.0006469779182225466
-0.001039560534991324
-4.327203714638017e-05
-0.00037448544753715396
-0.0002640137099660933
-0.0015625660307705402
-0.0038979279343038797
-0.00021050144277978688
-0.5285360217094421
-1.6212332411669195e-05
-0.0007383481133729219
-0.00011443436960689723
-0.002284894697368145
-0.004932853393256664
-0.0002723561483435333
-0.0033597471192479134
-0.0018265245016664267
-0.01222992967814207
-0.008503892458975315
-0.002930396469309926
-0.019920174032449722
-0.0027843061834573746
-0.0004503904783632606
-1.6093124941107817e-05
-0.0014316319720819592
-0.0019136227201670408
-0.0006422125734388828
-2.686286687850952
-3.0278701160568744e-05
-2.4199192921514623e-05
-0.9292941093444824
-0.000192504478036426
-0.021426625549793243
-3.755022044060752e-05
-2.4914430468925275e-05
-0.0013528252020478249
-0.001582085620611906
-0.0003066784702241421
-0.00017808281700126827
-2.496415853500366
-0.18905308842658997
-0.013287329114973545
-0.0011635207338258624
-0.00015341058315243572
-8.463501580990851e-05
-0.007950091734528542
-0.00014482879487331957
-0.00022110878489911556
-0.3882259428501129
-0.8066098690032959
-0.010425393469631672
-0.027232762426137924
-0.0006784282741136849
-0.05014784261584282
-1.5020257706055418e-05
-0.001833782996982336
-0.0009949024533852935
-0.0005327236140146852
-0.0005318895564414561
-0.01586892269551754
-9.691245941212401e-05
-0.005139235407114029
-0.00012635385792236775
-0.000797311426140368
-0.001838185708038509
-3.24507999420166
-0.017917443066835403
-0.006533452309668064
-5.8816046714782715
-2.7604479789733887
-0.04374587908387184
-0.157063826918602
-0.08866806328296661
-0.0018983930349349976
-0.0006729483720846474
-0.44440627098083496
-2.682172998902388e-05
-1.5616295058862306e-05
-0.00783040001988411
-0.009252880699932575
-0.0015947017818689346
-0.2286481410264969
-0.0013733012601733208
-0.042276814579963684
-0.022478196769952774
-0.003466432448476553
-0.8956973552703857
-1.5139465176616795e-05
-0.0005600076401606202
-0.0013265152228996158
-1.8954096958623268e-05
-0.0004804172203876078
-0.0013342535821720958
-0.0005225961795076728
-0.0398431234061718
-0.2281893789768219
-0.09114395081996918
-0.00022849810193292797
-0.0003636414185166359
-0.106904536485672
-0.002663519000634551
-8.761498611420393e-05
-0.0012907992349937558
-0.02278132177889347
-0.022301359102129936
-5.757642793469131e-05
-0.00028379703871905804
-0.00024911639047786593
-0.17909635603427887
-0.0014857931528240442
-0.0004267973708920181
-0.07023931294679642
-0.6950966119766235
-0.00032693761750124395
-0.02888322062790394
-0.002518222201615572
-9.703165414975956e-05
-1.3589766240329482e-05
-0.0035411526914685965
-0.0002618685248307884
-0.0005554801900871098
-0.00010132275929208845
-0.00017176583060063422
-0.0017578639090061188
-0.012322014197707176
-0.014497186057269573
