-0.3055812492966652
-0.36629324647663664
-0.36382063809014653
-0.06329374061897397
-0.744137698544364
-0.6459767931394579
-0.9567047953605652
-0.2574161887168884
-0.5346211583043138
-0.6290639773762772
-1.5370063368569722
-0.6611162816000561
-0.4496115346373699
-0.058178432285785675
-0.004370876093162224
-0.2847705613821745
-0.04600401564190785
-0.23648361110463156
-0.27603012175677577
-0.0718197642127052
-0.36554212727891616
-2.3954408168792725
-1.8565399646759033
-1.2373022713831492
-0.9025405672825096
-1.0155117064714432
-0.6573001774973258
-1.3685988783836365
-0.8588105203186084
-0.9062598276883364
-0.004650163957054387
-1.0198600876222674
-1.0550396588165314
-0.004056534019764513
-0.9819234916867572
-1.2224540375173092
-0.6470360919367522
-1.3217321524086099
-0.29137219595556546
-0.6966990229793737
-0.4089693897869438
-1.0072047056423292
-0.0584342542453669
-0.10208661688698663
-1.260036742172411
-1.249391513876617
-1.4432414593175054
-0.5214362430840713
-0.7601631983000386
-0.37794029706232585
-0.7843755218588436
-1.575638705301815
-0.5115285941710075
-0.8326244307681918
-0.22490814280172344
-0.18715932983905076
-0.4492621333234378
-0.06630685005802661
-0.18428098829463124
-0.5681510965668541
-1.1779429658005636
-0.698242773875021
-0.2777018981737239
-0.016172375747828482
-0.17998553675352014
-1.205022265125687
-0.914922925789142
-2.075998796948365
-0.6536323373555206
-0.39785106280074756
-0.6983966226883543
-0.2629301087775578
-1.5181161562601726
-1.4868092756951228
-0.03084574135573348
-0.24259994398016715
-0.07891579372820463
-0.35351800778880715
-0.4173058190383017
-0.7905196234254012
-2.2759804524481297
-1.1370053250076515
-0.13320435646164697
-0.41573628564044063
-1.3714176670182496
-0.4168835472567783
-0.8659193773419247
-0.32246218260843307
-0.21965628665722242
-0.7759283401974244
-0.5648789800470695
-0.7003809992844859
-0.8778965784294996
-0.5346561000992854
-0.4016133690518992
-2.299460232257843
-0.10633323114952135
-0.531430195485882
-1.8378988012471902
-0.7522871407854836
-0.31218869415897643
-1.22523180577953
-0.6990187797152126
-0.023892394441645592
-1.2700757071375848
-0.34975318943616
-0.6970535386800683
-0.8347583476154666
-0.8818884170946798
-1.38558117984212
-1.132428929163143
-0.0041157147350329775
-0.44626425633759936
-0.3586332904197762
-0.4318866957910359
-1.0150453065418534
-0.4307881273161911
-0.7608159687370062
-0.7376417415332981
-0.5802072020742344
-0.9647695327294059
-0.5106909783290965
-0.890610927521203
-0.0501901673394362
-1.6380949803628027
-0.3901368188006537
-0.42760299945815256
-0.41925182209934064
-0.02669453388080001
-0.9726161926581491
-0.23584185540676117
-0.4772684155387752
-0.7043495393047731
-0.18895469130172085
-0.329546744136938
-2.09931190782744
-0.1419006574635146
-1.0787524253343388
-0.01828965386375785
-0.006057851365767419
-0.7840522534174852
-5.027985453605652
-0.02311117721954983
-2.589570328127593
-0.5345196353463346
-0.5485291509080286
-0.26442045324984065
-0.16746129018637085
-0.4910936976278511
-0.33184751172384014
-0.3434598110305766
-0.8856516476487741
-1.150770749799752
-0.9250440194349115
-0.27832044407062184
-0.04420096662852302
-0.2030721012095455
-0.03919586718418739
-0.03908488449087599
-0.40451020654290915
-0.191058280877769
-0.3010669040828361
-0.12304500547933069
-0.7750963596161455
-0.06839011361480515
-0.5930414721369743
-0.4682057007794356
-0.5716332563108557
-1.3455659157064344
-0.4156330220030213
-1.2939811109931074
-1.5698444274254144
-0.17033298453316092
-0.44675469789854105
-1.0520434528589249
-0.827941226772964
-0.9391960985958576
-1.9334474336355925
-0.6591002090111336
-0.2220887552626664
-2.352523058652878
-0.6579792182892561
-1.0076650023183902
-0.44354556997617084
-0.3082108065240651
-0.9871973829964796
-0.2307848478667438
-0.45159990278383094
-0.4989186111051822
-0.630786049445825
-1.0149243236483017
-1.7947888978136082
-0.8577045058650823
-0.6979187909678063
-0.47111363760713076
-0.34241837104782463
-0.14146258062464767
-1.046768153537414
-0.4885062941050689
-0.6116413664713036
-0.33148560277186334
-0.2694684707381715
-0.027752772594491642
-0.9630118818687541
-0.9951902785553381
-0.029114673291804224
-0.32002354299442637
-0.019420730436138456
-0.38104305826127527
-0.4735800309428669
-0.2226757385302335
-0.24433653298456193
-0.8297729540150612
-0.16013624076731503
-0.4914171988410609
-0.9782872788200621
-1.24167094106919
-0.30558124370872974
-0.3130328398423444
-0.6598483875459351
-1.0589153251300256
-0.028326545036785927
-0.012742970246888165
-0.2556163832114715
-0.05557411932386458
-1.5185601699900313
-0.35561375319957733
-2.182372827893622
-0.6093942611478269
-0.23787034087096495
-1.211255594001462
-0.05668907281506108
-0.1349078455629448
-0.2658968629548326
-0.15715194393903534
-0.35152417690389687
-2.5974373519420624
-1.9240235113933781
-0.0985511497904857
-0.20794984214007856
-0.6842559040314347
-0.2513487383146726
-0.594038386163967
-1.6726090908050537
-1.7217165289704488
-0.6211841255426407
-0.7977432628627866
-0.4031151231320109
-0.1234000141227322
-0.34958839190351554
-0.38546851185895753
-0.04716460477357032
-0.7495064415934394
-2.124388575553894
-0.22320588396784538
-0.11404195573413745
-0.32238166040042415
-0.06951474729895482
-0.6353548242417162
-0.02278543434606815
-0.42836242547491565
-0.954731876651446
-1.3633061349391937
-2.337045192718506
-0.5698398640524829
-0.3578302620444447
-0.20295900900418928
-0.747103274683468
-0.4856521785259247
-1.7615185976028442
-1.0216823816299438
-2.4277000427246094
-0.17177794940653257
-0.5832782153315335
-2.381861925125122
-2.0539093017578125
-0.584850138053298
-1.8390340947856505
-0.7862560557938801
-0.5820946703980943
-1.7007552981376648
-0.11922093096654862
-0.18903449920399
-0.5648237576575151
-0.4204625085528408
-0.31424593925476074
-0.3988576165502309
-0.6651587610513988
-0.10654017730848864
-0.824452817440033
-0.5930413529276848
-0.28738435208651936
-0.33676359607916845
-0.3507545379042212
-0.2742947581074467
-0.46791018582215266
-0.7729783782997401
-0.015456446981618552
-0.5473780906395405
-0.17381578940872983
-1.1982805728912354
-1.4407174645457417
-1.1570973808993585
-0.6351602324534075
-0.35601652725152233
-0.6643871569623505
-0.1243984781771843
-0.7101209822153165
-0.20512402686290443
-0.051574144745245576
-0.7889338613354734
-0.6675835000981655
-0.03608878282830119
-0.5135800728436152
-0.974265017604921
-0.08011449326295406
-0.774642969124155
-0.7527565967590947
-0.1167457445125088
-0.48625805345363915
-0.6899646483117976
-0.7311896404458417
-0.45192741928622127
-4.804773807525635
-0.6800988818603483
-0.3630683571100235
-0.5853938460350037
-0.5201636667922381
-0.86630469452939
-0.5823152770255027
-0.45484467145122054
-0.32978333757879835
-0.747750029090989
-0.25754204720578855
-0.29530739127486333
-0.24695195216389204
-0.0481556865478134
-0.765016803983599
-0.3693772372789681
-0.20058941949779788
-0.6592888785611756
-0.866889326413081
-1.3920671343803406
-4.024849156538646
-0.2620488526299596
-0.6884377393871546
-0.012541638588299975
-0.02393213002505945
-0.044738022270653995
-0.6800902080613014
-0.5930414721369743
-0.5151666957034066
-0.4389913618651917
-1.4332546897764717
-1.7016505524516106
-0.1473873240629473
-0.28818437177687883
-2.3437837241217494
-1.1083533151873521
-1.3280623809744914
-0.23493755072757433
-0.31205772871951065
-0.8095802467386851
-1.8780211666953601
-0.46813504496256225
-0.134054671600461
-0.2901409746458133
-0.9008562544726634
-0.8728835003760954
-0.6278523590216147
-0.17006262167342356
-0.8615136551358903
-1.11885856037455
-0.9117785253096372
-1.178569617415113
-1.604800019878894
-0.9434895860031247
-0.5126837694293095
-0.8763767132768407
-0.9316623223378513
-0.7280583649990149
-0.7588262487049426
-0.5666455778284997
-0.8854816420702264
-0.9631629101673348
-0.29637146887869353
-0.39473676937216495
-1.7161366552131117
-1.0191385767733057
-0.4131017230043653
-0.1649984827710582
-0.3924964323290624
-0.573516821201944
-0.35854652611721705
-0.3837189464829862
-0.2480109142838046
-1.1494447863660753
-0.6925672333105467
-0.8607320542602489
-0.9657240969439348
-0.9519912226990398
-0.7175783043106397
-0.18391242986544967
-0.8739519794577394
-0.9858364425599575
-0.05116905837712693
-0.019187651432326272
-0.9623374027432874
-0.7510591652971925
-2.7010035514831543
-0.4859442681287571
-0.5448625843273476
-1.0772250943506758
-1.0376336928457022
-0.27906728008787873
-0.24290178669252782
-0.18518669391050935
-1.2119871135801077
-0.71540284456153
-0.8025603621665921
-0.22288557997360062
-0.1562109522838
-0.07562565244734287
-0.7029355349513935
-0.5438665655965451
-0.8634327779905612
-0.8440630092643134
-0.026407803408801556
-0.3438304831007762
-0.7556119501823559
-0.4842514420493639
-0.5775986743868667
-0.10254739201627672
-0.10726006569651265
-0.9164112061262131
-0.13666467493333453
-0.008496368868301423
-0.008479501272995548
-0.27893981247002053
-0.5242895894189132
-0.004519797407868152
-0.3279526501785519
-0.08148595828762543
-0.52393342438407
-0.26972810384177137
-0.7725265245766683
-0.5884440348794063
-0.1515328795316496
-1.3988151577243115
-0.9599774723562101
-0.7171510900639427
-0.43537911023789394
-0.13916616532951592
-1.1852385622300465
-0.13436403603554936
-0.6398535094282124
-0.5425335601515447
-0.8362777543564638
-1.3013682886958122
-2.728819945536088
-0.3854933788989792
-0.16046843876574712
-0.32188905805014656
-1.8763253688812256
-0.433657098209369
-0.7810657260124572
-1.5399730205535889
-0.055979058146476746
-0.2776289639708314
-0.23020425812865142
-0.3445275645513902
-0.05485330181545578
-0.39497090251825284
-0.7371045738459543
-0.3498550009777479
-1.0581372466615655
-0.7350190012873379
-0.4339550413036098
-0.0430482761003077
-0.3501397941436153
-0.016022976744612345
-2.081486701965332
-1.2190129905939102
-0.3366427559910032
-1.0528575962202416
-0.5528227386310436
-1.0124237207026454
-0.6843880655532385
-0.3124674891149208
-0.945616191557537
-2.0715768929224465
-2.89544939994812
-3.150782823562622
-1.3372562378644943
-0.02542947235633619
-1.0836136338101434
-0.593112017439645
-0.021954485840979032
-0.5651201509629443
-0.6888758987188339
-0.013981020412757061
-0.6608087550848722
-0.24322273560392205
-0.24834610454854555
-0.6732745577101014
-0.6892447248101234
-0.24001126346411183
-0.3615225200465786
-0.7019858604026012
-0.48667619066060674
-0.4450928688070828
-0.09918005149070681
-1.506430316561212
-0.3109975363811827
-0.07002278810250573
-1.415073390584439
-0.39322958891279997
-0.22107874476609546
-0.8857977516793957
-0.11472718712175264
-2.9022440991053977
-0.23321009046426866
-1.4312396133318543
-0.4322685163558216
-0.4643077836968091
-0.20918986751095633
-0.6872297649512932
-0.475383588951081
-0.5369712368388159
-0.3065852844156325
-0.8314625695347786
-0.2546905771819528
-0.3955495822126977
-0.6633830007049255
-0.3196445521181204
-0.5553648901295674
-1.0815724137573852
-1.2409228508671124
-0.43976916077857214
-1.9597226493060589
-0.4936791967793397
-0.7002490015833506
-0.30381558665203556
-0.48064222696094866
-0.40788221064576646
-0.2647818563810478
-0.14934986304381578
-0.7253744587755396
-0.9629187583195744
-0.11870455796706665
-0.1532581067859428
-0.8590565492413589
-0.09376237758988282
-0.19515418530748072
-2.7993924617767334
-0.21906862913968844
-0.21870887317039123
-0.4233404647870645
-0.5164776671617508
-0.4451652230937826
-1.1787037195807153
-0.47882745770621116
-0.7406568434343254
-0.6291649029396164
-0.11010505121543247
-0.569420742438524
-0.29838738937341985
-0.6134023707577049
-0.7198801636695862
-0.4201428582891822
-0.050170416943728924
-0.9362559194179574
-0.5094260808837134
-0.25410241540521383
-0.9767790827565477
-0.892127993630129
-0.533601421241959
-0.054193452931940556
-0.23492619313765317
-1.0667935609817505
-1.093421797035262
-3.9811982742200294
-0.6040776864538202
-0.44507946403852355
-0.009776147908723942
-0.06358572712633759
-1.0038697719573975
-0.42763256281614304
-0.5251463971411189
-0.02921962906475528
-0.8412383453276775
-0.1933579035103321
-0.700662106872187
-1.2590878017405938
-0.6272963617479296
-0.06833331070083659
-1.7687598128977697
-1.9825135608100228
-0.8943167701363564
-0.9214517007460997
-1.303258240222931
-0.9241236767945035
-0.10486611747182906
-1.0571878045797347
-2.13491766858432
-0.20032657111285238
-0.1659117344643164
-0.9477608435507864
-0.422448299539974
-0.4032235423995492
-1.1412208434194326
-0.012555628951304243
-0.8894394500872295
-0.2066371839443621
-0.42378507290959533
-0.7848491696640849
-0.415746346480834
-0.37363403864825767
-0.3082963082939386
-0.09681599012886484
-0.11958139684866183
-0.6296014801719813
-0.7321577854454517
-0.8552283328941225
-1.290817316621542
-0.8453407021812521
-0.5444127170637719
-0.05051620009665688
-0.5915192573544724
-0.22880046174759627
-0.07558127554754417
-0.12835198268294334
-0.11991693483435449
-0.006812460550160419
-0.6769176571661691
-0.5117145561798323
-0.05169522799405968
-0.3799715424376902
-1.1615201212989632
-0.19401629561616573
-1.3580582102295011
-0.3135110694942448
-0.04313110813018284
-0.2802811291767284
-0.47459271600270697
-0.05868672024040507
-0.7453718185424805
-0.04701732471585274
-0.24041137541644275
-0.43532905799528476
-0.2969660341157578
-0.0913533506079855
-0.8579700403982619
-0.07081618548060457
-0.07089529000222683
-0.9456929162720611
-0.34051157380880637
-0.9536082039640777
-0.7182309123279993
-0.6893000000023416
-0.6871215840510558
-0.15833862005456467
-0.358346526567766
-2.737156093120575
-0.20325944152436398
-0.5917272535707525
-0.8813911433486888
-0.39158955492894165
-0.6820795701478346
-0.4622154087992385
-1.8528831199510023
-0.8506590013275854
-1.9483664881970202
-0.894073378894693
-0.27546072672287536
-0.24754085391759872
-0.3784075576166453
-0.2574945158079832
-0.253315755707065
-0.3230320475957021
-0.07492643758111323
-0.4452692763879895
-0.8129435541729132
-2.4702956676483154
-2.1864376068115234
-1.713015079498291
-0.852604663307459
-0.3505168087639114
-1.3986649720052355
-0.2681281268596649
-0.4493755102157593
-0.9839257074017951
-0.7166281771060312
-1.2659744024276733
-0.5421936547694107
-0.22178501308091933
-0.28773419993363597
-1.6602410078048706
-0.40100085357618
-0.6950387907722457
-0.039845433911978034
-0.30910243477814625
-0.8270547527257198
-0.7293307589633125
-3.546932816505432
-3.108448326587677
-0.6508092353378743
-0.5339977908733999
-0.03341781935887411
-0.1276330053806305
-0.8293633274701683
-0.10180001039754477
-0.028041737652529264
-0.7895995081016736
-0.7535911179147661
-0.8674168614519518
-0.6152496439281094
-0.26640435612671354
-0.7420066334307194
-1.845698595046997
-1.716529254269387
-1.1496075066213962
-0.9255784628649053
-0.5775120005455392
-1.3118722438812256
-0.46461944638576824
-0.51300962609821
-0.08743006046729294
-0.6679712110864264
-0.3922073043345533
-1.0612384695102395
-0.646564456820488
-0.2786657498907195
-0.4822229901328683
-0.036673236172646284
-3.255024790763855
-0.5957304423042972
-0.664733033460964
-0.23820038968284887
-0.5216180504210657
-0.6884002623709795
-1.8470643442124128
-1.3675928617012687
-0.2725612230133265
-0.7232961505651474
-0.10147948780407508
-0.32776780484790735
-0.255651604878949
-0.5645071039907634
-0.3535917619301472
-0.4181910063295315
-0.11433131794910878
-1.146914684199146
-1.369712457060814
-0.018193669031201613
-0.06277977774152532
-1.986166924238205
-0.37589690364389255
-0.3681801358652592
-0.7217764508677647
-0.9640540152788162
-1.1673265285789967
-0.5064492161618546
-1.2942266238853335
-0.5734849081046003
-0.6520092855983725
-0.06481015212193597
-1.2726395931094885
-0.42850926998806627
-0.3859668542006004
-1.0347604155540466
-0.5246039817813487
-1.4502102773588446
-1.0266129935819965
-0.008836496817821171
-1.7950637494310893
-0.8250890274066478
-1.501228243112564
-0.6551196575164795
-2.476271518896101
-1.3830538392066956
-0.6147645119707477
-0.9004643061364602
-0.6420715004205704
-0.42638705764329643
-0.650351916926281
-1.66579403479894
-1.0459908992052078
-0.12789931307945931
-0.6765596939076204
-0.1204880176592269
-0.8189304292318411
-2.107539390757059
-0.007790859680108042
-0.555400045334382
-0.02379146753810346
-0.24825946212849187
-0.027032681085984223
-1.488520197570324
-0.922763807233423
-0.482185145743036
-0.032966531541508935
-0.30558138713240623
-0.2515800077549341
-0.33436058038205374
-0.3989644390749163
-2.6578240764016905
-0.42469425692615914
-0.35400500426034603
-0.5677124100814884
-0.305581271648407
-0.045908231834365994
-0.17079050967866485
-0.15042094409000129
-1.5604221130294416
-0.1217924183983996
-0.08423501328479688
-0.5042276881369097
-0.3629542243751613
-0.3966321497822979
-0.19831318889514063
-0.9215691667050123
-0.42125331347859984
-1.4795360714197159
-0.5229859420659897
-0.3055812492966652
-0.2912869848544782
-0.6500326581061183
-0.04428821584830681
-0.029452099894115236
-0.28015908172043663
-0.13435500858031446
-0.2789288101990274
-0.4344365522847511
-0.725684965805461
-0.3445939974238475
-0.34087888174690306
-0.7859122579161082
-0.985378015679089
-0.5779989328693773
-0.1334112753975205
-0.032145910896360874
-0.03734002665927013
-0.13207666024754872
-0.04624953640935322
-0.6038249353019637
-0.9136200341911588
-0.01642856001853943
-0.19443303684238344
-0.6776269227266312
-0.04543377538357163
-1.0884472541511059
-0.31877038441598415
-0.9637715568145117
-0.8781439661979675
-1.0380501161728586
-1.1720290314406157
-0.48830575360140455
-1.0300093241892154
-1.905699610710144
-0.1949911029189631
-0.03920667146667256
-2.794368702083981
-0.797722686031193
-0.6862348096373563
-1.506575260111796
-0.28943485766649246
-0.16825844274405558
-1.124738370152449
-0.9896077951416373
-1.6157658126903698
-0.5665417468854785
-0.4818493861705065
-0.16190624404698611
-2.2230721190571785
-2.0515122413635254
-1.143218422929446
-0.08830834791297093
-0.23190502892248333
-0.1903853296302259
-0.5244170321044187
-0.39531593240783824
-0.663632474016049
-0.7022886302854333
-1.0717194342287257
-0.3338914510095492
-1.6223117603221908
-0.739469166014654
-1.4722937756218015
-1.0230641751278688
-1.5310501996427774
-0.7334500764097486
-0.7272115424275398
-1.6335649890825152
-0.9310117777850893
-2.128206180743291
-0.6245337079162709
-0.4114405761147715
-0.11380006760919059
-2.403578519821167
-0.7278997730295247
-0.5022635052164188
-0.5317643786237265
-0.2580433745583593
-1.6430029040202498
-1.6015300913048642
-1.6177529909265493
-0.5456387048276762
-0.05892992950975895
-0.25123052708804605
-0.37479110644198954
-1.6108035743236542
-0.042152319413920246
-0.14354985584504903
-0.3257382585434243
-0.49612726816641434
-0.00613030452223029
-0.03820817722589709
-0.8546133822819684
-0.0040866318267944735
-1.2043510693668698
-0.01565295134205371
-0.0041062517597715165
-0.4441503021292962
-2.233156204223633
-0.6765201203525066
-0.23142650785545507
-2.805248240629832
-0.28053315069992096
-1.0106944739818573
-1.0020322715505385
-0.8840139640202064
-0.5511942831300465
-0.10734468704322353
-0.6135715052485466
-0.7895315594311493
-0.38679068495134505
-2.1360297203063965
-0.639584844959245
-0.8894624278527772
-0.39491134681894535
-0.16841465548754464
-1.2087330439214437
-0.3730723998076428
-0.7510458630955933
-0.9528201960995581
-1.5036516539943736
-0.46196615267451435
-0.015793714896062738
-0.5938310620871274
-0.025837093569154805
-2.396787405014038
-0.24788937359052296
-0.06826277822256088
-1.1250845775118958
-0.9549588813606533
-1.3211812501152356
-0.25362569103793553
-0.8097590610384942
-0.0909930430462496
-1.1842631640844048
-0.20518302069831407
-0.32005622029828373
-0.736171634698456
-0.6997392640526717
-0.814701413588288
-0.1900599866809595
-1.1051069375486502
-0.5673527680337429
-0.5677927119451431
-0.6609593626417336
-0.8641538366326131
-0.014663669442250742
-0.01149299103119781
-0.20892637366653485
-0.0015936873642203864
-0.044721515849232674
-0.49601109608516303
-0.35170565721455205
-0.22438449940333763
-0.3360360836566542
-1.2636566795408726
-1.4007833175631028
-0.9468534626881592
-1.5105623106161754
-0.6538075551390647
-1.6826767495108976
-0.7672922454816713
-0.2630418634869094
-0.9979647919535637
-0.03639779394143261
-1.951169230249434
-0.8973285350248261
-0.36775288096881315
-0.9292256800225005
-0.0895325974561274
-0.3258786939001187
-0.10901689178000298
-0.49570605335757134
-0.30558138713240623
-0.48157194010326004
-0.20459336151058474
-0.33123683542362414
-0.1006116105709225
-0.45399049061779806
-0.5607349313795567
-0.12442424042819766
-0.4238183508213196
-0.8473793738521636
-0.5608560798996636
-0.8807971634502921
-0.011950900708013381
-0.16919361418025036
-0.2604270987212658
-0.02701267844531685
-0.13308530382629316
-1.4088771286021387
-0.27660157792342943
-1.8186440877616405
-0.9409208635592626
-0.1398506698730801
-0.6420224305863181
-0.9019874753097871
-1.5408849585801363
-0.1513574857575198
-0.35170477548880236
-1.3895280416938476
-0.3429324888566043
-0.42892643498877686
-0.550169569812715
-0.8001117310819349
-0.5859950206294242
-0.30756159199102384
-0.6005603501286644
-0.14487755467853275
-1.8392004302392404
-1.8738634360401192
-1.693017755926121
-0.5076171181146771
-0.14897855222443468
-1.8118201416348003
-1.306893140077591
-2.7400593757629395
-0.4152380267610715
-2.421372354030609
-0.30806315636405285
-0.20574500571819954
-0.2466092106686639
-0.3481859759065426
-0.6613090480760937
-0.1664932696367032
-0.7794255391205037
-1.1778051400557161
-0.5527797865571402
-1.1008423641324043
-0.6034632718146895
-0.7935748634239038
-0.22470745909959078
-0.7523724136574726
-0.47186460452293333
-0.10813985430771329
-2.3149219607003033
-2.6139859221875668
-0.2198894086808044
-0.8567589398113672
-2.923298789188266
-0.16746468096971512
-0.0337636130861938
-1.890149051323533
-0.020999725908041
-0.04016106311852733
-0.24363628684046776
-0.4457718203526123
-0.12571866326834424
-1.1401716565014794
-1.447123288467992
-4.314773381998141
-0.36503212878273594
-0.5556694595143199
-0.6576571358367801
-1.8156310095052635
-0.710193607956171
-2.241906762123108
-2.3366305828094482
-0.08380093766997258
-0.38117233458906413
-0.33873693847008707
-0.14771215537257376
-0.04028318476360125
-0.4247938013431849
-0.20242141265269561
-0.3973854836076498
-0.7194787735003046
-0.01032146718353033
-1.9036686308681965
-0.5731779137568083
-0.6557349437789526
-0.38942562179335466
-0.6364337244991806
-1.3922769545267026
-0.08227967410799795
-0.3190930775608114
-0.1526411321712658
-0.8913581635699503
-0.8987156110150474
-0.4600153394691538
-0.9548355480656028
-0.6095394549298693
-0.12095196188602131
-0.17594937823014334
-0.9043984833572593
-0.9886971035933433
-0.872959554195404
-1.6568868099970535
-1.2425841212272644
-0.5859239846467972
-4.0414124224334955
-0.07772751874290407
-0.0611191609253486
-0.7521355288336053
-0.83289339386725
-0.3299876203527674
-0.216005694353953
-1.5416463737686474
-0.30558138713240623
-0.04742131251841784
-0.5389782589950483
-0.4789558191127567
-0.17447101889410987
-0.3511725775897503
-0.9014946705149972
-1.590769263052304
-1.04005554234609
-0.004262327050027024
-0.4688442403505458
-0.9372980529183729
-0.5840044039715495
-0.5670663981388012
-0.6266803843221472
-1.0209691815755584
-0.367199111680048
-0.7776919556410324
-1.124930594013893
-0.22200920554314507
-0.8882528145417489
-0.7701110598990151
-2.6535200506448744
-1.1843274308161602
-0.42387756460811943
-0.5722023472189903
-1.1954844687134027
-0.833744999553476
-1.49783140172561
-2.201982060074806
-1.1524573848582804
-1.239959716796875
-0.2553672702051699
-0.6793659524170353
-0.5679949686746113
-0.31229279724357184
-0.2276634170790203
-0.36334619366635496
-0.03957649757649051
-0.09557488434074912
-0.11708498214526723
-0.8652883619560223
-0.39689356127443415
-0.48636600562604143
-0.3880066270357929
-0.008194611689596058
-0.12312426418066025
-0.043815554446025216
-0.40900814696215093
-0.22211792359303217
-0.09252984554041177
-0.7431258873548359
-2.0874145912627378
-0.179832533467561
-0.8876029020175338
-1.4723819219507277
-0.05088343473714
-0.0625717081129551
-0.5273765586316586
-0.06613278699417909
-0.45361778566243277
-0.42959591368950595
-0.20888095640111715
-0.21336926309029675
-1.5381583196576685
-1.266742596810218
-0.15159724024124444
-0.07597525280652917
-0.6488957270979882
-0.4438937306404114
-0.02869453839957714
-0.13805992901325226
-0.3653861660683548
-4.573094924290975
-0.5065118819475174
-1.0158101071914036
-0.5205091421608813
-1.2727544588517048
-0.18014547183702234
-0.505862832069397
-0.9764706964294115
-0.05873164786025882
-0.3611327869925361
-0.38640219205990434
-0.6133180456236005
-0.4184631578391418
-0.6093585458147572
-0.931972935795784
-1.3933810583160569
-0.5997537889790692
-2.1059176332103866
-0.5107415189500898
-0.12530334415939814
-0.6478170724585652
-0.3742513040197082
-0.7506371777313429
-0.543719295412302
-0.629071642132476
-0.5242422963492572
-0.3479832329190685
-0.3194684278633859
-0.13292246173659805
-0.02909956110604319
-1.6151209175163372
-0.016588277268705758
-0.6896485090255737
-0.6602098941802979
-2.285057116832052
-1.0465587032958865
-1.378580754622817
-0.6105680943001062
-0.3640997123535878
-1.319704702682793
-2.178736448287964
-1.511742040514946
-1.8544188325759023
-0.4475002530962229
-1.0670570135116577
-0.3055813033133745
-0.03790471191343386
-0.5350435916229531
-0.3013574963351857
-0.6486437935527647
-0.6018473656537632
-0.017774472131577568
-0.011460246660466179
-0.019830740029906986
-0.37553635585451656
-0.6669170493260026
-1.603213930502534
-0.22439281566003047
-0.579492146638222
-0.18112498295678442
-0.280716836432238
-0.6035402547102422
-0.5251294668754175
-0.19852470214079534
-0.38514529199164826
-0.2667520437389612
-0.5602260290994309
-0.48951075786531234
-1.2080175876617432
-0.6573900100932709
-0.09276938731782139
-1.0373228231275624
-2.1667263507843018
-0.2102530375969681
-1.1456233941717073
-0.17458779391890858
-0.4572280719585251
-0.5923791922981698
-0.6726069450378418
-0.5729797132814947
-0.2532887195702642
-4.612346768379211
-1.161822252033744
-0.5652555821385855
-1.029292675666511
-1.566507411794737
-0.5300995551092043
-0.3716887491617409
-0.2567781310790451
-0.699197501144954
-1.1426628991380725
-1.1803729578069495
-0.09603255016190815
-0.6272565111348345
-1.8071994045749307
-0.33714289740746606
-0.7265798150037881
-0.29763528233161196
-0.05283374001737684
-0.35991341860062676
-0.6634309129149187
-1.6582349859992973
-0.3055813033133745
-0.41808213554180507
-0.08052077321281104
-0.35327380922138796
-0.09297610154714096
-1.3847015316314355
-0.6009280066937208
-2.269841607660055
-2.1730319689959288
-0.9283265866605299
-0.10630304459482431
-0.35925510358065366
-3.1470803525298834
-0.7090213802450307
-1.4216418735682965
-0.5900665375851722
-0.630455286043477
-0.24605235325482985
-0.9928620284539648
-0.14931069430373178
-0.15069263149052858
-0.49189577757247854
-1.6422597289085388
-0.24423945420460313
-0.3692846411775628
-0.5157978573891645
-0.1506223729095876
-0.4925560895591678
-0.11063752486370504
-0.49456759460868355
-0.6052914610315513
-0.5419466845688432
-1.548632196177178
-1.1979241755390022
-0.593041405081749
-0.6870518244541017
-0.281394889760486
-0.5076602846042988
-2.846444857120514
-0.6250092297632364
-0.5367486642596001
-0.7320362352766097
-0.2693168311714544
-0.8847375956674417
-1.1759134002906435
-1.08011779985908
-0.6069045526615809
-0.2139543466581231
-0.059892705721176755
-0.7657908882116317
-0.25109158487369615
-0.04863929709730049
-1.7090719565749168
-1.4834231736138463
-1.973110495484434
-2.2400694501266116
-0.47321655392219186
-0.43382486632526707
-0.12816791236400604
-0.6478671779817281
-0.8420755722456508
-0.6440908312797546
-0.8382538907229901
-0.022061247800593264
-0.017797462469648702
-0.39268806527575684
-0.27080992128079134
-0.5602685806719819
-0.1476232105633244
-0.9294793850276619
-0.25107975330902266
-0.870548665523529
-1.0589841162061355
-0.5169210620224476
-1.1176045324121202
-0.4942338075224226
-0.8847141063639096
-0.09846615356703599
-0.169436393738983
-1.031721501614407
-0.5982036938269933
-0.48080959264189005
-0.09055915661156178
-0.815098710973481
-0.2834321003458172
-0.7067798059433699
-1.4533504719570787
-0.05945736697564522
-2.4246824234724045
-0.07289453450357541
-1.029397706190745
-0.6964905001223087
-6.753656387329102
-1.5018626602832228
-0.7263591778132
-0.47957961723394954
-0.2853638028347632
-0.6024281863356009
-0.5863320713862776
-0.10473016805665863
-0.07056683498866631
-0.3767303952869649
-0.22996630734568874
-1.0407355121736015
-0.06664505950175226
-0.782855216061344
-0.5726520725703963
-0.9433128498494625
-1.060967248418213
-1.474171551701147
-0.8903102753794796
-0.4084869096494423
-1.2992994045264148
-1.5429654358595144
-0.24874858022667468
-0.9121465928453419
-0.0062409152305917814
-1.0513883483130484
-0.0027901692909735073
-0.4299004783271812
-0.23529649277528128
-0.6738656014312319
-2.481793224287685
-0.5521020851671589
-0.03541018110699952
-0.04188250542210881
-0.43219274597835133
-1.2648589276359417
-0.2368413564399816
-1.2132567390799522
-2.381326367147267
-1.1252922275848687
-0.6251758605241775
-0.12003710716962815
-0.42824175748219206
-1.432703256723471
-0.043648115980128445
-1.4038945639040321
-0.02620771713554859
-0.6348021203437104
-0.7064196032006294
-0.6695105148246512
-0.25215270919984
-0.8151457636461904
-2.336668610572815
-0.00794683520871331
-1.65004826668236
-0.7942923861240464
-0.5271556692397488
-1.6621928568929434
-1.0963221282752997
-1.00907247860284
-2.402958869934082
-1.1486535688939814
-1.1129553857026622
-0.6941347123855459
-0.8248944430563011
-1.0490977466106415
-0.007843635535599398
-0.003973798286278907
-2.3724003210663795
-0.958224032074213
-0.47095627563872505
-0.9164426836650819
-0.9914025614658991
-0.49811815353330696
-0.30558121390640736
-1.8167053442344436
-0.5111943393654655
-1.46623545140028
-2.7584413136937656
-0.4953487277042378
-0.10383503371849656
-0.42369708405541523
-0.6042721271514893
-1.5824382305145264
-0.9512095007839889
-1.1769095959290015
-3.4234815903007982
-1.223332197405398
-0.37876476094243117
-0.6827334303719302
-0.1674533846671693
-0.2077418299715432
-0.6000091530149803
-0.7627293606983585
-0.058520566672086716
-1.4401005379464054
-2.86702036857605
-0.8723341152071953
-0.2344155018654419
-0.24231191552244127
-1.0569847106933594
-0.4669892041012645
-0.9159980522152702
-1.146031128615141
-0.5557385560731002
-0.2042906110873446
-2.272352933883667
-0.21145586296916008
-0.5104316483562191
-0.8891444384670731
-0.9610815735752968
-0.11794995757518337
-0.6308013548924853
-0.5434760168330589
-0.16180849454295557
-1.4518072453138302
-0.24586634673687513
-0.5747475914731695
-0.46890438540140167
-0.027508357539772987
-0.46409603412030265
-0.23737457511015236
-0.17863270851861066
-0.02977876203294727
-0.05400412517649654
-0.915758049847292
-0.23070708330487832
-0.47806792954603833
-0.05027107521891594
-1.44095454714261
-0.03750694915652275
-0.9862302818468639
-1.135078224663933
-0.07176176458597183
-1.0807305467980248
-0.434665828384459
-0.7902803067389547
-0.17346427494194358
-0.28283044380350475
-0.20048294691756988
-0.4854278762334919
-0.448810009010853
-0.2724131067968657
-0.03772604698315263
-0.26585866991566337
-0.510551397378246
-0.8659546812583964
-0.2115148264342679
-0.20706660247274808
-0.23445979713869747
-0.255902549251914
-2.0963439295689263
-2.017976543360419
-0.5137886259318819
-0.15611754421041626
-0.8359903403054757
-0.7693081558682024
-0.4780717354729667
-0.4818331612342653
-1.5337736906803912
-2.2988844104111195
-0.7426114327031841
-1.2170012544620477
-1.067832340885486
-2.514488793172253
-0.7737772380226359
-0.21384803196478724
-0.3473946468274031
-1.0967727474715503
-0.8044243655684922
-0.7929853606884453
-0.5404393936041743
-0.1229381833989599
-0.28326405078696554
-0.38814435473553505
-1.4974101148545742
-0.5619224035191647
-1.1147668288710217
-0.7190050111518758
-0.26359272764530034
-0.6332103134103818
-0.17087823301699245
-0.28589078671454143
-0.5339259317455193
-0.6959424113427469
-1.7036539316177368
-0.19485467672348022
-1.8311591148376465
-2.0337093075116477
-0.3358167807261149
-3.070746660232544
-0.46642956387736106
-1.6004152819514275
-0.5847956257597876
-1.8176725506782532
-0.542240496724844
-1.3386274576187134
-3.2561002567381365
-0.2983353052321555
-0.42516439864994027
-0.8959405720233917
-0.38923059310764074
-0.3130086629205213
-0.991601518727839
-0.11745232142857276
-0.08272520173341036
-0.01150614024403954
-0.38344088618658945
-0.17130569653352937
-0.24975931183507782
-1.2180833980091847
-0.049092206793526806
-1.140049695968628
-0.3814003336394403
-0.24072726287082938
-0.554937895872475
-0.5412245988845825
-0.7398459267699056
-0.28382434555159736
-0.5890352816786617
-0.7065483605489135
-0.39523664116859436
-2.651681065559387
-0.38366854711057385
-0.6582275032997131
-0.30558121390640736
-0.5696486261673271
-0.7804478973703226
-0.03289461196254706
-0.04912142633171849
-0.43332186119265054
-0.4757223001548222
-0.6752106547355652
-2.567353555560112
-3.21388840675354
-3.1094521284103394
-0.0811091181148156
-1.3045665919780731
-0.7322564002063771
-0.8764499195755849
-0.2075071233906783
-0.05380953988060355
-0.20872175483964384
-0.22904114788252627
-0.858948542973459
-0.24262522219214588
-0.8233295089642828
-0.9804483524058014
-0.01772325961726231
-0.24679714269362962
-0.06459240987896919
-0.029359953477978706
-0.005847872460955321
-0.06334227696061134
-0.3508413160823032
-0.17961985906107916
-0.46311521083068025
-0.2708837561367545
-0.06893945819465444
-0.43182372709270567
-0.12708863940945145
-0.39724399449510706
-0.2650229241765125
-0.054342328308848664
-0.37424242981433054
-0.14393745556784174
-0.43393086300541955
-0.3637475404409795
-1.8748984253033996
-0.06139157618332926
-0.4988447936993907
-0.19846779241925105
-0.12079897310225836
-0.4510364119073768
-0.08621412261643192
-0.05303437984548509
-0.3055813629180193
-0.3564381088480995
-0.39069450153814006
-0.5706431446173652
-0.7920540787745267
-0.6644582008463928
-0.19401463610384698
-0.9006861284724437
-1.6841035223078507
-0.256787916761823
-0.4285579947172664
-0.6624291604821337
-0.3055812492966652
-0.565289534438747
-0.2009310858520621
-0.9204341507729088
-0.4690022580713655
-0.6681701724573353
-0.14884089177357965
-0.061414367962113046
-1.7585084459278733
-0.006867463638958394
-0.2932541857395942
-0.4379454157952707
-0.09563698023557662
-0.4983553706648915
-0.8101297394993404
-1.446275532990694
-0.12798760302497872
-0.6380145456283711
-3.28282879544422
-0.2935544417608374
-0.5092570711341169
-0.021348387166249774
-1.590343880156676
-0.5396882920758799
-1.3694566484879365
-0.35477572539821267
-0.22298269678971597
-0.30034777522087097
-0.26814995790676527
-0.5968421778043507
-0.025865820684495184
-0.6461130824513677
-0.30862292369711214
-0.3028584951694938
-0.26884550825759235
-0.3399948961117237
-0.3842118497705087
-0.06128735297049085
-0.06403550661634654
-0.13618498357287276
-1.3837010034670432
-1.5418883048696443
-0.09275332372635603
-0.7301234637309487
-0.15876146521703857
-0.08384390119463206
-0.2006898712557317
-0.20676874948730983
-0.13040118949456056
-0.7463164544730846
-0.6036660075187683
-0.3052694658981636
-0.0034874885480218965
-0.02655952107826514
-0.004973193368901515
-0.1556214754977687
-0.1277181328914594
-0.828213887824677
-0.21323105659232372
-0.9124307270394638
-0.17940557852489292
-2.2546791346459134
-0.3722241018549539
-0.07066405123381021
-0.8946393378858414
-0.02241571294143796
-1.0082164770972573
-0.8947691590421729
-0.7620180312096636
-0.8668243809952401
-0.6964933689062794
-0.558200066909194
-0.8736799315277798
-0.7973515548510477
-1.4124349148145743
-0.08446734652222533
-0.0330125066684559
-0.4423906377185351
-0.370314539048195
-0.23228676215720562
-1.237884521484375
-0.9478159453719854
-0.3683094982610017
-1.2857099966640817
-0.014450057902909716
-2.6680774688720703
-1.3530000582308275
-0.4897989954881589
-0.09643908406724222
-0.5364042520523071
-1.1347879008972086
-0.32401731672048895
-0.4134606398874894
-0.17187738472966885
-1.2970147363644524
-0.20148340186902455
-0.6040636693651322
-0.44940322104164143
-1.915287121030916
-0.05201186866699053
-0.7124791741371155
-1.9428229331970215
-2.1469805240631104
-1.6572443842887878
-0.417839308672298
-6.433049917221069
-0.18494525624555536
-7.054554998874664
-0.6336711207171902
-0.33853934466606006
-0.5510572628118098
-0.3653333285852568
-0.9497407967865001
-0.0901010081928689
-0.5382662061856536
-1.8874408986109
-0.07037674645627183
-1.0627316834082496
-0.3984211101972808
-0.7248059881385416
-0.5822206634655595
-0.04540211012063082
-0.10024036910363066
-0.028001141734421253
-0.014190337162290234
-0.4655776713560853
-0.32965949177742004
-1.61582310795784
-0.036556419217959046
-1.0085318051444898
-0.24725806037895381
-0.19538304191082717
-0.07781806410015893
-0.305397861629596
-0.38079112861305475
-0.6819718058570288
-0.3943150660052197
-1.2225471030299861
-0.822272967632958
-2.526433065533638
-0.019399432349018753
-0.8951631299569272
-0.30558138713240623
-0.44133325555146885
-0.7971539526246488
-0.1311146781343268
-0.11554180260463909
-0.018936522596050054
-0.03257820080034435
-0.32873162627220154
-0.18887860457107308
-0.3263098833475461
-0.7796667633312089
-0.06348417140543461
-0.36989399790763855
-1.094533272087574
-0.5496603678911924
-0.03731503547169268
-0.40231186273158526
-0.8644985308249792
-0.8128409986616134
-1.9789755654831727
-0.4632034676826813
-0.013528894875586653
-0.019724474870599806
-0.006290381633264657
-0.006189417629502714
-1.1447927623987197
-0.0041233181974449605
-0.08539742231369019
-0.06729664654655304
-0.09217460554126385
-0.6630642926955427
-0.2773002314934274
-0.25581076741218567
-0.04373147618025541
-0.20993219316005707
-0.026779436886759607
-0.09524482622509822
-2.043098747730255
-1.259461958765141
-0.6804124874082239
-0.40537935798056424
-1.2184058460877099
-0.5686001314934401
-0.49539358096404207
-0.29736725908393663
-0.3331073398439912
-0.06613278451065223
-0.781314118107548
-0.0884362236247398
-0.10495115692416827
-0.9156440578335605
-0.2741503096056274
-0.11459841999021592
-0.4080503865631975
-0.2530433317968765
-0.7094995535185767
-0.6885417531181398
-0.7400007558365663
-0.04875564947724342
-0.5215874314308167
-0.305581271648407
-0.27805854957413806
-0.36537674026420486
-0.32790600508936524
-0.06828672687212627
-0.5901058140831689
-1.0129495980218053
-0.07844594200287247
-0.14493442368257092
-1.7438068342903121
-2.403744330008825
-3.7426159381866455
-0.31728739417431984
-0.40227776267565785
-1.820872318185866
-0.10422953949125713
-0.5259430380538106
-0.09297900879755616
-0.09123847330920398
-0.29175532452063635
-0.08363580889999866
-0.11619479065848282
-0.16577144549046352
-0.6033011708095728
-0.8882784839952365
-0.010680703829296232
-0.4650977918257316
-1.4171776172185604
-0.47415298223495483
-0.968484912533313
-0.6619461980779938
-0.7564128588448511
-0.8288963254437678
-0.15483227260162546
-0.4457224196443955
-0.08887971650061186
-0.19303828182940683
-0.8058615326881409
-0.22542649693787098
-0.41259187026298605
-0.35311370683068943
-0.1346817607700359
-1.0219618082046509
-0.6485839456764734
-0.5947929235993742
-3.5412506181164645
-1.9952306421473622
-0.7593785057095095
-0.3688321267545689
-0.761436253786087
-0.0159909384736758
-1.6174867013469338
-0.22123268694485887
-0.12723425612784922
-1.4312855005264282
-0.6292462944984436
-2.310405731201172
-1.385228652718731
-1.6033661632432736
-3.064870056509972
-1.1188175259856508
-0.2889852754815365
-0.009861727031723907
-0.08652360405976652
-0.29140283170688364
-1.128318551182747
-0.026875409173953813
-0.131395201489795
-0.24444685969501734
-0.26597979106009007
-0.7311302861198783
-0.463921656140455
-0.25897306240060264
-1.5272537730634212
-0.9790607010945678
-0.12100130005273968
-0.07781889345496892
-0.6728989239782095
-0.10924126207828522
-0.8347271094486738
-0.03496618336066604
-1.1032251082360744
-0.6048482825490646
-1.1275774862617254
-1.499988165817437
-1.9667733011675799
-0.7737798262387514
-0.17304938224454722
-0.09802732629759703
-0.27629869620167563
-1.1033783312886953
-0.366011177500089
-1.4525944888591766
-0.400535211790864
-0.4420937282964587
-0.010040317344776537
-0.3535185151170784
-1.9725123643875122
-0.8121676923765335
-0.14470752077613724
-0.02224863563120986
-1.0954491341496275
-1.1352026552105179
-0.36965396109735593
-0.016029672132780042
-0.7492598448456689
-3.2462263562317406
-1.321638084948063
-0.2712350532208802
-0.31421163797910723
-0.050128212955314666
-0.6559290140867233
-0.3055813070386648
-0.07621760265392367
-0.6110083657728073
-0.6446846875033396
-0.10842176445294172
-0.06780839804559946
-0.19601283508745837
-0.3897371234512927
-1.344067971338518
-0.2911141006345413
-0.044224327971195715
-0.6654031658860428
-0.9978821971744765
-0.16303577827784466
-0.35550328295054595
-0.5616695200242248
-1.5408139824867249
-0.757246609797756
-1.5650181935763814
-2.5037126541137695
-0.9532389782216342
-0.6112781843569662
-1.265608404733939
-0.2846258468399312
-0.7682500972123307
-0.5830807170455551
-0.5903803000950979
-0.40986704796223955
-1.1132442347705365
-1.3267222956637852
-0.22188452920050217
-0.32233705903452475
-1.5189187439779441
-0.5012502963033815
-0.9473692492766921
-0.6312994627514854
-1.1740807271628662
-0.5804481517989188
-1.0194343723096608
-0.09570988826453686
-0.7438120097707724
-1.039552356582135
-0.36177716539740296
-0.7365301383945805
-0.5390302580626667
-0.4293238800351641
-0.8299905518797459
-1.2490389684215188
-0.31043817575664434
-2.011205579037778
-0.24134087236598134
-11.613860130310059
-0.49291337993054185
-0.6612430810928345
-0.993120381453385
-0.007544194004202092
-0.0068758420296944674
-1.031559515418485
-0.0065946001692888485
-0.8593420386314392
-9.545649528503418
-1.7364913353696465
-0.28521788916714286
-1.6310497775141681
-0.7212497131898999
-0.44181136121707304
-1.4034549977837338
-0.39232567595900036
-0.09247579770162702
-0.013148530322359875
-0.010405919910408557
-0.05388192539685406
-0.01640801168978214
-0.03996591246686876
-0.31267693918198347
-1.9934336716743508
-0.6573663986228684
-0.4844583579089137
-2.7448453307151794
-0.024498997743648943
-0.4143879980771696
-2.6914669275283813
-0.49248747000383447
-0.8822231786677883
-0.17887481996357174
-0.28734129080175597
-1.2545157418482833
-2.055605910817394
-0.3182607545075536
-1.3045939006842673
-1.006852246588096
-0.4517892137679155
-0.19155058963224292
-1.02192269017299
-0.7534199295831578
-0.4328123368128824
-1.0574484145451737
-0.27477965294383466
-0.14640645341326794
-1.2114093713129737
-0.8030510519941648
-0.22320480491616762
-0.22214797961350996
-0.02387945549303873
-0.8489421178690262
-0.8126912744981902
-0.27591504544155515
-0.5703082718512936
-0.07298843096382021
-0.258577494079613
-0.17913516080006958
-0.7571293401997536
-1.6078067592212133
-0.47658029863876955
-0.963568008194367
-0.5860167956270743
-0.3743085265159607
-3.3838813304901123
-0.4173291325569153
-0.08577299024909735
-0.20804990253721675
-3.8785765568415322
-1.6225525569170713
-0.6946809619179336
-0.9782467572305384
-1.1348275853587049
-0.6574041247367859
-0.02416013367474079
-0.05133388633839786
-2.299460470676422
-0.6425303238754471
-0.30414244982324923
-0.8347650766372681
-0.15610361804465356
-0.5601008618022288
-0.6462145046330988
-0.22812025076564169
-0.5733508549630641
-0.0262513960416462
-0.04207095123517016
-0.7736767839252328
-1.0825971476733685
-2.9537673393885293
-0.38361759759261205
-0.22927927411585966
-1.5060035586357117
-1.7901327013969421
-1.882035255432129
-4.641194999217987
-1.3014773279428482
-0.44538802292161217
-0.8944420325569808
-2.156858593225479
-0.06269378397984837
-0.1572266378356849
-1.6848053932189941
-0.24768339919392018
-0.3941069543361664
-0.01043124860422852
-0.5678951202891767
-0.1715535034018103
-0.5487755537033081
-0.2779415787983453
-0.7262109518051147
-0.6836438681930304
-0.02385060421875096
-0.026902464125834576
-0.3936647670925595
-1.0653049813583493
-0.3529080984694052
-0.36637571702400845
-0.516583888590685
-0.8617877045439349
-0.0058247587803634815
-0.004384716239292175
-0.0109289419837296
-0.0031665801303461193
-0.013507562858909037
-0.019364402319167442
-2.7526063919067383
-0.23148587441028212
-0.8148528411984444
-0.2513790988801442
-0.3662492879724596
-0.10406047442599876
-0.6132084880024194
-0.6326638882358869
-1.643838882446289
-1.940463900566101
-1.4759594325700567
-1.9371918737888336
-0.4087150961975567
-0.5969252488058474
-2.450805962085724
-2.669414537958801
-0.2759983481585302
-0.18113992447033525
-1.721828797638106
-0.819587099675482
-0.46411296271669145
-0.14297487491603533
-1.4264589548110962
-0.44764679102268523
-1.0141978507260017
-0.2570835269272555
-0.4528574534703769
-0.8340153974111609
-0.1332713272422552
-0.35627410002052784
-0.21094390340149402
-0.7626104799892346
-0.3865318488869889
-0.34250282028733636
-0.4812262204490253
-0.35549651955564815
-0.07014722848543897
-0.9369533890567254
-0.18916192949241536
-0.05967903882265091
-0.04574453830718994
-0.15930087133290663
-0.7567512543339815
-0.7175493536462241
-1.2181050458789937
-0.40879843829731854
-0.2974994108080864
-0.014085761721487091
-0.8141857497394085
-0.447578901425004
-0.6280214209109545
-0.9527212706517376
-0.8571576978138182
-0.276900054345368
-0.770298421382904
-0.8174864257582359
-0.20994018169585615
-0.5856036732106337
-0.47289835092184757
-0.3085336301883217
-0.398229509181571
-0.5040984423729242
-2.1582823699961105
-0.24353529486159625
-0.3470975466275027
-0.011770769022859895
-0.5078447629542401
-0.4463320926605614
-0.18079278802179033
-0.5531507437373709
-1.4795988102753956
-0.5729105750991342
-0.6697136163711548
-5.8515095710754395
-0.9508032202720642
-0.8925897479057312
-0.3557310334817885
-0.06566267447487917
-0.6764132468088064
-0.5914647601958778
-0.7835991886542895
-0.6091679821420257
-0.5656123770677368
-0.8249679903189341
-0.2524513289051053
-1.1210644123711972
-1.2174776752417529
-0.19886216309532756
-0.7137021599337459
-1.4311779877636581
-1.0161877422194396
-0.5501003572634156
-0.2531403177417815
-0.6950966119766235
-0.8361902195028961
-0.398982685059309
-0.09251479909289628
-0.4107767146391173
-0.15536493201445983
-0.8575427763199903
-0.6086714449484134
-0.4687657410031534
-0.01778880188480955
-2.252075672149658
-0.05531922145746648
-0.2606437459674323
-0.418024510207033
-0.29820740812865554
-0.48574751396032906
-0.7690287120640278
-0.43418339851778
-0.4110114716286657
-0.1463953143429535
-0.4073984208807815
-0.1673728379441286
-0.533236952882564
-0.4544626629940467
-0.6381607663481392
-1.0632151112055268
-1.2679329290869645
-0.09510546677047386
-0.17738447330484633
-1.0729985755606322
-3.8004625916481016
-0.8814248095649029
-0.305581271648407
-0.4637917394617997
-0.865267361421138
-0.7539683198042707
-0.4541855832447674
-0.30178358159027996
-0.07318027885412448
-0.8501656758155496
-0.5995046778079995
-0.6849784745921473
-0.8621276997437235
-0.8624492954136804
-0.5217840671539307
-0.7757423784234561
-1.4584834474953823
-0.64854466901826
-0.008588299462687809
-0.5218681147392393
-0.283396024366512
-0.7070551241534607
-1.977859890935096
-0.09912315278779715
-0.3341575436266687
-0.3874493930488825
-0.2941210403239691
-0.3055813629180193
-0.45711403370373055
-0.2648075864708517
-0.4046942477622603
-0.6400447226769757
-0.897205880276993
-0.17831262624109845
-1.206257118212913
-0.26648411997128796
-0.4039325934039719
-0.2009447086675209
-0.5484379469106292
-0.6397878027753905
-0.24915111386260172
-1.4070764780044556
-0.007629873884785151
-0.00323052192106843
-1.1053341057151556
-0.00289984141709283
-0.16615091960277192
-0.6368838746696135
-0.007502085812835243
-0.0021003318019211293
-1.2359055266482755
-0.005291828405461274
-0.2756952758502962
-0.6607180029435161
-0.16415469348430634
-0.9729735447492983
-1.0189944424976904
-0.3945836735656485
-1.623237172762553
-0.9983892896720632
-0.8318958654999733
-0.6641945554557341
-0.3615621686913073
-0.009288056768127717
-0.04415915015852079
-0.012193997724170912
-0.06402677210280672
-0.6747517043956274
-0.2997660517110489
-0.7494628220253313
-0.9540719411202839
-0.4611399895252867
-1.0204978788869705
-0.1792688556486514
-0.14192122853637557
-0.36002830183133483
-0.702918685041368
-0.7381767126997667
-0.9868346049915999
-0.10143915878292961
-0.4632932452382542
-0.7100524753332138
-0.9348352735944312
-0.023581709284501682
-0.07640976793845766
-0.4210228461762047
-0.75625573674609
-0.31399304128970706
-0.4682336365120945
-0.4510402695538522
-2.3140459060668945
-0.6870426397488604
-0.7037762432758298
-0.5341681753828501
-0.012286162935197353
-0.39947345779930604
-0.42163677210016337
-0.263012607768178
-0.8563545496203006
-1.056144252535887
-0.42587570822797716
-0.6780144990421831
-0.5187550287955673
-0.5782222438137978
-0.9162944506388158
-0.05121209360239685
-0.31992552577518535
-0.5579577710595913
-0.28505300101824105
-0.004874482721788809
-0.6138058713086966
-1.774543046951294
-1.0234546552657977
-0.03131411333257953
-0.8413597000859833
-1.026815878227353
-0.22576600653701462
-0.49341679687356754
-1.3225031228229294
-0.11403555650031194
-0.8563665482603634
-0.6767869591712952
-0.38370034443770157
-0.15093123901113778
-0.40258948189827304
-0.3960284917186734
-0.3522418448701501
-0.559846818447113
-0.8447788319899701
-0.5347318791667931
-0.7721819181097089
-0.10170306452782825
-0.7086387514262151
-0.6032617286313325
-0.8790463716332769
-0.5585734967996056
-1.2916574396076612
-0.3037342529732996
-0.7106985424179584
-0.6605670112543381
-1.6498373746871948
-0.7546765712798912
-0.8568748249381315
-0.4983315818943083
-0.6780964398058131
-0.1777434749474196
-0.7609150188654894
-0.5125854612172892
-0.425505511485076
-0.35011220776835794
-0.03450799315942277
-0.7927133725093239
-0.22312811559913825
-0.7068682334696254
-0.021321855563049514
-0.16700589325919282
-0.26498625834686135
-1.9630703462316887
-0.6351128121217092
-0.8004806637763977
-0.2796994671225548
-0.5024900386109948
-0.42796092356244725
-1.0753901730140205
-0.2188948720647525
-0.07441925084271538
-0.8523271079433875
-0.2609693896115459
-0.4925394533507782
-2.080327441294988
-0.6822775601176545
-0.7527404333887817
-0.7520368100992898
-0.4086290163969142
-0.35703720757737756
-2.456629943102598
-0.05354830734722782
-0.019570590928196907
-0.5754206678597257
-1.7773670926690102
-0.8410281719936227
-0.455067652130189
-0.2189379874325823
-0.03171298086817842
-0.44715994793083763
-0.19915189374514738
-1.2538269142387435
-3.9206454157829285
-0.6810740194589724
-1.0796264400857278
-0.7663160045567565
-0.9018087249522796
-0.31391207448073793
-1.0535227929940447
-0.14688255237949002
-0.5134631209075451
-1.337253361940384
-1.286683066515252
-0.617706176545471
-1.7189641501754522
-0.2560091618991767
-0.6400780795790827
-0.8186452811583876
-0.1746718486150106
-0.38838268362643347
-0.41473696792672854
-0.33375034633920425
-2.8701636527354517
-0.8126932779947916
-0.3277063872665167
-0.7056540482943612
-0.3017407471003632
-0.5687235079705715
-0.31030030531886343
-0.3322625710206921
-0.13392698452807963
-0.2895940757090492
-0.826565123826731
-0.37893278439878486
-0.3081521516200155
-0.8285642635631066
-0.1759271585220771
-0.2372768522985834
-0.11677885996843022
-0.06938934508555879
-0.8538821127565045
-0.305581271648407
-0.2976285177040457
-0.9133895094994278
-0.13110943436622619
-0.0680997425224632
-0.1536925941084822
-0.14956019313831348
-0.3130086523508552
-0.2708368586221089
-0.02057871187571436
-0.9504877841682173
-0.026474740445337375
-0.1330435263886708
-0.416608231086866
-0.31099495323724113
-0.4479340709125002
-1.3271329334626596
-0.23522363211959602
-0.3995911777019501
-0.2549745681074758
-1.117897081169455
-0.9795389798042985
-0.06332470480265329
-1.7295588267152198
-1.0702050229131903
-0.49491333625046535
-5.2843979597091675
-0.32210812201939615
-0.4636938704080849
-0.6773240193724632
-0.8457871217073666
-0.6413125670515001
-0.2674342297026929
-1.0810858757966864
-1.7015225330445294
-1.0591916143894196
-0.17770985762278238
-0.48702207166934386
-1.0080652758479118
-0.2537546321206416
-0.5986502766609192
-1.6842834761191625
-0.9790035445669977
-1.5318552815937436
-1.0125920285470784
-0.5199894218641095
-0.11730171106755734
-0.6920309483417441
-0.5822259686473343
-0.12346023917198182
-0.4669703008772217
-1.236627284437418
-0.5585285602443264
-0.3158029569978161
-0.8720641732215881
-0.1153443841529744
-0.6593866034527309
-0.8279651714721694
-0.31676288554990606
-2.3720906866001314
-0.056701323782492964
-0.011207334464415908
-1.2017803192138672
-0.12199374288320541
-0.7334796366317627
-0.32848796248435974
-0.6509031385316381
-0.8587253093719482
-0.601438418591649
-0.25361213088035583
-1.7748804385108607
-0.1868158292761239
-1.0148665285669267
-0.4133123574574711
-0.01908582990613973
-1.1672454770499219
-0.35356923735234885
-0.9444163231653094
-0.7816260491007208
-0.5780426800728574
-0.04199895908095641
-0.4078528082009143
-2.2851290870457888
-0.3874721079761609
-0.10466948442298947
-0.1619513248633666
-0.30402850434297257
-1.0809177858754992
-0.22976747308192508
-1.1596093082123182
-0.3186649798415601
-0.15454746782779694
-0.9393460052753133
-0.05297255935147405
-1.6717895857201746
-0.8179158907797601
-0.3909568738056502
-0.5408522245771665
-0.1552445236318038
-0.043467577971114224
-0.03894261860705228
-0.06646156424561495
-1.825475028245075
-3.183656081557274
-0.010272572257495735
-0.013100233774951318
-0.37229847366688773
-0.5731804339573437
-1.0727368291991297
-0.38963615244306093
-0.41026716453899326
-0.5306878089904785
-0.0055739136602954075
-1.5595217943191528
-0.5251303315162659
-0.5098204926388072
-0.3866372967379997
-0.49959671435634073
-0.15501874932831722
-1.078069158735919
-1.1691993938584346
-0.3351850716308036
-0.3531266243298887
-0.02275530610599422
-0.6019776468165219
-0.7291202351140479
-0.05456286653255423
-0.6612431641381894
-0.23169526850357547
-1.3623489422191466
-0.7004329934716225
-0.12158295355298573
-0.4035966062452644
-0.02524516312405467
-0.5855005669873208
-0.7013977619819343
-0.7866077605368835
-1.294974819291383
-0.970644373446703
-0.27684284318238495
-0.18666822045342996
-0.21278484979744203
-1.84845170378685
-0.7364862142130733
-0.42426956770941615
-0.7058366535861483
-0.33833046315964527
-0.21473073470406234
-0.9142941314280809
-0.04403175057086628
-0.3264005184173584
-0.577839353754556
-0.045702488627284765
-0.09206135182951887
-0.21196439924018964
-0.6636728370406976
-0.015890807611867785
-0.021098623826886372
-0.4561946424520708
-0.7170541496317903
-0.11046241036135196
-1.209443200512656
-0.11596814059232036
-0.9130562670528889
-0.07430237671360373
-0.12704660538583995
-0.6082017753581186
-0.11886452061783832
-1.0151591427566018
-0.2290687352402269
-0.1310206405905774
-0.9245226871258078
-0.0311649054310692
-0.15741601947229356
-0.04785472992807627
-1.0292713844650478
-1.4368216662357252
-0.8722655448040718
-0.5415821265568493
-0.008007680066969312
-0.6384094298486352
-0.038953960000071675
-0.0053841699209442595
-0.010504210451992029
-0.28991264944003586
-0.9106755039344231
-0.7460414708338623
-0.007948833185634743
-0.3458565521092775
-0.25656973369332264
-0.24674532826369008
-0.24437293625669554
-0.3263242793218524
-1.0567538678646087
-0.40565359165581566
-0.5560239110127441
-0.060179240579600446
-0.20768222030892503
-0.7697956641098823
-0.6400664641638286
-0.05642994431157907
-0.37581566177929443
-0.6672691981897515
-0.28242931121868814
-0.5634483022615313
-0.8740850317731707
-9.97568130493164
-0.5267099589109421
-0.9683983782971544
-1.1715622622519732
-0.3165764015079317
-0.5381632603974523
-0.7438888494080553
-0.4031718587502837
-0.5053432704415173
-0.37957074387564455
-1.9713970238808542
-1.038321921316674
-0.291941093839705
-1.4891338261465232
-0.4142731478058474
-0.6798478963552043
-0.8267120993987191
-0.030745566909899935
-0.09143066997785354
-0.27681340279377764
-0.3695326991073671
-0.15577132860198617
-0.8346407023808834
-0.3633175251695017
-0.04585975036025047
-1.523268103832379
-0.21667133141142716
-0.9343959414497173
-0.8025705460458994
-1.365857170536541
-1.0232863627781625
-3.653238125766317
-0.12280410947278142
-0.5609851833432913
-0.8469371562750894
-0.5012829094899643
-0.7433872116884838
-1.040945887270097
-0.3703362161814484
-1.3797203040448949
-0.3462620720267296
-0.1791019762555758
-0.21430032133503119
-0.4764436540659517
-0.5955104092061574
-0.5690681121077865
-0.09708889784477444
-0.38348551467061043
-0.9393255323305277
-0.10587354067882354
-0.023513690190763253
-0.42634266676031984
-0.008876121129333114
-0.005421343492344022
-0.011851261486299336
-0.005371048487722874
-1.35957533121109
-0.013118011731276056
-0.0041251452406868335
-0.009729916474316268
-0.00728081872803159
-0.931699882571896
-0.8416128941059399
-0.5597097194210315
-0.7852525489611758
-0.4305842696115948
-0.586306499899365
-0.6075087914068718
-0.99490362642802
-0.9091021623462439
-1.058151390299567
-1.354048224282451
-0.0855557889881311
-0.18419992726073056
-0.6015355124101532
-1.3752770018094451
-0.7856060781216782
-2.061259022029117
-0.4709251093445346
-0.4963917136192322
-0.6707230948161469
-0.7686582445700575
-0.44215281432250203
-0.028133793423573177
-0.021228796904324554
-0.012148869529482909
-0.01287635206244886
-2.1072411133442075
-0.09452718485257113
-0.34147846117100145
-1.0658120592548088
-1.828019618988037
-0.7797375142748934
-0.24124336883930178
-0.4761933938274591
-2.352254629135132
-0.7450763560311977
-0.06696480009071593
-0.5342812140641565
-0.37220964820498453
-0.010710157659819483
-2.375528361958762
-0.016698002815246582
-0.08174638033960946
-0.4394228011737333
-0.3275531768333167
-0.3253694148119798
-0.07844832727166179
-0.5688887897646054
-0.2774158969654569
-1.428928416974556
-0.9100678032797683
-0.3518818717791212
-0.5136983993696049
-0.09131411572889192
-0.07988513837335631
-0.1499239745802091
-0.18252241155338803
-0.5252393752100761
-0.45145491414878053
-0.43147599280286264
-0.38963907534583997
-1.0206866178035425
-0.9241551451004025
-0.1645061036106199
-0.5438089017964861
-0.7662829319015145
-0.2728704081487912
-0.6989846347188133
-0.3233137980236539
-0.4919107833112711
-0.9231420630821958
-1.782469752865533
-1.8839747537526168
-0.1951038099744134
-0.332425502318074
-0.35565927587449553
-0.8119528889656067
-0.8957408601821114
-0.3299668555773678
-1.1054902728646994
-0.48610462265140897
-0.38912055519176647
-0.34349153704304053
-0.7182110225120495
-0.5705046236139929
-0.22256560483947396
-0.2976431558073576
-0.9636836830468383
-0.2724904678761959
-0.15118248481303453
-0.4563169022439979
-0.007611462560817017
-0.008690127418828655
-0.20972856879234314
-0.027132296934723854
-0.8272684179246426
-0.20474856246865408
-1.2180157842480444
-0.826558744133864
-1.451310710812686
-0.890482109306114
-0.12785652689635754
-0.6018490437062509
-0.22394771790277446
-0.5585023755057981
-0.5001036618889955
-0.7991085813137824
-0.4965235714864155
-0.11689149788090665
-0.5488982254032938
-0.9434601068496704
-0.47515067072319134
-0.2753598988056183
-0.24252677685599583
-0.6812507313171712
-0.27462292023766266
-0.3549381054239348
-0.11710782062234809
-0.22554012454513991
-0.0007220950190905739
-1.0452956749650184
-1.2982028722763062
-3.119800329208374
-0.37968679434464625
-0.8172183967016767
-0.6554882840059387
-0.3630711135992897
-0.5592665145377396
-0.875820244981426
-0.5781361488096688
-1.3207618366286624
-0.8366261720657349
-1.4928015246987343
-0.11443904212986429
-0.29061664721618097
-0.8020300580964734
-4.41769892970721
-0.40673526463229964
-0.2053402781973339
-0.30500402960639733
-0.805880192650126
-0.22567775857896777
-0.635435698388998
-1.4641892910003662
-0.6949213612196649
-0.6374640023745032
-1.1371040487041075
-0.823278812092295
-0.4395689172342827
-0.8368907365106482
-0.4467142430237598
-1.5546211029183776
-0.5175394243650282
-0.766428966075182
-0.4519037690991224
-0.7525548687645871
-0.5858800963809093
-0.36300026550889014
-0.9213477723145237
-0.6054831385744575
-0.5742861964584639
-0.5421142325024614
-1.177259027089652
-0.5475528554649957
-0.1288483274854823
-0.40637445411412043
-0.21149578946642578
-0.6265291566295283
-0.26658877002773806
-2.083149775552253
-0.5299489298862076
-0.5570947660404878
-0.8688865867775998
-0.27499551583473064
-1.013506887695537
-1.139745816480071
-1.142812321940437
-1.216441519618515
-0.1658573456315935
-0.060945184383308516
-0.3688813911750913
-0.2859327736183662
-0.658676260469947
-0.8232427468756214
-0.6778334318766032
-0.3472916115257976
-0.3305943406386567
-0.4576305915632894
-1.0643249532440677
-0.9623453849704847
-0.2690928890603429
-0.6060862159123644
-1.0632330032065511
-0.5827399012079695
-0.6990444711118471
-0.5651569014735287
-0.6310228904315988
-0.14974627188057638
-0.6197106227045879
-0.009923292323946953
-3.6285495824801424
-0.5483609220439879
-0.546512387120553
-1.1189467184500246
-0.6699805401871451
-0.07773498818278313
-0.02184548215882387
-0.016555561291170307
-0.06666084316869576
-0.09091783081649965
-0.08264005836099386
-0.15432945011707488
-2.013076694582456
-0.6619369017193094
-0.7895974890748221
-0.20025360821364302
-0.6582115047333192
-1.3714386555477955
-0.8696754069275233
-0.4897357992740581
-0.6428836134043443
-0.6570643595057644
-1.127102020714018
-0.6429508027795237
-0.16893720934684905
-0.2026511756121181
-0.6146861709421501
-0.11445907421875745
-0.6561380551429465
-0.3711147912134252
-0.148665389963963
-0.8447132832505024
-0.4766469639082341
-0.029503072301546734
-0.3110374282056
-0.6006532179405136
-0.1419572076940147
-1.6112377239756328
-0.23187337324230206
-0.5049881580182247
-0.5682392115526859
-1.0296466075098858
-0.6476802036025523
-0.6648556573782116
-0.6468268605412132
-1.4263584391834836
-1.222462768976887
-0.37170491708093323
-0.476348674410907
-0.6545893588099716
-0.34924460693728177
-0.31815066123491653
-0.5335145185661252
-0.26393866044652114
-0.005106104512378806
-0.0062038087984547016
-0.015923403576016425
-0.004267918993718922
-0.09412249841261655
-0.7194701275910423
-0.18485069878550028
-0.3511464630800883
-0.4049381980439648
-0.020410975441336632
-1.2372452366398647
-0.06220712442882359
-0.057099835081316996
-0.4455050763717736
-1.1236659597209655
-0.04191369354157359
-1.2793708051872923
-0.7981078419474043
-0.21786211375147105
-0.05101015296531841
-1.0270212553441525
-0.4837882570700458
-0.804463649863656
-1.5038354188274954
-1.1444428679455692
-1.0675837675347186
-0.2166729910299182
-0.05541250047584375
-0.750239290879108
-1.1032572453841567
-0.839550362101623
-2.0261483171295063
-2.4927025201206563
-3.788939952850342
-0.5611884808615566
-1.0130009328325589
-0.4288963310863092
-0.1902518602582859
-1.2836722988826554
-0.10304159313818673
-0.5941332057118416
-0.9121816134694117
-0.3838570178631926
-0.4992263337597251
-0.2503732127370313
-0.8479571903040374
-0.3342124954551764
-0.41588287414045527
-0.1713570162828546
-4.985079355537891
-0.1642626111398303
-0.39741116554989064
-0.6443175414407795
-0.15572523802568736
-0.008513657840991912
-0.00613532456336543
-1.043165802047588
-0.003827593552867054
-1.0677959533305301
-0.6771590851494693
-1.4452007422223687
-0.7094159054880341
-0.8197402025749787
-0.05261167522985488
-0.20922648120419277
-0.18064724631161275
-0.044998858589679
-1.301639223913662
-0.4037168905138969
-0.37764229538151994
-0.5359641616897923
-0.8690488224349084
-0.02730102894201991
-0.6915400476505359
-0.2385253519914234
-1.402994384849444
-0.007764316724465711
-0.9285447001457214
-2.3619651794433594
-0.08125064660244216
-2.901498794555664
-0.9087862968444824
-0.010686206277444977
-0.008453085615006526
-0.6284537017345428
-2.4786684449063614
-0.09693435383960605
-0.8483875468055803
-0.668220929996592
-0.8716370305693191
-1.238466877141036
-0.12076430356319179
-0.24525905794455735
-0.3932245369336063
-1.3723282422023741
-0.8073408037538078
-1.359575637926658
-1.0892041774184855
-0.6793876846058993
-0.697563573884134
-0.254150041999128
-0.598257113514202
-1.6403740218922715
-0.5676884367596358
-1.5676521772481713
-0.48820612561952054
-1.408644252892212
-1.054185002646409
-0.28526195090962575
-0.08119033641608743
-0.5508818783176442
-0.7121278665802927
-1.9582802036262972
-0.7627848823559126
-1.0994095593371942
-0.9690960590207183
-0.933295864357867
-0.2084347978234291
-0.7843802308698287
-0.29188468506058246
-0.4850568052044764
-0.9382516286818178
-0.7210169033126228
-1.5169943064604674
-1.321740448474884
-0.9647264490725801
-0.12478108661889564
-0.6950966119766235
-0.4448284938434881
-1.8998052166508776
-0.25094394124971586
-0.6846004678405092
-0.29958603967679664
-0.5685230983654037
-0.34814458583400665
-0.038414272508816794
-0.3837560866959393
-0.5848362259426861
-0.8415450521570165
-0.020151991445605484
-0.38978942666896427
-0.011672911462872955
-0.010675407091704463
-0.6016170693765162
-6.427185282111168
-0.3724683641921729
-1.9287855625152588
-0.6949111797455569
-1.4062187873766692
-0.07839951050118543
-0.10382637660627046
-1.3439781921701472
-1.2520082812019002
-0.004882815714815727
-1.116431154271898
-1.2006447995314375
-0.004943636152893305
-0.16538588469848037
-0.40998696407768875
-0.7597120435925068
-0.5327740181154306
-0.45564255452799524
-1.003702686323474
-1.4013939618867322
-1.4412201890008873
-1.1744716115063056
-0.3933495223755017
-0.4584160935975468
-0.7121652133153895
-0.6754853669597112
-0.02828208769788034
-0.3725449262923436
-1.0960410922046073
-0.28369958519963095
-0.3548424992718381
-0.8618520766276082
-0.5126782651675967
-0.020157239121285135
-0.28812486803508364
-0.9844681351129442
-0.7731236310091018
-0.28399014761671426
-0.2813830315833911
-0.43333036857097795
-0.6328990587498993
-0.620493521890603
-1.2972979893570482
-0.6018588163096865
-3.4162757396698
-0.3925215334478101
-0.8543712453481651
-0.8561977544699663
-1.7536975169442248
-1.1940243474807264
-2.1571717144921423
-2.0765557023273273
-1.0734871206029009
-0.18780748918652534
-0.5057241562086953
-0.3401991001414394
-0.09467106624379085
-0.5635519238331701
-0.8495486589712258
-0.19326456671069536
-0.6405304556056863
-0.8479040861129761
-0.6475976496689587
-0.13846872551029163
-0.33499023857426174
-0.27637423093741137
-4.666469573974609
-0.26029970292001964
-1.7441817643120885
-0.31070434449551004
-0.8017092943191528
-0.07178647727596399
-0.8323001719778403
-1.1180690415931167
-0.472709295572713
-0.383682218197334
-1.0954909555924435
-1.5619294396912058
-1.3455478590981595
-1.926827424543444
-0.9722472451523774
-1.0308368316345877
-2.726481946495672
-0.972631574199609
-1.0585942893688167
-0.8659863647594845
-2.188692331314087
-0.36091179684444796
-1.637721495470032
-0.08675995981320739
-0.16940815430134534
-0.8070156249944934
-0.2229204320741701
-0.21328533707855968
-0.46907626326719765
-0.8919236082555948
-1.1395711584348311
-0.42926270033058245
-0.43953206537004846
-0.7868544824421406
-0.6003642911091447
-1.043794789372791
-0.5780752397452792
-0.46466517416087705
-0.8271581939438225
-0.7536334447321938
-0.20412062588729896
-1.0982670639184238
-0.050716520301648416
-0.37247933907995256
-0.6020710468292236
-0.7360143065452576
-0.628286213635213
-0.9127499138819986
-0.514375409951234
-2.607579754665494
-0.17867585954566798
-0.9923955832608045
-1.810887232003391
-0.36432088169281734
-0.3801413074339507
-0.1594203052421411
-0.14494842011481524
-0.1354278362414334
-0.8310179632389918
-0.3478578839502815
-0.23370296359062195
-0.8464493640134131
-0.28211574473728734
-2.2384294271469116
-0.5031914150342345
-0.24516725554977628
-0.03314524384525915
-0.26730516413226724
-0.3865908182779094
-0.6879165976562425
-0.12957367434033326
-2.6227868201676756
-0.7449319713766902
-1.0247022012093414
-0.24478325940435752
-0.6805432172647367
-4.370245933532715
-0.6996105251433443
-2.053482985496521
-3.1503524780273438
-1.0173689424991608
-1.6749602433186597
-1.3544507006372442
-1.831421206239611
-0.6917408119447322
-3.7837226390838623
-0.11078200229842748
-0.786552788146461
-0.9102706924080849
-0.10105279088020325
-0.15564144610107178
-0.8113621345588139
-0.4773319135949185
-0.10080878193548415
-0.0374162383377552
-0.14023457891307772
-0.19651026492023707
-0.10550753772258759
-0.014099778432864696
-0.484031779709487
-1.10519700186948
-1.469117929538091
-0.317530081856533
-0.026700108748627827
-0.6389852691774851
-0.5120871193745794
-0.4840644568741684
-1.3640372958083815
-1.9924180507659912
-0.9251506430948991
-0.5813235278732868
-1.3027457954982917
-0.8107264177257699
-0.15080654811923264
-0.5261736312473658
-0.6127558858613672
-0.20564281716059638
-0.46870024911994634
-0.3005267701410048
-0.4577454895107722
-0.9392664073966444
-0.3779936719027838
-0.37989646695790186
-0.31015822564817924
-0.17435396283306343
-1.1534465653821826
-0.459849017246097
-0.28313497453927994
-0.2862429263029848
-1.08659895150257
-0.2922364483986582
-0.21864832553122446
-1.7069263599502544
-0.40104594893221346
-0.4200820245023351
-0.8986265292856842
-0.943028450012207
-0.33918022364377975
-0.4582144523484548
-2.613680839538574
-0.017168667378427926
-0.6628195493981669
-0.27236440777778625
-0.3420571998188255
-1.324300959019456
-0.2615295894902374
-2.563758134841919
-0.33218004789484346
-0.6422938472990479
-0.1978392914403158
-0.49947258830070496
-0.32016687863395216
-0.6935183188352019
-0.3814757422405819
-0.3335870253879627
-0.15374125863560878
-0.48961393720674096
-1.309534737902383
-0.23133771975434766
-0.20421861407925868
-1.9100174007139035
-0.891616827249527
-0.5154514312744141
-1.0060010565122446
-2.1434707641601562
-0.3299383312369173
-0.374703383538872
-2.205886904895306
-0.6687415466661116
-0.7955994344316423
-0.25807101025711743
-0.8602285556468044
-0.12604340302823402
-0.4045014438634098
-0.19048219073322667
-1.6069006889592856
-1.3720954773016274
-0.13302414491772652
-0.3275434239767492
-2.0177094949176535
-0.08687435717365588
-0.4314486118919376
-0.5396839328031466
-1.0595865316689015
-3.5447823156913123
-0.19659878767561167
-0.6487393903518952
-0.012046266025988319
-0.5160571232138734
-0.9402676827739924
-1.3057514429092407
-2.062845230102539
-0.5841959986661095
-1.9511654302477837
-0.5953013298421865
-0.5625858612402226
-0.9584787006606348
-0.20588991196591114
-1.3384416531771421
-0.15632639507384738
-0.27295353627106006
-0.41841612509597326
-0.39386087097227573
-0.09217213005164619
-0.556072795539443
-0.6498647316771543
-0.16369882165288022
-0.16122713182767257
-0.8396388229394849
-0.6098408665275201
-0.2243345204164143
-0.1368629353320492
-0.4368487769289199
-0.5603244233394175
-0.8328922711273966
-0.8046025806968963
-0.48156673586009463
-0.0478630595219632
-0.051199156480530895
-0.3208087758836283
-0.8072870390282737
-0.7438736501474617
-0.18167116296244784
-0.20288460899286698
-0.14330248534679413
-0.20176720485386188
-0.9566856762651241
-0.9247220189969144
-0.12654959245022232
-0.4324531909740775
-0.5825472532736827
-0.7666356745041691
-0.49135644909107545
-0.5153924652859719
-0.630417776433751
-0.8214168195789979
-0.6098284856988974
-0.4613883438296398
-0.4999945596855073
-0.39546301660655964
-0.04374880716204643
-0.29751733055066626
-0.15745832404645627
-0.6528943396276898
-0.2282386515289545
-0.18602064376076063
-0.035623361046115555
-0.5958735113059187
-0.4965279420139268
-0.6576128785818582
-1.1006610989570618
-0.12343096660333686
-0.09955519710395795
-0.6999276705086231
-0.9732783184250972
-0.2960281930863857
-0.17720816656947136
-0.19204361984157003
-0.17357598440952035
-0.16501848373263783
-0.014231221040245146
-0.39994201539727664
-0.5978330239401354
-0.004917488791551687
-0.8215735858128241
-0.5625294136116281
-0.6538957591789464
-0.507773503908134
-0.43313853123820284
-1.4327875103003211
-0.505508540464299
-0.9041757315309951
-0.07299383015773249
-0.3291650576016952
-0.41780342602731635
-0.43896645908243953
-0.6049127511680126
-1.2330095767974854
-0.7132604585283182
-0.7514057997508313
-0.21205816504648697
-0.5510179072152823
-0.027600526022979466
-0.044947467278689146
-0.21127604007219467
-0.8895012173355402
-0.4742867696331814
-0.5046440362930298
-1.0496840895502828
-0.6254540452112755
-0.39046571391174273
-0.399144648516085
-0.7462173039767597
-0.604391949307346
-0.6014518663287163
-1.3238269090652466
-0.3480197563767433
-0.6268046796321869
-1.9302733564571402
-0.06523177165966197
-0.01629155384348864
-0.18105652555823326
-0.854831111462166
-0.8541737298481167
-0.10194688639603555
-0.09036062913946807
-0.5584818311035633
-0.30558121390640736
-0.11949524251039016
-0.12709144487356147
-0.5944164215354248
-0.1334073175676167
-0.02089756540954113
-0.14510069129391923
-0.14695074266310257
-0.697955690412103
-0.5683344923774711
-1.3520446429029107
-4.029022867791355
-1.0239069414092228
-0.07880649312088887
-0.4218512920837384
-0.11738515200043119
-0.12997396422162472
-0.31330525874363957
-4.485494759865105
-5.604801535606384
-0.10997944821914037
-0.22451198571695347
-0.646626193371209
-0.887507856823504
-1.6088910019025207
-0.6117946277372539
-0.2770715010831029
-0.6950966119766235
-0.2200590107081336
-0.4726161194795912
-1.254313054950785
-0.07747046762960963
-0.5200019925832748
-0.3574469441555266
-0.33078993470355106
-0.46061786885062855
-0.2663611904717982
-1.4213897659951313
-0.6631482301920186
-0.0299402866512537
-0.14749038508944068
-0.013028783574035125
-0.006903998588677495
-0.015369825367815792
-0.0031026195036247374
-0.183374402553974
-1.6788662263657899
-0.4348617412933064
-0.9123751739523589
-0.320840305495949
-0.23057235777378082
-0.13517008036641137
-1.036469442532577
-0.0424824059009552
-0.38536415312608535
-0.2779647914511669
-0.4138067594418923
-0.3318473882689646
-0.26816203840038116
-0.4891700843969981
-0.08092341339761333
-2.7511873736046253
-0.5428122521965028
-0.01990307434243732
-0.3190936280233245
-0.33974318602735076
-0.14088114620062697
-0.3151548502315894
-0.5018135725765135
-0.5785724237794057
-2.391486331820488
-1.7587729507746797
-1.1731638113657634
-1.1032251082360744
-0.5559468745030851
-0.28757311654432366
-0.5734674907289445
-0.13135368099938205
-0.01905707238862912
-0.2730387480308612
-1.2242199693407332
-0.5758176296949387
-1.7039063274860382
-0.46957308679286924
-0.42387592380691785
-0.5613806459932675
-0.947850718939056
-0.3892303565517068
-0.33185047098529386
-0.9860957261698786
-0.7210115953348577
-0.35544542459683726
-0.6499584745199952
-0.6198274061046375
-0.35721214360091835
-0.9000635103633007
-0.18193727359175682
-0.2719122525304556
-0.3298447390452566
-0.304907105631523
-0.6077454262122046
-0.5621433506409327
-0.9394094582057733
-0.8156588104217878
-1.250916773719447
-0.4425651203533302
-0.546444982665384
-0.3055812492966652
-0.3734301886111747
-0.5232273896722796
-1.0370121635496616
-0.0346044019315741
-0.337848541230886
-5.262457266449928
-0.16512463509570807
-0.4468952964991331
-0.012403172030514855
-0.48342898173577853
-0.46323147736644993
-0.04493293538689613
-0.34484522989535304
-0.9926819785365036
-0.5585748287202377
-1.02410894818604
-0.2155680052936077
-0.1983066049579341
-0.6975467343415532
-0.3460087478160858
-1.7310740947723389
-1.446876780052359
-0.32441894177879604
-0.8231852839235216
-0.33985863482906675
-0.6603339833065706
-0.13569382301971522
-0.3055812492966652
-0.1472969455467137
-0.2777918695472181
-0.12479991721920669
-0.17498775711283088
-0.15814170211115197
-0.29062635015385846
-0.05144245608244091
-0.7633601118500034
-0.16467286046018773
-0.052485670006717555
-0.8101883545427376
-0.6758980751037598
-0.7221067417412996
-0.03148328613800307
-0.7015350545756519
-0.3055813070386648
-0.46582621068228036
-0.3184890726489747
-0.37861375708598644
-0.9335597849761447
-0.6005217937700218
-0.6423778645694256
-0.31071413386962377
-0.1615205683435003
-0.25849483253529926
-0.2101325886270691
-0.6237554134960469
-0.5359507780320882
-0.435045776507953
-0.18419596418324444
-0.9350150299918217
-0.743794554275357
-0.15581746461975854
-0.19562011491507292
-0.02488785795867443
-0.5810710491625349
-1.0354531651052337
-0.5879675063454973
-0.5031643466042753
-0.40384521720501654
-0.6995224798606201
-0.7341470821366884
-1.5369394877282168
-0.40602126345038414
-0.08451273814635998
-0.5714449351653457
-0.3117825058162334
-0.23632109481841326
-0.7387568500966558
-0.9520861758115643
-0.14150747664583227
-0.046325006890886776
-0.2180623516673222
-0.22664702441802043
-0.2896215801592916
-0.6553471638874796
-0.23465818752839157
-0.7137827455007937
-0.36124099886607536
-0.4758722173005067
-0.09494994887306045
-0.616804757429054
-0.5505098541357761
-0.21951781150776448
-0.5041899630450644
-1.3333608226052351
-0.004621062134771948
-0.444409657528417
-0.39229171647457406
-0.7270229260071314
-1.2189290084813063
-0.526880006247211
-0.10703133630249795
-0.8761917209379714
-0.9894776897458541
-0.4442344198196224
-0.7205293774604797
-0.6106989041912708
-0.2947174347937107
-0.03677527444961015
-2.4006524085998535
-0.5147116887695423
-0.5617726289715695
-0.11237112782691838
-0.24947048163176078
-0.4983165119257238
-0.19459608508358625
-0.29181902327742565
-0.7396308866232825
-0.4469281987287104
-0.9245734281028577
-0.8516998079139739
-0.39142014047560225
-1.5897337565464633
-0.3797619967488572
-0.5956947129248874
-0.31141160518291144
-0.40599081849146995
-0.0987298100735643
-0.6365173846985727
-0.44422473623853875
-0.045274879016991086
-0.6565461958234664
-1.5583192764606792
-0.5450817541429951
-0.31655033251445275
-0.34473244057072505
-0.706277360275775
-0.494424460536677
-1.4705957261506806
-1.178946820220777
-0.5523608088648567
-1.9950051307678223
-0.015863184401652575
-0.7808448510543258
-0.6447661945599333
-1.068749189376831
-1.0663777589797974
-0.5438803113211179
-0.6741681558928879
-0.515588283558221
-1.2553866649977863
-1.3481866399654083
-1.6395384073257446
-0.38369231752039923
-1.4008468639380722
-0.5516379887238145
-0.1757541000843048
-1.2123439311981201
-0.9207071150041883
-1.2255799770355225
-1.198398470878601
-0.6907325323360661
-0.9968800790342129
-0.8153676577877799
-0.03736590862899902
-0.1642884933273308
-0.5591922591020193
-0.7409006285531741
-1.3395357768250895
-0.561685456265834
-1.5446566590399016
-0.7061471727407908
-2.6121297838835744
-0.7011949287822259
-0.8080309548377045
-0.2294928843654946
-0.1331840690514086
-0.3799719648086466
-0.7358691312236059
-1.2521010427968577
-0.5143494123127311
-0.3289675938743612
-0.686128981036341
-0.17821240342087358
-1.5302836765699528
-1.5415955980618794
-0.6950966119766235
-0.5230144721777429
-0.7356629768698136
-0.08877781024784781
-5.635035514831543
-0.3260140161340435
-0.21129519385431195
-0.006747901985363569
-0.5160550200362922
-0.6688305753796158
-0.29291444854140497
-0.7958324687942271
-0.7796019911766052
-0.40700190853593604
-0.1554132943627857
-0.7150847897948831
-0.015252023432757207
-0.5472672091351629
-0.19518756051547825
-2.8536298672358194
-0.6154936346355215
-0.1196154176723212
-0.312171988624455
-0.3360483222641051
-0.5804778518043653
-1.2912370888516307
-0.46327271768435213
-0.346718520496954
-0.5054272771323501
-0.2903238445194967
-0.6375986121711321
-0.4413598042034816
-0.822258995193988
-1.1231660143207085
-0.02324448063154705
-1.0968785056132841
-0.29118585027754307
-0.5971328516092426
-0.015072723269440758
-3.00314998626709
-0.14071634962285662
-0.8383626215159893
-2.790179817005992
-0.3812981655355543
-0.3662141876469832
-0.7179118290543556
-0.9830742095234908
-0.39756957576610147
-0.30558138713240623
-0.27483160394763834
-0.22915627301166144
-0.1374460079241544
-0.4080196311586643
-1.1022011063760146
-0.3912028244812973
-0.45232060404399815
-0.7672094055808636
-0.8474901335430332
-0.06439430967839144
-0.626795069873333
-0.22783469187278468
-0.8479497106745839
-0.9500107501323024
-1.5777736244897824
-1.4524489897820685
-0.2828703811392188
-1.113255373687328
-0.6141870620158443
-0.1901406161021441
-0.5166304553373872
-0.7402282354225462
-1.3571377098560333
-0.3637201388599351
-1.0427720255218447
-0.6695312646588718
-0.40037863558003056
-0.10654091741889715
-0.2502959791563626
-0.706106123533876
-0.04132733610458672
-0.5143283266574145
-1.1767806407921906
-0.6063105066094304
-0.6253363170759066
-0.6416435736302281
-0.2472171624473655
-0.034588772803545
-0.48367417469021995
-0.16998207430006004
-0.04019462317228317
-1.3988816389319254
-0.5875046393648518
-0.6269229088793509
-0.11107860018964857
-0.1960004059476957
-1.942194353789091
-0.15300849243956488
-0.9640260497271084
-0.1435406755153963
-0.9162569312999645
-0.7891268134117126
-0.41044346816817134
-1.1580768559231527
-2.0464823047320047
-1.3660308142658324
-0.3650092547336085
-0.4892549793214791
-0.5779416561126709
-1.8713631629943848
-2.3584036827087402
-2.467357635498047
-0.11472834199666977
-0.40349340910324827
-3.0134148597717285
-0.574143590630653
-2.341226816177368
-0.576135650018437
-1.4735137224197388
-0.48456804547458887
-0.6666512729716487
-0.83871439895225
-0.9649846283951774
-0.8702375701977871
-0.004356366529009392
-0.03850724398216698
-0.013534873520256951
-1.1032726551752492
-0.5835060313344002
-0.02361431283255418
-0.5247321015688483
-0.7203348034381634
-0.9791726037209931
-0.3229532390832901
-0.38190860937032517
-0.5452254810060064
-1.1877375261571546
-1.5189950577914715
-1.1145900022238493
-0.4570171669682687
-1.158419926961263
-0.6352838524367793
-0.28131444385508075
-1.7913092020899057
-0.6950966119766235
-0.4241195111078807
-0.3256460705270001
-0.4379231189504935
-0.4602146189038952
-1.000493329277055
-0.5030769525206918
-1.0011134147644043
-0.9410190344612298
-0.08257699824171141
-0.176504984498024
-0.941986668316972
-0.2952527701854706
-2.8431205062079243
-0.6467403085880505
-1.787447951734066
-0.29771836575465777
-0.37396670560156053
-0.6137307053625894
-0.7574462704360485
-0.5323388961524835
-0.08624705066904426
-1.702040433883667
-0.3095630226889625
-1.4991375668905675
-0.6426878829370253
-0.37195645831525326
-1.0150715456325088
-0.24684961034745356
-0.8838742390216794
-0.467181119726168
-1.7809490714636114
-1.9539755638688803
-0.8629907945290108
-0.262199982535094
-0.05702590600897869
-1.2214796543121338
-0.3655172288417816
-1.299574851989746
-1.8019057512283325
-0.18482676987302207
-0.26341059227177704
-0.011812324496349901
-0.48540019285596475
-1.8790775021154653
-1.628857970237732
-0.208941243544632
-0.657707366635025
-1.666003942489624
-0.8794725837457614
-0.006665096764911802
-0.0034121226286515593
-0.010926106467377395
-0.003376808774191886
-0.9287318070617568
-1.387118246697355
-0.6950963735580444
-1.4808816737042636
-0.700633717180394
-0.07639842766802758
-1.7433920744806528
-0.059425717536214506
-0.23493203648831695
-0.024279847024849407
-0.8590044269803911
-0.6296778942591378
-0.8508505231390396
-0.15444369840791777
-0.16917631097931007
-0.014224572437732215
-0.12227605446241796
-0.43568659930224385
-0.4969040372719367
-0.24019093594203392
-0.09361831471323967
-0.730976674113084
-0.5197320653824136
-0.5592070169281215
-0.7293929907493293
-0.2424764597788453
-0.9749180520884693
-0.9341275802414332
-0.6771580393958304
-1.88185897693038
-0.9656577364075929
-0.029051901772618294
-1.0748498997111853
-0.3269870868376033
-0.26449501580726875
-0.04450613546545024
-0.2782495046655337
-0.589831867814064
-0.8159141218056902
-0.8130807421901929
-1.211332640144974
-1.6464376917315855
-0.31981181388343405
-0.7281246159225703
-0.31587625870337693
-1.170548054932927
-1.4891209921333939
-0.49195340375445085
-1.55954110622406
-0.5831393599510193
-2.298755168914795
-0.47450265627620475
-1.2452522694366053
-2.3449931819850462
-0.30585779606446845
-0.5589626431465149
-0.12010029343288736
-0.260686077257651
-0.15791903497059442
-0.8939189910888672
-1.977366131535606
-1.2973506735288538
-0.7244833037257195
-2.2994604110717773
-0.017352880739053944
-1.117251467704773
-0.14894654417839776
-0.5048189407421483
-0.05045645055361092
-1.1473826519889085
-0.5630234668300862
-0.18811384693518365
-0.14774023297650274
-0.626210953676491
-0.6367622608220405
-0.4968909231480211
-1.0719223764670673
-0.005552613278528692
-0.9528781824434797
-1.2946947470700252
-0.3049406833597459
-0.03466490019733707
-0.9318350570159964
-1.821041381473399
-0.1316442904280848
-1.0170225191066657
-0.7199015020586861
-0.48934131231813116
-0.2335984855890274
-0.976646727986268
-0.19416569064756353
-0.11539710494980682
-1.8811261653900146
-1.3881430171430111
-0.8027871272643097
-0.04339224112724575
-0.6611854631919414
-0.10554474958917126
-1.1273348738766344
-0.15883630271309812
-0.21961243781261147
-0.46556986637820263
-0.37042739651062423
-0.7228536168274735
-0.01813127590763283
-0.32981984744226794
-0.6816786599520128
-0.5231423872932227
-0.8115172289311886
-0.2896020761691034
-0.08117179123291862
-0.49064895762421656
-0.19181519151607063
-0.022347554016700348
-0.02326930151320994
-0.36885001324117184
-0.9908188675763085
-0.39478392088858527
-1.5284092692891136
-0.9787830092633764
-0.9071439240319056
-4.295780658721924
-0.5664020694675855
-0.3415938035662596
-0.3607005484227557
-0.4604451721534133
-0.2766522991336057
-0.18791398796020076
-1.8730778658007745
-1.865691968059966
-0.47725297017275026
-1.0552843661707112
-1.1966884612100495
-0.7678256693605083
-0.006166491699072399
-0.26668560330602986
-7.2126288414001465
-1.9062705095857382
-0.4966277607692808
-0.24688324879389256
-1.2635762811239277
-0.32616068169591017
-0.4021320431243761
-0.023978872169936948
-0.44269611960771726
-0.30295394361019135
-0.5100581016717164
-0.08316413639113307
-0.44839550703763964
-0.22544173697497172
-0.9929004963487387
-0.06602152064442635
-0.07791455318996061
-0.6784209540346637
-0.0678892374271527
-0.28368416875600816
-0.5104014711793173
-0.1404051184108539
-0.7518912119752107
-0.8565027406439185
-0.30559768303646706
-0.09088829007814639
-1.0229800272328504
-0.8389846723834385
-1.2653839416517358
-0.9314529834581273
-0.7084150734735886
-1.0829664468765259
-1.2581191139761358
-0.9922941892533951
-1.8394972681999207
-3.6843726138273873
-0.3540508980763012
-0.5974422975753745
-0.2599906199445416
-0.6411892771720886
-0.9127230218829936
-1.0036608574113675
-0.46105921014466067
-1.7650391133681227
-0.1346356453050248
-1.369790149981522
-0.17139300974728636
-1.010739290164347
-0.13195117991724853
-0.6883751619867613
-0.4191107866560439
-0.18805046193301678
-0.23799936247947204
-1.4449195861816406
-0.6392588466405869
-1.400429267436266
-0.1423837040694287
-0.38295924114936497
-1.4918769001960754
-0.2397910550439106
-1.2737801257106993
-0.055702188161184926
-2.3920947313308716
-2.356167256832123
-0.7731851477175951
-0.5768672717610267
-0.7465437638452386
-0.6783578488587713
-0.9876305982470512
-0.9044642881024629
-1.6730027152225375
-3.2060513086616993
-0.33876612316817045
-0.2647363525737257
-0.03822470553132007
-1.819710125692331
-0.08189242694892787
-1.1033981675226685
-0.43826333573633747
-0.31745555237483297
-0.6548437193656961
-0.015685297370509943
-0.05126354470849037
-0.3231070580004598
-1.1335124969482422
-0.31857548969856
-1.8237562032882124
-1.2862148258524637
-0.6056385011062957
-0.7312349635176361
-0.7020264936145395
-0.12847402356565
-0.1801525503396988
-0.019981771135462623
-1.796877533197403
-0.305581271648407
-0.32948793710635405
-0.7025022826255736
-1.0135483515791988
-0.29795086714439095
-0.7421096924168523
-0.3987465804675594
-2.6288163798550763
-0.8440045494353399
-1.0160003102500923
-0.3321993156735386
-0.02205035937991592
-0.7025205492973328
-0.42731347183386487
-0.2751780292674084
-0.26438388114758327
-0.48305649408056134
-0.20212638967980942
-0.47084648060886786
-0.15928628260735422
-0.06448342117655556
-0.3182863711069028
-0.29412923846393824
-2.5387867382831044
-0.8427142211585306
-0.5174073823727667
-0.30719199569688904
-0.19528879094868898
-0.15687598619842902
-0.2524351213127375
-0.8044685125350952
-0.7470875727697549
-0.03606094148562988
-0.2713689787880867
-0.29643053183746004
-1.0472223470985358
-0.7455140908079391
-0.32564668636769056
-1.1567153015173972
-0.6489998150267638
-0.37729173339903355
-1.2955181611737667
-0.20567198392564023
-0.8554931902326643
-0.8462562524780098
-1.2329138803816888
-0.028052396315615624
-0.3611814720622663
-0.6213561489260149
-0.5815248270737357
-0.4987965085698913
-0.6938557011063063
-0.6984332565700502
-0.9920420963977589
-0.6083866780540848
-1.3216740238546794
-2.01972892525895
-1.3372089530662792
-0.20113403458769122
-0.6524948392582771
-1.1032248735427856
-0.19980321104652832
-1.1871613277207045
-0.8948330824108174
-0.13592569159118284
-0.28122273918415885
-0.04220011264045421
-0.9483033691067249
-0.28297177399508655
-0.7927966793776369
-0.7366546366081619
-0.034497719767387025
-0.12073267484756797
-5.67476749420166
-7.045175075531006
-4.4203386306762695
-0.04371722686725358
-0.9356487274053507
-1.227370150992647
-1.1493790239134494
-0.016867754435224924
-0.05476717477449711
-0.5300812572937351
-0.43610448233613913
-1.4451948041302483
-0.3829850424081087
-0.6420355625486991
-0.016236086538161283
-0.512145876189481
-0.2516741733334129
-0.43479099503019825
-0.1684396767639555
-0.3114184592704987
-0.8859058188584944
-0.8952169171534479
-0.8312640557994019
-0.031073638201633003
-0.551413046506544
-0.4067063772947424
-0.13109658560012274
-0.37213739207245455
-0.9976903552790949
-0.6379626843485503
-1.9455208778381348
-1.8896366357803345
-1.650413155555725
-0.3098606646443451
-1.3055352226365358
-0.3432763462769799
-0.8203331019949952
-0.4363007419835776
-0.44017941236234037
-0.3563625042734202
-1.2566529419273138
-0.5930415317416191
-0.36854615911635424
-0.7465451201065801
-0.16577366733508825
-0.07127725688527183
-0.6313332001172967
-0.14331838188130253
-0.49107949159806596
-0.27071622759103775
-0.6640304028987885
-0.1978478653666874
-0.6614550148757795
-0.1722806998912584
-2.01083373837173
-0.35817645453789737
-0.3055813629180193
-0.8900681258412078
-0.8479957798263058
-0.5588778804701108
-0.5365464996758683
-1.4865427585318685
-0.39250319901232916
-0.5693143928785704
-0.47194916773587464
-0.22698562778532505
-0.46517538554458454
-4.0802998542785645
-0.3431343537312863
-0.4413021746022423
-0.5540723157677209
-2.31634205736595
-0.3494337347025673
-0.3503354700566206
-0.30558121390640736
-0.5464069616420012
-0.36072221618249184
-0.16209175437688828
-0.38249075980638736
-0.6638672541488301
-0.014614081696890935
-0.006352032505674288
-0.31183120315628393
-0.28219876533798277
-0.37441195809515193
-1.9808554345120986
-1.6677904725074768
-0.2963624094845727
-2.2075261622667313
-0.06172709015299915
-0.3700393827562948
-0.0927226952790079
-0.0271479646067342
-0.2807907761576084
-0.15271229223898528
-0.12829974960680243
-0.2461621866095811
-0.49066088300848304
-0.44817066250834614
-0.1275237029314869
-1.3001614685225136
-0.10142550440303405
-0.19240787038643248
-0.1673685330315493
-0.4787700745062186
-0.042109268804779276
-0.14263997591367822
-0.04269325810795029
-0.6349364291006503
-1.6517931355961732
-1.1781106286061307
-0.2526348050269007
-0.31223978684283793
-0.19786211741156876
-0.12445378615666414
-0.24354661486641918
-1.6923945534508675
-0.44593543269651753
-0.013279678623803193
-0.2844520920834839
-1.567866563796997
-0.22193100267334862
-1.1160253286361694
-0.4343512952327728
-1.427159070968628
-1.2239801867420153
-2.429185390472412
-0.9724756840280153
-0.7967184815497603
-0.47938894562634987
-0.23404904324498993
-0.6624998874414648
-1.3267414569854736
-0.4805241436568192
-0.2693758025416173
-0.39627987957727684
-0.8288256525993347
-0.3273556164830275
-0.2471315334605606
-0.29717069089780457
-0.08274153166816436
-3.702958345413208
-0.3210393006684171
-1.097361066902522
-2.4620795568916947
-0.515621702525426
-0.8158371878380422
-0.3055813629180193
-0.5657629734726951
-2.5068498708307745
-0.1777770547196269
-0.4414196635789267
-0.0778256670190868
-0.4386133575299839
-0.5053139410976489
-2.262671321630478
-2.100873356064161
-0.1903812592003565
-2.074210184440017
-0.48896400914527477
-0.5021579996468254
-0.7050908712422824
-0.9951295499295856
-0.8539622315438464
-1.2148631643503904
-2.674949270513025
-0.44417513602093095
-0.10479773131100956
-0.08180762472329661
-1.195701670658309
-0.22013462478935253
-0.812896550193222
-0.23714982270030305
-1.3309065124456538
-1.3350534960627556
-0.21478570152733786
-0.8475844773418314
-0.07502317499893252
-1.5640336001912754
-0.32352256774902344
-0.8772300593554974
-0.535088352393359
-0.7700007557868958
-0.3364320191758452
-0.19177617800414737
-1.3080423092469573
-0.5833409855452677
-0.2581574581563473
-1.4382081896910677
-0.034438559057889506
-0.2994268868674731
-0.1594156704767987
-0.21396419447264634
-0.202329737031375
-1.0324626173824072
-1.3010019384324552
-0.16777272173203528
-0.9246632987633348
-0.5286168379359879
-0.2985763280053756
-1.3236158133301863
-0.27795427984771476
-0.19046366740440135
-0.24289475206751376
-0.6749509790105759
-1.304661669901439
-0.9698397314690131
-0.3947187434881926
-0.8596534987167009
-0.7527299310701588
-0.4115001453103795
-0.2786581345339477
-0.5812033303582211
-0.6036140596494078
-0.9685316681861877
-0.5649012212774583
-0.3974719765090133
-0.9681860496290028
-0.5938015000697955
-2.0435172859967374
-0.39424335997682647
-1.3716625372568767
-1.0280567966401577
-0.305581271648407
-0.9429288183621664
-0.44565451224571007
-0.5198673377079623
-0.010102260884845496
-1.07742736954242
-0.13315378626575694
-0.13671155492775142
-1.2498504756949842
-1.758167889714241
-0.08283234698077042
-0.015974124583105247
-0.010941634944174439
-0.01264683593672089
-0.0191368843258845
-2.488740603129069
-0.7425754214636981
-0.7220121409650893
-0.5024489109018759
-4.349485397338867
-0.08343824728702505
-0.557959103931757
-0.6307962145656347
-0.16228730487637222
-0.6928699298628739
-0.19220957921352239
-0.2965867783605063
-0.4439219052601402
-0.8496991021384019
-0.021148363336188986
-1.018812157213688
-0.38410161174833773
-0.25279076777709025
-1.5615606245895226
-0.669665643479675
-0.345980217459092
-0.863625988131389
-0.12433888138139082
-1.832968289963901
-0.4094769908115268
-0.390381083306339
-0.4114477861333977
-0.2991033341580381
-0.32584544183919206
-0.8547520225109347
-0.3149787373840809
-0.2538742751639802
-1.0598301564653714
-0.39314995247365336
-0.6685282484590201
-0.1568339643457702
-0.23126841289922595
-0.6607715277423267
-6.182352066040039
-0.38842866220511496
-2.0602342188358307
-0.01690260359464446
-0.06106124329380691
-1.7281620771158486
-1.5802428610622883
-0.642868489259854
-0.08541193179178208
-1.090105774039826
-0.3078006441639766
-0.4481328467374729
-3.2250613371531167
-0.5172066638433535
-0.18724457852780083
-0.08808078756555915
-1.0051853710319847
-0.20058311090211978
-2.413760608571465
-0.3427230818023721
-0.3547335349675268
-0.42898204875194595
-0.2628768366606285
-0.08505595648966846
-1.89185983944238
-0.64997915722779
-0.7274438269281139
-0.005304146267008036
-0.16242129090436114
-0.7160367873730138
-0.4363364685326815
-0.007338167458526542
-0.14471724979713535
-0.4810583769853717
-1.7763681190554053
-0.27518194340336777
-0.08093416793748144
-0.654098285814689
-0.3801629025954753
-0.12040262856236142
-0.42404500175230764
-0.4489871084543291
-1.6480576992034912
-0.43659759156538974
-0.5042889351690454
-0.10163071945383931
-0.2683632655389374
-0.31053266453737804
-0.33684879110660404
-0.584825892127507
-0.36403724666160997
-1.1949984401930123
-0.5083222292394987
-0.2291698191256728
-0.02501173477321572
-0.1400831996385629
-0.03331846129094629
-0.13455988341916558
-1.8872109353542328
-0.976663442949454
-0.33730946420459634
-0.7213294773595408
-0.4896885689104238
-0.4230294589201199
-0.5611360437615076
-0.8305717287235893
-0.6767964137700466
-0.7042511660605669
-0.13671812425101443
-0.7522846017078185
-0.0137842101552947
-0.6630815591421336
-0.0755952744185682
-0.5779246805574406
-1.2579929214303516
-1.297342139761895
-0.36430481223699945
-0.4745187555672601
-0.3980528004001826
-0.3508652854902071
-0.2957205383989276
-0.791628877779918
-0.5530849680147366
-0.07680584300032933
-0.009381112828850745
-1.2021175144861143
-0.5124744981876574
-0.3041572203772375
-0.4438358876940627
-0.8192792662621986
-0.5222482438141014
-1.103554419345326
-0.8553748689591885
-0.14759599399985746
-0.022593253068147794
-0.08909595012664795
-1.1128833136436613
-0.1849303449603862
-0.7218019695243459
-0.6692180062333742
-0.4676697187300306
-0.06053901175255305
-0.12204858920137797
-0.03216540865625055
-0.45173992216587067
-0.5206996807996452
-0.9703254456010958
-0.0796409676217341
-0.35972381106370854
-1.6947059525409713
-1.5396471661515534
-2.8860955834388733
-0.13943719307121683
-0.5815101799671538
-1.057077171901862
-0.840713485543217
-0.39183412259444594
-1.5981441281182924
-0.1966090280995039
-0.6529674157500267
-0.5304929032083558
-0.07408864537865156
-0.21555402180849342
-0.1305356095156943
-1.863471932709217
-0.21520315738404558
-0.7031651319491423
-0.0809811834866802
-2.2485527992248535
-0.3250361156303458
-0.05310705117299221
-0.5363690110715968
-0.4066286141052842
-0.023963682206418264
-0.010136996115100126
-0.1145729050040245
-0.6846792101860046
-1.113964557647705
-0.024273814633488655
-1.245640720720985
-0.06955757295613044
-0.6763463145277152
-0.2867708740135034
-0.5539215640164912
-1.077947864565067
-0.24155648515119943
-0.019251275920396438
-0.44470066033827604
-1.4489989951020106
-1.9396585822105408
-0.02336330710802161
-0.4674822539608512
-1.240594708919525
-0.9306714662816375
-1.0684432007721625
-0.7511919111545596
-0.6736024121870287
-1.7146003382901351
-0.3425459590935669
-0.3486204295168136
-0.2596400288800526
-2.9247888401150703
-1.7838096912018955
-0.6227982029669787
-0.6240072324483966
-0.15007768260935941
-0.3546504131751135
-0.8630097612976897
-0.7167048485716805
-0.2440414785019479
-0.8040277543162423
-0.9681575682776123
-0.4421029010093965
-0.23970296895276988
-0.031306039138144115
-0.04225002406147382
-0.6044762176823175
-1.334831717889756
-0.5258391357803096
-1.0066717816651882
-0.5619716913040195
-0.6017260341274474
-0.8107565476481492
-0.6262813708279282
-0.17794306100859103
-0.8091947352004082
-0.6225195402425016
-0.4512813557867914
-2.070324420928955
-0.7081515370783481
-1.6541862966758865
-0.49461179200518063
-0.9311566303367727
-0.09076541371723579
-0.6323616291833437
-0.9111856241079295
-0.6325203532702718
-1.2428869620019283
-0.17226595353107163
-1.0559066452791313
-0.5847217353726498
-0.4623078620497836
-0.8319255297386984
-0.9436715775873381
-5.009578227996826
-0.32788764252871905
-0.2870209124472846
-0.19103562244436034
-0.1463304013945722
-0.9223325104186577
-0.5817489351068686
-0.8471680951461167
-0.1286782506479833
-1.1704279992045485
-0.1666359194753113
-0.005742700396275233
-0.0073168531758710745
-0.02477429306600243
-0.004953905683942139
-0.10005849357694388
-0.19916425338305999
-0.6568565942746188
-0.25172035321468555
-0.7195924917856852
-0.6576004787852677
-0.17161664553896117
-0.0254498938512471
-0.5206444643738602
-0.6682243219693191
-0.8278652064520294
-0.009823333423264557
-0.5355567474558484
-1.9372856189807257
-0.13740935332208648
-0.23879847998614423
-0.7914679172577702
-0.038237147415202344
-1.3750262685120105
-1.8048450350761414
-0.38675482385692056
-0.024899510941135565
-1.358205860108137
-1.246005979158716
-0.9985974298790097
-1.5224444270133972
-0.7938232101732865
-0.056719173404417234
-0.37495941296219826
-0.5227756200474687
-0.5521088355686515
-0.4563213149085641
-0.9489764861969484
-2.5527064593334217
-1.9954308837652206
-0.39947070095998544
-0.747556390918114
-0.5651988127002758
-0.23097851739095693
-0.8064574599266052
-0.3704539557749575
-0.9178081945896338
-0.18514645981485955
-0.7332493983703898
-0.3503851851980601
-1.0712094908958534
-0.23111442442236044
-0.48860960901220096
-1.5836033891013357
-1.1374996840022504
-2.6496525770053267
-1.0792887310187023
-0.07296033696911763
-0.3699074547039345
-0.4307815561114694
-1.2455961361527443
-1.5742360224947334
-0.9523358426988124
-0.16407898388570175
-1.1240812396439044
-0.5633566242177039
-1.2967363319200416
-0.15499761945284263
-0.10375790887822707
-0.6739667309448123
-0.15632579290831927
-0.8208116673472845
-1.0502469918142343
-2.426603317260742
-1.8286421298980713
-1.1512877318944612
-1.2604884400498122
-0.8046058901559768
-0.7058688998222351
-0.6266870773530778
-0.3383842652630327
-0.31349883890130187
-0.11581956874579191
-0.1401785247027874
-0.30457963988633957
-1.7263204706444715
-0.9750774125991897
-0.13522892347100424
-0.8247747422518352
-0.9036870002746582
-0.38456843315718825
-0.5952683912103318
-0.030422515104874037
-0.4399842222014172
-0.3099284979647824
-0.6013325571257155
-0.9146902787781853
-0.36505338428542017
-0.3923959689838436
-1.569473159685731
-0.8609472659106056
-0.4201061756282702
-0.1293348170511308
-0.008936028799325868
-1.4213974220412118
-0.032185511808165757
-0.4009683080948889
-0.014050094859960475
-0.30558121390640736
-0.17080922703025864
-0.2359380594061804
-0.06819418910890818
-0.21905000586411916
-0.18712593052935386
-1.03583824634552
-0.05430365186184645
-0.14196446537971497
-0.7735786603229559
-0.40518005769832677
-0.2821571620879695
-0.06692155171185732
-0.7307316875085235
-0.09076099093363155
-1.055932496994501
-0.026932588283671066
-0.1751291248100725
-0.005725513216020772
-0.06747218488211122
-0.004281845351215452
-1.0329292834503576
-0.6658853492366948
-0.1958620437348145
-0.5285360217094421
-0.12042754087980773
-0.16481748447404243
-0.16391615847533103
-0.8329318811678711
-0.14822072884999216
-0.45385980721662883
-0.27264022251421755
-0.4963781735568773
-0.04271204490214586
-0.29544246422925163
-0.33880335367284714
-1.457583557016083
-1.113897511914659
-1.114971575717209
-0.005793464129022107
-0.007182957162149251
-1.067474546795711
-0.004006490344181657
-2.8440076112747192
-0.27741620617553053
-0.5034923960103177
-1.1267012357711792
-0.9973658300150419
-1.423706117272377
-0.2672885519660971
-0.01171534736022295
-0.004595442651771009
-1.3105901471339165
-0.004591030487790704
-0.5184517828500248
-2.673833966255188
-0.6481416523456573
-0.38293064372347935
-0.695334762497805
-0.1333221202199908
-0.11605083697969139
-0.7626059505024126
-0.11936162332131062
-0.15112725911603775
-1.119674637913704
-0.8066098690032959
-1.3609850727953017
-0.027540085837244987
-0.375618692571556
-0.3055813070386648
-0.39745114412313165
-0.11847537045832723
-0.118606803502189
-0.9013666434847336
-0.8693516529165208
-0.5909994966350496
-0.0779535674898254
-0.5108007105909997
-0.08582897447195137
-1.8028380567557178
-0.23051919309364166
-3.24507999420166
-1.3062974456697702
-0.7419445822015405
-5.8816046714782715
-2.7604479789733887
-0.7865150864236057
-0.157063826918602
-0.742653315620763
-0.8567729443311691
-0.19059587590163574
-0.44440627098083496
-0.20370097332211334
-0.13647508264048983
-0.15814421764974082
-0.7651024659031204
-0.41779751563444734
-1.4403595974047978
-0.2182381259691384
-2.438565145432949
-2.0921525187790393
-0.38828307231888176
-0.8956973552703857
-0.08657242340286757
-0.9211441351217218
-0.6227022522772827
-0.5863080486929162
-0.7691508164174262
-0.6419855213607661
-0.37684142198746223
-0.6265586286783218
-2.459110863506794
-0.5930413529276848
-0.15414575129034347
-0.3306500330301268
-1.5380659252405167
-0.16994997401100895
-0.28868771516135894
-1.503923279673992
-0.04952977287272612
-1.3497325193814256
-0.10418149465112947
-0.4967509888034935
-0.24971648228529375
-0.6835792474448681
-0.25680563371861354
-1.063421096354432
-0.14089765772223473
-2.299460470676422
-0.45180464997247327
-0.41969218757003546
-0.7141792835069022
-0.15448120319908615
-0.20948032675852862
-0.5185907298873644
-0.11877360552171012
-0.30834711944141113
-0.36855107119481545
-0.43954794714643086
-1.0732984507922083
-0.3257141737267375
-1.7269885930387925
