-0.5610147714614868
-3.0275325775146484
-1.9307588338851929
-0.1711791455745697
-2.824408769607544
-2.3988382816314697
-1.5709644556045532
-0.2578340172767639
-2.232805013656616
-4.465098857879639
-5.36561918258667
-4.711796760559082
-3.343769073486328
-0.058178432285785675
-0.013533157296478748
-0.5318556427955627
-0.11416929215192795
-1.3719682693481445
-1.0572959184646606
-0.24409009516239166
-2.737048864364624
-2.642719030380249
-2.589108467102051
-3.7093310356140137
-3.47003436088562
-1.7831354141235352
-4.671403408050537
-2.048562526702881
-2.8868348598480225
-2.102085828781128
-0.030250180512666702
-5.590701580047607
-4.952030181884766
-0.009266345761716366
-5.7304606437683105
-2.387376070022583
-1.8705233335494995
-2.696742057800293
-1.6989753246307373
-2.6325604915618896
-1.9944119453430176
-2.484006881713867
-0.18830545246601105
-0.3513805568218231
-4.21564245223999
-3.4658970832824707
-4.401681900024414
-5.8581013679504395
-2.905116081237793
-1.9729236364364624
-3.5915064811706543
-10.639545440673828
-3.376960277557373
-2.3988049030303955
-1.1355565786361694
-0.5179260969161987
-2.7578158378601074
-0.23625238239765167
-0.8081333041191101
-3.276829719543457
-2.150707960128784
-3.3950257301330566
-2.0951731204986572
-0.09084409475326538
-0.9226986169815063
-3.114779472351074
-2.3225278854370117
-6.767906665802002
-2.962430000305176
-3.279019355773926
-3.748129367828369
-1.3514649868011475
-2.1440436840057373
-3.490813970565796
-0.07663298398256302
-0.9549355506896973
-0.9315321445465088
-1.0093591213226318
-2.324796676635742
-4.326830863952637
-9.124080657958984
-4.680244445800781
-0.3361905813217163
-5.993071556091309
-7.646764755249023
-2.8826119899749756
-6.696271896362305
-0.6416758298873901
-0.9150633811950684
-8.873641014099121
-3.302978277206421
-1.7600911855697632
-5.914411544799805
-4.457499980926514
-2.197063446044922
-3.9038238525390625
-1.0946859121322632
-2.9693849086761475
-5.529148101806641
-2.2460708618164062
-0.6766804456710815
-6.5641608238220215
-6.9777631759643555
-0.13383826613426208
-6.159125804901123
-1.0481693744659424
-2.5465941429138184
-4.239640235900879
-5.980943202972412
-5.900691986083984
-5.354246139526367
-0.026882128790020943
-1.7655162811279297
-6.283784866333008
-1.6943339109420776
-5.384423732757568
-1.7073124647140503
-2.5683693885803223
-1.6392329931259155
-1.861802339553833
-5.940270900726318
-1.357864260673523
-5.642337799072266
-0.5509784817695618
-5.853060722351074
-0.8881675004959106
-2.97522234916687
-1.6921764612197876
-0.04381570965051651
-5.825791835784912
-0.23707827925682068
-1.9864013195037842
-2.086254596710205
-1.1141040325164795
-1.459246039390564
-9.239176750183105
-2.13702392578125
-6.124053001403809
-0.051564183086156845
-0.020029081031680107
-3.315335273742676
-7.762021064758301
-0.4867672622203827
-14.332245826721191
-4.028836250305176
-2.008204460144043
-0.6432762145996094
-0.6720121502876282
-3.754356861114502
-1.939924955368042
-3.135441541671753
-2.149977445602417
-6.052548885345459
-8.282849311828613
-1.720338225364685
-0.15294839441776276
-0.7473354935646057
-0.1957629919052124
-0.2284439206123352
-1.6707055568695068
-1.225144863128662
-1.4520900249481201
-1.2967677116394043
-3.0997588634490967
-0.17040102183818817
-1.0949389934539795
-4.312432289123535
-4.703042984008789
-6.868372440338135
-1.5814540386199951
-8.059550285339355
-7.105509281158447
-0.4733438193798065
-3.4003207683563232
-1.8894983530044556
-1.7838674783706665
-1.8103454113006592
-3.8185479640960693
-4.731283664703369
-1.2345155477523804
-3.7312121391296387
-2.114241361618042
-3.0540502071380615
-1.2930786609649658
-1.0047553777694702
-2.3782780170440674
-0.4477381706237793
-1.3226213455200195
-2.265225887298584
-3.783599853515625
-2.6956794261932373
-5.334641456604004
-9.141220092773438
-5.140888214111328
-2.759295701980591
-1.356288194656372
-0.30030494928359985
-5.5924835205078125
-1.5084142684936523
-2.433919906616211
-0.9806430339813232
-2.707831382751465
-0.06831758469343185
-3.0912117958068848
-3.64106822013855
-0.2536367177963257
-1.2464563846588135
-0.2634342610836029
-0.9372612237930298
-2.7968521118164062
-1.013899803161621
-1.6391746997833252
-3.4679107666015625
-0.5079051852226257
-2.8446288108825684
-4.952261447906494
-6.184935092926025
-0.5610145330429077
-2.2325854301452637
-2.636294364929199
-5.878533363342285
-0.10625023394823074
-0.0686374083161354
-1.0520102977752686
-0.09765111654996872
-11.459978103637695
-0.3896034061908722
-9.184396743774414
-1.0049983263015747
-0.6002071499824524
-5.092299461364746
-0.20181596279144287
-0.32053282856941223
-0.8175180554389954
-1.3360334634780884
-2.2351431846618652
-6.827950954437256
-9.11407470703125
-0.38802531361579895
-0.8327048420906067
-3.458386182785034
-1.4747037887573242
-3.261045455932617
-1.6726090908050537
-8.231767654418945
-0.8882860541343689
-2.000814199447632
-1.1165597438812256
-1.2400846481323242
-1.4227215051651
-4.383702278137207
-0.15268780291080475
-4.513137340545654
-2.1707935333251953
-0.5118521451950073
-0.33322760462760925
-2.061044216156006
-1.0240974426269531
-2.9569640159606934
-0.1343761831521988
-2.7248706817626953
-2.6840410232543945
-2.4367728233337402
-2.587557792663574
-2.7716825008392334
-1.7317805290222168
-0.7087442278862
-6.439376354217529
-0.6338534951210022
-1.7615185976028442
-1.8177592754364014
-2.4277000427246094
-1.3888845443725586
-1.7573609352111816
-2.381861925125122
-2.0539093017578125
-1.3737374544143677
-3.4250757694244385
-1.5908719301223755
-1.3400604724884033
-3.2165513038635254
-0.42381730675697327
-0.8389489650726318
-3.30887508392334
-0.9091551303863525
-0.31424593925476074
-2.3235116004943848
-1.9059672355651855
-0.37240806221961975
-0.9117370247840881
-1.0949387550354004
-1.9839471578598022
-2.446040153503418
-1.1559268236160278
-2.1654977798461914
-1.5981955528259277
-2.573068857192993
-0.16607825458049774
-1.8188767433166504
-2.9651641845703125
-1.1982805728912354
-3.48537278175354
-2.1154346466064453
-2.4534292221069336
-5.749411106109619
-3.9057974815368652
-1.5275148153305054
-3.9174587726593018
-0.4067580997943878
-0.09794040024280548
-2.4294750690460205
-2.2670648097991943
-0.059583116322755814
-3.507662534713745
-2.1977901458740234
-0.2074376344680786
-11.978475570678711
-3.724813222885132
-0.6683298945426941
-1.7749342918395996
-3.42565655708313
-3.274345874786377
-0.8954578042030334
-4.804773807525635
-2.78914213180542
-0.4692564606666565
-0.5853938460350037
-3.010094165802002
-2.886430025100708
-3.2206928730010986
-2.1929452419281006
-1.5053620338439941
-3.114638328552246
-1.019610047340393
-1.5726697444915771
-1.866635799407959
-0.3032032251358032
-1.9163693189620972
-1.5782803297042847
-1.0145652294158936
-4.041223526000977
-4.266401767730713
-2.51442289352417
-9.243338584899902
-0.7567223906517029
-2.036620855331421
-0.04526280239224434
-0.14859621226787567
-0.3040139973163605
-2.3857505321502686
-1.0949389934539795
-7.3705573081970215
-2.0734989643096924
-5.371138572692871
-3.2208778858184814
-0.5159833431243896
-0.836453914642334
-4.661871910095215
-4.373525619506836
-5.136395454406738
-1.3406602144241333
-5.602056980133057
-9.143407821655273
-13.086902618408203
-5.951014041900635
-0.4057275652885437
-1.3280572891235352
-4.481669902801514
-2.461089849472046
-3.344202995300293
-0.667456328868866
-5.900165557861328
-4.763446807861328
-4.243395805358887
-10.150091171264648
-6.532556056976318
-3.2403604984283447
-5.705992221832275
-3.2369518280029297
-5.293862342834473
-1.5624871253967285
-5.088937759399414
-2.8787994384765625
-2.6862258911132812
-2.0942258834838867
-1.3655767440795898
-2.228990316390991
-3.807722330093384
-2.957534074783325
-1.8082354068756104
-2.514942169189453
-0.8583387136459351
-2.9038889408111572
-2.9341530799865723
-1.8349850177764893
-0.9411287307739258
-4.31626558303833
-1.9094699621200562
-2.471876621246338
-2.9371914863586426
-3.3301069736480713
-1.8136656284332275
-1.6531963348388672
-7.374800682067871
-2.747238874435425
-0.1449921876192093
-0.0908370167016983
-6.711554527282715
-5.832446098327637
-3.2157225608825684
-2.998640537261963
-3.483800172805786
-4.773542881011963
-2.103091239929199
-1.5384567975997925
-1.2224555015563965
-0.7407518625259399
-3.7751171588897705
-4.142749309539795
-2.5463387966156006
-1.6460716724395752
-0.5180679559707642
-0.12101373076438904
-3.0454139709472656
-2.0615410804748535
-3.233557939529419
-2.817621946334839
-0.03078148514032364
-1.1347923278808594
-3.026787757873535
-1.7495450973510742
-3.7242352962493896
-0.5236809253692627
-0.5463191866874695
-1.802216649055481
-0.5541185140609741
-0.05448377877473831
-0.04552903026342392
-1.043289065361023
-1.5265848636627197
-0.025982124730944633
-1.5185028314590454
-0.3130893409252167
-5.000002384185791
-0.9181133508682251
-5.295165061950684
-1.7595512866973877
-0.9628379344940186
-4.473824977874756
-1.8124233484268188
-4.628230094909668
-0.68266761302948
-0.39165106415748596
-4.679153919219971
-0.6511178612709045
-2.601991653442383
-0.8370425701141357
-1.7127437591552734
-2.1433517932891846
-5.604759216308594
-1.7370679378509521
-0.4966191053390503
-1.4058020114898682
-1.8763253688812256
-2.494337558746338
-4.189903259277344
-1.5399730205535889
-0.10553682595491409
-0.642028272151947
-0.7677215337753296
-2.819573402404785
-0.19447356462478638
-2.7265491485595703
-7.071374893188477
-4.390088081359863
-5.798333168029785
-4.49714469909668
-2.282074451446533
-0.15277568995952606
-1.392512321472168
-0.0966251865029335
-2.091618061065674
-2.1168532371520996
-1.135603427886963
-4.46506404876709
-7.4081034660339355
-9.730754852294922
-7.395782470703125
-2.2211697101593018
-3.8060097694396973
-9.995930671691895
-2.89544939994812
-3.150782823562622
-2.430448055267334
-0.05214652046561241
-5.059015274047852
-3.791562795639038
-0.050348617136478424
-3.911733388900757
-1.0218687057495117
-0.03538188338279724
-2.0942578315734863
-1.295933723449707
-1.3906582593917847
-2.024893283843994
-1.928048849105835
-1.0984716415405273
-2.6056385040283203
-1.7247891426086426
-4.975333213806152
-5.579160690307617
-0.5191842317581177
-3.2952592372894287
-2.4173412322998047
-0.19294965267181396
-4.127297878265381
-1.6980788707733154
-1.3148775100708008
-2.3767313957214355
-0.4318282902240753
-11.452715873718262
-4.506863117218018
-5.632137298583984
-4.2959370613098145
-3.489014148712158
-2.055030584335327
-9.267684936523438
-1.3965471982955933
-2.8663103580474854
-0.8833504319190979
-1.4962573051452637
-2.296234130859375
-3.2288737297058105
-1.5639737844467163
-3.1727077960968018
-1.861426591873169
-3.759500741958618
-2.3963308334350586
-2.2839908599853516
-3.8847670555114746
-3.2268104553222656
-1.959021806716919
-3.544283151626587
-2.061617851257324
-1.1918754577636719
-1.2381165027618408
-1.0011214017868042
-5.1039347648620605
-5.100466728210449
-2.8680059909820557
-1.6437034606933594
-4.382268905639648
-0.19645366072654724
-1.716157078742981
-2.7993924617767334
-3.0938398838043213
-2.205017328262329
-7.442124366760254
-4.680773735046387
-4.299808502197266
-4.134650230407715
-1.3602120876312256
-9.09595775604248
-1.9504977464675903
-1.0761752128601074
-3.283783435821533
-1.6791470050811768
-3.7120361328125
-0.7198801636695862
-1.8062584400177002
-0.12071193009614944
-8.046426773071289
-1.934955358505249
-0.6310391426086426
-4.325923919677734
-3.529731512069702
-1.4570420980453491
-0.10138504207134247
-0.5248532891273499
-2.0501527786254883
-4.1970133781433105
-7.696184158325195
-2.5090065002441406
-1.2418228387832642
-0.06022007018327713
-0.23775266110897064
-1.0038697719573975
-0.6199801564216614
-1.5951577425003052
-0.1108284518122673
-3.027580976486206
-0.48643559217453003
-5.109380722045898
-7.029455661773682
-4.251208305358887
-0.18355931341648102
-6.204264163970947
-6.606841087341309
-1.5368999242782593
-4.399068832397461
-2.2641472816467285
-2.186056613922119
-0.22169950604438782
-4.314359188079834
-9.820094108581543
-1.6964033842086792
-0.9591488838195801
-4.47348690032959
-1.9171602725982666
-2.3051037788391113
-4.221959114074707
-0.03080749325454235
-14.179540634155273
-0.8638138175010681
-3.327877998352051
-4.901884078979492
-3.013759136199951
-1.1612423658370972
-1.362328290939331
-0.382984459400177
-0.36012303829193115
-4.125893592834473
-1.3613810539245605
-3.0494492053985596
-4.04807710647583
-4.340209007263184
-6.858575344085693
-0.12732024490833282
-2.1648106575012207
-1.080273151397705
-0.15500317513942719
-0.31272876262664795
-1.7570805549621582
-0.053871285170316696
-2.9534947872161865
-3.2288060188293457
-0.17924565076828003
-3.4537277221679688
-8.393802642822266
-1.0070829391479492
-5.16455078125
-1.162121057510376
-0.152840256690979
-1.0040569305419922
-4.018564224243164
-0.48455625772476196
-0.7453718185424805
-0.04701732471585274
-1.5276185274124146
-2.0159494876861572
-2.0982041358947754
-1.3907194137573242
-3.2236990928649902
-0.1976432055234909
-0.08326455950737
-5.054560661315918
-4.650501251220703
-5.813364028930664
-8.266823768615723
-1.6279659271240234
-4.462367057800293
-0.3629547655582428
-1.9038670063018799
-6.235139846801758
-1.201786756515503
-2.8556838035583496
-2.188324451446533
-1.4865736961364746
-2.2814223766326904
-1.9535629749298096
-2.7509706020355225
-4.107186794281006
-7.893205165863037
-7.979743480682373
-1.613584041595459
-0.4673882722854614
-1.360764503479004
-2.2017266750335693
-2.743622303009033
-2.160942554473877
-0.6703993678092957
-1.82658851146698
-2.2822775840759277
-2.4702956676483154
-2.1864376068115234
-1.713015079498291
-9.399752616882324
-1.2411142587661743
-7.377326011657715
-0.2681281268596649
-0.4493755102157593
-9.69599437713623
-3.1072559356689453
-1.2659744024276733
-1.3966747522354126
-1.7454922199249268
-4.043982028961182
-1.6602410078048706
-2.5373058319091797
-3.0807549953460693
-0.15185633301734924
-1.2917811870574951
-6.668354511260986
-1.7421283721923828
-5.474086761474609
-4.5065436363220215
-5.093757629394531
-3.4262115955352783
-0.07537411898374557
-0.16619546711444855
-3.7703380584716797
-1.3486415147781372
-0.05976662039756775
-2.947889566421509
-1.5039806365966797
-6.1140007972717285
-9.692663192749023
-2.872326374053955
-3.049365520477295
-1.845698595046997
-6.609001636505127
-6.889146327972412
-9.658628463745117
-5.792033672332764
-1.3118722438812256
-3.5649006366729736
-2.7224655151367188
-0.9512209892272949
-2.1678714752197266
-5.8014912605285645
-4.431358814239502
-1.700700283050537
-2.6246416568756104
-1.3536412715911865
-0.07320545613765717
-8.283845901489258
-2.9461872577667236
-1.8984265327453613
-1.1860491037368774
-3.746232748031616
-2.9309163093566895
-3.6340622901916504
-5.835835933685303
-0.9707419276237488
-1.2923325300216675
-0.3558492660522461
-2.6941721439361572
-0.7108065485954285
-1.6353647708892822
-1.869824767112732
-2.4098527431488037
-0.41377630829811096
-5.209733963012695
-2.27750825881958
-0.11712690442800522
-0.1521635353565216
-3.54822039604187
-1.8709403276443481
-3.4303596019744873
-3.958834409713745
-2.0980777740478516
-3.4844837188720703
-1.4602099657058716
-5.7902045249938965
-2.4447124004364014
-2.4112467765808105
-0.21070151031017303
-4.2436604499816895
-3.0321075916290283
-1.588829755783081
-1.47705078125
-2.2284319400787354
-9.240490913391113
-4.374261856079102
-0.02153105102479458
-4.612330436706543
-1.658409595489502
-2.310455083847046
-0.9326987862586975
-11.99794864654541
-1.6260029077529907
-4.857029438018799
-3.813260793685913
-1.0181056261062622
-3.3357436656951904
-1.620988130569458
-2.6361827850341797
-2.2129151821136475
-0.43124744296073914
-3.6677358150482178
-0.39252686500549316
-9.431427955627441
-5.581610679626465
-0.03764771297574043
-3.899796724319458
-0.04941072314977646
-1.7960100173950195
-0.0862891674041748
-2.792351722717285
-1.63018000125885
-1.6339945793151855
-0.0911111906170845
-0.5610145926475525
-1.2546889781951904
-2.138352394104004
-4.813491344451904
-7.561681747436523
-1.4781596660614014
-3.096477746963501
-4.6108078956604
-0.5610144734382629
-0.5650064945220947
-0.8916456699371338
-0.5134302377700806
-5.015049934387207
-0.435616672039032
-0.6657618284225464
-1.678626537322998
-1.995832920074463
-0.9461063742637634
-1.427760124206543
-2.254822254180908
-2.5650665760040283
-2.614635467529297
-2.1853883266448975
-0.5610147714614868
-1.8150725364685059
-5.675811767578125
-0.09570632874965668
-0.1028340607881546
-0.9409478902816772
-0.4548829197883606
-1.546069622039795
-1.3073444366455078
-3.8377416133880615
-0.9675979614257812
-1.070711374282837
-9.731489181518555
-4.537168025970459
-2.077731132507324
-0.34027811884880066
-0.08149827271699905
-0.05147915333509445
-0.3041793406009674
-0.08518867194652557
-6.169437408447266
-5.334482669830322
-0.01642856001853943
-0.8201671838760376
-1.2340035438537598
-0.09929738193750381
-2.126481056213379
-0.880646288394928
-1.57888662815094
-0.8781439661979675
-4.019565582275391
-2.466479539871216
-2.340346097946167
-6.431248188018799
-1.905699610710144
-0.7326613664627075
-0.1115129292011261
-8.379663467407227
-4.0976715087890625
-5.551741600036621
-4.922700881958008
-0.5173064470291138
-1.1441470384597778
-8.355284690856934
-1.95854651927948
-3.6366631984710693
-3.6672182083129883
-2.2895219326019287
-0.4510296583175659
-4.411594390869141
-2.0880179405212402
-1.9172048568725586
-0.3010377883911133
-0.8247873783111572
-0.674537181854248
-8.048738479614258
-1.5869086980819702
-3.18731689453125
-1.7041676044464111
-3.584907054901123
-0.8162959814071655
-5.926642894744873
-2.797065258026123
-3.3205466270446777
-5.751369476318359
-3.368288516998291
-1.91813325881958
-2.1518683433532715
-3.833359718322754
-2.1309337615966797
-7.229470252990723
-3.5997447967529297
-3.4567203521728516
-0.2628675401210785
-2.403578519821167
-2.4526586532592773
-4.164107799530029
-4.455357074737549
-1.878917932510376
-8.440649032592773
-5.348635196685791
-3.973970413208008
-1.184841275215149
-0.12994536757469177
-0.6958360075950623
-1.9787951707839966
-2.694901466369629
-0.10077313333749771
-0.4493216574192047
-1.5035266876220703
-2.6459808349609375
-0.038780421018600464
-0.10717016458511353
-4.991611957550049
-0.030017683282494545
-5.6887969970703125
-0.03819059208035469
-0.017048005014657974
-1.3792815208435059
-3.0256853103637695
-2.5942299365997314
-0.5944252014160156
-4.091020107269287
-0.6061105132102966
-1.3554408550262451
-3.4230916500091553
-3.3146116733551025
-2.5631837844848633
-0.37745463848114014
-2.2424533367156982
-2.847029685974121
-5.3972015380859375
-2.1360297203063965
-6.903353214263916
-6.258099555969238
-2.4209890365600586
-0.795602023601532
-7.528448104858398
-2.9040632247924805
-4.032433032989502
-8.448515892028809
-3.6143603324890137
-3.7661635875701904
-0.03155313432216644
-7.471950531005859
-0.22575055062770844
-2.396787405014038
-1.4935382604599
-0.09239247441291809
-9.869916915893555
-4.883434295654297
-2.987671375274658
-1.7419781684875488
-2.078404426574707
-1.4302936792373657
-2.727444648742676
-0.42849332094192505
-1.2199684381484985
-2.9751975536346436
-2.118043899536133
-2.2662346363067627
-0.5545600056648254
-3.290255069732666
-2.059547185897827
-2.9166200160980225
-3.543998956680298
-4.163219451904297
-0.49415338039398193
-0.08764008432626724
-1.327444076538086
-0.005553768947720528
-0.08569782227277756
-1.5627140998840332
-1.3524090051651
-0.6305376887321472
-2.550819158554077
-2.5059943199157715
-9.40776538848877
-4.188272953033447
-3.1847708225250244
-2.786686897277832
-3.6679811477661133
-5.804472923278809
-1.5487289428710938
-2.529667377471924
-0.14038057625293732
-8.107216835021973
-12.238722801208496
-3.004040002822876
-6.062197208404541
-0.1668948531150818
-2.4763925075531006
-1.719252586364746
-2.3586790561676025
-0.5610145926475525
-4.151369094848633
-0.45258596539497375
-1.2465603351593018
-0.19616428017616272
-1.6955478191375732
-1.5765516757965088
-0.4022960364818573
-5.342161178588867
-3.29843807220459
-5.154303073883057
-4.412576675415039
-0.07606473565101624
-1.497457504272461
-0.4851139485836029
-0.05151629075407982
-0.5737941265106201
-6.378653049468994
-1.0108442306518555
-8.918755531311035
-6.296867370605469
-0.35659661889076233
-3.43540620803833
-5.526148319244385
-4.1530232429504395
-0.7169084548950195
-1.2088465690612793
-4.124000072479248
-1.2486037015914917
-1.0253100395202637
-4.272310256958008
-3.0887506008148193
-2.2157628536224365
-1.6679768562316895
-3.5957579612731934
-1.271723985671997
-4.728219509124756
-9.32052230834961
-9.717386245727539
-2.419403314590454
-1.393747091293335
-4.701254844665527
-2.4556021690368652
-3.0467429161071777
-3.9678235054016113
-3.354038953781128
-3.2785708904266357
-1.465806484222412
-2.096311092376709
-1.689292073249817
-2.451284170150757
-0.5643490552902222
-7.772183418273926
-6.243109703063965
-3.713324785232544
-2.0792012214660645
-1.6754356622695923
-2.2804858684539795
-0.9251704216003418
-4.5195207595825195
-3.2060348987579346
-1.200681447982788
-4.616384506225586
-5.156242370605469
-0.6909996867179871
-2.711477041244507
-8.562679290771484
-0.22947342693805695
-0.05497550964355469
-3.7409050464630127
-0.022555937990546227
-0.10034321248531342
-1.5445706844329834
-2.3986189365386963
-0.40479031205177307
-6.118381977081299
-8.468671798706055
-16.213228225708008
-1.269894003868103
-1.590043067932129
-1.7049803733825684
-4.801762580871582
-1.3518762588500977
-2.385993242263794
-2.438805103302002
-0.21992449462413788
-1.6284335851669312
-3.7072370052337646
-0.4009456932544708
-0.26985517144203186
-2.0712642669677734
-2.5424723625183105
-1.0887864828109741
-6.3233160972595215
-0.05699767917394638
-3.739504337310791
-3.04917573928833
-3.4215567111968994
-4.888974189758301
-5.238267421722412
-4.103072166442871
-0.549737811088562
-2.6219656467437744
-1.025559902191162
-2.788390636444092
-2.850130319595337
-3.2255859375
-2.5819640159606934
-4.429516792297363
-0.2544429302215576
-0.5190460085868835
-4.692501068115234
-6.711190223693848
-0.872959554195404
-8.755781173706055
-2.2266087532043457
-2.037580728530884
-8.068052291870117
-0.14850609004497528
-0.15248537063598633
-1.7383216619491577
-4.560049057006836
-0.6563590168952942
-0.6485669612884521
-6.551897048950195
-0.5610145926475525
-0.135381817817688
-4.644108772277832
-3.879115581512451
-0.726337194442749
-1.3365263938903809
-10.039552688598633
-6.795971393585205
-4.789735317230225
-0.025651734322309494
-4.737751007080078
-2.2799620628356934
-3.2955658435821533
-1.9100216627120972
-2.412985324859619
-3.0347681045532227
-3.6482620239257812
-3.4489498138427734
-9.273040771484375
-0.6964179277420044
-3.340841293334961
-3.8913304805755615
-8.642387390136719
-3.9281694889068604
-0.8440858125686646
-1.9024982452392578
-3.967827081680298
-3.8975908756256104
-3.1711654663085938
-4.543498992919922
-3.512768030166626
-2.0579471588134766
-0.9313027858734131
-6.025513172149658
-2.0244405269622803
-2.251758098602295
-1.0617642402648926
-2.310469150543213
-0.3239997923374176
-0.31955599784851074
-0.6098459959030151
-4.556082725524902
-1.6909286975860596
-1.5127825736999512
-2.090257406234741
-0.15135294198989868
-0.12312426418066025
-0.28574690222740173
-1.3321280479431152
-0.8692395091056824
-0.18264777958393097
-2.8620827198028564
-5.2243757247924805
-0.645714282989502
-4.693068504333496
-6.695233345031738
-0.1349688172340393
-0.12114004790782928
-3.0594289302825928
-0.09310272336006165
-3.2159860134124756
-4.978273391723633
-0.6414362788200378
-1.536170482635498
-13.164265632629395
-3.702218532562256
-0.3685041069984436
-0.23983055353164673
-1.3396927118301392
-0.4438937306404114
-0.02869453839957714
-0.13805992901325226
-3.8985564708709717
-11.81623363494873
-2.343766689300537
-1.6864532232284546
-3.648751735687256
-7.081636905670166
-1.1644914150238037
-0.505862832069397
-2.1428720951080322
-0.23445269465446472
-3.74807071685791
-0.9866846799850464
-2.622633457183838
-2.8131182193756104
-2.117246627807617
-1.5716009140014648
-5.774842262268066
-4.327764987945557
-8.312753677368164
-3.289544105529785
-1.4980602264404297
-1.2733094692230225
-1.782296895980835
-3.852003335952759
-1.5947093963623047
-1.4967267513275146
-1.162801742553711
-2.2963812351226807
-0.6843301653862
-0.5160723924636841
-0.22403617203235626
-5.887674808502197
-0.04009968787431717
-0.6896485090255737
-0.6602098941802979
-8.607829093933105
-4.075155258178711
-5.767962455749512
-2.399308919906616
-1.4516518115997314
-6.23536491394043
-2.178736448287964
-2.707367420196533
-6.718565464019775
-0.8893411159515381
-1.0670570135116577
-0.5610146522521973
-0.4594985544681549
-3.482459545135498
-1.1362254619598389
-2.0033767223358154
-4.646658897399902
-0.1238999143242836
-0.09375960379838943
-0.12939144670963287
-1.0940278768539429
-1.6330703496932983
-4.453857421875
-1.1712596416473389
-1.775267243385315
-1.7897214889526367
-1.3241301774978638
-3.8925836086273193
-3.267059564590454
-0.8846113681793213
-1.2216359376907349
-0.48482489585876465
-1.6907880306243896
-2.5049948692321777
-1.2080175876617432
-3.916440010070801
-0.4925128221511841
-4.682361602783203
-2.1667263507843018
-1.5947335958480835
-2.031160354614258
-0.6595027446746826
-2.5809948444366455
-2.4056177139282227
-0.6726069450378418
-3.098097801208496
-0.7306694984436035
-7.630922794342041
-4.7965569496154785
-2.3347058296203613
-3.847893238067627
-6.6123857498168945
-2.3715243339538574
-3.307283639907837
-0.5496082901954651
-8.381050109863281
-9.67473316192627
-3.2397944927215576
-0.36993855237960815
-4.134045600891113
-4.413637161254883
-2.209315538406372
-3.2522153854370117
-0.6346911787986755
-0.10290956497192383
-1.5831693410873413
-2.252483606338501
-7.310949802398682
-0.5610146522521973
-4.522767066955566
-0.6942164897918701
-3.853553295135498
-0.603023886680603
-6.876866340637207
-1.409654974937439
-5.881410598754883
-4.316199779510498
-2.7400503158569336
-0.2494962215423584
-1.0361907482147217
-13.384824752807617
-5.463576316833496
-6.541574001312256
-5.487319469451904
-2.382823944091797
-0.6489406824111938
-4.8707051277160645
-1.7055617570877075
-0.29572421312332153
-2.169074535369873
-5.020634174346924
-1.399003028869629
-1.9137846231460571
-4.715091705322266
-2.0038020610809326
-3.875368595123291
-0.31831249594688416
-5.062641620635986
-3.544938564300537
-3.643381118774414
-10.49150562286377
-5.863508224487305
-1.0949387550354004
-4.680652141571045
-3.011209011077881
-2.802910327911377
-6.27419900894165
-2.3921401500701904
-4.150116920471191
-3.9009270668029785
-4.172544956207275
-6.601999282836914
-7.216749668121338
-3.4836957454681396
-2.491799831390381
-2.5788543224334717
-0.37968412041664124
-5.617733955383301
-0.7701471447944641
-0.1626116782426834
-3.3695645332336426
-9.302116394042969
-7.807096481323242
-8.199214935302734
-2.615697145462036
-1.2065259218215942
-0.260633647441864
-4.132832050323486
-4.581358909606934
-0.6440908312797546
-3.750476360321045
-0.127844899892807
-0.1118168905377388
-1.9274786710739136
-1.060960292816162
-4.032562255859375
-0.8074917197227478
-3.338869571685791
-1.467003345489502
-0.870548665523529
-6.077263355255127
-1.7546576261520386
-5.593210697174072
-4.250397682189941
-3.5118587017059326
-0.18946586549282074
-0.6698033809661865
-5.802680015563965
-1.7248318195343018
-0.9574613571166992
-0.1669355183839798
-3.294844388961792
-1.5582517385482788
-2.137381076812744
-6.8364057540893555
-0.15378589928150177
-9.201772689819336
-0.1815154254436493
-1.8047798871994019
-3.5040268898010254
-6.753656387329102
-7.121758460998535
-5.099027633666992
-3.935922622680664
-1.3887139558792114
-3.294630765914917
-3.082566261291504
-0.7614457011222839
-0.5963348150253296
-1.4518814086914062
-1.9211554527282715
-4.847544193267822
-0.12730954587459564
-4.87682580947876
-3.083709955215454
-3.381274938583374
-9.957137107849121
-7.416530609130859
-5.330592632293701
-3.555727005004883
-8.898755073547363
-6.3293256759643555
-0.7188884019851685
-6.211041450500488
-0.014226444996893406
-4.873671531677246
-0.01804284006357193
-3.024890184402466
-0.3529692590236664
-6.303377151489258
-11.473325729370117
-4.468674182891846
-0.07994546741247177
-0.19273653626441956
-1.7788243293762207
-3.4284942150115967
-0.7362152338027954
-2.3816423416137695
-6.46983528137207
-6.573677062988281
-1.3373135328292847
-0.20539765059947968
-3.198119878768921
-2.855276107788086
-0.11191527545452118
-14.48331356048584
-0.026980416849255562
-2.6215744018554688
-2.4559249877929688
-4.055819988250732
-1.2589502334594727
-3.2923264503479004
-3.347412586212158
-0.027264084666967392
-4.613997936248779
-5.503718376159668
-1.8584269285202026
-4.692046165466309
-4.563000202178955
-4.143051624298096
-2.833594799041748
-5.168518543243408
-5.501589775085449
-3.1737420558929443
-3.513523817062378
-1.2184349298477173
-0.04788440093398094
-0.027300160378217697
-6.01084566116333
-1.9482613801956177
-2.9341886043548584
-2.8885059356689453
-1.7816935777664185
-3.004528284072876
-0.5610144734382629
-7.747032165527344
-6.0526604652404785
-2.220587730407715
-5.515763282775879
-7.320326328277588
-0.19971761107444763
-1.3249949216842651
-0.6042721271514893
-1.5824382305145264
-6.905046463012695
-9.123269081115723
-8.06708812713623
-6.4558424949646
-2.546584129333496
-2.892476797103882
-0.5424574613571167
-1.5599181652069092
-8.064289093017578
-2.740231513977051
-0.08046696335077286
-8.801398277282715
-2.86702036857605
-2.310131072998047
-0.9721906781196594
-1.0023765563964844
-1.6156984567642212
-1.8863246440887451
-4.002857685089111
-4.284873962402344
-3.1389527320861816
-1.1557176113128662
-2.272352933883667
-0.2893627882003784
-2.1541941165924072
-4.342232704162598
-4.596341609954834
-0.6332546472549438
-3.9432997703552246
-2.319222927093506
-0.6435397267341614
-14.221380233764648
-0.7527162432670593
-2.1749072074890137
-1.7677063941955566
-0.027508357539772987
-1.6072454452514648
-1.3151557445526123
-0.7016276717185974
-0.1846032440662384
-0.27967143058776855
-3.4773108959198
-1.0057861804962158
-1.413700819015503
-0.05027107521891594
-4.60280179977417
-0.03750694915652275
-2.4172563552856445
-3.1134440898895264
-0.07176176458597183
-3.1319844722747803
-1.8232451677322388
-5.123621940612793
-1.1335469484329224
-2.4335477352142334
-1.1141455173492432
-2.5592331886291504
-6.262503147125244
-1.726046085357666
-0.08241359144449234
-0.8784838914871216
-1.4815624952316284
-7.897256851196289
-1.0523126125335693
-1.219241976737976
-1.6316217184066772
-1.3263423442840576
-5.621332168579102
-8.941302299499512
-3.830825090408325
-2.086975336074829
-8.13779354095459
-3.6417737007141113
-4.039413928985596
-2.5925889015197754
-5.250585556030273
-8.372495651245117
-5.133353233337402
-8.278746604919434
-2.947404146194458
-8.714926719665527
-4.998170852661133
-1.791961669921875
-3.1668004989624023
-6.660133361816406
-2.816695213317871
-4.351807117462158
-1.612065076828003
-1.1767727136611938
-3.4914650917053223
-2.069509744644165
-5.354250907897949
-3.9784114360809326
-7.672826290130615
-4.743921279907227
-0.985334038734436
-3.3430581092834473
-0.5595152974128723
-1.4683598279953003
-1.6837273836135864
-4.671863079071045
-1.7036539316177368
-0.19485467672348022
-2.420686721801758
-2.7789275646209717
-1.035291075706482
-3.070746660232544
-4.022425651550293
-4.771579742431641
-1.6343189477920532
-3.1582019329071045
-0.9711523056030273
-1.3386274576187134
-8.414955139160156
-1.5686006546020508
-0.9829481840133667
-1.2733967304229736
-0.7521387934684753
-4.512164115905762
-2.265824556350708
-0.38431689143180847
-0.31097355484962463
-0.07514424622058868
-2.40195631980896
-2.8240909576416016
-1.2928760051727295
-3.9730024337768555
-0.09519694745540619
-1.140049695968628
-2.820911407470703
-2.241743803024292
-2.5674350261688232
-0.5412245988845825
-3.0303285121917725
-3.0967133045196533
-2.689990520477295
-3.0301620960235596
-0.39523664116859436
-5.247827529907227
-1.3038182258605957
-0.6582275032997131
-0.5610144734382629
-5.157705307006836
-2.714956760406494
-0.13495422899723053
-0.4102267324924469
-4.721371650695801
-1.192971110343933
-0.6752106547355652
-11.306805610656738
-4.926711559295654
-4.311467170715332
-0.6516421437263489
-1.9120053052902222
-4.365941524505615
-4.974722385406494
-0.9738472104072571
-0.14547178149223328
-0.619090735912323
-0.8862429261207581
-4.680299758911133
-0.8309317827224731
-3.567436695098877
-2.8761839866638184
-0.10954441130161285
-1.3377180099487305
-0.07931467890739441
-0.06130901351571083
-0.033959243446588516
-0.15680094063282013
-1.243257999420166
-0.7936142086982727
-4.3670268058776855
-0.6008855700492859
-0.2639566957950592
-1.7327804565429688
-0.837256669998169
-2.215528964996338
-2.603823661804199
-0.14260274171829224
-2.405782461166382
-0.3033185303211212
-1.349239468574524
-1.5640263557434082
-3.733069658279419
-0.6124352216720581
-2.514098644256592
-0.4387425482273102
-0.5303055047988892
-1.8190710544586182
-0.302623450756073
-0.1932012438774109
-0.5610147714614868
-2.9280574321746826
-1.955593228340149
-5.035602569580078
-3.765683650970459
-4.9681315422058105
-1.370641827583313
-5.091403484344482
-5.617790222167969
-0.51218181848526
-0.9589288830757141
-1.6105666160583496
-0.5610147714614868
-3.559014320373535
-0.516118049621582
-11.64877700805664
-1.3605704307556152
-4.736592769622803
-1.0276141166687012
-0.28979915380477905
-10.029566764831543
-0.026689356192946434
-0.7120881676673889
-3.714691400527954
-0.2620953321456909
-3.060713291168213
-2.196695566177368
-3.768052816390991
-0.37712061405181885
-3.079241991043091
-7.469698429107666
-1.0588871240615845
-2.968031644821167
-0.1270039677619934
-6.602255344390869
-3.148869514465332
-10.010980606079102
-0.9798332452774048
-0.9548940658569336
-0.43306964635849
-2.57948899269104
-4.759105205535889
-0.23758864402770996
-5.61034631729126
-5.011627674102783
-1.4687151908874512
-1.7321596145629883
-1.6834744215011597
-1.8770657777786255
-0.16101443767547607
-0.21970680356025696
-0.5700777173042297
-4.940662384033203
-6.272212028503418
-0.16387584805488586
-4.090404510498047
-0.5961490869522095
-0.2853909134864807
-0.9088627099990845
-0.9940364360809326
-0.9919992685317993
-5.507201194763184
-0.6036660075187683
-1.4136254787445068
-0.022878497838974
-0.07670596241950989
-0.03392905369400978
-1.316956877708435
-0.5106013417243958
-3.110139846801758
-0.7233725190162659
-2.478292942047119
-1.2481368780136108
-6.261660099029541
-1.4239203929901123
-0.5512925386428833
-3.8370919227600098
-0.030394162982702255
-5.554929733276367
-3.9481639862060547
-4.406060218811035
-2.2601373195648193
-2.7608439922332764
-1.9436366558074951
-7.215944290161133
-4.43819522857666
-2.865872859954834
-0.555010199546814
-0.0953795537352562
-2.2514798641204834
-1.2938133478164673
-1.5136146545410156
-1.237884521484375
-2.8175148963928223
-4.077629089355469
-9.765153884887695
-0.08360661566257477
-2.6680774688720703
-4.632176399230957
-2.5509109497070312
-0.36923572421073914
-0.5364042520523071
-3.0282411575317383
-2.846759796142578
-2.446046829223633
-0.6516150832176208
-8.429145812988281
-0.5776193141937256
-5.1813554763793945
-1.7374467849731445
-5.603487014770508
-0.12524528801441193
-0.7124791741371155
-1.9428229331970215
-2.1469805240631104
-3.0639634132385254
-3.402359962463379
-11.834272384643555
-0.5503870248794556
-12.957633972167969
-3.615111827850342
-1.4751970767974854
-1.0958060026168823
-1.3035311698913574
-5.78635311126709
-0.320864737033844
-2.444945812225342
-6.913455486297607
-0.22063931822776794
-6.595942497253418
-2.0354666709899902
-2.793651580810547
-4.247026443481445
-0.20112237334251404
-0.5084328055381775
-0.053830504417419434
-0.03836464136838913
-2.697218656539917
-0.32965949177742004
-4.254976749420166
-0.11842910200357437
-5.813687324523926
-1.1376062631607056
-0.8594942092895508
-0.4490400552749634
-2.6618762016296387
-1.1134436130523682
-4.734832286834717
-1.0944299697875977
-3.3983075618743896
-4.138051986694336
-5.392778396606445
-0.036431074142456055
-3.3610997200012207
-0.5610145926475525
-3.020845890045166
-2.1551976203918457
-0.6081825494766235
-0.4121173918247223
-0.1337251216173172
-0.061015550047159195
-0.32873162627220154
-1.024648904800415
-1.427916407585144
-2.647995710372925
-0.12000400573015213
-0.36989399790763855
-2.751603364944458
-1.4185031652450562
-0.07041953504085541
-0.8414791822433472
-2.1775383949279785
-3.196514844894409
-6.984655857086182
-2.570575714111328
-0.03170940279960632
-0.06393299251794815
-0.04275265336036682
-0.01760944165289402
-5.38484001159668
-0.01797235757112503
-0.08539742231369019
-0.5697935819625854
-0.3049548864364624
-2.0938034057617188
-1.091304063796997
-0.25581076741218567
-0.08137751370668411
-0.4565832018852234
-0.1536034345626831
-0.2800655663013458
-2.6059768199920654
-6.543632507324219
-2.2504518032073975
-1.430254340171814
-9.150613784790039
-1.9895392656326294
-1.792324185371399
-1.0268850326538086
-1.067569613456726
-0.09310249984264374
-5.090160846710205
-0.4672847390174866
-0.22290414571762085
-7.664759635925293
-2.6181840896606445
-0.3827023208141327
-2.2973973751068115
-2.2801308631896973
-2.6010994911193848
-5.588220119476318
-2.794299364089966
-0.09124482423067093
-0.5215874314308167
-0.5610144734382629
-2.176802158355713
-2.4389116764068604
-1.537844181060791
-0.12402744591236115
-1.7533116340637207
-2.3125009536743164
-0.2835826277732849
-0.7239149212837219
-9.707473754882812
-4.24444055557251
-5.249334335327148
-1.6545484066009521
-1.9316617250442505
-4.591265678405762
-1.9556562900543213
-2.310220718383789
-0.14345699548721313
-0.2886708080768585
-1.0429954528808594
-0.11058556288480759
-0.6825015544891357
-0.5072871446609497
-2.410339832305908
-2.4138636589050293
-0.06780441105365753
-1.338465929031372
-8.538704872131348
-0.47415298223495483
-4.437262058258057
-3.0070929527282715
-6.686672210693359
-2.941709518432617
-0.7703646421432495
-2.0406551361083984
-0.6867634057998657
-0.7320641875267029
-1.4894845485687256
-0.6838428974151611
-2.449805736541748
-1.2977306842803955
-0.738380491733551
-1.0219618082046509
-5.813215255737305
-4.2100701332092285
-8.747198104858398
-7.77273416519165
-4.693366527557373
-1.4695788621902466
-0.8263891935348511
-0.09917723387479782
-6.831487655639648
-1.2461040019989014
-0.4211885333061218
-1.4312855005264282
-0.6292462944984436
-2.310405731201172
-6.442966461181641
-7.19005823135376
-8.956657409667969
-10.574385643005371
-1.132362723350525
-0.04963796213269234
-0.5191036462783813
-1.4538770914077759
-4.623661518096924
-0.17465344071388245
-0.4177478849887848
-0.46191492676734924
-0.7820529341697693
-1.554121494293213
-2.1289572715759277
-0.6629834771156311
-6.511054039001465
-1.7197597026824951
-0.329559862613678
-0.17170709371566772
-3.9622538089752197
-0.10924126207828522
-5.489060401916504
-0.07058662176132202
-2.174013614654541
-4.759687423706055
-2.923905849456787
-12.482620239257812
-9.929877281188965
-2.293893337249756
-0.4014931321144104
-0.25195804238319397
-1.3685026168823242
-9.086251258850098
-1.2778329849243164
-2.4487032890319824
-1.9362835884094238
-2.0076544284820557
-0.06508559733629227
-0.9617552757263184
-1.9725123643875122
-4.189388751983643
-0.46460479497909546
-0.08930246531963348
-4.415979862213135
-4.786705493927002
-1.6905453205108643
-0.09505018591880798
-3.411559581756592
-9.520235061645508
-2.4518001079559326
-3.7616469860076904
-1.2488248348236084
-0.12983544170856476
-1.5351144075393677
-0.5610147714614868
-0.7064075469970703
-5.225212097167969
-3.9816339015960693
-0.4603826403617859
-0.13037699460983276
-0.5166332721710205
-2.5684781074523926
-3.522886037826538
-2.1329755783081055
-0.15358053147792816
-1.4588513374328613
-3.3482120037078857
-0.6943153738975525
-5.168423175811768
-3.7101070880889893
-1.7275588512420654
-3.915208578109741
-7.611275672912598
-2.5037126541137695
-4.016845703125
-3.2484402656555176
-6.489965438842773
-2.7197296619415283
-13.979592323303223
-3.7064993381500244
-3.1219096183776855
-4.03553581237793
-4.194144248962402
-4.263911247253418
-1.6517064571380615
-2.526339530944824
-4.4870924949646
-2.602398633956909
-6.506468772888184
-4.360930442810059
-4.912219047546387
-4.088075637817383
-7.192215442657471
-0.1537369340658188
-4.389499664306641
-3.3302927017211914
-1.2281200885772705
-4.1499738693237305
-3.2694599628448486
-1.560060739517212
-5.8299455642700195
-6.040988922119141
-1.0489269495010376
-6.2129340171813965
-0.3942849934101105
-11.613860130310059
-1.8525621891021729
-0.6612430810928345
-3.273393154144287
-0.04885539785027504
-0.016521429643034935
-4.7988667488098145
-0.038947489112615585
-0.8593420386314392
-9.545649528503418
-7.478697299957275
-2.2408273220062256
-5.975744724273682
-2.259326934814453
-2.875898838043213
-5.941259860992432
-1.2427802085876465
-0.22770287096500397
-0.02335538901388645
-0.025671139359474182
-0.19144122302532196
-0.04802541062235832
-0.09849289804697037
-1.4103562831878662
-8.548771858215332
-8.12936019897461
-3.874260425567627
-4.319714546203613
-0.08731962740421295
-1.5343828201293945
-3.077772617340088
-2.3296475410461426
-6.353536605834961
-0.7943010330200195
-2.4361650943756104
-4.386795997619629
-7.599419593811035
-2.1052043437957764
-6.582376003265381
-6.490298271179199
-2.8973002433776855
-0.4634566903114319
-2.2572388648986816
-3.8990859985351562
-1.8989838361740112
-4.22844934463501
-1.2731212377548218
-0.39390984177589417
-5.432819366455078
-2.382544755935669
-0.9311844706535339
-0.7662141919136047
-0.08021659404039383
-2.7375240325927734
-4.3844146728515625
-2.2288501262664795
-2.809227228164673
-0.3666236102581024
-1.584275722503662
-0.5704666376113892
-2.0719237327575684
-6.2968950271606445
-1.8223445415496826
-3.8445892333984375
-2.0970757007598877
-0.3743085265159607
-5.493453025817871
-0.4173291325569153
-0.14956876635551453
-1.0579794645309448
-12.509016036987305
-3.187653064727783
-6.228507041931152
-4.283392429351807
-3.4697141647338867
-0.6574041247367859
-0.02416013367474079
-0.10005418956279755
-3.9038243293762207
-3.164367437362671
-3.9533872604370117
-0.8347650766372681
-0.548484206199646
-2.5860679149627686
-1.6963987350463867
-0.854707658290863
-1.0451772212982178
-0.17358845472335815
-0.09843293577432632
-5.6679182052612305
-2.697035074234009
-4.883742332458496
-4.039313316345215
-3.006462574005127
-1.847859263420105
-2.9089548587799072
-2.5596585273742676
-8.347597122192383
-3.4270174503326416
-3.234738826751709
-9.523516654968262
-3.6593687534332275
-0.850591778755188
-1.1895991563796997
-1.6848053932189941
-2.0252487659454346
-0.3941069543361664
-0.0704207569360733
-5.05836296081543
-2.015225410461426
-0.5487755537033081
-1.1232514381408691
-0.7262109518051147
-3.7819156646728516
-0.08987479656934738
-0.2692044973373413
-1.9365614652633667
-7.1778364181518555
-3.2069549560546875
-1.0825018882751465
-3.8543319702148438
-2.6882059574127197
-0.019294437021017075
-0.008842714130878448
-0.0385698564350605
-0.010452408343553543
-0.08274945616722107
-0.12843605875968933
-2.7526063919067383
-1.5195646286010742
-2.554117202758789
-1.8718857765197754
-1.6336338520050049
-0.8714544177055359
-1.9338922500610352
-0.9374648332595825
-1.643838882446289
-1.940463900566101
-4.280656814575195
-3.287243604660034
-1.9496257305145264
-1.9856687784194946
-3.8536376953125
-10.760555267333984
-1.5966002941131592
-0.42262572050094604
-5.623123645782471
-5.008686542510986
-1.4069359302520752
-0.41001197695732117
-1.4264589548110962
-2.1202874183654785
-6.834925651550293
-2.6586482524871826
-7.041051864624023
-6.862614631652832
-0.22395460307598114
-1.3597933053970337
-0.6897869110107422
-2.8414249420166016
-3.3444643020629883
-0.7583213448524475
-3.4883904457092285
-0.9170507192611694
-0.2948824167251587
-13.034703254699707
-0.6670278906822205
-0.07655082643032074
-0.04628460854291916
-2.1144957542419434
-4.220170497894287
-4.4268574714660645
-7.643126487731934
-1.6062099933624268
-0.5543326139450073
-0.09228182584047318
-1.5516932010650635
-1.7685879468917847
-2.8355584144592285
-6.244468688964844
-2.514193296432495
-1.4210044145584106
-0.770298421382904
-2.3669443130493164
-0.41715312004089355
-1.724818229675293
-2.8684096336364746
-1.1755372285842896
-2.1316757202148438
-3.425449848175049
-6.106932163238525
-0.8785797357559204
-4.005969047546387
-0.07852679491043091
-1.2885831594467163
-4.841494560241699
-0.5619587898254395
-3.4205284118652344
-2.1812283992767334
-3.7416913509368896
-0.6697136163711548
-5.8515095710754395
-0.9508032202720642
-0.8925897479057312
-1.7785011529922485
-0.24529047310352325
-2.3027634620666504
-1.8363888263702393
-4.267602443695068
-2.0673141479492188
-1.9427664279937744
-1.7315150499343872
-1.2868984937667847
-5.758928298950195
-6.631240367889404
-0.8785849213600159
-5.851375579833984
-3.021533966064453
-2.388813018798828
-4.671263694763184
-0.4966784417629242
-0.6950966119766235
-9.073260307312012
-2.1611573696136475
-0.18198248744010925
-1.2157706022262573
-1.635929822921753
-11.6569242477417
-3.635780096054077
-1.1837466955184937
-0.23317767679691315
-2.252075672149658
-0.15716345608234406
-7.313454627990723
-2.6814422607421875
-1.4129881858825684
-3.497713088989258
-2.9909486770629883
-1.7788667678833008
-3.6778552532196045
-0.5288611650466919
-2.2420692443847656
-1.8361101150512695
-5.4147539138793945
-2.254380702972412
-2.1098575592041016
-7.908585548400879
-5.378396511077881
-0.8611931800842285
-0.6316547989845276
-3.471142530441284
-6.725747108459473
-3.218590021133423
-0.5610144734382629
-3.343146324157715
-8.58448314666748
-2.5935840606689453
-3.5517783164978027
-1.3897573947906494
-0.2750808894634247
-6.6709113121032715
-5.00553560256958
-5.303961753845215
-4.152062892913818
-5.950200080871582
-0.5217840671539307
-3.971848487854004
-9.830126762390137
-2.765972137451172
-0.0793679729104042
-2.603813886642456
-1.8209962844848633
-7.294586181640625
-8.116007804870605
-0.45109546184539795
-1.895001769065857
-1.2908809185028076
-1.5705863237380981
-0.5610147714614868
-4.37724494934082
-0.9605552554130554
-2.7032768726348877
-1.810659408569336
-4.781965255737305
-1.5135074853897095
-5.498876571655273
-2.868014335632324
-8.693536758422852
-0.5181220769882202
-3.5599076747894287
-1.3466756343841553
-2.1083896160125732
-1.4070764780044556
-0.06762571632862091
-0.007860206067562103
-5.184881210327148
-0.00791354663670063
-1.3229999542236328
-2.700519323348999
-0.06121135130524635
-0.004244723357260227
-5.956241130828857
-0.01313486136496067
-3.3514962196350098
-2.2402491569519043
-0.16415469348430634
-3.5529494285583496
-3.8594412803649902
-1.3372344970703125
-2.1748640537261963
-4.87730598449707
-1.5723693370819092
-5.096282482147217
-0.8580207824707031
-0.02690858766436577
-0.08992437273263931
-0.04405471682548523
-0.1494254618883133
-5.265748500823975
-1.3739641904830933
-5.214618682861328
-6.179691314697266
-3.273815631866455
-7.700044631958008
-0.989262580871582
-0.4754473865032196
-1.1788735389709473
-1.3783825635910034
-5.278635501861572
-7.197176933288574
-1.3473334312438965
-3.7084951400756836
-1.330956220626831
-4.874359607696533
-0.13268586993217468
-1.734035849571228
-4.635197162628174
-11.585206985473633
-2.394026041030884
-2.798858404159546
-3.5438055992126465
-2.3140459060668945
-5.450716018676758
-4.844543933868408
-2.5933339595794678
-0.022545915096998215
-3.041914463043213
-8.052387237548828
-0.8753142952919006
-5.108259201049805
-4.787750720977783
-1.7509911060333252
-4.782923698425293
-4.9436726570129395
-1.5888596773147583
-4.019217014312744
-0.6829760670661926
-3.016899585723877
-4.199132919311523
-1.3358383178710938
-0.013758583925664425
-4.530582904815674
-1.774543046951294
-9.475717544555664
-0.054317593574523926
-3.715007781982422
-8.819509506225586
-0.8446701765060425
-3.6023194789886475
-9.722151756286621
-0.7831968665122986
-3.99471116065979
-0.6767869591712952
-2.57236385345459
-1.2806131839752197
-3.057293653488159
-1.9934452772140503
-1.7893519401550293
-0.559846818447113
-2.947309970855713
-3.466576099395752
-3.0860705375671387
-0.45013922452926636
-5.983654499053955
-6.190557956695557
-5.684329986572266
-3.2344841957092285
-3.9664838314056396
-1.921495795249939
-3.340670108795166
-2.614668846130371
-1.6498373746871948
-6.633234977722168
-2.342738151550293
-3.077181100845337
-2.2238199710845947
-0.6208343505859375
-2.635193347930908
-1.503389835357666
-2.5424654483795166
-1.7347620725631714
-0.14083629846572876
-4.2828216552734375
-2.2289986610412598
-2.81900954246521
-0.05100541189312935
-0.4240725040435791
-3.2834248542785645
-6.999795913696289
-2.8731071949005127
-0.8004806637763977
-0.7127492427825928
-2.023709297180176
-1.0209437608718872
-5.946271896362305
-2.2948849201202393
-0.40539994835853577
-2.4547677040100098
-2.778557777404785
-3.0495617389678955
-7.954530239105225
-1.3623721599578857
-6.689263343811035
-3.306811809539795
-3.800917625427246
-1.3030513525009155
-4.796063423156738
-0.19856072962284088
-0.019570590928196907
-1.7635881900787354
-4.585348129272461
-2.6674201488494873
-3.6292715072631836
-1.0465036630630493
-0.09735860675573349
-7.039177417755127
-1.5576109886169434
-3.564857006072998
-7.32926082611084
-7.574403285980225
-9.399307250976562
-7.871026039123535
-4.568866729736328
-0.849594235420227
-2.585252046585083
-0.7376233339309692
-1.755062222480774
-2.715968132019043
-6.914026260375977
-3.8459105491638184
-5.610858917236328
-1.2644848823547363
-4.550485134124756
-3.006636142730713
-0.23332013189792633
-6.517493724822998
-2.8162803649902344
-1.7691899538040161
-8.460750579833984
-2.585923194885254
-0.6239144206047058
-1.8753200769424438
-1.253282070159912
-2.7673745155334473
-1.286692500114441
-1.2467588186264038
-0.5987231731414795
-1.0250874757766724
-2.317464828491211
-2.8129799365997314
-0.6350638270378113
-5.809081077575684
-2.1890058517456055
-2.52126145362854
-0.3698553144931793
-0.21414127945899963
-3.6211845874786377
-0.5610144734382629
-2.2555956840515137
-5.214315414428711
-0.35852286219596863
-0.13138727843761444
-0.4184013605117798
-0.5379782319068909
-2.844566583633423
-0.7901298999786377
-0.04008582979440689
-2.6481449604034424
-0.19396574795246124
-0.7012753486633301
-3.3363800048828125
-2.1707043647766113
-1.2946277856826782
-3.3685905933380127
-0.6464540362358093
-1.01039457321167
-0.4534865617752075
-5.599194526672363
-3.42108416557312
-0.24975673854351044
-5.4407148361206055
-3.4936106204986572
-2.8715431690216064
-9.561976432800293
-3.3188133239746094
-3.707576274871826
-1.8809399604797363
-2.9102728366851807
-2.8444528579711914
-2.0459723472595215
-3.9023125171661377
-4.871618270874023
-2.0371055603027344
-0.39215776324272156
-2.5396785736083984
-6.229363441467285
-1.2998251914978027
-0.5986502766609192
-7.416062831878662
-3.48809552192688
-5.719699859619141
-3.3676652908325195
-4.855899333953857
-0.35393792390823364
-5.209868431091309
-2.457728385925293
-0.27784669399261475
-3.866960287094116
-5.4581217765808105
-4.7685112953186035
-0.7637897729873657
-0.8720641732215881
-0.5532115697860718
-1.9960331916809082
-4.311666488647461
-1.2467073202133179
-9.532329559326172
-0.35720178484916687
-0.01901048794388771
-1.2017803192138672
-0.12199374288320541
-4.041085243225098
-0.32848796248435974
-2.272088050842285
-0.8587253093719482
-7.153461933135986
-0.25361213088035583
-10.086443901062012
-0.8560617566108704
-5.835257530212402
-1.2043007612228394
-0.10292074829339981
-3.371734619140625
-2.9400742053985596
-5.178312301635742
-3.781789779663086
-4.557872295379639
-0.09395495802164078
-1.4924747943878174
-4.5102434158325195
-3.367110252380371
-0.7068675756454468
-1.9403376579284668
-4.529630661010742
-4.374115467071533
-1.3562800884246826
-7.7372965812683105
-1.7408406734466553
-0.47611409425735474
-3.3843891620635986
-0.13501286506652832
-5.868688106536865
-3.7280635833740234
-3.479534864425659
-4.768316745758057
-1.0645804405212402
-0.3307562470436096
-0.29789280891418457
-0.8430917859077454
-8.776575088500977
-6.025279998779297
-0.053065575659275055
-0.08058179169893265
-2.8511123657226562
-4.506459712982178
-4.015244483947754
-3.1448988914489746
-2.66385817527771
-0.5306878089904785
-0.03555412217974663
-1.5595217943191528
-0.5251303315162659
-1.2644399404525757
-5.149704933166504
-5.456652641296387
-0.811403214931488
-5.86033821105957
-6.657917022705078
-2.6554789543151855
-2.78372859954834
-0.071997731924057
-1.1915037631988525
-2.136798143386841
-0.1398223489522934
-2.872575283050537
-1.018474817276001
-6.288021087646484
-1.178208827972412
-1.0981879234313965
-1.7827175855636597
-0.05195459723472595
-1.1676371097564697
-3.36841082572937
-5.186304569244385
-2.580313205718994
-3.368697166442871
-0.8647106885910034
-0.6176127195358276
-1.151529312133789
-3.5892863273620605
-5.741049289703369
-1.234548807144165
-3.4830322265625
-2.4842634201049805
-0.7691469192504883
-6.705799579620361
-0.10321646928787231
-0.3264005184173584
-4.180185317993164
-0.07981174439191818
-0.44806110858917236
-1.859388828277588
-3.396012783050537
-0.04806029051542282
-0.17281261086463928
-3.395752429962158
-5.656075477600098
-0.6281200051307678
-11.692211151123047
-1.9919347763061523
-3.5857150554656982
-0.15511904656887054
-0.4285812973976135
-4.752206802368164
-0.609711766242981
-6.8785576820373535
-1.5870728492736816
-0.40862932801246643
-5.327276229858398
-0.11523719877004623
-0.31335219740867615
-0.08677130192518234
-6.430541038513184
-7.1273274421691895
-5.1662092208862305
-4.475629806518555
-0.05352828651666641
-4.1049346923828125
-0.07665152847766876
-0.021197551861405373
-0.07099100202322006
-1.4458410739898682
-2.775742530822754
-3.073155403137207
-0.0523286797106266
-1.1069586277008057
-0.8557878136634827
-0.4819863736629486
-1.364833116531372
-0.8798849582672119
-5.028130531311035
-1.1934309005737305
-3.3510868549346924
-0.14656496047973633
-0.8130131959915161
-4.559976100921631
-3.1185572147369385
-0.13874927163124084
-1.2546381950378418
-6.191305637359619
-1.8790653944015503
-2.5900142192840576
-6.922420978546143
-9.97568130493164
-2.3398325443267822
-3.310192108154297
-5.055339813232422
-2.604854106903076
-3.0942118167877197
-8.451482772827148
-2.401421070098877
-3.0561933517456055
-1.7692487239837646
-12.505889892578125
-5.213282108306885
-0.8109933733940125
-3.669827938079834
-3.805107355117798
-4.266467094421387
-4.932187080383301
-0.09877513349056244
-0.31467872858047485
-0.7560782432556152
-2.4148025512695312
-0.43037688732147217
-3.513751983642578
-1.1487212181091309
-0.04585975036025047
-4.712146282196045
-0.7986037731170654
-4.2320780754089355
-3.0756852626800537
-5.063687324523926
-4.233517169952393
-10.898818016052246
-0.29415732622146606
-2.1856353282928467
-2.139981269836426
-2.994786262512207
-3.426882266998291
-4.218258857727051
-5.616482257843018
-5.960352897644043
-1.6541545391082764
-0.47894221544265747
-0.5486533641815186
-4.47878885269165
-3.4323678016662598
-4.048202991485596
-0.5668239593505859
-0.7382440567016602
-4.253902912139893
-0.3262272775173187
-0.20379647612571716
-1.5019841194152832
-0.05339144170284271
-0.011109048500657082
-0.03810625150799751
-0.015255437232553959
-4.59503173828125
-0.165615513920784
-0.006814217660576105
-0.037948109209537506
-0.01963079161942005
-2.341080904006958
-3.991083860397339
-4.847829341888428
-2.803591728210449
-2.4529361724853516
-4.9051642417907715
-1.5560593605041504
-6.14858865737915
-3.0858211517333984
-5.302424430847168
-5.573882102966309
-0.2563784718513489
-1.6186579465866089
-5.98967981338501
-6.564858913421631
-7.0440778732299805
-14.621092796325684
-0.9389333724975586
-0.4963917136192322
-4.4976630210876465
-4.564970970153809
-2.46878719329834
-0.06128928065299988
-0.07026531547307968
-0.030849337577819824
-0.021029360592365265
-9.09428596496582
-0.998520016670227
-1.451069712638855
-6.193058967590332
-1.828019618988037
-1.887333869934082
-0.7701777815818787
-3.6284656524658203
-2.352254629135132
-9.593574523925781
-0.5557264089584351
-2.356077194213867
-2.160132884979248
-0.0637986809015274
-10.421184539794922
-0.016698002815246582
-0.37983089685440063
-2.2900338172912598
-0.7789178490638733
-1.2978862524032593
-0.4415414333343506
-2.1539158821105957
-1.7087533473968506
-10.985818862915039
-8.788232803344727
-2.430968761444092
-2.3104419708251953
-0.2527346909046173
-0.2973445951938629
-0.5149816274642944
-1.6961032152175903
-7.583606243133545
-2.605863332748413
-4.011161804199219
-3.9090890884399414
-10.27450180053711
-4.174699306488037
-0.23267024755477905
-3.1871373653411865
-4.6262969970703125
-2.1411752700805664
-5.5806379318237305
-1.7859851121902466
-3.3132388591766357
-3.16030216217041
-7.822631359100342
-8.692342758178711
-2.3510255813598633
-1.2191548347473145
-1.105771780014038
-1.0388697385787964
-4.721093654632568
-2.588623523712158
-3.925562858581543
-3.85312557220459
-1.9438825845718384
-2.0841541290283203
-3.083569288253784
-1.582770586013794
-0.5969583988189697
-1.6411007642745972
-4.04968786239624
-0.4280813932418823
-0.8050787448883057
-3.4272069931030273
-0.07754018157720566
-0.05712536722421646
-0.20972856879234314
-0.027132296934723854
-2.2633376121520996
-1.1245830059051514
-4.251377105712891
-6.520428657531738
-7.2035675048828125
-3.050706386566162
-0.3555360436439514
-4.613674163818359
-1.3012319803237915
-2.4423694610595703
-4.30918025970459
-5.800937175750732
-3.852034330368042
-1.5212807655334473
-6.292632102966309
-0.9434601068496704
-1.6808949708938599
-0.2753598988056183
-3.9676592350006104
-6.238464832305908
-0.6529068946838379
-1.6232160329818726
-1.1920193433761597
-1.282746434211731
-0.0060748932883143425
-4.006519317626953
-1.2982028722763062
-3.119800329208374
-1.702017068862915
-5.94681453704834
-3.8899691104888916
-1.3035695552825928
-3.371051788330078
-9.155731201171875
-5.419557094573975
-4.118021011352539
-0.8366261720657349
-5.353873252868652
-0.5235134363174438
-2.1059975624084473
-5.21353006362915
-10.515310287475586
-5.5699944496154785
-2.0140674114227295
-1.9668723344802856
-8.066024780273438
-0.7625470161437988
-3.4418509006500244
-2.4622902870178223
-4.594753265380859
-4.38054895401001
-3.3569223880767822
-5.523552417755127
-0.8289237022399902
-5.4583821296691895
-1.420318603515625
-6.371368885040283
-4.282643795013428
-2.644099473953247
-3.79061222076416
-5.584866523742676
-1.7275192737579346
-0.9007958173751831
-6.944230079650879
-2.6605656147003174
-2.481241226196289
-5.446585178375244
-6.477458953857422
-5.011242866516113
-0.5019381046295166
-2.2629032135009766
-1.0036389827728271
-3.530043840408325
-0.7168869376182556
-9.933128356933594
-4.682497978210449
-4.408159255981445
-10.540302276611328
-1.8565298318862915
-3.1678619384765625
-7.443939208984375
-4.784550666809082
-5.605793476104736
-0.6165739297866821
-0.3464009165763855
-2.814495086669922
-1.6901319026947021
-5.801164627075195
-4.812824249267578
-2.8165318965911865
-1.6332672834396362
-1.1566263437271118
-4.127664089202881
-3.643702507019043
-7.4448041915893555
-1.21919846534729
-2.362553596496582
-5.841728210449219
-2.3824286460876465
-3.476848840713501
-3.1428775787353516
-3.413511276245117
-1.1889867782592773
-4.682745933532715
-0.009923292323946953
-12.372955322265625
-4.931019306182861
-5.954954624176025
-6.445865631103516
-11.360962867736816
-0.12254777550697327
-0.0431244857609272
-0.033886417746543884
-0.10156156867742538
-1.6164872646331787
-0.16595880687236786
-0.626072347164154
-7.620921611785889
-3.809131383895874
-6.966918468475342
-1.240584373474121
-4.959436416625977
-14.400701522827148
-3.930957317352295
-1.8811742067337036
-7.548699378967285
-4.968384265899658
-4.994692802429199
-4.3683271408081055
-1.1502712965011597
-0.6435856819152832
-4.132629871368408
-0.39874181151390076
-2.672612190246582
-1.6747477054595947
-0.9645370244979858
-3.381408214569092
-4.326075553894043
-0.075980544090271
-1.415127158164978
-3.204289436340332
-0.6625601649284363
-9.470943450927734
-0.8464189767837524
-3.7815067768096924
-2.533946990966797
-5.517506122589111
-5.040796279907227
-1.052494764328003
-3.407872438430786
-5.107036590576172
-2.3621342182159424
-1.944434404373169
-5.548877716064453
-2.1810836791992188
-1.9345802068710327
-3.692307710647583
-3.808871030807495
-1.532994031906128
-0.053450655192136765
-0.014300483278930187
-0.037952471524477005
-0.01516150962561369
-0.21762661635875702
-4.68658447265625
-1.1953606605529785
-8.048879623413086
-1.7758641242980957
-0.020410975441336632
-5.649334907531738
-0.11981917172670364
-0.14973114430904388
-1.4624757766723633
-7.381242752075195
-0.12587235867977142
-6.858426570892334
-5.545277118682861
-0.9549968242645264
-0.24496245384216309
-2.8932416439056396
-3.454587697982788
-8.04074478149414
-5.540509223937988
-9.371297836303711
-6.49480676651001
-0.9759464859962463
-0.3458828926086426
-2.7411916255950928
-3.2767648696899414
-2.258809804916382
-7.14152717590332
-6.634875297546387
-7.181342124938965
-2.378697395324707
-2.2366130352020264
-1.8353674411773682
-2.0824599266052246
-8.348418235778809
-0.34070640802383423
-1.485550880432129
-2.3517496585845947
-1.4479986429214478
-1.7680410146713257
-1.5922611951828003
-7.377902984619141
-2.508246898651123
-6.0143585205078125
-0.7558196783065796
-9.759686470031738
-0.6563044786453247
-5.044400691986084
-2.1976816654205322
-0.557698130607605
-0.07094825059175491
-0.01398701686412096
-4.919846534729004
-0.026866231113672256
-6.643435001373291
-5.24690055847168
-6.922399997711182
-5.011260509490967
-7.410871505737305
-0.10134454071521759
-2.6867403984069824
-1.869634985923767
-0.10089265555143356
-3.614586114883423
-1.8553249835968018
-3.0545613765716553
-1.6585981845855713
-4.89508056640625
-0.08917173743247986
-3.6697349548339844
-2.3525261878967285
-3.044689178466797
-0.04482269287109375
-0.9285447001457214
-2.3619651794433594
-0.8144423365592957
-2.901498794555664
-0.9087862968444824
-0.06360450387001038
-0.05584901571273804
-0.853899359703064
-8.046300888061523
-0.21489939093589783
-4.336558818817139
-3.981724977493286
-3.9932966232299805
-9.382552146911621
-0.42734479904174805
-3.1193184852600098
-2.421126365661621
-5.495876789093018
-8.587178230285645
-4.075267791748047
-7.052855491638184
-4.082728862762451
-3.887017011642456
-2.3018531799316406
-2.8567936420440674
-8.37897777557373
-1.608310341835022
-7.248403549194336
-3.4658775329589844
-12.226161003112793
-3.9976532459259033
-1.1678657531738281
-0.6135767102241516
-2.682527780532837
-10.555916786193848
-11.67343807220459
-7.623483180999756
-12.555318832397461
-8.040934562683105
-4.327909469604492
-1.9450125694274902
-3.208756685256958
-0.8456528186798096
-4.031289577484131
-5.88330078125
-5.038383483886719
-6.464846134185791
-1.3403635025024414
-5.289237022399902
-0.893036425113678
-0.6950966119766235
-7.403237342834473
-10.519472122192383
-0.9585574865341187
-9.386431694030762
-2.2722277641296387
-1.217612385749817
-4.627847671508789
-0.09815892577171326
-2.2033486366271973
-3.703676462173462
-2.318932294845581
-0.13518023490905762
-1.8594825267791748
-0.07759125530719757
-0.06927406787872314
-2.494546890258789
-12.602707862854004
-0.7424816489219666
-1.9287855625152588
-5.567635536193848
-7.610163688659668
-0.23891550302505493
-0.6261130571365356
-7.672652244567871
-2.943685293197632
-0.02853548154234886
-6.16535758972168
-5.719089984893799
-0.01774916611611843
-0.43534865975379944
-1.2356131076812744
-5.008685111999512
-2.201014518737793
-2.8451931476593018
-5.177665710449219
-3.8716464042663574
-7.860957145690918
-4.5108466148376465
-1.5364636182785034
-2.479311943054199
-5.440634727478027
-4.837425231933594
-0.06335937976837158
-2.3732316493988037
-7.605673789978027
-3.69732666015625
-2.191943407058716
-5.834747791290283
-2.439072370529175
-0.13336755335330963
-1.2931263446807861
-7.62059211730957
-4.086728572845459
-1.0894665718078613
-1.1093820333480835
-2.716719627380371
-1.8007506132125854
-2.7051470279693604
-8.414434432983398
-6.458683013916016
-3.4162757396698
-3.3150622844696045
-6.894840240478516
-2.1732568740844727
-11.293779373168945
-6.881984710693359
-7.1082234382629395
-12.206761360168457
-8.372325897216797
-0.2523398995399475
-3.102999687194824
-2.125786781311035
-0.9625957012176514
-2.3806824684143066
-6.268877029418945
-1.059178352355957
-6.604530334472656
-0.8479040861129761
-4.986278057098389
-1.0713785886764526
-2.913978338241577
-1.7414453029632568
-4.666469573974609
-1.2292444705963135
-7.3583478927612305
-1.3416298627853394
-2.9188575744628906
-0.2506262958049774
-3.465707778930664
-5.996660232543945
-1.8634767532348633
-1.4908854961395264
-3.142530918121338
-5.52078914642334
-7.450264930725098
-5.31888484954834
-5.109578609466553
-6.076513290405273
-11.915034294128418
-5.454613208770752
-4.480909824371338
-5.6831841468811035
-2.188692331314087
-0.8217529058456421
-4.7479023933410645
-0.605270266532898
-0.4960018992424011
-8.562430381774902
-2.0581471920013428
-1.1644490957260132
-3.2744555473327637
-10.152135848999023
-8.064347267150879
-2.364915370941162
-2.956026554107666
-3.334289073944092
-2.8420419692993164
-7.662419319152832
-2.973177433013916
-1.466710090637207
-6.303795337677002
-4.143460750579834
-0.42302125692367554
-6.1511006355285645
-0.11414430290460587
-1.7432613372802734
-0.6020710468292236
-0.7360143065452576
-3.0417792797088623
-2.8395888805389404
-2.5046651363372803
-4.337113380432129
-0.4254106879234314
-4.775535583496094
-8.202295303344727
-3.1574716567993164
-1.4275234937667847
-0.498263955116272
-0.2997168004512787
-0.4859733283519745
-4.522686958312988
-2.5699384212493896
-0.832078218460083
-6.154672145843506
-0.9042851328849792
-3.9224934577941895
-1.7962353229522705
-1.0159718990325928
-0.08244410902261734
-1.0042802095413208
-1.1133732795715332
-4.652782440185547
-0.40750929713249207
-5.239011764526367
-3.689342975616455
-5.560854434967041
-0.6772291660308838
-2.571640968322754
-4.370245933532715
-4.840815544128418
-6.34220027923584
-3.1503524780273438
-2.8398969173431396
-5.371744155883789
-6.748559474945068
-5.050542831420898
-2.4131100177764893
-3.7837226390838623
-0.43006956577301025
-2.9629898071289062
-2.3150038719177246
-0.10105279088020325
-0.5147094130516052
-4.542599201202393
-2.2707080841064453
-0.38428962230682373
-0.0374162383377552
-0.6294377446174622
-1.4598567485809326
-0.10550753772258759
-0.042386170476675034
-2.112173557281494
-5.11711311340332
-3.989309787750244
-3.727935791015625
-0.0626920685172081
-3.460012435913086
-1.580850601196289
-2.9848718643188477
-12.305343627929688
-1.9924180507659912
-7.699468612670898
-3.743274211883545
-3.7721400260925293
-3.079389810562134
-0.939016580581665
-2.155474901199341
-12.70034122467041
-1.212169885635376
-4.423694610595703
-3.3928871154785156
-2.5754776000976562
-4.944799900054932
-3.562161684036255
-6.208548069000244
-2.16159725189209
-1.5559898614883423
-3.717366933822632
-4.408205509185791
-0.35569465160369873
-2.1544995307922363
-6.579858779907227
-0.8501302003860474
-3.097071886062622
-4.430009841918945
-0.9075450301170349
-1.1804609298706055
-5.0311479568481445
-0.943028450012207
-0.5932676792144775
-5.61432409286499
-2.613680839538574
-0.03708098828792572
-4.5246901512146
-0.27236440777778625
-3.3217368125915527
-8.031354904174805
-1.8929685354232788
-2.563758134841919
-3.954667091369629
-2.3304076194763184
-2.6880996227264404
-0.6998686790466309
-3.5407774448394775
-6.032684803009033
-1.3697701692581177
-5.285623550415039
-1.5501830577850342
-3.3550963401794434
-6.87031364440918
-1.3605217933654785
-1.629666805267334
-4.631547451019287
-3.3065476417541504
-0.5154514312744141
-7.51556396484375
-2.1434707641601562
-3.031857490539551
-1.806054949760437
-4.871539115905762
-3.310380220413208
-2.469318151473999
-1.3343275785446167
-6.9158735275268555
-0.32373741269111633
-2.5638327598571777
-1.2650437355041504
-5.613997936248779
-4.973775863647461
-0.35729318857192993
-2.612855911254883
-7.361495494842529
-0.31715425848960876
-5.169915676116943
-3.8080897331237793
-3.549126148223877
-7.272087574005127
-1.6226403713226318
-6.06494140625
-0.07657159119844437
-1.2120740413665771
-2.5167105197906494
-1.3314862251281738
-2.062845230102539
-1.859307885169983
-5.02030086517334
-4.223382472991943
-1.5074896812438965
-2.883378744125366
-0.8604438304901123
-9.932548522949219
-0.37607669830322266
-3.7566475868225098
-2.361786365509033
-0.7522626519203186
-0.49308153986930847
-5.843101501464844
-5.171065807342529
-1.0106711387634277
-2.6596131324768066
-5.41807222366333
-1.9070236682891846
-1.396913766860962
-0.788512110710144
-2.4648640155792236
-2.0038256645202637
-12.51044750213623
-5.206331253051758
-2.2896621227264404
-0.12952089309692383
-0.11605348438024521
-2.753765106201172
-4.122824192047119
-7.216130256652832
-0.8135480284690857
-1.6387088298797607
-0.14330248534679413
-2.971724510192871
-5.835968017578125
-9.593214988708496
-0.7547780275344849
-4.572129249572754
-7.614092826843262
-4.1871185302734375
-6.000065803527832
-5.323078155517578
-4.428116798400879
-6.579198360443115
-4.485047340393066
-3.3970577716827393
-2.8195111751556396
-2.9849116802215576
-0.12939804792404175
-1.1067184209823608
-1.4938650131225586
-3.2351105213165283
-0.7428709864616394
-0.29876601696014404
-0.09595730155706406
-2.6900997161865234
-2.5551083087921143
-3.5193519592285156
-1.1049511432647705
-0.5297279357910156
-0.5737772583961487
-1.9966084957122803
-3.1971049308776855
-0.5356559157371521
-0.39824938774108887
-0.611650824546814
-1.4753304719924927
-0.45223695039749146
-0.05628993362188339
-3.878763198852539
-1.7131234407424927
-0.025612810626626015
-7.165624141693115
-1.291510820388794
-2.482475757598877
-4.081551551818848
-1.2169222831726074
-7.472203731536865
-2.5702602863311768
-9.519795417785645
-0.8495866060256958
-5.102160453796387
-3.3549065589904785
-2.720708131790161
-2.642504930496216
-1.2330095767974854
-5.955615043640137
-3.9099535942077637
-2.044463634490967
-1.686819314956665
-0.06892374157905579
-0.10984715074300766
-1.166048526763916
-6.15238094329834
-1.182251214981079
-0.5046440362930298
-3.839229106903076
-2.5700807571411133
-4.079980373382568
-1.0265624523162842
-3.49005126953125
-8.835689544677734
-2.2469589710235596
-1.3238269090652466
-0.6135362386703491
-0.789473295211792
-9.703011512756348
-1.1863443851470947
-0.12344472855329514
-0.23945222795009613
-5.830892562866211
-4.471137046813965
-0.19972288608551025
-0.17731980979442596
-1.0784056186676025
-0.5610144734382629
-0.7541354894638062
-0.6133789420127869
-2.297208786010742
-0.26066651940345764
-0.02089756540954113
-0.5034860968589783
-1.1564850807189941
-5.967184066772461
-2.837709426879883
-3.6776819229125977
-8.031869888305664
-5.210021018981934
-0.1567569077014923
-1.1409345865249634
-0.5234825015068054
-1.3105937242507935
-1.7006183862686157
-16.147857666015625
-9.539291381835938
-0.21296976506710052
-1.240914225578308
-3.6488842964172363
-2.5360212326049805
-5.553117752075195
-1.7255232334136963
-1.7545859813690186
-0.6950966119766235
-2.280808448791504
-2.750359535217285
-6.9520344734191895
-0.18779835104942322
-1.5168850421905518
-0.9764804840087891
-1.5896958112716675
-1.2343745231628418
-0.7242848873138428
-5.7569580078125
-1.6420550346374512
-0.0299402866512537
-1.0703392028808594
-0.04396003112196922
-0.015126753598451614
-0.040941882878541946
-0.009993401356041431
-0.5046838521957397
-7.729290962219238
-1.9838879108428955
-3.269075393676758
-1.236393928527832
-0.5162610411643982
-0.3299415111541748
-7.491994380950928
-0.06396206468343735
-3.0172946453094482
-2.0000007152557373
-1.5275790691375732
-2.659329652786255
-0.749531626701355
-2.014491319656372
-0.2437768280506134
-12.547725677490234
-3.9140572547912598
-0.06372351944446564
-1.5053189992904663
-2.8732991218566895
-0.7223937511444092
-2.660343647003174
-5.639193058013916
-2.6597039699554443
-5.423710346221924
-4.589759349822998
-1.5624878406524658
-2.174013614654541
-6.642950057983398
-2.3173398971557617
-1.028321385383606
-0.4036252200603485
-0.09227029979228973
-0.8305954933166504
-4.128561019897461
-1.0096814632415771
-3.700197458267212
-1.8714243173599243
-1.8723905086517334
-1.403340458869934
-2.11761212348938
-0.7521384358406067
-2.5828423500061035
-4.510900974273682
-1.4386873245239258
-1.286224603652954
-2.3411645889282227
-3.5982961654663086
-1.4330066442489624
-2.6135528087615967
-0.7964537739753723
-0.7813153862953186
-1.663496732711792
-3.305694341659546
-2.856719493865967
-0.9900275468826294
-6.424794673919678
-13.968963623046875
-3.6491849422454834
-1.6412413120269775
-1.8659812211990356
-0.5610147714614868
-1.4841077327728271
-2.813779592514038
-3.5623319149017334
-0.11501269787549973
-2.4298949241638184
-10.093873977661133
-0.3279818594455719
-2.022845506668091
-0.0791611596941948
-3.397923707962036
-3.345094919204712
-0.07662536203861237
-1.7405636310577393
-1.6527196168899536
-2.546647310256958
-4.122559547424316
-0.8867255449295044
-2.602672576904297
-4.043585300445557
-0.8445960283279419
-2.829768419265747
-3.196769952774048
-0.8725571036338806
-3.776883602142334
-3.2663280963897705
-3.9965248107910156
-0.8684976100921631
-0.5610147714614868
-1.8293031454086304
-1.061600923538208
-0.24551133811473846
-0.33845722675323486
-2.9338221549987793
-0.8432344794273376
-0.10071967542171478
-9.470934867858887
-2.483349561691284
-0.13543470203876495
-6.8647942543029785
-0.6758980751037598
-1.2854440212249756
-0.07280562818050385
-1.5653562545776367
-0.5610147714614868
-2.8504791259765625
-4.309499740600586
-2.7952775955200195
-4.887394428253174
-3.3016750812530518
-1.2021770477294922
-0.6562460660934448
-0.4155243933200836
-1.2139554023742676
-0.9278497099876404
-7.057528495788574
-7.8683881759643555
-4.329550266265869
-0.8929682374000549
-3.5601940155029297
-3.6189424991607666
-0.5729057192802429
-0.5695542693138123
-0.05135493353009224
-6.820488929748535
-5.532839775085449
-3.302625894546509
-3.8282337188720703
-6.586819648742676
-2.13700795173645
-7.139672756195068
-10.11159610748291
-1.4995914697647095
-0.3206939101219177
-2.3477704524993896
-3.4156668186187744
-1.091815710067749
-6.406797409057617
-8.999686241149902
-0.609568178653717
-0.17352250218391418
-1.0971221923828125
-0.5237745642662048
-1.3594077825546265
-3.8752739429473877
-1.4985551834106445
-7.924518585205078
-1.6281938552856445
-2.4943578243255615
-0.31871238350868225
-1.4197416305541992
-3.882387161254883
-1.791100025177002
-1.8994007110595703
-4.398703098297119
-0.02788427658379078
-3.1460466384887695
-1.3165290355682373
-3.627354383468628
-5.676827430725098
-5.736329078674316
-0.27615347504615784
-8.582464218139648
-7.580323219299316
-2.7793960571289062
-0.7205293774604797
-1.7994275093078613
-1.156570315361023
-0.0814141035079956
-2.4006524085998535
-5.598978519439697
-3.6828951835632324
-0.6546381115913391
-2.034196615219116
-1.3908547163009644
-1.9049502611160278
-1.921594262123108
-3.438046455383301
-1.6021618843078613
-5.5679426193237305
-4.782621383666992
-3.3740394115448
-8.272388458251953
-1.5522277355194092
-2.451917886734009
-2.8024332523345947
-2.8472421169281006
-0.2784218490123749
-8.058791160583496
-3.7525522708892822
-0.07713998854160309
-2.2632389068603516
-4.99863338470459
-3.187255620956421
-1.834551215171814
-2.3443617820739746
-6.130435466766357
-3.2173237800598145
-5.585360050201416
-4.244803428649902
-2.4900190830230713
-1.9950051307678223
-0.13050757348537445
-5.626274585723877
-3.937432050704956
-1.068749189376831
-1.0663777589797974
-1.278160572052002
-2.9218177795410156
-1.3812884092330933
-2.879539966583252
-5.156578063964844
-4.590559482574463
-1.88228440284729
-3.8815670013427734
-1.5044500827789307
-0.1757541000843048
-1.2123439311981201
-6.8772125244140625
-1.2255799770355225
-1.198398470878601
-2.257389783859253
-5.269846439361572
-8.592913627624512
-0.10459938645362854
-0.5274069905281067
-3.025449275970459
-5.784780025482178
-3.525956630706787
-5.403107643127441
-4.851038932800293
-5.31279182434082
-10.430252075195312
-9.124476432800293
-8.586472511291504
-2.562483549118042
-2.4356634616851807
-4.71315860748291
-5.063921928405762
-7.209065914154053
-1.477453589439392
-2.853672981262207
-2.4316494464874268
-1.2657599449157715
-6.473990440368652
-2.1838579177856445
-0.6950966119766235
-5.228482246398926
-4.234550476074219
-0.21854017674922943
-5.635035514831543
-0.9301472306251526
-0.5410107374191284
-0.03030511550605297
-3.785762310028076
-4.074968338012695
-2.3913180828094482
-8.041797637939453
-0.7796019911766052
-1.3848341703414917
-1.1326243877410889
-3.4302783012390137
-0.09854993224143982
-5.7244977951049805
-0.38609668612480164
-6.6722798347473145
-5.118675231933594
-0.23272249102592468
-2.91446852684021
-1.1009865999221802
-1.7928471565246582
-5.383400917053223
-2.0870611667633057
-3.007499933242798
-4.526891708374023
-1.8737468719482422
-1.5347909927368164
-1.355802059173584
-3.0518929958343506
-6.765932559967041
-0.07501685619354248
-9.294171333312988
-0.5535368919372559
-8.6876220703125
-0.09330471605062485
-3.3075051307678223
-1.1518548727035522
-2.422715187072754
-6.796860694885254
-1.047346830368042
-0.9016618132591248
-5.235975742340088
-4.223624229431152
-1.31278395652771
-0.5610145926475525
-2.35025691986084
-1.6564116477966309
-0.34402304887771606
-2.2403769493103027
-2.2022767066955566
-1.3681303262710571
-5.53426456451416
-2.531036376953125
-4.292534828186035
-0.19887258112430573
-2.1240286827087402
-2.916361093521118
-3.269256830215454
-2.7090954780578613
-8.440753936767578
-7.26719856262207
-1.09507417678833
-4.332837104797363
-1.7118585109710693
-0.6654545068740845
-2.457980155944824
-3.052023410797119
-2.196519374847412
-1.8033400774002075
-3.7132790088653564
-3.9529967308044434
-2.4504759311676025
-0.279673308134079
-0.7760257720947266
-4.17827844619751
-0.07749065011739731
-1.6960111856460571
-7.580452919006348
-6.521574974060059
-7.111523151397705
-4.862252235412598
-2.30525541305542
-0.034588772803545
-2.9783804416656494
-0.9264406561851501
-0.04019462317228317
-3.915403366088867
-3.2793776988983154
-2.142815351486206
-0.47011131048202515
-1.3056457042694092
-3.868180751800537
-1.2068159580230713
-8.543367385864258
-0.5261014699935913
-2.40596604347229
-0.7891268134117126
-4.233102321624756
-5.142720699310303
-3.3875887393951416
-7.788303852081299
-1.3512113094329834
-1.7716732025146484
-0.5779416561126709
-1.8713631629943848
-2.3584036827087402
-2.467357635498047
-0.232491135597229
-1.162950038909912
-3.0134148597717285
-2.766062021255493
-2.341226816177368
-3.167527198791504
-1.4735137224197388
-1.3859474658966064
-3.423394203186035
-7.034031391143799
-3.581388473510742
-1.9328352212905884
-0.009110074490308762
-0.0798388198018074
-0.03640233725309372
-6.3756937980651855
-2.0157370567321777
-0.03347066789865494
-3.9852263927459717
-4.639737606048584
-10.87026309967041
-1.7710342407226562
-2.255272388458252
-2.989814519882202
-7.916629314422607
-4.6541595458984375
-2.196256399154663
-2.294203758239746
-2.0906434059143066
-3.4849445819854736
-2.7303390502929688
-7.402505397796631
-0.6950966119766235
-3.4961488246917725
-1.0255165100097656
-3.146641254425049
-1.9595258235931396
-5.837436676025391
-5.641590118408203
-1.0011134147644043
-5.399714946746826
-0.3265303671360016
-0.176504984498024
-4.434330463409424
-0.8619586229324341
-13.477436065673828
-3.8817713260650635
-4.228509902954102
-1.990313172340393
-3.9477698802948
-3.1678175926208496
-1.4019616842269897
-6.441492557525635
-0.2491467297077179
-1.702040433883667
-0.6156307458877563
-7.34464168548584
-1.3486305475234985
-0.8185147047042847
-7.672696590423584
-0.9444741010665894
-4.182506561279297
-3.605712413787842
-7.2821807861328125
-5.604439735412598
-6.76286506652832
-1.003696322441101
-0.11037667095661163
-1.2214796543121338
-0.3655172288417816
-1.299574851989746
-1.8019057512283325
-2.1241214275360107
-1.8474689722061157
-0.07549118995666504
-4.818024635314941
-8.301115036010742
-1.628857970237732
-2.3713796138763428
-6.741882801055908
-1.666003942489624
-2.514674425125122
-0.04523283615708351
-0.007851808331906796
-0.029468031600117683
-0.012121348641812801
-4.354063987731934
-7.064901351928711
-0.6950963735580444
-6.4278106689453125
-2.7947909832000732
-0.28750067949295044
-10.797961235046387
-0.2502027451992035
-0.9709746837615967
-0.15590128302574158
-4.270635604858398
-3.6865742206573486
-4.299470901489258
-1.2163262367248535
-0.6097012162208557
-0.05253693461418152
-0.617039144039154
-4.166086673736572
-1.5849546194076538
-0.47582241892814636
-0.1042344719171524
-3.3393759727478027
-2.9793105125427246
-2.4831650257110596
-2.146462917327881
-1.654107928276062
-1.9402055740356445
-3.7938802242279053
-2.6617095470428467
-6.446304798126221
-5.966707706451416
-0.03185410052537918
-6.457703113555908
-2.4549014568328857
-2.909510612487793
-0.19658491015434265
-0.7890793681144714
-1.356779932975769
-2.8975296020507812
-3.159633159637451
-6.202082633972168
-9.059356689453125
-1.9632325172424316
-1.8388292789459229
-3.4475955963134766
-5.4564313888549805
-7.408409595489502
-3.9107439517974854
-1.55954110622406
-0.5831393599510193
-2.298755168914795
-1.5650677680969238
-6.860424995422363
-5.418346405029297
-2.917124032974243
-0.5589626431465149
-1.4750139713287354
-2.6272072792053223
-1.2466531991958618
-0.8939189910888672
-12.019987106323242
-6.985177993774414
-2.0755832195281982
-3.9038243293762207
-0.05974449962377548
-3.8103601932525635
-0.7690949440002441
-1.417015552520752
-0.095770463347435
-12.375081062316895
-4.1448211669921875
-1.7713596820831299
-0.5599187612533569
-3.3178505897521973
-7.938103199005127
-2.706235885620117
-7.464247703552246
-0.036123551428318024
-3.380185127258301
-5.645604610443115
-1.446333885192871
-0.06101353466510773
-3.916977882385254
-7.067968368530273
-0.36799320578575134
-9.209957122802734
-2.817026376724243
-2.140310287475586
-0.2335984855890274
-4.220067024230957
-0.7254495620727539
-0.4510864317417145
-1.8811261653900146
-4.295680999755859
-3.2985219955444336
-0.10226813703775406
-1.8549281358718872
-0.30246931314468384
-13.947397232055664
-0.4178939461708069
-0.908674418926239
-5.320183753967285
-1.8766248226165771
-10.156249046325684
-0.10070684552192688
-1.9992963075637817
-1.991567850112915
-5.761608600616455
-3.824625253677368
-1.1383837461471558
-0.16974152624607086
-1.496354103088379
-1.1230844259262085
-0.1469825804233551
-0.1494179666042328
-0.7305963635444641
-3.2173686027526855
-1.0286259651184082
-4.39414644241333
-2.2571842670440674
-5.591031551361084
-4.295780658721924
-2.5075860023498535
-2.0656986236572266
-1.9906864166259766
-0.9101851582527161
-2.8232052326202393
-0.6515872478485107
-9.642964363098145
-9.159383773803711
-3.2005727291107178
-6.579323768615723
-8.118985176086426
-4.314187049865723
-0.03294067829847336
-4.033178806304932
-7.2126288414001465
-5.969002723693848
-3.0020580291748047
-1.2146803140640259
-10.536815643310547
-1.1189903020858765
-1.6996445655822754
-0.10690592974424362
-1.4147188663482666
-0.327951043844223
-3.507387399673462
-0.1525358259677887
-3.049936532974243
-2.124340772628784
-1.9783425331115723
-0.10609575361013412
-0.26477083563804626
-3.2211451530456543
-0.1318831592798233
-0.9808673858642578
-2.3031773567199707
-0.5479422807693481
-4.229121208190918
-3.279202699661255
-1.0099732875823975
-0.4802817106246948
-6.267703056335449
-3.7475032806396484
-6.456027507781982
-3.917764902114868
-1.4562554359436035
-1.2897456884384155
-5.7643866539001465
-4.705817699432373
-2.073975086212158
-10.095029830932617
-1.088353157043457
-1.7701051235198975
-1.203437089920044
-0.6411892771720886
-9.337387084960938
-2.383592128753662
-2.940546751022339
-14.719917297363281
-0.5053905844688416
-3.5217342376708984
-1.3219034671783447
-6.7100019454956055
-0.8409830331802368
-4.207564830780029
-1.940814733505249
-0.6931586265563965
-0.7917662262916565
-1.7052628993988037
-0.8526822924613953
-2.683781147003174
-0.46541690826416016
-2.104830503463745
-2.8220021724700928
-2.5335638523101807
-2.1972594261169434
-0.6861047148704529
-3.3551251888275146
-2.9313366413116455
-2.3844070434570312
-4.357172012329102
-3.8679869174957275
-1.829505205154419
-2.1978421211242676
-3.349801540374756
-6.202712059020996
-9.554797172546387
-1.38164222240448
-1.5733768939971924
-0.07619795948266983
-11.949023246765137
-0.25989723205566406
-8.730276107788086
-1.5743894577026367
-3.3761699199676514
-3.50762677192688
-0.09700770676136017
-0.05126354470849037
-1.1524429321289062
-1.1335124969482422
-1.2681914567947388
-3.010179042816162
-3.2488067150115967
-2.915240526199341
-1.7544288635253906
-2.3810417652130127
-0.40127113461494446
-0.5116856098175049
-0.1155579686164856
-2.7326347827911377
-0.5610144734382629
-2.6871368885040283
-2.352073907852173
-6.8760833740234375
-1.5957720279693604
-5.784181118011475
-1.1145793199539185
-6.989659309387207
-3.6764111518859863
-4.602886199951172
-1.0116820335388184
-0.14317016303539276
-0.7025205492973328
-0.762117862701416
-2.1212751865386963
-1.6526414155960083
-1.9822111129760742
-0.8624228835105896
-5.353684902191162
-0.6922457218170166
-0.15853016078472137
-0.7634919285774231
-1.1102756261825562
-8.389403343200684
-5.793910980224609
-1.0308330059051514
-1.6879563331604004
-1.231898546218872
-1.0852760076522827
-0.7782697081565857
-0.8044685125350952
-6.040482044219971
-0.12357527017593384
-0.8835036158561707
-0.748709499835968
-5.619807243347168
-5.221124649047852
-0.7436948418617249
-5.812084674835205
-5.026620388031006
-0.7010759711265564
-8.387765884399414
-0.7798464298248291
-1.5197036266326904
-3.994922637939453
-5.846269130706787
-0.12145714461803436
-1.295053482055664
-9.228754043579102
-3.350754499435425
-1.3869946002960205
-4.334718704223633
-4.778378963470459
-9.87001895904541
-5.805069446563721
-5.9777727127075195
-9.543834686279297
-7.110414505004883
-0.47563663125038147
-3.604300022125244
-2.174013376235962
-1.811130166053772
-6.0344462394714355
-6.787516117095947
-0.3801673352718353
-1.8551377058029175
-0.23639167845249176
-4.090797424316406
-0.5625127553939819
-6.775212287902832
-6.405176162719727
-0.08310078829526901
-0.3623788356781006
-5.67476749420166
-7.045175075531006
-4.4203386306762695
-0.09589318186044693
-5.098724365234375
-8.470046997070312
-4.389645576477051
-0.04030890017747879
-0.3948719799518585
-4.310169696807861
-2.284799098968506
-6.444038391113281
-0.7326326966285706
-3.088883638381958
-0.1052398532629013
-5.5724616050720215
-2.3794667720794678
-2.7307353019714355
-0.9344120025634766
-4.676238536834717
-1.6962735652923584
-1.5555499792099
-11.504782676696777
-0.09495532512664795
-2.9908390045166016
-1.070225477218628
-1.0252104997634888
-3.384991407394409
-6.368070125579834
-3.880789279937744
-1.9455208778381348
-1.8896366357803345
-1.650413155555725
-2.0110087394714355
-2.2879345417022705
-2.1007297039031982
-5.680729866027832
-2.687079906463623
-1.939814805984497
-1.9957880973815918
-2.6998424530029297
-1.094939112663269
-2.793057918548584
-4.831352710723877
-0.48358863592147827
-0.2904665470123291
-6.039993762969971
-1.8943184614181519
-2.626392126083374
-0.6253920197486877
-1.432689905166626
-0.9548940658569336
-1.3040449619293213
-1.3056352138519287
-5.957484245300293
-1.0864272117614746
-0.5610147714614868
-5.401906967163086
-3.08601713180542
-3.058790683746338
-5.486776351928711
-5.1345415115356445
-2.0520198345184326
-4.208909034729004
-1.9434409141540527
-0.4449383020401001
-4.372836112976074
-4.0802998542785645
-2.534195899963379
-1.7064039707183838
-5.423870086669922
-7.200770378112793
-1.036698579788208
-2.680922269821167
-0.5610144734382629
-5.722652912139893
-1.578545331954956
-0.37442994117736816
-1.3686583042144775
-2.9531078338623047
-0.09822970628738403
-0.019461635500192642
-2.0278592109680176
-1.8127961158752441
-1.1450756788253784
-5.899228572845459
-2.4797275066375732
-0.5903415679931641
-5.319766998291016
-0.33347925543785095
-5.2815656661987305
-0.2571830153465271
-0.1351853311061859
-0.9013041257858276
-0.9810787439346313
-1.3656020164489746
-0.8266866207122803
-4.369655132293701
-2.5111870765686035
-0.42909425497055054
-9.011968612670898
-1.6694581508636475
-1.6123161315917969
-0.6110329627990723
-3.0530846118927
-0.1783401370048523
-0.8428537249565125
-0.1115112230181694
-5.336543560028076
-4.179163455963135
-8.610601425170898
-1.2607359886169434
-1.0454185009002686
-0.77482008934021
-0.2568858861923218
-1.049107313156128
-5.632182598114014
-2.5400679111480713
-0.03960803151130676
-1.69204580783844
-1.567866563796997
-1.2224886417388916
-1.1160253286361694
-0.4343512952327728
-1.427159070968628
-11.629743576049805
-2.429185390472412
-4.182534217834473
-2.3277549743652344
-6.141145706176758
-1.9817513227462769
-5.122060775756836
-1.3267414569854736
-2.296563148498535
-1.056692361831665
-1.3258752822875977
-1.5298153162002563
-1.8567887544631958
-0.9494932293891907
-4.264421463012695
-0.3201529383659363
-5.8347673416137695
-2.551698923110962
-2.955524206161499
-9.54714584350586
-3.787965774536133
-2.3975369930267334
-0.5610147714614868
-2.696824073791504
-11.343832015991211
-0.4412080645561218
-1.7087352275848389
-0.3434579372406006
-4.912022590637207
-5.3181047439575195
-5.06599760055542
-3.5309977531433105
-1.2725164890289307
-6.530551910400391
-1.6398062705993652
-5.858719825744629
-3.239839792251587
-4.3735880851745605
-3.363654851913452
-2.2863786220550537
-8.628179550170898
-4.317800045013428
-0.2849768400192261
-0.38564032316207886
-3.220764636993408
-1.6165997982025146
-3.655703544616699
-0.7773290872573853
-8.104851722717285
-2.4983644485473633
-0.8267016410827637
-7.560863018035889
-0.15236346423625946
-3.741199016571045
-0.32352256774902344
-3.1844754219055176
-2.0101733207702637
-0.7700007557868958
-1.3044556379318237
-1.3158133029937744
-3.8529446125030518
-2.6672229766845703
-0.48960965871810913
-6.781892776489258
-0.0704299807548523
-2.528346300125122
-1.1066796779632568
-0.906920313835144
-2.499145746231079
-2.455685615539551
-4.535800933837891
-1.1398993730545044
-5.159844398498535
-2.8228254318237305
-1.3722963333129883
-8.096725463867188
-1.9837169647216797
-0.6699944734573364
-0.90460604429245
-5.78763484954834
-3.606123924255371
-3.3048360347747803
-1.02913236618042
-2.6095409393310547
-4.244962692260742
-3.8489906787872314
-1.385258436203003
-3.8348190784454346
-2.486724615097046
-1.0633858442306519
-2.412217378616333
-2.0383784770965576
-5.995086193084717
-6.216753005981445
-5.895043849945068
-3.8518402576446533
-1.843454122543335
-2.019270181655884
-0.5610144734382629
-8.054498672485352
-8.240530967712402
-2.188560962677002
-0.05235922709107399
-2.1383397579193115
-0.49965113401412964
-0.46565699577331543
-3.6561977863311768
-7.29898738861084
-0.12218218296766281
-0.026296034455299377
-0.02648412436246872
-0.0810263454914093
-0.1272633671760559
-3.5468544960021973
-1.207042932510376
-4.398651123046875
-1.6784062385559082
-4.349485397338867
-0.240825816988945
-3.9503607749938965
-2.3212051391601562
-0.4373134672641754
-2.3563289642333984
-1.0483336448669434
-2.5426435470581055
-1.4370518922805786
-4.579451084136963
-0.0593719445168972
-1.8547173738479614
-0.6562985777854919
-0.7326524257659912
-8.605378150939941
-2.5860748291015625
-3.12656569480896
-3.0902657508850098
-0.369718998670578
-5.276895046234131
-0.7935677766799927
-1.9372621774673462
-1.684666395187378
-1.0366194248199463
-1.1899428367614746
-7.59915828704834
-0.6184126734733582
-1.5388222932815552
-1.6032235622406006
-3.3900561332702637
-7.519510269165039
-2.1276698112487793
-1.0113906860351562
-2.8799474239349365
-6.182352066040039
-0.7715370059013367
-4.912990570068359
-0.037470895797014236
-0.4875049591064453
-5.618833541870117
-3.1373820304870605
-2.402602195739746
-0.7187490463256836
-3.837914228439331
-4.934545040130615
-4.344442367553711
-8.03384017944336
-7.5529937744140625
-0.45618265867233276
-0.1696522831916809
-3.92915415763855
-0.9097968339920044
-7.190145492553711
-2.7752110958099365
-1.9728542566299438
-4.467276573181152
-0.9215965270996094
-0.17497262358665466
-9.623926162719727
-2.589953899383545
-1.961686372756958
-0.0150483138859272
-1.2603625059127808
-1.7866063117980957
-1.6649830341339111
-0.08592188358306885
-2.7073471546173096
-2.4501118659973145
-5.448936939239502
-1.515803575515747
-0.34871402382850647
-5.035163879394531
-1.7010267972946167
-0.6941300630569458
-3.321347236633301
-2.5576114654541016
-1.6480576992034912
-2.0550811290740967
-1.1202341318130493
-0.6352791786193848
-2.217440605163574
-2.8185324668884277
-1.584423303604126
-3.9678101539611816
-1.054511547088623
-6.574470520019531
-3.898972988128662
-1.4310364723205566
-0.08707620203495026
-0.6097637414932251
-0.11961812525987625
-0.883786678314209
-3.048966407775879
-3.909311056137085
-2.7945609092712402
-8.81393814086914
-1.0880882740020752
-3.5775933265686035
-2.696640968322754
-5.008677005767822
-9.63774299621582
-2.59724760055542
-0.5153907537460327
-12.370918273925781
-0.05390731617808342
-5.006918907165527
-0.7431866526603699
-2.1319351196289062
-6.960452079772949
-5.911902904510498
-3.1434707641601562
-2.4717204570770264
-2.1496171951293945
-2.381951332092285
-2.2613162994384766
-5.73481559753418
-3.21039080619812
-0.1800948679447174
-0.02219969592988491
-2.6980175971984863
-1.0232129096984863
-0.8497743606567383
-5.11784553527832
-4.0485734939575195
-1.9408701658248901
-3.588573932647705
-2.8833446502685547
-0.365356981754303
-0.12968719005584717
-0.08909595012664795
-7.318836212158203
-0.7717444896697998
-3.7460274696350098
-1.0371534824371338
-2.3858296871185303
-0.2269434928894043
-0.5179874300956726
-0.12972939014434814
-1.942375659942627
-6.865323066711426
-3.645129680633545
-0.3680904507637024
-1.418077826499939
-7.62801456451416
-6.645525932312012
-5.421170711517334
-1.4565232992172241
-2.2723751068115234
-2.1795170307159424
-3.5187697410583496
-1.2239274978637695
-6.861592769622803
-1.3234162330627441
-2.853109359741211
-4.662887096405029
-0.22311151027679443
-1.4059048891067505
-0.5105761289596558
-11.135708808898926
-1.0431405305862427
-4.82927131652832
-0.18035142123699188
-2.2485527992248535
-2.13692045211792
-0.1095225065946579
-6.295319557189941
-0.9917958974838257
-0.15952572226524353
-0.04290935397148132
-0.1145729050040245
-0.6846792101860046
-1.113964557647705
-0.024273814633488655
-4.675583839416504
-0.20263603329658508
-1.7997568845748901
-0.604239821434021
-2.467067241668701
-8.671651840209961
-1.1288228034973145
-0.05863597244024277
-1.9290210008621216
-11.17851448059082
-2.619669198989868
-0.12613750994205475
-1.9993245601654053
-3.1201820373535156
-4.752579212188721
-3.509777545928955
-2.552182197570801
-1.426856279373169
-4.976529598236084
-2.322218418121338
-1.2578703165054321
-3.022859573364258
-5.689754009246826
-8.775381088256836
-4.841815948486328
-3.5533432960510254
-0.3106202483177185
-0.7931334972381592
-4.043749809265137
-1.4297271966934204
-3.2358193397521973
-6.386207580566406
-5.943793773651123
-5.852346420288086
-2.5814764499664307
-0.07643575966358185
-0.33992791175842285
-7.3385090827941895
-5.498019218444824
-2.5838894844055176
-2.620405912399292
-2.0549769401550293
-4.308873176574707
-2.9721388816833496
-2.2215025424957275
-0.925645112991333
-8.158982276916504
-4.996660232543945
-6.491039276123047
-2.070324420928955
-2.5122103691101074
-9.822782516479492
-4.203159332275391
-4.563113212585449
-0.35164982080459595
-10.667513847351074
-5.503516674041748
-3.630074977874756
-12.455971717834473
-0.8719573616981506
-5.391847133636475
-3.910820484161377
-2.3599648475646973
-6.710864067077637
-3.711860179901123
-5.009578227996826
-4.054269313812256
-1.8247029781341553
-2.2406773567199707
-1.3493198156356812
-4.489626884460449
-5.148818016052246
-3.579744338989258
-1.7575783729553223
-5.498971462249756
-2.1185271739959717
-0.046377480030059814
-0.01518968865275383
-0.0737086683511734
-0.014594818465411663
-0.4021000564098358
-1.307902216911316
-5.356022834777832
-1.3259057998657227
-1.7882664203643799
-2.7541918754577637
-0.45520398020744324
-0.1461421251296997
-2.245509624481201
-2.892291784286499
-3.7778072357177734
-0.046833742409944534
-2.4961888790130615
-13.141275405883789
-1.857710838317871
-1.9452954530715942
-2.677145004272461
-0.11354249715805054
-3.2513256072998047
-2.3947885036468506
-3.56510853767395
-0.1545446813106537
-2.986771821975708
-3.1478371620178223
-2.577977418899536
-2.4402060508728027
-3.9983811378479004
-0.22116854786872864
-0.666803777217865
-1.5913057327270508
-2.3654582500457764
-0.9836382269859314
-3.8197548389434814
-15.858098983764648
-6.0467376708984375
-1.4382827281951904
-4.290220260620117
-2.508946418762207
-1.3810091018676758
-0.8064574599266052
-1.7814425230026245
-8.127802848815918
-0.4173171818256378
-4.039767742156982
-1.4333600997924805
-5.223522663116455
-3.4972901344299316
-1.7092103958129883
-5.917257785797119
-3.312084436416626
-5.272744178771973
-1.9687391519546509
-0.5914106965065002
-1.4473307132720947
-2.6008718013763428
-4.05059814453125
-6.2358880043029785
-4.154041290283203
-0.32665765285491943
-18.981204986572266
-1.832159399986267
-13.453956604003906
-0.583778440952301
-0.4085327386856079
-1.3191089630126953
-1.0210583209991455
-5.321421146392822
-7.250547409057617
-2.426603317260742
-1.8286421298980713
-9.48251724243164
-5.975424766540527
-4.2417144775390625
-1.7250356674194336
-5.049707412719727
-3.248399257659912
-2.7100539207458496
-0.20687200129032135
-0.39786413311958313
-1.9740326404571533
-10.166083335876465
-4.021970272064209
-0.7870524525642395
-6.9849066734313965
-0.9036870002746582
-5.2111430168151855
-2.109940767288208
-0.09981169551610947
-3.331834316253662
-1.431617021560669
-3.8368327617645264
-3.28247332572937
-1.0044909715652466
-2.668433904647827
-4.07630729675293
-6.365084171295166
-5.035196781158447
-0.39175596833229065
-0.019967852160334587
-3.426419734954834
-0.3269332945346832
-0.7998042106628418
-0.13742974400520325
-0.5610144734382629
-1.0668474435806274
-0.8273313045501709
-0.1297636181116104
-0.8514184951782227
-0.8136875033378601
-1.03583824634552
-0.11142783612012863
-0.5247802734375
-10.773967742919922
-6.173935890197754
-1.7805583477020264
-0.10632215440273285
-2.0473382472991943
-0.2629147171974182
-7.434756278991699
-0.08169878274202347
-0.8688035607337952
-0.022547779604792595
-0.28814923763275146
-0.017708059400320053
-4.034714221954346
-2.878627300262451
-1.2406010627746582
-0.5285360217094421
-0.9934473633766174
-0.933506190776825
-0.9232439994812012
-4.414684295654297
-0.3786933124065399
-1.8149709701538086
-2.5114505290985107
-1.5815467834472656
-0.06477245688438416
-1.2428746223449707
-1.755042552947998
-9.420385360717773
-8.043745040893555
-4.4427361488342285
-0.11131756752729416
-0.016364529728889465
-4.980137348175049
-0.014129363931715488
-3.0017285346984863
-1.643075704574585
-3.8347554206848145
-1.324108362197876
-2.814262628555298
-3.281212329864502
-1.8325210809707642
-0.06352955102920532
-0.014669534750282764
-6.0720534324646
-0.014380743727087975
-2.1574668884277344
-2.8512520790100098
-1.3488314151763916
-1.6117876768112183
-3.0146052837371826
-0.9055781364440918
-0.8583446145057678
-1.70936918258667
-0.24607957899570465
-0.5407227873802185
-1.851123332977295
-0.8066098690032959
-2.7115447521209717
-0.02784740924835205
-1.9293440580368042
-0.5610147714614868
-3.6870157718658447
-0.29763561487197876
-0.3626216650009155
-6.694855213165283
-5.16203498840332
-1.3885180950164795
-0.4308328330516815
-4.326742649078369
-0.255622923374176
-10.638558387756348
-1.1089216470718384
-3.24507999420166
-2.594677448272705
-2.6912882328033447
-5.8816046714782715
-2.7604479789733887
-1.6863439083099365
-0.157063826918602
-2.0793609619140625
-3.586287021636963
-1.0482585430145264
-0.44440627098083496
-1.7822060585021973
-1.2906783819198608
-0.909356415271759
-2.656353235244751
-1.1994624137878418
-3.290367603302002
-0.9044040441513062
-6.94451904296875
-6.411803245544434
-0.7596089243888855
-0.8956973552703857
-0.42893022298812866
-4.131556034088135
-5.172183990478516
-7.39802360534668
-5.723898887634277
-4.1214704513549805
-2.9364914894104004
-2.4723916053771973
-6.5098772048950195
-1.0949387550354004
-1.2236964702606201
-1.0510294437408447
-2.9692273139953613
-0.5014128684997559
-0.6603012084960938
-5.605795860290527
-0.0802566409111023
-5.677382469177246
-0.7712117433547974
-1.5422847270965576
-0.575889527797699
-2.133329153060913
-0.9026968479156494
-6.8750433921813965
-0.21155600249767303
-3.9038243293762207
-4.150555610656738
-1.0654010772705078
-5.185272216796875
-1.0207449197769165
-2.9622015953063965
-3.6516880989074707
-0.7702399492263794
-1.2617465257644653
-1.2787449359893799
-1.2761492729187012
-10.553436279296875
-0.6391063332557678
-5.373757362365723
