-0.03172898167791904
-0.01832719978743366
-0.9734971853239196
-1.212475877914888
-0.37844836053496
-0.39431000424665397
-0.9154233666020446
-0.00899160819729635
-0.6513704197714105
-0.22563265282660722
-0.6748179044574499
-0.5017478541251168
-0.8013000335777178
-0.030356198472620437
-0.8790994294343234
-0.44062716068725016
-0.7512856361839416
-0.42375682118428054
-0.7516307300860577
-0.13781200186349452
-2.5612283746401467
-0.0317290242660833
-0.020508081618962542
-0.9618424206439938
-0.05385912914061919
-0.02070224015430237
-0.69404332813574
-0.5950123725790315
-0.96194332622914
-0.3209467331928733
-0.48672243928303943
-0.8039706629700959
-0.9225708752549152
-0.5814867888058705
-1.0986635081159573
-0.772087917663157
-1.9499102699104696
-0.3961909835052211
-0.14064489151351153
-0.8518381868489087
-1.4705223441123962
-0.2589614830663777
-0.467776920146207
-0.9196049582424166
-0.9045898218710835
-0.5524791862865511
-0.7855576764287737
-0.31289534606039526
-0.6537408464688009
-0.9844695391482674
-0.8287043444812298
-0.38272325140424074
-0.03172898167791904
-0.02050809928082994
-0.9618424423305052
-1.3947650963091291
-0.007712301311235374
-0.2929920292127203
-0.7454296161651235
-0.6924601981601747
-0.4352864898052455
-0.59451289264637
-0.3497917755667004
-0.03172901573336937
-0.01790676748247019
-0.9761837376281619
-1.3824369659026463
-0.4315410632640123
-0.5588553751362876
-0.02368083091837784
-0.8378716410297784
-0.006548934367553254
-0.13962300931113228
-0.025940315613600735
-3.849956750869751
-0.2996833536022817
-0.42393991500926753
-0.754461400103002
-0.6171780742806732
-0.4664322928729234
-0.43920987844467163
-0.8980723300133832
-0.9353642235510051
-0.10117135848850012
-0.5414516734911012
-1.5934216374328873
-3.835744451723128
-0.7627466362921821
-1.0775621648826927
-1.5985208897257377
-1.1392105657372358
-0.03172898167791904
-0.01832719978743366
-0.9734971853239196
-0.2971046566963196
-0.8988062092429027
-0.7621575807545172
-0.9991630131534553
-0.6273573227938161
-1.1301932260182432
-0.990169434575364
-0.14976577923516743
-0.32454900559969246
-1.3081959476568092
-0.5248406529426575
-0.3880915065296358
-1.066666732231776
-0.46773245649053835
-0.12741694531843512
-0.5707895589990949
-2.7504706382751465
-0.3317883312702179
-1.8178156059337198
-0.021581334993243217
-0.798151054893242
-1.66958433633928
-0.06897437483369438
-0.7829953677743712
-1.1469621282940352
-0.27028584508557935
-0.36527610702614766
-1.6922391830012202
-0.4146921486378862
-0.5008148428637469
-0.5243065017432894
-0.5240840918597077
-0.7274577056208121
-0.7798886185511946
-0.5527751933765578
-0.525061220268701
-0.9601470057641563
-0.2763735823409661
-0.9553115232095782
-0.8050560253905132
-0.6461534248587668
-0.5139147838990539
-1.8263404220342636
-1.0813401490449905
-0.4752719154152577
-2.0582591351897768
-0.6592532197634379
-0.02640747390912359
-0.054743910557590425
-0.8819068670272827
-0.7743222939112456
-0.43415448507783533
-0.12250400334596634
-0.03172907660932238
-0.020508150071171776
-0.9618423923051783
-0.4027139199897647
-0.9775699853004577
-0.4243786484003067
-1.238650942593813
-0.5693911612033844
-0.5705473396915295
-0.796916677554905
-0.8470125204055674
-0.30115180737144936
-0.007625392861276244
-0.7535887673134095
-0.03172898167791904
-0.02050809928082994
-0.9618424423305052
-1.3424521358683705
-0.05542300874367356
-1.0112410682213522
-0.5962052799974723
-0.30155424975537637
-0.6511738433820518
-0.5195252072929801
-2.056452580327459
-2.598317965865135
-1.0287125955025356
-0.9991067945957184
-0.07930036370332043
-0.0317290242660833
-0.01832728410538818
-0.9734971918431776
-0.2723998108627884
-0.6850830825729645
-1.0686376098424912
-0.7503483995491739
-0.14300322845916857
-0.6248588046317523
-0.9595024252599902
-0.3900587397394702
-1.4917776021237452
-1.05452193315917
-0.5327221126761288
-0.10107358545064926
-0.03172901573336937
-0.018327149828629836
-0.9734972635550159
-1.3336734473705292
-0.44624487886030695
-0.4329916388536124
-0.40988832191214897
-0.31724393315796207
-0.17895857709101454
-1.355037350788027
-1.7613553326766123
-0.724636740887945
-0.5269494485110044
-0.020253147231414914
-0.03172903820946389
-0.020508317310096964
-0.9618424056097865
-0.009581929696391203
-0.011205719282669533
-0.010096410545520485
-0.06774394330568612
-0.005311324762260483
-0.069594715590938
-0.03400273848286209
-0.011421402226763652
-0.026391565110922482
-0.02546216858900152
-0.09506562273600139
-0.017650734793783665
-0.04464262463152409
-1.0005257898010314
-0.03172903820946389
-0.020508317310096964
-0.9618424056097865
-0.035302693489938974
-0.7311094160886569
-1.3275070432573557
-0.0847692659124732
-4.18939208984375
-0.30575955514408026
-0.7338267996674404
-0.02533924311865121
-0.03172898167791904
-0.01832719978743366
-0.9734971853239196
-1.4155878210440278
-0.616232582832001
-2.971517195304235
-0.013903786966693588
-1.1420661177275737
-0.03172901573336937
-0.0205081668017166
-0.961842341614621
-0.7525622487883084
-0.7928186240382881
-0.5182138637400284
-1.2463763992894779
-2.0762594865195245
-0.00518835707771359
-0.9261872579396974
-1.1940702274390786
-3.501419633626938
-0.20506558384347176
-0.44723162055015564
-0.4742844662253112
-0.42089340264081126
-0.3940763501833365
-1.6860323688015342
-1.473215802566847
-0.24819840925047174
-0.516031270248773
-0.03172913828298492
-0.017906581633724272
-0.9761837187356183
-0.014653073449153453
-0.470512753854638
-4.5599463284015656
-0.0345516514692766
-0.023716441907163245
-0.1769280450826045
-0.03172901573336937
-0.01790676748247019
-0.9761837376281619
-5.969897270202637
-0.5598683700035939
-0.7638885218766518
-0.8445620358965936
-0.46993639683933
-0.6562681277282536
-0.1555839409327291
-0.14285498113369816
-0.8393734572455287
-0.6315697994455389
-1.0392318298108876
-2.2650197446346283
-0.03172903820946389
-0.020508317310096964
-0.9618424056097865
-0.6768624354486487
-0.542553641322405
-2.707223951816559
-1.8685338216988991
-1.2902071760773055
-0.2549579610640649
-0.8316243817306612
-0.5105924242723177
-1.7829759418964386
-0.015552488126559183
-1.695855736732483
-0.03172898459888529
-0.020508184130968794
-0.9618424690727677
-0.03530273085925728
-0.031080192148995895
-0.13573699584958376
-0.7760287701295545
-0.5877850439506941
-3.390866895361493
-0.03172898459888529
-0.020508184130968794
-0.9618424690727677
-0.8347787581381962
-0.29499427437574766
-0.5038801324889002
-0.5458724399108582
-0.5211126917103842
-2.112725320570462
-0.8784923185141653
-0.7027716187294573
-0.12504894655596996
-1.1442796729388647
-0.483195200148556
-0.03172907660932238
-0.020508150071171776
-0.9618423923051783
-0.610262222957457
-0.7312897175550461
-0.16870632022619247
-0.46026411413464197
-1.130551207314756
-0.7196186911993815
-0.6488326718099415
-0.05636919243261218
-0.7705533979315078
-0.06515133831029137
-0.03172913828298492
-0.020508183598784462
-0.9618423913738557
-0.7525621969543863
-1.8613259550300427
-1.0674209983386391
-0.3810894122413759
-0.6741341390328384
-0.356405742932111
-1.8534637180467446
-0.9057935569435358
-1.187441771403731
-0.02015442478780945
-6.552774429321289
-1.351333369500935
-1.490242451429367
-0.338723162189126
-1.3939668795165534
-0.7983819492161274
-1.5533023715019225
-4.560211857159932
-0.8429373861925508
-0.010963324804833974
-0.05071655040704242
-0.015018797885204549
-0.03974826889483469
-0.013218107708131097
-0.03203753493025116
-0.03240721740956743
-0.015759109792472574
-0.052608094212094635
-0.0779180756977035
-0.37028359726900817
-0.041246819786116856
-0.021651389413616724
-0.029846795935009142
-0.009289997180853642
-0.052835866057430396
-0.593321043998003
-0.1728061704003873
-0.036481837727478705
-1.357903378084302
-0.023825780524537155
-0.009551922325726991
-0.017329997024110828
-0.00970864021847875
-0.022022913753365476
-0.028194924531271683
-0.06037239772995236
-0.036830746111809275
-0.017320613842457533
-0.0923535821493715
-0.03873310680501163
-0.09283314329756347
-0.2674522112453512
-0.8304850906909754
-0.03172910500143189
-0.02050821652768978
-0.9618423605071647
-0.7839453012764518
-0.8593660841202911
-0.3412818122572692
-0.03172913828298492
-0.020508183598784462
-0.9618423913738557
-0.6475226067446379
-0.4977675747039029
-0.42660430901742075
-0.2911909934231517
-0.6985325113099761
-1.5663528620771103
-1.3223385773599148
-0.8885602595077621
-0.08300090888515115
-0.03172913828298492
-0.020508183598784462
-0.9618423913738557
-0.6042727865943951
-0.9353791430067859
-0.282139314242938
-0.016095762907449778
-0.8465361297130585
-0.8218192296723524
-0.09342260689971646
-0.09203614191210363
-0.014399635736481287
-0.4246890898793936
-0.005932334810495377
-0.021085891266314622
-0.025992816663347185
-0.023449519299902022
-0.046262472324694194
-0.03172913828298492
-0.020508183598784462
-0.9618423913738557
-0.3003038987517357
-0.1269851244453873
-0.08331897177267819
-0.28698516064323487
-1.6953418489497076
-0.5550565189914778
-0.2570052817463875
-0.31822145270901575
-0.10613558151526377
-0.5522060090443119
-0.3595251763971256
-0.833553334698081
-1.7900173494053888
-1.9965185824382519
-1.7556711580190394
-0.47683485969901085
-1.0008606405075018
-0.746062673417674
-0.2477611511363648
-0.638089186254157
-0.18634919584728776
-0.008292322707711719
-0.021030377893198636
-0.005846691437000118
-1.076516682902972
-0.6674123249652509
-1.0412411566146396
-1.3356004887157016
-0.4065011315215088
-1.6432646293687867
-0.03172898167791904
-0.01832719978743366
-0.9734971853239196
-0.12553283678911006
-0.6437579051208948
-3.702228864034017
-0.7700237942452077
-0.18209284394979477
-0.4291468252028738
-0.6240245091357792
-0.9632407616009004
-0.5582792488691796
-0.014196443044966145
-0.1587534738517004
-2.989366739988327
-0.02113525910826297
-1.7513152514118702
-0.1014260171267449
-0.03172913828298492
-0.020508183598784462
-0.9618423913738557
-0.8860595105409933
-0.9144083766473664
-1.010716293938458
-0.9232805634980507
-0.627366864539201
-1.3848279480269412
-0.6978399083210124
-0.23335968843134147
-0.5673369690845832
-2.338561435311567
-0.03172901573336937
-0.01790676748247019
-0.9761837376281619
-0.03536279627587646
-0.8298405476147309
-0.5511039455380523
-0.2688289074867498
-0.8632258208194149
-0.622322690348435
-0.03172901573336937
-0.0205081668017166
-0.961842341614621
-1.9053162359632552
-0.38141480376517783
-0.32075122023471286
-1.2373472348199752
-0.2809758768788015
-0.5599521965320621
-0.6248451569457757
-0.021159718988201348
-0.03172907660932238
-0.017906684628022567
-0.9761837285810283
-0.759377546608448
-1.2210326318939526
-1.0242013462675026
-0.6576520679624412
-0.42009751463046996
-1.0938184160008353
-0.013294692922499962
-1.3836648538708687
-0.08554528094828129
-0.6169081268211206
-1.6853178298721712
-0.3042714512877865
-0.04701620636042207
-0.03172898459888529
-0.017906766567778374
-0.9761837378942541
-0.23521031052851785
-0.6441164132972647
-0.5360323514323682
-0.003030149945213149
-1.0572202831725008
-0.9976564582507957
-1.1969413738568417
-0.8368017253631277
-0.4224345653419732
-0.9351882817035125
-0.6179617589914415
-0.9573624862736324
-0.3237808361466575
-0.29774804992692744
-0.9612733515939909
-0.9628131838981062
-0.016675557281511526
-0.033906351774930954
-2.529705637716688
-1.286804526079712
-0.024650735639707735
-0.04037591118165957
-0.8396623584308794
-0.35304463981689577
-1.0485765616282483
-1.2636167783057317
-0.3766362978411572
-0.018118350407651935
-0.29390693250544636
-0.5973606854194341
-1.126039538687716
-0.26175742762279697
-0.5539791227201931
-1.5137005849857814
-0.5903743505477905
-0.6241911274846643
-2.9102359612782798
-0.6064693455894788
-0.8754618503153324
-0.6673863654092095
-0.6171174108351098
-0.7495267578439476
-0.07034217347548595
-0.006939162238268182
-0.38372969348329206
-2.370481003075838
-0.5945440921932459
-0.21045124904048862
-3.8462986946105957
-1.4990640829006832
-0.4237538403233177
-0.519780502883285
-1.9359283974161372
-0.43003423646632655
-0.6348336659637945
-1.7931690372138596
-1.318130516136686
-0.6600873470306396
-0.03172907660932238
-0.018327200452664068
-0.9734973311424255
-1.9611833889503032
-0.4080686603871679
-1.1747675797022465
-0.26867483330300146
-0.31643803127470166
-1.8553380904486403
-0.7768393075016017
-0.6363313449546695
-0.5971671309322119
-2.242493317462504
-0.5933307111263275
-0.2556903585040497
-0.5771010150534234
-0.7007451727986336
-0.44991296913067347
-0.04688829050476973
-1.5361037208203925
-1.1412353726724784
-2.1027423422783613
-0.051623302802909166
-1.4573692331711452
-0.5775118114626301
-0.5276581692239481
-1.4749690294265747
-4.086294235040744
-0.8933606557620806
-0.03172901573336937
-0.01790676748247019
-0.9761837376281619
-0.8994446332799271
-0.015656350974228083
-0.03304781018232461
-1.2957965468597832
-0.5337665900588036
-0.016619407851976575
-0.004725450183786961
-0.019536415726179257
-0.003708765062765451
-0.5933306664228439
-0.40071640753012616
-0.3642226922933002
-0.4586124435377964
-1.048823497366781
-0.5377302460372448
-0.6925890877842903
-2.3459258593502454
-0.9294247275072849
-0.4887691423793426
-1.2677541796562894
-0.9070308417780325
-0.23275804300698968
-1.226448635151961
-0.15005269440897942
-0.04226216606912203
-0.5348547036992386
-0.23047245971065422
-0.6592532197634379
-0.02640747390912359
-0.03967431498624917
-0.8376586221690688
-0.6477680170137319
-1.664040502993157
-0.9685718581422407
-0.017486368597019464
-0.6330067660528584
-0.8078376141555574
-0.5933307111263275
-0.24804330856386514
-0.4180371749817924
-0.5299654717841454
-0.26575399943540107
-4.398499965667725
-0.3248048475943506
-0.5576810458830247
-0.946503741433844
-0.03172898167791904
-0.02050809928082994
-0.9618424423305052
-0.7536042963038199
-0.4324690199731883
-0.5145794456558568
-0.6126437113763621
-3.141729791959127
-0.5807260184115234
-1.7405692294977295
-1.8443282547443893
-0.18876757659624369
-1.069990461442406
-0.7927807533298619
-0.5933305621147156
-0.44737400453050213
-0.04247064152150415
-0.012108643189822032
-0.25500339136078765
-0.8606312450553689
-0.1259461309062317
-2.812675403120617
-0.2768537790316259
-0.7344150988994023
-0.4832897449442288
-0.4581426388350127
-2.344661071896553
-0.141695569861137
-0.062392121384618804
-0.19311512216518167
-0.3495726053758214
-0.905952607029646
-1.2589893339512248
-0.25271578796673566
-0.6450056692992803
-0.4811024727925542
-2.060473484103568
-2.255723237991333
-1.4836345685180277
-5.661901533603668
-0.03172907660932238
-0.017906684628022567
-0.9761837285810283
-0.035362907607729234
-1.4148473095459242
-1.0615010428397607
-0.7687068211879315
-0.29980666300980374
-0.41113801300525665
-1.4959231900254963
-2.7359785782173276
-0.016686530274455436
-0.011547798158972
-1.0302583195269108
-2.0346061652771343
-0.07681430868875136
-0.8027365595416995
-1.0308693945407867
-5.168567180633545
-0.9850958315859316
-0.045610406436026096
-0.31614443693648686
-0.3743081167239048
-0.016315681349624356
-0.4570987464620784
-0.7613268893231587
-4.0544845548768835
-0.5933096670312807
-0.03172907660932238
-0.018327200452664068
-0.9734973311424255
-3.1797962933778763
-0.4219385907247973
-1.1020826143699354
-0.7371597903780639
-0.5068197492351332
-0.0317290242660833
-0.020508081618962542
-0.9618424206439938
-0.1338393412224832
-0.05849103918990295
-0.029976262646313343
-0.045060887333875144
-0.04570299380884535
-0.01352350152883446
-0.9459540540119633
-0.7870086991570133
-0.7945247573312372
-1.486233173946352
-0.7952760141498099
-0.007752471185691927
-0.5130860233413321
-0.8721191122931486
-0.0072590264895148315
-0.006867017136957859
-0.319788291965129
-1.714515356036524
-2.235658506862819
-0.023901134889456443
-0.010050236525785294
-1.6157267305064702
-1.3772062361240387
-0.8968396147800377
-0.0766526948233756
-0.018537773297297958
-1.304838835913688
-0.019505125111512218
-1.0334995336392347
-1.870750587588797
-0.047127346320000166
-0.4648356416844763
-0.39790330186951905
-0.040102578734513374
-0.011652399995909946
-0.03172898167791904
-0.02050809928082994
-0.9618424423305052
-0.43766300184652207
-0.019602717923200026
-0.6295455906100952
-0.5279681177584449
-1.8176638094508755
-0.7865940625488292
-1.4584518443762136
-1.8743239329196513
-0.9166064938239288
-0.8360610471905342
-0.6123944589108716
-0.21909229434095323
-0.05566819127448576
-0.007771404877400657
-0.268466114573866
-0.7815156813178744
-0.8989124332303897
-1.3153784618363715
-1.0183079320559045
-0.8038607803690765
-0.2162144934060052
-0.03172913828298492
-0.020508183598784462
-0.9618423913738557
-0.8905734752479475
-1.0295693528838457
-0.6866724611373844
-0.017437516653444618
-0.9686098882672456
-0.5072758365435142
-0.02720875694649294
-0.9882713631151617
-0.2236516361133129
-1.1023513155047444
-0.9746261679522124
-0.2998324543586932
-0.38602138427086174
-0.03172898459888529
-0.01790668293168502
-0.9761836217450244
-0.03536283599290376
-6.442127227783203
-0.5174104856612394
-0.6019792539979486
-0.8464570725336671
-0.31411961061530747
-0.16569352635269752
-0.7798912231787654
-0.21062831677097296
-0.24639728702095454
-0.5657684843787977
-0.8972535684879404
-0.003222473967980477
-0.3487993780581746
-0.8384988002553655
-2.5708441734313965
-0.7879151400178671
-0.03172903820946389
-0.020508317310096964
-0.9618424056097865
-0.8615819075144827
-0.5919317083051003
-0.10753191937692463
-1.349002657656658
-0.9025290144830554
-0.06769935227930546
-0.6467156471751098
-0.07296954146918974
-0.9660847501129157
-0.00900917561193637
-0.343602325874739
-0.39928591400218594
-0.05943976016715169
-0.28101905076099293
-1.0671590673071998
-0.04579174844548106
-1.1256136782467365
-1.4661586422938853
-0.35581256726291033
-0.03172913828298492
-0.020508183598784462
-0.9618423913738557
-0.13399803903885185
-0.33715911748004146
-4.764421835541725
-0.019648365181637928
-0.01269394392693357
-0.5977096763417649
-0.3783175860880874
-0.34377390008173986
-0.4304943095585958
-0.9389061166393731
-1.4858438987284899
-0.6862599510156239
-1.8459579361137002
-0.5933305025100708
-0.7048642403290918
-1.3751693069934845
-0.092626902990212
-3.177940785884857
-3.6760571718215944
-0.5620393375381051
-1.2743063754335577
-0.1319592478709334
-0.029073446921896763
-0.045273672044277194
-0.43003582602573764
-3.2682061791419983
-0.990159773933036
-1.5754692753156025
-0.5474599599838257
-0.3155966252088547
-0.16227402071990582
-0.28241268047131596
-1.332429744671875
-0.9214647656306625
-0.3081453233782668
-0.40959361790090854
-0.6559269560319889
-0.21842879780188712
-0.23673334919052044
-1.3351565854100045
-0.4554934256710112
-0.3801318906917004
-0.07198116889533897
-0.03172898167791904
-0.02050809928082994
-0.9618424423305052
-0.8860594319606511
-0.27159917747808826
-0.6755413936893141
-0.6867163736606017
-3.908416986465454
-1.1941731120568875
-0.10392003682015154
-0.5840040850094878
-0.8376656153704971
-0.0317290242660833
-0.01832728410538818
-0.9734971918431776
-0.456047301820945
-0.6270109666841157
-0.8228396937998835
-0.5038235624476025
-0.36865636890537906
-1.1313159522161347
-0.010143693803305117
-7.033677577972412
-0.8626721956275455
-0.8298774808287047
-2.3310731214781604
-0.2787724351898457
-0.6797763950016815
-0.03172910500143189
-0.017906632291020026
-0.9761836217450244
-0.037226562009891495
-0.5977070406079292
-0.5901846046994358
-0.6629149012733251
-0.7749624009865026
-0.7290697003726995
-0.010322478473729765
-0.034372488230777286
-0.7189153633246731
-0.004736826588668919
-1.4267167001962662
-0.03172901573336937
-0.018327149828629836
-0.9734972635550159
-0.6422730896655204
-0.6998437643051147
-0.33624507025188693
-0.3623325328032176
-1.1010364015690155
-0.2574563298050115
-0.2202976526682
-0.4110165549044562
-1.119850772229256
-1.2396899759497804
-0.0027245323766464935
-1.5777722259634175
-0.1774166375398636
-0.025865815696306527
-2.9201159314252436
-0.003129834957121602
-1.1116640942636877
-0.8239995612141987
-3.329829772313436
-0.048895882132152714
-0.09420162439346313
-0.03172910500143189
-0.02050821652768978
-0.9618423605071647
-0.020443288769456558
-0.030383077618252072
-0.008222805668629008
-0.03048973188075858
-0.014092488811002113
-1.3560552306744285
-1.0810544761769278
-0.060220649425496556
-0.5228293762775138
-0.5129790975283335
-0.04011291451752186
-1.877549418583094
-1.6058630170175872
-1.9693691058166418
-2.1025462690207246
-0.03172910500143189
-0.02050821652768978
-0.9618423605071647
-1.3410876244306564
-0.4773788181579827
-0.7189575933801583
-2.5495437582333884
-0.014534880227680938
-2.0217844508588314
-0.37571767742823187
-0.23907158278715152
-0.7467518310089979
-0.03172898167791904
-0.02050809928082994
-0.9618424423305052
-0.011955843307077885
-0.02297207274487947
-0.04670617886586115
-0.006503308332715581
-3.9877604991197586
-0.015070382825797424
-3.468874927610159
-0.7850642068356137
-0.06606581807136536
-0.014915939515049104
-0.9945103433262071
-1.910515437820383
-1.4003102859472467
-1.5068068421038334
-0.5827460321136775
-1.2984976537083621
-0.549925833940506
-0.4849649747314591
-0.849548838966127
-0.44732630912330934
-0.15881381146803808
-0.17912667508778668
-0.4175675339277156
-0.4472319409251213
-0.32863609919149894
-0.771360977286739
-2.1417551647339548
-0.33755552801449085
-0.006272446170138816
-0.8559749218984507
-0.019009318202733994
-0.7524941255978774
-1.111466375242274
-0.6267799537163228
-0.32540636230260134
-0.8470472563005221
-0.8899986296892166
-0.03172903820946389
-0.020508317310096964
-0.9618424056097865
-0.9064170630978575
-0.7607676032348536
-0.6858339088609103
-0.5242947691658628
-0.5186206163838506
-0.3586718838178058
-0.25848680375040406
-0.13060450941945115
-0.44723186641931534
-0.45813102112900067
-0.48454881343366435
-0.47396679169365336
-0.3647477675694972
-1.9047474936497482
-0.03423984770779498
-0.20584578420966865
-1.336258502304554
-0.20161320886109024
-1.3099614478414878
-0.4875240568071604
-1.0491726783899746
-0.4239970109658316
-0.03172907660932238
-0.020508150071171776
-0.9618423923051783
-1.1676014804591734
-1.4388686982445904
-0.3452829080245768
-0.6613376739109559
-1.275305687614243
-0.6569441598803678
-0.25629901338834316
-0.476085331749952
-1.6162987662745374
-2.233405712991953
-0.7645034930901602
-0.6836314399843104
-0.7724550330842083
-1.4472336791455747
-0.6508110382419545
-0.037514944871266685
-0.027184654405573383
-0.023234358789133176
-0.8567688507693154
-0.8145812034580069
-0.35603899557318075
-0.1513113590190187
-0.052772216960875085
-0.08473142288858071
-0.6956923356519837
-0.07454827994095264
-0.5973907855216318
-0.013550033836509101
-0.03267889857913057
-0.002233607073711547
-1.047110493400396
-0.3261511027812958
-0.05142204510048032
-0.8610337769496255
-0.059371021071759365
-1.682094521354884
-0.20732946759089826
-0.06075351840505997
-0.020980779746813432
-0.0255011149783968
-0.04993225674011877
-0.8956624418497086
-0.6466718415779594
-0.763862892659381
-0.43605675284343304
-0.6622062023462993
-1.0675581041640336
-1.4660588782280684
-0.4382358879520325
-1.1875498797744513
-0.23579561785196088
-0.6488518951082369
-0.7499516736014894
-0.26492854999378324
-0.027184565269801005
-0.0679240751279784
-0.8577688078262976
-0.1940685560298984
-0.08146584678615909
-0.28034920391759705
-0.27250825616439606
-0.6394361183463063
-0.9842725404804307
-0.7048695492073117
-0.23187992349671227
-0.39059155897185144
-1.3449296355247498
-0.03172910500143189
-0.017906632291020026
-0.9761836217450244
-1.328911346247575
-0.7101602602714492
-0.9881564427967533
-0.8706435999073702
-0.9023191418746137
-1.7596262376463074
-1.020073862746358
-0.9919164107682613
-0.020836060682389263
-0.4239100213162601
-0.766254479624331
-2.157278135418892
-1.0913471929321532
-1.07966053718701
-1.6070374349753063
-0.006575855308515851
-0.7931523478473537
-0.016361322651694838
-0.002803145482013341
-0.2638846840127371
-1.0838747215408755
-0.03172913828298492
-0.017906581633724272
-0.9761837187356183
-0.6490945825935341
-0.04777685493657676
-1.2859323917073198
-0.39647216651610506
-3.332831392760272
-0.1727009548620637
-1.3329721093177795
-3.9160336405038834
-0.6726137879304588
-0.021522038575702545
-0.9188490544911474
-1.4428332094103098
-2.343809726575273
-0.016674799990141764
-3.0542025395086965
-0.0017132205873947118
-1.8509082908901922
-1.4496344977405613
-1.0849769686505548
-2.486770015597964
-2.1916981955480876
-0.03172903820946389
-0.020508317310096964
-0.9618424056097865
-0.7525622528822472
-0.3477419337163715
-1.2874146048755695
-0.24174530038518632
-1.192253617331682
-0.47968965768814087
-1.65871020257473
-0.41191945419025916
-0.015641560302659247
-0.010319857429879318
-3.241052391628424
-6.2909369468688965
-0.15133655071258545
-2.6021834858693182
-5.6591997146606445
-1.386858276091516
-0.4837741603453954
-0.7622112035751343
-1.334295816195663
-0.5661134230881893
-0.3277219831943512
-1.4669125142714217
-1.5793906066566705
-0.034746985882520676
-1.7049921650905162
-2.2648197497640337
-1.1082270147744566
-1.7652170273358934
-2.421519028386547
-0.38345836475491524
-2.3899664911867666
-0.5933305323123932
-1.1723518530985422
-0.5876301355352292
-0.17286730371415615
-0.05553414474707097
-4.40614898999532
-0.9017996698114855
-0.4918704437204724
-0.5969143523288949
-0.5150717413974538
-0.2764340078018987
-0.32384177116116253
-0.040500303028238704
-0.0317290242660833
-0.01832728410538818
-0.9734971918431776
-0.014557628160608667
-0.27522169053554535
-0.8226174799698734
-1.0690790301491182
-0.5157632552774821
-2.118852742159596
-0.040290306943158306
-1.9840747664566152
-0.2651413790881634
-0.2087833301629871
-0.03314586470817934
-0.2895323366392404
-0.45662941494811093
-0.4865642653312534
-0.6660835809338356
-0.8109239684417844
-1.2567269444269569
-1.6752836611121893
-0.2866215476145347
-2.147162300090713
-0.02952694706618786
-1.8536041228993174
-0.21297249300405383
-0.8616231074556708
-0.03172898459888529
-0.020508184130968794
-0.9618424690727677
-0.05385916396820297
-0.6339718775241636
-1.3606038615573197
-0.37939571752080653
-0.279799405198511
-0.8251549679279737
-0.01622836056048982
-0.6313781245234197
-0.03059651330113411
-0.770610094600918
-1.3924308287387248
-2.076364040374756
-2.3128646892728284
-0.9918018086682423
-0.4431780852377415
-0.6822162779611972
-0.7330797526766009
-1.028256669640541
-2.1261520786475474
-0.11333391640477607
-0.8511953018217658
-0.6453769502378154
-0.20216010444306043
-4.061481154320063
-0.7156782057136297
-0.1971212235512212
-0.5325445395428687
-1.5589407136811553
-0.007799880212405697
-1.2201433682588545
-2.0231350266607477
-0.7211979940533638
-1.4973553501379986
-3.8247991781681776
-1.5460540601518005
-0.0646532048752609
-0.9582490036033656
-2.8396614972836196
-0.0317290242660833
-0.020508081618962542
-0.9618424206439938
-0.05385912914061919
-0.754301910623326
-0.011304267635568976
-0.31689170088551083
-0.8075401692031472
-0.021909001293048885
-0.012044740053170244
-0.5404496537247563
-1.2132821844269832
-1.159045208711177
-1.8451756884210877
-0.26031944235331717
-0.993522513580198
-0.19745335878211667
-0.03172910500143189
-0.018327214954687015
-0.9734972558383431
-1.4676215042709373
-1.4470727122837463
-3.148188840597868
-1.2021963285903137
-0.015393778342210377
-0.7635205525963101
-1.4167400043890146
-4.616925835609436
-1.8647899627685547
-0.013739913467361475
-0.46375618246383965
-0.42672429291997105
-0.6881856543586764
-0.13942027334996965
-0.1844097003340721
-0.4773130091663916
-0.11495088040828705
-0.5073710805154406
-3.4023898988962173
-0.8575725831324235
-1.2633753240535346
-0.9136596444462027
-0.03172898167791904
-0.017906649254395494
-0.9761836731008121
-3.389987253850154
-0.30913732541375794
-0.9140884458185907
-0.008118685067960254
-0.1947175730084483
-2.287284401316659
-2.093444164214556
-0.012166918557340978
-0.01290760116535239
-0.10013900104968343
-0.6060515867175127
-0.013439562455459964
-0.024208565862500107
-0.760811059317767
-1.2604491325828349
-1.094801252930289
-0.11848895604877423
-0.01745729368752412
-1.4154830310749482
-2.0978762432766547
-0.9268084005127437
-4.787293761968613
-0.9789470902921822
-1.6642087766683997
-1.3119052171223302
-0.11926881223917007
-0.03172901573336937
-0.0205081668017166
-0.961842341614621
-1.6114412563620135
-0.9293722849479309
-0.2564180387222829
-0.021909913135459647
-0.009078432759451971
-1.1697409749031067
-0.3278132917978589
-3.6823338706079602
-0.7944414913654327
-0.03637459597666748
-0.4144424144178629
-1.0113250243618193
-0.8120865061879158
-0.8581944914268596
-0.32566596821627836
-0.10197640761422615
-0.03172898167791904
-0.017906649254395494
-0.9761836731008121
-0.29759839177131653
-0.08736753510311246
-0.8984045748957821
-0.6290275459203472
-0.22841088422358988
-0.45461495785275474
-0.8291926034091209
-0.37373483913446154
-0.1916647863884767
-3.2637961054376015
-0.32108876648400086
-0.8264181510603521
-0.41071578363577527
-0.4576903449647943
-1.1221191712312348
-0.9497163587075192
-1.1162110433485526
-1.1786247788695619
-0.948528033008592
-0.7336841463949532
-0.8103754683863371
-1.4851695331518486
-0.03172898459888529
-0.020508184130968794
-0.9618424690727677
-0.2111104668098657
-0.005384726934911062
-5.20707294344902
-0.020540013327263296
-0.017116786300903186
-0.030767993594054133
-2.396791249513626
-1.574734156546561
-0.6692134821787477
-0.4669062276248281
-0.5877434104681015
-0.5326576979555697
-0.9964778414687316
-0.6248309288173914
-0.26590893006068655
-2.633625792347205
-0.4069742220453918
-1.0432936690514907
-0.06747894074457388
-0.03172898167791904
-0.02050809928082994
-0.9618424423305052
-0.05385901491778592
-6.726646423339844
-0.07366358411187927
-0.6431114931539115
-0.7700250087811862
-0.9249618522756334
-1.6823988474955383
-5.929085731506348
-3.073582500219345
-0.014264427464998638
-0.867840124560254
-0.9193942695856094
-3.4294089674949646
-2.62019035522826
-2.531793236732483
-0.25164264341583475
-3.2436030010382333
-0.25297809578478336
-2.128819465637207
-0.629123192327097
-0.5933307111263275
-0.03191344711376587
-0.7323463681890904
-1.3135295186933944
-2.3525525673019447
-0.03172898459888529
-0.020508184130968794
-0.9618424690727677
-0.9228040825692005
-0.47293129855054705
-0.4130094811383363
-0.5272226159504498
-0.03172901573336937
-0.0205081668017166
-0.961842341614621
-0.8181472703895926
-0.02326873244601302
-0.016871951025677845
-1.539755129146215
-0.7006760348519236
-4.171076953411102
-0.10710036754608154
-0.01362083605878676
-1.3119236060689825
-0.07522499547485495
-0.2524893532196681
-0.030928911838499416
-0.38535452486939903
-0.06247410652747476
-0.07825624985465159
-5.586931509897113
-0.18003298342227936
-0.032456871301811976
-0.014234931960042255
-0.08552706522522353
-0.006494143015061127
-0.020065978295557823
-0.006550243629135366
-0.017528889002278447
-0.0766732154879719
-0.014945896342396736
-0.028391215900358344
-0.03172910500143189
-0.02050821652768978
-0.9618423605071647
-5.418308258056641
-2.104049733723514
-0.6444455651664092
-0.22697134174190328
-0.34430969926310356
-0.9027782520791768
-2.001059653404809
-0.7470956358036867
-0.567363547783004
-0.3189586427198568
-0.2993677800889903
-0.30886788757944533
-0.2779280908123058
-0.13336682319641113
-0.5859830503662428
-0.42447049680372906
-0.6923363325651735
-0.050248460533718266
-0.7866417353119081
-0.5203918601999414
-0.11080136336386204
-0.9831572622060776
-0.45801725823940403
-0.08860055514378473
-0.9680855834774679
-0.24408737453632057
-0.4916333470493555
-0.7049013030045899
-0.9226685641333461
-0.20916010402143
-0.05130692078576734
-0.3058214533375576
-0.5099734993030628
-0.025095862107594836
-0.04134006292692253
-0.8696916071431977
-0.4746253043413162
-0.7950606298869388
-0.6728830980288106
-0.22158973269064777
-0.5841930438764393
-0.011186702531631454
-0.0250589396940389
-1.2322908295484791
-0.0016952341963900608
-1.1516766670181162
-0.19794674555305392
-1.2435025302503202
-1.116239333395697
-0.03172901573336937
-0.0205081668017166
-0.961842341614621
-0.03974794196741035
-0.577904537320137
-0.0370898763931109
-0.6786675681055322
-1.1985961990811422
-2.4853132210555486
-5.440244078636169
-0.013214040583989117
-0.5481976306909928
-0.25203809700906277
-0.3390369191765785
-0.19780589205329308
-0.06761210070302089
-0.02738448751915712
-0.03290203183756343
-0.8678630058254514
-0.9482042520307005
-0.8144821087932514
-0.46828727825856264
-0.026035413417654734
-2.2247603446245194
-0.005718894116398587
-0.8642498636618257
-1.1458866377361119
-1.1963961375690815
-0.959163524210453
-0.6412184563775857
-0.7476328389524054
-0.2879744954019164
-0.8154003425850533
-0.8287544508718632
-0.37591648461529986
-0.6165603819536045
-0.5630354104331702
-1.9542474589293957
-0.801024463524421
-0.6554890292532304
-0.7770282469392987
-1.9484257437288761
-2.096331577282399
-0.5933306664228439
-0.9960253015160561
-0.015772598012517847
-0.8306374874424792
-0.029488248962176538
-0.870967272757207
-0.006022410812875023
-0.614874036051333
-0.3253577935902764
-1.4757998588805397
-0.3195633237155562
-0.42543807355104946
-1.0984061202343582
-0.5352098131043022
-0.016265299190611888
-0.5404416687165697
-0.008478546571495826
-0.5471190921962261
-0.30857297219336033
-0.11418313140748068
-2.1189236640930176
-0.13431518951741359
-0.8952579333757361
-0.6144366109510884
-1.2072172810190491
-0.7971636916821202
-0.9578854956198484
-0.5748716008907649
-0.16730547696352005
-0.9715482145547867
-1.2637233945230644
-0.041295373967538275
-0.03172903820946389
-0.020508317310096964
-0.9618424056097865
-0.05385912914061919
-6.726646423339844
-0.5317697469290579
-0.2506249640730106
-0.3946912420964178
-0.9060729369484761
-0.7864433805658336
-0.5560225309736244
-0.3672957566353337
-0.7320617390245995
-0.03172913828298492
-0.020508183598784462
-0.9618423913738557
-0.9520156690220271
-8.312644958496094
-0.5843835422726953
-1.216649514749985
-0.014583427779143676
-0.6929708815778213
-0.9191379814842043
-1.5258734640665352
-0.2776703716770585
-0.05938295957942804
-1.9595470405183733
-0.08634086837992072
-0.935409540620943
-0.026407451143313665
-0.03967429787319686
-0.8376585934311152
-0.2216531616219212
-0.8227530278905201
-1.3955249107336083
-0.9225248110791048
-0.46390991303737145
-5.018541693687439
-2.6752882599830627
-0.014846204615120465
-0.008002943384781247
-2.0266065541654825
-0.9860003596815139
-0.4630846381187439
-0.8578063638870892
-0.03172910500143189
-0.02050821652768978
-0.9618423605071647
-0.4866875027946662
-0.7500791486441072
-0.4144388812872491
-0.22083305636088982
-0.1833812176870803
-0.020481281739193946
-0.0012611953247301244
-0.04801295720972121
-1.1613299306714908
-0.5682213121569172
-0.5933305323123932
-0.011773144686594605
-1.176493298553396
-3.14421908557415
-0.36917704922962
-0.3056212245470046
-0.24596197163918987
-0.19977623458808838
-0.02665336763796707
-0.20832664472982287
-0.03172907660932238
-0.020508150071171776
-0.9618423923051783
-0.003653095761546865
-0.7435714426101185
-0.4859692496655043
-1.3397902031429112
-1.1526652602478862
-0.013364991483589014
-1.83984372317791
-1.5793075799010694
-0.11508491169661283
-0.03172907660932238
-0.020508150071171776
-0.934284900448152
-0.053859198679371424
-1.1466710538183438
-1.047617659994608
-1.053912906408576
-0.40652265258428927
-0.009434651898724647
-0.018593416529862832
-0.2343884407018777
-0.26753779232967645
-0.2832938290666789
-0.6911738696055383
-0.7829193641286111
-0.2206807475304231
-0.5933305025100708
-0.5502974332238619
-0.26976499096053885
-0.28961354387380805
-1.2642608121968806
-0.5354774078088147
-0.34382928033786203
-1.050007242441747
-0.4124267967175304
-0.6799895950534847
-1.4640048800834589
-0.8822213755255299
-1.1512875629899402
-0.9880771755207596
-1.728719084057957
-0.8784497352316976
-0.24090167060494422
-0.10530680531071714
-0.8322095620013508
-1.4592664788360707
-0.6771681804345159
-0.6879292522886923
-1.6699652209515787
-0.9802176975626145
-0.03172898167791904
-0.02050809928082994
-0.9618424423305052
-1.3947650963091291
-1.4045674223852984
-2.324848312884569
-0.30352640844232937
-0.5381326388839321
-2.064398577810304
-6.771701812744141
-0.009344822401544661
-0.1845221339414517
-3.1539649764696756
-0.43282031677663324
-2.0331825907269376
-0.40063557028770447
-0.6193880903989669
-0.6209758383738517
-1.579865350063834
-0.12530580908060074
-0.6873023116786499
-0.9177168039656657
-0.7393885263077477
-0.07518966682255268
-0.13198871491476893
-0.0317290242660833
-0.020508081618962542
-0.9618424206439938
-0.5768065097120901
-1.7612815126776695
-0.6881764737645426
-5.982353210449219
-0.238845591066638
-0.04954832431394607
-0.805762852774933
-0.339970134448127
-0.9915178884236541
-0.6414753377817264
-0.03172907660932238
-0.020508150071171776
-0.9618423923051783
-0.9288681470400965
-0.018343580944929272
-0.021955933785648085
-0.033959041318464896
-1.7516011595726013
-0.03475726100441534
-0.01630037324503064
-0.013389362391535542
-0.6352889016270638
-0.019247908861143515
-0.0396681921556592
-0.0249953881429974
-0.023717497242614627
-0.5933305025100708
-0.6484605669975281
-1.2436866672461082
-0.48522723829373715
-0.6511059168107366
-0.88961993008852
-0.3228455824368707
-0.301481858206292
-0.5459780526746597
-0.003669170660162178
-0.005094726112084962
-0.023313428837961208
-0.2352251335978508
-2.0938141345977783
-0.015039455999309817
-0.019149928543811257
-0.06352744636491739
-0.07443748372606933
-0.20073631079867482
-0.02590448894946295
-0.03648576333320567
-0.25942981864791365
-0.03172901573336937
-0.0205081668017166
-0.961842341614621
-0.90641704814819
-0.968586087692529
-0.42962063619294594
-0.462977116872655
-0.19582961248751315
-1.0096684712916613
-2.6321149170842197
-0.30773093178868294
-1.2120724874548614
-0.18936889866987863
-0.016835206993467484
-5.102850914001465
-0.03172907660932238
-0.017906684628022567
-0.9761837285810283
-1.759301789989695
-6.678107261657715
-0.5976924284607068
-0.3389020184913534
-1.2721650039505523
-0.01512211051704071
-0.037119044514838606
-0.689093217253685
-0.0017947914579963253
-0.5967421007808298
-0.3974234578587736
-0.025581534356619653
-0.0884360961083855
-0.8682762323213475
-0.36821555010292284
-1.0606848102986208
-0.6300725059700198
-0.4249748647416709
-0.14792852706805998
-0.0026776382628668216
-0.6395814577190322
-0.3626964661941017
-0.2890998665560026
-0.7074782298877835
-0.44683442388971645
-0.14203053802096596
-0.5954876835457981
-0.7232984207485887
-0.03172901573336937
-0.01790676748247019
-0.9761837376281619
-0.2975984141230583
-0.3023963132533633
-0.7994319332806299
-0.7571155991638079
-0.07130067769644989
-0.42381761635823006
-0.09577189485329048
-0.43639854771650527
-0.8356590207073499
-0.9167046859656693
-0.5361053729113495
-0.767696718339721
-0.363770890282467
-0.9768880406011116
-2.1902861214475706
-2.3225443505798467
-1.1603096518985694
-0.17324142791330815
-0.9195035884525472
-0.8840075074940136
-0.2839252691483125
-0.6488065086747621
-0.6144728554160489
-0.03172898459888529
-0.018327300902456045
-0.9734973147777575
-1.4611079942745466
-0.060896157287061214
-0.3992127261211863
-1.313688243672784
-0.8694882797267796
-0.3808045413879415
-0.3685113123259119
-0.18949656352726213
-2.7653792798494883
-0.43216536356530094
-0.18168600832723314
-0.7792908725920521
-1.315194389782846
-0.023037073874729686
-0.04512884541095859
-0.6395584017337506
-0.4452647137622989
-0.432100763312729
-0.0040670994341780895
-0.03172913828298492
-0.017906581633724272
-0.9761837187356183
-0.06894856816091176
-0.932409098992745
-0.08876132551865469
-1.0684845713934918
-0.6043835343052706
-0.38682665006328737
-0.4530978679473404
-1.100660301593113
-0.2028633274320992
-0.9377007830705473
-0.9335681683853557
-0.7923462068886563
-0.7819535092455155
-2.3262996673583984
-0.9377128183841705
-0.03172898167791904
-0.02050809928082994
-0.9618424423305052
-0.4866874435295661
-0.6725767162904959
-0.6331565299478825
-0.9035992920398712
-0.608413241355447
-0.7579914033412933
-0.35305323916600173
-0.3603908305771516
-0.03863088390789926
-0.0817111199721694
-0.10765052133938298
-0.5933305025100708
-0.37284673330776225
-0.8996997143891032
-2.042430684232386
-1.547206757693655
-0.48950897957224193
-0.6714487028075382
-0.5899472445757552
-0.1860007472569123
-1.0106364983754854
-0.10961200962386404
-0.6528920416090199
-0.9810861764708534
-8.07653522491455
-0.4631774775738854
-0.5440253259318221
-4.148759166399638
-0.985218177614465
-1.6420975876195978
-0.2560346655227477
-0.8785528178559616
-0.2325510767598947
-0.48100697627523914
-3.7595239840447903
-0.8432364492400666
-0.3401188215939328
-0.4056473627279047
-0.416572549778842
-1.7445001670857891
-1.0668321899849817
-1.8620562553405762
-0.7133859251760162
-0.0766366148396628
-2.2288347417826033
-2.04230011603795
-0.4088027328123442
-0.03060171898290388
-0.06279392001618232
-0.8874645515211991
-0.12169270910089836
-0.1007347957883422
-0.5083570357032335
-0.019536450784653426
-0.6450992871624265
-0.26282293125404976
-0.022186159365244547
-0.07058900253644518
-0.0261968376483613
-0.28639264136272685
-0.3402694581883452
-0.04465254478110672
-0.24158193639577802
-0.560452423786046
-0.1568413189921153
-0.5372271933050657
-0.22358827674664403
-0.4229725224198774
-0.09719304226382519
-0.1610513116211223
-0.5049509175478306
-0.3207286768334193
-0.27321855373399256
-0.6845274774080151
-0.17347698772209696
-0.11033020744762326
-0.06437759099208051
-0.08338180829305201
-0.3680196487779112
-0.9255883097648621
-0.3256554506279987
-0.04751273042014267
-0.20656017019328746
-0.03172898459888529
-0.020508184130968794
-0.9618424690727677
-0.6243219104944728
-0.11264439323713304
-0.6435262278440254
-0.512633772051361
-0.24188996288156725
-0.0812837070173676
-1.3177597518078983
-0.16513596576987766
-1.42490188281663
-0.32909132729077506
-2.258773209216694
-0.5663056412993076
-0.3701181882837166
-1.715726641996298
-0.4475191390195575
-1.45145600810647
-0.09245434900124867
-1.3174159280824824
-0.07173606877525647
-0.5897629501996562
-0.8203268817243432
-0.6163602057145908
-0.06515864282846451
-0.5239978061700558
-1.6415151556332905
-0.39047440728741506
-1.2466689405962825
-0.5864665747822073
-0.3113122008740902
-0.008695882381211106
-0.0593283548951149
-1.1822525223717093
-1.0540541392275675
-0.4478019480069634
-0.5638897219966901
-0.3654866900566655
-0.4399985675367394
-0.44046358759199694
-0.24505816204473377
-1.2452511813524845
-0.6927828137547924
-2.042458653450012
-1.1958767237319123
-0.30053912735145005
-0.2648324566294572
-0.2540087103843689
-0.030797472542458723
-0.022109855165971175
-0.9317753587716392
-0.4335326330703018
-0.3785753548145294
-0.01579891000680315
-0.24303562939167023
-0.014785772620598436
-0.017734257504343987
-0.12650214719663685
-0.04832392032980806
-0.3181125172446223
-0.08499943148732807
-0.4310962518987556
-0.08308806360582821
-0.11426253631777529
-0.07578131432334582
-0.30805451213382185
-1.6111386101692915
-0.7801616534163865
-0.5813155862968415
-0.02622566001586025
-0.010660464141088037
-0.9809030844933457
-0.42414399357318566
-0.33380698538464704
-0.384696197738363
-0.03172898167791904
-0.017906766567778374
-0.9761837378942541
-0.03722659182191516
-1.0216723056645216
-1.1431365018464323
-0.9759992399259418
-0.01779067459574435
-0.0037793871701978787
-0.0975722074508667
-0.9630210391057646
-0.4685472562365855
-0.9650648045159566
-1.5317719522397966
-0.30786165897734463
-1.0296916513470933
-2.5230550517638526
-0.7537166817257037
-0.02752110394067131
-0.47516167353993904
-0.21720656267522523
-0.03172901573336937
-0.0205081668017166
-0.961842341614621
-0.6307210282150967
-0.05580778601385342
-0.02741813244453321
-0.8011460262932815
-0.5122646284587024
-0.3617658230214147
-0.6978248737003014
-0.04194911476224661
-4.379151344299316
-0.009905077033181442
-0.45010464972334113
-0.44111311194865266
-0.3959847645834088
-0.016118130515375622
-1.2509129446401717
-0.18040592331575075
-0.1703767059911375
-1.4047977887783323
-0.8040046317206967
-2.1553021814166144
-0.961873273508073
-0.9697203188292075
-1.1279696220353799
-0.34373765224954694
-2.539251854241229
-1.4148337093699541
-1.6269402371253818
-0.1866812154573078
-0.52747386646206
-0.587058462930751
-0.8163650665893718
-0.4004703603534247
-0.7601986974424851
-0.2573760722356383
-0.03172913828298492
-0.020508183598784462
-0.9618423913738557
-0.09007946804298886
-0.27852437142820025
-0.3938452552663096
-0.45726739016345164
-0.747603358503861
-1.1350094891749904
-3.034894198179245
-0.3778723769588396
-1.6939816121011972
-0.6242668256163597
-0.6190321251749993
-2.452337019973331
-0.9943192464611962
-2.6435329212496677
-0.36127154681465373
-0.8657894335687161
-0.4472319409251213
-0.4900334946260872
-0.20641642755890643
-0.15314793489233125
-0.3460806018889083
-0.3022398673933472
-0.3998660057441157
-0.41837209463119507
-0.4623013647166469
-0.8444388943316881
-0.9467054647159077
-0.7501740692435609
-0.5740123003100356
-0.7785551230190322
-0.7782048513181508
-0.432526006504405
-0.47009685371691984
-1.2237510944539736
-0.18065348337040632
-0.5300569173291718
-3.5670418540636697
-2.133616030216217
-0.7622130927546615
-0.6279136538505554
-0.6438528775412123
-0.0317290242660833
-0.020508081618962542
-0.9618424206439938
-0.05385912914061919
-0.6442866993115436
-0.3742019714799244
-0.31483708311653963
-1.045713190481668
-0.007587821062770672
-1.2416718437336385
-0.4300649996846914
-0.753427423791436
-0.13752628307944784
-1.7584189474582672
-0.03172903820946389
-0.020508317310096964
-0.9618424056097865
-0.7722151448122951
-0.7017531966724034
-0.4775041388347745
-0.0815797748260333
-0.03373477416607784
-0.03566180285410015
-0.2627215006569814
-0.45821581823111046
-0.23705396391927602
-0.5411703808931634
-0.03448884771205485
-0.26634890902787445
-0.22407596844714134
-0.16678749127525158
-0.13159967666506417
-0.48597870505576185
-0.2590131615003581
-0.3410894058769248
-1.0977148793754168
-0.03701034611246238
-0.008863957424182445
-0.6881031567999162
-0.3133324054069817
-0.12217318266630173
-0.04812859782638649
-0.9802559316158295
-0.9983513161423616
-0.5687300011515617
-0.03172898459888529
-0.020508184130968794
-0.9618424690727677
-0.6582204720969977
-1.1512665667386803
-0.5322306485613808
-1.1457127678311534
-3.682034525903873
-0.012066469629644416
-0.5281323962068806
-0.8466564686968923
-0.40378466658552903
-0.03172907660932238
-0.018327200452664068
-0.9734973311424255
-0.8624559898162261
-0.7523869890719652
-0.6742615427023598
-2.2869636863470078
-0.5940916410223248
-0.23002581141606374
-1.073228835422924
-1.2145464402408555
-0.01608685084890264
-0.9326228806671376
-0.2717053667927923
-1.1082969622234486
-1.100487476028502
-1.3198764907587743
-0.7258349874270303
-1.4885867834091187
-0.16126815117895604
-0.41871988624334333
-1.632909011328593
-0.03172898167791904
-0.02050809928082994
-0.9618424423305052
-0.035302812505202986
-0.7311403438448906
-0.3813410747222762
-0.5265499257613555
-0.47485843368372116
-0.7439718532225337
-1.9823459073901177
-0.4126928341409604
-1.1389569545669171
-0.5933305621147156
-0.198998295610571
-0.45466844133334233
-0.3689471885561943
-0.0053644162824184605
-0.021015099249780178
-0.006758634242601147
-0.010130299255251884
-0.0063349772506171576
-0.013165920972824097
-0.02671976573765278
-1.3873600989687616
-0.32553915012006956
-1.6487563686484161
-3.9541059732437134
-0.004180475311295595
-0.8966344423242845
-0.5122188658902554
-0.19035882485891656
-1.6197050304617733
-0.03172898459888529
-0.020508184130968794
-0.9618424690727677
-0.6307211660120325
-0.8460286600796584
-0.5267394708935171
-0.8654214259237051
-0.29915255906442845
-0.40912867216476506
-1.3020685557741671
-0.8111086972636258
-0.7515507840240995
-1.2300277626874097
-0.36238132504513487
-0.8352811732374203
-0.3262466454645619
-1.2544656437821686
-0.8635659058597714
-0.9043582865003069
-0.020508183598784462
-0.9618423913738557
-0.6363194675650448
-0.44468864088897436
-0.6651142293558223
-0.9746867062390915
-1.284295216202736
-0.008070657378993928
-0.06021390746658047
-0.03195931513515201
-0.7520596776157618
-0.6888835454980532
-1.1229197885841131
-0.053054944379255176
-0.49048706926052027
-0.6559522231885543
-0.22006273428269196
-0.02864091983065009
-0.2928519362153152
-0.3255536662680762
-0.38516939400384825
-0.5608934678602964
-0.3807491617389176
-0.9322614328935742
-0.0317290242660833
-0.020508081618962542
-0.9618424206439938
-0.6307211875876723
-0.6200365913285747
-0.6257159817549918
-0.09159060195088387
-0.3290703072109156
-0.02155311768486475
-0.009627310173527803
-0.037215673160972074
-0.0024122265664914266
-0.3933663861826062
-0.11251242148379485
-0.03172907660932238
-0.020508150071171776
-0.9618423923051783
-0.9064170217995221
-0.5072353979353116
-0.5912354131086713
-0.19250682898980034
-0.21429010884769792
-0.01180206419849128
-0.017213230409349006
-0.0011314633920846973
-0.41647354159504174
-0.2041673737808846
-0.12141224237469335
-0.8192152620426246
-0.9385479843476787
-0.08339231104279558
-0.5933305621147156
-1.27919107049064
-0.5010722000478663
-0.7175203250620447
-0.7707976849713305
-0.8260424733161926
-0.594360320470654
-0.03172903820946389
-0.017906766567778374
-0.9761837378942541
-0.19296697314227154
-0.019472590333316477
-0.1685261088423431
-0.06125293368030624
-0.03536373363492791
-0.2773242827596342
-0.17182912277140922
-1.9778051227331161
-0.018458550339952733
-1.1521661264511447
-1.565947350114584
-2.3958953500259668
-0.01811233076841745
-1.5756254084408283
-0.03807732174172997
-0.30899551026523114
-0.14928173738492964
-0.9796315974788741
-0.7361230754177086
-0.03172907660932238
-0.020508150071171776
-0.6660791438189335
-0.7968411491427105
-0.34523962194927865
-0.7103530212287914
-1.207460220851418
-0.8084771437570453
-1.065389082208553
-0.9336259883182886
-0.46073354946480216
-0.8332123512185977
-0.7846816071360081
-0.9071139213013036
-1.4722640174067914
-0.46124075042704743
-0.03753396628114084
-1.1504099497571587
-1.3865373978827846
-0.9823434568509475
-1.9334627240896225
-1.4047124554292003
-0.5150967273085068
-0.34806114914827047
-0.008549425384262576
-0.24174253285552064
-1.0966327433590777
-0.03744826475506422
-0.5564938509070833
-0.09475865831118427
-0.04376016007910266
-0.08864610452437774
-0.03172898459888529
-0.020508184130968794
-0.6660791845642962
-0.035302698418187596
-0.009474215986756462
-0.17023120820522308
-0.014873396852635778
-0.4196230248586896
-0.29679010813763146
-0.197777347479132
-0.059864677551746244
-0.07709728071570006
-0.4157743441303157
-0.6214916434837505
-1.1305008500348777
-0.2009910698592042
-0.08932120334239083
-0.19746997000064376
-0.16500740735379318
-0.09657337035586726
-0.044470843326832564
-0.04998518154479825
-0.15922941375743982
-0.09999183220262846
-0.06902831175830215
-0.09166920242114429
-0.03710629630795666
-1.1789280197117478
-1.0242092870175838
-0.03172903820946389
-0.020508317310096964
-0.6660791629110463
-0.07161341513191084
-0.6093527785026042
-0.9095632015163765
-0.08215959998155345
-1.2049130656911682
-0.005061070295859
-0.018111863794426124
-0.3348806889636243
-0.32430161747470265
-0.3553103340714837
-1.4120146411912762
-0.7787289466691113
-1.0873518796895794
-0.0021122304589198393
-0.4127596914768219
-0.3722074755157034
-0.5980913888973495
-0.365876720423437
-0.915972466506355
-0.2186032973229885
-0.1488995005687078
-0.732625174295875
-0.03172898167791904
-0.02050809928082994
-0.6660792701877654
-0.90641704814819
-0.7475274205207825
-0.3779763600905426
-0.6331947612139629
-1.0132823659710084
-2.608148841187358
-0.6735702606383711
-0.46265472775225397
-0.03172913828298492
-0.020508183598784462
-0.666079185612034
-0.030666723978356458
-0.2683854089617463
-1.2537189816999412
-0.21787465352930926
-0.15279126527214734
-0.016136636477313004
-0.8194224772158768
-2.462310437539903
-0.03709957224782556
-1.672635769098997
-0.03172910500143189
-0.017906632291020026
-0.6688676457852125
-0.049539424279438596
-0.525510299279631
-1.2694975799640815
-1.492290707571166
-1.508207099586302
-0.40281265942446354
-1.334566267346364
-0.011124193615008457
-0.14388364964785674
-0.005168477571714902
-0.3696800468190174
-0.8268243708414957
-0.5350467273006764
-0.30837412379914897
-0.06761217955499887
-0.02738453371355056
-0.03290201668694083
-0.6151415933854878
-0.26585756066197064
-0.0058639930415335
-0.32155204261168063
-7.142557919025421
-5.108845561742783
-0.0328385142396049
-0.022926207282580435
-0.00797101588887017
-0.010304014082066715
-0.021445129595866256
-0.9841080332019677
-0.11748537963527876
-1.2704833104936897
-0.2693372741341591
-0.19330635235916513
-0.04566207116770853
-0.6924817845186529
-0.5070163802010939
-0.050676205467122294
-0.05683411408681423
-0.0317290242660833
-0.020508081618962542
-0.7768218779625992
-0.752562246324184
-0.5011010212632676
-1.6335489970321457
-1.2396432100698196
-1.2612116634845734
-0.014981613145209849
-1.0382498274188643
-0.8461935852787325
-1.6354676485061646
-1.7274536550066841
-1.295213096937914
-0.03172913828298492
-0.017906766567778374
-0.7826823007004956
-0.06536422178032808
-0.025054312563346077
-0.021011631711839333
-6.847874641418457
-0.011423777224263177
-0.09908926206844626
-0.03943321206514321
-0.02070291340615685
-0.008980675503456345
-0.03412212816692772
-0.07126865339038584
-0.9343300604261457
-0.0296413145493716
-0.02567915987714918
-0.166613074412453
-0.044296528950716105
-0.29005209332171944
-0.040903337140434815
-0.025609026895835996
-0.028140123751290956
-0.14957944353227504
-0.03172907660932238
-0.017906684628022567
-0.7826824292230109
-0.07406503912837555
-0.024349767834387928
-0.01896302617387846
-0.03617250833970805
-0.04750406530431726
-0.17990591128667197
-0.0209259175680927
-0.03308969726786017
-0.018196348178510863
-0.029154815711081028
-0.4988688327604905
-0.016107108394083167
-1.7024323335699592
-0.8979789490665662
-0.6152612138244616
-0.08571993559598923
-0.37503906595520675
-1.3980426400251287
-0.3242956115531602
-1.1508621898918194
-0.1981028101508855
-0.8303206215723549
-0.029904040042310953
-0.5011221379681956
-0.7513888444174275
-0.32519659802457884
-0.30439800706555714
-0.43073113747682545
-2.4169961810112
-0.6275014579296112
-0.6947531729626159
-0.03140905697893521
-0.027938421932049096
-0.7611619097491106
-0.894432696740599
-1.683326286263764
-1.0670941088914891
-0.37938484892074487
-0.9703330345024975
-1.2853238587465512
-0.16175943613052368
-1.0466603776181325
-0.420537353194959
-1.3234901640635843
-0.9317785183340771
-0.35139520676926217
-0.6297810506930546
-0.15502074919641018
-0.6453211628831923
-0.5929540991783142
-0.3982235605362803
-0.03172910500143189
-0.017906632291020026
-0.7826825420682629
-0.0036971702218579596
-0.5391265766437365
-1.1248412285000087
-0.3428647372181461
-0.012046936215483584
-0.012215974295941123
-0.2396889875041476
-0.988188474956486
-0.8316838264775773
-0.7951890191863008
-0.01377869475982152
-0.2626327116094116
-0.0021462359250676855
-0.32639634452708477
-0.3668110354337841
-1.4527248615631834
-2.7173354206606746
-0.40205845138471985
-1.5386542081832886
-0.2252834829268977
-0.03172907660932238
-0.017906684628022567
-0.7826824292230109
-0.8274519415087221
-1.2143298722803593
-0.2932870160891778
-0.6797474760795013
-0.5052829013875453
-0.08085417380373526
-0.010764440579805523
-0.06068333546863869
-0.24654849772559828
-0.020743417136448745
-0.010140119290736039
-0.009047213928624842
-0.6332554817199707
-6.774658679962158
-0.49776417077211793
-4.641707580536604
-0.5267510354739594
-0.4645796735671216
-0.6357526250482936
-0.020121714177851874
-0.7247771062888205
-0.901220255196946
-1.0751746345322317
-0.21727532767857025
-0.13253610065839894
-1.0764847475547867
-0.14286178748125167
-0.03387938812375069
-0.49182530078776054
-0.42774903468089176
-0.0317290242660833
-0.01832728410538818
-0.9734971918431776
-0.93660265730432
-0.3271892096769686
-1.1956633790913556
-0.9732983728206211
-2.945939571922645
-0.13332119517654065
-0.39212754026326974
-0.1213308962091105
-0.43515026117961497
-0.9657214410189126
-0.8491013978944264
-0.009257948708182084
-1.8404181067432677
-0.6277115402109403
-0.15590339997184596
-1.2161196490633301
-1.2343882433657023
-0.16509182068208852
-0.5796514705863436
-0.6888555969156133
-3.1550269180110524
-0.4358954514997701
-0.6658474251787994
-2.102063758580092
-0.03172910500143189
-0.02050821652768978
-0.9618423605071647
-0.09295270134073992
-0.41408001259939436
-0.0024352311029360862
-0.3728591955635541
-0.640004169739162
-0.3194669850657062
-0.4200110314413905
-0.014556934101468263
-3.3359689712524414
-0.0062985624817883945
-0.3412892632186413
-1.049716212653688
-1.9861442893743515
-0.3393003564515311
-0.4652599308293037
-1.318038562933604
-1.0756976146949455
-1.4167265560891893
-0.20674298637701818
-0.22400574167841114
-0.03172913828298492
-0.01832725021189877
-0.9734972239072833
-1.041473969797759
-0.8942548038095184
-1.1960759738576598
-0.34566725774202495
-0.7549608235695975
-2.124615249256749
-0.4594157628539506
-0.7035035173070024
-1.3165420496370643
-0.9737833194521954
-0.9625344425439835
-1.315473053724087
-0.5210227355826647
-0.8233792562063577
-0.05697681622890135
-0.03172913828298492
-0.017906581633724272
-0.9761837187356183
-0.037226522292864196
-2.0133988675162464
-0.7226145525055472
-1.9226822585333139
-0.09842525492422283
-1.3575249910354614
-0.7265463044147639
-0.2000278920123593
-0.9163407469527823
-0.5740785570009254
-0.8235826968215406
-1.2505087525953837
-0.8009011309372404
-0.9085579662933014
-0.391917200547389
-0.3769658753226395
-0.012513383568148129
-1.4083887924449907
-0.4442854344356769
-1.0102624397523785
-0.6876131776947919
-0.6508696348156753
-0.27415335197639207
-0.844446053786286
-0.035200294107198715
-1.3138600152860505
-0.16910166777088306
-1.8969177278605374
-0.7121666581130869
-0.0026416479508043268
-0.6993738474945227
-0.2590197520970605
-0.03172898167791904
-0.02050809928082994
-0.9618424423305052
-3.0653244729619473
-0.04083717180874373
-0.014583456912077963
-0.02064914774724885
-0.03550720089115202
-4.600489601492882
-0.14447974372784042
-0.6322664293038542
-0.21283890855395132
-0.05615827924951813
-0.013961633512129387
-0.014852848353753374
-0.27104170964230434
-0.05487163080579194
-0.01736305535046591
-0.021738356923580997
-0.030262965398530167
-0.09997407114133239
-0.053950373141560704
-0.5908219776271532
-0.024779276226499034
-0.04110122343990952
-0.8307344865586076
-1.6351175571843568
-0.5486983747181605
-0.39675285333457094
-0.5255153298057849
-0.40022011207174335
-0.7670725406257107
-0.15389988268725574
-0.17143771805733973
-1.5567676451057195
-0.10384046942150842
-0.2422235008329153
-0.03172901573336937
-0.018327149828629836
-0.9734972635550159
-0.05193157548395296
-0.6147650235167627
-0.4992846052304635
-0.011904868098402707
-0.045750269355873265
-0.7345284193754196
-0.0317290242660833
-0.020508317310096964
-0.9618424056097865
-1.8290880688388522
-0.5916770211598487
-0.031506169908334415
-0.03235902615611289
-0.02976701222360134
-0.5194202065467834
-0.0347198776051664
-0.4542294971649356
-0.1418310792845053
-0.03948253546080265
-0.012389776707725385
-0.14013520074792854
-0.12215201529519011
-0.03172903820946389
-0.017906766567778374
-0.9761837378942541
-0.03722659182191516
-0.017498854896984994
-0.028381856847166393
-0.7019997239112854
-0.05117803439497948
-1.288979754973525
-0.4292086196564924
-1.0174145452380317
-0.012649379704574434
-0.011185087836565799
-0.02036756733044361
-0.03172898167791904
-0.01832719978743366
-0.9734971853239196
-0.26546902572359116
-1.2226002177703776
-0.6884643873781897
-0.802699966896658
-0.1875383024568388
-0.012306416538194753
-0.5974146316411861
-0.5017450557962648
-0.7582954585552215
-0.6907466785002422
-1.5374157205224037
-0.07087083836086094
-0.5933305621147156
-1.030183824129684
-0.0048761726575605735
-0.48658909039041837
-0.47786164944297455
-0.7432191535287226
-1.2440783977508545
-0.5933305025100708
-0.8168177304238163
-1.3757004886865616
-0.7238231069142265
-0.1703801048001465
-0.5183058249337288
-1.0919213891029358
-1.9252420524592577
-0.16869188223790843
-0.05193430813960731
-0.03172898459888529
-0.020508184130968794
-0.9618424690727677
-0.05385916396820297
-1.3456291774637066
-0.2696873444128869
-0.44865162414115684
-0.7614784090643903
-0.4754671701361545
-0.4586352673876617
-1.419247389961542
-0.7176504039929973
-1.6225962084747152
-0.06441773456754163
-1.0934806981988783
-2.2810393422842026
-0.6121806870452247
-1.1324404300931536
-0.16483266651630402
-0.23424260364845395
-0.006472764226600702
-2.26295193163484
-0.3891043883278061
-0.4145028864343961
-0.5958068325458693
-0.8836449725786224
-0.34779960654189135
-0.9517322799255108
-0.21035720534079397
-0.6856235503929201
-0.48560599640144836
-1.033197003245328
-1.252891501864228
-0.6408798956312239
-0.04210359455707172
-0.24696964502800256
-0.03172907660932238
-0.020508150071171776
-0.9618423923051783
-1.5656579704722389
-0.9413823848410088
-0.5895776021708217
-0.25012029097706545
-0.4978272889711661
-0.15335106658070194
-0.3268505302645887
-0.6646654924201684
-1.1492684317442279
-0.5454186988089614
-0.4430306879561006
-0.3301873792806873
-1.3110098460844408
-1.5614532371982932
-0.3945965109790753
-0.7701737218812923
-0.5464568555722104
-2.2386241480708122
-2.034127981091539
-2.4988974064419214
-0.5101752007947653
-0.7433183130051475
-5.345846970876058
-0.2670991574879736
-0.22881045332178473
-0.5747995146860679
-0.03172903820946389
-0.018327349863414253
-0.9734972008903112
-0.051910094218328595
-6.4407734870910645
-0.1204656093115253
-0.23891325654956824
-0.5689453482627869
-0.9491260051727295
-0.4298253587912768
-0.43279202543430983
-0.6133318029344081
-0.9072059102356433
-0.5126651103741356
-0.3136369287967682
-0.19725532076942423
-0.31198256281721926
-0.022156793643565226
-0.4434866384945053
-1.3565950393676758
-0.04605722658258552
-4.47981870174408
-1.5641577243804932
-0.11594323397730477
-0.1792550878886282
-0.3223635266767815
-0.018829894659575075
-0.12846121954498813
-0.26800417801963966
-0.26168564126139526
-0.22766087587418346
-0.23653481998566162
-0.6198277434838625
-0.26234114666779834
-0.034436408430337906
-0.5152620884247072
-0.24770448231538467
-0.31141173961357427
-0.5162481285879039
-0.09016410142826584
-0.005721175474172923
-1.1186678638284018
-0.18544402054976672
-0.4096088231453905
-0.03172898167791904
-0.017906649254395494
-0.9761836731008121
-4.291042171884328
-0.037389935489045456
-0.037207259921535084
-0.014971387900004629
-0.027730059560867847
-0.037503088567652464
-0.042912550270557404
-0.02551608869859289
-0.03031229210091624
-0.027060478925704956
-0.010092759394319728
-0.013239262664380172
-0.042017947882413864
-1.2541873518299933
-0.006785594871164196
-0.5182758807762488
-0.7204334322573581
-0.7509345030169546
-1.8706541684689
-0.43782247048802675
-0.7877687203795894
-1.741222969411562
-1.3884933749761652
-1.2938474426489501
-1.0537839916321579
-1.6723427854085458
-0.00844742975095869
-4.771523952484131
-1.4087019209885814
-0.9404622717911479
-1.1651727462885901
-1.0343949347734451
-0.03573033291225632
-0.03172907660932238
-0.018327200452664068
-0.9734973311424255
-0.7558726817369461
-0.016977288818452507
-0.7072039301565383
-0.016692533656168962
-0.03823646677483339
-0.015245901682646945
-0.010068631105241366
-0.007224956643767655
-0.02278859376835091
-0.013873756336422582
-0.014758811067209039
-0.0212596091676005
-0.040260224137455225
-0.06703761940298136
-0.06628739945153939
-0.020509275394668867
-0.037666026503454
-0.04776076371413901
-0.023025063037493965
-0.06643099103439454
-0.028348973602987826
-0.031086482643149792
-0.012479886319488287
-0.05953885685691299
-0.033356756501069125
-0.045711705116178454
-0.14512879521094468
-0.3271951780309084
-0.646296056536327
-0.982578971539624
-1.879558727145195
-0.0923921720823273
-0.8701600447141876
-0.6348964807659607
-0.022701369382957637
-0.7520500101381913
-0.41595701794479584
-1.13315087556839
-0.03371679705257217
-0.03172898167791904
-0.017906649254395494
-0.9761836731008121
-0.03536295252464091
-0.6204948350787163
-0.7335577487945557
-0.06704580597579479
-0.8912467845983061
-0.9302825965070431
-0.03851191435839637
-0.023700982148875484
-1.641169274305058
-0.2427140772342682
-0.13783468857582193
-1.8372343834489584
-0.0123973489189666
-1.3588893604243086
-1.0371173500158044
-0.625736867756738
-0.8845461621720114
-0.8379989673267119
-1.0951323758927174
-0.8600214372272603
-1.4694430357616008
-0.9629584195155819
-1.2764347630096988
-1.1876130159944296
-1.0445881634950638
-0.5172012383583933
-1.1703530832222895
-0.42416972504967515
-6.105288922786713
-0.03172903820946389
-0.018327349863414253
-0.9734972008903112
-0.7962136059733373
-0.11181821175837699
-0.9539315960000214
-0.14596497267484665
-0.8841510152352774
-0.9806515027529612
-1.1315316552562373
-0.7578962638350882
-0.11403566429443243
-0.3481957316883684
-0.05912173353135586
-1.4968512821942568
-2.0321536481690905
-0.8699551511866351
-1.1824689265849884
-0.8196040391921997
-0.3545104268317421
-0.04675676215750476
-0.03172913828298492
-0.020508183598784462
-0.9618423913738557
-0.3003038987517357
-1.9427713814657182
-0.7248676493763924
-0.5743542643613182
-0.023176906902032595
-0.5983640810591169
-0.5039983885144466
-0.6294948738068342
-0.015383818384179904
-0.6616091391688315
-0.8340725720294618
-1.8871679668906534
-0.0027681467277034244
-0.5772887782037618
-0.9005966573022306
-0.05885386715332667
-1.62798513182705
-0.05851772388753792
-0.03172913828298492
-0.017906581633724272
-0.9761837187356183
-1.3873120578573435
-0.25573979315231554
-0.08821269416118109
-0.908890962600708
-1.6449215239845216
-0.189226759391507
-0.8078969244787004
-0.03172907660932238
-0.020508150071171776
-0.9618423923051783
-0.8860594316890152
-0.4978517290967433
-0.7366271581056274
-0.731312650769757
-0.007044231630667734
-0.00832268572276007
-1.6917019132524729
-2.0187774380402908
-0.13136260313913226
-3.577490964826817
-1.2719662737529558
-0.4987259144894779
-0.26679105834971945
-0.2685491754322463
-2.405824768046538
-0.4239353689287479
-2.0131336843284466
-0.03172901573336937
-0.0205081668017166
-0.961842341614621
-1.2716896404065967
-1.4584953501803934
-0.5954668791580063
-0.4931552559835836
-0.728530672570034
-1.877429851796478
-6.138735570944846
-4.7356747190157575
-0.013702103449759306
-0.7112222248151039
-0.9585880154336337
-0.5170769826329958
-5.1902573357025785
-1.2217683359631337
-0.44723186641931534
-0.5191226134882527
-1.2136839680921792
-0.5226765108855034
-1.3422247279474202
-0.06942714750766754
-0.936537085683085
-1.4513523393456125
-0.8881332249002298
-0.1839885814115405
-1.2053648573863838
-0.6249757769401185
-0.9237710788846016
-0.6262725435197354
-0.3060938265713048
-0.6039309195350923
-0.5018177264131597
-0.6171905978200292
-1.027410754106111
-0.017942784858557086
-0.11691601574420929
-0.022977118341562647
-0.03172898167791904
-0.01832719978743366
-0.9734971853239196
-0.8645071793347597
-0.008425059822911862
-0.1595055719835121
-1.2685168656552277
-0.02670113074418623
-0.0974854890567561
-0.05244228507907186
-1.0787093216664896
-0.5496041632723063
-1.1019032607631136
-0.453846700489521
-0.5818218481726944
-0.21620317627275654
-0.10650791862610731
-0.023423861993554358
-0.023252030233076464
-0.016243390971794724
-0.8853440877166576
-0.42948531413673086
-0.5905908629647456
-2.2455487847328186
-0.5640373108908534
-2.0855463948391844
-0.6936395880100463
-1.4305909352454667
-0.0024965537908769875
-0.36907238215208055
-0.044158532323005296
-0.04088508751010522
-0.0166893806696559
-0.010205113311167224
-3.6794814867586996
-0.46298827035352585
-0.03172898459888529
-0.020508184130968794
-0.9618424690727677
-0.03530273085925728
-4.854160934686661
-0.6782278227619827
-1.6677069140423555
-0.8392324493163161
-0.5387460792359585
-0.908636212348938
-0.30784894912436095
-0.19889548903302057
-0.6044711151405124
-0.27468091180708143
-0.32323024971663894
-1.733372300164774
-1.0213327715250404
-0.22730615986456543
-1.1040954549098387
-0.46889140012984476
-0.22310217932829346
-1.2163679550867528
-0.21251752751122693
-0.9579299350663051
-0.0033864044711765973
-0.06761202247192462
-0.027384571643779054
-0.02875756342629237
-0.8609013607991594
-2.9270604951889254
-0.4496296248916123
-1.4493451074874764
-0.8578779460928802
-0.7629546872250592
-0.7916516957550563
-0.6805409112945199
-1.1687119001036752
-0.8487929891125532
-0.5396655948064845
-0.03585070913444118
-0.5390318595131652
-1.0821650446289115
-1.5368408331504235
-0.3044453542291497
-0.7282335342689683
-2.0299121141433716
-0.9932044360321015
-1.3342528583792348
-0.03172910500143189
-0.02050821652768978
-0.9618423605071647
-1.3424518583342433
-1.0345761716365813
-0.3875187247020741
-0.5409577107335174
-0.7367897118674591
-0.3350456040740634
-2.011928086036018
-1.5953532848507166
-0.8115188133846319
-1.1335369348526
-0.03172901573336937
-0.018327149828629836
-0.9734972635550159
-1.4846675550565123
-0.05333737994078547
-1.0345456434521252
-4.2684338092803955
-0.011646579427178949
-1.6422988139092922
-1.139648737385869
-0.009195847924274858
-1.108267231799093
-0.9863123166142032
-1.031010807047344
-0.7444569889921695
-0.03172903820946389
-0.018327349863414253
-0.9734972008903112
-0.156488604662379
-3.067601482073466
-0.26332622303743847
-0.1123021560003205
-0.6675880782306194
-0.006187145296280505
-0.06708844196379816
-2.1461896896362305
-0.8508039644131293
-0.8981783706694841
-0.578413012670353
-2.843844963858525
-0.2268424391679998
-3.944280705349229
-1.160890160962784
-0.06761201781531175
-3.7345800399780273
-0.023887204683639786
-0.040692418930120766
-0.8677371498197317
-0.7770946829477907
-1.260070763813322
-1.2907007642913544
-0.3889030851881086
-0.050370145225315355
-7.873051643371582
-0.005977097489449079
-0.5588993142425481
-0.4596512963097276
-0.5901278336425874
-0.6193931953920886
-0.6922506284964685
-0.7205792459029577
-0.7226422764482953
-0.7770676658894025
-0.8346246362917503
-0.08789434885450949
-0.6268985395851944
-0.7634771152709922
-0.47149204537199696
-0.32042485376700824
-2.2394115403294563
-0.3550563902050878
-0.5398286730051041
-0.5924197977556932
-2.364263293911063
-3.1048961699707434
-0.6247965344651178
-0.1999437204140122
-0.5282456716522574
-1.457125608277108
-0.7367744784103707
-0.03172913828298492
-0.020508183598784462
-0.9618423913738557
-0.03530281009928634
-0.05610866187422895
-0.38291061020308087
-0.3537701111927163
-0.3327545389533043
-0.033199740032224714
-0.8853467059250559
-0.2955574029282515
-1.1303668165031315
-0.10759986728529232
-0.6518154118210078
-0.11959352732325594
-0.13997763581573963
-0.1339659990509972
-0.03172910500143189
-0.02050821652768978
-0.9618423605071647
-0.03530273074284196
-6.52664852142334
-1.1156039727871498
-0.775173378125247
-0.014712329382746248
-0.8130489790087773
-3.550801856443286
-0.010996017579600448
-0.011036830711005181
-0.005651254287840857
-0.030872565103546266
-0.052561439343705954
-0.041490360009073114
-0.042283330112695694
-0.02150647437980903
-0.033132556901364296
-0.010499241761863232
-0.012775529496138915
-0.012355526613343196
-0.014289435930550098
-1.2305569083352264
-0.006599322416756574
-1.2931964300854208
-0.8409700360979236
-0.7412136697496933
-0.5690527206540785
-0.6235715110625069
-1.5774178107579548
-1.5479212403297424
-0.12157845512653391
-0.48591775128119885
-0.8812702835721817
-0.2533368431031704
-1.4485218900008476
-0.6886434436749239
-0.18083278089761734
-1.791843260716026
-0.2074642851948738
-1.241636188629155
-1.7549159416618447
-0.10992537766772632
-0.037514904513955116
-0.027184706546408546
-0.02323442359920591
-0.8567687246416297
-5.94627571105957
-2.1802209640387447
-0.72364795464091
-0.16004223414583302
-0.2736857291678131
-0.16114331660385992
-0.7829639572145035
-0.3034192329165914
-0.02404458451201208
-6.231536865234375
-0.009615548755391501
-6.071816444396973
-0.04088276831782878
-5.963501930236816
-0.6102701399860961
-0.4041239537841298
-0.15216376973936954
-0.09014020068570971
-1.32065493427217
-0.5359641092751796
-0.3892692439883831
-0.7365686749322585
-0.2827729681240661
-0.06761201781531175
-0.8868679016595706
-0.24500402523335651
-0.03172907660932238
-0.020508150071171776
-0.9618423923051783
-0.039747906383126974
-0.7400052817538381
-0.31867152894847095
-0.07112909989664332
-0.03016155191580765
-0.019793247804045677
-5.439515590667725
-0.028180336540875334
-4.051062166690826
-0.009114434182993136
-0.01141119202839036
-3.9848598539829254
-0.050489392076239405
-0.6663669678382576
-0.002143809775589034
-0.7778284549713135
-0.03172913828298492
-0.018327349863414253
-0.9734972008903112
-0.06649524928070605
-0.04175948694257308
-4.648244142532349
-0.012226923756922284
-0.012255744624001506
-3.8090034127235413
-0.017527158623124706
-7.806640625
-0.1687280833721161
-0.28555019944906235
-0.0507400224567391
-0.013424722051157996
-0.024314689818614472
-3.274727463722229
-2.9756667725741863
-0.41690288776517265
-3.7270246697589755
-1.3980192595239107
-0.23302428647928702
-3.5491538047790527
-0.8955932964077767
-0.03172901573336937
-0.0205081668017166
-0.961842341614621
-1.0241482196530949
-0.035931070296404265
-0.016585035708784644
-0.02149895139882574
-0.029471544627085677
-0.0403682901354235
-4.647500932216644
-0.03526834834418777
-3.952978491783142
-0.02175975936946391
-0.01626269882156824
-0.01596650174377084
-0.02433613664470613
-0.007478784203385658
-0.0030886083153518484
-0.4126560549811984
-0.009909744446000937
-0.05044022297079209
-0.026430943328887225
-0.03172903820946389
-0.017906766567778374
-0.9761837378942541
-1.199895563069731
-0.7090125046210806
-0.22221862524747849
-0.7402687139628041
-0.014550345867367772
-0.14364590123295784
-1.514482381330295
-0.007631995878909947
-0.5135078285820782
-0.012612695834832266
-0.0009944440593585568
-0.6176712753044235
-0.669839129650167
-0.0751859067628781
-2.455692768096924
-1.1255500707650046
-0.30454025728007156
-0.2676027043602921
-0.9093252841739741
-0.23590153748955345
-0.23510714597068727
-0.32531817723065615
-6.248393535614014
-4.251615524291992
-0.6732972479900733
-0.5491010701904694
-0.0017846286173153203
-3.9963334523684657
-1.2643227923690574
-0.03172898167791904
-0.02050809928082994
-0.9618424423305052
-0.8860594319606511
-0.3996752656460993
-0.4069145147315996
-0.46096116860862824
-1.0307648587103662
-0.022775070033579443
-0.009088500639336416
-0.7089967303786819
-0.7015291310672183
-0.8510497379056351
-0.17855877945056328
-0.04439015605021268
-0.3000357660894224
-1.7843916416168213
-0.03172913828298492
-0.017906581633724272
-0.9761837187356183
-0.6490945825935341
-0.47228517672544207
-1.157970771775581
-1.3071854504030298
-0.8677093371574301
-0.9113079167760184
-1.17463527812575
-1.7922824929701164
-0.03224412058868135
-1.407251447217277
-0.6730266665108502
-0.020903680143722642
-0.5933305323123932
-0.261579907549146
-0.03015823839996301
-0.614337538985698
-0.03172907660932238
-0.020508150071171776
-0.9618423923051783
-1.3757415221383174
-1.3031251765787601
-0.7086526315145999
-0.7303435617475771
-0.28299177957731964
-0.9080113535942473
-0.6150007509798008
-1.4604901770750682
-0.006481021354678281
-0.6043876793628442
-0.5825223981966181
-0.4985258312986439
-0.6137774571543559
-1.6015983834240615
-1.1164742381079122
-0.016915684565901756
-0.29024769887437285
-0.01771818536023299
-0.004690102839958854
-0.03172898167791904
-0.02050809928082994
-0.9618423605071647
-0.8860595897422172
-0.2923714987312754
-0.7795938640499246
-0.8397646474426438
-0.6272521261746685
-1.729120900026626
-1.3915978003958047
-0.6763806570113502
-0.7069290364471574
-0.7231729076243937
-0.9575026125463549
-0.8711368933640188
-2.4705719757514695
-0.47345355493710556
-1.2743669796418544
-1.7387737713288516
-0.6199295917947232
-0.13228655296067396
-0.8594611622393131
-0.1523899787280243
-0.5892248657842477
-1.0725910558743634
-3.13201367855072
-0.4979028118913822
-1.0083235506022903
-0.6527673660644463
-0.9382490864289659
-0.824575640905935
-1.061184000223875
-0.2633046328628552
-0.1979598325851839
-0.7633580208057538
-0.5908220155785481
-0.024779276226499034
-0.027843465829002007
-0.8457134829035827
-1.0115594385960751
-0.2902492535304191
-0.07644126674495055
-0.45126633085892537
-0.42663569135003765
-0.6529076544498561
-1.0901187353967023
-0.6829631928703748
-0.6059728823934815
-1.6904332104095374
-1.20076216571033
-1.431721568107605
-1.2631331695301924
-0.8830725985850828
-0.03172901573336937
-0.01790676748247019
-0.9761837376281619
-0.03722675069972562
-0.6474965472136718
-0.17591874206441893
-0.341876126792548
-0.04144968588661868
-0.013111842936268658
-0.004744726597664339
-0.8992192829027772
-0.2307590024865931
-0.45896089283633046
-0.3437712725251913
-0.5745641987822536
-0.2950867780203295
-0.5091694870148785
-0.3906662357577051
-0.026447319723956753
-4.742791175842285
-1.2332943954855018
-0.5358190318414321
-0.8628543156082742
-0.3906884479590438
-0.5107973050326109
-2.2318972051143646
-2.000233299137714
-2.642218340188265
-0.03172907660932238
-0.020508150071171776
-0.9618423923051783
-1.611441256548278
-0.04657616299421837
-0.5947528612268798
-0.5078504061411877
-0.3302371945984695
-0.10448223875646293
-0.33671296677784995
-4.497323453426361
-0.1224348891992122
-2.8146992176771164
-4.403493046760559
-4.485807538032532
-0.48183124934985244
-0.5652283910506716
-1.9108494373698097
-0.45425116733804316
-3.3287106677889824
-0.029705278100057814
-2.423612356185913
-1.5983189344406128
-0.1096178531491508
-0.1430363231804222
-3.1653535962104797
-0.03172898459888529
-0.020508184130968794
-0.9618424690727677
-0.05385916396820297
-0.019290222437120974
-0.048345321672968566
-4.994877755641937
-0.02069822572919197
-0.5811788122832345
-0.012758542482818788
-0.027794835395373713
-0.27271221614708857
-0.18779229807356992
-0.2651502303003023
-0.03172898459888529
-0.01790668293168502
-0.9761837881856731
-0.009705973928794265
-0.0401078588826446
-0.028549112144193915
-0.6959011554718018
-0.008621670303023748
-0.020405289356131107
-0.01281524434619184
-0.02378628554288298
-0.02102917195225018
-0.4838858568109572
-0.05540595748849834
-0.06321257539093494
-0.0267664941826037
-0.1765491968447653
-0.8244132998709878
-0.016262856211561975
-0.03349817593375014
-0.0309469056749301
-0.5933305323123932
-0.5618425315575829
-0.6339777742255608
-1.1636127630869548
-1.266964589865529
-0.3433070431980441
-0.0317290242660833
-0.01832728410538818
-0.9734971918431776
-1.212475957426553
-0.3890590594513924
-0.3526001749349234
-0.29558012879403706
-0.6499386391806183
-0.34741273439526
-0.013252549308162997
-0.4707955415630372
-0.07724151767191263
-3.5710000342223793
-0.03172907660932238
-0.020508150071171776
-0.9618423923051783
-0.3003038689494133
-0.5622192703924478
-0.620869388901095
-1.6289554338599417
-0.4260028634665051
-0.17120769620357482
-0.8592419893539045
-1.5667444408172742
-1.0181268558583476
-0.2390930913388729
-0.13466638613821347
-0.9918627939878206
-0.7463280903175473
-0.6133941771681243
-0.32501483468286096
-0.39682265743613243
-1.136756114623235
-1.130627552823474
-0.714490001404354
-0.7308983796703008
-0.41746821102096876
-1.5633798361224762
-0.8192904960354402
-1.0442693000102579
-0.3973560484565413
-0.28859771534916945
-0.3292870065457464
-0.028632448986172676
-0.04555593632782499
-3.406327200743059
-0.45276525104418397
-0.0691746883385349
-0.009274800340270823
-5.431114576756954
-0.03090690017658441
-0.11980293616652489
-0.025228255919500953
-0.016978059235649805
-0.0013350598185297713
-0.02990081095485948
-0.08288464695215225
-0.11316818185150623
-0.15109151601791382
-0.015071852365508676
-0.564987109741196
-0.0317290242660833
-0.020508081618962542
-0.9618424206439938
-0.035302698418187596
-6.52664852142334
-0.7291677808854728
-1.110054387328481
-0.011533476926463967
-1.4411091059446335
-0.012485898218073999
-1.3528556140760581
-0.5592206394067034
-0.22642997084185482
-0.03172907660932238
-0.020508150071171776
-0.9618423923051783
-0.6307211464154534
-0.496541461829717
-0.5751016816190843
-0.30875180599650776
-0.015506025966412077
-0.3723224932409721
-0.6451348256255427
-0.028362617848870286
-0.3391682870569639
-0.3307687650350007
-1.9994441278031445
-0.6833623817947228
-1.1833983745600563
-1.0492142435784142
-0.640974695684717
-0.14095892051218903
-0.7306989097200772
-0.5090985995120718
-0.7424190366213831
-1.1487930677831173
-0.5682370183225057
-0.604059446021308
-0.4607637400905939
-0.6991660865088407
-0.51210202268187
-0.508195491512127
-0.5551429292880296
-0.18322560667163795
-0.6098655984652314
-0.10572532534466259
-0.550621482830805
-2.000005412613973
-0.8610205515469715
-1.5895506181987002
-0.6680456819012761
-2.2863502740859984
-0.48984560631215573
-0.9831656398018822
-0.42510857905238353
-0.7746087311606971
-0.5350434816041103
-0.9637519210264145
-0.44385670902314206
-0.8303292686839334
-1.558443807198533
-1.8656932525336742
-4.059823513031006
-0.6919095487333834
-0.9270142912864685
-1.3442032143939286
-0.03172907660932238
-0.020508317310096964
-0.9618424056097865
-0.9715503451188852
-0.4912352041387099
-0.31871853638689834
-1.9746920934412628
-0.17748482678143773
-1.153608658205485
-0.9305974903403088
-0.8148001229776407
-0.23669974312568748
-0.09659383213147521
-0.5028919862117618
-0.5823765730399548
-0.19818771617220982
-0.27346610140133026
-0.03044220575793588
-1.8288088738918304
-2.3441322445869446
-0.3726496712624794
-0.8875010920954602
-0.6141397623578086
-0.2995579387294735
-0.6404752652160823
-0.5246546227232708
-0.0317290242660833
-0.01832728410538818
-0.9734971918431776
-0.020098526885703905
-0.018894150232275326
-0.03392268139514667
-0.033903112915288296
-0.03493203173275106
-0.05339143648743629
-0.026290480545261136
-0.053091512826670496
-4.603400349617004
-0.02381034933690292
-0.14603800243639853
-0.30347223179146215
-0.030172033279086463
-0.3655243018292822
-0.12357873752162876
-0.20662187374352167
-0.08776563171866453
-0.04981715180656465
-0.1998627759868131
-0.07510729003115557
-4.190633594989777
-0.32969713991042227
-0.26229466032236814
-0.38268209737725556
-0.8303292989730835
-0.09856855131114241
-0.056123203177064526
-0.43028475902392527
-0.08388624260381523
-0.30425480008125305
-0.30218151506657404
-0.023074546217685565
-0.012427016974470462
-0.2676507582888007
-0.8139016142425438
-0.02102896646829322
-0.28073770366609097
-0.030525798375795905
-0.008908617500209302
-0.01185905228824898
-0.2463020088049234
-0.07311240816488862
-0.027287325614856348
-0.03742047181787292
-0.016849231756999
-0.012840787540645342
-0.3824365524841206
-0.05439948492373029
-0.013038582813067023
-0.037131827657244036
-0.08754429089215894
-0.03038802459195722
-0.0317290242660833
-0.020508081618962542
-0.9618424206439938
-1.6114411616465076
-0.6996607015621737
-0.5336436630616215
-0.3208310393044182
-0.012834374201095974
-0.16097141227530504
-0.12743537940074626
-5.411734580993652
-0.0028818093736191486
-0.2709972507278012
-0.3160478922460849
-0.29140676151441497
-0.28393773555788876
-0.1323161321165066
-0.13250328547084272
-0.17123541868045322
-0.5970831323647872
-0.0025559214601003077
-0.0023651112751394976
-0.04142472376484615
-0.10691836734865016
-0.012977365567580406
-0.011414609451159257
-0.022215950302779675
-0.023833494101251875
-0.03172901573336937
-0.0205081668017166
-0.961842341614621
-0.21111038768625198
-0.02440576640870667
-0.046171482863186
-0.006022885950187629
-0.05006327369483188
-0.5795182585716248
-0.30981676615774634
-0.07064566548215226
-0.02579371812559354
-0.006815225176069362
-0.025693586361012422
-0.029061246610945092
-0.5378387565157027
-0.08452394330460164
-0.6319901330396533
-0.8484033006154479
-2.1527895983696603
-3.2815283238887787
-0.14187600892910268
-0.7486260460689664
-2.9276775129546877
-0.6584281861665658
-0.04143946216432736
-0.4344569970853627
-2.073974068457028
-0.5313157520002278
-2.356432301888708
-0.7520004432102527
-4.323434227705002
-0.7821845041921733
-0.7534152665546572
-0.1322697602212429
-0.11315970945101331
-0.9788817318719035
-0.03172910500143189
-0.02050821652768978
-0.9618423605071647
-0.08329853668753155
-0.008622107755703231
-0.027071684958984307
-0.031304904436638026
-0.4673141911625862
-0.4766428619623184
-0.041702069875706606
-0.027354608425715316
-0.009480308647523219
-0.016927700302403537
-0.01196255247486988
-0.02446786908651976
-0.028829311446142605
-0.01387250419065822
-0.2338539378142741
-0.030718114925548434
-0.49838208006549395
-0.5248103242950796
-0.29198044083932473
-1.3957939743995667
-0.03172910500143189
-0.02050821652768978
-0.9618423605071647
-1.4599493429829766
-0.032790526158350985
-0.0023107159964531414
-0.02353331497243534
-0.009262306737842405
-0.03089781943849483
-0.014690165909390393
-0.03001149811057581
-0.019916695286156028
-0.14833685383200645
-0.14275205798912793
-0.2089314190670848
-0.7466554902123541
-0.5020687470532721
-0.8465450312942266
-0.006464746428491708
-2.8048913570382865
-0.19588447323803848
-0.5449869831791148
-0.13607540317025268
-1.3285293395165354
-0.07943227887153625
-0.7930938900847521
-0.7769875114572642
-0.33127045327677884
-0.5319452328528443
-0.004421509626126863
-0.19699930051241868
-0.1366064309495414
-0.0317290242660833
-0.017906697250769606
-0.976183689199388
-1.6344029322062852
-0.7838250182727019
-0.7940966530659352
-0.9933855533599854
-4.921725541353226
-0.0179435271663048
-0.011855154276418034
-0.1993652826640755
-1.4416943769087083
-0.5689712401945144
-0.6052262177690864
-2.3128066726028917
-0.8104861767962575
-2.40012203536462
-0.10134536633267999
-0.41901087772566825
-0.0317290242660833
-0.020508081618962542
-0.6987428574689797
-0.035302698418187596
-0.8033881218434544
-0.611639923371163
-0.21766521775862202
-0.014540188014507294
-0.016387990344810532
-0.013875682023353875
-0.09477282292606436
-0.013548312243074179
-0.019734968466461094
-0.4468109154342009
-1.0402080202811703
-0.9155878474470228
-0.03172903820946389
-0.020508317310096964
-0.9618423605071647
-1.1327340829130919
-1.017839011883611
-0.9689493050286546
-1.0347180856391787
-0.009745327867373513
-3.508452296257019
-0.4675941115544577
-0.026053857950804133
-4.934601944347378
-0.03172898459888529
-0.01790668293168502
-0.9761837881856731
-1.668815916578751
-0.1813533794823646
-0.4250108428003097
-0.007786669369254794
-3.234307289123535
-7.844140529632568
-0.021706391805006813
-0.7946783900260925
-0.015849859155423474
-0.011258701946644578
-0.0514600392970561
-0.042217400320805606
-0.0332999270564566
-0.0018954765428134124
-0.5965264439582825
-0.03172903820946389
-0.020508317310096964
-0.9618424056097865
-0.2768073137383908
-0.42681803777895766
-1.2119493544101716
-0.34420977781216305
-0.01317605126920777
-1.9587619304656982
-1.0894892521202564
-0.7732260003685951
-0.4395214308363696
-1.5371954075992107
-0.3502650570590049
-0.39028783899266273
-0.7422933429479599
-0.772217016770608
-0.6473569653074568
-0.03172898167791904
-0.017906649254395494
-0.9761836731008121
-0.16528262197971344
-0.26569722221029224
-0.022804851022859413
-0.19442699927215776
-1.185264391246407
-0.009297343949583592
-0.7544198870658875
-0.5962798744440079
-0.5944032683037221
-0.3668629347112773
-0.369201371645821
-0.5752753775117786
-0.05561126885974469
-0.0026752726334962063
-0.2422219143481925
-0.42095379407207173
-0.34086241718475885
-0.8003807195345871
-0.2841766642328973
-1.8061007956663768
-0.13474779552780092
-0.0642314831377007
-0.03172903820946389
-0.017906766567778374
-0.9761837378942541
-0.0036970994653529486
-0.07847529059896867
-0.02054370372603184
-0.021070833162715037
-0.012445359723642468
-5.170048754662275
-0.025800040932760265
-0.015218135067698313
-4.09395207837224
-0.0722390292212367
-0.018793598014637706
-0.017385274170374033
-0.060365563670140024
-0.06140614487230778
-0.03172898459888529
-0.020508184130968794
-0.9618424690727677
-0.5202727016377529
-0.8559977953009366
-0.6363082683069239
-1.5275211994137083
-0.25362303525374347
-1.2873523961607134
-1.3761747917160392
-0.5141907789689463
-0.8747247150636718
-2.692334771156311
-0.16237730468274095
-1.2968645971268415
-0.17294200814961055
-0.03172898459888529
-0.020508184130968794
-0.9618424690727677
-0.05385916396820297
-2.63747800886631
-0.10405933678460617
-1.140596788279557
-0.6150603026151658
-0.011405446343511963
-0.012716676161289797
-0.2253050496801734
-0.18026126997924272
-0.11670562663736443
-0.6251203231413456
-1.8455491065979004
-0.037416483741253614
-1.0125504806637764
-0.3522360623370332
-0.3404588763051751
-0.08619592827744782
-0.6631037276238203
-0.6562886604806408
-0.689524077140959
-0.12420660866579662
-0.7214993124474741
-0.03462660791046801
-0.6525155236056034
-0.5760991188920647
-0.8719175157655793
-0.4329542355175363
-0.392470456925886
-0.736352909753415
-0.6520523689687252
-0.0157297627418302
-0.0135634925033558
-1.2155209651209589
-0.45804247150663285
-1.7094004154205322
-0.02174308339090203
-0.005809942767882603
-0.037476969283838674
-0.05387372977565974
-0.8085378706455231
-0.024527009397921764
-0.032889077323034144
-0.02028591899800501
-0.028854268453869736
-0.055791757851535374
-0.028476710806393787
-0.023933294830237362
-0.026825613935943692
-0.04673381324391812
-0.020625896025999662
-0.04009023514505395
-0.04524826303871426
-0.4041315541752348
-0.14525839400832613
-0.47953981887549163
-0.26236718575819395
-0.03172910500143189
-0.02050821652768978
-0.9618423605071647
-0.053859089413890615
-1.1792375816876302
-0.7840739349108737
-0.8829102963209152
-0.007840452635718975
-0.6397078672234784
-0.2990055693413264
-0.6080248644949668
-1.2972293977244673
-0.27498019258632667
-0.32229873060714453
-0.04701551368149618
-2.361650340259075
-0.02382863672755775
-0.3798678956467484
-0.03991886213164738
-0.06790199130773544
-0.05687417558510788
-0.03880817088065669
-0.048192117422877344
-0.03388842556048006
-0.034442762180697174
-0.05946834020778624
-0.03678561613196507
-0.04165245810872875
-0.8662453195235381
-0.03172913828298492
-0.017906581633724272
-0.9761837187356183
-0.17131766454258468
-0.016828663152409717
-0.14194966107606888
-0.03922480509694045
-5.158053837716579
-0.7070984244346619
-0.02175732422620058
-0.019352426170371473
-0.2952957025384724
-4.250824961811304
-0.8441652059555054
-0.1127264458918944
-0.07999837712850422
-0.017435172661862453
-0.02064577059354633
-0.09525577471570366
-0.025345704052597284
-0.04573481152571427
-0.018442551838234067
-0.017244643857702614
-0.05674322694540024
-0.007821674208389594
-0.11075775232166052
-0.013458645966238691
-0.010849637089995668
-0.1084178471771468
-0.03461411524525223
-0.14398473128676414
-4.6354244984686375
-0.008346076488760446
-0.011481782575477458
-0.029939174884930253
-0.027575100655667484
-0.02157955679576844
-0.08141197107680556
-0.010526554372012874
-0.0317290242660833
-0.020508081618962542
-0.9618424206439938
-0.038196846309195585
-0.7142333718171964
-0.28881422614116065
-2.0404691323637962
-0.016599332011537626
-1.1850291493215732
-1.619106239581015
-0.640536699257791
-1.0504633648493125
-0.43007840352532056
-0.6625838077161461
-0.38995511235076596
-1.6962769389307748
-1.1733035357901827
-0.0317290242660833
-0.017906697250769606
-0.976183689199388
-1.9448543002363294
-1.1234235893352889
-0.1258095344140505
-1.2144595212303102
-0.36141259886790067
-0.20941109086076418
-1.5059889039322216
-0.8522180032014148
-0.8235206918907352
-0.017868646061591182
-3.593288481235504
-0.026930336976268638
-1.17889903485775
-0.008372592872547102
-0.02063398069003597
-0.37402855353429915
-0.0015133769099620054
-0.03172913828298492
-0.020508183598784462
-0.9618423913738557
-0.03974794689565897
-0.32891032670158893
-0.34580241050571203
-0.07018646174110472
-0.029616060298091423
-0.6252815826333062
-0.2504363201005617
-0.39298011080827566
-1.4420254298288455
-1.8020265763188945
-0.865869514644146
-0.012394171471896698
-0.12951638433150947
-0.013907667521076897
-0.0017977403431359562
-1.0259241921206315
-0.8537139940696458
-0.04382413346320391
-0.4862253217725083
-1.630984630021784
-0.38662856817245483
-0.04906941934799155
-0.03172907660932238
-0.020508150071171776
-0.9618423923051783
-0.44918272695005207
-0.9790274324893419
-0.005626878993643914
-0.667820155620575
-1.8197663333266973
-0.6869892554241233
-0.9159550368785858
-1.3573240801536788
-0.4148190179818942
-0.7162446214584633
-1.5465702470479301
-0.6417231370994289
-1.6894107456069574
-0.5586802714616559
-1.1799464436647082
-0.14369861539873657
-0.40015743994586744
-1.161511805088594
-2.8710426526765027
-1.6208146236836911
-0.0317290242660833
-0.01832728410538818
-0.9734971918431776
-1.8849509949795902
-0.053337404814859234
-0.04383977883680927
-1.9295405194426556
-1.3519367952976609
-0.9142038985082763
-1.6500372097899134
-1.1885610271201585
-0.22029338689354494
-0.03155734184353302
-0.5949062737411375
-0.7968775634243767
-0.7035863238076369
-0.18234408871406535
-0.36205171154870186
-0.23457039698647955
-0.4479276987144658
-1.6260110711979603
-0.005880383064322814
-0.01455714371210585
-0.22637269388360437
-0.8382599258002301
-0.05331747329910286
-1.5123608261346817
-0.32651432576757444
-0.8407822380282192
-0.4438512981988341
-0.2899954709241034
-0.2748806234853368
-1.053804604584972
-0.44027779065072536
-0.9497156739234924
-1.740218695265607
-1.2889258470386267
-0.4767911213217303
-0.03172903820946389
-0.017906766567778374
-0.9761837378942541
-1.07966588268755
-0.7747648119693622
-1.4256713722239842
-0.6781598991287865
-0.48873590337128675
-0.9599312303718458
-0.6465391933506117
-0.7944966165348888
-0.7409909412108391
-0.0045541681656686706
-0.5142771503706172
-1.4552719255443662
-2.4505130012645773
-0.002396359194960951
-0.688804450112262
-0.11947886719523619
-0.03172913828298492
-0.020508183598784462
-0.9618423913738557
-0.8860595105409933
-0.299514665171459
-0.02163289106101729
-3.616525262594223
-0.9122407454997301
-0.5920681553761824
-0.6195306769181722
-0.9760073125362396
-5.422595024108887
-1.6281895443797112
-0.25266496072350386
-1.5324930714642895
-0.03172903820946389
-0.018327349863414253
-0.9734972008903112
-0.16261534008663148
-0.5771998672280461
-0.3425256013870239
-0.015791915502632037
-0.753422663314268
-0.014079139256864437
-0.41695074737945104
-0.001896036791208644
-0.21472073093173094
-1.0988029360305518
-0.27172927447827533
-0.5933307111263275
-0.8363243189568703
-0.8394882054999471
-0.8498122755273502
-0.02255491304094903
-3.478294402360916
-0.7087251767391406
-1.6412796105723828
-0.9841488944366574
-0.280163961899234
-0.39488722419337136
-0.6896219787886366
-1.8051274147416865
-0.7774308292703752
-0.09596739787230035
-0.4753286865021177
-0.9334994797344038
-2.2775331506854855
-1.4678092391695827
-0.20656194175792145
-0.9460173246107944
-1.5510606860431533
-0.9421445099869743
-0.03172913828298492
-0.020508183598784462
-0.9618423913738557
-0.053859268179318555
-0.03274927084567025
-0.04270726146317499
-4.934601336717606
-0.010478149430127814
-0.4495994920434896
-0.011969483552093152
-3.671964094042778
-0.3689133545832682
-0.15737036276404978
-0.03172907660932238
-0.017906684628022567
-0.9761837285810283
-1.4748743259115145
-0.722830333863385
-0.004379964549695036
-0.25243067633294103
-0.9108888134036938
-0.023495284272939898
-1.2315537036121593
-0.8676765416723142
-1.767994427818429
-0.5816946049023954
-0.6232645436830353
-0.03172907660932238
-0.015138716359312335
-0.9761837187356183
-1.332298699344392
-0.19930483078184938
-0.11341140419244766
-0.017542165219007682
-0.06748993881046772
-0.04379134084266643
-0.02199409953027498
-0.010790850123157725
-0.04851126422484716
-0.0015194782117760042
-0.01657692399264003
-0.02314095573577409
-1.4233033210039139
-0.10205698447922866
-0.03172898167791904
-0.017906649254395494
-0.9761836731008121
-0.8994446729387467
-0.5903214067220688
-2.723429948091507
-0.46235308442555834
-0.7623315306661728
-0.5680460966056368
-1.5520335308508948
-0.9189482797225919
-0.5548714507681325
-0.7949393611197593
-0.3953543201670982
-0.46876751893640695
-0.5903996233451094
-0.11352857176259729
-0.8595789402523744
-0.7869009746547604
-0.8512906227260828
-0.89960700890515
-1.1775991860724224
-1.1809777511080028
-0.9024955599399452
-0.9996095185736468
-0.03172913828298492
-0.020508183598784462
-0.9618423913738557
-0.08269160825784638
-0.007858478680386074
-0.020246285712346435
-0.45987510681152344
-0.05933040246918608
-0.2524107450444717
-0.07065085949513807
-0.02653564780484885
-0.03025004784597383
-0.04568407259351013
-0.014570788480341434
-0.006994860253143997
-0.005694699539162684
-0.015377165516838431
-0.03583197477261516
-0.024648763074947056
-0.34700009123116615
-0.03178545172947148
-0.4472317695617676
-0.218853922188282
-0.31398642881619954
-1.7105448927730322
-0.8504321281022081
-0.03172910500143189
-0.02050821652768978
-0.9618423605071647
-0.37381612486205995
-0.23720087197778578
-0.49970641785572906
-0.5330357915552755
-0.3603447149611644
-1.8814786771981744
-0.9475518066529831
-0.38426768011122475
-1.3971442927606403
-1.2312763407826424
-1.6637830468825996
-0.5899982284920823
-0.8035086507184638
-0.29465013246740185
-0.4529457711590415
-0.026285119687599945
-0.26043486964093365
-0.16526243463158607
-1.008164740477999
-0.4024423460227159
-0.26563556421354984
-0.22161379721947014
-0.03172907660932238
-0.017906684628022567
-0.9761837285810283
-0.04555973627914985
-1.5729430383459355
-0.5462252714464234
-0.443965019603234
-0.015505344941630028
-0.19136869748399477
-1.0728317753237206
-0.1168493740260601
-0.7879037440894275
-0.9899995923042297
-1.5818255139248711
-0.26702552760668496
-0.4936127614540358
-0.6830241252524242
-0.8254806495938932
-0.5933305621147156
-0.6906698859248105
-1.5226114857941866
-0.03172907660932238
-0.020508150071171776
-0.9618423923051783
-0.8860594316890152
-0.5722692093897002
-0.7081845327293016
-3.996495485305786
-0.008923519276625788
-0.4455809382383854
-0.6106419061153636
-0.4907127316310531
-1.1153503470122814
-0.7173615819024235
-0.6984500324586407
-1.1703360366324584
-0.008702725887815177
-0.9733936687310537
-1.1519130459055305
-1.3023316034375187
-5.15022855065763
-1.0015903413295746
-0.024671224484336562
-1.988156961898009
-0.06866784000036812
-0.49732358946069627
-0.8366975967739043
-1.663004571199417
-0.07259723603102987
-0.518783139363782
-0.12515742708322553
-1.1208536295542637
-0.6795337398846945
-0.5316202197767174
-1.01250159740448
-0.008515458769074434
-0.027288479167812813
-0.007155971507017966
-0.006212852413591463
-0.01999613836926528
-0.0613984434813675
-0.0195388654586471
-0.1156837686818714
-0.48559080574195834
-0.04039332550019026
-0.06009092067542952
-1.388358186930418
-0.02551376373351862
-0.013214497986504843
-0.026891378583362286
-0.013299081110414012
-0.00935225912326132
-0.18452636498841457
-0.54054369556084
-0.0204548498877557
-0.06892202671422804
-0.8864953517913818
-0.03845230508223347
-0.005772577724807586
-0.029695335775613785
-0.2619328796863556
-0.028110418788855895
-0.03172901573336937
-0.018327149828629836
-0.9734972635550159
-2.2663690668414347
-2.232043534517288
-0.011460495608237883
-0.8261073477566242
-0.8051229054729144
-0.5348281349986792
-4.222568988800049
-0.6399545516178478
-0.08380469819530845
-0.5284524693609759
-0.4135985706622402
-0.5545747066304708
-4.393642902374268
-0.011578353121876717
-0.033113638156051325
-0.018744002379077886
-0.9611778607858079
-0.057665252237595575
-5.186695605516434
-0.03172898167791904
-0.02050809928082994
-0.9618424423305052
-1.3424521358683705
-0.8381228397338418
-0.23064164847649712
-0.016107958785141818
-0.012436085353328963
-1.291821693163365
-0.7749668546020985
-0.6535742258412938
-0.8228228673846885
-0.09535451182940353
-0.03172898459888529
-0.020508184130968794
-0.9618424690727677
-0.5607540458440781
-0.5535350226865765
-1.001535589692399
-0.27306000791775825
-0.3008832119979031
-0.05458334623835981
-0.09122325789139722
-0.7922691574902274
-0.566916385355095
-0.052874043894310795
-0.90444600507617
-0.20988806369714438
-0.46275792581339675
-0.19806320308707653
-0.7138205868419997
-0.2283722220771142
-0.7007470031579336
-0.026386108568245123
-0.02298367309517094
-0.8235693220049143
-0.47599972784519196
-0.11867136624641716
-0.6602501004720883
-0.2668525852301779
-0.03303287603193894
-0.3776045500992702
-0.008422718783549499
-0.5418588382017333
-1.2580373503352509
-0.6879541819103502
-0.3761974058191602
-0.5933307111263275
-0.7210821928359413
-0.7118542434909614
-0.28147340861985204
-0.26867470040451735
-1.7928377862942095
-1.192520663015517
-0.7173013273459219
-0.5296546331373975
-0.8528221050898234
-0.9378066011195187
-0.8277741398326017
-0.8502425607090117
-0.6396468682012876
-0.9116954367982544
-1.618019321726428
-0.8563914636741781
-0.3640617548953742
-4.792113780975342
-1.5320376639661846
-5.188583135604858
-2.974904906625549
-0.23412410210585222
-0.42905367601913613
-0.017871000807645032
-1.1720948625355958
-0.0046478377073071895
-0.6252351222958948
-9.768475532531738
-0.4385386666309877
-0.44662062504159455
-1.676725044825991
-2.94814395904541
-0.8323155806532928
-0.03172898167791904
-0.02050809928082994
-0.9618424423305052
-0.050560916046379134
-0.7221083943441045
-0.7878742726467559
-2.0965608076325486
-0.7781811207532883
-1.0058476807898842
-0.6631821893417509
-0.9852440824298273
-0.9848285956871293
-0.009836023884417955
-1.4824162883339271
-0.3422499243170023
-1.1589791498013906
-1.0824638896488719
-0.10588238923810422
-0.8015572099635998
-0.05432381108403206
-1.372636082355337
-0.03172898459888529
-0.01790668293168502
-0.9761837881856731
-0.03536291282701617
-0.2216149866580963
-1.0398706225008054
-0.33037196708140143
-0.2425463528941489
-0.45315051557311864
-0.2871869645836837
-0.5417807132005692
-0.7767180429538711
-0.03172898459888529
-0.018327300902456045
-0.9734973147777575
-0.6950753055150725
-0.8104361345394864
-1.4057751838207388
-0.7252543090710174
-0.47088580037033634
-0.30670132738721023
-0.3283134157973109
-0.00921723066130653
-0.012011511586024426
-0.015790095319971442
-0.15880193458482003
-0.023872491903603077
-0.0643643012153916
-0.006897672777995467
-0.11000680713914335
-0.008003914612345397
-0.005755652004154399
-0.007111544604413211
-0.04241001807990382
-0.5065635095483491
-0.16400280129521258
-0.6501638496338273
-0.5469979347059658
-0.6286273826586289
-0.5561003184590775
-1.0030127472162027
-0.6188790506816336
-0.6461098216514074
-0.8147748117800802
-0.7873234810928503
-0.18096586625324562
-1.7573302572127432
-0.10764218447729945
-0.03172913828298492
-0.020508183598784462
-0.9618423913738557
-0.053859268179318555
-0.23198908343329094
-0.5706880121890988
-1.0732530963384004
-0.8768816145343913
-1.6205105654895307
-0.014305899045818174
-0.5544932598713785
-0.23096787044778466
-0.40177472170277423
-0.5559091009914375
-1.7785855010151863
-0.5846636280984967
-0.8272819519042969
-0.953572703525424
-1.1830758556399295
-1.9257418741472065
-3.6536005238691964
-0.6619164628548658
-2.2435024677376663
-0.9383739006912543
-1.4369141712862377
-0.03172910500143189
-0.02050821652768978
-0.9618423605071647
-0.30030399560928345
-0.2908470519760158
-0.16107481488143094
-0.5871841223910451
-0.3882228094047274
-1.4089677203446627
-0.03172901573336937
-0.018327149828629836
-0.9734972635550159
-1.4343151035330568
-0.8660866763028834
-0.2810132721871404
-0.37436218493773293
-0.20478801792871143
-0.35258482648835826
-0.7067701434716582
-0.7381692591685957
-0.47738049405267124
-0.10702487453818321
-0.03172898459888529
-0.01790668293168502
-0.9761837881856731
-1.2313748918628942
-0.6937450270021432
-0.286821436968499
-0.1469985470175743
-0.7909333000619275
-1.059092276600755
-0.529603973031044
-1.3648085947497748
-0.9299384314522285
-0.5259186611276365
-0.5240663586882874
-0.5563595010175691
-0.6189547321906006
-0.1671199615695514
-0.04897545751494666
-0.6485108556433781
-0.602612517737674
-0.1842585580412891
-0.9151273506799953
-0.9436614518862885
-1.7460787892341614
-0.7340941814408535
-0.03172898459888529
-0.01790668293168502
-0.9761837881856731
-0.844505382974603
-0.8339076740334609
-2.075016575701966
-0.3600421753944829
-0.011903682301635854
-0.0073565660841268254
-0.5382689966687134
-0.08522828101801376
-0.7480201170676284
-0.467081635579234
-0.5605747265168853
-0.04768619818302492
-0.03172903820946389
-0.020508317310096964
-0.9618424056097865
-0.05385912914061919
-0.2990379195944115
-0.03534006043004619
-0.8514645111946655
-1.6060166358947754
-0.02164507264205895
-0.048933548107743266
-0.04969538768738049
-0.3586817681789398
-0.0990718335149148
-0.03706678047570964
-0.11389917180476124
-0.3680968250674513
-0.3555807907541748
-0.11495258084617242
-0.03673448152646112
-0.20687536013833274
-0.1145641878247261
-0.025865611503832042
-0.08403009176254272
-0.33996049957349894
-0.03172901573336937
-0.0205081668017166
-0.961842341614621
-0.7525622487883084
-0.6157109138218221
-0.8231745706871152
-1.9367584891151637
-0.6703968048212119
-0.235172332917312
-0.25466158796916716
-0.9576446727151051
-0.4868916065746884
-0.6245391105106682
-0.28705161171274085
-0.5180204971531768
-0.0015237694060488138
-0.23106701113283634
-1.0671173278824426
-1.046132286296874
-0.2634933519686456
-1.6289443906280212
-0.6529503620132648
-0.21577697813821337
-0.8108394733053501
-0.9325871039783867
-0.3317530229416055
-0.5889933601187791
-1.3497942640894205
-0.007806201030689408
-0.4207723296380469
-0.3019745297469154
-0.17809309016447514
-0.7913642538090547
-0.1916341444405892
-1.5558014188029214
-0.5052640667418018
-0.6818037266938892
-0.44978687719489435
-0.03172910500143189
-0.02050821652768978
-0.9618423605071647
-0.7525622690057693
-0.8925223883577148
-0.8702659938222496
-0.40772157087797367
-1.3026996193133527
-0.2658241748809814
-1.0458002662677852
-1.4616771031355407
-0.5040195332840085
-2.5575433831138072
-5.953047752380371
-0.007609564768245036
-0.08425028729252518
-0.3240835891338065
-0.5942160764243454
-1.4226264636963606
-0.7079852632014081
-1.7821768587708022
-1.3430223637769814
-0.4634417716297321
-0.12270118571662654
-0.36344419160325614
-0.47907120775198564
-0.05207585574438175
-0.046956420953695975
-0.8638906087871874
-0.4808778108781553
-0.03172903820946389
-0.020508317310096964
-0.9618424056097865
-0.15307771234074607
-0.7484711761036041
-1.69317011286815
-0.1526416353881359
-0.7485615959158167
-1.1855979622859094
-3.1965390838283514
-0.5145122407702729
-0.7665987438580487
-0.9733134956695721
-0.7468129192557706
-0.03328757069539279
-0.4418195023183496
-0.3975138646165953
-0.6681137439071873
-0.43610575899171333
-0.6205711141228676
-1.3551622327043635
-1.3632739319718894
-1.281998906148753
-0.5301045955240946
-0.03172901573336937
-0.0205081668017166
-0.961842341614621
-0.035302693489938974
-1.6866943290353649
-0.839463302067348
-0.11228871194563046
-0.049358132224629765
-1.0020688427612185
-2.416576342191547
-0.011048262715727711
-0.23082591181931397
-0.3491417408295092
-0.29351627027305466
-0.05617961450479925
-0.8385593011432017
-0.11629396388429757
-0.10335482656955719
-0.32376957312226295
-2.00923056468933
-0.043367729522287846
-0.4217675047952475
-0.43863256712211296
-1.1820228783064521
-0.5347442304482684
-0.7164095436326332
-1.298258912563324
-0.0766271073371172
-0.9172674008603701
-0.2792796396367651
-2.383578677972158
-0.9473372822006544
-0.10891832038760185
-0.230946819284145
-0.9850588262391587
-0.7400447113439441
-0.24777380488480308
-0.3796185345317309
-1.4561707528308034
-0.27310259835940087
-0.47080593031229606
-0.03172898167791904
-0.02050809928082994
-0.9618424423305052
-1.3947650963091291
-1.0104266502243089
-0.28056020648468155
-0.39823609701367485
-0.2635703694981607
-0.014738557887540082
-1.0195382317372907
-0.25407630391418934
-1.0350311680647013
-0.45330304904329466
-0.5435743585306531
-0.964494165033102
-0.03019049213881689
-0.018300761867846762
-0.9309750550559589
-0.6783495613407078
-0.02530599360553814
-3.7212724685668945
-1.2167234225198627
-0.4003155160319563
-0.018802453773484256
-0.45814114809036255
-1.5214848942123353
-0.5324857641123041
-0.05165561941843903
-2.4740968346595764
-0.6405136678367853
-0.03685440950115056
-0.5133026825496927
-0.0030899147257059667
-0.9012930033107599
-0.3788465464487672
-0.18955230149440466
-0.24748215860953288
-1.1439527301117778
-0.916594363283366
-0.03172898459888529
-0.020508184130968794
-0.9618424690727677
-0.05385916396820297
-0.026356205741952483
-0.4553888099459152
-0.603868717708004
-0.7271101431921124
-0.4211608692140645
-0.014782251984191438
-0.5024220779538154
-0.4367767638718111
-1.9342864354451497
-0.33939619778123287
-0.166984689499562
-0.7796494030792799
-0.0027493069945194295
-0.009218028964824043
-0.006911508952422689
-0.4017196984664422
-0.48212139288662004
-0.8248279785135916
-0.9350535480582894
-0.9955470971905743
-1.93582708328031
-0.6450663596391678
-0.08402502666164462
-1.5024935928457934
-0.5232027424245804
-0.7748193032083301
-1.1364263120007567
-0.5055331730206186
-0.03172898459888529
-0.020508184130968794
-0.9618424690727677
-0.5875610056723986
-0.2944905574743946
-0.2296387326184361
-0.012136854328370342
-2.3103540524219475
-0.22268050909042358
-0.39947784261312336
-3.1660008132457733
-0.03172898459888529
-0.01790668293168502
-0.9761837881856731
-1.354013229618431
-2.031530025880784
-0.6785073719947832
-0.47246518726613085
-1.161018603487173
-0.6945387309062339
-0.00832679495033517
-0.0026364378359176044
-0.4914420373066793
-0.5628222663071938
-0.18809693482365797
-0.10658561306546391
-2.270029366016388
-1.1434377172845416
-0.3863564120644393
-0.09108746610581875
-0.03172898459888529
-0.020508184130968794
-0.9618424690727677
-0.03511842997249914
-0.05358867273137618
-0.15097037384985015
-0.2558537040837109
-0.09904645138885826
-0.014168650347528455
-0.018338709603995085
-0.14169076025030913
-0.03252443578094244
-0.010041644011308611
-0.16902403993539006
-0.06039776932448149
-0.035333299907506444
-0.07266306923702359
-0.03567259089807825
-0.08957693353295326
-0.7959418254322372
-0.24806975451909757
-0.016600037944347907
-0.53368354216218
-0.005126428310177289
-1.026916742324829
-0.23838871527914307
-0.010233961241153468
-0.4445822806382138
-0.03172910500143189
-0.017906632291020026
-0.9761836217450244
-1.328911346247575
-0.060706247575581074
-0.03148536611574262
-0.018135468464151927
-2.0143647491931915
-0.03137371364285043
-0.01399586935682843
-0.1475616879761219
-0.07658831418957561
-0.007291104894829914
-0.005179262178717181
-0.038372991709495964
-0.021513953872878726
-0.03017463935448177
-0.23757223514102016
-0.37294767339798535
-0.02700419491296035
-0.011852514524694666
-0.04004213913706028
-0.03616944870930941
-0.058561279804312756
-2.422390792518854
-0.025988261378370226
-0.04491060631213865
-0.06761202247192462
-0.027384571643779054
-0.032902086419718604
-0.8678631037473679
-0.6614158183413869
-0.5807128116721287
-0.02136090793646872
-0.0101464803719864
-0.9428126297934796
-0.5813251388844947
-0.32073726647973266
-0.4111927949142067
-0.8195939894067124
-1.5597106194847064
-0.2191207380965352
-1.7040328181174118
-0.07321913247321846
-1.3536769003434528
-0.328663613349363
-0.0076636968879029155
-0.07068521399526162
-0.5303461283458293
-0.980523323174566
-0.03172898459888529
-0.020508184130968794
-0.9618424690727677
-0.9064170017178791
-0.5005864356793381
-0.8477081607349894
-0.6309318629403909
-0.08921029907651246
-0.9214121326804161
-0.23191967491584364
-0.024339079740457237
-0.00450771522434934
-0.01343377330340445
-0.0676711898559006
-0.05353553889316182
-0.8325015118726614
-0.8417231853449872
-0.009482999381968208
-1.3868354424048448
-0.9990361427888275
-0.8920633718371391
-1.6438238024711609
-1.1110301902808715
-0.037514944871266685
-0.027184654405573383
-0.023234358789133176
-0.8567688507693154
-0.030352680002427707
-0.6143108527176082
-0.6262001080163967
-0.8925236923986813
-0.6028471645547072
-0.9672011560614919
-0.6940813337304544
-0.0739386195782572
-0.8624225457307287
-0.8940137039947634
-0.9646331928476813
-1.0864483299415693
-0.08502439624862745
-0.7635085608810186
-1.194871417282579
-0.4549233913712669
-1.654691904783249
-0.2551033556461334
-0.02350209170929626
-0.5799179367022589
-0.33359832976787834
-0.0664731686313947
-0.18123002583160996
-0.38533700058687825
-3.5195202827453613
-0.9629617508035153
-0.09459029044955969
-0.8284595419245306
-0.39895181357860565
-0.48813291018207866
-0.36013904213905334
-0.5573423494320845
-0.08963754586875439
-0.4146568759728689
-0.09352751122787595
-0.7372434061648876
-0.1288129072636366
-0.7925004174134561
-1.4298351435173702
-0.4448655109066749
-0.7202153233102644
-0.709707603044808
-0.3072960230814975
-0.6540905386209488
-0.3059612882207148
-0.0317290242660833
-0.020508081618962542
-0.9618424206439938
-0.05385912914061919
-0.027446378225189014
-1.2979315519332886
-0.02687830487654234
-0.05449919411742788
-0.01744934292992184
-1.1219863891601562
-0.05792373556125147
-0.004908044752028218
-0.025296363196199916
-0.021611685787017148
-0.056124124742512195
-0.0293609261570964
-0.9553692936897278
-0.019811965835591156
-0.03335767181124538
-0.5474600791931152
-0.2772778615237811
-0.010181908732192824
-0.03172901573336937
-0.01790676748247019
-0.9761837376281619
-0.18319658839573094
-0.04164335047763806
-0.018523657597446192
-0.0893134403352936
-0.04711535580099735
-0.16504575426204776
-0.01483385227038525
-0.02349860166820387
-0.018702920873693074
-0.1150891115207092
-0.012471524494139885
-1.079936797420184
-0.6950200200080872
-0.039713635906809944
-0.01288487185852968
-0.146894223776014
-0.8071632537425363
-0.2301710494599926
-1.747630006633699
-0.03172898167791904
-0.02050809928082994
-0.9618424423305052
-1.3466129422187805
-0.7230313625186682
-4.202667236328125
-0.016221126842234906
-0.8632953441701829
-0.7591573316113729
-0.4121822565793991
-0.13378483150154352
-0.12391420376661699
-1.0689289328403815
-2.4475035667419434
-0.03172903820946389
-0.020508317310096964
-0.9618424056097865
-0.6997434306217151
-0.274943911900314
-0.3656780679302756
-0.4991333704208955
-1.30393664422445
-0.4356255816158161
-0.37107425028807484
-0.6354763393513471
-0.6166721333283931
-0.022270882660652407
-0.05154567355202744
-0.6692461618282323
-0.00430209280305214
-0.01688949049760898
-0.01711343872981767
-0.010930362720197687
-0.06786415564602066
-0.01038390140941677
-0.7880609455363204
-0.09057856490835547
-0.3732089072998081
-0.5002463810560585
-0.6941944429650903
-0.7077809869547814
-0.012518762355284707
-0.21636251844465731
-0.6872197261157756
-0.11925161167995871
-0.03172898167791904
-0.02050809928082994
-0.9618424423305052
-0.18022471406896198
-1.0238702568733262
-0.06952673356754531
-0.009525831982803842
-0.01053377524173508
-0.7563627262910207
-0.01742409266686688
-1.098055155890896
-0.19222995902029133
-0.013503258465789258
-0.007957413676194847
-0.4877244671806693
-0.013733150049423179
-0.5407365218658621
-0.6101249660674511
-0.38002546122463954
-0.011132615307966868
-0.009423385374248028
-0.4740158364884337
-0.4525416230982436
-0.014749758294783533
-0.006510976740779976
-1.6410529293352738
-0.7905137064633891
-0.9399830357235094
-0.11966038068555918
-0.06119452139440303
-0.0317290242660833
-0.020508081618962542
-0.9618424206439938
-0.6307211875876723
-0.517489776108414
-0.35520334107180435
-0.29949278422697845
-0.7701336401822867
-0.2581939329808977
-0.5582130445506085
-0.6561322585184826
-0.019458026115898974
-0.018084533978253603
-0.31823033097841996
-0.37633314245715155
-0.259041562704806
-0.006944602990188287
-0.6321273190204011
-1.293463487874572
-1.1473806306062866
-0.45542521483730525
-1.003645733192527
-1.0261889441383325
-0.7004649351971844
-1.3633402870967983
-1.1983713501443465
-1.204207098732392
-1.3268964290618896
-0.16934933431912214
-2.1499767711153255
-0.7389156046722617
-0.7547693527968866
-0.1002754558964322
-0.562846934471357
-0.07764568723117311
-0.8287323778495193
-0.09278610286613305
-0.0317290242660833
-0.020508081618962542
-0.9618424206439938
-0.6768624142527447
-0.9981608516876198
-0.8278237721502879
-1.1360889812436654
-3.2564641039352864
-0.5445829808013514
-0.22401928027310142
-0.21809051002977262
-0.09721255814656615
-0.009355645925097633
-1.0967001467943192
-0.31555286385118964
-0.0023637236227942696
-0.3750436082482338
-0.4789590042043225
-0.12789770984090865
-0.42293792505218636
-0.3906044587492943
-1.1288536233580089
-0.8391676578914764
-1.2351454385983136
-0.010827013044035994
-0.6569811453421911
-0.0010688404406664631
-0.09193557710386813
-2.5087792072445154
-0.591697316479258
-0.0317290242660833
-0.020508081618962542
-0.9618424206439938
-0.035302698418187596
-0.09267188546520909
-0.018382501037558542
-0.023605197724044465
-0.15401623398065567
-0.01897028597886674
-1.1557039022445679
-0.03312075302043619
-0.05074765845191515
-0.026724751349926617
-0.45582235884139666
-0.022865201400306363
-0.043427754077129066
-0.7055124156953146
-0.020113199411753158
-0.02908361018703812
-0.03911317156430764
-0.028413090788360153
-0.06978957222655971
-0.07257384760305285
-0.11278880445752293
-0.03172913828298492
-0.020508183598784462
-0.9618423913738557
-0.03974794689565897
-0.9298417485759793
-1.1983877824885505
-0.19192921234831115
-0.02422538793568189
-0.9725185197814425
-0.32807741102613575
-0.2937141975853592
-0.010178506334341364
-0.8741086035966873
-0.5616520295031174
-0.6766899710478769
-0.8890700626652688
-0.15513012825977057
-0.01174762072817733
-0.11756970325950533
-0.03099876657749216
-0.12214532789463799
-0.017505126091540053
-0.21835151054741195
-0.017977077288378496
-0.004150628638308262
-0.16707993702243584
-0.3004263706906285
-2.105290802129145
-0.006203919788822532
-0.6614868454635143
-2.219810150829809
-0.04678749185010626
-0.2853251118309951
-2.334533941266792
-0.06778467035404473
-2.363297050818801
-0.05247573748541375
-0.057947401162891765
-0.03172903820946389
-0.020508317310096964
-0.9618424056097865
-0.035302693489938974
-0.025712082070900318
-0.015225327050039164
-2.834625631570816
-0.02106470656581223
-1.3154250383377075
-0.005798512849651161
-0.014213316557288636
-1.2107281684875488
-0.01712570167607434
-0.018100393346809473
-1.0874191373586655
-0.03757613629568368
-0.6936594843864441
-0.023238873669470195
-0.015322341545801133
-0.17524577236118993
-0.007597439177334309
-0.05361091011824707
-0.0317290242660833
-0.020508081618962542
-0.9618424206439938
-0.014314409112557769
-0.11241510163623995
-0.036239193606888875
-0.014392267782568524
-0.009035260582794972
-0.004478404462003839
-0.625253370777421
-0.007164834777421717
-0.014994018090267977
-1.6121166348457336
-0.014553003756373074
-0.0018626417760970071
-0.014799406309975893
-0.33274943440483185
-0.014702623690633724
-0.3420403334920896
-1.3721008656377143
-2.0353089356891965
-0.03172907660932238
-0.020508150071171776
-0.9618423923051783
-0.6307211464154534
-0.11450148216681555
-0.8428957670306166
-0.12645092606544495
-0.5647089948433859
-1.2300544582307338
-1.16858652975255
-0.6079154616066565
-0.3225371713675226
-0.17777679290803564
-0.2922243976681784
-0.05300659000754927
-0.32524729644258815
-0.12172440299764276
-0.03172898459888529
-0.020508184130968794
-0.9618424690727677
-0.05385916396820297
-0.9241221622557051
-0.40547189132226896
-0.20268595893451544
-0.40153465118055465
-0.009737036956721568
-0.1944720993633382
-1.948797189763614
-0.3233539555221796
-1.4114945081916328
-0.17140404324163683
-0.9357048248173669
-0.29041223253847825
-0.377671766664005
-0.04490772262215614
-0.5251324001699686
-0.5009092471620533
-0.8895538595776694
-3.5217037945985794
-1.2917287830884259
-3.292960003018379
-1.5607457752921619
-0.09705629008822143
-0.5250079983290141
-0.9651755665598268
-0.9073423600833243
-1.3608118373900653
-1.25031026173383
-0.012821226606320124
-7.173164367675781
-0.738409176649293
-0.315624862909317
-3.174986481666565
-4.27079963684082
-3.4411554473141828
-0.7340611605788581
-0.3842904979828745
-0.46917476528324187
-2.2259077206254005
-0.4884972623549402
-0.773637205734849
-0.37521232513245195
-0.01672191731631756
-0.5863995895935938
-0.4556547407992184
-0.84387367117134
-0.06194464489817619
-2.7452937830239534
-1.555543176309584
-0.3312460140810193
-0.018550781256635673
-0.03280755603009311
-0.06193162850935811
-0.04410005251217323
-0.03078381421177515
-0.03512777365782919
-0.3834635815429283
-0.0024913662248404003
-0.0027235257612119312
-0.06449916712469865
-0.03172903820946389
-0.017906766567778374
-0.9761837378942541
-0.09511372959241271
-0.2898682126775384
-0.023572044398558017
-0.014633834374762955
-0.02881869767588796
-0.03172903820946389
-0.020508317310096964
-0.9618424056097865
-0.6677944695028211
-0.12405343881012716
-0.13981095960803536
-0.007310219130886253
-0.0216234469844494
-0.004216575622454651
-0.011773732641813694
-0.004788171821225908
-0.122213538500849
-0.1341207834520901
-0.046866634889738634
-0.006223075091838837
-0.7388217856309244
-0.016735411758418195
-0.013506478573415533
-0.009959972521755844
-0.011908357332686137
-0.1249206235798528
-0.0454818761597077
-1.0506525504003679
-0.05092166554031792
-0.6446230307531854
-0.03172898459888529
-0.018327349863414253
-0.9734972008903112
-1.0611589751086499
-0.638755820330982
-0.08988383552059531
-0.34959762592431315
-0.009097129053164585
-1.039345002733171
-0.011520175961777568
-0.010885636784223607
-0.6455604068081205
-0.010544379241764545
-0.37107370808116685
-0.006152871297672391
-0.2988839977188036
-0.012471376569010317
-0.005387102166423574
-0.01240335637703538
-0.7055908752186691
-0.4225765462873824
-0.03172898459888529
-0.018327300902456045
-0.9734973147777575
-0.36900808560894804
-0.8875598285561345
-0.8217199194550631
-0.5950578387986752
-0.012000841268066628
-0.009503909532213584
-0.580074995465111
-0.48889227366695803
-1.174487909534946
-0.3812325406586751
-0.5933305323123932
-0.3943014451759059
-2.222790769367878
-0.49505026012452114
-0.49541318896912606
-0.6071923665537421
-0.27818586017674535
-0.4313497118419036
-0.619992813878608
-0.7374912202358246
-1.298434888672394
-1.838195915023486
-0.03172910500143189
-0.018327214954687015
-0.9734972558383431
-0.057400748638125755
-0.4432971787027782
-0.42816012920704216
-0.6859322491418425
-0.5952025318725241
-0.7618513670232561
-0.5474155712872744
-0.6384819636336849
-0.7800694148013632
-0.29222558733049986
-1.5428547627077653
-1.6916476115584373
-1.270689439826778
-0.7851676001699465
-0.28217879498535897
-1.2015922318940284
-0.034692790921932705
-0.30570652680338145
-0.30592058342558126
-1.2227337774820626
-0.007988090766673395
-0.015753293739786994
-0.9055093791749742
-1.3477385664618025
-1.3211227192659862
-0.5814915613154881
-1.0484972611069678
-0.5116296427841007
-0.2882455636087495
-1.1473414690117352
-0.7671346985069769
-1.3139936823604836
-0.05357229872606695
-0.917925074264141
-0.01717014819587348
-0.7346588858530264
-0.0033388892783973874
-0.7878092736610575
-0.9149168556822198
-0.2285939768355872
-0.9680616441728489
-0.4437348236970138
-0.984842174316457
-0.05041565800396105
-0.007143230945075629
-1.1307982206344604
-2.428224881738424
-1.6611336604692042
-1.0546371423475005
-0.24436244770186022
-0.2841988578438759
-0.28406379018839367
-0.7244211478360479
-1.4268920874393716
-0.5522251377503077
-0.569229966805627
-0.577682791237274
-0.7991828575613908
-1.431587684919538
-0.540981062245812
-1.2216914998916764
-2.101723221091864
-1.3235521544915032
-0.46919067655451524
-0.4300180396863392
-1.077867697736656
-0.03172898167791904
-0.02050809928082994
-0.9618424423305052
-0.5847507857769314
-0.6784219650764262
-1.6222601377715666
-0.3126583523117006
-0.47304869070649147
-0.3154666369712989
-1.265033731382573
-0.01379655251124253
-0.009512333968814346
-0.7569977492855995
-0.28546826923951757
-0.026475758431063565
-0.45483066311303094
-0.7065578652590274
-1.1484631835883192
-1.0190781949948158
-1.526035530040698
-0.7803519926965237
-0.1857936947296063
-1.4674123553559184
-1.5302473815623672
-0.9627026941627264
-0.7884689271450043
-1.8773627652747866
-0.6674735009049376
-1.2712224946881179
-0.5933305323123932
-0.02931046784876592
-0.01913744247784572
-0.9337523982727102
-1.5543698607361875
-1.2145886064972728
-1.0316993644874957
-0.5842251666734228
-0.2240954259085763
-0.5036041307151512
-0.012173805759327175
-0.3838345114054391
-0.5985810691490769
-1.2524646591129047
-1.053571615810506
-0.03172898167791904
-0.02050809928082994
-0.9618424423305052
-0.05385901491778592
-0.5010491324113294
-0.16377072731016337
-1.2628005743026733
-0.01765073578765926
-0.02348544474079972
-0.02725658187409863
-0.005237026599161254
-0.027361251413822174
-0.1094537593440195
-0.013678028883077786
-0.33697689389477353
-0.4189520066502155
-0.8402106761932373
-0.0317290242660833
-0.017906697250769606
-0.976183689199388
-0.003837367453213249
-0.02216330828256711
-0.02093704886889706
-0.02449779051798373
-0.0384225653600879
-0.027480222376263037
-0.01281039723330145
-0.10300757154155607
-0.021510927344570517
-0.5065263274454992
-0.010974328466214833
-0.06518334252177738
-0.02948124057465148
-0.008546419718641118
-0.006955621390401435
-0.4003894468062624
-0.025776590508826303
-0.02989752663224384
-0.03322791848131601
-0.051150994326841705
-0.0062666948037986
-0.025430694571696222
-0.03481940217898227
-0.22408346827918044
-0.005857808806467801
-0.03150445995852351
-0.02530467515462078
-0.03520010278298287
-0.048876196751371025
-0.03282028450485086
-0.031494787273307644
-0.0317290242660833
-0.01832728410538818
-0.9734971918431776
-1.4155877425024908
-0.23016321792116892
-0.37116174407761404
-0.9043243083620456
-0.47445021283929234
-0.2630520720239084
-2.074357879831223
-7.210293769836426
-0.6413628076136645
-0.4130673938052496
-0.014027581220034335
-0.5133459221106023
-1.1107757108053193
-0.17656150543189142
-0.6215799456462264
-0.06761217986543973
-0.02738452267526141
-0.032902053316190304
-0.8678629911903825
-0.20420388948534512
-0.6150846564443782
-0.7367400413291761
-0.4571143929497339
-0.5002011377808231
-0.15774360546955987
-0.0024475530858580896
-0.028851629972147446
-0.4768037516187178
-0.4230429977926958
-0.00253475372122125
-0.036759464455826674
-0.6331394379063008
-0.9077813155745389
-0.020427522317428764
-0.7967202068733362
-0.2839789703554873
-0.19465404766908084
-0.48365757323335856
-0.09396356072587271
-0.7992923502926714
-1.4923545796889812
-0.23370622959919274
-0.03172898459888529
-0.020508184130968794
-0.9618424690727677
-1.1786222360872973
-0.047479157064420484
-0.5328619879881098
-0.16026722391446432
-0.1663136395800393
-0.11403615975965901
-2.2471530586481094
-0.05084337574226083
-0.05471535931135602
-0.5441218041232787
-0.04257840275143584
-0.2894366321076329
-0.5875750424378426
-0.30995886540040374
-0.7247098715335596
-1.8124276534887032
-5.403483383357525
-1.9038665291207673
-0.26574982275321546
-0.3281080797314644
-1.2038479716672252
-0.29551936867776224
-0.6152853709257519
-0.04993582936003804
-0.03189021647672648
-0.013463582028634846
-0.592185087684941
-0.2084360495597745
-0.11050658510066569
-1.032655409108494
-1.009646417055693
-0.043614058988168836
-0.03172898167791904
-0.02050809928082994
-0.9618424423305052
-0.1634214648474881
-0.6774055644733986
-0.5162043945242961
-0.5755023999851855
-1.4234540201617742
-0.9173934297820475
-0.7775642765419823
-0.2591549558128463
-0.4082430124282837
-0.33169183419603443
-0.004787588901308482
-1.0512980175359796
-1.212486434674991
-0.9615042293782887
-0.8891041960159782
-0.33082483458141115
-0.021655295859090984
-0.7744811480568553
-0.7151672926368465
-0.36372718069781385
-0.6005364198139623
-1.0628806948661804
-1.2518197446364725
-1.2756316661834717
-0.6021391396721204
-0.49082043464295566
-2.029865409247577
-1.986653909420905
-0.3477520716623985
-0.6978227539041525
-0.6487992795184254
-0.25261281698476523
-0.11290197423659265
-0.5021703834354412
-0.7906112591328565
-0.3672142321676282
-0.9446857636600422
-1.0416455149259911
-0.6735266606620927
-0.7856800814560201
-0.9126379222070682
-0.6417907660601058
-1.0515868696384132
-0.2596956994384527
-1.0619673331578572
-1.2442902326583862
-1.2562703388393857
-0.9670116513346633
-2.438806399703026
-0.525475487112999
-0.8388727836543695
-0.05638633152799836
-0.029016296355455943
-0.028217985311390033
-0.8319334661854165
-0.13237908075513719
-0.026314960792660713
-0.021188954686901223
-0.03044717339798808
-0.17161973034380934
-0.04403669105002856
-0.023822739720344543
-0.021727245727864403
-0.06174685633907627
-0.06767541656825835
-0.026103689637602658
-0.04481467746760851
-0.07238829722627997
-0.04047521686152322
-0.0317290242660833
-0.017906697250769606
-0.976183689199388
-0.009158627304714173
-0.020251148580288057
-0.2774309404194355
-0.017169444807223044
-0.08251489885151386
-0.01571090750530857
-0.01423403656506842
-0.02073853836627677
-0.07470812957564538
-0.018294653155504475
-0.01255028733794461
-0.02782953903079033
-0.014052550184715074
-0.035091198864392936
-0.24438049232958292
-0.047654992318712175
-0.31247870039078407
-0.04592056479305029
-0.0012098774358832998
-0.05036421545082703
-0.018925671741211167
-0.02653169659121583
-1.222442865371704
-0.5933305323123932
-1.224401444196701
-0.1755064519926567
-0.3335489265155047
-0.03172910500143189
-0.018327214954687015
-0.9734972558383431
-0.20120801869779825
-0.01671036654928078
-0.017720397220857973
-0.6167616508901119
-0.44946889302162973
-0.011175178548342046
-1.72000390291214
-0.023930191431039322
-0.12718773398475086
-0.8852018117904663
-0.021517041488550603
-1.702237844467163
-0.18933023512363434
-0.1560149862743856
-0.2406554469323185
-0.8172577019315213
-0.011971933941822499
-0.03172898167791904
-0.01832719978743366
-0.9734971853239196
-0.48601319591721726
-0.7463911290064321
-0.8221817316257329
-0.4631527398596518
-0.3014259743545803
-0.039784432000791035
-0.009915445475295806
-4.170004844665527
-0.3451523316309451
-0.3023389854897687
-0.3237690807630618
-0.9896491610343219
-0.8384213099877039
-0.8096983885292762
-0.9026120609334228
-0.9822363991437382
-1.988636314868927
-1.4749351755257094
-0.8537583197467029
-1.0233793044753838
-0.5933305323123932
-1.1238484387392722
-0.3233537246795514
-1.7921039711218327
-0.6389628371040229
-1.0494694756654843
-0.4744562804698944
-1.0910332418978215
-2.3967913687229156
-0.03388471094540364
-0.6842455509929847
-0.5626973264594277
-0.619320043379048
-0.1327478323597461
-0.011631128480075859
-0.03810080525836383
-0.10626047917321557
-0.014721691608428955
-0.19063258240930736
-0.005957601359114051
-0.49579189911310095
-0.0329482256580377
-0.031077220919542015
-0.6966929954730652
-0.3433232908544596
-0.2968185249483213
-0.9868071780074388
-0.13297893041349848
-0.03626060074505707
-0.3581148087978363
-0.29604563070461154
-0.05365518914186396
-0.020129981049750414
-0.03172898167791904
-0.02050809928082994
-0.9618424423305052
-1.7464969415450469
-0.5605058021371535
-3.5925216674804688
-2.523169061547378
-6.782345771789551
-0.012052485048116068
-0.5540373297726979
-1.1030648135476642
-0.805506346776383
-0.4425879212558984
-0.9448539579652089
-0.29317577062174677
-0.6664052421798591
-1.193194443866229
-0.8636408203359073
-0.4923775149166913
-0.2672497995197773
-0.03701157450268511
-0.0029250590542915234
-1.680707020064195
-0.03172910500143189
-0.02050821652768978
-0.9618423605071647
-0.03530273074284196
-0.05975957666414615
-1.5899394750595093
-0.029541244487821434
-0.008614435972958745
-0.020232616751551784
-0.03172903820946389
-0.018327349863414253
-0.9734972008903112
-2.1022967994213104
-0.7885940960711904
-0.24918580148369074
-0.3534447382893025
-0.09256358917004295
-0.7497754473733949
-1.1494431650886934
-1.8937868501176127
-0.013206398078182247
-0.2748523031671842
-0.7207940583466552
-0.6483553357422351
-0.35028942883946
-0.19328449990799917
-1.2159509022409718
-0.03172901573336937
-0.018327149828629836
-0.9734972635550159
-0.05191012433109184
-0.16330533074991158
-0.48350000381469727
-0.321980357170105
-0.020525083295069635
-2.0206458568573
-0.010659044841304421
-0.024396134055374812
-0.23890248565294314
-0.0021133706614477887
-0.2521493809763342
-0.49146271248658496
-0.03172907660932238
-0.020508150071171776
-0.9618423923051783
-0.7052016206850696
-0.548376758985052
-0.5268237716000941
-0.1813534470917754
-0.5127920783939771
-0.020465676187692832
-2.2868190656105676
-0.5648611534386874
-0.38680354164292413
-0.8352918805758236
-1.355806381459115
-0.7232573029593498
-0.8344320706673898
-0.008614042904810049
-0.0784510113298893
-0.019325015794796247
-0.0010770581037604643
-0.04355380482350787
-0.5794988422033688
-1.1569009635464422
-1.8355982229113579
-0.7489303341887231
-0.030853127735099406
-0.9796432928581323
-1.1804269920103252
-0.07776762917637825
-1.050695747602731
-0.9048926473711617
-1.9037298558590312
-3.0901973162378584
-0.03172907660932238
-0.020508150071171776
-0.9618423923051783
-0.8596296081668697
-0.41058267458096714
-0.11802216821827945
-1.521368145942688
-0.020240864270211507
-0.016231114831498417
-0.0019693536723934812
-0.01905444185589052
-0.15490817732643336
-0.8525664210319519
-0.003455318337046265
-0.9065535664558411
-0.08518069832158896
-2.1784383580088615
-0.043927568818617146
-0.3481316414492374
-2.210515823727474
-4.171416759490967
-0.3692529082571262
-0.134354786016047
-1.4923931864711146
-0.41935884175472893
-0.03172903820946389
-0.020508317310096964
-0.9618424056097865
-0.7521636337041855
-0.6760723029230056
-0.9323792491272798
-0.32842271815510077
-0.4603429224443971
-0.37331954339918283
-0.12256851080233258
-0.16357168462193591
-0.7900408208370209
-0.08623689413070679
-1.3896423273254186
-1.0025944886729121
-0.5908065188676119
-0.07408586035793026
-0.2439596854383126
-0.03172901573336937
-0.0205081668017166
-0.961842341614621
-0.90641704814819
-0.5799922293153941
-0.4532904771680478
-0.2361883008731335
-0.027803586034375865
-0.008790097215751302
-1.1944148885753856
-0.5348815592424944
-0.7636410926433745
-0.7705139864623421
-0.9775660786751814
-0.7839628301560879
-0.03723227566418549
-0.27918837762335896
-1.118570353641449
-2.6972422101855047
-0.34204350029176567
-0.5933305621147156
-1.2082184180617332
-0.35106501893217984
-1.6574577025719919
-0.03172901573336937
-0.0205081668017166
-0.961842341614621
-0.2744824469322339
-2.1830952981343636
-0.2240001130849123
-0.38031123053724514
-0.8131580948829651
-0.7905044299550354
-3.5432498970379434
-0.30981732544023544
-0.021335780877658788
-0.008895381047295814
-0.5950658183312043
-0.01594407772154227
-0.7419199198484421
-0.849451333284378
-0.10211679618805647
-0.48645637929439545
-1.6951972331319536
-1.109438213519752
-0.7407735039790472
-0.40642032933621003
-0.03172898459888529
-0.018327300902456045
-0.9734973147777575
-0.8136228657967877
-0.3834355743407893
-0.5227356069787804
-0.2968363191440793
-0.8469985156220251
-0.6747267373385302
-2.8895303159952164
-2.4215308689615793
-0.43999741280686067
-0.5616674312286226
-0.6017866663853911
-0.018205461412435398
-0.012478356239929175
-0.005878734460566193
-0.00585828132655782
-0.006072213718046744
-0.006368834253711005
-0.0058494266801668955
-0.9088815048336982
-0.006322108655391882
-0.00591903231300724
-0.006354125973302871
-0.006319538408812757
-0.3274525314569473
-0.7167274712746103
-0.11458401614800096
-0.5777398469773206
-2.5275520205497743
-0.03172913828298492
-0.020508183598784462
-0.9618423913738557
-0.7525621969543863
-0.234943348843899
-0.41278260406155215
-0.5787956575855228
-0.566096194756168
-0.8325417431187816
-0.019946272232724976
-0.9164979497602742
-0.009181232521465668
-0.8319543399848044
-0.007674738229979994
-1.269959687802475
-1.0036796140484512
-0.44723186641931534
-1.1071581008764042
-0.04231726750731468
-0.6945605374008955
-0.9251056010391988
-0.3776511780470173
-2.5266960859298706
-1.2961916753727778
-0.6935582815591866
-0.01679534706056529
-0.06478840234922245
-0.059030729291003406
-4.176384204626084
-0.6472174156723278
-1.1185097895446234
-0.38970208351383917
-1.3886581137776375
-0.22085262555629015
-0.2512561018150088
-0.033056677070607506
-1.5684296512044966
-2.1005692501785234
-0.0917451559798792
-0.01555624283112896
-1.9216161891818047
-4.8448357582092285
-0.3575653621576041
-0.6877384334802628
-0.16698691435158253
-0.014576237609920403
-2.615313552940885
-0.25779089828332263
-0.0170175291908284
-0.060881703781584896
-0.07364142802543938
-0.2821306847953775
-0.027664177354978392
-0.19083388085376404
-0.5472450985806063
-0.009777749020860446
-0.6784617887953153
-0.22940314092920744
-1.8750713099725544
-4.193934477865696
-0.48387141712009907
-1.0835840904153884
-0.6427268009817908
-0.36495378089603037
-2.4649183992296457
-0.13067816754378977
-0.48727656510729705
-0.03172913828298492
-0.020508183598784462
-0.9618423913738557
-0.9771017767974021
-0.4041767199523747
-1.9072754640753071
-0.8813170224348141
-0.04510180279612541
-2.4177590003346268
-7.868850231170654
-1.5589148397420478
-0.5574258677006583
-0.8708449200623565
-1.096945973612102
-0.7720440917255473
-0.5228657342553821
-0.9377264013721074
-0.32946055681532016
-1.1139463930414744
-0.5135484678566603
-1.120886964048259
-0.7607917808107652
-1.096490185112796
-1.0533740781765017
-2.337807164926614
-1.0432820318133704
-0.06127368121087784
-0.22896097972989082
-0.10070907041275252
-0.7694157055479341
-0.3499010171657978
-0.8827477671811721
-1.1783247290470171
-0.9288289189848001
-0.8041501420462737
-0.9524849152502222
-0.45989651141840465
-0.9559910618003127
-0.4656151078840291
-2.1693891354836525
-0.7009274951803187
-1.6151264309883118
-0.05346019798889756
-0.21011317134834825
-0.8229039548896253
-0.004401011735899374
-0.7334009380017584
-0.6624868270423576
-0.6370101571232868
-1.1869012412892386
-2.2329257685240007
-0.03172913828298492
-0.020508183598784462
-0.9618423913738557
-0.025750878053456647
-0.5668740303255617
-0.49628181406551447
-0.3271338403698922
-1.1690325319068506
-2.4992518207873218
-6.911655902862549
-0.7924219728884054
-0.45584849489387125
-1.2541133756133016
-0.007291390274076548
-0.9601161189992646
-0.01097994915714177
-0.5462192883715034
-1.1647654106907015
-0.8541103044296435
-0.0023962740629599466
-0.9220679915112365
-0.1363249844142212
-0.7882211823744001
-0.03172903820946389
-0.020508317310096964
-0.9618424056097865
-0.3003038689494133
-0.6662149892487962
-1.0990204206660248
-0.929810847810586
-0.8515610843896866
-0.3310236690823721
-0.5957466966860617
-0.01669708371628076
-0.6090683196536567
-0.4512863419770535
-0.07327063193120661
-0.013341715539960811
-0.021529517640980583
-0.020837077172473073
-0.007796827025231323
-0.4701857152421225
-0.21912040010405084
-1.7700769901275635
-1.6036658619513302
-2.2609286443330348
-0.43092916475143284
-0.4850248327467333
-0.8058358313166536
-0.14641929394565523
-0.9169857163389679
-0.2087172623058515
-0.0317290242660833
-0.020508081618962542
-0.9618424206439938
-0.039747832187761865
-0.43119440499928413
-3.1821584552526474
-0.4613077210706251
-0.6203813023677701
-0.3249337772334305
-0.013546537676120352
-0.6467628478737121
-0.9717557226734547
-0.9683874494409489
-0.8681439023542529
-2.0294283092021943
-0.07577358682950337
-0.022035945719107986
-1.1679370319470763
-1.3416424333257602
-0.4798977042341398
-0.2260748400417056
-0.4327325036082094
-0.5262096095708372
-0.5126057152937511
-0.5933305025100708
-0.33044445931736843
-0.6706437083048513
-0.5402545612305403
-1.1701392257078127
-0.4918435868616639
-4.834452405571938
-1.0941586061089765
-0.6393741128461746
-0.21973761403933167
-0.002593450435233535
-0.40631481756766635
-0.03172903820946389
-0.020508317310096964
-0.9618424056097865
-0.10504185720928945
-0.031891702740852325
-1.8145979642868042
-0.012709552257244164
-0.25872915983200073
-0.01320566279173363
-0.034322799002135675
-0.2081916431003871
-0.019926452960741397
-0.0022561259389135557
-0.25464800000190735
-0.32289000218734143
-0.43008173840644304
-0.04637676831334829
-0.025642190727272203
-6.277221202850342
-0.8162379264831543
-0.008766180122620426
-0.37066284466224414
-0.026409708774405193
-0.040651981735468974
-0.840723837592772
-1.4975651880834318
-0.45624562130854573
-0.7578171116377538
-2.385225502902176
-7.600640296936035
-0.5342000485834433
-0.010368522060161922
-0.46329820436666425
-0.7471437582746148
-0.6313420014630537
-0.8768747006034596
-1.6522342771058902
-0.41703038836712947
-1.2916472292064132
-0.4472317695617676
-0.8075571886826461
-3.629652477800846
-0.06720953265903518
-0.06242303118294027
-1.1016455183465343
-0.21906135417521
-0.0800761720707265
-1.156925817709028
-0.12735515832901
-0.0122367582212064
-1.2268017086122807
-0.10490133240818977
-0.0015722417418311868
-1.2273470490811935
-0.7428998881950974
-0.9933184840618716
-0.8616197725343766
-2.0702044193943343
-0.39056200033519417
-0.8187671665173883
-0.29838395394784
-0.31319472193717957
-0.5720594448170492
-0.025949876953543734
-0.019575758158845765
-0.4424660074679802
-0.25130742342056084
-0.5541541606847508
-0.5253453770419583
-0.3230575394059997
-0.11449759034330782
-0.03583131176310417
-0.08352330329776472
-0.3095547151059019
-0.9646970853209496
-0.3551913142187654
-0.3113123035233002
-0.03172907660932238
-0.018327349863414253
-0.9734972008903112
-1.4343151035330568
-0.1646690801717341
-0.3649935513884494
-0.4075400612114858
-0.6706833384232596
-0.8842312638457357
-0.008237003517024277
-0.5097424370236695
-1.2612088419513643
-1.0029536299407482
-0.20373008680058105
-0.27359453700482844
-0.6788899978467574
-0.4700858843113695
-0.720761669001409
-1.2023965818872966
-5.969661235809326
-0.44767622912513616
-0.6156577222980559
-0.612497443144726
-0.37154473159462215
-1.0672730546648381
-0.2129671012433911
-1.0299452433401408
-1.1583173111721408
-0.33870169066813105
-0.9946667599617381
-0.8603125519763964
-0.03172913828298492
-0.020508183598784462
-0.9618423913738557
-0.2679660778676407
-1.49854035087913
-1.197647367132595
-0.780142499604699
-1.2093948653012874
-1.4074892729520798
-0.19032756607547135
-1.595269286396125
-0.1836089619568416
-1.1073080236500783
-1.9090089013800025
-0.2689231306846653
-0.0075268806152356165
-6.240941524505615
-0.38067973446403713
-0.42258690639573615
-0.007144101291487459
-0.04056515948226055
-0.9415798962174449
-0.03407579648774117
-0.06767074213712476
-0.7321594623042204
-1.3927504919314135
-0.10002631922252476
-0.03172910500143189
-0.018327214954687015
-0.9734972558383431
-0.00353174566917005
-0.0302766610296638
-0.023529485042672604
-1.6377275655977428
-0.03172898167791904
-0.02050809928082994
-0.9618424423305052
-0.837814484177877
-0.5524606101892211
-0.5123074833009014
-1.6623368409669235
-0.6791001436339381
-0.9174716031859413
-0.7657096577258926
-0.42720060671935145
-1.152205228805542
-1.443277085976565
-1.1504658359502042
-0.3334180655482568
-0.8262808085668699
-0.009084197792617488
-1.3309739992022513
-1.1557255674740121
-0.6421828215222506
-1.7043650448322296
-1.2166182885678911
-0.26304245555656963
-0.0317290242660833
-0.017906697250769606
-0.976183689199388
-1.7056508991401642
-0.39752795547246933
-0.3896496763103642
-0.02124313747238678
-0.010013075503593427
-0.07236332820320968
-0.05484166255919263
-0.014924987413299581
-0.2872809491120279
-0.012940420769155025
-0.04890798160340637
-1.0104715824127197
-0.8340878755940745
-0.6850928068161011
-0.04372966708615422
-0.6232452591222681
-1.2606408329765229
-0.023309850997975445
-0.008478577095278439
-2.189294578390466
-1.322604419144157
-0.7165624914696309
-1.0440960708918283
-0.5566792201802686
-1.1498721409467787
-0.5568557602819055
-1.1084895021472634
-0.9443265152552737
-0.03172907660932238
-0.017906684628022567
-0.9761837285810283
-0.7559006057611745
-0.06034220401973774
-0.03515236305455411
-0.01903896078001708
-0.021051977487981537
-0.06052001611715241
-0.3257925836369395
-0.01573406929189029
-0.014522160328851896
-1.5715695321559906
-1.2167916595935822
-0.02227486592407028
-0.7692058340956768
-0.03172907660932238
-0.020508150071171776
-0.9618423923051783
-3.405886910390109
-0.02020472638994559
-0.03143185611115769
-0.00868604273606858
-0.014745514839887619
-0.019135281890287712
-0.01861366258041623
-0.01436723006736429
-0.14647413773595222
-0.13647367598605342
-0.015441786497831345
-0.04097120168153197
-0.5933305323123932
-0.17359109409153461
-0.011775433435104787
-0.3120634183542279
-0.33410777429817246
-0.4244517250377352
-1.9299433041014709
-0.0014220535307686078
-0.6188002027726421
-0.03172901573336937
-0.01790676748247019
-0.9761837376281619
-0.5967127920739586
-0.7691334294421333
-0.4142353786703418
-0.2357054693469157
-0.24798601007144802
-0.3517365611307627
-0.16062048167805187
-0.5658316702163295
-0.584570549428463
-2.2367443020145097
-0.4620925416258009
-0.49394003798564273
-0.016374192923346225
-0.009368033478494908
-0.04393332953137966
-0.025277578862733206
-0.030103773331393312
-1.8418099509552122
-0.3531348481528067
-0.7667289257049561
-0.2881376661567224
-0.33200300272437744
-0.40675652464519124
-2.5106786406702466
-0.293204883790829
-0.03568161197472364
-0.9402381916996092
-0.03347923831703762
