-0.0002315968304174021
-0.0037478222511708736
-0.0006960591417737305
-0.006415367592126131
-0.0019012485863640904
-0.0007155956700444221
-0.010778778232634068
-0.032376356422901154
-0.0003995097358711064
-9.250213042832911e-05
-0.0006673493189737201
-0.0006181474891491234
-0.20346057415008545
-0.00023135847004596144
-0.004346091765910387
-0.0006959400488995016
-0.00023278864682652056
-0.000933926145080477
-0.0034689269959926605
-0.002439976902678609
-0.0003516055876389146
-0.0006937957368791103
-0.002054724609479308
-0.0048047322779893875
-0.00023147765023168176
-0.004534438718110323
-0.0006959400488995016
-0.01721136085689068
-0.000188332938705571
-0.010835264809429646
-0.0033371730241924524
-9.238292841473594e-05
-0.00013183678674977273
-0.006466061808168888
-0.005395849235355854
-0.03563050925731659
-0.005395611748099327
-0.00023135847004596144
-0.004346091765910387
-0.0006959400488995016
-0.0001984637783607468
-0.0003589939442463219
-5.364274329622276e-05
-0.00044324109330773354
-0.013319442979991436
-0.0008915264043025672
-0.047888148576021194
-0.002179510658606887
-0.003968222998082638
-0.00012182447244413197
-0.00017581824795342982
-0.0017816636245697737
-0.003083358285948634
-0.02347719483077526
-0.001029200037010014
-0.003796395380049944
-0.03566053509712219
-0.019014347344636917
-0.004276298452168703
-0.00023147765023168176
-0.00010108436981681734
-0.0006961782928556204
-0.0029098333325237036
-0.0012982996413484216
-0.01690501719713211
-0.00012492353562265635
-0.7204217314720154
-0.0047189537435770035
-0.0002315968304174021
-0.0045343199744820595
-0.0006960591417737305
-0.006438820157200098
-0.00022921319759916514
-0.008039850741624832
-0.012221097946166992
-0.011908981949090958
-0.0004457433824427426
-0.0010943383676931262
-0.00945672020316124
-0.004301818553358316
-0.00023135847004596144
-0.0043459730222821236
-0.0006959400488995016
-0.00034505134681239724
-0.0004996005445718765
-0.0001429217227268964
-0.004979945253580809
-0.00012861855793744326
-0.08411777019500732
-0.006199652794748545
-0.013889324851334095
-0.01823822408914566
-0.0002315968304174021
-0.004534557461738586
-0.0006961782928556204
-0.0019301610300317407
-0.03120874986052513
-0.0010209829779341817
-0.00014172980445437133
-0.00021514961554203182
-8.5588610090781e-05
-0.012330139055848122
-0.00023135847004596144
-0.004346566740423441
-0.0006960591417737305
-0.0006139777251519263
-0.0001705739414319396
-0.0012016226537525654
-0.0009548871894367039
-0.000943096645642072
-0.003076703054830432
-0.0005268854438327253
-0.007360601332038641
-0.0001842805795604363
-0.040751345455646515
-0.03475746139883995
-0.0010397987207397819
-0.004541914910078049
-0.00023147765023168176
-0.004346329253166914
-0.0006959400488995016
-0.00010513706365600228
-0.00019798702851403505
-0.010047218762338161
-0.0008531744824722409
-0.0018963703187182546
-0.00027176024741493165
-0.0068717580288648605
-0.00023147765023168176
-0.004346329253166914
-0.0006959400488995016
-0.0017629809444770217
-3.9219088648678735e-05
-0.014662721194326878
-5.173549288883805e-05
-0.0001560327800689265
-0.000949885172303766
-9.238292841473594e-05
-0.00019703354337252676
-0.000219321038457565
-0.00023147765023168176
-0.004346329253166914
-0.0006959400488995016
-0.0064154863357543945
-8.749579137656838e-05
-0.009087157435715199
-0.0013160386588424444
-1.2190775871276855
-0.0018103414913639426
-9.238292841473594e-05
-0.021530818194150925
-0.015217749401926994
-0.07520241290330887
-0.0002315968304174021
-0.0043462105095386505
-0.0006960591417737305
-0.004865710623562336
-0.00037091050762683153
-0.011033005081117153
-0.0006443570018745959
-0.0007444233051501215
-0.005611737724393606
-0.0013725870521739125
-0.011329718865454197
-0.00023147765023168176
-0.004346091765910387
-0.0006959400488995016
-0.0022023487836122513
-0.0006235085893422365
-0.0005050813779234886
-0.00020704510097857565
-0.00019905969384126365
-0.0007618147064931691
-0.0041801463812589645
-0.00023147765023168176
-0.004346091765910387
-0.0006959400488995016
-0.00842091254889965
-0.00012444675667211413
-0.005375218112021685
-0.00014983485743869096
-0.000219321038457565
-0.017558958381414413
-0.0005644158809445798
-0.001720854314044118
-0.022244466468691826
-0.000219321038457565
-0.017321616411209106
-0.2179308384656906
-0.00023147765023168176
-0.004346329253166914
-0.0006959400488995016
-0.00022957073815632612
-0.0006984416977502406
-0.00032395837479270995
-0.0006323245470412076
-4.768370445162873e-07
-0.00023135847004596144
-0.0043459730222821236
-0.0006959400488995016
-0.6794301867485046
-0.005658797919750214
-0.002601098734885454
-0.0009009354980662465
-0.0002315968304174021
-0.0043464479967951775
-0.0006961782928556204
-0.0012823462020605803
-0.029323337599635124
-0.0008360228384844959
-0.0007883778307586908
-0.005629756022244692
-0.009080659598112106
-0.0014678190927952528
-0.005364783573895693
-0.00023135847004596144
-0.0043459730222821236
-0.0006959400488995016
-0.00870729424059391
-0.002169756917282939
-0.002485997276380658
-0.0007840896723791957
-0.00012635385792236775
-0.00020919041708111763
-9.572047565598041e-05
-0.009957756847143173
-0.0021064728498458862
-0.00023135847004596144
-0.004346566740423441
-0.0006960591417737305
-0.000362807244528085
-0.0032333259005099535
-0.006028444971889257
-0.00020704510097857565
-0.003583677811548114
-0.0006260104128159583
-0.0006646093097515404
-0.0005267662927508354
-0.008103705942630768
-0.011543977074325085
-0.0002315968304174021
-0.0037475847639143467
-0.0006961782928556204
-0.00015054999676067382
-0.12638400495052338
-0.004912094213068485
-0.040865328162908554
-0.0008236353169195354
-0.0004745787591673434
-0.5949701070785522
-0.05090367794036865
-0.00021920185827184469
-9.238292841473594e-05
-0.03023930825293064
-0.00023147765023168176
-0.004346091765910387
-0.0006959400488995016
-0.008707412518560886
-0.0023964515421539545
-9.583967766957358e-05
-0.00012015574611723423
-0.009818474762141705
-0.00034505134681239724
-0.000505677133332938
-0.00018523407925385982
-0.010129119269549847
-0.00017772526189219207
-9.238292841473594e-05
-0.010778541676700115
-0.00023135847004596144
-0.00374770350754261
-0.0006960591417737305
-0.0048655918799340725
-0.00020430385484360158
-0.0002261144545627758
-0.0034857960417866707
-0.0006111184484325349
-0.0002348147245356813
-0.007420477457344532
-0.00023278864682652056
-0.0002315968304174021
-0.0043462105095386505
-0.0006960591417737305
-0.006415367592126131
-0.013491406105458736
-0.0010810013627633452
-0.001500552985817194
-0.044151101261377335
-0.00030393750057555735
-0.012127944268286228
-9.560128091834486e-05
-0.00023147765023168176
-0.004346329253166914
-0.0006959400488995016
-0.0008790204883553088
-0.17967253923416138
-0.0010253892978653312
-0.0016025570221245289
-0.00017593742813915014
-0.0003567297535482794
-0.5949701070785522
-0.028305713087320328
-0.25154832005500793
-9.238292841473594e-05
-0.012183649465441704
-0.0008613928221166134
-0.0005398723296821117
-0.00013648532330989838
-0.0037703870330005884
-0.03973199799656868
-0.0002884448622353375
-0.004865710623562336
-0.00023147765023168176
-0.004534438718110323
-0.0006959400488995016
-9.572047565598041e-05
-5.6503606174374e-05
-0.0008572241058573127
-0.00016759421851020306
-0.0003116837178822607
-9.238292841473594e-05
-0.0004948345012962818
-0.00023135847004596144
-0.004534557461738586
-0.0006959400488995016
-0.006415722891688347
-0.005266720429062843
-0.002821038942784071
-7.116541382856667e-05
-0.0006901028100401163
-0.012997549958527088
-0.0007977878558449447
-0.00018869050836656243
-0.00023147765023168176
-0.004346329253166914
-0.0006959400488995016
-0.0010945764370262623
-0.0006183857913129032
-0.001165664056316018
-0.0034707090817391872
-0.0009783487766981125
-0.008221473544836044
-0.00023147765023168176
-0.004346091765910387
-0.0006959400488995016
-0.002624878427013755
-0.0021734442561864853
-0.0001858300092862919
-0.09612948447465897
-8.844937838148326e-05
-0.00029297350556589663
-0.0035804708022624254
-0.00020585325546562672
-0.016237981617450714
-0.0003259842633269727
-0.0015968440566211939
-0.0003762729174923152
-0.0008253029081970453
-0.0028978281188756227
-0.006415367592126131
-0.00023147765023168176
-0.004346091765910387
-0.0006959400488995016
-0.0017085968283936381
-0.009644106961786747
-0.0017325166845694184
-0.00018714107864070684
-0.004397128242999315
-0.0012862751027569175
-0.026524871587753296
-0.000498289882671088
-0.0002315968304174021
-0.0037478222511708736
-0.0006960591417737305
-6.496695277746767e-05
-0.0002834395272657275
-9.238292841473594e-05
-0.024546504020690918
-0.008950706571340561
-0.000120751719805412
-0.019201824441552162
-0.0005558376433327794
-0.0004894727608188987
-0.03847522661089897
-0.018277553841471672
-8.093983342405409e-05
-0.00023135847004596144
-0.004346091765910387
-0.0006959400488995016
-0.0033814890775829554
-0.00043108707177452743
-0.00013076403411105275
-0.0007840896723791957
-0.0024123871698975563
-9.238292841473594e-05
-0.00870729424059391
-0.07437653094530106
-0.043418336659669876
-0.0036283391527831554
-0.00023135847004596144
-0.004346566740423441
-0.0006960591417737305
-0.0015711355954408646
-0.0001497156627010554
-0.0023315169382840395
-0.0029478687793016434
-0.00046206763363443315
-0.005794038996100426
-9.238292841473594e-05
-0.007007782347500324
-0.03919580206274986
-0.02701244316995144
0.0
-0.010881372727453709
-0.0064154863357543945
-0.00023135847004596144
-0.0037475847639143467
-0.0006959400488995016
-0.00014494798961095512
-0.010236619040369987
-0.00014137222024146467
-0.0005476167425513268
-0.00042775063775479794
-0.0003103728231508285
-0.027675462886691093
-0.0004351384413894266
-0.0035590894985944033
-0.0006177900941111147
-0.021922869607806206
-0.0002656822034623474
-0.00016020445036701858
-0.06464283913373947
-0.00023135847004596144
-0.0043459730222821236
-0.0006959400488995016
-0.023691777139902115
-0.20821592211723328
-0.0002127659390680492
-0.0002455409849062562
-0.00013326710904948413
-9.250213042832911e-05
-0.021413790062069893
-0.012652717530727386
-0.001353420433588326
-0.01278678048402071
-0.03329611197113991
-0.008523158729076385
-0.00023147765023168176
-0.0037475847639143467
-0.0006959400488995016
-0.0025541323702782393
-0.0002735478919930756
-1.3903549909591675
-0.010778541676700115
-9.238292841473594e-05
-0.00027426297310739756
-0.00023147765023168176
-0.004346091765910387
-0.0006959400488995016
-0.00014602071314584464
-9.870042413240299e-05
-0.000797311426140368
-0.00020132421923335642
-7.962863310240209e-05
-0.0009839460253715515
-0.0004655231023207307
-0.0017406088300049305
-0.002518935827538371
-6.496695277746767e-05
-0.0003446938644628972
-0.0015373327769339085
-0.0002619877050165087
-0.0008237544680014253
-0.06471536308526993
-0.010837034322321415
-0.0006955826538614929
-0.00020692592079285532
-0.0037879636511206627
-0.0003069168305955827
-0.019031424075365067
-0.0017402517842128873
-0.06254325807094574
-0.013701320625841618
-0.000558220490347594
-0.033823609352111816
-9.929640509653836e-05
-0.00011097769311163574
-0.0002708068350329995
-0.012837388552725315
-0.01143166795372963
-9.238292841473594e-05
-0.0002348147245356813
-0.0018239067867398262
-0.0010808822698891163
-0.016274692490696907
-0.08205938339233398
-0.0010003806091845036
-0.0
-0.00019369633810129017
-0.034643467515707016
-0.003167494898661971
-0.0011811431031674147
-0.0007175016799010336
-0.00013147920253686607
-0.0035247597843408585
-0.004870693199336529
-9.250213042832911e-05
-6.794698856538162e-05
-0.00015341058315243572
-0.0034051313996315002
-0.0016161249950528145
-0.004985283128917217
-0.0014142522122710943
-0.07574307918548584
-9.238292841473594e-05
-0.0006835508393123746
-0.0002731903805397451
-0.0020460402593016624
-0.0029510778840631247
-0.0008334023877978325
-0.000336590368533507
-0.005812409333884716
-0.000120751719805412
-0.010778541676700115
-0.0004552758182398975
-0.0009603655780665576
-0.0010795724811032414
-0.0011093420907855034
-0.00034338299883529544
-0.17797793447971344
-0.00011920218821614981
-9.250213042832911e-05
-0.0003271759778726846
-0.015749353915452957
-0.00023493390472140163
-0.0006330393371172249
-0.009207525290548801
-0.0010355116100981832
-0.0023359174374490976
-0.000532008707523346
-0.007875344716012478
-2.3841855067985307e-07
-0.08761923015117645
-1.680836794548668e-05
-0.005750422365963459
-0.0071656848303973675
-0.010636778548359871
-0.0014206803170964122
-0.002003211760893464
-0.002763026859611273
-0.005621457938104868
-0.02460896410048008
-0.0028904585633426905
-0.007789592258632183
-0.0002858230145648122
-0.0002494739310350269
-0.007632853463292122
-0.012802316807210445
-0.5868004560470581
-0.014395431615412235
-0.018505074083805084
-0.0027159492019563913
-9.238292841473594e-05
-0.0001699779968475923
-0.0035835590679198503
-0.06417104601860046
-5.185469490243122e-05
-0.039813682436943054
-0.00018308870494365692
-0.03167475759983063
-0.0033736478071659803
-0.09801346063613892
-0.0003713871701620519
-0.004865473136305809
-0.0019237360684201121
-0.008381311781704426
-0.020743919536471367
-2.2593088150024414
-0.06356322765350342
-0.006830556783825159
-0.0012680593645200133
-0.0005073452484793961
-0.026198608800768852
-0.047936782240867615
-0.004380274564027786
-0.0022285168524831533
-0.09684238582849503
-0.018716981634497643
-9.250213042832911e-05
-0.0028656155336648226
-6.90197994117625e-05
-0.10020410269498825
-0.00022027450904715806
-0.8037945032119751
-0.01654323935508728
-3.71926071238704e-05
-0.00023493390472140163
-5.817244164063595e-05
-0.015544210560619831
-5.793403761344962e-05
-0.005016597453504801
-0.0062445527873933315
-0.0053563653491437435
-0.0980130285024643
-0.00037222131504677236
-0.00400431826710701
-0.000310730334604159
-0.005694595165550709
-0.001341634662821889
-0.0006901028100401163
-0.0037716934457421303
-0.001081834896467626
-0.01096308697015047
-0.011385939083993435
-0.03317929804325104
-0.05374160036444664
-0.18179146945476532
-0.0008357845945283771
-0.000834117061458528
-0.0036253698635846376
-0.00022802136663813144
-9.238292841473594e-05
-1.4185804502631072e-05
-0.001551496796309948
-0.07287024706602097
-0.004864642862230539
-0.010778659954667091
-0.028509993106126785
-0.0006126672378741205
-0.010034000501036644
-0.05155467242002487
-0.011099852621555328
-0.0035014767199754715
-0.000957030919380486
-1.4185804502631072e-05
-0.00023541064001619816
-0.07422523945569992
-0.07114621996879578
-0.00010668662434909493
-0.00020716428116429597
-0.0014826982514932752
-0.00027771908207796514
-0.005258300807327032
-0.0003797286772169173
-0.00015364897262770683
-0.012749353423714638
-0.007567666471004486
-0.0065605733543634415
-0.10974439978599548
-0.005974648054689169
-0.00019333878299221396
-0.0028643079567700624
-0.0006245807744562626
-9.238292841473594e-05
-0.00032062159152701497
-0.0020251020323485136
-0.0002315968304174021
-0.00034874555421993136
-0.0006971312686800957
-0.0009653675369918346
-0.0021303833927959204
-0.005492595490068197
-0.003782381769269705
-0.008460157550871372
-0.0021685673855245113
-9.238292841473594e-05
-0.00036244976217858493
-0.001259010867215693
-0.00015877417172305286
-0.009131100960075855
-0.0762789249420166
-0.005856852978467941
-0.017558958381414413
-0.00504731759428978
-0.0034713030327111483
-0.0004450284468475729
-0.0020026168785989285
-0.006576087325811386
-0.000869253883138299
-0.00034421717282384634
-0.0005653690313920379
-0.0033623608760535717
-0.0007407305529341102
-0.0008164886385202408
-0.00018523407925385982
-0.023106487467885017
-0.0002992897352669388
-0.027902361005544662
0.0
-0.00688229501247406
-0.0016551617300137877
-0.0002337421028641984
-0.01597956009209156
-0.0009972843108698726
-0.051820818334817886
-0.00031120702624320984
-0.00018082413589581847
-0.002727481070905924
-0.004365438595414162
-0.008499165065586567
-0.007288769353181124
-0.015543623827397823
-1.2543903589248657
-0.0006764031131751835
-0.004800936207175255
-0.0036317838821560144
-0.00013219437096267939
-0.0005808573332615197
-0.01799624226987362
-0.004470473621040583
-9.238292841473594e-05
-0.001262106467038393
-0.0001517419150331989
-0.0002094287920044735
-0.001434369827620685
-0.0023894349578768015
-0.0003389737685211003
-7.414542778860778e-05
-9.250213042832911e-05
-0.00035589560866355896
-0.00027581225731410086
-0.0002026352594839409
-3.9934315282152966e-05
-0.002257063053548336
-0.00030501006403937936
-0.0006814065272919834
-9.917721035890281e-05
-0.00020275443966966122
-0.057389579713344574
-0.01080684456974268
-0.22405846416950226
-0.0003854485403280705
-9.250213042832911e-05
-6.496695277746767e-05
-0.0027843061834573746
-0.004398433957248926
-0.00015341058315243572
-0.00013136000779923052
-0.02464188076555729
-0.024880630895495415
-0.00032109825406223536
-0.005403792951256037
-0.025996528565883636
-0.010708959773182869
-0.000310730334604159
-0.011033005081117153
-9.250213042832911e-05
-0.0003978414461016655
-0.004141801502555609
-0.0005488081369549036
-0.00028451209072954953
-0.017601126804947853
-5.936446541454643e-05
-6.23445157543756e-05
-0.0012153151910752058
-1.1920922133867862e-06
-0.0117241395637393
-9.238292841473594e-05
-0.006132239475846291
-0.006398429628461599
-0.0007750368095003068
-1.1324817933200393e-05
-3.0278701160568744e-05
-0.00012218205665703863
-0.00024720950750634074
-0.00037150635034777224
-0.021453462541103363
-0.00935929361730814
-0.0980130285024643
-4.3748852476710454e-05
-0.0035475671757012606
-0.0032225127797573805
-0.00020180096908006817
-2.0861407392658293e-05
-0.00016985881666187197
-0.009850936010479927
-0.00044204952428117394
-0.09595274925231934
-0.003884865902364254
-0.005493899807333946
-0.021671395748853683
-0.09541954100131989
-0.021872486919164658
-0.00011073929636040702
-0.0008239926537498832
-0.0004624251159839332
-0.0016525434330105782
-0.002819255692884326
-0.009207170456647873
-0.0008550802012905478
-0.004013816826045513
-0.015202251262962818
-0.08427337557077408
-0.08427315950393677
-9.238292841473594e-05
-0.05287563428282738
-0.00023493390472140163
-0.008535806089639664
-0.023459145799279213
-0.000120751719805412
-0.000120751719805412
-0.20265530049800873
-0.000805053801741451
-0.0018275955226272345
-0.000700466800481081
-9.250213042832911e-05
-0.002144657773897052
-0.002096837153658271
-0.0002029928145930171
-0.0011201781453564763
-0.000129691296024248
-0.00021431533969007432
-0.00017593742813915014
-0.00013267113536130637
-0.0035058720968663692
-0.0024296308401972055
-6.854299135738984e-05
-0.0043254392221570015
-5.578839045483619e-05
-0.00038985759601928294
-9.238292841473594e-05
-0.0007771808886900544
-0.0004076126788277179
-0.021778710186481476
-0.007960143499076366
-0.004846966825425625
-0.00023850933939684182
-0.0097501240670681
-0.00014041867689229548
-0.020103391259908676
-0.00022516099852509797
-0.0016882466152310371
-9.238292841473594e-05
-0.0002858230145648122
-0.00023493390472140163
-0.0002840353990904987
-0.00021741411183029413
-0.0006211258587427437
-0.00020108585886191577
-0.004964880645275116
-0.004416948650032282
-0.0014292511623352766
-0.00852812360972166
-0.02642003819346428
-0.08761923015117645
-0.0002040654799202457
-4.386805812828243e-05
-0.00023493390472140163
-1.3189655542373657
-0.007095969282090664
-0.00019858295854646713
-0.00038044367101974785
-0.00014149141497910023
-0.0021222943905740976
-0.011923353187739849
-9.119095193454996e-05
-0.0001387499796692282
-3.576214658096433e-05
-0.0020507988519966602
-0.0008079125545918941
-0.0014479401288554072
-0.00019810620869975537
-0.001293061301112175
-0.07422512769699097
-0.000120751719805412
-0.0013255628291517496
-0.0068825320340693
-0.000278195773717016
-0.008288745768368244
-0.0032068276777863503
-0.06877663731575012
-0.0009759668610058725
-0.0005665604257956147
-0.02449776418507099
-0.002717019058763981
-0.019590813666582108
-0.0012267453130334616
-0.0011884062550961971
-9.238292841473594e-05
-0.00023493390472140163
-0.0002348147245356813
-0.0002348147245356813
-0.00023457636416424066
-0.00023493390472140163
-0.02928374521434307
-0.014744244515895844
-0.00017867876158561558
-0.0012872274965047836
-0.0059850760735571384
-9.238292841473594e-05
-0.07422523945569992
-0.018581487238407135
-0.004999042488634586
-0.000164018536452204
-0.0009485750924795866
-0.06318571418523788
-0.0014480592217296362
-0.004940207581967115
-0.0009535771678201854
-0.023721812292933464
-0.005670295562595129
-0.003864441066980362
-0.0002989322238136083
-0.0006563892820850015
-0.01577904261648655
-0.009528987109661102
-0.006267179735004902
-0.004544169642031193
-0.000226472009671852
-0.011134512722492218
-0.003698534332215786
-0.0023160558193922043
-0.0010056205792352557
-9.250213042832911e-05
-0.0025679252576082945
-0.01368932705372572
-0.00016783259343355894
-0.01835562288761139
-3.480850500636734e-05
-0.0009556017466820776
-0.07520241290330887
-0.012326370924711227
-0.00030620177858509123
-0.0008470999309793115
-0.07574330270290375
-0.04395090788602829
-0.022248897701501846
-0.00018344627460464835
-0.0004323977918829769
-0.00011717586312443018
-5.98412734689191e-05
-0.0002975021197926253
-8.308542601298541e-05
-0.00020740265608765185
-0.0008123196894302964
-5.054346183896996e-05
-0.00026651646476238966
-0.5692580342292786
-0.0015467357588931918
-0.003965254407376051
-0.0027667121030390263
-0.010245350189507008
-0.015206713229417801
-0.002662092447280884
-0.0002544794406276196
-0.021351713687181473
-0.10952635854482651
-9.238292841473594e-05
-0.0002348147245356813
-0.01823202148079872
-0.09235431998968124
-0.010960257612168789
-0.0005532164941541851
-0.00039867559098638594
-0.003930938430130482
-0.00023910524032544345
-0.0010155049385502934
-0.0004107108688913286
-0.0005712069687433541
-0.0001102625101339072
-0.010778778232634068
-0.010778541676700115
-0.0014542490243911743
-0.00015937011630740017
-9.238292841473594e-05
-0.0002706876548472792
-0.0001567479339428246
-0.00032240914879366755
-0.0040800669230520725
-0.02674332819879055
-0.0002636561985127628
-0.028882987797260284
-0.0006536492728628218
-0.0021432305220514536
-0.0014936492079868913
-0.005321504082530737
-0.00023135847004596144
-0.004534557461738586
-0.0005227153305895627
-0.0064154863357543945
-7.64102369430475e-05
-0.006696758326143026
-9.703165414975956e-05
-0.0004657614335883409
-9.953480184776708e-05
-0.00022754464589525014
-0.053096551448106766
-0.00037746457383036613
-0.00039664984797127545
-0.010090529918670654
-0.00023135847004596144
-0.004346566740423441
-0.0005227153305895627
-0.0002503081923350692
0.0
-5.209310256759636e-05
-0.00022742546570952982
-0.02586073987185955
-0.021241318434476852
-0.006415604613721371
-0.00023135847004596144
-0.004346091765910387
-0.0005227153305895627
-0.003719793865457177
-0.0018879224080592394
-0.0004625442670658231
-0.001495434669777751
-9.238292841473594e-05
-0.0010388459777459502
-0.047329023480415344
-0.09767770767211914
-0.017230460420250893
-0.012183649465441704
-0.00023147765023168176
-0.004346091765910387
-0.0005225961795076728
-0.006415722891688347
-0.0001227780303452164
-0.14181043207645416
-0.7283426523208618
-0.05616045370697975
-0.016870440915226936
-0.0005645350320264697
-0.010209833271801472
-0.014004414901137352
-0.001320324488915503
-0.0012931802775710821
-0.00023135847004596144
-0.0043459730222821236
-0.0005225961795076728
-0.012605867348611355
-0.029800403863191605
-0.07255244255065918
-0.0001494772732257843
-0.00034195298212580383
-0.0021044507157057524
-0.006415604613721371
-0.00023135847004596144
-0.004346566740423441
-0.0005227153305895627
-3.909988299710676e-05
-0.00020168177434243262
-8.546940807718784e-05
-0.00027998341829515994
-0.002093387534841895
-0.00015758226800244302
-0.0002315968304174021
-0.0043464479967951775
-0.0005229535745456815
-0.005351385101675987
-0.00012599628826137632
-0.00342105096206069
-0.0019999993965029716
-8.22540732769994e-06
-0.0002369599969824776
-0.005753385368734598
-0.006558441556990147
-0.0009210634743794799
-0.00013720047718379647
-0.0001591317413840443
-0.00018869050836656243
-0.02069312520325184
-0.01686997152864933
-0.037607986479997635
-0.00023147765023168176
-0.004346091765910387
-0.0005225961795076728
-0.00014590153296012431
-0.004013341851532459
-0.00032574593205936253
-0.00027843413408845663
-0.00068926892708987
-9.250213042832911e-05
-0.007834184914827347
-0.0036050586495548487
-0.006238747853785753
-0.0029958863742649555
-0.07581347227096558
-0.007588252425193787
-0.011961517855525017
-0.0065884036011993885
-0.02061804197728634
-0.039876800030469894
-0.04356454685330391
-0.0173965971916914
-0.00023135847004596144
-0.00374770350754261
-0.0005227153305895627
-0.005351385101675987
-0.06173441931605339
-0.014802035875618458
-0.003197559155523777
-0.001622551935724914
-0.004839848726987839
-0.00024375328212045133
-0.00024375328212045133
-0.00023135847004596144
-0.004346091765910387
-0.0005227153305895627
-0.006415604613721371
-0.00016246906307060272
-0.00024148885859176517
-0.0069880131632089615
-0.00015066919149830937
-0.0063641974702477455
-0.006415604613721371
-0.00023135847004596144
-0.004346091765910387
-0.0005227153305895627
-0.0048655918799340725
-9.393251093570143e-05
-0.008530369028449059
-0.010038956999778748
-0.005241580307483673
-0.04047662764787674
-0.007137633394449949
-0.00026770823751576245
-0.004573717713356018
-0.023732174187898636
-0.006345481611788273
-0.00692432327196002
-0.005763934459537268
-0.010801891796290874
-0.00023147765023168176
-0.004534438718110323
-0.0005225961795076728
-0.006415722891688347
-0.00022504181833937764
-0.00011753345461329445
-0.00027164106722921133
-0.0006432848167605698
-0.0022552788723260164
-0.0636797845363617
-0.0032093231566250324
-0.00027021096320822835
-0.0024764842819422483
-0.0002315968304174021
-0.0043462105095386505
-0.0005228344234637916
-0.00870729424059391
-0.00020072828920092434
-0.002297026105225086
-0.023670589551329613
-0.012904821895062923
-0.025673577561974525
-0.003649481339380145
-0.000503770774230361
-0.0012061471352353692
-0.009640919975936413
-0.0003575639275368303
-0.007650125306099653
-0.0369369313120842
-0.0018294993788003922
-0.0001752223033690825
-0.0003058442671317607
-0.0065794032998383045
-0.00023147765023168176
-0.00374770350754261
-0.0005227153305895627
-0.00043525759247131646
-0.0020088031888008118
-0.010046746581792831
-9.238292841473594e-05
-0.000219321038457565
-0.0027147603686898947
-9.476689592702314e-05
-0.01371202152222395
-0.001157209975644946
-0.0002315968304174021
-0.0043464479967951775
-0.0005229535745456815
-0.007294805254787207
-0.6759369969367981
-0.0007034449372440577
-0.00018261195509694517
-0.00022849810193292797
-0.023799458518624306
-0.00012396997772157192
-0.00030894274823367596
-0.032261401414871216
-0.0022975020110607147
-0.010634655132889748
-0.004880657885223627
-0.01901446469128132
-0.00023147765023168176
-0.004346091765910387
-0.0005225961795076728
-0.006415604613721371
-0.00011407678539399058
-0.0005256939912214875
-0.000350175570929423
-0.0002051381452474743
-0.002864545676857233
-0.00046004203613847494
-0.00023147765023168176
-0.004346091765910387
-0.0005225961795076728
-0.004865473136305809
-0.0005204515182413161
-0.0016077938489615917
-0.020158536732196808
-0.005604743491858244
-0.010874651372432709
-0.0007850425899960101
-0.004325913731008768
-0.00140865717548877
-0.0002315968304174021
-0.0043462105095386505
-0.0005228344234637916
-0.0012827033642679453
-0.00026544384309090674
-0.00011693747364915907
-0.0001397035230183974
-0.0007160721579566598
-0.0002315968304174021
-0.0043464479967951775
-0.0005229535745456815
-0.00870729424059391
-0.06031849980354309
-0.00026770823751576245
-0.014221038669347763
-0.0017022894462570548
-9.238292841473594e-05
-0.002739250659942627
-0.011275852099061012
-0.001986317802220583
-5.090107151772827e-05
-0.0008225633064284921
-0.011220686137676239
-0.02422785572707653
-0.00026556302327662706
-0.022911004722118378
-0.006470917724072933
-0.013036026619374752
-0.0005038899253122509
-0.0009283285471610725
-0.0002731903805397451
-0.005525672342628241
-0.00023147765023168176
-0.00374770350754261
-0.0005227153305895627
-0.00028272447525523603
-4.458328112377785e-05
-0.002990419277921319
-0.0002611534437164664
-0.00016378014697693288
-0.014572732150554657
-0.0011375630274415016
-0.001260915887542069
-0.010221397504210472
-0.011085116304457188
-0.00014077626110520214
-0.0003983181086368859
-0.004263122566044331
-0.0005564333405345678
-0.003002185607329011
-0.00023135847004596144
-0.004346566740423441
-0.0005227153305895627
-0.0064154863357543945
-0.0026755272410809994
-0.010636660270392895
-0.0010831448016688228
-0.0004751745145767927
-0.006712980568408966
-5.9602869441732764e-05
-0.0019480077316984534
-0.006043730769306421
-0.0011643542675301433
-0.04272158816456795
-0.0025475923903286457
-0.0010671879863366485
-0.0010422994382679462
-0.058134566992521286
-0.001209838199429214
-0.018514085561037064
-0.0002004899288294837
-0.03682709485292435
-0.00023135847004596144
-0.0037475847639143467
-0.0005227153305895627
-0.006415604613721371
-0.0005127069307491183
-0.00019226610311307013
-0.00465986505150795
-0.21574924886226654
-0.0013571109157055616
-0.01754876784980297
-0.00036006642039865255
-0.0010800487361848354
-9.238292841473594e-05
-0.00023135847004596144
-0.0043459730222821236
-0.0005225961795076728
-0.006415604613721371
-0.00043871314846910536
-0.0004609952447935939
-9.238292841473594e-05
-0.010778659954667091
-0.0007236960809677839
-0.0016653967322781682
-0.00011967896716669202
-0.00019035911827813834
-0.0007518087513744831
-0.0002613918040879071
-0.005218930076807737
-0.00023147765023168176
-0.004346091765910387
-0.0005225961795076728
-9.476689592702314e-05
-0.0005003153928555548
-0.00019071667338721454
-0.0025744650047272444
-0.044516827911138535
-0.0014093714999035
-0.024448325857520103
-0.016870206221938133
-0.0007552632014267147
-0.013017671182751656
-0.00023135847004596144
-0.0037475847639143467
-0.0005225961795076728
-0.0012554391287267208
-0.017081638798117638
-0.015924300998449326
-0.0009840651182457805
-0.0002623452164698392
-0.00014208737411536276
-0.010778659954667091
-0.0003649522550404072
-3.611976353568025e-05
-0.0005485698929987848
-0.015503599308431149
-0.00040546778473071754
-0.000982397934421897
-0.00022301571152638644
-0.0002315968304174021
-0.0037478222511708736
-0.0005228344234637916
-9.595887240720913e-05
-2.2291887944447808e-05
-0.00013791563105769455
-0.0049077048897743225
-0.0003369478799868375
-0.00010084597306558862
-0.00013040646445006132
-0.0017158561386168003
-0.00023147765023168176
-0.004346091765910387
-0.0005225961795076728
-0.003611591411754489
-0.00020346954988781363
-0.0005308172549121082
-9.452849917579442e-05
-0.00035494225448928773
-6.758938252460212e-05
-0.0008393579046241939
0.0
-0.5201772451400757
-0.0007551440503448248
-0.0002315968304174021
-0.0037478222511708736
-0.0005228344234637916
-0.00010477947944309562
-0.032950595021247864
-0.004485308192670345
-0.04341285675764084
-0.0001658063702052459
-0.00023135847004596144
-0.0043459730222821236
-0.0005225961795076728
-0.03451840952038765
-0.006415604613721371
-0.0032952316105365753
-0.0018059387803077698
-0.00010466027742950246
-0.0012804412981495261
-0.0002233732520835474
-0.002629753202199936
-0.0031141377985477448
-0.8437641859054565
-0.00023147765023168176
-0.004346091765910387
-0.0005225961795076728
-0.0005347490659914911
-0.00043561504571698606
-0.6024764180183411
-0.00028725311858579516
-4.446407547220588e-05
-0.00038628268521279097
-0.005109585355967283
-0.0047616660594940186
-0.0072077009826898575
-0.0002315968304174021
-0.0037475847639143467
-0.0005229535745456815
-0.0014142522122710943
-0.00039414744242094457
-0.00018225439998786896
-0.005594785790890455
-5.280832192511298e-05
-0.00045885046711191535
-9.440929716220126e-05
-0.008581428788602352
-0.006713335867971182
-0.00023135847004596144
-0.0043459730222821236
-0.0005225961795076728
-0.004226917866617441
-6.365573790390044e-05
-0.0003573255962692201
-0.011360717006027699
-2.95634672511369e-05
-0.019129550084471703
-0.1334741711616516
-6.258291978156194e-05
-0.5930674076080322
-0.0006912940880283713
-0.01319380383938551
-0.00011097769311163574
-0.06330578774213791
-0.039153847843408585
-0.00023135847004596144
-0.0043459730222821236
-0.0005225961795076728
-0.0012554391287267208
-0.0016762267332524061
-9.691245941212401e-05
-0.0018723353277891874
-0.0006404255982488394
-0.0004979324294254184
-0.00039915222441777587
-8.594620157964528e-05
-0.0007553822943009436
-9.095255518332124e-05
-0.010921464301645756
-0.0018555581336840987
-0.0002315968304174021
-0.0043464479967951775
-0.0005229535745456815
-0.002152151893824339
-0.0004938812926411629
-9.786603914108127e-05
-0.00030286493711173534
-0.01093077939003706
-0.0003693613689392805
-0.000163541772053577
-0.01235510129481554
-0.0005152089870534837
-0.00010895135346800089
-0.00015138434537220746
-0.002853728597983718
-0.00034850722295232117
-0.006693442817777395
-0.0003289635351393372
-9.250213042832911e-05
-0.0002517383254598826
-0.0002522150462027639
-0.00034850722295232117
-2.2649508537142538e-05
-0.0023424585815519094
-0.006415722891688347
-0.0005617947317659855
-0.0003923600015696138
-0.0018825681181624532
-9.250213042832911e-05
-0.0026959760580211878
-0.0014963869471102953
-0.002257063053548336
-0.001557924086228013
-0.00012540031457319856
-0.002526545897126198
-0.009493090212345123
-0.004460860975086689
-0.00021169328829273582
-0.007413732353597879
-0.0004357342259027064
-0.00027533553657121956
-2.276871418871451e-05
-9.238292841473594e-05
-0.003390043042600155
-0.016566572710871696
-0.012672139331698418
-0.8293358087539673
-0.048139024525880814
-0.0011744751827791333
-0.02866627462208271
-9.238292841473594e-05
-0.00021240839851088822
-0.0005863377591595054
-5.090107151772827e-05
-0.0004704084130935371
-0.0008238735608756542
-0.00017653337272349745
-0.00016735584358684719
-0.00144091690890491
-1.490105023549404e-05
-0.011860212311148643
-0.0009857324184849858
-0.00020489977032411844
-0.00012838016846217215
-0.0003407612966839224
-0.0015343570848926902
-0.002458171220496297
-0.0001726001501083374
-0.0010118131758645177
-0.15806645154953003
-0.0013321106089279056
-0.0002656822034623474
-0.004848509095609188
-0.0021992563270032406
-0.0017390617867931724
-2.586808113846928e-05
-0.014828345738351345
-9.48860906646587e-05
-0.0019154074834659696
-9.238292841473594e-05
-0.0013569919392466545
-0.0004673104267567396
-0.005291148088872433
-0.0011757849715650082
-9.047575440490618e-05
-0.0024506794288754463
-0.00012778419477399439
-0.005511801689863205
-0.21959732472896576
-0.0008239926537498832
-0.00017998983094003052
-0.002258133376017213
-0.0008722314960323274
-0.0027959563303738832
-0.005787638947367668
-0.0003066784702241421
-0.03017430752515793
-0.011970116756856441
-0.0002858230145648122
-0.0016567088896408677
-2.186570167541504
-1.2274718284606934
-6.401333666872233e-05
-0.000844479538500309
-0.00047803416964598
-9.238292841473594e-05
-0.004397603217512369
-0.007756353821605444
-0.021466996520757675
-0.12238967418670654
-0.0032456836197525263
-0.0043154689483344555
-0.013349203392863274
-0.01100553385913372
-0.0025502084754407406
-0.02575688064098358
-0.001815577270463109
-0.0035153755452483892
-0.0020848223939538
-9.238292841473594e-05
-0.0012493670219555497
-0.006501593627035618
-0.0038925844710320234
-0.002164641860872507
-0.000912250077817589
-0.09956201165914536
-0.017978914082050323
-0.011213967576622963
-0.004942105617374182
-0.0001954841281985864
-0.019791271537542343
-6.282132380874828e-05
-0.000675807474181056
-0.0373229905962944
-0.0001209901092806831
-0.0007668177131563425
-1.847726889536716e-05
-0.2227257490158081
-0.03336990252137184
-0.0002348147245356813
-0.01979103870689869
-0.0038545848801732063
-0.000523430178873241
-0.00029952809563837945
-0.004368762020021677
-0.01224099937826395
-0.00013267113536130637
-0.005490698851644993
-0.1995786726474762
-0.0006112375995144248
-0.004710766952484846
-6.627816765103489e-05
-0.00012861855793744326
-7.045020902296528e-05
-0.0005052005290053785
-0.000501030299346894
-9.238292841473594e-05
-0.008046000264585018
-0.0003409996279515326
-0.34256377816200256
-0.00443368311971426
-0.01142553985118866
-0.007692239712923765
-0.0222491305321455
-0.006452441215515137
-0.00020287363440729678
-0.003793782787397504
-0.00014900050882715732
-0.022439613938331604
-0.007531462702900171
-0.0008765193051658571
-0.004048604518175125
-0.0015904169995337725
-0.014080350287258625
-0.13817445933818817
-0.0006462631281465292
-0.0003922408213838935
-0.016932092607021332
-0.0010565895354375243
-0.0008590107318013906
-5.9957051277160645
-0.0050704460591077805
-0.000302030734019354
-2.074220174108632e-05
-0.00017355366435367614
-0.008740382269024849
-0.027061058208346367
-0.006031644530594349
-0.00013541258522309363
-0.0018736441852524877
-9.238292841473594e-05
-0.008224311284720898
-5.4596363042946905e-05
-0.00015793983766343445
-0.0005667987279593945
-0.0005090133054181933
-0.003833447117358446
-0.02951502427458763
-0.0007563352701254189
-0.0015830377815291286
-0.010797764174640179
-0.005837179254740477
-0.00023874769976828247
-0.003984251990914345
-9.238292841473594e-05
-0.000578474544454366
-4.255681051290594e-05
-2.634490556374658e-05
-0.013714726082980633
-0.0012478192802518606
-0.07545614242553711
-0.0002917817619163543
-0.003323866054415703
-0.001419847016222775
-0.0008956949459388852
-0.014445840381085873
-3.540453326422721e-05
-0.0006074252305552363
-0.00028868322260677814
-0.00037889453233219683
-0.004137527663260698
-9.214453893946484e-05
-0.012271380983293056
-0.0016142207896336913
-0.0016945539973676205
-0.1995786726474762
-0.037250980734825134
-6.031808152329177e-05
-0.0037181309890002012
-9.250213042832911e-05
-0.0003778220561798662
-0.0009939497103914618
-0.007415980566293001
-0.16459566354751587
-0.0028555116150528193
-0.003447899827733636
-0.01901458203792572
-0.00025412190007045865
-0.00018702188390307128
-0.0002540027489885688
-9.238292841473594e-05
-0.03458048030734062
-0.008110091090202332
-0.0036421173717826605
-0.07902667671442032
-6.389413465512916e-05
-0.010241692885756493
-0.00039867559098638594
-7.354942499659956e-05
-0.0025272592902183533
-0.004906755872070789
-0.00019238528329879045
-0.00030286493711173534
-0.0011386347468942404
-0.00039283663500100374
-0.0013579442165791988
-0.0002843929105438292
-0.0009353553177788854
-0.0005498804384842515
-0.005468291230499744
-0.005169477313756943
-0.002912923926487565
-9.250213042832911e-05
-0.0001787979417713359
-0.3292245864868164
-0.026092464104294777
-0.00023493390472140163
-0.0011254174169152975
-0.022106068208813667
-0.8293453454971313
-0.04499228671193123
-0.009368151426315308
-1.2274720668792725
-0.00442715547978878
-0.19957847893238068
-0.00011157367407577112
-0.000979658798314631
-0.010511273518204689
-9.250213042832911e-05
-0.00035363141796551645
-0.0001530530134914443
-0.00010907054820563644
-0.09767738729715347
-0.018505074083805084
-0.012812437489628792
-0.07574296742677689
-9.810443589231e-05
-0.000933807052206248
-9.238292841473594e-05
-0.00026055757189169526
-0.00023493390472140163
-0.004172429908066988
-0.0014430596493184566
-0.19957877695560455
-0.0018298563081771135
-0.005379249341785908
-0.0012382942950353026
-9.250213042832911e-05
-0.00031275625224225223
-0.00018821375851985067
-0.013223097659647465
-0.00012516192509792745
-0.0009351171320304275
-0.01787622459232807
-0.004242824390530586
-0.053563881665468216
-0.027663635089993477
-0.013165097683668137
-0.005120022222399712
-0.02303076907992363
-0.001589583931490779
-0.002774558262899518
-0.0004916174802929163
-0.0753214955329895
-0.003923933021724224
-9.238292841473594e-05
-0.005240631755441427
-0.0015001959400251508
-0.0020592452492564917
-0.02245057187974453
-0.006244197487831116
-0.0023054706398397684
-7.438383181579411e-05
-6.806619057897478e-05
-9.238292841473594e-05
-0.0006787856691516936
-0.00018106251081917435
-0.009878675453364849
-0.0012509147636592388
-0.004215877968817949
-0.0065794032998383045
-0.006169323343783617
-0.0009557208395563066
-0.0035646725445985794
-9.238292841473594e-05
-0.00011455356434453279
-0.00906896498054266
-0.003201361745595932
-0.005861000623553991
-0.010989970527589321
-0.3870490491390228
-0.005321741569787264
-0.00022718709078617394
-0.0002008474839385599
-0.0014432977186515927
-9.250213042832911e-05
-0.00022742546570952982
-0.041820526123046875
-0.0002494739310350269
-0.004807461053133011
-0.016071418300271034
-0.00013040646445006132
-0.006898514460772276
-0.0024779110681265593
-0.006072523538023233
-0.004475220572203398
-9.238292841473594e-05
-0.0002177716523874551
-4.23184028477408e-05
-0.0011268462985754013
-0.0019445574143901467
-0.027567734941840172
-0.00023958197562023997
-2.186570405960083
-0.0002420847595203668
-0.006882768590003252
-0.008700912818312645
-0.01671687699854374
-0.000271521887043491
-0.08324021100997925
-0.0002733095607254654
-9.238292841473594e-05
-0.004812918603420258
-0.00023505308490712196
-0.0003912875254172832
-0.027720684185624123
-0.0001308832288486883
-0.0064360955730080605
-0.0007923085941001773
-9.250213042832911e-05
-0.00016068121476564556
-0.000105375460407231
-0.00017867876158561558
-9.190614218823612e-05
-1.7812641859054565
-0.00558494683355093
-0.0016388569492846727
-0.00038938093348406255
-0.9853543043136597
-0.008907699957489967
-0.2668386697769165
-0.00020787939138244838
-0.0022815645206719637
-0.000418575422372669
-0.0011393491877242923
-9.250213042832911e-05
-0.0007113072206266224
-0.0014690094394609332
-0.0002674698771443218
-0.00544125959277153
-0.012851039879024029
-0.0013302058214321733
-0.030295517295598984
-0.0004065402317792177
-0.00029452278977259994
-0.025179890915751457
-9.238292841473594e-05
-0.00023457636416424066
-0.005015529692173004
-0.0003713871701620519
-0.010385989211499691
-0.013586902059614658
-0.0001961992384167388
-0.029515372589230537
-0.077023446559906
-0.04341890662908554
-0.008704457432031631
-0.0012521054595708847
-0.005230196285992861
-0.07378308475017548
-8.237022848334163e-05
-0.0031544233206659555
-9.238292841473594e-05
-0.0002348147245356813
-0.0001754606782924384
-0.023968931287527084
-0.05478706210851669
-0.01979103870689869
-8.070142939686775e-05
-9.250213042832911e-05
-0.0003692421887535602
-0.004599942360073328
-0.026800081133842468
-0.20446422696113586
-0.0001225396408699453
-0.00013267113536130637
-0.00038485272671096027
-0.8572036027908325
-0.007709155790507793
-0.14836633205413818
-0.004409352783113718
-0.0037463970948010683
-9.238292841473594e-05
-0.006904433947056532
-0.0002805792901199311
-0.00038115866482257843
-0.0009440494468435645
-0.00023326536756940186
-0.00029702542815357447
-5.090107151772827e-05
-0.004865828901529312
-3.2066785934148356e-05
-0.0008662762120366096
-0.001562089892104268
-9.238292841473594e-05
-6.949660019017756e-05
-0.010778541676700115
-6.174850568640977e-05
-0.012523462995886803
-0.018498988822102547
-0.0008014804334379733
-0.004035425838083029
-0.05968879908323288
-0.00212848000228405
-9.238292841473594e-05
-0.0005393957253545523
-0.0005746620590798557
-0.02312931977212429
-0.0014946014853194356
-0.00011205045302631333
-0.05148187279701233
-0.00023135847004596144
-0.00024244230007752776
-0.03858316317200661
-0.0002351722796447575
-0.00019441144831944257
-0.03180444613099098
-9.238292841473594e-05
-0.0009182051289826632
-0.015362387523055077
-0.05032582953572273
-0.010812859050929546
-0.010552206076681614
-0.011941610835492611
-0.0647318959236145
-0.021915988996624947
-0.006378293037414551
-0.030288925394415855
-0.00023147765023168176
-0.004534438718110323
-0.0005225961795076728
-0.0017989181214943528
-0.0004906642716377974
-0.0027844251599162817
-0.005446476396173239
-0.0010801678290590644
-0.02000325731933117
-0.001559709431603551
-0.00329927122220397
-0.0030288081616163254
-0.03999913111329079
-0.01971319690346718
-0.0053557720966637135
-0.0004599228559527546
-0.06426472961902618
-0.013464707881212234
-0.004883979447185993
-0.00023135847004596144
-0.004346091765910387
-0.0005227153305895627
-0.006415604613721371
-0.0007756323902867734
-0.00016532962035853416
-4.8397800128441304e-05
-0.00023147765023168176
-0.004346091765910387
-0.0005225961795076728
-0.006590535398572683
-0.00022301571152638644
-0.000205018965061754
-0.010778778232634068
-0.0014477020595222712
-0.0013171101454645395
-0.00012587709352374077
-0.00011443436960689723
-0.0007620529504492879
-0.00023147765023168176
-0.004346091765910387
-0.0005225961795076728
-0.0013193720951676369
-4.4225667807040736e-05
-0.006067784037441015
-0.0008810452418401837
-0.0003357561945449561
-1.5060218572616577
-0.002542122732847929
-0.0024541281163692474
-0.003306400263682008
-0.9971403479576111
-0.06274379789829254
-0.006415367592126131
-0.00023147765023168176
-0.004346091765910387
-0.0005225961795076728
-0.0018172431737184525
-9.536697689327411e-06
-1.5139465176616795e-05
-0.0002466136065777391
-0.0006394725642167032
-0.0011031500762328506
-0.0011262509506195784
-0.0010856455191969872
-0.01496881153434515
-0.007673075422644615
-0.00023147765023168176
-0.004346329253166914
-0.0005227153305895627
-0.006085912697017193
-8.272782724816352e-05
-0.00016652150952722877
-0.027866307646036148
-0.00035315475543029606
-0.0011070796754211187
-0.011677482165396214
-0.095215804874897
-0.1410011351108551
-0.019912930205464363
-0.014447838068008423
-0.004228579346090555
-0.0002315968304174021
-0.0043462105095386505
-0.0005228344234637916
-0.0064154863357543945
-0.00012373158824630082
-0.030598480254411697
-0.004068669397383928
-5.4596363042946905e-05
-0.03382141888141632
-0.00011562632425921038
-0.00022957073815632612
-0.0006735440110787749
-0.0011331572895869613
-0.000346362212439999
-0.019160542637109756
-0.006168019957840443
-0.00012289722508285195
-0.0008596062543801963
-0.00023135847004596144
-0.0043459730222821236
-0.0005225961795076728
-0.0007191693875938654
-0.001416751998476684
-0.00662499712780118
-0.00022706791060045362
-0.002220071852207184
-0.01408117264509201
-0.006682785227894783
-2.6702524337451905e-05
-0.0005408254801295698
-0.004433564376085997
-2.7656173188006505e-05
-7.748303323751315e-05
-0.0064154863357543945
-0.00023147765023168176
-0.004346091765910387
-0.0005225961795076728
-0.00156816013623029
-0.00033444532891735435
-0.032731764018535614
-0.001459605642594397
-0.00023100091493688524
-0.06486529856920242
-0.001419847016222775
-0.0005040090763941407
-0.012134539894759655
-0.007189237512648106
-0.012967778369784355
-0.009883160702884197
-0.002484808210283518
-0.00023135847004596144
-0.004346091765910387
-0.0005227153305895627
-0.005671599879860878
-0.0001308832288486883
-0.00622014794498682
-0.009675039909780025
-4.053033626405522e-05
-0.17014272511005402
-0.0022088908590376377
-0.023261403664946556
-0.001347468001767993
-0.005470188334584236
-0.008579537272453308
-0.0996452122926712
-0.007843174040317535
-0.0002315968304174021
-0.0043462105095386505
-0.0005228344234637916
-0.00158791767898947
-0.0038514973130077124
-0.006910235155373812
-0.39692002534866333
-0.0009414292871952057
-4.5060096454108134e-05
-0.01260421983897686
-6.425174069590867e-05
-0.006986592896282673
-0.007094311993569136
-0.07255266606807709
-0.025042247027158737
-0.0025221463292837143
-0.001963831717148423
-0.00023135847004596144
-0.0043459730222821236
-0.0005225961795076728
-0.006415604613721371
-2.0365583896636963
-0.00013493580627255142
-0.0018630543490871787
-0.000597179401665926
-0.009558506309986115
-0.030147934332489967
-0.0003182381624355912
-0.027972612529993057
-0.004121500998735428
-0.0012687736889347434
-0.001665039686486125
-0.006643589120358229
-0.0002315968304174021
-0.0043462105095386505
-0.0005228344234637916
-0.004865710623562336
-0.000539634027518332
-0.002782047726213932
-0.008921405300498009
-0.01299684401601553
-0.00023135847004596144
-0.004346566740423441
-0.0005227153305895627
-0.0064154863357543945
-2.13382354559144e-05
-0.00030655929003842175
-0.0003636414185166359
-6.09140915912576e-05
-0.020297672599554062
-0.0002980979916173965
-0.026572931557893753
-0.008005556650459766
-0.0017765468219295144
-0.002612750744447112
-0.0002315968304174021
-0.0037475847639143467
-0.0005229535745456815
-0.0001541257370263338
-0.00017081231635529548
-0.003071949351578951
-0.00014685506175737828
-0.0003849719068966806
-0.004340276122093201
-0.0021670209243893623
-0.017654184252023697
-0.0009027220075950027
-0.00023135847004596144
-0.004346091765910387
-0.0005227153305895627
-0.00021646064124070108
-0.0001554368354845792
-0.00023874769976828247
-0.0002460177056491375
-0.00030191155383363366
-0.00021145492792129517
-0.0012447236804291606
-0.00020919041708111763
-0.00016819016309455037
-0.05839604139328003
-0.00023135847004596144
-0.0043459730222821236
-0.0005225961795076728
-0.006415604613721371
-7.021180499577895e-05
-0.0022431467659771442
-0.0004978132783435285
-0.011154553852975368
-0.0011934071080759168
-0.0015812524361535907
-0.0023068978916853666
-0.0015436412068083882
-0.015853317454457283
-0.003760529914870858
-0.009081132709980011
-0.00023147765023168176
-0.0037475847639143467
-0.0005225961795076728
-0.003127091098576784
-0.011552814394235611
-8.11782301752828e-05
-0.04842061549425125
-0.01319839246571064
-0.011308502405881882
-1.781264305114746
-0.0007820646860636771
-0.009943122044205666
-0.01355808973312378
-0.007807571440935135
-0.00023147765023168176
-0.004534201696515083
-0.0005227153305895627
-0.00378380692563951
-0.0002686616498976946
-0.005925943609327078
-0.003911939915269613
-0.68935227394104
-0.00023135847004596144
-0.004346091765910387
-0.0005227153305895627
-9.405170567333698e-05
-0.000922969076782465
-0.01752370037138462
-0.0026812339201569557
-0.0019010106334462762
-0.01289999671280384
-0.0013397298753261566
-0.024703869596123695
-0.003566454164683819
-0.00023147765023168176
-0.004346091765910387
-0.0005225961795076728
-0.0030884684529155493
-0.012785015627741814
-0.00031025364296510816
-0.0011854295153170824
-0.001149708521552384
-0.01236817054450512
-0.00023493390472140163
-0.002995648654177785
-0.00455591781064868
-0.00015901254664640874
-0.0007960011716932058
-0.015465217642486095
-0.0019975011236965656
-0.00692325783893466
-6.139089964563027e-05
-0.008154433220624924
-0.00014137222024146467
-0.0016746795736253262
-0.0018398514948785305
-0.032130271196365356
-0.00026901919045485556
-0.3544637858867645
-0.00023147765023168176
-0.004346091765910387
-0.0005225961795076728
-0.006415604613721371
-0.010715564712882042
-0.0002203936892328784
-0.038341350853443146
-0.002293933881446719
-5.638440416078083e-05
-0.0009520289022475481
-0.0001811817055568099
-0.007135029416531324
-0.00870729424059391
-0.00030787018476985395
-0.004927633795887232
-0.0014129426563158631
-0.002824367256835103
-0.000653530121780932
-0.00023147765023168176
-0.004346091765910387
-0.0005225961795076728
-0.00016151554882526398
-0.8792113065719604
-0.003377924906089902
-0.0001820160250645131
-0.00030048147891648114
-0.0006272017490118742
-0.00933744478970766
-1.7812641859054565
-0.0013199674431234598
-0.0038117149379104376
-0.018521573394536972
-0.009040730074048042
-0.0006363751017488539
-0.0017084777355194092
-0.01146596297621727
-0.01582515612244606
-0.00035386974923312664
-0.016870440915226936
-0.024822257459163666
-0.0017457258654758334
-0.0002315968304174021
-0.0037478222511708736
-0.0005228344234637916
-0.00017307691450696439
-0.09600700438022614
-0.0001299296854995191
-0.21127453446388245
-1.4234328269958496
-9.369411418447271e-05
-0.0001811817055568099
-4.005352093372494e-05
-0.021487649530172348
-0.005865504499524832
-0.0082694748416543
-0.001061233808286488
-0.0017536989180371165
-0.00034850722295232117
-0.00023147765023168176
-0.004346091765910387
-0.0005225961795076728
-0.006415604613721371
-0.011466080322861671
-0.0008543655276298523
-0.0018747150897979736
-0.011032769456505775
-0.020336570218205452
-0.0017421558732166886
-0.00023147765023168176
-0.00374770350754261
-0.0005227153305895627
-0.001967876683920622
-0.0023700501769781113
-0.00014506718434859067
-0.007844948209822178
-0.0015538772568106651
-0.0001811817055568099
-0.0005142558366060257
-0.0004403813509270549
-0.0012447236804291606
-0.0006386386230587959
-0.00825044047087431
-0.0372895710170269
-0.00023135847004596144
-0.00010525626566959545
-0.0005225961795076728
-0.0005763299996033311
-0.045217569917440414
-0.009454004466533661
-0.011395014822483063
-3.2186455882765586e-06
-0.012439049780368805
-0.0018869704799726605
-0.0025804101023823023
-0.004060358740389347
-0.007329833693802357
-0.008930975571274757
-0.027003971859812737
-0.027663983404636383
-0.002805704018101096
-0.012971309013664722
-0.012696622870862484
-0.04023962467908859
-0.0011439929949119687
-0.00468632485717535
-0.010572848841547966
-0.0008208957733586431
-0.0002315968304174021
-0.0045343199744820595
-0.0005228344234637916
-0.0029273061081767082
-0.00258076679892838
-0.02371261641383171
-0.8981249928474426
-0.00018463814922142774
-0.02426695078611374
-0.0028630003798753023
-0.0039087338373064995
-0.0023695745039731264
-0.0011824527755379677
-0.00023147765023168176
-0.004346091765910387
-0.0005225961795076728
-0.005556732416152954
-0.0025541323702782393
-0.00027652730932459235
-0.00023529145983047783
-0.0013933007139712572
-0.002284181071445346
-0.02054797299206257
-0.009664886631071568
-0.03874842822551727
-0.00017915551143232733
-0.000849482137709856
-0.007543885614722967
-0.014976680278778076
-0.00023147765023168176
-0.00374770350754261
-0.0005227153305895627
-0.15592637658119202
-0.0025542511139065027
-0.07104107737541199
-0.0012648447882384062
-0.021514832973480225
-0.00736829312518239
-0.17764253914356232
-0.00023147765023168176
-0.004346091765910387
-0.0005225961795076728
-0.0002627027570270002
-0.00263569806702435
-0.000105375460407231
-0.00027295202016830444
-0.000263894529780373
-0.0008468617452308536
-0.00014661667228210717
-0.0043373084627091885
-0.0009652484441176057
-0.012339441105723381
-0.00023135847004596144
-0.0043459730222821236
-0.0005225961795076728
-0.009563937783241272
-0.0011131525970995426
-0.00020740265608765185
-0.0014234182890504599
-0.00026425207033753395
-7.235741941258311e-05
-0.5424697399139404
-0.0008625839254818857
-0.0028994923923164606
-0.12475009262561798
-0.00023135847004596144
-0.004346091765910387
-0.0005227153305895627
-0.004669001325964928
-0.013920126482844353
-0.03539856895804405
-0.002126219915226102
-0.0021370449103415012
-0.054800376296043396
-0.012434341013431549
-0.0035059908404946327
-0.00023135847004596144
-0.004346091765910387
-0.0005227153305895627
-0.0005428509321063757
-0.0030711174476891756
-0.0001934579631779343
-0.03355390205979347
-0.0033173311967402697
-0.0018283093813806772
-0.013323089107871056
-0.015854373574256897
-0.0011549476766958833
-1.3869407176971436
-0.0028551549185067415
-0.00023147765023168176
-0.004534438718110323
-0.0005225961795076728
-0.016142738983035088
-0.016142738983035088
-0.002197353169322014
-0.000551310193259269
-0.005927958060055971
-0.011069200001657009
-0.06176501512527466
-0.0222490131855011
-0.00015889335190877318
-0.0005085367010906339
-0.000846027978695929
-0.006977951154112816
-0.00018869050836656243
-0.00013362467871047556
-0.010636778548359871
-0.000458254711702466
-3.671578815556131e-05
-0.008863392286002636
-9.250213042832911e-05
-0.035436540842056274
-0.0001938155182870105
-0.012402198277413845
-0.00028534632292576134
-0.003013832960277796
-0.0013608013978227973
-0.008458857424557209
-0.0005477358354255557
-0.010384691879153252
-0.0003965306677855551
-2.8013790142722428e-05
-0.010363573208451271
-0.001420323271304369
-9.238292841473594e-05
-0.008602939546108246
-0.0026312987320125103
-4.756337511935271e-05
-0.00029940891545265913
-0.0009459549910388887
-0.05785929784178734
-0.0022735956590622663
-0.0001250427303602919
-0.0012443665182217956
-0.0003682888636831194
-0.003979027736932039
-0.0036157488357275724
-9.238292841473594e-05
-0.010778659954667091
-5.8053239627042785e-05
-0.004865473136305809
-0.0011851914459839463
-0.000120751719805412
-0.09767770767211914
-0.009177405387163162
-0.0360700823366642
-0.001723829424008727
-0.0031495511066168547
-0.00044860312482342124
-0.0014585343888029456
-0.0006461439770646393
-9.250213042832911e-05
-0.00021872512297704816
-7.939023635117337e-05
-0.0004758894501719624
-0.009194768033921719
-0.019014231860637665
-0.0702333077788353
-0.10093457996845245
-0.00011085849109804258
-1.680836794548668e-05
-0.0008829509024508297
-0.0004909025738015771
-0.009034233167767525
-4.708655978902243e-05
-9.238292841473594e-05
-0.0005278385942801833
-0.0011868583969771862
-0.012083779089152813
-0.010068225674331188
-0.00029952809563837945
-0.002460549585521221
-0.004976386670023203
-0.001384491566568613
-0.005146114155650139
-0.0006872437661513686
-0.0006273209000937641
-0.0011618537828326225
-0.00014327930693980306
-0.020248141139745712
-0.00760682625696063
-0.0002584123576525599
-9.238292841473594e-05
-0.017034996300935745
-0.00030286493711173534
-0.010484023950994015
-0.00023982033599168062
-9.83428253675811e-05
-0.003009792184457183
-0.0012759171659126878
-0.0061915963888168335
-0.0140723567456007
-0.8293358683586121
-0.0005063920398242772
-0.00013279033009894192
-4.8874615458771586e-05
-3.71926071238704e-05
-0.005531481467187405
-0.0011374439345672727
-9.250213042832911e-05
-0.000608854868914932
-5.4596363042946905e-05
-0.0015695883193984628
-0.014863817021250725
-0.00022146634000819176
-0.0024396199733018875
-0.0010141950333490968
-0.006737846881151199
-0.0033265987876802683
-0.00033909291960299015
-0.0010943383676931262
-0.00792005192488432
-9.238292841473594e-05
-5.5549986427649856e-05
-0.0005384425749070942
-0.003996481653302908
-0.0034274663776159286
-0.0004471732536330819
-0.000286657246761024
-0.00013350549852475524
-0.013066972605884075
-0.000359351426595822
-0.0001958416833076626
-7.462222856702283e-05
-0.0025070447009056807
-0.005290911067277193
-0.0052945869974792
-7.343022298300639e-05
-0.008529895916581154
-9.250213042832911e-05
-0.00040725519647821784
-0.0013577061472460628
-0.0008100565755739808
-0.0004764852055814117
-0.0006295844214037061
-0.0001787979417713359
-0.03181969001889229
-0.009669963270425797
-0.012459653429687023
-0.005732524674385786
-0.001179118873551488
-9.250213042832911e-05
-0.003847578540444374
-0.0013660395052284002
-0.005952251143753529
-0.0008013612823560834
-0.034486737102270126
-0.0001225396408699453
-5.6622808187967166e-05
-0.00021991695393808186
-0.00956051331013441
-0.00028355870745144784
-0.0037547105457633734
-5.006664650863968e-05
-9.238292841473594e-05
-0.00023457636416424066
-0.00023493390472140163
-0.0004916174802929163
-0.0017949911998584867
-0.0019555033650249243
-0.07284697145223618
-0.01568680629134178
-0.007563762366771698
-0.027692507952451706
-0.007184384856373072
-0.0008683010237291455
-1.3947389561508317e-05
-0.012127237394452095
-0.01997930370271206
-0.00023779425828251988
-0.0003296785580459982
-0.00453467620536685
-0.0004231034545227885
-0.0011926926672458649
-0.0007408496458083391
-0.003885103389620781
-0.004210773389786482
-0.0002628219372127205
-0.015863876789808273
-0.012024417519569397
-0.04313796013593674
-1.1920928244535389e-07
-0.00011693747364915907
-0.00029476112104021013
-0.008519021794199944
-0.00018285033002030104
-0.0008580578723922372
-9.250213042832911e-05
-0.00011765264935093
-0.0002224197960458696
-0.0033283811062574387
-0.03204980492591858
-0.005543217994272709
-0.0015172171406447887
-0.00017450717859901488
-0.0006544832140207291
-0.001321038813330233
-0.006054039113223553
-0.002629753202199936
-0.0002431573811918497
-0.006413828115910292
-0.01449060719460249
-0.00014041867689229548
-5.6503606174374e-05
-0.0003326578007545322
-7.116541382856667e-05
-6.580135959666222e-05
-0.25977715849876404
-0.0011692361440509558
-0.2165752500295639
-0.0009351171320304275
-0.0004247716860845685
-0.002498364308848977
-5.757642793469131e-05
-0.02411428652703762
-0.003039028961211443
-9.63164638960734e-05
-0.01750999502837658
-0.004219795111566782
-0.0007061848300509155
-0.008891749195754528
-0.0030062266159802675
-9.238292841473594e-05
-0.00018010901112575084
-0.043135106563568115
-0.00043585337698459625
-0.009189099073410034
-0.017211008816957474
-0.0001951265730895102
-0.008826407603919506
-0.003267903346568346
-0.0006244616815820336
-0.0010826685465872288
-0.00017677174764685333
-0.0001760566228767857
-0.002480051713064313
-0.003969766199588776
-0.0031648806761950254
-0.020307250320911407
-0.043138302862644196
-0.00223910273052752
-0.00030191155383363366
-0.01024558674544096
-0.00018189683032687753
-9.238292841473594e-05
-0.0007154765771701932
-0.0002540027489885688
-0.0007462101057171822
-0.0002536452084314078
-0.26604631543159485
-0.011186972260475159
-0.011727085337042809
-0.010636778548359871
-0.027486437931656837
-0.004717173986136913
-0.2550305128097534
-0.009871003217995167
-0.6024763584136963
-9.250213042832911e-05
-0.00022659118985757232
-0.5655742883682251
-0.0014291321858763695
-0.5340567827224731
-0.970443844795227
-0.1467597335577011
-0.001141730579547584
-0.000120751719805412
-0.00907179992645979
-0.044516827911138535
-0.04313807561993599
-0.0038044708780944347
-0.1995786726474762
-5.781483559985645e-05
-0.00019298121333122253
-0.00023493390472140163
-0.00014780859055463225
-0.009310989640653133
-0.00018618757894728333
-9.238292841473594e-05
-0.00016962042718660086
-0.012153500691056252
-0.008779142051935196
-0.04648980125784874
-0.0034710655454546213
-3.9457496313843876e-05
-0.0003978414461016655
-0.00012396997772157192
-9.238292841473594e-05
-0.0014337747124955058
-0.0005890780012123287
-0.0001267114421352744
-0.7813625931739807
-0.1885042041540146
-0.00021455370006151497
-0.00027211778797209263
-0.012357691302895546
-7.974783511599526e-05
-0.00010168035078095272
-0.0003985564399044961
-0.08267735689878464
-0.0005648924270644784
-0.10027290135622025
-9.238292841473594e-05
-0.0222490131855011
-0.00025507534155622125
-0.01368168368935585
-0.011116121895611286
-2.4318398573086597e-05
-0.0015267394483089447
-0.0006379238329827785
-0.0006214833119884133
-0.000687958556227386
-0.006800128147006035
-9.238292841473594e-05
-0.0004213160718791187
-0.003019181312993169
-0.0017573880031704903
-0.012899408116936684
-0.0003449321957305074
-0.006068021059036255
-0.00022313489171210676
-0.0020626953337341547
-0.0003805628512054682
-9.238292841473594e-05
-8.463501580990851e-05
-0.0021997320000082254
-0.0030695723835378885
-0.0002631794777698815
-0.005175288766622543
-0.0008557948167435825
-0.018338417634367943
-0.00039867559098638594
-0.0002889215829782188
-0.0013652060879394412
-0.00022313489171210676
-0.003318400587886572
-0.000503770774230361
-0.010411354713141918
-0.0050485036335885525
-0.006087926682084799
-9.250213042832911e-05
-0.0004011779965367168
-0.0006792622152715921
-0.0032583975698798895
-0.00012063252506777644
-0.0069160363636910915
-0.0031516901217401028
-0.0039006590377539396
-0.0005402297829277813
-0.008481789380311966
-0.0018466339679434896
-0.06373951584100723
-0.0010421803453937173
-0.0004615910293068737
-0.0003601856005843729
-0.04259799048304558
-9.238292841473594e-05
-0.00022968991834204644
-1.548842430114746
-0.020772524178028107
-0.002147988649085164
-0.0002479245886206627
-3.45700973412022e-05
-0.0011737607419490814
-0.0005180685548111796
-0.010796467773616314
-0.0028502813074737787
-0.01547132059931755
-0.0024307011626660824
-0.002802256727591157
-0.0004741021548397839
-9.238292841473594e-05
-0.0007990981102921069
-0.007660772651433945
-5.8887653722194955e-05
-0.0015911312075331807
-0.003118891501799226
-0.035191088914871216
-0.001795467222109437
-0.00019786784832831472
-0.0008236353169195354
-0.0017948722233995795
-6.615896563744172e-05
-0.0005675135762430727
-0.0012550819665193558
-0.0007098776986822486
-6.711257447022945e-05
-0.0014700806932523847
-9.250213042832911e-05
-0.00026592056383378804
-7.056941103655845e-05
-0.0001209901092806831
-0.00015341058315243572
-0.007192669901996851
-0.003884628415107727
-0.018505074083805084
-3.790783375734463e-05
-0.0025079960469156504
-0.0009819215629249811
-0.000969535845797509
-0.07140098512172699
-0.00027581225731410086
-0.040064070373773575
-0.009185437113046646
-0.004865828901529312
-9.238292841473594e-05
-0.0010069306008517742
-1.0490362910786644e-05
-0.02131297066807747
-3.45700973412022e-05
-0.048996955156326294
-0.04451671242713928
-0.006701494567096233
-0.024464262649416924
-0.08077544718980789
-0.0876191183924675
-0.00024184639914892614
-0.00541126262396574
-0.00012468514614738524
-0.00019929806876461953
-0.0038121899124234915
-0.0010006187949329615
-0.0054330783896148205
-0.004595077130943537
-0.08077544718980789
-0.001905888901092112
-0.039198096841573715
-9.238292841473594e-05
-0.0002917817619163543
-0.00035982808913104236
-0.00306303589604795
-0.003325529396533966
-0.0018922057934105396
-0.0002616301644593477
-0.0014094904763624072
-0.013230038806796074
-0.007651781663298607
-0.0008946230518631637
-0.002443901030346751
-9.250213042832911e-05
-0.00028701478731818497
-0.004009186290204525
-0.002369217574596405
-0.005874629598110914
-0.0017133570509031415
-0.013836067169904709
-0.000532842765096575
-0.012155856005847454
-0.0033356286585330963
-0.00033408781746402383
-0.00040642108069732785
-0.0022345830220729113
-0.00016723664884921163
-0.003649837803095579
-0.00025650550378486514
-0.0005222387262620032
-0.004453977569937706
-0.016981203109025955
-0.000598251644987613
-2.825220326485578e-05
-9.250213042832911e-05
-0.00021264675888232887
-0.0001209901092806831
-0.0001209901092806831
-0.0034242586698383093
-0.07574307918548584
-0.043951019644737244
-4.792098479811102e-05
-0.0009420248097740114
-8.856858039507642e-05
-9.250213042832911e-05
-0.0003297977091278881
-0.0007964776013977826
-0.001453415839932859
-0.006354247219860554
-0.003641404677182436
-0.004095738288015127
-0.030028093606233597
-0.002506093354895711
-0.00040820849244482815
-3.135155202471651e-05
-0.008377528749406338
-9.238292841473594e-05
-0.0001515035255579278
-0.008619485422968864
-0.0003034608089365065
-0.03233781084418297
-0.0071388171054422855
-9.238292841473594e-05
-0.0003296785580459982
-0.0010021670022979379
-0.004734496586024761
-0.000120751719805412
-0.004680036101490259
-0.0007151191821321845
-0.15459758043289185
-1.2286220788955688
-0.028142886236310005
-0.0002277830062666908
-0.00010883215873036534
-0.0002485204895492643
-0.00978813599795103
-0.010974760167300701
-0.015090352855622768
-9.250213042832911e-05
-0.0001045410826918669
-0.0031040364410728216
-0.0014153235824778676
-0.006918640807271004
-0.00013731967192143202
-0.0002012050390476361
-0.0002308817347511649
-0.0025542511139065027
-5.411955135059543e-05
-0.00046588058467023075
-0.000120751719805412
-0.017068514600396156
-0.000120751719805412
-7.211902266135439e-05
-1.2516897186287679e-05
-0.00298542738892138
-0.0006990373367443681
-0.00023135847004596144
-0.0043459730222821236
-0.0005225961795076728
-0.0013404440833255649
-0.01900978572666645
-0.00986899621784687
-0.009178821928799152
-0.003720031352713704
-0.010287119075655937
-0.06459221243858337
-0.004029964096844196
-0.0019306369358673692
-0.019156916067004204
-0.0002315968304174021
-0.0043464479967951775
-0.0005229535745456815
-4.414525032043457
-0.002451036125421524
-0.00020251607929822057
-0.003128279699012637
-0.050473980605602264
-0.0029951734468340874
-0.023943208158016205
-0.00023147765023168176
-0.004346329253166914
-0.0005227153305895627
-0.00013410145766101778
-0.00023648326168768108
-0.0010937429033219814
-0.0011990031925961375
-0.011904623359441757
-0.003314598463475704
-0.1337500363588333
-0.004144413396716118
-0.0013896104646846652
-0.0011653067776933312
-0.0002307625545654446
-0.0014427024871110916
-0.01369661744683981
-0.00023135847004596144
-0.004534557461738586
-0.0005225961795076728
-3.990522861480713
-0.00023588736075907946
-1.6212332411669195e-05
-9.30981186684221e-05
-8.701899787411094e-05
-0.00013302871957421303
-0.0004138090298511088
-9.238292841473594e-05
-0.00023135847004596144
-0.0043459730222821236
-0.0005225961795076728
-0.001968114636838436
-0.0001255195093108341
-5.07818695041351e-05
-0.0176544189453125
-0.00018749863374978304
-0.0005017452058382332
-0.0012975853169336915
-0.00016437610611319542
-4.0411134250462055e-05
-0.0011026738211512566
-0.00023147765023168176
-0.004346329253166914
-0.0005227153305895627
-8.618460560683161e-05
-0.009389407932758331
-0.004693562630563974
-4.577531944960356e-05
-0.00158946483861655
-12.8888521194458
-0.030543560162186623
-0.0002315968304174021
-0.0043462105095386505
-0.0005228344234637916
-0.0001137191939051263
-8.284702198579907e-05
-0.017280960455536842
-5.447716102935374e-05
-0.010922526009380817
-0.025673113763332367
-0.000876757490914315
-0.007370778359472752
-0.00023135847004596144
-0.0037475847639143467
-0.0005225961795076728
-0.0017920163227245212
-0.04846672713756561
-0.0003195490571670234
-0.03193192556500435
-0.0034457615111023188
-0.0029290891252458096
-9.238292841473594e-05
-0.0005963454605080187
-0.00023135847004596144
-0.004346091765910387
-0.0005227153305895627
-0.0013146100100129843
-0.001905769924633205
-0.00023064337437972426
-0.0002603192115202546
-0.00010597144137136638
-0.0003936707798857242
-0.00027807659353129566
-0.00018535325943958014
-0.0005339150666259229
-0.0013705631718039513
-0.017736518755555153
-0.0012394849909469485
-0.0016329062636941671
-0.031048474833369255
-0.023119185119867325
-0.0064154863357543945
-0.00023147765023168176
-0.0037475847639143467
-0.0005225961795076728
-0.00015364897262770683
-0.010778659954667091
-0.00018225439998786896
-0.0001896439935080707
-9.238292841473594e-05
-0.0002623452164698392
-0.0012740122620016336
-0.017723284661769867
-0.00019739109848160297
-0.12726041674613953
-0.0011818574275821447
-0.00023135847004596144
-0.0043459730222821236
-0.0005225961795076728
-0.004112596623599529
-0.00024423000286333263
-0.0018742390675470233
-0.0014181805308908224
-0.029084255918860435
-0.002630823291838169
-0.00023147765023168176
-0.0037475847639143467
-0.0005225961795076728
-0.004865473136305809
-0.14836622774600983
-0.20242302119731903
-0.004390719346702099
-0.0033803009428083897
-0.007844829931855202
-0.8293451070785522
-0.0961863324046135
-0.012214738875627518
-0.0008232779800891876
-0.00023147765023168176
-0.004346091765910387
-0.0005225961795076728
-0.006415604613721371
-0.0007273888913914561
-0.00015007323236204684
-0.00015817821258679032
-8.463501580990851e-05
-0.0008946230518631637
-0.056123036891222
-0.009334255941212177
-0.0006036128615960479
-0.00023135847004596144
-0.004534557461738586
-0.0005225961795076728
-0.002843267982825637
-0.0021836739033460617
-0.01872517168521881
-0.008842123672366142
-0.006795510184019804
-0.029183946549892426
-0.006765909492969513
-0.016280557960271835
-0.0006098079611547291
-0.006662535946816206
-0.0002315968304174021
-0.0037478222511708736
-0.0005228344234637916
-0.0030208451207727194
-0.0004611144249793142
-0.0195431187748909
-0.02144366130232811
-0.2878255844116211
-0.09738077968358994
-0.00023147765023168176
-0.004346091765910387
-0.0005225961795076728
-0.0029572586063295603
-0.0006741396500729024
-0.004401163663715124
-0.0001472126314183697
-0.00033063191222026944
-0.0005127069307491183
-0.01839342713356018
-0.0002315968304174021
-0.0043462105095386505
-0.0005228344234637916
-0.0007183355046436191
-0.0010063351364806294
-7.962863310240209e-05
-0.000196556793525815
-0.01460198499262333
-0.0008099374244920909
-0.00035470392322167754
-0.0004505096294451505
-9.440929716220126e-05
-0.0006642519147135317
-0.0006431656656786799
-0.005841327365487814
-0.039854805916547775
-0.006415604613721371
-0.00023135847004596144
-0.004346566740423441
-0.0005227153305895627
-0.00013839241000823677
-0.00012540031457319856
-0.0030831205658614635
-0.829345166683197
-0.0002516191452741623
-0.053451333194971085
-0.00023147765023168176
-0.004346329253166914
-0.0005227153305895627
-1.9126378297805786
-9.274052717955783e-05
-5.674201020156033e-05
-0.2671480178833008
-6.246371776796877e-05
-0.004409590270370245
-0.00023135847004596144
-0.004346566740423441
-0.0005227153305895627
-0.0015711355954408646
-0.00442656222730875
-0.00023934361524879932
-0.000303818320389837
-0.0003070359816774726
-0.006886438932269812
-0.00027104519540444016
-0.0001072826053132303
-0.0007226239540614188
-9.238292841473594e-05
-0.003325291909277439
-0.00021920185827184469
-0.00022968991834204644
-0.012151969596743584
-0.02786421962082386
-0.017321733757853508
-0.0002315968304174021
-0.0043464479967951775
-0.0005229535745456815
-0.0013981815427541733
-0.0005938435206189752
-0.0020650746300816536
-0.010724763385951519
-0.001022888463921845
-0.005323164165019989
-0.0002631794777698815
-0.019244857132434845
-0.000120751719805412
-0.00022027450904715806
-0.00023135847004596144
-0.004346091765910387
-0.0005227153305895627
-0.0048655918799340725
-0.0001805857609724626
-0.0004549183649942279
-0.04526758939027786
-0.002326997695490718
-0.00045122456504032016
-0.004872946999967098
-0.002195450011640787
-0.0005641775787808001
-0.004554612562060356
-0.0002315968304174021
-0.0043462105095386505
-0.0005228344234637916
-0.5218335390090942
-0.006483117118477821
-0.0015047191409394145
-0.00012408917245920748
-0.0025084717199206352
-0.0001811817055568099
-0.011319699697196484
-7.73638384998776e-05
-0.0005644158809445798
-0.00018714107864070684
-0.004022127948701382
-0.004107847809791565
-0.0018724543042480946
-0.0008163695456460118
-0.0284197349101305
-0.006222398951649666
-0.00023147765023168176
-0.004346329253166914
-0.0005227153305895627
-0.005296365823596716
-0.010487327352166176
-9.238292841473594e-05
-9.238292841473594e-05
-9.238292841473594e-05
-9.238292841473594e-05
-0.024949582293629646
-0.002351853996515274
-0.0013734203530475497
-0.0003738896339200437
-0.0002315968304174021
-0.0043462105095386505
-0.0005228344234637916
-0.0036927147302776575
-0.005402132868766785
-0.0002531684876885265
-0.0001656871900195256
-0.0008605591137893498
-0.007330899126827717
-0.03833721950650215
-0.00014506718434859067
-0.0005315321614034474
-0.000998594332486391
-4.60137271147687e-05
-0.0033457274548709393
-0.0013859200989827514
-0.007466742303222418
-0.00020454221521504223
-0.007285100873559713
-0.00023147765023168176
-0.004346091765910387
-0.0005225961795076728
-0.2114000767469406
-0.0019300420535728335
-0.00018499570433050394
-0.00010942813969450071
-6.651657167822123e-05
-0.000460876093711704
-0.00013028726971242577
-0.00029774048016406596
-5.6265202147187665e-05
-0.02736082673072815
-0.02199435792863369
-0.005199244245886803
-0.0010679024271667004
-0.005837890785187483
-0.00023147765023168176
-0.004346329253166914
-0.0005227153305895627
-0.0019327785121276975
-0.0003793711948674172
-0.0004278697888366878
-0.0014763895887881517
-0.0005712069687433541
-9.250213042832911e-05
-6.580135959666222e-05
-0.02531437762081623
-0.8293451070785522
-0.00022098960471339524
-0.6829429268836975
-0.00023135847004596144
-0.004346566740423441
-0.0005227153305895627
-0.0005277194431982934
-0.007612268440425396
-0.017942851409316063
-6.282132380874828e-05
-0.0031370734795928
-0.013675686903297901
-0.00021920185827184469
-0.0003491030656732619
-0.004563275258988142
-0.01757664605975151
-0.00041571559268049896
-0.009207407012581825
-0.14801540970802307
-0.1489270031452179
-0.00870729424059391
-0.0002315968304174021
-0.004346566740423441
-0.0005227153305895627
-6.186770770000294e-05
-0.001540903584100306
-0.0013235389487817883
-0.00011288482346571982
-0.0006038511055521667
-0.0017623859457671642
-0.00023135847004596144
-0.004534557461738586
-0.0005227153305895627
-0.006415604613721371
-0.007413140963762999
-0.0016432604752480984
-0.0006825978052802384
-0.0009117737063206732
-0.0034955372102558613
-0.00012754580529872328
-0.008382021449506283
-0.0035058720968663692
-0.00494803674519062
-0.0004502712981775403
-0.0002315968304174021
-0.0037475847639143467
-0.0005229535745456815
-0.00045813556062057614
-9.202533692587167e-05
-9.119095193454996e-05
-0.01172237191349268
-0.003822521772235632
-0.012670373544096947
-0.051172710955142975
-0.014952488243579865
-0.006975938566029072
-0.031009182333946228
-0.003118653781712055
-0.0002315968304174021
-0.0043464479967951775
-0.0005229535745456815
-0.006415367592126131
-0.0001954841281985864
-0.00015436411194968969
-0.0007351318490691483
-0.0031197231728583574
-0.0006403064471669495
-0.00035041390219703317
-0.025270093232393265
-0.002336869016289711
-0.00023147765023168176
-0.00374770350754261
-0.0005227153305895627
-0.002717019058763981
-0.004033288452774286
-0.00012766500003635883
-0.007366518024355173
-0.036879029124975204
-0.0019470559200271964
-0.0008378094644285738
-0.001703955582343042
-0.0005266471416689456
-0.08663050830364227
-0.01909797452390194
-0.0033371730241924524
-0.00023147765023168176
-0.004346091765910387
-0.0005225961795076728
-0.0006656814948655665
-3.7431014789035544e-05
-0.017429400235414505
-9.250213042832911e-05
-0.0015717307105660439
-0.00023135847004596144
-0.0043459730222821236
-0.0005225961795076728
-0.002139661693945527
-6.758938252460212e-05
-0.0004752936656586826
-0.00010942813969450071
-0.004554850049316883
-0.00030071981018409133
-4.672895011026412e-05
-0.019168846309185028
-0.005093099549412727
-0.007959788665175438
-9.250213042832911e-05
-6.401333666872233e-05
-0.00015877417172305286
-0.010262931697070599
-0.02879461646080017
-0.04313796013593674
-0.0011870964663103223
-0.0029082882683724165
-0.2597769796848297
-5.8053239627042785e-05
-0.00019047829846385866
-0.0003159739135298878
-0.00034028460504487157
-0.010377731174230576
-0.022311152890324593
-0.003152165561914444
-0.009970268234610558
-0.0034911418333649635
-0.0025070447009056807
-0.0032406931277364492
-0.0014324652729555964
-0.0001551984460093081
-0.005783016327768564
-0.06989521533250809
-9.238292841473594e-05
-0.1737341433763504
-0.0024732735473662615
-0.0035622967407107353
-0.008916915394365788
-0.010487798601388931
-0.010690325871109962
-0.002147869672626257
-0.009184610098600388
-5.054346183896996e-05
-0.0001864259538706392
-7.998623186722398e-05
-0.0001817776501411572
-3.946718215942383
-0.0003693613689392805
-8.380061626667157e-05
-0.00013350549852475524
-0.020201412960886955
-5.960462772236497e-07
-0.01001051440834999
-0.07953280210494995
-0.00019643761334009469
-0.0222491305321455
-0.000285584683297202
-0.002365649910643697
-0.0021438251715153456
-2.7418097943154862e-06
-0.0005380851216614246
-0.0001740304142003879
-0.0004988856380805373
-4.172238186583854e-05
-2.098061486321967e-05
-0.0011591151123866439
-0.008943145163357258
-0.00012134769349358976
-0.00391182117164135
-0.00048780461656861007
-9.238292841473594e-05
-0.00028379703871905804
-0.00034791138023138046
-0.0005090133054181933
-0.02292288839817047
-0.00048780461656861007
-0.07422512769699097
-0.00034648136352188885
-0.0008792586741037667
-0.0027916766703128815
-0.013072502799332142
-0.020916711539030075
-0.0004418112221173942
-0.0011622109450399876
-0.0034149920102208853
-0.020019616931676865
-0.00983582716435194
-0.12140160799026489
-0.0003808011533692479
-0.004294815473258495
-9.238292841473594e-05
-0.0026852760929614305
-0.00023493390472140163
-0.0002623452164698392
-0.00015341058315243572
-0.00014172980445437133
-0.008623267523944378
-0.0017951102927327156
-0.00012063252506777644
-0.005214542616158724
-0.008837987668812275
-0.01985590159893036
-0.007014766801148653
-0.00021050144277978688
-0.020742634311318398
-0.14503301680088043
-0.004865947645157576
-9.238292841473594e-05
-0.0002441108226776123
-0.0029851896688342094
-0.011264300905168056
-6.09140915912576e-05
-0.002257063053548336
-0.0019593106117099524
-0.001342587056569755
-0.15912003815174103
-0.008666994981467724
-0.0001551984460093081
-2.8490614567999728e-05
-0.12450361996889114
-0.12450393289327621
-0.0006903410539962351
-0.002126338891685009
-0.22209873795509338
-0.000927256653085351
-0.0028003547340631485
-0.0002944036095868796
-0.0044505358673632145
-0.005451930221170187
-0.0005658455775119364
-0.00039307496626861393
-9.238292841473594e-05
-0.04840812087059021
-6.09140915912576e-05
-0.002034024568274617
-0.0009646529797464609
-0.009217211045324802
-0.0004412154376041144
-0.0003121604095213115
-0.0004758894501719624
-0.011063659563660622
-0.1945757269859314
-0.0021027852781116962
-0.039801422506570816
-0.0003800861886702478
-0.0007738456479273736
-0.015909988433122635
-0.00022825974156148732
-9.238292841473594e-05
-0.00029213930247351527
-0.0001954841281985864
-0.0241754949092865
-0.0001209901092806831
-0.0023073735646903515
-0.0063036661595106125
-0.011267601512372494
-0.5692580938339233
-0.0065969303250312805
-0.00012385078298393637
-0.0001357701694360003
-0.0017813066951930523
-0.0500832125544548
-0.000786591088399291
-0.010001780465245247
-0.023351311683654785
-0.010190953500568867
-0.0002083561266772449
-0.016716524958610535
-3.4450891689630225e-05
-0.0001289761275984347
-9.250213042832911e-05
-0.0027751526795327663
-5.471556869451888e-05
-1.0490362910786644e-05
-0.00016926287207752466
-0.00033825874561443925
-0.012268790043890476
-0.0027270056307315826
-0.002736991737037897
-0.00043406602344475687
-0.0049335649237036705
-0.006782249081879854
-9.238292841473594e-05
-0.0005355831235647202
-0.07530944049358368
-0.0012966329231858253
-0.005322927143424749
-0.004310721065849066
-0.0043077534064650536
-0.00024339574156329036
-0.002618220169097185
-9.238292841473594e-05
-0.00011765264935093
-0.07040320336818695
-0.00013255194062367082
-0.0010433712741360068
-0.00023493390472140163
-0.0001559135998832062
-0.0001397035230183974
-0.0002315968304174021
-0.00013124081306159496
-0.00023922442051116377
-5.209310256759636e-05
-0.001434488920494914
-0.00010108436981681734
-0.007588488981127739
-0.017203040421009064
-0.004848271608352661
-0.06627847999334335
-0.00022682955022901297
-0.00034421717282384634
-0.02346799708902836
-9.238292841473594e-05
-0.017460912466049194
-0.00016866691294126213
-0.0018071286613121629
-0.001510551548562944
-0.022416766732931137
-0.0055086007341742516
-0.0074411844834685326
-0.001938013592734933
-0.026340970769524574
-0.0024931321386247873
-0.00018702188390307128
-0.0007107115816324949
-0.0003363520372658968
-0.00011872540198964998
-9.250213042832911e-05
-7.581423415103927e-05
-4.7444173105759546e-05
-0.0005688241217285395
-0.002802732167765498
-0.08112593740224838
-0.8293358087539673
-0.005321622826159
-0.0034646503627300262
-0.07422523945569992
-0.0002033503697020933
-0.0002348147245356813
-0.0017947532469406724
-9.250213042832911e-05
-0.014529144391417503
-0.8293453454971313
-0.0016470688860863447
-0.00020489977032411844
-0.0002022777043748647
-0.026567012071609497
-0.00017975145601667464
-0.00030489088385365903
-0.07422523945569992
-0.003108195960521698
-0.0007521660882048309
-0.007707144599407911
-0.0006370898918248713
-0.00010799778101500124
-0.1338302344083786
-0.01232919655740261
-0.004353688098490238
-9.30981186684221e-05
-0.045784369111061096
-0.004955984186381102
-7.545663538621739e-05
-0.006272510625422001
-9.250213042832911e-05
-0.02709714137017727
-0.00021598390594590455
-0.0002470903273206204
-0.0001264730526600033
-0.004698546137660742
-0.04313796013593674
-0.00014244495832826942
-0.003534025512635708
-9.238292841473594e-05
-0.02063906192779541
-6.174850568640977e-05
-0.007753751706331968
-0.0001289761275984347
-0.00010871296399272978
-0.022682154551148415
-0.3399888277053833
-0.0030954801477491856
-0.00976558867841959
-0.007011096924543381
-0.0004396664153318852
-0.008559326641261578
-0.0005536930402740836
-9.238292841473594e-05
-0.0003847335756290704
-0.000327652640407905
-0.007044833619147539
-0.001894704531878233
-0.01092853955924511
-0.00014602071314584464
-0.06627847999334335
-0.024414241313934326
-1.3291276693344116
-0.02280043251812458
-0.035460472106933594
-0.01157897524535656
-0.0007862337515689433
-0.0006810491322539747
-0.0005566716426983476
-0.39692002534866333
-0.010778659954667091
-0.011202886700630188
-0.010644916445016861
-0.010383511893451214
-9.238292841473594e-05
-0.0001461399078834802
-0.16308139264583588
-0.001496029901318252
-9.238292841473594e-05
-0.005727072712033987
-0.0002964295563288033
-5.23315102327615e-05
-0.0071441433392465115
-0.06257214397192001
-0.0068268864415585995
-0.02718786709010601
-0.0022872735280543566
-0.0015066235791891813
-9.238292841473594e-05
-0.0006033745594322681
-0.0027022771537303925
-0.017639778554439545
-0.0004148814477957785
-0.013608776032924652
-6.937739817658439e-05
-0.0017741668270900846
-0.001896727248094976
-0.0041007245890796185
-0.013392254710197449
-0.00037377048283815384
-0.0021947361528873444
-0.0013893722789362073
-0.006416433956474066
-0.001990600721910596
-0.009121769107878208
-0.0002656822034623474
-0.0015670888824388385
-0.00015233787416946143
-0.016971709206700325
-0.022856825962662697
-0.04313818737864494
-0.004865710623562336
-9.238292841473594e-05
-0.00011038171214750037
-8.785339014139026e-05
-0.01949472166597843
-2.52720492426306e-05
-0.00033790123416110873
-3.790783375734463e-05
-0.004004080779850483
-0.018919719383120537
-0.00018785618885885924
-0.007590027060359716
-0.005002482328563929
-0.024167116731405258
-0.012263844721019268
-0.0488230437040329
-0.0008239926537498832
-0.00032205163734033704
-0.00018189683032687753
-7.343022298300639e-05
-0.00024375328212045133
-0.0006480501033365726
-0.0002864189154934138
-9.238292841473594e-05
-0.012314713560044765
-0.017248855903744698
-6.01988795096986e-05
-0.007164974696934223
-9.83428253675811e-05
-0.06714774668216705
-0.006340980529785156
-0.00016807096835691482
-0.003336460329592228
-0.0024852838832885027
-0.0002637753786984831
-0.0009916870621964335
-0.8293356895446777
-9.238292841473594e-05
-0.000448841426987201
-0.026081547141075134
-0.01387651078402996
-2.1899750232696533
-0.36452874541282654
-0.002639264799654484
-9.250213042832911e-05
-0.00010930894495686516
-0.020019616931676865
-0.005837416276335716
-0.00028308198670856655
-0.00039188333903439343
-0.006708954926580191
-0.00029094755882397294
-0.012459653429687023
-0.015386921353638172
-0.0876191183924675
-0.0019440815085545182
-0.00789485964924097
-0.004890860058367252
-0.08761867880821228
-0.00025233422638848424
-0.004213384818285704
-0.007748901844024658
-0.39692002534866333
-0.0002348147245356813
-0.0003234816831536591
-2.0861407392658293e-05
-0.00016211149340961128
-0.012541357427835464
-0.0010344398906454444
-9.238292841473594e-05
-0.0002348147245356813
-0.00022671037004329264
-0.008366771042346954
-0.03073004260659218
-0.0004462200158741325
-0.004144532140344381
-0.00039867559098638594
-0.00023457636416424066
-0.5205553770065308
-0.002446160651743412
-0.001212695729918778
-0.027133921161293983
-0.0011860248632729053
-0.000569300667848438
-0.005100690294057131
-0.018521105870604515
-0.013111447915434837
-0.008285789750516415
-0.0028924793004989624
-0.0027985714841634035
-0.003577738767489791
-0.006864536087960005
-0.004865828901529312
-9.238292841473594e-05
-0.00013386306818574667
-0.04341856390237808
-0.008279642090201378
-0.0026423560921102762
-0.001121845212765038
-0.0037707434967160225
-0.000567275274079293
-0.026279546320438385
-9.250213042832911e-05
-0.005254150368273258
-0.27020835876464844
-0.050470463931560516
-0.010301277972757816
-0.006270614918321371
-0.00224576354958117
-0.000120751719805412
-0.00014006110723130405
-0.007869075983762741
-0.0002944036095868796
-0.0005983707960695028
-9.238292841473594e-05
-0.0002714027068577707
-0.00027724236133508384
-0.004226561635732651
-0.011082404293119907
-0.07520252466201782
-2.5003275871276855
-0.6960071921348572
-0.0010314626852050424
-0.09898970276117325
-0.009211422875523567
-0.0027901313733309507
-0.0018892312655225396
-0.04100847616791725
-0.016357257962226868
-0.06128726154565811
-0.0004451475979294628
-0.00018618757894728333
-9.238292841473594e-05
-0.0003524397616274655
-0.006565428804606199
-7.509902934543788e-05
-3.93382906622719e-05
-0.015058530494570732
-0.0002420847595203668
-0.006125723011791706
-0.00036173476837575436
-0.00010227633902104571
-0.00040082051418721676
-0.00016902448260225356
-0.023434342816472054
-3.576278118089249e-07
-3.397406908334233e-05
-0.006941607687622309
-0.00011395759065635502
-5.6622808187967166e-05
-0.0013222293928265572
-2.992108420585282e-05
-0.004939733073115349
-0.0006449526408687234
-4.2199197196168825e-05
-0.0006537684239447117
-0.0003494605771265924
-0.04095286875963211
-0.0004612335760612041
-6.8662193370983e-05
-0.07422523945569992
-0.01611963100731373
-0.0009869233472272754
-0.0011182728921994567
-0.044934846460819244
-0.00047052756417542696
-0.00249396450817585
-0.0857599675655365
-0.00028046013903804123
-4.528773307800293
-9.238292841473594e-05
-0.00023183519078884274
-1.3189654350280762
-0.0007154765771701932
-0.00013422065239865333
-0.0001787979417713359
-8.165503095369786e-05
-0.000120751719805412
-0.000120751719805412
-0.026782091706991196
-0.0010356307029724121
-0.025741545483469963
-0.008134331554174423
-0.000824230897706002
-0.00036614391137845814
-0.00015627116954419762
-0.0009459549910388887
-9.238292841473594e-05
-0.0003209791029803455
-0.003732383018359542
-0.00044848397374153137
-0.0015460216673091054
-0.0037057793233543634
-0.03677240014076233
-0.0006679449579678476
-0.00012516192509792745
-0.0019030333496630192
-0.018197137862443924
-9.238292841473594e-05
-0.002124673454090953
-0.025311704725027084
-0.0170427318662405
-0.049270812422037125
-0.07574307918548584
-0.01645740680396557
-0.009633481502532959
-0.00023135847004596144
-0.0043459730222821236
-0.0005225961795076728
-0.004865947645157576
-0.16606685519218445
-0.00016449528629891574
-0.8293449878692627
-0.00027581225731410086
-0.004525301046669483
-0.002466019708663225
-0.00036423723213374615
-0.0023353227879852057
-0.00023147765023168176
-0.004346091765910387
-0.0005225961795076728
-0.003138143103569746
-0.000734178873244673
-0.0029017506167292595
-0.00026294111739844084
-0.00022480344341602176
-0.0023613683879375458
-0.0021583375055342913
-0.04125044494867325
-0.01549115777015686
-9.536738616588991e-07
-0.003309370717033744
-0.0025455711875110865
-0.006378293037414551
-0.00023719835735391825
-0.0006836699321866035
-0.001679201959632337
-0.015774700790643692
-0.0036157488357275724
-0.04793337360024452
-0.00023147765023168176
-0.004346329253166914
-0.0005227153305895627
-0.0015140033792704344
-0.0005147324409335852
-0.0007725353352725506
-0.00014602071314584464
-0.016534915193915367
-0.0005712069687433541
-0.0006810491322539747
-0.00851866789162159
-0.002242314163595438
-0.00023147765023168176
-0.004346091765910387
-0.0005225961795076728
-0.0007980260998010635
-7.64102369430475e-05
-0.0004891153075732291
-0.0003070359816774726
-0.002696214010939002
-9.250213042832911e-05
-0.0003610197745729238
-0.005421459209173918
-0.00023147765023168176
-0.004534201696515083
-0.0005227153305895627
-0.006415604613721371
-4.827859811484814e-05
-2.52720492426306e-05
-0.0012877037515863776
-0.0010676642414182425
-0.0006921279709786177
-0.0019346822518855333
-0.6024763584136963
-0.0002315968304174021
-0.0043464479967951775
-0.0005229535745456815
-0.1362299919128418
-8.368142152903602e-05
-0.0030636300798505545
-0.20574219524860382
-9.238292841473594e-05
-0.0001736728590913117
-9.250213042832911e-05
-0.00023147765023168176
-0.004346329253166914
-0.0005227153305895627
-0.0022293494548648596
-0.0009120118920691311
-0.00016330339713022113
-6.05564855504781e-05
-0.0030753957107663155
-1.6331539882230572e-05
-0.00021455370006151497
-0.009078296832740307
-0.011033005081117153
-7.748303323751315e-05
-0.013349203392863274
-0.0002033503697020933
-0.0001174142598756589
-0.00023135847004596144
-0.0043459730222821236
-0.0005225961795076728
-0.004865947645157576
-0.007496796082705259
-7.807903602952138e-05
-0.009762165136635303
-0.00019798702851403505
-0.0006669919239357114
-0.11918511986732483
-0.0013860390754416585
-6.3774932641536e-05
-0.007615935988724232
-0.0027312852907925844
-0.0013912770664319396
-0.004353450611233711
-0.0006081400788389146
-0.0505758672952652
-0.012998138554394245
-0.000876757490914315
-0.010532860644161701
-0.0002315968304174021
-0.0043464479967951775
-0.0005229535745456815
-0.00023493390472140163
-0.03959611430764198
-0.00045468006283044815
-0.018190933391451836
-0.0013935388997197151
-0.0002315968304174021
-0.0043462105095386505
-0.0005228344234637916
-0.0064154863357543945
-0.0014518683310598135
-0.0005915798828937113
-0.0003352795320097357
-0.000300958170555532
-7.760223525110632e-05
-0.0006437613046728075
-0.0005367745761759579
-0.00023040501400828362
-0.00023135847004596144
-0.0043459730222821236
-0.0005225961795076728
-0.004865947645157576
-0.00010847456724150106
-0.000520570669323206
-0.0001517419150331989
-0.0011961455456912518
-0.008886905387043953
-0.003878216026350856
-0.0004687402688432485
-0.0029067429713904858
-0.004352738615125418
-0.020566891878843307
-0.0002315968304174021
-0.0043462105095386505
-0.0005228344234637916
-0.0008593680104240775
-0.0005339150666259229
-0.0008311392739415169
-0.001193526084534824
-0.0002928543253801763
-0.0002315968304174021
-0.0043464479967951775
-0.0005229535745456815
-9.512448741588742e-05
-0.00010311071673640981
-0.00041786045767366886
-0.00021526881027966738
-0.001931469771079719
-0.0005125877796672285
-0.0011474461061879992
-0.0002315968304174021
-0.0043462105095386505
-0.0005228344234637916
-0.0005763299996033311
-8.49926145747304e-05
-2.777537883957848e-05
-0.0015092422254383564
-0.00018702188390307128
-0.01859155111014843
-9.250213042832911e-05
-0.010778541676700115
-0.020636141300201416
-0.0031187725253403187
-0.004216115456074476
-0.00023135847004596144
-0.0043459730222821236
-0.0005225961795076728
-0.006358867045491934
-0.0017736908048391342
-8.642300235806033e-05
-0.005530532915145159
-0.0010513499146327376
-0.00017212340026162565
-0.00031025364296510816
-0.007404621224850416
-0.00024577934527769685
-9.941560711013153e-05
-0.0010513499146327376
-0.0006977269076742232
-0.00023147765023168176
-0.004534438718110323
-0.0005225961795076728
-0.006415604613721371
-0.007494429592043161
-0.0005246216314844787
-0.0001674750237725675
-3.909988299710676e-05
-0.0005548844928853214
-0.00029380773776210845
-0.0011438739020377398
-0.00023147765023168176
-0.004346091765910387
-0.0005225961795076728
-0.006415604613721371
-0.004549272358417511
-0.01130308024585247
-0.02550392970442772
-0.31405752897262573
-0.0019446763908490539
-0.00023147765023168176
-0.004534438718110323
-0.0005225961795076728
-0.00870729424059391
-0.0017584589077159762
-0.00035684893373399973
-0.0010565895354375243
-9.250213042832911e-05
-0.015308737754821777
-0.07972941547632217
-0.01726572774350643
-0.12642498314380646
-0.0035194142255932093
-0.00023147765023168176
-0.004346091765910387
-0.0005225961795076728
-0.00013207517622504383
-0.03864016383886337
-0.0002449450839776546
-4.8874615458771586e-05
-0.0015613758005201817
-0.0093650808557868
-0.002484927186742425
-0.002159646013751626
-0.00023147765023168176
-0.004346091765910387
-0.0005225961795076728
-0.0033371730241924524
-0.0007363230688497424
-0.005034744739532471
-0.009557089768350124
-0.003360341303050518
-0.012077419087290764
-0.01789531297981739
-0.015866458415985107
-0.01406071987003088
-0.015584819950163364
-0.0009391664643771946
-0.9295468330383301
-0.00023147765023168176
-0.0037475847639143467
-0.0005225961795076728
-0.0029226704500615597
-0.0024436633102595806
-0.004322590306401253
-4.815939246327616e-05
-4.768360213347478e-06
-0.00023135847004596144
-0.000993592431768775
-0.00023457636416424066
-0.0010420613689348102
-0.0001399419124936685
-0.0004359725280664861
-0.00020144341397099197
-0.005387549288570881
-9.250213042832911e-05
-0.04722009226679802
-0.00019560330838430673
-0.021834813058376312
-0.0013944911770522594
-0.00014745102089364082
-0.01361347921192646
0.0
-0.0017088347813114524
-0.006415604613721371
-0.02094414457678795
-0.005149553529918194
-0.001023483811877668
-0.0015523299807682633
-0.0008329259580932558
-0.007890601642429829
-0.0006599632324650884
-0.006097760982811451
-0.08705839514732361
-0.0002671123365871608
-0.000971917703282088
-0.00023135847004596144
-0.004346091765910387
-0.0005225961795076728
-0.006415722891688347
-0.002083632629364729
-0.008011233061552048
-0.0003259842633269727
-0.001529715140350163
-0.0018505605403333902
-9.238292841473594e-05
-0.025990255177021027
-0.005211103241890669
-0.018240682780742645
-0.0005225961795076728
-0.00926669966429472
-0.0006594866863451898
-0.004436887335032225
-0.006960075348615646
-0.010839746333658695
-0.00023147765023168176
-0.004534438718110323
-0.0005225961795076728
-0.006415722891688347
-0.0012912754900753498
-0.006528833415359259
-0.0052790530025959015
-0.00013815402053296566
-0.012336144223809242
-5.507317473529838e-05
-3.397406908334233e-05
-0.00010430268594063818
-0.0009483369067311287
-0.00026603974401950836
-0.003830834524706006
-0.0004182179400231689
-0.011765964329242706
-0.0006681832019239664
-0.0671909973025322
-0.006226189900189638
-0.0844956785440445
-0.012368994764983654
-0.0011094611836597323
-0.005924166180193424
-0.0016549237770959735
-0.010636778548359871
-0.0036978216376155615
-0.00023135847004596144
-0.0037475847639143467
-0.0005227153305895627
-0.0032576846424490213
-6.69933797325939e-05
-0.0034107151441276073
-0.013081209734082222
-0.0008158930577337742
-0.0006871246150694788
-0.03804910182952881
-0.01711222529411316
-0.0002294515579706058
-0.006415722891688347
-0.0002315968304174021
-0.0037478222511708736
-0.0005228344234637916
-5.8410845667822286e-05
-0.00021181246847845614
-0.0001387499796692282
-0.0014184186002239585
-0.00011550712952157483
-0.0010632582707330585
-0.0006298227235674858
-0.00011252723925281316
-0.012366993352770805
-3.0636318115284666e-05
-0.0014118712861090899
-0.0001147919538198039
-0.00021920185827184469
-6.151010165922344e-05
-0.05028977990150452
-0.000935950840357691
-0.003174862591549754
-9.941560711013153e-05
-0.0025854038540273905
-0.000390215078368783
-0.00011729506513802335
-0.0012540103634819388
-0.01993933878839016
-0.0034710655454546213
-0.0002315968304174021
-0.0043462105095386505
-0.0005228344234637916
-9.703165414975956e-05
-0.03258996084332466
-2.52720492426306e-05
-0.01043884176760912
-0.001167926355265081
-0.0003175231395289302
-0.04073783755302429
-0.07520241290330887
-0.002642237115651369
-0.0036753739695996046
-0.0014577010879293084
-0.00023135847004596144
-0.0043459730222821236
-0.0005225961795076728
-0.00037877538125030696
-9.238292841473594e-05
-0.008807383477687836
-4.6967357775429264e-05
-0.001280322321690619
-0.0002315968304174021
-0.0043462105095386505
-0.0005228344234637916
-0.0064154863357543945
-0.009478920139372349
-8.225102646974847e-05
-0.02411777712404728
-0.0005886013968847692
-0.01217940915375948
-0.008766616694629192
-0.011077099479734898
-0.0002315968304174021
-0.0037478222511708736
-0.0005228344234637916
-0.0064154863357543945
-0.0001995364436879754
-0.0011564955348148942
-0.0015193596482276917
-9.393251093570143e-05
-0.010778541676700115
-0.0001879753835964948
-0.00011455356434453279
-0.0002348147245356813
-0.00023135847004596144
-0.00374770350754261
-0.0005227153305895627
-0.0064154863357543945
-0.0022999995853751898
-0.013767638243734837
-0.0014771036803722382
-0.0013971101725474
-0.001566136721521616
-0.05577461048960686
-0.017079412937164307
-0.00292017450556159
-0.006055224221199751
-0.02600233629345894
-0.0028435057029128075
-0.00013672371278516948
-0.00023135847004596144
-0.004346566740423441
-0.0005227153305895627
-3.8078088760375977
-0.012366993352770805
-2.9205850296420977e-05
-0.00010990492592100054
-0.009808676317334175
-0.00013207517622504383
-0.00012003655137959868
-9.238292841473594e-05
-0.002427133498713374
-0.005269803572446108
-0.0021999699529260397
-0.006272391881793737
-0.00023135847004596144
-0.0037475847639143467
-0.0005225961795076728
-0.002498364308848977
-0.45041292905807495
-0.00023910524032544345
-0.010097846388816833
-0.0008515069494023919
-0.0002315968304174021
-0.0037478222511708736
-0.0005228344234637916
-0.0064154863357543945
-0.00023231192608363926
-0.0006800960982218385
-0.005822246428579092
-0.001840446493588388
-0.07627318054437637
-0.0017297795275226235
-0.0017207353375852108
-0.00047362555051222444
-0.009422946721315384
-0.0011965028243139386
-0.704631507396698
-0.0002315968304174021
-0.0043462105095386505
-0.0005228344234637916
-0.0064154863357543945
-0.000125281119835563
-0.00012468514614738524
-9.870042413240299e-05
-9.63164638960734e-05
-0.00042441420373506844
-0.00027724236133508384
-0.00024482590379193425
-8.535020606359467e-05
-0.00023135847004596144
-0.004534557461738586
-0.0005227153305895627
-0.0048655918799340725
-0.0880608782172203
-0.0010492063593119383
-0.010778541676700115
-0.006484538316726685
-0.00023147765023168176
-0.004346329253166914
-0.0005227153305895627
-0.00020180096908006817
-0.000942977552767843
-0.009276974946260452
-0.021643981337547302
-0.0001113352773245424
-0.021241551265120506
-0.00023147765023168176
-0.004346091765910387
-0.0005225961795076728
-0.0012191252317279577
-2.825220326485578e-05
-0.38418546319007874
-0.0044574192725121975
-0.007376931607723236
-0.0001333863037871197
-5.94836674281396e-05
-0.006759752053767443
-0.0004418112221173942
-0.02006576955318451
-0.016265075653791428
-0.00023147765023168176
-0.004346091765910387
-0.0005225961795076728
-0.006415722891688347
-0.00013374387344811112
-0.0029786527156829834
-0.0004677870310842991
-7.760223525110632e-05
-0.00014351768186315894
-0.0008605591137893498
-0.008803130127489567
-0.0005158047424629331
-0.01847078464925289
-0.0005787128466181457
-0.00013863079948350787
-0.002319623716175556
-0.00023135847004596144
-0.0037475847639143467
-0.0005225961795076728
-0.0005766874528490007
-0.000248401309363544
-0.0005021026590839028
-0.0002954761730507016
-0.011911572888493538
-0.035918865352869034
-0.0003625689132604748
-0.00038115866482257843
-9.238292841473594e-05
-0.00028534632292576134
-7.950943836476654e-05
-0.0002315968304174021
-0.0037475847639143467
-0.0005229535745456815
-0.00018773700867313892
-0.0002172949316445738
-8.368142152903602e-05
-0.004279621876776218
-0.04674728214740753
-0.00035208225017413497
-0.0814722329378128
-0.0026126320008188486
-0.0053258915431797504
-0.0006173135479912162
-0.003157037775963545
-0.005215135402977467
-0.00023135847004596144
-0.0043459730222821236
-0.0005225961795076728
-0.0036117101553827524
-0.003327786922454834
-0.0001113352773245424
-0.0018873275257647038
-2.2649508537142538e-05
-0.004765343852341175
-9.238292841473594e-05
-0.6024764180183411
-0.0662301704287529
-0.03797140717506409
-0.004865710623562336
-0.00023147765023168176
-0.0037475847639143467
-0.0005225961795076728
-0.0002536452084314078
-3.182837463100441e-05
-0.00012885693286079913
-0.00013422065239865333
-0.0002611534437164664
-0.00018344627460464835
-0.00013755806139670312
-6.580135959666222e-05
-0.000219321038457565
-0.00023147765023168176
-0.004534438718110323
-0.0005225961795076728
-0.0328260138630867
-0.00037579628406092525
-0.00013386306818574667
-0.006943028420209885
-0.2340274304151535
-0.0005749003030359745
-0.010778541676700115
-0.0010476582683622837
-0.23431454598903656
-0.0011068414896726608
-2.8490614567999728e-05
-0.1995786726474762
-0.0002315968304174021
-0.0043464479967951775
-0.0005229535745456815
-0.0016248131869360805
-1.8405424356460571
-0.005478843115270138
-0.00020180096908006817
-0.00015484087634831667
-0.0027167813386768103
-0.0038419971242547035
-0.0020158225670456886
-0.0019606193527579308
-0.13201312720775604
-4.827859811484814e-05
-0.0012916326522827148
-0.00018773700867313892
-0.01292282622307539
-0.0002320735511602834
-0.012908822856843472
-0.010962733998894691
-0.006819308735430241
-0.000392598332837224
-0.00023147765023168176
-0.004346091765910387
-0.0005225961795076728
-0.009607979096472263
-3.981510963058099e-05
-3.2543604902457446e-05
-0.0005951540661044419
-0.6865701675415039
-0.008363579399883747
-0.00015555603022221476
-0.00023147765023168176
-0.004346091765910387
-0.0005225961795076728
-0.00870729424059391
-5.686121585313231e-05
-9.893881360767409e-05
-0.004692613612860441
-0.5184805393218994
-0.8293451070785522
-0.00015889335190877318
-0.04785666987299919
-0.024227973073720932
-0.00322845415212214
-0.00023147765023168176
-0.0037475847639143467
-0.0005225961795076728
-0.006415722891688347
-0.0011985269375145435
-0.00668515358120203
-0.014677757397294044
-0.010420202277600765
-0.0003782987187150866
-0.04638214409351349
-0.003837247146293521
-0.011555053293704987
-0.010676172561943531
-0.00023147765023168176
-0.004346091765910387
-0.0005225961795076728
-0.0049577634781599045
-7.450303382938728e-05
-0.012267965823411942
-0.02869083173573017
-9.250213042832911e-05
-0.00027259447961114347
-0.0007407305529341102
-0.006743885576725006
-0.00023135847004596144
-0.004346091765910387
-0.0005227153305895627
-0.006474234163761139
-0.0025541323702782393
-1.1598808765411377
-0.001731802592985332
-0.000840906286612153
-0.0002908283786382526
-0.0025814801920205355
-0.00538458488881588
-0.0003326578007545322
-0.0004120216181036085
-0.016458461061120033
-0.0002553137019276619
-0.001698243198916316
-7.462222856702283e-05
-0.000929400441236794
-0.00036030475166626275
-0.004743988160043955
-0.00044526674901135266
-1.0013530300057027e-05
-0.0003685271949507296
-0.0002774807217065245
-0.011217622086405754
-0.00023147765023168176
-0.004534438718110323
-0.0005225961795076728
-0.006590535398572683
-0.00019608005823101848
-0.0001554368354845792
-0.003219066886231303
-0.013241332024335861
-0.0014812698354944587
-0.0028008301742374897
-9.250213042832911e-05
-0.01123754307627678
-0.005194975063204765
-0.009176578372716904
-0.00301965675316751
-0.0004389514506328851
-0.0027333064936101437
-0.00023135847004596144
-0.004346566740423441
-0.0005227153305895627
-0.0064154863357543945
-0.00012015574611723423
-0.03046817146241665
-0.014387676492333412
-0.018311146646738052
-0.00037055302527733147
-0.00014053787162993103
-0.00031192204914987087
-0.032458528876304626
-0.00023147765023168176
-0.0037475847639143467
-0.0005225961795076728
-0.004865828901529312
-0.00010573305189609528
-0.00023576818057335913
-0.00019834458362311125
-7.10462118149735e-05
-0.0018757858779281378
-0.015964308753609657
-0.024286963045597076
-0.028331555426120758
-0.0014778178883716464
-0.5424697399139404
-0.001755721983499825
-0.021241318434476852
-0.0002315968304174021
-0.0037475847639143467
-0.0005229535745456815
-0.0033778061624616385
-0.012924003414809704
-0.00018845213344320655
-6.0437283536884934e-05
-0.00028534632292576134
-0.000418575422372669
-0.3969201147556305
-0.0001510267611593008
-0.00023147765023168176
-0.004346091765910387
-0.0005225961795076728
-0.00020930961181875318
-0.0003670972364488989
-0.0004362108593340963
-0.09583176672458649
-0.0018208129331469536
-0.00023147765023168176
-0.004346091765910387
-0.0005225961795076728
-0.0033371730241924524
-0.0001776060671545565
-0.0008892634068615735
-7.784063927829266e-05
-0.00015436411194968969
-0.006087926682084799
-0.005594904534518719
-8.153582894010469e-05
-0.0005690624238923192
-0.027004551142454147
-0.00023135847004596144
-0.0043459730222821236
-0.0005225961795076728
-0.00013159839727450162
-0.0003880701260641217
-0.0008413827163167298
-0.0037686056457459927
-0.00034028460504487157
-1.4234328269958496
-0.007888591848313808
-0.06018202006816864
-0.0007670559571124613
-1.838046908378601
-0.0010368215152993798
-0.0002315968304174021
-0.0043462105095386505
-0.0005228344234637916
-0.0002374367177253589
-0.00020776021119672805
-0.0002972637885250151
-0.000198821333469823
-0.03463310748338699
-0.0045225718058645725
-0.005626081023365259
-0.00888028834015131
-0.00023147765023168176
-0.004534438718110323
-0.0005225961795076728
-0.0030896568205207586
-0.014045321382582188
-0.00018845213344320655
-0.00010334911348763853
-1.7165990357170813e-05
-0.010202281177043915
-0.026081547141075134
-0.08930061012506485
-0.0003965306677855551
-4.768370445162873e-07
-0.0016145778354257345
-0.008658958598971367
-0.00023147765023168176
-0.004346091765910387
-0.0005225961795076728
-0.00016020445036701858
-0.007170418743044138
-0.00030214988510124385
-0.0033229156397283077
-2.276871418871451e-05
-0.0002828436263371259
-0.00011801023356383666
-0.001106127048842609
-0.00020072828920092434
-0.00023135847004596144
-0.0043459730222821236
-0.0005225961795076728
-0.0005021026590839028
-0.0005491655902005732
-0.00026127262390218675
-0.0007694382802583277
-0.006930005736649036
-0.0008649660157971084
-0.02428963966667652
-0.0036092158406972885
-9.07141511561349e-05
-0.00035958975786343217
-0.00023135847004596144
-0.004346566740423441
-0.0005227153305895627
-0.0036118291318416595
-0.002001189161092043
-0.00018726025882642716
-0.00018404220463708043
-0.003669791854918003
-0.0003023882454726845
-0.024887723848223686
-0.0002766464895103127
-0.00014840454969089478
-0.00023147765023168176
-0.004346329253166914
-0.0005227153305895627
-0.0003875934926327318
-0.0008923601126298308
-0.02627931348979473
-0.006840146612375975
-0.004156759474426508
-0.006610667798668146
-0.00425255810841918
-0.004975081887096167
-0.010686197318136692
-0.002657931065186858
-0.0016857474111020565
-0.007108279503881931
-0.002713095862418413
-0.006415722891688347
-0.0002315968304174021
-0.0037478222511708736
-0.0005228344234637916
-0.004589737392961979
-0.00013302871957421303
-0.00042024365393444896
-9.238292841473594e-05
-0.000120751719805412
-0.0004203628050163388
-0.0026184578891843557
-0.00023147765023168176
-0.0037475847639143467
-0.0005225961795076728
-0.0026328444946557283
-1.1324817933200393e-05
-0.00020787939138244838
-0.00012838016846217215
-3.862306402879767e-05
-9.238292841473594e-05
-0.00870729424059391
-2.777537883957848e-05
-0.0004325169720686972
-0.002961418591439724
-0.0005175919504836202
-0.0012822272256016731
-0.0009650102583691478
-0.005672666244208813
-0.00023135847004596144
-0.004346091765910387
-0.0005227153305895627
-0.00015245705435518175
-0.00015889335190877318
-0.00272617326118052
-9.238292841473594e-05
-0.03295832499861717
-0.06146182119846344
-0.000219321038457565
-0.030441921204328537
-0.0254452433437109
-0.026821667328476906
-0.0013249675976112485
-0.0002315968304174021
-0.004534557461738586
-0.0005229535745456815
-0.004865710623562336
-0.002963676815852523
-0.013964093290269375
-0.00014494798961095512
-0.00041869457345455885
-0.0005479741375893354
-0.00044979469384998083
-0.012604455463588238
-0.0003906917118001729
-0.00023147765023168176
-0.004534201696515083
-0.0005227153305895627
-0.003804827108979225
-0.0001431601122021675
-0.02572655864059925
-0.11688172817230225
-0.025716915726661682
-0.012501801364123821
-0.0009808497270569205
-0.0023789696861058474
-0.39692002534866333
-5.006664650863968e-05
-0.00014840454969089478
-0.002812598831951618
-0.0040586963295936584
-0.004865710623562336
-0.00023135847004596144
-0.0043459730222821236
-0.0005225961795076728
-0.00017188502533826977
-0.002423209138214588
-0.005514765623956919
-0.011912986636161804
-0.003819552715867758
-1.4234328269958496
-0.010778541676700115
-0.0003420721332076937
-0.023864293470978737
-0.0014762704959139228
-0.016870206221938133
-0.0055465372279286385
-0.00023135847004596144
-0.0037475847639143467
-0.0005227153305895627
-0.00014661667228210717
-0.0026955006178468466
-7.462222856702283e-05
-0.0006018257699906826
-0.00024780540843494236
-0.14279797673225403
-0.0021879561245441437
-0.0024509173817932606
-0.016310229897499084
-0.0003626880934461951
-0.014292021282017231
-0.829345166683197
-9.595887240720913e-05
-0.0153966648504138
-0.00023147765023168176
-0.0037475847639143467
-0.0005225961795076728
-0.001192454481497407
-7.974783511599526e-05
-0.007115617860108614
-0.000196556793525815
-0.00024482590379193425
-0.014487551525235176
-0.0006050424999557436
-0.004868913441896439
-0.004175160080194473
-0.010248182341456413
-0.00017975145601667464
-0.00011955977242905647
-0.00023600654094479978
-0.000662822334561497
-0.00010024998482549563
-3.9219088648678735e-05
-9.238292841473594e-05
-0.003402874106541276
-0.00010263393050990999
-0.000219321038457565
-0.006262796465307474
-6.317892984952778e-05
-0.00023147765023168176
-0.004346091765910387
-0.0005225961795076728
-0.006415604613721371
-7.462222856702283e-05
-0.000742398202419281
-0.0007472821744158864
-0.00022098960471339524
-0.0006462631281465292
-0.007321550045162439
-0.03055882267653942
-0.0001731960946926847
-0.008781859651207924
-0.00023135847004596144
-0.0009939497103914618
-0.006415604613721371
-0.0002004899288294837
-0.0008769956766627729
-0.009979828260838985
-0.00011252723925281316
-0.010778541676700115
-0.15297694504261017
-0.12305174767971039
-0.0002022777043748647
-0.07070481032133102
-0.012416797690093517
-0.00023147765023168176
-0.004346091765910387
-0.0005225961795076728
-0.0002673506969586015
-0.001081953989341855
-0.001727875554934144
-0.0005691815749742091
-4.6132929128361866e-05
-0.006226426921784878
-0.0678689032793045
-0.013162626884877682
-0.00023147765023168176
-0.004534438718110323
-0.0005225961795076728
-0.00047219570842571557
-5.447716102935374e-05
-0.0008404298569075763
-0.0043472787365317345
-0.000520570669323206
-5.471556869451888e-05
-9.250213042832911e-05
-0.00023147765023168176
-0.004346329253166914
-0.0005227153305895627
-0.00870729424059391
-6.83045873302035e-05
-0.010778659954667091
-0.0001941730733960867
-9.250213042832911e-05
-0.0009317824151366949
-0.016317736357450485
-0.026947926729917526
-0.005681556649506092
-0.0002315968304174021
-0.004534557461738586
-0.0005229535745456815
-0.0019300420535728335
-0.00109576724935323
-0.0001389883691444993
-0.00016699827392585576
-0.00044312194222584367
-0.0002488780301064253
-0.0006647284608334303
-0.00042060110718011856
-0.006097405683249235
-0.00016830935783218592
-0.2507404088973999
-0.00023135847004596144
-0.00010096516780322418
-0.0005227153305895627
-0.00022492263815365732
-0.0006565084331668913
-0.0004642124113161117
-0.0005062728887423873
-0.0012435331009328365
-0.0003079893649555743
-0.00022110878489911556
-0.004012985620647669
-0.00043764073052443564
-0.00014304091746453196
-0.015120647847652435
-0.08713291585445404
-0.0002315968304174021
-0.0043464479967951775
-0.0005229535745456815
-4.414525032043457
-0.00056429672986269
-5.638440416078083e-05
-0.0001299296854995191
-0.0001778444420779124
-0.0039454251527786255
-0.0019201666582375765
-0.0005237876321189106
-0.0011439929949119687
-0.007319301832467318
-0.0005525015876628458
-0.0003108495147898793
-0.0020567469764500856
-0.00017438798386137933
-0.0002315968304174021
-0.0043462105095386505
-0.0006960591417737305
-0.004855389706790447
-0.004767953883856535
-0.0003591130953282118
-0.0001394651480950415
-0.031524721533060074
-6.8662193370983e-05
-0.0009347598534077406
-0.00015948931104503572
-0.002009992953389883
-0.022074120119214058
-0.006799772847443819
-1.728519782773219e-05
-0.15061768889427185
-0.07676877826452255
-0.015032579191029072
-0.00023147765023168176
-0.004346091765910387
-0.0006959400488995016
-0.0006335158832371235
-0.001149589428678155
-0.00015817821258679032
-0.00208208616822958
-0.00024971229140646756
-0.0002134810492862016
-0.041345272213220596
-0.0025689953472465277
-0.000747758662328124
-0.0020914841443300247
-0.0001392267586197704
-4.0411134250462055e-05
-0.00026603974401950836
-0.057345230132341385
-0.00023135847004596144
-0.0043459730222821236
-0.0006959400488995016
-0.007127691060304642
-0.0005528590409085155
-0.06160922721028328
-0.0015211451100185513
-0.0005745429079979658
-0.0016462358180433512
-0.0025593640748411417
-0.03982662782073021
-0.0168092530220747
-0.00023135847004596144
-0.004346091765910387
-0.0006959400488995016
-0.004865473136305809
-6.794698856538162e-05
-0.0005683475756086409
-5.674201020156033e-05
-0.0021721357479691505
-0.0001212284987559542
-0.0002455409849062562
-0.00014578233822248876
-0.002268124371767044
-3.540453326422721e-05
-0.006415604613721371
-0.0002315968304174021
-0.0037475847639143467
-0.0006961782928556204
-0.00021109737281221896
-5.4834770708112046e-05
-0.00023147765023168176
-0.0037475847639143467
-0.0006959400488995016
-0.0005807381821796298
-0.00019369633810129017
-0.00042572495294734836
-0.0007154765771701932
-0.00615356583148241
-0.0007462101057171822
-0.005140421446412802
-0.0012428186601027846
-0.034643467515707016
-0.022855428978800774
-0.005254032090306282
-0.0031393314711749554
-0.0020468730945140123
-0.0013613966293632984
-0.007906332612037659
-0.009211777709424496
-0.0002315968304174021
-0.0043464479967951775
-0.0006961782928556204
-0.0033371730241924524
-0.006255688611418009
-0.0001833270798670128
-0.00108624086715281
-0.008528714068233967
-0.00019894051365554333
-0.02621660940349102
-0.0031579884234815836
-0.009718603454530239
-0.005128324497491121
-0.00035494225448928773
-0.0005154472892172635
-0.055782049894332886
-0.026103844866156578
-0.011329836212098598
-0.028999723494052887
-0.02837454527616501
-0.0026395025197416544
-0.003658745903521776
-0.0032730125822126865
-0.00023135847004596144
-0.004346091765910387
-0.0006959400488995016
-0.0033371730241924524
-0.00013851160474587232
-0.009308627806603909
-0.0005646541831083596
-0.00021920185827184469
-9.238292841473594e-05
-0.00011920218821614981
-0.019129199907183647
-0.01790386065840721
-0.0002315968304174021
-0.0043464479967951775
-0.0006961782928556204
-0.0005283151986077428
-0.0001934579631779343
-0.00028463127091526985
-0.007200007792562246
-0.00866415910422802
-6.282132380874828e-05
-0.008224783465266228
-0.0008241117466241121
-0.0012712739408016205
-0.010710611008107662
-0.1406402587890625
-0.0034710655454546213
-0.00023147765023168176
-0.004346329253166914
-0.0006959400488995016
-0.000362807244528085
-0.012104389257729053
-0.0002008474839385599
-0.001693958998657763
-8.654219709569588e-05
-0.00023922442051116377
-9.238292841473594e-05
-0.016261087730526924
-0.002763621276244521
-0.0497530922293663
-0.01044167298823595
-0.00023135847004596144
-0.0043459730222821236
-0.0006959400488995016
-0.0007200032705441117
-5.1973900554003194e-05
-0.6024764180183411
-0.00022742546570952982
-0.004071400035172701
-0.006419987417757511
-0.00023147765023168176
-0.004346091765910387
-0.0006959400488995016
-9.238292841473594e-05
-9.941560711013153e-05
-0.00013565097469836473
-0.00017808281700126827
-0.00011216964776394889
-0.007239892613142729
-0.00010513706365600228
-0.0002315968304174021
-0.0043464479967951775
-0.0006961782928556204
-0.00029571453342214227
-0.007479047868400812
-0.03773656487464905
-0.0004829194222111255
-0.049929335713386536
-0.000398198957554996
-0.0032932115718722343
-0.0002315968304174021
-0.0043462105095386505
-0.0006960591417737305
-0.0033176876604557037
-0.006007945630699396
-0.34360405802726746
-0.00030989613151177764
-0.0031116423197090626
-0.00023493390472140163
-0.0017134760273620486
-0.00014244495832826942
-0.014219745993614197
-0.005549619439989328
-0.0064154863357543945
-0.00023147765023168176
-0.0037475847639143467
-0.0006959400488995016
-0.012944008223712444
-0.0003152588615193963
-0.0008269704412668943
-0.010122510604560375
-0.033951062709093094
-0.0004122599493712187
-0.0011649496154859662
-0.038748543709516525
-0.0007606235449202359
-0.010154608637094498
-0.0030573313124477863
-0.00023147765023168176
-0.004346091765910387
-0.0006959400488995016
-0.0009561972692608833
-0.0001919085334520787
-5.376194530981593e-05
-7.033323527139146e-06
-0.00712094409391284
-0.00035506143467500806
-0.008789186365902424
-0.007011096924543381
-0.013629707507789135
-0.00023147765023168176
-0.004346091765910387
-0.0006959400488995016
-0.006415604613721371
-0.40733543038368225
-0.0002613918040879071
-0.11614274978637695
-9.238292841473594e-05
-3.8742269680369645e-05
-3.838465272565372e-05
-0.0011144625023007393
-0.00233056559227407
-0.010741510428488255
-0.000993354362435639
-0.00013731967192143202
-0.00023135847004596144
-0.004534557461738586
-0.0006959400488995016
-2.0365588665008545
-0.00029738296871073544
-0.0062383925542235374
-0.0005945583689026535
-0.0006193388253450394
-0.000427274004323408
-0.0011681645410135388
-0.00032264748006127775
-0.002108852146193385
-0.00012492353562265635
-0.006097049918025732
-0.0008952185744419694
-0.0113344332203269
-0.0032890529837459326
-0.0002315968304174021
-0.0043462105095386505
-0.0006960591417737305
-0.010742336511611938
-0.0033176876604557037
-0.00013934595335740596
-0.0004240567213855684
-0.02046540379524231
-0.07146569341421127
-0.013751058839261532
-2.0861407392658293e-05
-0.005047792103141546
-0.017321733757853508
-0.0002315968304174021
-0.0043464479967951775
-0.0006961782928556204
-0.00016652150952722877
-0.004912094213068485
-0.0008293526479974389
-9.238292841473594e-05
-0.0005457103834487498
-0.0006436422117985785
-0.004076386336237192
-2.9604921340942383
-0.005414227023720741
-0.004218014422804117
-0.00023147765023168176
-0.004346091765910387
-0.0006959400488995016
-0.006415604613721371
-0.00613958528265357
-0.008420676924288273
-0.0004027270770166069
-0.0037935450673103333
-0.03351735696196556
-0.00036161558819003403
-0.0002783149539027363
-0.0003399271226953715
-0.00010918975021922961
-0.0001740304142003879
-0.01746489480137825
-0.0001928620331455022
-0.0002315968304174021
-0.0037478222511708736
-0.0006960591417737305
-0.0017629809444770217
-0.000847933697514236
-0.00022706791060045362
-0.007365216501057148
-0.016256865113973618
-0.0002397011558059603
-0.00036054308293387294
-0.04334608092904091
-0.0017216873820871115
-0.00023147765023168176
-0.004346091765910387
-0.0006959400488995016
-0.005351385101675987
-0.00014959646796341985
-0.009031870402395725
-0.0010283663868904114
-0.0018011790234595537
-0.0005060345865786076
-0.0024148847442120314
-0.002583144698292017
-0.0052597238682210445
-0.03378500044345856
-0.010880783200263977
-0.00023147765023168176
-0.004534438718110323
-0.0006959400488995016
-0.0006949870148673654
-0.004078879952430725
-4.60137271147687e-05
-9.238292841473594e-05
-0.0018435402307659388
-0.00027783826226368546
-0.01954732835292816
-0.021454978734254837
-0.00023147765023168176
-0.0037475847639143467
-0.0006959400488995016
-0.00015829740732442588
-0.000120751719805412
-0.0006195771275088191
-0.00015424491721205413
-0.000105375460407231
-0.001774523756466806
-0.04312163218855858
-0.0006878394051454961
-9.238292841473594e-05
-0.0010599239030852914
-8.785339014139026e-05
-0.030543791130185127
-0.00023135847004596144
-0.004346566740423441
-0.0006960591417737305
-0.006415604613721371
-1.7165990357170813e-05
-0.00019107422849629074
-0.0002302858338225633
-0.0002244459028588608
-0.005211103241890669
-0.001213648240081966
-9.238292841473594e-05
-0.002888319082558155
-0.012038315646350384
-0.024153269827365875
-0.00013648532330989838
-0.04295172169804573
-0.00023135847004596144
-0.0043459730222821236
-0.0006959400488995016
-0.0004101150552742183
-0.0002195594133809209
-7.152301259338856e-05
-0.0009062950266525149
-0.00014697425649501383
-0.04341890662908554
-0.0014481781981885433
-0.00010978573118336499
-0.000620768463704735
-0.0009290431626141071
-0.0009328543092124164
-0.01930507831275463
-0.0017279945313930511
-0.0014249657979235053
-0.00010108436981681734
-0.004700919147580862
-0.00011443436960689723
-0.0015161458868533373
-0.020019616931676865
-0.017321616411209106
-0.00028272447525523603
-0.00023147765023168176
-0.00374770350754261
-0.0006959400488995016
-0.0028605039697140455
-0.03055419772863388
-0.0012685356196016073
-0.0007291757501661777
-0.001388420001603663
-0.00022456508304458112
-0.006372844334691763
-0.0016246942104771733
-0.0028168782591819763
-0.0004068977141287178
-0.00023147765023168176
-0.00374770350754261
-0.0006959400488995016
-0.0010711177019402385
-0.012082718312740326
-6.317892984952778e-05
-0.001327467616647482
-0.003290835302323103
-6.317892984952778e-05
-0.001327467616647482
-0.003290835302323103
-1.7762025890988298e-05
-0.0007068996201269329
-0.07469198852777481
-0.00010752100206445903
-0.000597179401665926
-0.0021365690045058727
-0.0025638823863118887
-0.008216389454901218
-0.00023147765023168176
-0.004346091765910387
-0.0006959400488995016
-0.01003411877900362
-0.004121263511478901
-0.0003297977091278881
-0.0002992897352669388
-0.0030089602805674076
-0.0006006343755871058
-0.654540479183197
-0.0029840010683983564
-0.0006410212954506278
-0.00023147765023168176
-0.004346091765910387
-0.0006959400488995016
-0.0017119289841502905
-0.001369729870930314
-0.008529778569936752
-0.020451270043849945
-0.006067072972655296
-0.009063530713319778
-0.0051089925691485405
-0.0008093419019132853
-0.0021251493599265814
-0.002743173623457551
-0.00023147765023168176
-0.004346091765910387
-0.0006959400488995016
-0.002152389846742153
-0.01047906931489706
-0.01124202273786068
-0.00023040501400828362
-0.08731415867805481
-0.013516456820070744
-0.00023147765023168176
-0.004534438718110323
-0.0006959400488995016
-0.005915633402764797
-0.005360871087759733
-0.00870729424059391
-0.006271681282669306
-0.0014066335279494524
-0.016870206221938133
-0.00023147765023168176
-0.004534438718110323
-0.0006959400488995016
-1.0458829402923584
-0.00025781645672395825
-0.0030131200328469276
-0.005982942879199982
-9.250213042832911e-05
-0.0006903410539962351
-0.011821218766272068
-0.003199222730472684
-6.735097849741578e-05
-0.0002315968304174021
-0.0043462105095386505
-0.0006960591417737305
-0.0002422039397060871
-0.0026453284081071615
-0.010778778232634068
-0.10668105632066727
-0.0001618731184862554
-0.007869667373597622
-9.238292841473594e-05
-0.00023147765023168176
-0.004346091765910387
-0.0006959400488995016
-0.0011188682401552796
-0.002928138244897127
-4.2437604861333966e-05
-0.0005821678787469864
-9.238292841473594e-05
-0.0009173714206553996
-0.00023135847004596144
-0.004346566740423441
-0.0006960591417737305
-0.00024196557933464646
-0.00021681819634977728
-0.01257514301687479
-0.0008177988929674029
-0.0009301149984821677
-0.014558163471519947
-0.00022980909852776676
-0.00011955977242905647
-0.00023147765023168176
-0.004346329253166914
-0.0006959400488995016
-0.0064154863357543945
-0.00026174934464506805
-0.0001842805795604363
-0.00449681980535388
-0.0004389514506328851
-0.1283339411020279
-0.0008492438937537372
-0.06763964891433716
-0.001320681651122868
-0.001646116841584444
-0.00023135847004596144
-0.0043459730222821236
-0.0006959400488995016
-0.0005376085755415261
-0.00020811776630580425
-0.0015423318836838007
-0.002219476969912648
-0.6567671298980713
-0.012604455463588238
-0.00023147765023168176
-0.004346329253166914
-0.0006959400488995016
-0.004865710623562336
-3.981510963058099e-05
-0.00013422065239865333
-0.0039197769947350025
-0.00013314791431184858
-0.00015662873920518905
-9.047575440490618e-05
-0.0002449450839776546
-0.00034791138023138046
-0.0010332489619031549
-0.00016330339713022113
-0.003031303873285651
-0.0002315968304174021
-0.0037478222511708736
-0.0006960591417737305
-0.001129108713939786
-0.0002019201492657885
-0.0016104121459648013
-0.011175420135259628
-0.02005525305867195
-0.0062752352096140385
-0.00023147765023168176
-0.004346091765910387
-0.0006959400488995016
-0.003337054280564189
-0.0016307639889419079
-0.0001174142598756589
-0.001726209418848157
-5.006664650863968e-05
-8.916457591112703e-05
-0.10252359509468079
-4.076874756719917e-05
-8.868777513271198e-05
-0.00018189683032687753
-0.0038376033771783113
-0.004865710623562336
-0.00023147765023168176
-0.0037475847639143467
-0.0006959400488995016
-0.00016306500765495002
-3.58813522325363e-05
-0.02811727114021778
-0.8293451070785522
-0.021078385412693024
-0.004276060964912176
-0.019809620454907417
-0.005649077706038952
-0.0002315968304174021
-0.0037475847639143467
-0.0006961782928556204
-0.2276272028684616
-0.002152270870283246
-0.0003137096355203539
-0.007255041040480137
-5.8410845667822286e-05
-0.048996955156326294
-6.8662193370983e-05
-4.088794958079234e-05
-0.0001573438785271719
-5.876845170860179e-05
-1.2755313036905136e-05
-0.0489971823990345
-0.01928064040839672
-0.00011765264935093
-0.0020179639104753733
-0.05389658734202385
-0.02394297532737255
-0.00023135847004596144
-0.004346566740423441
-0.0006960591417737305
-0.006415604613721371
-0.0015720878727734089
-0.00018082413589581847
-0.0009913297835737467
-0.008322085253894329
-0.010778659954667091
-0.007085434626787901
-0.00040975757292471826
-0.0003897384158335626
-0.026163654401898384
-0.0004354958946350962
-0.00038926175329834223
-0.0007873057620599866
-0.0024547225330024958
-9.250213042832911e-05
-0.00021944021864328533
-0.00014220656885299832
-0.0009511952521279454
-0.0034444546326994896
-0.0034854395780712366
-0.004244130104780197
-0.001859008800238371
-0.07323426008224487
-0.00039915222441777587
-9.238292841473594e-05
-0.004295171704143286
-0.015038098208606243
-0.0014402027009055018
-0.0788995549082756
-0.005321504082530737
-0.00014375607133843005
-0.005235651042312384
-0.0011373248416930437
-9.238292841473594e-05
-0.0006669919239357114
-0.017528854310512543
-0.010778541676700115
-0.0006908176001161337
-0.027797672897577286
-0.010009923949837685
-0.004468100145459175
-0.008943499065935612
-0.09319079667329788
-0.04494476318359375
-0.00011681827891152352
-0.0005834784242324531
-0.0010474200826138258
-0.0002574589161667973
-0.0012942517641931772
-0.006656259763985872
-0.00032944019767455757
-0.0025296376552432775
-0.0002669931564014405
-0.0011239885352551937
-0.0005814530304633081
-0.08761923015117645
-0.00023493390472140163
-0.0001586549769854173
-5.2689116273541003e-05
-0.0028165215626358986
-0.0012050755321979523
-0.002732117660343647
-0.0021722547244280577
-0.0009690594743005931
-0.010778659954667091
-0.0022689569741487503
-0.2597770690917969
-0.058497123420238495
-0.0013980624498799443
-0.0034949432592839003
-0.006765080615878105
-0.09767770767211914
-0.8293357491493225
-0.0003409996279515326
-0.013545741327106953
-0.0015194787411019206
-0.0020682865288108587
-0.0005315321614034474
-6.007967749610543e-05
-0.00039498155820183456
-0.037871554493904114
-0.03695772588253021
-0.07574296742677689
-0.00039867559098638594
-0.0010409895330667496
-0.0017685738857835531
-4.038213729858398
-0.00014041867689229548
-0.004364014137536287
-0.000120751719805412
-0.00014911970356479287
-0.0009807306341826916
-0.004439379554241896
-0.0055434550158679485
-0.0004306104383431375
-0.004687036853283644
-0.003821452846750617
-0.0222490131855011
-9.846202738117427e-05
-0.00027164106722921133
-0.020965974777936935
-6.460934673668817e-05
-0.0010345588671043515
-0.0005470209871418774
-0.00011789103882620111
-0.0222490131855011
-0.004865947645157576
-0.00036459474358707666
-0.0005663221818394959
-0.0001262346631847322
-0.003640573238953948
-0.0011781663633883
-0.13516679406166077
-0.19957858324050903
-3.373566141817719e-05
-0.003504090243950486
-0.0003116837178822607
-0.002535464009270072
-0.00035744477645494044
-0.011643429286777973
-0.00025507534155622125
-0.00030012393835932016
-0.0024044194724410772
-0.0018241447396576405
-0.00017510310863144696
-0.025686126202344894
-0.007289479486644268
-0.05766531452536583
-0.005801505874842405
-9.238292841473594e-05
-0.0003297977091278881
-0.0024704195093363523
-0.002399543533101678
-0.0021096847485750914
-0.08761879056692123
-0.0003493413969408721
-0.0002029928145930171
-3.5523738915799186e-05
-6.90197994117625e-05
-0.00030620177858509123
-0.026651980355381966
-0.004498243797570467
-0.009527687914669514
-0.08761867880821228
-0.0002498314715921879
-0.0004478881892282516
-0.0023834886960685253
-0.0005679901223629713
-0.00010847456724150106
-9.238292841473594e-05
-9.250213042832911e-05
-0.0005776405450887978
-0.006107121240347624
-0.003720862790942192
-0.006399140227586031
-0.007224388420581818
-0.005383399315178394
-0.07520241290330887
-0.0017369197448715568
-0.0002774807217065245
-0.0005486889858730137
-0.004646694287657738
-0.001865553087554872
-0.032066892832517624
-0.0222490131855011
-0.0001842805795604363
-0.0019026764202862978
-0.040513262152671814
-0.0001401803019689396
-0.004718004260212183
-0.07268614321947098
-0.00010775939153973013
-0.0012566297082230449
-0.000824230897706002
-0.006238155532628298
-0.05653398111462593
-8.737658936297521e-05
-0.0001045410826918669
-0.001490554423071444
-0.0016581370728090405
-0.00010597144137136638
-0.008277987129986286
-0.00023457636416424066
-0.0003259842633269727
-0.00011157367407577112
-0.00483296811580658
-0.014515632763504982
-0.0001954841281985864
-0.0014785320963710546
-0.04297478869557381
-9.238292841473594e-05
-5.1020273531321436e-05
-0.00010978573118336499
-0.010265291668474674
-0.008603530004620552
-0.012083779089152813
-0.04395079240202904
-0.0002498314715921879
-0.00028772983932867646
-9.238292841473594e-05
-0.00023493390472140163
-0.004395466763526201
-0.0034387523774057627
-0.006162925623357296
-0.0012218636693432927
-0.0054649715311825275
-0.007389001548290253
-0.08197382837533951
-0.005649196449667215
-0.004733310081064701
-0.016948267817497253
-0.005798779893666506
-0.0980130285024643
-0.0001934579631779343
-0.10132751613855362
-0.0019468179671093822
-7.795983401592821e-05
-0.00036900385748595
-0.0002746204845607281
-7.295342220459133e-05
-0.10166366398334503
-6.615896563744172e-05
-0.00033480284037068486
-0.00114827963989228
-9.238292841473594e-05
-0.01260421983897686
-0.00020466140995267779
-0.000303818320389837
-0.00017891713650897145
-0.030492914840579033
-0.000285584683297202
-0.010778659954667091
-0.056500181555747986
-0.016199862584471703
-0.017325717955827713
-0.42737892270088196
-0.0013171101454645395
-0.00275113875977695
-0.025865502655506134
-0.0002640137099660933
-0.0002224197960458696
-9.250213042832911e-05
-0.010778541676700115
-0.000120751719805412
-0.01661980338394642
-0.004182995297014713
-0.016584863886237144
-0.002836611121892929
-0.004659390542656183
-0.00048375347978435457
-0.0049923998303711414
-9.238292841473594e-05
-0.0008687774534337223
-0.00012730741582345217
-9.238292841473594e-05
-0.00017951308109331876
-0.0005087750032544136
-0.0013768726494163275
-4.470248313737102e-05
-0.0006075443816371262
-0.00028689560713246465
-4.136476854910143e-05
-0.0001003691868390888
-0.007233028300106525
-0.001800108002498746
-0.02119230106472969
-0.0014638908905908465
-0.00015507926582358778
-0.0037378461565822363
-9.238292841473594e-05
-0.0012180536286905408
-0.010614603757858276
-8.05822346592322e-05
-0.00014900050882715732
-0.004245079588145018
-0.049529168754816055
-0.01671699434518814
-0.00740710599347949
-0.00013696208770852536
-9.238292841473594e-05
-0.0002115741081070155
-0.009703019633889198
-0.0005012686015106738
-0.00012063252506777644
-0.0001081169830285944
-0.0006053998949937522
-0.007588488981127739
-0.0324816070497036
-0.0021749907173216343
-0.0031791406217962503
-0.00367668061517179
-9.238292841473594e-05
-0.006736070849001408
-0.039075322449207306
-0.017513861879706383
-2.6225699912174605e-05
-0.002256944077089429
-0.000750617531593889
-0.001001690630801022
-0.00019059749320149422
-0.00019369633810129017
-0.013242273591458797
-6.48477507638745e-05
-0.0008815216715447605
-0.00029488030122593045
-0.0009913297835737467
-0.000571326119825244
-0.000764792668633163
-0.1309988647699356
-0.00017152745567727834
-0.14240828156471252
-0.05308784544467926
-7.116541382856667e-05
-0.0003071551618631929
-0.027899811044335365
-0.0001546025014249608
-0.0003066784702241421
-0.00344469235278666
-0.045194096863269806
-0.045527778565883636
-0.00841299258172512
-9.238292841473594e-05
-0.00031120702624320984
-0.0019860798493027687
-6.294052582234144e-05
-0.008383439853787422
-0.011727556586265564
-0.012153500691056252
-0.0055434550158679485
-0.03566271811723709
-0.0008239926537498832
-0.002746859099715948
-0.00015925093612167984
-0.04451694339513779
-0.07627881318330765
-0.022282123565673828
-0.05171520635485649
-0.14034639298915863
-0.00024089295766316354
-0.004652389790862799
-8.034383063204587e-05
-0.000518664310220629
-9.238292841473594e-05
-0.0005797850899398327
-9.48860906646587e-05
-0.0002992897352669388
-0.0020377126056700945
-0.004832730628550053
-0.005757889710366726
-0.00150781380943954
-0.0008236353169195354
-5.61460001335945e-05
-0.00019274283840786666
-0.00010239553375868127
-0.07740558683872223
-9.238292841473594e-05
-0.0012844892917200923
-0.00020668754586949944
-0.0008239926537498832
-0.0018240257631987333
-0.000542612629942596
-0.06996768712997437
-0.0006071869283914566
-0.004453740082681179
-0.024424711242318153
-0.21449746191501617
-0.004594721365720034
-0.004267989192157984
-0.010391534306108952
-9.238292841473594e-05
-0.006898869760334492
-0.0030739696230739355
-0.0003327769518364221
-0.000706780469045043
-0.004865710623562336
-0.000289159914245829
-0.0003713871701620519
-0.0018036778783425689
-0.004078998696058989
-0.0016049373662099242
-0.0005920564290136099
-0.002372428774833679
-4.827859811484814e-05
-0.0048799458891153336
-0.00017474555352237076
-9.238292841473594e-05
-3.373566141817719e-05
-0.00021264675888232887
-0.0016277885297313333
-0.007287822663784027
-0.0045242332853376865
-5.471556869451888e-05
-0.08761923015117645
-6.389413465512916e-05
-0.0012674640165641904
-0.0004117832868359983
-0.00014029949670657516
-0.0006930810050107539
-0.0002343380037928
-0.0007688426994718611
-9.250213042832911e-05
-0.001858056872151792
-0.00023457636416424066
-0.0006817638641223311
-0.0003833036171272397
-0.006447466555982828
-0.0008515069494023919
-0.0007939761853776872
-0.14831401407718658
-0.009848339483141899
-0.0025219083763659
-0.0002627027570270002
-0.0064240144565701485
-0.0001787979417713359
-0.0026965707074850798
-9.238292841473594e-05
-0.0001512651506345719
-0.09420907497406006
-0.0077772908844053745
-0.003911464940756559
-0.014562510885298252
-0.0008138681878335774
-0.023800157010555267
-0.00030620177858509123
-0.00208125333301723
-6.294052582234144e-05
-0.006878979969769716
-9.238292841473594e-05
-0.00023767507809679955
-0.0033980030566453934
-4.339123915997334e-05
-0.002257063053548336
-0.0019594295881688595
-0.0009545299108140171
-0.018733711913228035
-1.2274718284606934
-0.014986544847488403
-0.0014705568319186568
-9.238292841473594e-05
-0.0004925706889480352
-0.001986912451684475
-0.0003847335756290704
-0.0038153964560478926
-0.0015307862777262926
-0.0005494038923643529
-6.270212179515511e-05
-9.238292841473594e-05
-0.00010775939153973013
-0.0001411338453181088
-0.00022837892174720764
-0.00010013079008786008
-0.03336967155337334
-0.00044109628652222455
-0.00017855956684798002
-0.0063532995991408825
-0.00027616979787126184
-0.0005354639724828303
-0.0034669076558202505
-0.09941308200359344
-0.00097977789118886
-0.0002554328821133822
-9.250213042832911e-05
-0.00025102324434556067
-0.00023493390472140163
-0.000120751719805412
-1.1117500066757202
-0.04313818737864494
-0.0008686583023518324
-0.006473049987107515
-0.0035397273022681475
-9.250213042832911e-05
-0.00013863079948350787
-0.02136688306927681
-0.00016592556494288146
-0.009987736120820045
-0.001689317636191845
-0.010006619617342949
-9.250213042832911e-05
-0.00034409802174195647
-0.0016869375249370933
-0.0009191579301841557
-0.004396890755742788
-0.003392300335690379
-0.0014973392244428396
-0.020449986681342125
-0.0966150164604187
-0.08212406188249588
-0.00040141629870049655
-0.0016946729738265276
-0.002388602588325739
-9.238292841473594e-05
-8.237022848334163e-05
-0.0019152885070070624
-0.011332782916724682
-0.002609540708363056
-0.0017075256910175085
-0.07627914845943451
-0.02449764870107174
-0.003925001714378595
-0.01509775035083294
-0.0008041008841246367
-0.0003182381624355912
-9.238292841473594e-05
-0.016709022223949432
-0.00010680581908673048
-0.5014512538909912
-0.0002488780301064253
-0.00033718624035827816
-0.0009983561467379332
-0.01562683656811714
-0.017211008816957474
-0.0030321357771754265
-0.00234650238417089
-9.238292841473594e-05
-0.00018952481332235038
-0.0002047805901383981
-0.0001463782973587513
-0.00036054308293387294
-0.008512166328728199
-0.000690460205078125
-0.03566444665193558
-0.008037366904318333
-0.005047436337918043
-0.016480859369039536
-0.004177890717983246
-0.0002580548170953989
-0.000824230897706002
-0.0008270895341411233
-0.005016478709876537
-0.17791107296943665
-0.0004951919545419514
-0.0010795724811032414
-0.0014511541230604053
-0.012892465107142925
-0.0222490131855011
-0.00031895318534225225
-0.0007258402765728533
-0.0031060567125678062
-0.021778594702482224
-0.000962151971179992
-0.00010930894495686516
-0.04725352302193642
-0.06763976067304611
-0.0007808735244907439
-0.03440910950303078
-0.006025601178407669
-0.2597770690917969
-0.09642905741930008
-0.00019870213873218745
-0.03416939824819565
-0.007529924623668194
-0.004594840109348297
-0.0003134713042527437
-0.31684592366218567
-0.05466393008828163
-0.0008418591460213065
-0.0008239926537498832
-0.0008236353169195354
-0.00011395759065635502
-0.0002557904226705432
-0.0003477922291494906
-0.00013517419574782252
-0.0001454247540095821
-0.0007880204357206821
-0.0005023409612476826
-0.006496737711131573
-0.006682785227894783
-0.004250658676028252
-0.07164980471134186
-0.022248897701501846
-0.0002047805901383981
-2.90866428258596e-05
-0.0006712805479764938
-4.625213477993384e-05
-0.031701087951660156
-0.0007010624394752085
-0.0038161089178174734
-0.009546817280352116
-0.007101887371391058
-0.030884012579917908
-0.0004253674705978483
-0.021596617996692657
-0.001948483637534082
-0.07422512769699097
-0.0004798214649781585
-0.0018071286613121629
-0.00041237910045310855
-0.001466033631004393
-0.17215387523174286
-0.006896975450217724
-0.0052477470599114895
-0.019879741594195366
-0.00024303820100612938
-9.238292841473594e-05
-0.00031585473334416747
-0.0001037067049765028
-9.452849917579442e-05
-7.986703712958843e-05
-0.003586647566407919
-0.0001839230244513601
-0.028573133051395416
-0.009547052904963493
-0.00504731759428978
-0.009558270685374737
-0.006465706508606672
-0.17226386070251465
-0.00023147765023168176
-0.004346329253166914
-0.0005227153305895627
-0.0048655918799340725
-0.00016425691137555987
-0.00037531962152570486
-0.05590921267867088
-0.0011703077470883727
-0.00012575789878610522
-0.0007525234250351787
-8.511180931236595e-05
-0.012955423444509506
-0.0010830257087945938
-0.003669791854918003
-0.00023135847004596144
-0.0037475847639143467
-0.0005227153305895627
-0.006415604613721371
-4.0120086669921875
-0.5240942239761353
-0.0026175067760050297
-0.06245534494519234
-0.06404492259025574
-0.014104445464909077
-0.00023147765023168176
-0.004346329253166914
-0.0005227153305895627
-0.00412838626652956
-0.0004145239945501089
-0.0003411188081372529
-4.9828242481453344e-05
-0.011295654810965061
-0.03874842822551727
-0.0035388958640396595
-0.00021514961554203182
-0.00023147765023168176
-0.004346091765910387
-0.0005225961795076728
-0.006415722891688347
-0.00024768622824922204
-0.014454183168709278
-0.02198164537549019
-0.0027999980375170708
-0.035722073167562485
-0.00023147765023168176
-0.004534201696515083
-0.0005227153305895627
-0.00016842853801790625
-0.0004914983292110264
-0.0002848696312867105
-0.0006977269076742232
-0.002555440180003643
-0.002620122628286481
-0.0025542511139065027
-0.013064384460449219
-9.238292841473594e-05
-0.002498364308848977
-0.007501646876335144
-0.00023135847004596144
-0.004346566740423441
-0.0005227153305895627
-0.00014518637908622622
-0.00019834458362311125
-0.0005743046058341861
-0.0011856677010655403
-0.0008422164828516543
-0.002765404526144266
-9.238292841473594e-05
-0.0013325868640094995
-0.0003909300430677831
-0.0013860390754416585
-0.008098148740828037
-0.6024763584136963
-0.0002315968304174021
-0.0043464479967951775
-0.0005225961795076728
-5.566918844124302e-05
-0.00016246906307060272
-0.00024828212917782366
-0.0001282609737245366
-0.005677289329469204
-0.0002623452164698392
-0.00020823694649152458
-0.001211147871799767
-0.002141327131539583
-0.018744241446256638
-0.015468738973140717
-0.00023135847004596144
-0.004346091765910387
-0.0005227153305895627
-0.004211010877043009
-0.0006684214458800852
-0.0008241117466241121
-4.768360213347478e-06
-0.0004236992390360683
-0.05138687044382095
-0.000219321038457565
-0.00040725519647821784
-0.0012049565557390451
-0.0010458719916641712
-0.00023147765023168176
-0.004346329253166914
-0.0005227153305895627
-0.00018606838420964777
-0.0013581824023276567
-0.00017248096992261708
-0.0216788612306118
-0.0011887634173035622
-0.000525217386893928
-0.021031929180026054
-0.004313095007091761
-5.221230458118953e-05
-0.00014840454969089478
-0.17010170221328735
-0.00023135847004596144
-0.0043459730222821236
-0.0005225961795076728
-0.0028715587686747313
-0.0032550706528127193
-0.00045622908510267735
-0.0027348517905920744
-0.0022306579630821943
-9.250213042832911e-05
-0.002065312582999468
-0.021241433918476105
-0.00023147765023168176
-0.004346329253166914
-0.0005227153305895627
-0.0009977606823667884
-0.05968823656439781
-5.686121585313231e-05
-0.00017248096992261708
-0.0021745148114860058
-7.509902934543788e-05
-2.6403772830963135
-0.0044138627126812935
-0.0199686698615551
-0.002377423457801342
-0.0002493547508493066
-0.00011062010162277147
-0.0002693767019081861
-0.0007232195930555463
-0.0006841464783065021
-0.00019262365822214633
-5.722029527532868e-06
-0.00013433984713628888
-0.027988841757178307
-0.021126125007867813
-0.0034863899927586317
-0.0018116504652425647
-0.02744654007256031
-0.0034761736169457436
-0.03212784603238106
-0.1528845578432083
-0.00023147765023168176
-0.0037475847639143467
-0.0005225961795076728
-0.0019851280376315117
-0.004253863822668791
-0.0005760917556472123
-0.006219911389052868
-0.0002315968304174021
-0.0037478222511708736
-0.0005228344234637916
-0.07875974476337433
-0.0005259322933852673
-0.0005657264264300466
-0.00026472879108041525
-0.023255113512277603
-0.00023135847004596144
-0.0043459730222821236
-0.0005225961795076728
-4.8397800128441304e-05
-0.11505753546953201
-0.006920771673321724
-0.0008978387922979891
-0.0018900641007348895
-0.002486472949385643
-0.009333075024187565
-0.014135828241705894
-0.0005789510905742645
-0.00014053787162993103
-0.04020790755748749
-0.00017379203927703202
-0.0026145342271775007
-0.0006289887824095786
-0.0002348147245356813
-0.0002585315378382802
-0.0002315968304174021
-0.0037478222511708736
-0.0005228344234637916
-0.0018682897789403796
-0.0013904437655583024
-0.08710428327322006
-0.010840925388038158
-0.018243374302983284
-0.00046885941992513835
-0.005289013497531414
-0.0011366104008629918
-0.00039414744242094457
-0.01966083236038685
-0.00023147765023168176
-0.0011448265286162496
-0.07313266396522522
-0.0019299230771139264
-0.00018487652414478362
-0.012854923494160175
-0.0169114638119936
-0.00012492353562265635
-0.015264242887496948
-0.0440300777554512
-0.15354116261005402
-0.044516827911138535
-0.5693119764328003
-8.356221951544285e-05
-0.0006681832019239664
-0.00023135847004596144
-0.004534557461738586
-0.0005227153305895627
-0.006415604613721371
-0.0001991788885788992
-0.0012886562617495656
-0.008010405115783215
-0.0001995364436879754
-1.585470999998506e-05
-0.0017539369873702526
-0.005202446132898331
-0.000179036331246607
-0.0018616265151649714
-0.00023135847004596144
-0.004346091765910387
-0.0005225961795076728
-0.008411101065576077
-0.05842527747154236
-0.0002675890573300421
-9.250213042832911e-05
-0.06714295595884323
-0.00033122775494121015
-0.014467108063399792
-0.002095409668982029
-0.0010873125866055489
-0.0022345830220729113
-0.0009919252479448915
-0.001029200037010014
-0.627232015132904
-0.0031562058720737696
-0.00023147765023168176
-0.00374770350754261
-0.0005227153305895627
-0.00021264675888232887
-6.19869097135961e-05
-1.6212332411669195e-05
-9.238292841473594e-05
-0.0036332090385258198
-0.00762906763702631
-3.075552376685664e-05
-0.00619479501619935
-0.006360169965773821
-0.007035600487142801
-0.00946439616382122
-0.010778659954667091
-0.00023147765023168176
-0.004346329253166914
-0.0005227153305895627
-0.000780754373408854
-0.012995785102248192
-0.0015603045467287302
-0.004917076323181391
-9.238292841473594e-05
-0.0989638939499855
-0.00039200251922011375
-0.026048794388771057
-0.4275432825088501
-0.00023135847004596144
-0.004346091765910387
-0.0005227153305895627
-0.0037839256692677736
-0.007437753025442362
-0.0004689785710070282
-0.021126125007867813
-0.007465440779924393
-0.02112589031457901
-0.0002899941464420408
-0.0006343498243950307
-0.002288105897605419
-0.008913135156035423
-0.00023147765023168176
-0.004346091765910387
-0.0005225961795076728
-0.07313244044780731
-0.0024732735473662615
-0.0008356655016541481
-8.082063141046092e-05
-0.0016956250183284283
-0.009805725887417793
-0.00024959311122074723
-3.9457496313843876e-05
-0.004246979020535946
-0.00020787939138244838
-0.00028618055512197316
-0.000993116176687181
-0.006533334031701088
-0.04026057943701744
-0.04451694339513779
-0.0006342306733131409
-0.00023147765023168176
-0.004534201696515083
-0.0005227153305895627
-0.00016842853801790625
-0.0030853785574436188
-0.004572293721139431
-0.00016842853801790625
-0.003085140837356448
-0.0010742137674242258
-0.3549652695655823
-0.01412195898592472
-0.019662002101540565
-0.004034475889056921
-0.059477873146533966
-0.01901458203792572
-0.00023147765023168176
-0.004534438718110323
-0.0005225961795076728
-0.004439617041498423
-0.0004503904783632606
-0.013197097927331924
-9.250213042832911e-05
-7.438383181579411e-05
-0.005642795003950596
-0.011682194657623768
-0.004954916890710592
-0.0418563112616539
-0.02560502476990223
-0.01449225191026926
-0.00023147765023168176
-0.004346091765910387
-0.0005225961795076728
-0.009879029355943203
-0.0003843760641757399
-0.0006462631281465292
-0.03732253238558769
-0.5610670447349548
-0.00024959311122074723
-0.030294014140963554
-0.00046659549116156995
-0.0266901683062315
-0.00023135847004596144
-0.0043459730222821236
-0.0005225961795076728
-0.0025541323702782393
-0.002309038769453764
-0.002309038769453764
-3.9967312812805176
-0.008691812865436077
-0.046996284276247025
-0.11858274042606354
-0.015443031676113605
-0.00023135847004596144
-0.004346091765910387
-0.0005227153305895627
-0.22405856847763062
-0.000301673193462193
-0.0028683494310826063
-0.0002637753786984831
-0.0001497156627010554
-0.0055151209235191345
-2.3245540432981215e-05
-0.004402468912303448
-0.00528142461553216
-0.011146537959575653
-0.008707412518560886
-0.006683614104986191
-0.01901446469128132
-0.0011613775277510285
-0.008223365060985088
-0.01675650104880333
-0.016062267124652863
-0.00010871296399272978
-0.0019462230848148465
-0.004703292157500982
-0.03400418162345886
-0.0002315968304174021
-0.0043462105095386505
-0.0005228344234637916
-0.0006648475537076592
-0.015821048989892006
-0.0012471048394218087
-0.08901699632406235
-0.0006310140597634017
-9.238292841473594e-05
-0.009086212143301964
-0.00010358751023886725
-0.013368964195251465
-9.131014667218551e-05
-0.0004306104383431375
-0.0007420408655889332
-0.03939339891076088
-0.028460057452321053
-0.001029557315632701
-0.0006936766440048814
-0.11778367310762405
-0.00039593485416844487
-0.00023135847004596144
-0.004346566740423441
-0.0005227153305895627
-0.0010218166280537844
-0.029534006491303444
-0.00029130507027730346
-0.00017498392844572663
-0.0004489606071729213
-0.0006952252588234842
-3.8980677345534787e-05
-0.008129247464239597
-0.0001380348257953301
-0.02076365053653717
-0.00017629499780014157
-0.0064074317924678326
-0.00013386306818574667
-0.0006912940880283713
-0.0029933906625956297
-7.509902934543788e-05
-0.026317747309803963
-0.00023135847004596144
-0.004534557461738586
-0.0005227153305895627
-0.0064154863357543945
-0.0004920940846204758
-0.00014828535495325923
-0.002372190821915865
-0.0006042085005901754
-0.00029237763374112546
-0.00014995403762441128
-0.40176987648010254
-0.0013988957507535815
-0.024033522233366966
-0.00253700977191329
-0.0007883778307586908
-0.01752721518278122
-0.00023147765023168176
-0.004346091765910387
-0.0005225961795076728
-0.006415604613721371
-9.786603914108127e-05
-0.0002203936892328784
-0.0006237468332983553
-0.0341719351708889
-0.000795762927737087
-0.0007221474661491811
-0.006543518975377083
-0.002032121177762747
-0.00023135847004596144
-0.004346091765910387
-0.0005227153305895627
-0.002510849852114916
-0.004414218943566084
-0.041065800935029984
-6.913899414939806e-05
-0.8293453454971313
-0.0004374024283606559
-0.0002060916303889826
-0.0048218159936368465
-1.457110047340393
-0.06348055601119995
-0.2341623157262802
-0.0011816193582490087
-0.001046705641783774
-0.014046496711671352
-0.00023135847004596144
-0.0043459730222821236
-0.0005225961795076728
-0.0002212279650848359
-0.00853734277188778
-0.0002554328821133822
-0.00042775063775479794
-0.002354827243834734
-0.22799302637577057
-0.19734595715999603
-12.277252197265625
-0.0478200800716877
-0.00020621081057470292
-0.0002315968304174021
-0.0037478222511708736
-0.0005228344234637916
-0.0010609956225380301
-0.001971921883523464
-0.0312601663172245
-4.7801782784517854e-05
-0.00010013079008786008
-0.0002315968304174021
-0.0043462105095386505
-0.0005228344234637916
-0.004865710623562336
-4.589452510117553e-05
-0.0008956949459388852
-0.0002051381452474743
-0.00011193125828867778
-0.0033831524197012186
-0.001595177804119885
-9.48860906646587e-05
-0.731583297252655
-0.010743398219347
-0.015692908316850662
-0.007186752278357744
-0.010947640985250473
-0.011920054443180561
-0.012276208959519863
-0.006415604613721371
-0.00023135847004596144
-0.00374770350754261
-0.0005227153305895627
-9.810443589231e-05
-0.0002512616047170013
-0.002890696283429861
-0.8293449878692627
-0.00016437610611319542
-9.238292841473594e-05
-0.031228508800268173
-0.00023147765023168176
-0.004346091765910387
-0.0005225961795076728
-0.0005388000281527638
-0.003809458576142788
-5.173549288883805e-05
-0.0030341562815010548
-0.0002762889489531517
-0.004220863804221153
-0.0005154472892172635
-0.00519260298460722
-0.00021562635083682835
-0.011903798207640648
-6.69933797325939e-05
-0.0002530493075028062
-0.010211839340627193
-0.0020549625623971224
-0.011835119687020779
-0.015397134236991405
-0.007405804470181465
-0.00023135847004596144
-0.0037475847639143467
-0.0005227153305895627
-0.001962760929018259
-0.00035291642416268587
-0.0007439468172378838
-0.05842538923025131
-9.250213042832911e-05
-0.0008417400531470776
-0.0016423083143308759
-0.17429620027542114
-0.04625478759407997
-4.911301948595792e-05
-0.00023147765023168176
-0.0037475847639143467
-0.0005225961795076728
-0.0008769956766627729
-0.00016592556494288146
-0.003951361868530512
-0.010323695838451385
-0.0003305127320345491
-9.250213042832911e-05
-0.000950004265177995
-0.002398948883637786
-0.008507084101438522
-0.00023147765023168176
-0.00010525626566959545
-0.0005227153305895627
-0.016857312992215157
-0.0049384282901883125
-0.11133153736591339
-0.0044972943142056465
-0.006672246381640434
-0.023290986195206642
-0.00017176583060063422
-0.0008187517523765564
-8.177422569133341e-05
-0.008887614123523235
-0.0455186665058136
-0.017822476103901863
-1.8259536027908325
-0.0002315968304174021
-0.0043462105095386505
-0.0005228344234637916
-0.00020930961181875318
-0.0011157722910866141
-2.9610402584075928
-0.0025533000007271767
-0.00018523407925385982
-0.0007176207727752626
-0.0007410878897644579
-0.005167698487639427
-0.00027259447961114347
-0.0010178867960348725
-0.0008886678842827678
-0.0005221195751801133
-0.00011014331539627165
-0.00023135847004596144
-0.0043459730222821236
-0.0005225961795076728
-0.004264547023922205
-0.0006593675934709609
-0.03503283113241196
-9.238292841473594e-05
-0.005862659774720669
-9.560128091834486e-05
-0.013963388279080391
-0.0014537728857249022
-0.0005279577453620732
-0.14907120168209076
-0.0002315968304174021
-0.0043462105095386505
-0.0005228344234637916
-0.0001679517881711945
-9.023735765367746e-05
-0.0009539344464428723
-0.00840991921722889
-0.024006405845284462
-0.012807965278625488
-0.0005894353962503374
-0.002442355267703533
-0.00013016807497479022
-0.002078160410746932
-0.00017438798386137933
-0.0003295593778602779
-0.008949524722993374
-0.00023135847004596144
-0.0043459730222821236
-0.0005225961795076728
-0.0033369355369359255
-0.00019298121333122253
-6.878139538457617e-05
-0.00011955977242905647
-0.00018535325943958014
-0.00010013079008786008
-0.0145289096981287
-0.004240212496370077
-0.00023135847004596144
-0.004346566740423441
-0.0005227153305895627
-0.27218055725097656
-0.0025541323702782393
-0.013798325322568417
-0.0017715488793328404
-0.001973468577489257
-0.0018603176577016711
-0.0005423743859864771
-0.002301902510225773
-0.16554662585258484
-0.0008208957733586431
-0.0016781308222562075
-0.0039386567659676075
-0.008399752900004387
-0.0002315968304174021
-0.0037475847639143467
-0.0005229535745456815
-0.014245953410863876
-0.00020859450160060078
-0.010784674435853958
-0.010778659954667091
-9.238292841473594e-05
-0.007247703615576029
-0.012590210884809494
-0.0039056462701410055
-0.00022098960471339524
-0.00013195598148740828
-0.036723218858242035
-0.006415722891688347
-0.0002315968304174021
-0.0043462105095386505
-0.0005228344234637916
-0.0006612736615352333
-0.0005619138828478754
-0.0008880723617039621
-0.00870729424059391
-9.238292841473594e-05
-0.0002315968304174021
-0.0037475847639143467
-0.0005229535745456815
-0.006415367592126131
-0.0001668790791882202
-8.844937838148326e-05
-0.8293452858924866
-0.0015300721861422062
-0.00023135847004596144
-0.004346091765910387
-0.0005227153305895627
-0.002468516817316413
-0.00019059749320149422
-0.0049212281592190266
-0.00027533553657121956
-0.00216821045614779
-0.0006168370018713176
-0.0075453054159879684
-0.010496528819203377
-0.0009348789462819695
-0.00023147765023168176
-0.004346091765910387
-0.0005225961795076728
-0.0020180828869342804
-0.0044103022664785385
-7.223821739898995e-05
-0.0046623568050563335
-0.014429155737161636
-0.0017995130037888885
-0.009677283465862274
-0.2839697599411011
-0.2808384299278259
-0.0043857344426214695
-0.00019774865359067917
-0.00013124081306159496
-0.00012706902634818107
-0.002186647616326809
-5.2689116273541003e-05
-0.016298502683639526
-0.0002315968304174021
-0.0045343199744820595
-0.0005228344234637916
-0.0064154863357543945
-0.023013876751065254
-1.6706794500350952
-0.00014184899919200689
-0.007415744010359049
-0.0006237468332983553
-0.002593608107417822
-0.008171459659934044
-2.7445435523986816
-0.030543791130185127
-0.00018559163436293602
-0.0019032713025808334
-0.01819748803973198
-9.250213042832911e-05
-0.00212479243054986
-0.04332713037729263
-0.018286099657416344
-0.049270812422037125
-0.07574307918548584
-0.017192963510751724
-0.009633244946599007
-0.00024148885859176517
-0.011478573083877563
-0.00595355499535799
-0.008528714068233967
-5.185469490243122e-05
-0.0002348147245356813
-0.00023457636416424066
-0.015843460336327553
-0.002093268558382988
-0.013063089922070503
-1.4066597032069694e-05
-0.0009503615438006818
-0.10229213535785675
-0.011196167208254337
-0.0008126770262606442
-0.002967242617160082
-0.01069551520049572
-0.0014779369812458754
-0.029584698379039764
-0.023498037829995155
-0.0004880429187323898
-9.238292841473594e-05
-0.0003743662964552641
-0.0019276624079793692
-0.22444456815719604
-0.0005297449533827603
-0.0360199473798275
-0.003615630092099309
-0.03544781357049942
-0.01671699434518814
-0.0002932118659373373
-0.01788816973567009
-0.016098985448479652
-0.005372609477490187
-0.006082239560782909
-0.004865710623562336
-9.238292841473594e-05
-0.010392832569777966
-0.0001358893496217206
-0.01689704693853855
-0.011643076315522194
-0.0037830944638699293
-0.012429866939783096
-0.0003713871701620519
-0.0012197205796837807
-9.238292841473594e-05
-0.0002348147245356813
-0.0017535799415782094
-0.0004553949984256178
-0.002451036125421524
-0.011195577681064606
-0.006556783337146044
-0.00941491685807705
-0.00589051004499197
-0.0002996472467202693
-0.0011408970458433032
-9.250213042832911e-05
-0.00015531764074694365
-0.010778541676700115
-0.001620409544557333
-0.000506511190906167
-0.0003693613689392805
-0.014799216762185097
-0.010707072913646698
-0.01445947028696537
-0.0013256819220259786
-0.0037430718075484037
-6.384998321533203
-0.0003070359816774726
-0.00621221074834466
-0.09801314026117325
-0.0002914242504630238
-0.0049362932331860065
-0.016429027542471886
-0.0022545652464032173
-0.01172025129199028
-0.011617152951657772
-0.005071395076811314
-0.029622312635183334
-0.1817912757396698
-0.0010002615163102746
-0.0004170263418927789
-9.238292841473594e-05
-0.00048423008411191404
-0.0015812524361535907
-0.00012063252506777644
-0.00012051333033014089
-0.004789902828633785
-0.07574296742677689
-0.033539608120918274
-0.0003980797773692757
-0.0017483439296483994
-9.238292841473594e-05
-0.0014709139941260219
-0.01064668595790863
-0.024878306314349174
-0.083658367395401
-0.0010102650849148631
-0.007475379854440689
-0.0796346366405487
-0.020213095471262932
-0.019791271537542343
-0.00029130507027730346
-0.0036301210056990385
-0.0019922663923352957
-0.00023457636416424066
-0.003529392648488283
-0.00032634177478030324
-2.2411095415009186e-05
-0.00105015910230577
-0.007014766801148653
-0.44942808151245117
-0.0015230495482683182
-0.0022722873836755753
-0.0025883764028549194
-0.015970176085829735
-9.238292841473594e-05
-0.00038675934774801135
-0.00030012393835932016
-0.00015841660206206143
-0.007077503949403763
-0.002003092784434557
-0.0002225389762315899
-0.00759499566629529
-0.001082073082216084
-9.238292841473594e-05
-0.004865473136305809
-0.0010096696205437183
-0.0006740205571986735
-0.012434105388820171
-0.0009377372916787863
-0.012754296883940697
-0.062356676906347275
-0.00071190285962075
-0.1326013058423996
-0.0026723172049969435
-9.238292841473594e-05
-0.0002205128694185987
-0.06245668977499008
-0.00388177833519876
-0.1021481305360794
-0.008926603943109512
-0.043391283601522446
-0.13592223823070526
-0.000402250443585217
-0.00044764988706447184
-0.0002553137019276619
-0.012399137020111084
-0.00015555603022221476
-0.0008393579046241939
-0.0020078516099601984
-0.004687867127358913
-0.010507381521165371
-0.10974439978599548
-0.0042408062145113945
-0.00013445904187392443
-0.00038818930624984205
-0.0005410637822933495
-0.000120751719805412
-0.0011093420907855034
-0.00015376816736534238
-0.00228537037037313
-0.019983509555459023
-0.008423040620982647
-0.15040038526058197
-0.0014188947388902307
-0.00014375607133843005
-0.004309771116822958
-0.0004967409186065197
-0.00021669900161214173
-0.0001736728590913117
-0.00909353606402874
-0.000686767278239131
-0.00024077377747744322
-0.0021504866890609264
-0.0007107115816324949
-0.0011314902221783996
-9.238292841473594e-05
-0.002204251941293478
-0.012604808434844017
-0.014225739054381847
-0.0003455280384514481
-0.0008553183870390058
-0.002742460463196039
-0.030695708468556404
-0.00025722055579535663
-0.0008239926537498832
-0.00048315772437490523
-0.00021205084340181202
-0.0001805857609724626
-9.178694017464295e-05
-0.00026651646476238966
-0.0004142856632824987
-0.0024078681599348783
-0.029931262135505676
-0.001359610934741795
-0.0026590011548250914
-0.0007636015070602298
-0.01699397712945938
-0.012153382413089275
-0.00030179237364791334
-0.0012200777418911457
-0.0006554362480528653
-0.0013573489850386977
-0.00023922442051116377
-0.0015073377871885896
-0.0007221474661491811
-0.0018517505377531052
-0.006668101530522108
-0.004574192687869072
-0.07262339442968369
-0.0031004713382571936
-9.238292841473594e-05
-0.00014125302550382912
-0.022281890735030174
-0.006846184842288494
-7.009260298218578e-05
-0.0002562671434134245
-0.00021109737281221896
-0.009093299508094788
-9.238292841473594e-05
-0.0002348147245356813
-0.0001486429391661659
-0.00042703570215962827
-0.06190464273095131
-0.07574296742677689
-0.00022432672267314047
-0.0001045410826918669
-0.0020772088319063187
-0.0005951540661044419
-0.00023505308490712196
-0.00013505500101018697
-9.238292841473594e-05
-0.04617886617779732
-0.03216997906565666
-0.004282945767045021
-0.018982768058776855
-0.007001153193414211
-0.0010010951664298773
-0.0006668727728538215
-9.238292841473594e-05
-0.0001740304142003879
-0.00023326536756940186
-0.0034833012614399195
-0.003324935445562005
-0.016277391463518143
-9.238292841473594e-05
-0.0010705222375690937
-0.05828426033258438
-0.0004027270770166069
-0.0013662775745615363
-0.0018490137299522758
-0.001096005435101688
-1.9357268810272217
-0.0008239926537498832
-0.00028975578607060015
-0.01260421983897686
-0.017605343833565712
-0.002686821622774005
-0.03348600119352341
-0.00017534149810671806
-0.002148345345631242
-0.0014230611268430948
-0.0011387537233531475
-0.00207673292607069
-0.0628909021615982
-3.9934315282152966e-05
-0.00023457636416424066
-0.03464324027299881
-0.00013529339048545808
-0.0010811204556375742
-8.225102646974847e-05
-0.0004764852055814117
-0.0025159630458801985
-0.8293451070785522
-0.0053531634621322155
-0.026929939165711403
-0.001719545223750174
-0.0007876630988903344
-0.007395746186375618
-0.021453462541103363
-0.03249683976173401
-0.0004936429904773831
-0.009644461795687675
-9.238292841473594e-05
-0.031715523451566696
-1.9351460933685303
-0.0012334127677604556
-0.024567440152168274
-0.27399125695228577
-0.01653878390789032
-0.007347584702074528
-0.0001896439935080707
-0.001073380233719945
-0.0029142312705516815
-9.238292841473594e-05
-0.0006260104128159583
-0.0032567339949309826
-0.040388818830251694
-0.009927895851433277
-0.02631763182580471
-0.0009782296838238835
-0.00015341058315243572
-0.007253620773553848
-9.238292841473594e-05
-0.0553056038916111
-0.00023493390472140163
-1.3788470029830933
-0.00015341058315243572
-0.48639675974845886
-0.000120751719805412
-3.099436753473128e-06
-0.030226239934563637
-0.0001567479339428246
-0.006417736876755953
-0.00210111984051764
-0.0003358753747306764
-9.238292841473594e-05
-0.0010503972880542278
-0.021241318434476852
-0.008057588711380959
-0.00013565097469836473
-0.0017828536219894886
-0.0014027050929144025
-0.00895838625729084
-0.8293358087539673
-0.0014859121292829514
-0.8293355703353882
-0.00037353215157054365
-9.250213042832911e-05
-0.005152162630110979
-0.015678590163588524
-0.010383865796029568
-0.02677512727677822
-0.005460466258227825
-7.83174327807501e-05
-0.01600349321961403
-0.002399781486019492
-0.004275467246770859
-0.002953336341306567
-0.00010287232726113871
-0.0011798333143815398
-0.01546509936451912
-0.00035744477645494044
-0.003031541593372822
-0.006762002129107714
-0.008530487306416035
-0.012089667841792107
-0.003116871230304241
-4.386805812828243e-05
-0.001981677720323205
-0.0011235122801735997
-0.0008236353169195354
-0.07875963300466537
-0.004480442497879267
-0.012305764481425285
-0.0031173464376479387
-4.386805812828243e-05
-0.001981558743864298
-0.0011236312566325068
-0.0007833749405108392
-0.018563583493232727
-0.00019012074335478246
-0.002305827336385846
-0.004922295920550823
-0.010354135185480118
-0.0011519708205014467
-0.0022079392801970243
-0.01613922044634819
-0.017911354079842567
-0.0009623901569284499
-0.0016582560492679477
-0.0004175029753241688
-0.0056845201179385185
-0.0008853329927660525
-0.15008464455604553
-0.2550305128097534
-0.00025102324434556067
-0.00017617580306250602
-0.00221519498154521
-9.238292841473594e-05
-0.0004996005445718765
-0.00014757021563127637
-0.015972990542650223
-0.0002348147245356813
-0.0003711488388944417
-0.00019977481861133128
-0.02364742010831833
-0.0001209901092806831
-0.013560089282691479
-0.0027015639934688807
-0.10410621762275696
-0.018581019714474678
-0.9280965924263
-0.008087151683866978
-0.007974098436534405
-0.004760360810905695
-0.004116158466786146
-9.238292841473594e-05
-0.0002348147245356813
-0.0011799524072557688
-0.023368315771222115
-0.017168356105685234
-0.045012231916189194
-0.0013784202747046947
-9.238292841473594e-05
-0.001278536394238472
-7.915183232398704e-05
-0.00040928093949332833
-0.0013497299514710903
-0.0003094194398727268
-0.02308598719537258
-0.0005639393348246813
-0.016579821705818176
-0.003064937423914671
-0.01101532019674778
-0.0007535954937338829
-9.238292841473594e-05
-1.9357267618179321
-0.004476882051676512
-0.009093417786061764
-0.0002348147245356813
-0.0018619834445416927
-0.0004978132783435285
-0.0002348147245356813
-0.08711881935596466
-0.0007843278581276536
-0.00030012393835932016
-0.00010334911348763853
-0.00012706902634818107
-0.0009753713966347277
-0.014420930296182632
-0.004120076075196266
-0.008042688481509686
-0.00026723151677288115
-9.238292841473594e-05
-0.00014232576359063387
-1.5139465176616795e-05
-0.00034028460504487157
-0.000812915270216763
-0.07574330270290375
-0.018868833780288696
-0.025033993646502495
-0.0008239926537498832
-0.00019822540343739092
-0.00025376438861712813
-0.0015630420530214906
-0.0007771808886900544
-0.000910106289666146
-0.03874842822551727
-0.0011372057488188148
-0.0031980343628674746
-0.000427274004323408
-0.007732577621936798
-0.008910889737308025
-0.05188770964741707
-0.0006484074983745813
-0.0009167758980765939
-9.250213042832911e-05
-0.00023505308490712196
-0.03954650089144707
-0.012175405398011208
-0.0008185135084204376
-0.00022957073815632612
-0.0018541302997618914
-0.29698237776756287
-0.001369253732264042
-0.0005011494504287839
-0.007524837274104357
-0.01853538304567337
-0.006171337328851223
-0.0007098776986822486
-0.009808440692722797
-0.0010851691477000713
-0.0006846229662187397
-0.0008049347088672221
-0.7220208048820496
-0.002465900732204318
-0.02971026301383972
-0.05894025042653084
-0.003070760751143098
-0.000824230897706002
-0.00013684290752280504
-0.00023457636416424066
-0.00024148885859176517
-0.02051924355328083
-0.0559878945350647
-0.0003195490571670234
-0.06455455720424652
-0.007696971297264099
-0.0254136323928833
-0.01598343253135681
-0.007454555016011
-0.01308721024543047
-0.042160820215940475
-0.001263773301616311
-0.017321733757853508
-0.00016735584358684719
-7.033100700937212e-05
-0.017374103888869286
-0.00014065706636756659
-0.021757949143648148
-9.238292841473594e-05
-0.0005442806868813932
-0.00012408917245920748
-5.531158240046352e-05
-0.0003914067056030035
-0.00048315772437490523
-0.01405590120702982
-0.001901843468658626
-9.250213042832911e-05
-0.015832901000976562
-2.8829824924468994
-0.005401777569204569
-0.010197915136814117
-0.02380993403494358
-0.1263001710176468
-0.012587621808052063
-0.029720446094870567
-0.017715321853756905
-0.0056725479662418365
-0.0023953812196850777
-9.238292841473594e-05
-2.52720492426306e-05
-9.250213042832911e-05
-0.00015198028995655477
-0.008220882155001163
-0.0014860312221571803
-0.015638690441846848
-0.024191785603761673
-0.0025222653057426214
-0.00030286493711173534
-0.0007448997348546982
-0.0017835675971582532
-9.238292841473594e-05
-0.00017653337272349745
-0.005276681389659643
-0.006360999308526516
-0.006354484241455793
-0.004909602925181389
-0.0031822300516068935
-0.0011940023396164179
-0.03912324085831642
-0.004451247863471508
-0.0018449680646881461
-9.238292841473594e-05
-0.00015472168161068112
-0.00038914260221645236
-0.008523868396878242
-0.0011194637045264244
-0.1435547024011612
-0.0006957017467357218
-0.002226256998255849
-0.0004463391669560224
-9.250213042832911e-05
-4.6967357775429264e-05
-0.02001984976232052
-0.002449966035783291
-0.001007764250971377
-0.015170315280556679
-0.01647968590259552
-0.00120936194434762
-0.00016044282529037446
-0.00017629499780014157
-0.00036542891757562757
-9.238292841473594e-05
-0.00021586472576018423
-0.004668764304369688
-0.0011610202491283417
-0.008406609296798706
-0.004906518384814262
-0.002575772814452648
-0.0038156339433044195
-0.0222490131855011
-6.23445157543756e-05
-0.0222491305321455
-3.838465272565372e-05
-0.00840991921722889
-0.03721124306321144
-0.13368788361549377
-0.26207029819488525
-0.00024577934527769685
-0.005852230824530125
-0.000446696620201692
-9.250213042832911e-05
-0.0005706112715415657
-0.0002656822034623474
-0.0012834176886826754
-5.3165931603871286e-05
-0.005396442022174597
-0.00887792557477951
-9.238292841473594e-05
-0.04217853397130966
-0.0002348147245356813
-0.0002348147245356813
-0.0003200257197022438
-0.0002256377338198945
-0.0001209901092806831
-0.02670873887836933
-0.0044056735932827
-0.020106079056859016
-0.0038468660786747932
-0.013828542083501816
-0.003228097688406706
-0.10683415830135345
-0.0008239926537498832
-0.009503835812211037
-0.015338086523115635
-0.004793461877852678
-0.001492816023528576
-0.0002762889489531517
-0.005648366641253233
-0.030337728559970856
-0.005543217994272709
-0.029062023386359215
-0.016981670632958412
-0.0002774807217065245
-0.0015795861836522818
-9.238292841473594e-05
-6.341733387671411e-05
-0.0007643162389285862
-0.0023292573168873787
-0.00014602071314584464
-0.0011195826809853315
-0.01039731502532959
-0.0046235560439527035
-0.03478912264108658
-0.0023671959061175585
-0.015071682631969452
-0.005491172894835472
-0.0008238735608756542
-0.0017144280718639493
-0.006348561495542526
-0.009514463134109974
-0.00023815179883968085
-0.011567426845431328
-0.0051303403452038765
-0.0021354984492063522
-0.00043561504571698606
-0.0003816353273577988
-0.011445810087025166
-9.238292841473594e-05
-0.0002348147245356813
-0.0150618189945817
-0.014913614839315414
-9.381330892210826e-05
-0.0011130335042253137
-0.01915118657052517
-0.00015639036428183317
-0.0007929041748866439
-0.0002759314374998212
-0.0003123987407889217
-0.002784544136375189
-9.738924563862383e-05
-0.0005603650351986289
-0.0016971721779555082
-0.0010045487433671951
-0.013441067188978195
-9.238292841473594e-05
-0.00021789084712509066
-0.035444363951683044
-0.00624052481725812
-0.038615163415670395
-0.004122925456613302
-0.031972452998161316
-0.014551114290952682
-0.07694805413484573
-0.1122334897518158
-0.00022003613412380219
-0.0023934785276651382
-5.173549288883805e-05
-9.238292841473594e-05
-0.0004533693427219987
-0.00021455370006151497
-0.07320977747440338
-0.015093876048922539
-0.602476179599762
-0.0036421173717826605
-0.0007059465860947967
-0.006882058456540108
-0.020544001832604408
-0.00029702542815357447
-0.005927246995270252
-9.238292841473594e-05
-0.0002464944263920188
-0.0002747396647464484
-0.054120663553476334
-0.005573803558945656
-0.043418336659669876
-0.01153089664876461
-0.04313807561993599
-0.27399206161499023
-0.006986355874687433
-0.0024044194724410772
-0.05663378909230232
-9.238292841473594e-05
-0.006935925222933292
-0.004243655130267143
-0.0008407871937379241
-0.004865710623562336
-0.0023209319915622473
-0.0008367374539375305
-0.024671655148267746
-0.007296225056052208
-0.01925596594810486
-0.038894861936569214
-0.00941538903862238
-0.0036621904000639915
-0.0033915876410901546
-0.0010592094622552395
-0.0034728473983705044
-9.250213042832911e-05
-0.00023493390472140163
-0.007180597633123398
-0.001116129569709301
-0.009995171800255775
-0.01562683656811714
-0.003470946568995714
-0.0017489389283582568
-0.014179551042616367
-9.250213042832911e-05
-9.238292841473594e-05
-0.00023493390472140163
-0.016532687470316887
-0.0011609011562541127
-0.015904590487480164
-0.0007893307483755052
-0.005597749724984169
-0.00036149643710814416
-0.000536655425094068
-0.0064874994568526745
-0.000578474544454366
-0.0005799042410217226
-0.05667343735694885
-9.250213042832911e-05
-0.00018320789968129247
-7.045020902296528e-05
-0.0002488780301064253
-0.3052819073200226
-0.01502118818461895
-9.321732068201527e-05
-0.0005667987279593945
-0.1198093369603157
-9.250213042832911e-05
-0.0004354958946350962
-0.000402250443585217
-0.0002579356369096786
-0.00044276448898017406
-0.24124372005462646
-1.6927575416048057e-05
-0.0004430027911439538
-0.00011932138295378536
-0.006306272000074387
