-2.1320369243621826
-2.109914779663086
-7.940367698669434
-6.398445129394531
-0.9856642484664917
-2.2770280838012695
-0.19054265320301056
-0.08060092478990555
-5.689394474029541
-4.223405838012695
-0.7947016358375549
-1.4781439304351807
-11.961479187011719
-3.01841402053833
-6.599334239959717
-0.3162204921245575
-0.05347065627574921
-1.876155138015747
-8.415166854858398
-5.449120044708252
-5.976691722869873
-2.1320371627807617
-4.1065850257873535
-14.899474143981934
-6.199895858764648
-1.4669300317764282
-0.3164561986923218
-0.759506106376648
-1.7762377262115479
-0.15459482371807098
-0.44381800293922424
-1.6882634162902832
-0.8545694351196289
-0.2476281076669693
-5.75349235534668
-3.6031901836395264
-3.281226396560669
-0.6182855367660522
-1.6038506031036377
-1.2163379192352295
-8.339835166931152
-2.283139944076538
-5.689322471618652
-1.7619149684906006
-12.690680503845215
-6.7582573890686035
-0.7256377935409546
-4.866403579711914
-3.0929653644561768
-6.059463024139404
-1.39384126663208
-5.422164440155029
-2.7250616550445557
-4.392092227935791
-9.253251075744629
-0.04205681383609772
-0.6313857436180115
-2.332793712615967
-0.516905665397644
-4.589753150939941
-10.200270652770996
-0.3458189368247986
-3.3018550872802734
-1.7816590070724487
-1.9519720077514648
-0.26185983419418335
-0.9478611946105957
-1.7155300378799438
-1.4395852088928223
-1.46163809299469
-1.268507957458496
-6.731307506561279
-1.2617030143737793
-3.6472725868225098
-3.0732243061065674
-4.6176581382751465
-0.9644696116447449
-0.016048191115260124
-4.417972564697266
-0.6870927214622498
-2.030808210372925
-0.33493486046791077
-1.7594313621520996
-6.5870561599731445
-0.09317950159311295
-2.404589891433716
-1.2473978996276855
-9.517145156860352
-5.157433986663818
-4.5965447425842285
-2.2226595878601074
-10.349251747131348
-7.945746421813965
-2.150503158569336
-6.526161193847656
-8.638203620910645
-0.4406360983848572
-6.010113716125488
-3.748472213745117
-2.4120583534240723
-5.6396989822387695
-2.596620798110962
-0.04676264151930809
-0.05709293857216835
-0.2837553322315216
-0.1759129762649536
-2.647733449935913
-0.7689058780670166
-0.2882774770259857
-0.19703227281570435
-0.9126133918762207
-10.954333305358887
-3.80005145072937
-1.065523386001587
-3.868955612182617
-6.074477195739746
-0.07659333944320679
-0.10048283636569977
-0.06375326961278915
-0.20841802656650543
-0.21057268977165222
-3.381758689880371
-2.0683982372283936
-1.2798967361450195
-16.843873977661133
-7.952264308929443
-9.45872974395752
-14.143451690673828
-11.140530586242676
-12.951210975646973
-9.7049560546875
-0.9318689107894897
-1.494394302368164
-2.6378536224365234
-1.1599997282028198
-0.9280838370323181
-2.163377523422241
-0.15704497694969177
-3.496659278869629
-3.857923984527588
-1.184618353843689
-3.9784035682678223
-3.9567418098449707
-3.393983840942383
-2.7257535457611084
-6.23352575302124
-0.23902007937431335
-4.637613296508789
-1.9104018211364746
-0.3621876537799835
-3.8693323135375977
-0.17900905013084412
-0.1778923124074936
-2.344749689102173
-4.241363048553467
-0.44624191522598267
-2.6179730892181396
-0.6829879283905029
-2.001568555831909
-1.7455966472625732
-2.0344998836517334
-0.06562583893537521
-7.9265336990356445
-0.04535667970776558
-0.15600818395614624
-0.07660350203514099
-0.11231575161218643
-2.2257368564605713
-1.7053248882293701
-0.021038582548499107
-6.825957298278809
-3.094622850418091
-0.01471499539911747
-0.6802777051925659
-0.09506481885910034
-9.94113826751709
-0.15526725351810455
-7.000024795532227
-3.277113676071167
-6.153972148895264
-2.5508642196655273
-1.3894706964492798
-2.815009593963623
-0.625562846660614
-5.162475109100342
-2.4710545539855957
-1.4747246503829956
-7.062997341156006
-7.087802410125732
-0.13846543431282043
-4.311248779296875
-2.0040030479431152
-0.6296741366386414
-7.348677635192871
-6.504360675811768
-8.635100364685059
-10.368968963623047
-12.73269271850586
-0.4793670177459717
-1.2911251783370972
-1.7326449155807495
-0.38295018672943115
-0.04224984720349312
-0.04288548603653908
-0.02716849371790886
-0.11259443312883377
-0.3378756046295166
-1.2619527578353882
-1.2038166522979736
-2.9468541145324707
-1.1662310361862183
-2.5375874042510986
-1.9940747022628784
-1.4485052824020386
-3.5183331966400146
-0.3923293650150299
-4.433835029602051
-1.40395188331604
-0.3312705457210541
-0.6909921169281006
-6.590810298919678
-6.5468363761901855
-3.319561719894409
-6.801549911499023
-2.8639144897460938
-9.893390655517578
-3.9912965297698975
-2.8479394912719727
-5.195938587188721
-0.06544642150402069
-0.018948962911963463
-0.08499893546104431
-0.10124295204877853
-6.394979953765869
-1.1728464365005493
-0.8627589344978333
-3.394474506378174
-0.5352330207824707
-0.12533678114414215
-3.3066983222961426
-4.044818878173828
-0.06504392623901367
-0.03938354551792145
-0.05296936631202698
-0.26618409156799316
-2.7529783248901367
-8.431814193725586
-0.6358934640884399
-9.169635772705078
-1.5134563446044922
-5.295052528381348
-3.6009361743927
-4.978585243225098
-5.03212833404541
-5.66679573059082
-0.737579882144928
-0.9694875478744507
-0.5940676331520081
-3.7019901275634766
-0.024883771315217018
-0.03735261783003807
-0.1224779561161995
-2.1294949054718018
-3.15635347366333
-2.2417917251586914
-2.046938180923462
-6.038602828979492
-1.9239630699157715
-10.354474067687988
-2.0000267028808594
-2.8884365558624268
-1.633048415184021
-8.561633110046387
-9.282795906066895
-5.346838474273682
-1.5933260917663574
-10.339499473571777
-4.640380859375
-2.3619165420532227
-8.231819152832031
-0.4793669283390045
-2.236584424972534
-2.1542062759399414
-1.2906519174575806
-2.5264017581939697
-3.945957899093628
-1.2835896015167236
-5.4614129066467285
-0.11801496148109436
-2.013657331466675
-3.451744556427002
-2.156269073486328
-3.950859785079956
-1.3112748861312866
-1.0498862266540527
-0.8916475176811218
-5.276097297668457
-1.7593411207199097
-5.560126781463623
-0.7943925261497498
-2.4499001502990723
-4.088857650756836
-1.7201966047286987
-2.940016508102417
-3.483513355255127
-4.1995697021484375
-6.675161361694336
-3.032381534576416
-0.781954288482666
-1.6463866233825684
-2.148937463760376
-3.520031690597534
-0.22281162440776825
-0.02385370247066021
-0.007356933318078518
-0.03796291723847389
-0.008486753329634666
-1.2319998741149902
-2.4626128673553467
-1.403287410736084
-0.1412699669599533
-0.040063269436359406
-0.11467219144105911
-0.33947858214378357
-1.7286003828048706
-3.4691357612609863
-0.050201356410980225
-0.02475864626467228
-10.200668334960938
-0.13797539472579956
-2.111807346343994
-0.13016559183597565
-2.950854778289795
-1.846329927444458
-1.7082922458648682
-2.9950199127197266
-2.281665802001953
-4.863028526306152
-1.7897050380706787
-0.06020009145140648
-5.364322185516357
-0.003449563169851899
-0.01780678518116474
-1.0890921354293823
-6.057785987854004
-2.7326998710632324
-0.1416795551776886
-0.10821903496980667
-0.011866573244333267
-6.404690265655518
-0.023158090189099312
-0.48033368587493896
-2.152449607849121
-1.8601467609405518
-0.0604398176074028
-0.009246621280908585
-6.832920074462891
-0.012279623188078403
-1.8423969745635986
-7.76605749130249
-1.5681772232055664
-0.06639405339956284
-0.0920591801404953
-0.05508754774928093
-0.18877221643924713
-2.501477003097534
-1.6834793090820312
-3.298129081726074
-12.108285903930664
-0.5397483706474304
-3.360360622406006
-0.07105306535959244
-0.00960384588688612
-6.336922645568848
-0.029340006411075592
-3.6639530658721924
-1.7791815996170044
-1.4236706495285034
-4.443414688110352
-2.310976505279541
-3.956707000732422
-2.197685718536377
-2.5330305099487305
-0.0798218697309494
-0.3103857934474945
-2.1959502696990967
-1.6835731267929077
-5.106167316436768
-1.802419662475586
-0.03847258910536766
-0.0573936328291893
-2.2274672985076904
-2.8566343784332275
-2.4748966693878174
-0.007765225600451231
-4.140177249908447
-3.987327814102173
-3.434859275817871
-1.1951258182525635
-1.8230772018432617
-3.630283832550049
-0.12996378540992737
-0.09610230475664139
-0.09664294123649597
-0.3474913537502289
-1.6319023370742798
-0.2804563045501709
-3.574018955230713
-1.1860239505767822
-1.38295578956604
-2.529916286468506
-5.017340183258057
-0.3847845792770386
-0.014635584317147732
-0.06770861148834229
-0.0060330661945044994
-0.22066207230091095
-0.14197789132595062
-0.10497274994850159
-3.068631887435913
-9.288414001464844
-0.1760542392730713
-5.940248012542725
-1.427513837814331
-8.398422241210938
-4.146665573120117
-1.4425700902938843
-5.2439470291137695
-1.4726214408874512
-0.1666550189256668
-6.893956184387207
-2.0318007469177246
-0.2410501092672348
-4.122811317443848
-1.1073987483978271
-2.04414439201355
-4.761166095733643
-4.109807014465332
-1.0357215404510498
-3.7394051551818848
-0.1574830859899521
-0.04891499504446983
-0.052216786891222
-0.4826964735984802
-5.2491326332092285
-0.2792145609855652
-2.3663992881774902
-1.1282285451889038
-0.42511796951293945
-0.4430244266986847
-2.4363462924957275
-0.7776463627815247
-0.3187309503555298
-3.143073081970215
-4.4975457191467285
-2.083427906036377
-1.910251259803772
-1.8561172485351562
-3.618405818939209
-4.753658771514893
-4.006018161773682
-1.7439624071121216
-5.023595333099365
-3.4776604175567627
-0.040876541286706924
-3.501779317855835
-4.499797821044922
-0.34499502182006836
-2.7252190113067627
-3.4996399879455566
-1.2922604084014893
-2.7146668434143066
-2.59486722946167
-2.1013715267181396
-0.9183657169342041
-4.8685302734375
-0.9286208152770996
-0.7489652037620544
-1.7114558219909668
-4.32736873626709
-0.5085931420326233
-1.4403020143508911
-1.5266611576080322
-1.2121590375900269
-0.9497087597846985
-2.0926244258880615
-0.05022244155406952
-0.10543609410524368
-2.4934146404266357
-6.117845058441162
-3.3691725730895996
-3.972630500793457
-2.325543165206909
-1.405198574066162
-1.0859291553497314
-1.8040716648101807
-4.012609958648682
-0.0723242536187172
-1.9574663639068604
-1.8014487028121948
-1.4933606386184692
-2.339845657348633
-0.0670003816485405
-0.739266574382782
-0.09987016767263412
-0.01643313281238079
-0.027694014832377434
-0.02330542728304863
-3.5759644508361816
-5.962490081787109
-2.381995677947998
-2.8467726707458496
-0.08344289660453796
-0.02877492643892765
-0.02365720085799694
-0.025717031210660934
-0.05246590077877045
-4.348392486572266
-3.1758460998535156
-6.555948257446289
-0.6600047945976257
-2.651430368423462
-1.4916484355926514
-0.6057276725769043
-0.09725121408700943
-0.008830780163407326
-4.098358154296875
-6.166413307189941
-2.9353411197662354
-0.3865628242492676
-3.1749372482299805
-2.0555336475372314
-5.400019645690918
-2.412693738937378
-0.7604737281799316
-2.73858904838562
-2.622175931930542
-3.4656190872192383
-3.8440604209899902
-2.6087443828582764
-0.07081565260887146
-0.1805107593536377
-0.02942335233092308
-0.03768628463149071
-2.1970131397247314
-0.71768718957901
-1.980502724647522
-1.5692425966262817
-1.497174859046936
-1.5789591073989868
-2.944939613342285
-2.721956729888916
-2.990067481994629
-0.46228110790252686
-1.8738843202590942
-4.309625625610352
-0.2847486436367035
-0.04503365606069565
-2.735210657119751
-1.532948613166809
-2.177476644515991
-1.0975083112716675
-4.692906379699707
-2.0488600730895996
-2.5625743865966797
-3.7498440742492676
-5.049566268920898
-1.8923169374465942
-1.3259930610656738
-0.9335176944732666
-1.1343008279800415
-2.4548192024230957
-0.5384516716003418
-2.6838479042053223
-1.408545732498169
-6.010166645050049
-1.1997628211975098
-3.2557177543640137
-7.272353649139404
-0.25655555725097656
-0.018714407458901405
-0.09259591996669769
-5.943334102630615
-0.0028852284885942936
-1.7453839778900146
-2.77453875541687
-1.6899175643920898
-4.780036449432373
-3.1275455951690674
-0.02411835826933384
-0.05727262422442436
-0.009827917441725731
-0.004758937284350395
-6.598403453826904
-0.008357669226825237
-8.593424797058105
-0.5077615976333618
-4.051956653594971
-3.3821635246276855
-0.4072132408618927
-2.530327558517456
-4.766825199127197
-6.924840927124023
-4.707176685333252
-1.8343092203140259
-5.296970367431641
-1.7678371667861938
-0.40889015793800354
-0.22157084941864014
-2.227205991744995
-1.4482237100601196
-2.604552745819092
-1.4154248237609863
-0.3137438893318176
-3.2613203525543213
-2.694218873977661
-0.2835509479045868
-0.034347373992204666
-1.2947347164154053
-0.13968563079833984
-0.08790356665849686
-2.550684928894043
-3.5928537845611572
-0.5097318291664124
-0.10630093514919281
-2.039609432220459
-1.1682488918304443
-3.6089019775390625
-0.20812425017356873
-0.867699146270752
-0.19928717613220215
-0.09789002686738968
-0.024719802662730217
-0.6611562967300415
-1.046934723854065
-2.588724136352539
-5.78379487991333
-2.0004498958587646
-2.9990265369415283
-2.3622782230377197
-1.229094386100769
-4.514800548553467
-1.1137725114822388
-4.934032917022705
-2.521529197692871
-1.5732790231704712
-5.380528450012207
-1.4194122552871704
-4.111480712890625
-3.033884048461914
-4.670494556427002
-0.6463936567306519
-0.09455271810293198
-1.921817660331726
-1.0292060375213623
-1.584989070892334
-1.3421525955200195
-0.658944308757782
-0.18705935776233673
-1.9039950370788574
-0.8036866784095764
-7.075333595275879
-2.4052631855010986
-0.11961632966995239
-1.0705933570861816
-0.9188997149467468
-13.133528709411621
-10.195754051208496
-6.556328296661377
-0.541716992855072
-2.257408618927002
-0.8284683227539062
-2.058967351913452
-4.4698405265808105
-3.119124412536621
-8.33050537109375
-0.07432130724191666
-3.5672659873962402
-3.139206647872925
-4.321919918060303
-4.979104042053223
-1.0276378393173218
-2.178295850753784
-3.0252017974853516
-2.259549617767334
-0.6268251538276672
-0.6481233835220337
-1.4116415977478027
-8.153542518615723
-4.225686073303223
-0.3059282600879669
-2.3294646739959717
-0.1415795087814331
-0.09792342782020569
-0.07895804941654205
-3.044168710708618
-3.0522170066833496
-0.9963786602020264
-1.0284619331359863
-0.9000073671340942
-1.9635002613067627
-0.15272463858127594
-1.981056809425354
-1.4800984859466553
-1.7960578203201294
-0.33791226148605347
-2.8481860160827637
-2.931563377380371
-2.9188828468322754
-0.0931323692202568
-0.1246461272239685
-0.10192659497261047
-2.917266845703125
-1.0630754232406616
-2.794351100921631
-3.5715508460998535
-2.2037854194641113
-1.882428765296936
-0.017363442108035088
-0.032555460929870605
-0.11958819627761841
-0.020891495048999786
-0.005254150368273258
-0.14371836185455322
-2.5402138233184814
-0.17166674137115479
-0.07213117182254791
-3.9472458362579346
-0.22313764691352844
-0.6424611210823059
-0.3744971752166748
-3.8734748363494873
-0.13851016759872437
-7.067476272583008
-4.627439498901367
-3.917556047439575
-2.0660922527313232
-3.289659023284912
-1.2298340797424316
-0.7260735034942627
-3.139505624771118
-0.32058560848236084
-4.191920757293701
-1.7832735776901245
-1.304396390914917
-2.728196144104004
-1.7957062721252441
-3.956059217453003
-0.5890759229660034
-0.8668304681777954
-0.1154639795422554
-0.7237159609794617
-0.013290975242853165
-2.4926156997680664
-1.5708186626434326
-0.6008715033531189
-0.9206745028495789
-1.016017198562622
-1.3451995849609375
-0.28071463108062744
-6.059089660644531
-2.6771552562713623
-8.235806465148926
-0.31154733896255493
-1.3164317607879639
-0.4231058359146118
-0.19895073771476746
-1.322700023651123
-3.199143409729004
-0.6528967618942261
-5.764071464538574
-2.305191993713379
-0.11674362421035767
-2.8874518871307373
-4.732052803039551
-2.503152847290039
-1.3610068559646606
-11.71078872680664
-2.0471160411834717
-3.7302427291870117
-3.5048158168792725
-3.8869433403015137
-0.0656253919005394
-9.284327507019043
-1.9936035871505737
-2.8055315017700195
-4.169076919555664
-4.581979751586914
-3.568023443222046
-3.0323538780212402
-2.318406343460083
-1.7515697479248047
-2.2900238037109375
-0.9447343349456787
-0.7094453573226929
-3.245471239089966
-1.7855993509292603
-1.2485291957855225
-0.9136120676994324
-3.1784753799438477
-0.8253987431526184
-6.052571773529053
-1.5566740036010742
-4.456510543823242
-2.7887325286865234
-3.1020731925964355
-0.18928061425685883
-3.319439172744751
-0.21101248264312744
-4.075168609619141
-4.175897121429443
-2.673149585723877
-2.9970920085906982
-1.887062907218933
-2.8106369972229004
-2.2051892280578613
-6.0680060386657715
-0.41929593682289124
-1.5211286544799805
-1.2508394718170166
-0.6116541028022766
-7.735711574554443
-0.2561054527759552
-0.10363473743200302
-3.26608943939209
-0.3419584631919861
-2.2624497413635254
-0.3825703561306
-1.2821468114852905
-2.3339710235595703
-0.03338627517223358
-0.09639788419008255
-0.03458116948604584
-0.19194048643112183
-2.5420117378234863
-0.5180357694625854
-2.0741379261016846
-2.4790053367614746
-3.281040906906128
-6.815248012542725
-6.785368919372559
-1.7059887647628784
-7.466553211212158
-0.8509052991867065
-0.34135475754737854
-0.12825772166252136
-0.07597159594297409
-10.433293342590332
-0.07052619010210037
-6.949363708496094
-8.200104713439941
-1.6777180433273315
-4.5156145095825195
-2.1078031063079834
-2.1969242095947266
-5.679304122924805
-2.1720221042633057
-4.016483306884766
-4.179493427276611
-7.576430320739746
-3.258650779724121
-1.84852135181427
-2.330103874206543
-2.7469544410705566
-3.8226122856140137
-1.9311573505401611
-0.08433923125267029
-2.638855457305908
-4.084163665771484
-7.519923210144043
-9.29452896118164
-4.512546539306641
-1.4783976078033447
-4.3266730308532715
-6.984829425811768
-5.9490647315979
-2.143475294113159
-5.338547706604004
-0.5977955460548401
-4.128129005432129
-2.4000205993652344
-6.401535987854004
-4.805655479431152
-2.8699021339416504
-5.319207191467285
-5.800224304199219
-2.9964194297790527
-3.7271783351898193
-10.689474105834961
-2.1320371627807617
-1.559091329574585
-0.9353379011154175
-1.3770654201507568
-2.009075880050659
-0.2972671091556549
-0.08935839682817459
-0.22073061764240265
-2.7885825634002686
-2.8085079193115234
-3.5795466899871826
-1.7794474363327026
-0.01850905269384384
-2.4607982635498047
-0.49362778663635254
-0.16222041845321655
-1.3626495599746704
-2.2591257095336914
-7.810704708099365
-0.32818716764450073
-0.08760230243206024
-0.1327892243862152
-4.145477294921875
-1.4346222877502441
-3.227691650390625
-9.986113548278809
-2.4830410480499268
-1.6661709547042847
-1.5709128379821777
-0.6664159297943115
-1.6988705396652222
-1.3034695386886597
-2.6417386531829834
-2.147254705429077
-2.2160871028900146
-3.2325055599212646
-1.2481191158294678
-3.039299726486206
-1.1487399339675903
-5.212615489959717
-1.0463895797729492
-0.6246678829193115
-8.879182815551758
-1.1175748109817505
-3.1383633613586426
-1.1152939796447754
-4.170344829559326
-3.1811716556549072
-2.290438413619995
-0.7715152502059937
-3.6249234676361084
-0.5998125076293945
-1.8255832195281982
-0.0074781011790037155
-0.08163242787122726
-3.900752067565918
-2.3397762775421143
-2.0123276710510254
-3.4156689643859863
-1.1672215461730957
-1.4966456890106201
-1.822171926498413
-2.9392030239105225
-3.7045559883117676
-2.3390614986419678
-2.282836675643921
-0.025803815573453903
-0.08090958744287491
-0.03139568865299225
-0.04036466032266617
-0.07798343896865845
-0.15013983845710754
-2.186861753463745
-0.020795876160264015
-13.204861640930176
-2.0828657150268555
-5.118072986602783
-7.893112659454346
-0.22157056629657745
-4.178618431091309
-4.324044704437256
-2.486480236053467
-1.5290708541870117
-2.055459499359131
-0.2315666824579239
-0.17402087152004242
-0.09219290316104889
-0.0333486907184124
-0.17643104493618011
-3.681401252746582
-3.9294519424438477
-2.962116003036499
-3.956467390060425
-0.1234392523765564
-4.132429599761963
-0.04542195424437523
-6.8709845542907715
-6.839658737182617
-2.003894090652466
-0.07502216100692749
-5.756407737731934
-12.045332908630371
-3.33144474029541
-1.6442893743515015
-9.326844215393066
-3.487309694290161
-2.0706653594970703
-0.11189406365156174
-0.03799837827682495
-0.032573115080595016
-0.7109757661819458
-0.8119291663169861
-6.315771102905273
-7.16333532333374
-1.5559353828430176
-0.2720978260040283
-0.9949182868003845
-5.5975236892700195
-3.511927843093872
-3.6795382499694824
-0.2679143249988556
-3.5787172317504883
-0.6809518337249756
-0.8350189328193665
-2.4718358516693115
-4.212906837463379
-3.1635618209838867
-0.739574670791626
-7.3854780197143555
-0.7872989773750305
-1.5869699716567993
-0.05106884613633156
-2.8858683109283447
-0.07277780771255493
-1.9797953367233276
-1.900404691696167
-0.445339560508728
-3.671358346939087
-0.01488483976572752
-8.114441871643066
-1.908201813697815
-1.8123637437820435
-0.13882938027381897
-2.417733669281006
-3.194385051727295
-0.06502192467451096
-2.234177827835083
-0.2607579231262207
-4.590181827545166
-0.40631774067878723
-0.2560620903968811
-0.08231654018163681
-0.02236524410545826
-0.055770326405763626
-2.963542938232422
-1.0817396640777588
-0.02461257018148899
-5.2492570877075195
-1.6468772888183594
-4.154969692230225
-4.815674304962158
-3.9191126823425293
-0.20893093943595886
-1.2922554016113281
-2.0485475063323975
-3.8739683628082275
-3.9145610332489014
-4.1620707511901855
-2.7363502979278564
-9.261198043823242
-0.18224778771400452
-1.879433035850525
-0.16216334700584412
-1.43110191822052
-1.4435758590698242
-2.1069419384002686
-0.020455708727240562
-0.0836803987622261
-0.017181245610117912
-0.006246922072023153
-3.6422855854034424
-0.6523187160491943
-3.703643798828125
-6.065543174743652
-0.97472083568573
-0.23996776342391968
-2.0553174018859863
-2.650705575942993
-0.8179175853729248
-1.7643966674804688
-0.17268632352352142
-1.6923383474349976
-7.969581604003906
-4.396533966064453
-3.077928304672241
-0.5956538319587708
-4.166381359100342
-1.5938570499420166
-3.2297070026397705
-7.060731887817383
-1.0623562335968018
-1.8599553108215332
-1.5502190589904785
-6.59169340133667
-0.2571486234664917
-10.326108932495117
-1.5910766124725342
-1.6453208923339844
-0.04772904887795448
-0.5271251201629639
-0.13524271547794342
-0.07178062200546265
-3.895268678665161
-0.5773460865020752
-6.753625869750977
-2.8669471740722656
-7.493814945220947
-2.1292364597320557
-5.288222312927246
-1.629745364189148
-2.019820213317871
-5.765079975128174
-4.879324913024902
-1.5787431001663208
-3.9186906814575195
-0.1960357427597046
-0.7829257845878601
-2.1722006797790527
-2.170586109161377
-4.70973539352417
-7.512540340423584
-0.17647221684455872
-1.2014888525009155
-0.1802605390548706
-1.823734998703003
-0.6432867646217346
-1.1319547891616821
-1.940181016921997
-8.340821266174316
-2.2034645080566406
-0.24657614529132843
-0.8425409197807312
-2.465813636779785
-2.09192156791687
-3.194831132888794
-1.0251801013946533
-0.3036663234233856
-0.045961201190948486
-0.5478504300117493
-2.6033198833465576
-8.04002857208252
-4.834666728973389
-0.11485510319471359
-3.524721145629883
-4.2138352394104
-1.166431188583374
-5.896012306213379
-5.8372578620910645
-4.610785961151123
-3.631019353866577
-8.359803199768066
-4.123584270477295
-11.8141508102417
-3.3588099479675293
-2.814424514770508
-2.7445969581604004
-2.39492130279541
-2.5740747451782227
-3.972517728805542
-3.0727920532226562
-2.7841696739196777
-6.098115921020508
-3.7520864009857178
-0.472103476524353
-4.281715393066406
-4.447869777679443
-2.9397096633911133
-0.23073774576187134
-0.36375629901885986
-4.93088960647583
-1.1004343032836914
-2.8835229873657227
-4.027130603790283
-1.0443538427352905
-2.8582937717437744
-4.135024547576904
-1.6468538045883179
-0.8024972081184387
-0.15367019176483154
-0.21193963289260864
-4.20559549331665
-1.4291929006576538
-0.34183135628700256
-3.380464792251587
-0.06800200790166855
-13.206253051757812
-1.6285425424575806
-1.7233942747116089
-3.0915117263793945
-5.498058319091797
-0.8659175634384155
-0.038892339915037155
-3.080620050430298
-1.608794927597046
-2.3703765869140625
-4.64539909362793
-0.09129367768764496
-0.7634507417678833
-2.8671085834503174
-0.5800954103469849
-2.8195836544036865
-1.841147780418396
-1.7781853675842285
-2.283816337585449
-0.22125034034252167
-7.395411491394043
-3.095889091491699
-0.02308715134859085
-0.21411703526973724
-0.0558052733540535
-3.1433448791503906
-8.00894832611084
-0.04626036435365677
-0.06890616565942764
-2.7997825145721436
-3.7923269271850586
-5.358538627624512
-11.595813751220703
-5.234313011169434
-3.111891508102417
-0.18224748969078064
-2.2827348709106445
-1.3839740753173828
-1.895634412765503
-1.865087866783142
-2.902670383453369
-0.1465282142162323
-0.10449748486280441
-0.5108060836791992
-1.1625750064849854
-4.922025680541992
-6.9042487144470215
-17.003936767578125
-8.04669189453125
-2.282437324523926
-6.271308422088623
-3.6425998210906982
-4.929059982299805
-5.22104024887085
-7.660268783569336
-2.0619335174560547
-3.6043968200683594
-1.6453971862792969
-1.1884970664978027
-0.754826545715332
-0.486655592918396
-0.17371191084384918
-3.1617541313171387
-1.419582486152649
-1.9530547857284546
-0.22157084941864014
-2.1617579460144043
-2.8472042083740234
-8.99936580657959
-2.188124179840088
-1.636138916015625
-0.9704493284225464
-6.088990211486816
-3.6570653915405273
-0.14098426699638367
-1.9942513704299927
-2.5647239685058594
-1.2355839014053345
-4.310789108276367
-5.448948860168457
-2.061279058456421
-6.883123397827148
-7.595335483551025
-4.2118306159973145
-7.257063388824463
-8.01937484741211
-3.3864710330963135
-0.6987097263336182
-3.517745018005371
-1.218040943145752
-9.806900978088379
-2.353001832962036
-5.340902805328369
-1.6350243091583252
-0.43119004368782043
-15.658448219299316
-0.3648833632469177
-0.40967392921447754
-4.099560737609863
-22.49480628967285
-4.407651424407959
-10.684002876281738
-3.3487741947174072
-5.314223766326904
-3.67106294631958
-2.5078988075256348
-2.9706640243530273
-4.114959716796875
-6.46157169342041
-2.0474636554718018
-4.336214065551758
-8.631111145019531
-1.3569369316101074
-0.5278052687644958
-1.3410892486572266
-0.1336229145526886
-0.23439770936965942
-7.44647741317749
-9.209396362304688
-1.8766251802444458
-10.490942001342773
-5.725163459777832
-4.071815490722656
-0.5628414750099182
-2.573695659637451
-4.79116678237915
-4.220316410064697
-1.229655385017395
-2.0524892807006836
-3.4699583053588867
-4.044363498687744
-3.8200137615203857
-4.461194038391113
-0.5532256364822388
-0.38485223054885864
-2.4718403816223145
-3.3463380336761475
-3.2189512252807617
-2.5977749824523926
-3.382415771484375
-7.7048187255859375
-5.778542995452881
-4.386100769042969
-2.142388105392456
-0.3025411069393158
-6.323439598083496
-6.229804992675781
-5.38236141204834
-2.709676504135132
-3.4941554069519043
-0.3964574337005615
-1.7207306623458862
-1.2153902053833008
-2.3521580696105957
-1.9256007671356201
-1.126694917678833
-0.055726468563079834
-0.1283397078514099
-0.12131386995315552
-0.02227233164012432
-0.00831475481390953
-6.0428466796875
-0.009218510240316391
-0.007960734888911247
-0.004873540252447128
-6.385293960571289
-0.008205393329262733
-1.9145022630691528
-0.007199771236628294
-0.004881962668150663
-0.020588379353284836
-0.022874770686030388
-1.395328164100647
-2.3709139823913574
-0.021661479026079178
-4.868322372436523
-4.103957653045654
-4.170467376708984
-2.891298294067383
-1.2893507480621338
-1.7444531917572021
-0.9502919316291809
-0.7291159629821777
-2.7627944946289062
-0.7875640392303467
-4.675841808319092
-1.1963778734207153
-0.986045241355896
-3.5346269607543945
-4.459495544433594
-2.052370071411133
-0.7975728511810303
-3.4382593631744385
-3.886894702911377
-4.728421688079834
-4.11264181137085
-1.4638333320617676
-1.2267565727233887
-0.6446347832679749
-1.8131740093231201
-4.320400238037109
-10.862014770507812
-13.447958946228027
-8.59707260131836
-4.138443946838379
-2.081838607788086
-2.627136707305908
-7.960155963897705
-0.9644007682800293
-0.06490608304738998
-0.2292492687702179
-0.7985563278198242
-1.28352689743042
-2.4610352516174316
-0.6426857113838196
-5.078366279602051
-4.402957916259766
-15.488521575927734
-9.623381614685059
-9.549123764038086
-5.981498718261719
-2.414174795150757
-2.2345218658447266
-6.141598701477051
-1.3722765445709229
-0.05172199755907059
-3.05057430267334
-0.21738789975643158
-4.940075874328613
-3.9797651767730713
-1.3431950807571411
-0.3517621159553528
-0.663377046585083
-2.000249147415161
-0.5202070474624634
-6.280787467956543
-1.9070178270339966
-2.2104411125183105
-0.1365145742893219
-5.039757251739502
-2.9471452236175537
-0.5482158064842224
-5.755475044250488
-0.10386481136083603
-1.5454070568084717
-6.700049877166748
-0.7915490865707397
-0.6751461029052734
-4.5977373123168945
-5.2992682456970215
-1.3760026693344116
-3.3407769203186035
-2.1728451251983643
-0.22157056629657745
-3.403243064880371
-15.523099899291992
-12.186145782470703
-0.17991435527801514
-0.3359784781932831
-7.94953727722168
-15.240020751953125
-0.44574519991874695
-2.2942020893096924
-1.8728219270706177
-1.682870626449585
-4.831801414489746
-3.5247926712036133
-4.506279468536377
-1.2403450012207031
-1.3009538650512695
-1.8682329654693604
-4.153168201446533
-0.8250271081924438
-2.5720956325531006
-6.311469078063965
-9.721320152282715
-4.668709754943848
-1.461632251739502
-0.09134895354509354
-0.05074482783675194
-0.12806329131126404
-4.699225902557373
-2.9884514808654785
-3.3030924797058105
-0.46314477920532227
-9.432710647583008
-1.6879487037658691
-1.9511888027191162
-2.8391737937927246
-1.3129303455352783
-1.9045913219451904
-1.637169599533081
-0.06577017903327942
-6.557977676391602
-3.0457277297973633
-2.6059157848358154
-0.047119226306676865
-0.03060310333967209
-0.06081870198249817
-0.04452093318104744
-2.4659507274627686
-7.976140975952148
-2.0976643562316895
-1.739744782447815
-0.019926367327570915
-0.011091364547610283
-6.454531669616699
-0.008501528762280941
-3.703566312789917
-2.9806268215179443
-0.8664076924324036
-1.9846913814544678
-3.58502197265625
-0.7758828401565552
-3.6129050254821777
-0.22879628837108612
-0.1886918693780899
-0.1626935452222824
-0.07268835604190826
-0.1576983481645584
-0.02378583885729313
-0.009539968334138393
-5.520804405212402
-0.00481932470574975
-0.08172207325696945
-0.0035491115413606167
-5.988305568695068
-0.013018965721130371
-12.345059394836426
-4.424996376037598
-0.6457182765007019
-2.00698184967041
-3.664719581604004
-0.3570523262023926
-1.4742690324783325
-0.45508289337158203
-5.456745147705078
-2.112631320953369
-0.4533492922782898
-0.07833016663789749
-0.06592509895563126
-0.03427445888519287
-0.05797911062836647
-1.3309414386749268
-2.2801380157470703
-1.7615973949432373
-0.04966790974140167
-11.70899772644043
-5.180135250091553
-0.8203450441360474
-1.504554271697998
-2.1737325191497803
-4.064344882965088
-4.509037971496582
-0.05269244685769081
-0.023052319884300232
-6.248261451721191
-0.0072348034009337425
-5.288622856140137
-0.08416829258203506
-0.058701176196336746
-0.06886844336986542
-0.0620361864566803
-0.12912368774414062
-3.0293478965759277
-2.3859758377075195
-7.584865570068359
-3.534965991973877
-3.275589942932129
-0.03636877238750458
-1.8997927904129028
-1.5356006622314453
-0.025379812344908714
-0.005010666791349649
-6.733545303344727
-0.011968114413321018
-0.02377454750239849
-0.005736673250794411
-6.5060625076293945
-0.01067876722663641
-0.022294482216238976
-0.004969032481312752
-6.398664474487305
-0.01125616766512394
-7.735205173492432
-2.5959877967834473
-0.7259159684181213
-8.070150375366211
-4.424269676208496
-6.010869026184082
-0.9717068672180176
-6.208484172821045
-0.029991190880537033
-0.006017899140715599
-6.948083400726318
-0.01032865047454834
-5.61970329284668
-0.1543998271226883
-5.072652816772461
-5.955685138702393
-5.62156343460083
-2.6520111560821533
-3.4271621704101562
-3.4788529872894287
-3.5533924102783203
-1.7660032510757446
-1.2976174354553223
-0.6791157722473145
-0.1822233498096466
-3.1576106548309326
-5.443694591522217
-2.535505771636963
-0.0685131847858429
-0.7353565692901611
-1.9638428688049316
-3.820080280303955
-3.777479410171509
-8.735557556152344
-7.1673970222473145
-10.431735038757324
-4.167797088623047
-1.6174172163009644
-2.3339123725891113
-0.8659682273864746
-4.605128765106201
-0.6371088027954102
-0.3993775248527527
-1.4098330736160278
-8.005533218383789
-0.698589026927948
-0.3189677894115448
-0.22157056629657745
-1.3623285293579102
-1.7021039724349976
-4.9163055419921875
-3.770488977432251
-4.317842483520508
-0.13005046546459198
-0.02974879741668701
-16.687822341918945
-0.053033243864774704
-5.755712032318115
-6.049175262451172
-0.6920751333236694
-3.382026195526123
-2.0792765617370605
-3.6925384998321533
-6.9557204246521
-0.3515050411224365
-1.4948898553848267
-1.4779837131500244
-5.320157051086426
-1.2073583602905273
-0.14814534783363342
-2.4925827980041504
-8.370851516723633
-4.58945369720459
-5.110060214996338
-1.9444456100463867
-2.906231641769409
-3.1323530673980713
-0.10221410542726517
-3.870990753173828
-2.793668746948242
-1.9346659183502197
-4.000876426696777
-1.5343265533447266
-0.5041070580482483
-1.2907730340957642
-4.838705539703369
-4.487720012664795
-0.7958048582077026
-3.12502384185791
-1.2494513988494873
-1.860280990600586
-6.010684013366699
-0.5042731165885925
-0.0179242342710495
-5.098591327667236
-8.227045059204102
-0.20894448459148407
-0.2263748049736023
-0.08624476194381714
-0.09862910956144333
-4.415652751922607
-3.3596577644348145
-2.2855117321014404
-4.573371410369873
-0.07575380057096481
-4.957943916320801
-1.3259568214416504
-0.01041418593376875
-6.789757251739502
-0.005865978542715311
-1.376863956451416
-0.006113874725997448
-6.425273895263672
-0.0073251002468168736
-2.268507480621338
-0.007396811153739691
-6.153261661529541
-0.006916746497154236
-1.6174161434173584
-0.006779881194233894
-6.694705486297607
-0.009369214065372944
-1.5413403511047363
-4.1294121742248535
-2.8088490962982178
-3.864928960800171
-0.1393185704946518
-11.080991744995117
-0.9769387245178223
-4.162787437438965
-2.793919801712036
-4.798093318939209
-4.470631122589111
-2.5813395977020264
-5.597041130065918
-2.9154489040374756
-2.703171491622925
-1.9631915092468262
-11.448370933532715
-4.414706230163574
-1.435436725616455
-2.126333713531494
-1.5030183792114258
-1.6929551362991333
-0.4573337435722351
-0.3045062720775604
-0.16582712531089783
-0.16213172674179077
-0.21440376341342926
-0.06091763824224472
-1.1326303482055664
-1.5541775226593018
-2.5888938903808594
-2.182065963745117
-6.21787166595459
-1.5395089387893677
-8.382927894592285
-1.671356201171875
-1.4981930255889893
-0.4878241717815399
-2.2830100059509277
-1.8343170881271362
-0.023713547736406326
-0.1447964459657669
-1.6791421175003052
-1.3503013849258423
-3.2580761909484863
-1.420372724533081
-2.9521427154541016
-0.012736641801893711
-0.6597285866737366
-7.981032848358154
-0.17558468878269196
-0.262113481760025
-0.36696115136146545
-0.055782388895750046
-5.788477897644043
-0.0032343952916562557
-0.6242727637290955
-3.877300500869751
-4.923546314239502
-4.678367614746094
-4.803961753845215
-1.3408076763153076
-4.006077289581299
-1.5362426042556763
-2.549518346786499
-0.6735172271728516
-2.9739832878112793
-1.6698288917541504
-0.23982924222946167
-0.07179282605648041
-2.4194400310516357
-7.60615348815918
-3.164550542831421
-9.170671463012695
-0.9903316497802734
-0.013122154399752617
-6.2791948318481445
-0.009403343312442303
-6.194189548492432
-1.3173257112503052
-3.0166285037994385
-2.588189125061035
-2.5483312606811523
-0.6011136770248413
-0.5366077423095703
-2.756593942642212
-1.9143120050430298
-1.836167812347412
-3.026521682739258
-1.2210173606872559
-1.390504240989685
-2.7726616859436035
-0.6486331224441528
-0.5942920446395874
-1.8560245037078857
-0.6751289963722229
-3.4769539833068848
-2.461635112762451
-0.35611146688461304
-5.032985687255859
-0.6050969958305359
-0.4355204999446869
-3.801957130432129
-1.3309133052825928
-2.108640432357788
-1.9086978435516357
-2.608436107635498
-1.4176051616668701
-2.9252586364746094
-1.5582611560821533
-3.6788012981414795
-3.8940131664276123
-2.853469133377075
-0.7128583788871765
-3.587932825088501
-2.969080924987793
-2.9175117015838623
-3.758791208267212
-2.0298476219177246
-4.6389312744140625
-2.1076583862304688
-1.2688032388687134
-3.842564344406128
-0.06562572717666626
-2.3017635345458984
-2.5420949459075928
-3.498178243637085
-1.7814825773239136
-0.0779811218380928
-0.2659638226032257
-0.07279787212610245
-0.20651309192180634
-0.012489675544202328
-0.4885769486427307
-1.5284645557403564
-2.2770278453826904
-0.31675657629966736
-0.20284384489059448
-3.0603997707366943
-0.04732993245124817
-0.09644767642021179
-1.0808964967727661
-3.31856632232666
-2.186612606048584
-2.1594324111938477
-0.98984694480896
-1.2622103691101074
-1.3146097660064697
-0.6932412385940552
-3.454813241958618
-2.0756850242614746
-3.7943787574768066
-0.8153162002563477
-0.9182908535003662
-1.7787094116210938
-6.192939281463623
-1.9857962131500244
-0.009604791179299355
-5.859548091888428
-0.021975930780172348
-3.976896286010742
-3.2484617233276367
-6.82758092880249
-0.3027906119823456
-8.828426361083984
-11.966021537780762
-0.6484978795051575
-0.07891387492418289
-0.06197388842701912
-0.055186934769153595
-0.046558644622564316
-3.6282784938812256
-0.03611791506409645
-0.6613972187042236
-0.8897872567176819
-3.799255609512329
-1.2056797742843628
-3.2513203620910645
-0.44777151942253113
-8.158052444458008
-3.71964430809021
-0.29866600036621094
-3.8119540214538574
-2.312434196472168
-4.598383903503418
-0.23645153641700745
-2.1449694633483887
-0.2639457881450653
-0.9173731207847595
-0.029532501474022865
-0.06884840875864029
-0.021096710115671158
-0.0028029698878526688
-0.12715734541416168
-2.073690891265869
-2.3314781188964844
-2.1508491039276123
-5.380939960479736
-0.4675939679145813
-0.8663871884346008
-1.277070164680481
-0.01813567988574505
-0.007317289710044861
-0.014714526012539864
-0.006652944255620241
-0.6992353200912476
-0.7633594870567322
-2.162956476211548
-0.3131321370601654
-1.4195655584335327
-2.6882071495056152
-1.4610905647277832
-0.0764961689710617
-0.2587611973285675
-5.622760772705078
-6.424316883087158
-0.8254774212837219
-0.8341405987739563
-4.134032726287842
-2.4941160678863525
-0.24900101125240326
-0.6370131969451904
-0.1770019680261612
-0.06689513474702835
-0.2838563024997711
-3.0223851203918457
-2.5936007499694824
-0.795785665512085
-2.8153116703033447
-3.4170243740081787
-0.5372978448867798
-1.9650895595550537
-0.22157076001167297
-4.688625812530518
-2.5830435752868652
-1.560006022453308
-3.71065092086792
-0.08268383145332336
-0.1548662632703781
-0.6072559952735901
-0.3365580439567566
-1.9286048412322998
-0.07790834456682205
-0.06610152870416641
-3.987489700317383
-7.6240057945251465
-0.25593528151512146
-6.502105712890625
-2.6725783348083496
-4.223631381988525
-12.718060493469238
-2.14383864402771
-14.099623680114746
-1.9117941856384277
-1.8753021955490112
-1.331737995147705
-2.48736310005188
-0.979079008102417
-1.6548938751220703
-1.8245854377746582
-0.36228716373443604
-0.25876110792160034
-1.665420651435852
-5.879650592803955
-0.8581052422523499
-0.3743533790111542
-0.07904121279716492
-0.7731125354766846
-0.03996305167675018
-0.21490775048732758
-0.03826000541448593
-0.06388580054044724
-1.4463691711425781
-5.884982109069824
-0.18412747979164124
-1.7556544542312622
-7.547996997833252
-1.6707321405410767
-0.11707356572151184
-0.06784684956073761
-5.4914774894714355
-0.046295423060655594
-0.05581057444214821
-0.050594452768564224
-0.08168648183345795
-1.2901479005813599
-3.277270793914795
-0.4793670177459717
-1.137906551361084
-8.817152976989746
-0.0771339163184166
-1.8427748680114746
-0.05982321500778198
-0.06391935050487518
-0.08287762850522995
-0.05943294242024422
-1.560603380203247
-4.757410526275635
-1.0082175731658936
-1.537940263748169
-2.3015100955963135
-0.9220041632652283
-1.651504397392273
-0.8897957801818848
-1.6352832317352295
-4.791403293609619
-0.5974254012107849
-0.353156179189682
-0.489499568939209
-0.09531226009130478
-0.19776295125484467
-5.156259059906006
-0.8926032781600952
-5.134494781494141
-4.185699462890625
-5.196900367736816
-0.7027571797370911
-1.5008454322814941
-4.139552116394043
-4.507351875305176
-1.877297282218933
-2.034525156021118
-2.574943780899048
-2.7225401401519775
-3.2493793964385986
-2.4763755798339844
-2.7303237915039062
-7.12952184677124
-0.0520908497273922
-0.29330578446388245
-0.05645252391695976
-1.4770543575286865
-2.3938281536102295
-1.8011723756790161
-2.8322696685791016
-0.14922760426998138
-0.052325740456581116
-2.2117457389831543
-1.7533320188522339
-4.72038459777832
-4.626860618591309
-0.03268422931432724
-0.238865464925766
-0.7127568125724792
-0.23587581515312195
-1.6506986618041992
-1.090139627456665
-0.9048290848731995
-2.70298433303833
-4.879239082336426
-0.10295677930116653
-0.8629425764083862
-0.8629627227783203
-3.3269095420837402
-1.7442076206207275
-0.05572793260216713
-0.038983605802059174
-0.026243433356285095
-0.05454699322581291
-2.2666256427764893
-4.519593238830566
-3.0067250728607178
-4.831513404846191
-4.501204490661621
-3.2460718154907227
-3.557459831237793
-2.7140257358551025
-0.465459942817688
-3.10827898979187
-1.336665391921997
-2.2711868286132812
-0.041636671870946884
-0.20973233878612518
-10.347589492797852
-9.153977394104004
-12.090046882629395
-9.338489532470703
-0.2215704619884491
-2.329472064971924
-0.3058401942253113
-0.22535620629787445
-4.788025856018066
-3.458944082260132
-0.261760950088501
-3.7227158546447754
-0.8370358347892761
-1.470715045928955
-1.048888921737671
-1.2548800706863403
-1.4639869928359985
-1.5086251497268677
-2.0927934646606445
-3.0787553787231445
-1.6231294870376587
-2.1997973918914795
-2.7804763317108154
-5.059410572052002
-0.7754251956939697
-2.423335552215576
-0.9927651882171631
-2.1828718185424805
-3.710317611694336
-2.466719150543213
-2.0457277297973633
-0.09741387516260147
-4.937360763549805
-1.0794219970703125
-0.0858665332198143
-1.2701945304870605
-0.30580851435661316
-0.0396416038274765
-0.18681412935256958
-2.265775680541992
-4.4832658767700195
-0.029794966802001
-0.008458266966044903
-0.02473178133368492
-0.008608375675976276
-1.5525232553482056
-2.64125919342041
-1.4005937576293945
-1.3573135137557983
-0.5765025615692139
-6.13052225112915
-0.3244558870792389
-0.49868351221084595
-4.179819583892822
-0.03362306207418442
-0.19140174984931946
-2.694455146789551
-1.6379098892211914
-3.8645453453063965
-1.6825335025787354
-0.12366502732038498
-0.2859298884868622
-4.6401495933532715
-0.22157037258148193
-0.4369093179702759
-3.6638126373291016
-1.119079351425171
-0.15749214589595795
-3.218489408493042
-0.030220918357372284
-0.031356293708086014
-0.07609224319458008
-1.3801220655441284
-1.7323575019836426
-4.697656154632568
-0.5237584114074707
-0.7119526267051697
-0.8395727276802063
-2.1168324947357178
-0.2020050436258316
-1.3133028745651245
-2.5859925746917725
-2.6003928184509277
-2.3801794052124023
-4.254462718963623
-4.295578479766846
-0.05563333258032799
-0.02030211128294468
-0.04867612570524216
-0.006271799560636282
-2.970212697982788
-0.38822245597839355
-0.24823541939258575
-0.373854398727417
-0.0432899184525013
-0.012708157300949097
-0.032596655189991
-0.024623969569802284
-1.6832027435302734
-3.8023993968963623
-3.5009427070617676
-2.5731358528137207
-2.67328143119812
-0.801138162612915
-0.30491015315055847
-2.332491874694824
-3.3978240489959717
-16.8946475982666
-10.107091903686523
-9.826292991638184
-5.119998455047607
-3.228766441345215
-1.741315245628357
-7.867699146270752
-0.07080543041229248
-0.09878496080636978
-0.5097317695617676
-0.7228341698646545
-0.21845011413097382
-1.9482753276824951
-1.5302975177764893
-1.4360792636871338
-1.4056458473205566
-0.06182306632399559
-0.10910893976688385
-0.09456811845302582
-0.4517233371734619
-3.482473611831665
-2.5843546390533447
-1.6464664936065674
-0.14648331701755524
-7.972743511199951
-1.2180252075195312
-2.421874761581421
-0.18011587858200073
-0.33215177059173584
-0.05347099527716637
-0.15919841825962067
-1.7003450393676758
-2.202638626098633
-3.322786331176758
-6.2888288497924805
-1.4198826551437378
-1.426830768585205
-2.895171880722046
-5.534168720245361
-1.1968107223510742
-3.3346829414367676
-0.045367274433374405
-2.0834708213806152
-8.57525634765625
-0.08914981782436371
-0.06383693218231201
-0.08500386774539948
-6.120539665222168
-2.3888864517211914
-2.157195806503296
-0.47936707735061646
-1.5416990518569946
-3.257136106491089
-2.535598039627075
-2.569335699081421
-5.848041534423828
-0.02820454351603985
-0.06167927756905556
-0.03974081948399544
-1.0918996334075928
-3.0039076805114746
-2.6897222995758057
-1.0952670574188232
-0.8311972618103027
-0.13458512723445892
-7.467389106750488
-0.03597164899110794
-2.676504373550415
-1.714424729347229
-1.447951316833496
-2.1797609329223633
-1.7381871938705444
-1.3927234411239624
-14.525396347045898
-2.0633978843688965
-1.7384247779846191
-1.6129415035247803
-3.0962235927581787
-2.8374712467193604
-3.2146623134613037
-4.4363861083984375
-0.727655827999115
-4.653729438781738
-0.7299906015396118
-0.30511823296546936
-0.29583877325057983
-1.426337480545044
-5.327256202697754
-6.024662971496582
-3.4508447647094727
-0.5527248382568359
-5.016286373138428
-3.357060670852661
-3.0607264041900635
-1.6618088483810425
-1.2302320003509521
-1.3032927513122559
-0.4072211980819702
-0.07472793757915497
-0.12018457055091858
-0.05223466455936432
-0.0411202609539032
-1.1416804790496826
-2.3075599670410156
-4.451687812805176
-2.340019941329956
-0.6696298718452454
-0.6071011424064636
-3.8195676803588867
-2.242215871810913
-2.427042007446289
-1.207229495048523
-4.147337436676025
-3.2909605503082275
-5.821610450744629
-0.13168421387672424
-0.023627163842320442
-0.019881144165992737
-7.4696784019470215
-2.3115992546081543
-3.4223649501800537
-4.159853935241699
-3.4842042922973633
-1.4562026262283325
-1.5851247310638428
-0.9684749841690063
-1.077033519744873
-0.029532616958022118
-0.06884840875864029
-0.020942628383636475
-0.0026515109930187464
-3.8319220542907715
-1.5437290668487549
-1.1858935356140137
-1.0553772449493408
-0.5322461128234863
-1.8113386631011963
-12.308545112609863
-0.07920455187559128
-1.7741782665252686
-2.773967981338501
-3.1227869987487793
-0.650752067565918
-0.12897229194641113
-4.855360507965088
-4.525764465332031
-0.034610189497470856
-0.009212013334035873
-0.018809640780091286
-0.0167947169393301
-0.60660719871521
-2.8810219764709473
-3.2559683322906494
-0.9923442602157593
-5.481349945068359
-0.05241646617650986
-1.2943928241729736
-0.0883503332734108
-3.576953887939453
-2.6744303703308105
-7.3659772872924805
-1.3350704908370972
-2.352773904800415
-0.7892745137214661
-1.4679566621780396
-1.7266161441802979
-0.8042895793914795
-3.0523416996002197
-2.523509979248047
-2.5672383308410645
-7.501138210296631
-2.8299500942230225
-0.5072571039199829
-3.022754192352295
-3.3954687118530273
-1.9442850351333618
-7.560927867889404
-0.6303493976593018
-2.5543484687805176
-5.230519771575928
-0.8809730410575867
-5.574770450592041
-3.514078378677368
-1.8042235374450684
-0.09423966705799103
-1.7225069999694824
-4.311363697052002
-0.1284848153591156
-0.9800469279289246
-1.944891333580017
-0.5522496700286865
-0.09941664338111877
-0.041055046021938324
-0.10991070419549942
-0.11350801587104797
-0.2784811556339264
-3.201528310775757
-0.6597385406494141
-3.175630807876587
-1.0156086683273315
-2.3254125118255615
-1.6807856559753418
-0.428315132856369
-13.493194580078125
-0.9340811371803284
-5.704399108886719
-0.5936436057090759
-6.715301036834717
-0.21759650111198425
-3.5064380168914795
-3.0802574157714844
-2.3235907554626465
-0.07962395995855331
-0.08725986629724503
-3.5603625774383545
-1.699832558631897
-0.36305177211761475
-3.986208915710449
-4.569676399230957
-6.865321159362793
-0.6073015332221985
-2.624180316925049
-1.0866389274597168
-0.37722519040107727
-2.5093536376953125
-2.7602529525756836
-2.0940916538238525
-2.962825059890747
-8.099921226501465
-0.3234541416168213
-1.8139253854751587
-1.7205290794372559
-3.5023796558380127
-2.30716872215271
-6.036325931549072
-2.2259135246276855
-0.04916277527809143
-9.427324295043945
-2.2200069427490234
-0.707571268081665
-0.024010829627513885
-6.998650550842285
-4.996677398681641
-2.530158758163452
-6.649938106536865
-0.2704390585422516
-4.452992916107178
-0.05780382826924324
-3.8331234455108643
-1.899406909942627
-5.16367769241333
-0.09593455493450165
-5.583236217498779
-3.715569496154785
-1.295722246170044
-0.029532616958022118
-0.06884840875864029
-0.020942628383636475
-0.0026515109930187464
-0.0378422848880291
-0.009962123818695545
-0.010856255888938904
-0.009791559539735317
-0.31530293822288513
-0.3288377821445465
-2.557272434234619
-0.03352254629135132
-0.019438251852989197
-5.644596099853516
-2.442814588546753
-3.556922674179077
-0.02437887340784073
-3.1629855632781982
-0.7376168370246887
-2.0748214721679688
-4.319375991821289
-1.763033151626587
-3.6333045959472656
-2.6848323345184326
-0.2215704619884491
-0.4003640115261078
-3.3555989265441895
-3.1914403438568115
-0.23637239634990692
-1.2407376766204834
-0.6831524968147278
-1.710542917251587
-0.9335236549377441
-3.0476441383361816
-3.675137996673584
-1.1309847831726074
-0.5866968035697937
-0.4658333659172058
-3.1971168518066406
-0.04448079690337181
-0.9321089386940002
-2.042043924331665
-1.928040623664856
-4.491617679595947
-0.2987786531448364
-0.41683077812194824
-2.017291307449341
-0.9537660479545593
-3.0053184032440186
-3.9982054233551025
-2.2219645977020264
-0.30146533250808716
-0.17546726763248444
-0.08720556646585464
-0.3996633291244507
-4.840462684631348
-5.97132682800293
-3.218865394592285
-0.31335383653640747
-0.09253734350204468
-3.984424591064453
-3.6037020683288574
-0.717990517616272
-0.8570622205734253
-1.9455757141113281
-0.6157439947128296
-0.19860900938510895
-7.872477054595947
-1.2781763076782227
-0.161002978682518
-0.06976236402988434
-0.08494758605957031
-0.17595456540584564
-1.613985538482666
-1.614564061164856
-0.7871290445327759
-1.8986860513687134
-3.081479549407959
-3.194033622741699
-2.507615327835083
-0.45199838280677795
-2.7010762691497803
-0.6789484620094299
-1.9271445274353027
-0.34874582290649414
-4.1618547439575195
-5.567445755004883
-0.11340510845184326
-0.15743857622146606
-0.8269671201705933
-0.1453322172164917
-0.22157056629657745
-2.0184903144836426
-9.256656646728516
-0.18541614711284637
-0.1558932214975357
-0.07898800820112228
-0.05417114123702049
-0.048103462904691696
-1.59541654586792
-5.290369033813477
-2.65616512298584
-1.3958265781402588
-7.091759204864502
-10.331212997436523
-0.7055937647819519
-0.7486516237258911
-3.0445215702056885
-0.15243695676326752
-0.06108856201171875
-0.04339299723505974
-0.031924303621053696
-5.664576053619385
-4.444707870483398
-0.029132075607776642
-7.047684669494629
-7.649463653564453
-7.597609996795654
-0.03707248717546463
-5.966623783111572
-0.12052595615386963
-4.980574607849121
-2.5940775871276855
-2.1285970211029053
-0.4654601216316223
-0.7619656324386597
-4.59913444519043
-1.0462132692337036
-2.0619893074035645
-3.3228092193603516
-0.41175368428230286
-0.9601825475692749
-1.239227056503296
-0.3601488173007965
-3.206798791885376
-0.253682404756546
-0.09567480534315109
-0.5585058331489563
-0.18179534375667572
-0.2757361829280853
-0.8406029343605042
-1.806547999382019
-1.037898063659668
-0.05501816049218178
-3.2924656867980957
-4.40533447265625
-1.2182402610778809
-2.279803514480591
-3.876591920852661
-2.1936378479003906
-1.0606945753097534
-0.1748104989528656
-2.1687984466552734
-2.1030495166778564
-0.7562136054039001
-1.5861152410507202
-2.3337409496307373
-1.1026170253753662
-2.2658817768096924
-0.23946969211101532
-1.8265655040740967
-0.04044056683778763
-1.3617186546325684
-4.932640075683594
-2.5216825008392334
-1.8225194215774536
-5.4122724533081055
-2.283679962158203
-1.856324315071106
-2.2871971130371094
-1.2583894729614258
-12.627325057983398
-4.45612907409668
-3.322439193725586
-2.2591278553009033
-2.7209208011627197
-0.22157084941864014
-0.7452412843704224
-2.457397937774658
-2.4221816062927246
-3.2171332836151123
-4.488214015960693
-1.6503231525421143
-3.1512908935546875
-0.7147272229194641
-0.45137566328048706
-2.8076694011688232
-0.023761741816997528
-5.2583794593811035
-6.662924766540527
-0.7815765142440796
-2.1263999938964844
-1.5136903524398804
-2.730454683303833
-0.008170513436198235
-0.06693493574857712
-0.009296227246522903
-1.0184600353240967
-2.5956814289093018
-0.3550323247909546
-0.09470747411251068
-3.897768020629883
-6.172240257263184
-0.8019296526908875
-2.371171236038208
-0.5411508083343506
-4.272700786590576
-3.5303962230682373
-0.42579224705696106
-0.6167120337486267
-0.16496193408966064
-1.4530500173568726
-3.0485897064208984
-0.036795150488615036
-0.03730874881148338
-0.06996157020330429
-0.007406396325677633
-2.051424741744995
-0.007053830195218325
-0.035221703350543976
-0.009756852872669697
-1.5436732769012451
-0.010725707747042179
-0.03522964194417
-0.011906743980944157
-0.02884569577872753
-0.011526417918503284
-0.04698001965880394
-0.012995313853025436
-3.0648436546325684
-1.9613291025161743
-3.393146276473999
-5.418813705444336
-2.1224019527435303
-2.277061700820923
-5.2901997566223145
-4.451934814453125
-0.041009966284036636
-0.33153730630874634
-5.465505599975586
-0.69343501329422
-1.0943171977996826
-5.8213043212890625
-2.2835516929626465
-5.27218770980835
-0.3216269314289093
-0.2748314142227173
-4.943818092346191
-6.999384880065918
-0.06975913792848587
-4.387977600097656
-1.0638601779937744
-4.759811878204346
-0.06100142002105713
-0.03207393363118172
-0.032653190195560455
-0.03776560723781586
-2.996039390563965
-2.129422426223755
-1.5114754438400269
-4.564409255981445
-3.004185438156128
-1.5909607410430908
-4.429574012756348
-1.608094573020935
-0.9318442344665527
-2.9457526206970215
-12.936394691467285
-1.751646876335144
-1.711820125579834
-0.276047021150589
-5.813233375549316
-1.1893768310546875
-3.23572039604187
-10.146047592163086
-1.480736255645752
-3.7899065017700195
-2.3744142055511475
-1.4001150131225586
-1.355182409286499
-0.9466601014137268
-1.2965534925460815
-4.886931896209717
-4.517677307128906
-0.7925874590873718
-2.3445000648498535
-3.106282949447632
-1.6089483499526978
-2.855421543121338
-5.02513313293457
-3.1979033946990967
-0.7678762078285217
-4.971383094787598
-0.07100232690572739
-0.09890352934598923
-0.03283882141113281
-0.2524920701980591
-2.468372344970703
-3.1260015964508057
-5.522305965423584
-0.793286919593811
-2.066265106201172
-5.470034122467041
-5.575575351715088
-1.480098009109497
-0.6314260363578796
-4.375316619873047
-4.21966028213501
-1.3882417678833008
-2.6371543407440186
-1.3268927335739136
-3.0224387645721436
-6.6577606201171875
-2.3589065074920654
-3.2491228580474854
-2.069981336593628
-3.5638580322265625
-3.1066031455993652
-0.41550347208976746
-0.8421149253845215
-5.351380348205566
-0.35230553150177
-0.2355521321296692
-0.06530014425516129
-0.04845593497157097
-0.04072444885969162
-11.307022094726562
-0.08150354772806168
-2.4094555377960205
-2.4161126613616943
-0.3985724151134491
-6.696822166442871
-9.471918106079102
-9.2250337600708
-0.9204713702201843
-2.4099483489990234
-4.081558704376221
-2.555370330810547
-4.026815414428711
-0.18852108716964722
-0.10462794452905655
-0.052369292825460434
-1.5162826776504517
-7.842859268188477
-0.24810780584812164
-2.801162004470825
-0.025313911959528923
-0.017897654324769974
-0.020000219345092773
-0.00757961580529809
-2.221386432647705
-8.238178253173828
-2.614466667175293
-1.0310125350952148
-2.6545746326446533
-2.259899854660034
-2.7820589542388916
-2.8679230213165283
-4.008049964904785
-0.22157076001167297
-4.190511226654053
-3.557528257369995
-5.934739112854004
-3.57210373878479
-7.064602851867676
-0.16138285398483276
-0.07348240166902542
-0.02138158492743969
-0.25058138370513916
-4.767696857452393
-2.464662790298462
-2.791790008544922
-7.346196174621582
-1.2961351871490479
-8.17988395690918
-6.2902607917785645
-0.647309422492981
-3.069064140319824
-2.612372398376465
-3.8388731479644775
-2.1705050468444824
-1.830087423324585
-8.08421802520752
-9.514613151550293
-0.16446126997470856
-0.09293631464242935
-0.02910764515399933
-6.975547790527344
-0.008107253350317478
-0.008897893130779266
-0.004770801402628422
-6.722044944763184
-0.009159096516668797
-0.20456497371196747
-0.13869644701480865
-0.19578799605369568
-2.871546983718872
-2.772629499435425
-2.016080617904663
-2.765312433242798
-1.485700011253357
-4.8129072189331055
-3.062924861907959
-0.2857148349285126
-0.16548661887645721
-0.051548220217227936
-0.2628682553768158
-0.2092299908399582
-6.619476795196533
-6.351792812347412
-2.195204496383667
-2.590752601623535
-2.71120285987854
-6.1574506759643555
-0.03395140916109085
-6.860428333282471
-0.011770441196858883
-0.7202096581459045
-3.282428503036499
-0.041793543845415115
-6.244742393493652
-0.004394279792904854
-6.620635986328125
-0.0059786769561469555
-8.213910102844238
-1.8109550476074219
-6.090576171875
-0.050028786063194275
-0.5211728811264038
-7.542137145996094
-0.005069615785032511
-6.0910773277282715
-0.018723884597420692
-1.2248153686523438
-7.924391746520996
-0.006701613310724497
-6.114978790283203
-0.018326129764318466
-3.14339017868042
-3.34375
-1.717777967453003
-2.3428988456726074
-1.95148503780365
-6.536017417907715
-2.3498406410217285
-0.6275554895401001
-0.40059444308280945
-0.1990964114665985
-0.057076387107372284
-0.07975010573863983
-0.03709569200873375
-0.0168714951723814
-0.010617081075906754
-6.0740766525268555
-0.005145758390426636
-0.011879531666636467
-0.004808410070836544
-6.18434476852417
-0.006575850769877434
-0.799103319644928
-3.70534610748291
-1.519285798072815
-5.285215854644775
-2.0503599643707275
-0.011785639449954033
-0.0059931338764727116
-6.139993667602539
-0.006843462120741606
-0.012462243437767029
-0.006929177325218916
-6.07242488861084
-0.0074333748780190945
-6.742269515991211
-12.783863067626953
-1.2818042039871216
-3.772690773010254
-4.750789165496826
-1.9330103397369385
-2.413614273071289
-2.653242588043213
-0.7088469862937927
-7.769240379333496
-1.056523323059082
-0.6110532283782959
-0.09039604663848877
-0.1320398598909378
-4.032347202301025
-0.07617431879043579
-0.03839779272675514
-1.112640380859375
-0.11741188168525696
-0.014904923737049103
-5.875913143157959
-0.010230837389826775
-0.02236396074295044
-0.014693734236061573
-5.704585075378418
-0.01597287319600582
-0.40901076793670654
-0.02009439468383789
-5.844963073730469
-0.01487779337912798
-7.407561302185059
-3.8399839401245117
-1.6021108627319336
-19.692684173583984
-13.526151657104492
-1.1827518939971924
-1.470371961593628
-4.7620649337768555
-2.4422502517700195
-2.7221107482910156
-0.26110154390335083
-3.1697945594787598
-1.6262178421020508
-2.707906723022461
-3.25404953956604
-0.5470975637435913
-4.654860496520996
-3.164562463760376
-3.703571319580078
-1.8947726488113403
-2.9620954990386963
-2.766953229904175
-4.024997711181641
-1.1523329019546509
-1.0809171199798584
-1.5818408727645874
-0.4969117045402527
-8.530749320983887
-1.6824833154678345
-9.072486877441406
-2.8847692012786865
-4.990809440612793
-5.259538173675537
-5.391546249389648
-1.9406383037567139
-11.865899085998535
-8.709853172302246
-0.20769383013248444
-0.12213902920484543
-4.849881649017334
-0.3029939532279968
-0.08933985978364944
-2.083875894546509
-1.7627334594726562
-0.6577205657958984
-3.0540401935577393
-0.053388163447380066
-0.7707551121711731
-2.337743043899536
-0.05667310208082199
-1.0974942445755005
-5.997467517852783
-2.5627334117889404
-2.15259051322937
-0.6128296256065369
-2.993781089782715
-0.07510112226009369
-0.05398321896791458
-2.658862829208374
-0.03902682662010193
-0.3332517147064209
-4.604182720184326
-5.60928201675415
-3.0095667839050293
-2.352341890335083
-0.7026472091674805
-0.7343584895133972
-2.132089138031006
-0.03648245334625244
-0.022955743595957756
-0.14746718108654022
-0.39228555560112
-0.2044665515422821
-0.00984928384423256
-5.813761234283447
-0.006212092004716396
-3.9388198852539062
-2.3195643424987793
-3.5079264640808105
-3.8435440063476562
-1.3394849300384521
-2.8054420948028564
-3.0829081535339355
-2.917733669281006
-10.23112678527832
-3.9371533393859863
-2.104107618331909
-1.5546990633010864
-3.6226212978363037
-5.7475690841674805
-4.246056079864502
-3.411763906478882
-3.357863664627075
-6.079722881317139
-0.09842721372842789
-0.14845748245716095
-0.1311436891555786
-0.053238071501255035
-4.300153732299805
-0.7108530402183533
-5.251501560211182
-1.6678571701049805
-2.804248094558716
-1.4430897235870361
-0.8345310091972351
-1.8190453052520752
-5.695586681365967
-0.02773471362888813
-2.1848483085632324
-3.7893693447113037
-0.006133542861789465
-5.869579792022705
-0.011604662984609604
-11.998320579528809
-4.7401814460754395
-1.6417568922042847
-11.517495155334473
-3.088470458984375
-2.9410529136657715
-2.699723720550537
-4.906576156616211
-6.442871570587158
-8.993257522583008
-12.094616889953613
-0.07052674144506454
-0.08997797220945358
-0.022382380440831184
-0.030775126069784164
-2.7588577270507812
-0.9656364321708679
-1.3661901950836182
-2.1014347076416016
-0.18983596563339233
-0.19620779156684875
-4.040156364440918
-9.706780433654785
-1.0640122890472412
-0.2948950231075287
-1.9014294147491455
-3.346230983734131
-3.0648059844970703
-0.8522753715515137
-4.7588701248168945
-9.931096076965332
-2.4861948490142822
-3.5612192153930664
-8.79501724243164
-0.7649277448654175
-0.7188668251037598
-6.083889007568359
-2.7020297050476074
-2.3030219078063965
-1.8700904846191406
-6.093935966491699
-0.016462096944451332
-2.282521963119507
-0.8776242733001709
-0.44031471014022827
-3.157219886779785
-2.6938958168029785
-6.842076778411865
-3.064244031906128
-4.811399459838867
-0.04532671719789505
-0.028433870524168015
-2.2748701572418213
-1.0144788026809692
-1.2018764019012451
-1.070277452468872
-0.9303203821182251
-0.020659146830439568
-6.02526330947876
-0.007433138322085142
-0.7005773782730103
-0.008108909241855145
-5.902557849884033
-0.011336437426507473
-1.3755825757980347
-0.008799584582448006
-6.01177453994751
-0.007620786316692829
-1.9666334390640259
-7.7190985679626465
-1.3482428789138794
-1.1875090599060059
-1.8758732080459595
-0.8192731142044067
-1.265148401260376
-5.399646759033203
-2.7631044387817383
-5.557403087615967
-2.3024206161499023
-3.296743869781494
-4.03511381149292
-7.504956245422363
-1.0122941732406616
-14.78528118133545
-5.126698970794678
-6.424276351928711
-0.29407185316085815
-0.7159430980682373
-8.360156059265137
-0.4323194622993469
-3.108607292175293
-2.5067875385284424
-0.20948612689971924
-1.3420501947402954
-3.702131986618042
-2.1841275691986084
-1.9156577587127686
-2.62744140625
-0.8261922001838684
-2.1590776443481445
-2.5013949871063232
-0.06323786079883575
-0.09053532779216766
-2.7701406478881836
-0.17307353019714355
-3.6125080585479736
-4.069738388061523
-6.477614879608154
-2.2666149139404297
-2.961090087890625
-3.422044277191162
-4.164416313171387
-1.1301923990249634
-2.4242563247680664
-12.80881118774414
-4.232202529907227
-1.8477457761764526
-0.3181408643722534
-1.1537744998931885
-0.04451580345630646
-6.23629093170166
-0.005562185775488615
-3.6480655670166016
-0.23756298422813416
-0.2929914593696594
-2.85660457611084
-0.06936360895633698
-1.4037814140319824
-0.3908967971801758
-2.4702935218811035
-0.10486830770969391
-2.4318790435791016
-7.203662395477295
-2.843860626220703
-0.09376709163188934
-0.019265437498688698
-5.566143989562988
-0.010268122889101505
-1.2807890176773071
-0.008078637532889843
-6.076476097106934
-14.22116470336914
-0.36510762572288513
-3.130746841430664
-3.848506450653076
-0.034163638949394226
-0.06263664364814758
-0.38289588689804077
-0.06503242254257202
-1.3732627630233765
-1.9374139308929443
-1.1798516511917114
-1.612587571144104
-0.7888979315757751
-0.14461995661258698
-0.05794806033372879
-0.05746915563941002
-0.022351138293743134
-0.006299282889813185
-6.397352695465088
-0.013685799203813076
-0.012808318249881268
-0.005836586933583021
-6.335218906402588
-0.017438771203160286
-0.32407188415527344
-0.9007920622825623
-2.4633944034576416
-9.706235885620117
-0.553191602230072
-2.5000722408294678
-2.139059066772461
-3.431522846221924
-3.8318772315979004
-3.681654453277588
-5.210906028747559
-3.146904706954956
-2.812868595123291
-2.1831016540527344
-0.45051443576812744
-5.845080852508545
-2.130280017852783
-2.29963755607605
-0.833193838596344
-0.11630841344594955
-2.238156318664551
-0.11245371401309967
-1.869437336921692
-3.292649269104004
-1.8221585750579834
-1.291067123413086
-1.4234306812286377
-1.3613779544830322
-2.585415840148926
-2.540945291519165
-2.914684534072876
-0.13275842368602753
-0.1203402727842331
-0.18859295547008514
-0.14431673288345337
-0.07148578017950058
-0.05240651220083237
-2.039907455444336
-4.414027214050293
-2.5327208042144775
-0.2920216917991638
-4.630641937255859
-9.4003324508667
-2.396296501159668
-5.040563106536865
-4.448243618011475
-2.7539291381835938
-3.7331717014312744
-1.6606929302215576
-3.313906669616699
-2.273054599761963
-1.6391370296478271
-0.8983872532844543
-3.6841797828674316
-0.16172972321510315
-0.6054114699363708
-1.955134630203247
-2.875136375427246
-1.912841796875
-5.146471977233887
-10.149378776550293
-2.2627038955688477
-2.0789694786071777
-0.12955859303474426
-0.7647872567176819
-0.44782012701034546
-0.8923353552818298
-0.8187374472618103
-3.235771894454956
-1.8030692338943481
-3.58756947517395
-0.032017480581998825
-0.5503435134887695
-0.08416982740163803
-0.468595027923584
-0.9025012254714966
-1.9852538108825684
-2.744447946548462
-2.5290517807006836
-2.4315133094787598
-8.117352485656738
-7.717165470123291
-2.5622878074645996
-6.885689735412598
-3.345883369445801
-10.721168518066406
-1.6907070875167847
-0.3964572548866272
-5.869784832000732
-3.5097320079803467
-3.088486433029175
-2.352530002593994
-0.38845497369766235
-0.185991570353508
-0.1763491928577423
-1.5316274166107178
-0.31772077083587646
-0.20808446407318115
-2.5419044494628906
-0.3820144236087799
-5.0917205810546875
-2.5230600833892822
-0.2976105511188507
-0.2506852149963379
-3.3690786361694336
-0.2672467529773712
-0.10682065784931183
-0.0332765094935894
-0.5478792190551758
-0.011876351200044155
-6.805703639984131
-0.009426843374967575
-7.884310245513916
-1.5427333116531372
-4.647611141204834
-3.7304749488830566
-2.728956460952759
-1.5919866561889648
-4.6906418800354
-2.1912190914154053
-3.584359645843506
-1.3981825113296509
-2.6438236236572266
-3.2011232376098633
-1.9926252365112305
-0.31382420659065247
-1.866532325744629
-0.36058753728866577
-0.19152036309242249
-0.0485994778573513
-0.032778602093458176
-0.11813753098249435
-0.058466654270887375
-0.040035780519247055
-0.6790256500244141
-0.04319401830434799
-0.0920124277472496
-0.410449355840683
-6.984986305236816
-5.239088535308838
-4.7151408195495605
-1.9514833688735962
-5.3304266929626465
-3.267280101776123
-3.6531472206115723
-1.9528597593307495
-0.8038008213043213
-1.9397717714309692
-9.300128936767578
-8.431292533874512
-0.15386317670345306
-4.0775322914123535
-2.3170506954193115
-1.3707187175750732
-0.13759006559848785
-1.8616939783096313
-1.514540672302246
-3.28737735748291
-1.855090856552124
-1.741172194480896
-3.916411876678467
-5.920940399169922
-1.1738346815109253
-1.6192179918289185
-0.16405928134918213
-0.05306161940097809
-0.5175582766532898
-0.07155103981494904
-13.46699047088623
-1.372477650642395
-1.175947904586792
-2.095858573913574
-0.9683358669281006
-1.4048407077789307
-2.507401466369629
-0.29098325967788696
-0.981344997882843
-1.1811002492904663
-3.10418963432312
-5.20850133895874
-1.4462848901748657
-2.1996333599090576
-3.22021484375
-3.557884693145752
-0.6431910991668701
-3.7280192375183105
-0.7955515384674072
-7.234996318817139
-1.1960586309432983
-0.20768588781356812
-1.6689742803573608
-1.776752233505249
-0.6295642256736755
-3.978351354598999
-4.305706977844238
-1.2281570434570312
-3.080338478088379
-0.07056473940610886
-0.7495099306106567
-1.872655987739563
-6.561678409576416
-0.5205545425415039
-2.2580981254577637
-6.218202114105225
-5.720126628875732
-1.9517745971679688
-0.46889474987983704
-0.9623775482177734
-0.9342566728591919
-0.5287911891937256
-2.7289907932281494
-7.00422477722168
-6.469347953796387
-3.8479883670806885
-1.3416411876678467
-1.6936078071594238
-2.1131913661956787
-3.0583384037017822
-8.622591972351074
-1.8246171474456787
-5.228483200073242
-6.427376747131348
-0.23902025818824768
-3.0110628604888916
-2.192800521850586
-4.238880157470703
-0.7771191000938416
-0.23368144035339355
-3.4691271781921387
-0.05196478217840195
-1.0379583835601807
-2.1780707836151123
-0.36525216698646545
-1.9743046760559082
-6.757848739624023
-7.31089448928833
-0.4618980288505554
-5.57224702835083
-0.08876242488622665
-2.1481142044067383
-1.1691267490386963
-2.152536153793335
-5.295860290527344
-0.044599033892154694
-15.393765449523926
-0.37376588582992554
-0.31489530205726624
-1.4019298553466797
-9.270120620727539
-0.3819926083087921
-1.02153480052948
-5.174941539764404
-7.782436370849609
-0.6241141557693481
-0.0946393683552742
-3.965829372406006
-8.224634170532227
-3.0573368072509766
-4.906576633453369
-3.343888759613037
-4.910856246948242
-0.2819966673851013
-0.08191638439893723
-2.103348731994629
-0.2729903757572174
-0.4324623644351959
-0.03305140137672424
-0.07115910202264786
-0.07115942984819412
-1.2087669372558594
-4.6371750831604
-5.828155517578125
-2.898104429244995
-2.179678201675415
-2.1775596141815186
-3.9076006412506104
-1.047092080116272
-2.62290096282959
-3.613190174102783
-2.7395169734954834
-0.26178497076034546
-0.21523866057395935
-2.2112576961517334
-0.029314076527953148
-5.3104047775268555
-0.010422679595649242
-0.18198448419570923
-4.122641086578369
-0.9858408570289612
-0.1887720227241516
-0.11349748075008392
-0.3431445360183716
-2.2256903648376465
-0.09606808423995972
-1.2920652627944946
-4.732393264770508
-0.03753025829792023
-1.426371455192566
-1.4567588567733765
-2.169464111328125
-0.22157084941864014
-0.6260061860084534
-1.0338428020477295
-0.22503899037837982
-4.646450042724609
-0.15489862859249115
-3.7009949684143066
-1.6696476936340332
-7.590440273284912
-1.8063567876815796
-1.76546311378479
-0.4744325876235962
-0.05635100603103638
-2.1696176528930664
-1.8738092184066772
-8.868612289428711
-8.44140625
-2.7352209091186523
-10.458390235900879
-0.13658778369426727
-2.6708779335021973
-1.2822296619415283
-1.7304651737213135
-0.03355390205979347
-0.29409316182136536
-0.007809937000274658
-5.68018102645874
-0.006386584602296352
-1.7698901891708374
-2.215984582901001
-1.1770297288894653
-1.5970542430877686
-4.636518478393555
-0.8708782196044922
-1.9643597602844238
-1.4144667387008667
-1.9557602405548096
-15.015466690063477
-2.9055957794189453
-0.6263195872306824
-9.380552291870117
-6.132361888885498
-1.1263062953948975
-0.823660135269165
-0.39568448066711426
-0.0750429555773735
-0.026613328605890274
-8.800187110900879
-2.7181828022003174
-1.480871558189392
-1.191745638847351
-7.530778408050537
-0.5470920205116272
-1.1853339672088623
-7.181077480316162
-0.05556409806013107
-1.6753183603286743
-3.8980231285095215
-6.349717140197754
-4.906576633453369
-0.3805587589740753
-3.10174560546875
-9.352561950683594
-4.939847946166992
-2.344442844390869
-3.7086472511291504
-0.04045533388853073
-2.2342374324798584
-0.12311773002147675
-0.05565971881151199
-9.326682090759277
-0.05428563803434372
-0.23231112957000732
-4.4791083335876465
-3.365281343460083
-5.142683506011963
-5.4005656242370605
-4.725302696228027
-0.3294922113418579
-0.6831158399581909
-4.737791538238525
-3.166149139404297
-0.0323958620429039
-2.6888010501861572
-0.05073678493499756
-0.11053966730833054
-0.07435063272714615
-3.6597883701324463
-0.08666571229696274
-0.03367112949490547
-0.4791065454483032
-1.339065432548523
-5.036899566650391
-4.358982086181641
-4.543537616729736
-3.6818714141845703
-1.4762861728668213
-3.5350942611694336
-1.9044017791748047
-2.678124189376831
-2.9063363075256348
-1.4814376831054688
-9.32630729675293
-6.37685489654541
-4.620968818664551
-3.1319143772125244
-4.357409954071045
-4.112206935882568
-0.04048658907413483
-4.428040027618408
-0.14420011639595032
-9.98576831817627
-1.0722143650054932
-7.70347261428833
-4.866403579711914
-3.1549293994903564
-0.02339533343911171
-0.6469293832778931
-0.020610567182302475
-0.44323259592056274
-1.2605867385864258
-0.16427426040172577
-0.09654314815998077
-0.22157084941864014
-1.575845718383789
-2.220512866973877
-1.4762612581253052
-0.3439905047416687
-7.237255096435547
-3.529698610305786
-0.2763742208480835
-4.173713684082031
-3.935328722000122
-1.0599220991134644
-1.5012180805206299
-0.026293711736798286
-4.869877815246582
-1.496316909790039
-3.130103826522827
-3.534290313720703
-0.0638539269566536
-2.2029967308044434
-4.788859844207764
-5.219392776489258
-7.160059928894043
-3.4082417488098145
-3.8185877799987793
-3.066662311553955
-0.42389869689941406
-0.8421154022216797
-2.697676181793213
-0.12551270425319672
-0.008447391912341118
-6.115410327911377
-0.008329651318490505
-0.1754801720380783
-0.5996358394622803
-3.9644949436187744
-4.049220561981201
-14.003009796142578
-8.291023254394531
-12.024940490722656
-1.830630898475647
-0.116268090903759
-4.425297260284424
-0.05485161021351814
-0.22041843831539154
-0.32350632548332214
-2.099677085876465
-3.265599489212036
-4.631283760070801
-3.1580917835235596
-13.621541023254395
-8.812860488891602
-2.8722262382507324
-1.378238320350647
-0.03778018802404404
-9.06928825378418
-6.420599937438965
-0.07874012738466263
-3.457462787628174
-0.121254101395607
-3.5197949409484863
-4.156925201416016
-2.71014142036438
-6.942333698272705
-4.175108909606934
-3.626591920852661
-0.6781119704246521
-5.85653829574585
-3.184983015060425
-4.156045913696289
-3.208137273788452
-2.023320436477661
-2.6573123931884766
-2.721433401107788
-3.4013776779174805
-4.125939846038818
-6.063836574554443
-7.362508773803711
-5.156305313110352
-4.689198970794678
-1.0528095960617065
-8.787160873413086
-8.007757186889648
-2.9353744983673096
-2.1412436962127686
-3.1201374530792236
-6.27827787399292
-3.533071517944336
-0.3851308822631836
-0.04810221493244171
-0.10736656188964844
-0.07153850048780441
-3.9946446418762207
-1.5742905139923096
-2.067479133605957
-2.714449405670166
-8.068466186523438
-2.87785005569458
-0.017363794147968292
-12.650520324707031
-1.5360027551651
-1.6006543636322021
-0.24025261402130127
-0.053974974900484085
-0.25460031628608704
-1.0153846740722656
-10.049002647399902
-2.249211311340332
-5.5941853523254395
-1.9516795873641968
-0.23902025818824768
-9.76794147491455
-0.6455337405204773
-0.6415853500366211
-0.7477971911430359
-0.06142045557498932
-0.10371769964694977
-0.06991755217313766
-2.054215431213379
-4.405893325805664
-2.002805709838867
-1.9609761238098145
-5.375852108001709
-2.268252372741699
-2.6993629932403564
-3.1245477199554443
-1.6604094505310059
-1.341202974319458
-1.499180793762207
-4.169678211212158
-2.030454397201538
-0.8110525012016296
-1.465177297592163
-8.924494743347168
-0.11069399863481522
-0.12268812954425812
-3.479490041732788
-1.6646356582641602
-4.0597381591796875
-1.6939698457717896
-7.551405906677246
-4.520934581756592
-2.939361333847046
-2.0347321033477783
-3.1334967613220215
-0.25754106044769287
-0.035118695348501205
-0.05971384048461914
-2.201404333114624
-0.06554143875837326
-2.6337368488311768
-3.1332361698150635
-4.392842769622803
-6.289441108703613
-4.702243328094482
-4.985104560852051
-3.104600191116333
-2.8233354091644287
-1.4464998245239258
-1.2362158298492432
-0.23279333114624023
-0.5440270900726318
-4.069691181182861
-0.9882789254188538
-2.792896270751953
-2.2749202251434326
-2.3917300701141357
-0.47936683893203735
-3.1276021003723145
-2.6280617713928223
-2.548959255218506
-2.877452850341797
-0.5380932092666626
-0.02141694165766239
-1.7979919910430908
-3.1020379066467285
-4.185140132904053
-1.8636842966079712
-0.7431603074073792
-4.413268089294434
-2.8032360076904297
-0.8211368322372437
-1.8894987106323242
-0.9458545446395874
-0.044680316001176834
-1.6901180744171143
-6.235548973083496
-5.472509860992432
-2.5575079917907715
-2.947010040283203
-3.7664694786071777
-2.2276391983032227
-9.537647247314453
-1.860335111618042
-2.6338274478912354
-3.3730528354644775
-0.11022112518548965
-3.7315380573272705
-3.6082301139831543
-2.4753780364990234
-2.798590660095215
-1.0432102680206299
-9.593694686889648
-1.6518683433532715
-2.9696478843688965
-1.3271141052246094
-0.008327050134539604
-1.5246431827545166
-8.849809646606445
-5.6888837814331055
-0.16431137919425964
-4.635842800140381
-0.05633038654923439
-1.4731249809265137
-2.7700743675231934
-1.5809004306793213
-3.2699196338653564
-2.3350493907928467
-0.6091901659965515
-2.5884640216827393
-0.2302941381931305
-3.6759884357452393
-12.514004707336426
-9.278254508972168
-10.819210052490234
-3.013242244720459
-1.0755813121795654
-1.5565555095672607
-0.06286437064409256
-0.03281736373901367
-0.02882913313806057
-5.227831840515137
-9.142887115478516
-3.3939425945281982
-2.3329806327819824
-2.386260747909546
-4.909089088439941
-3.8934202194213867
-2.7248706817626953
-9.49622631072998
-12.259427070617676
-0.034205228090286255
-3.332181215286255
-3.1412625312805176
-6.268273830413818
-6.387271404266357
-4.596790790557861
-2.72617769241333
-1.3212931156158447
-2.7360754013061523
-0.7587673664093018
-0.033330585807561874
-0.012004982680082321
-0.025225110352039337
-0.006610786076635122
-2.0636801719665527
-0.05028853565454483
-0.004355231299996376
-0.06918841600418091
-0.027999505400657654
-0.5241204500198364
-2.631657600402832
-1.331095814704895
-3.324249267578125
-0.19473017752170563
-2.0428366661071777
-0.9054732918739319
-2.866205930709839
-0.6072837114334106
-2.735257625579834
-0.11440908163785934
-1.789452314376831
-0.09958769381046295
-0.10480841249227524
-0.05259280651807785
-2.7726175785064697
-2.398148775100708
-2.55301833152771
-12.387995719909668
-2.886334180831909
-2.8606085777282715
-1.313738226890564
-1.9780365228652954
-12.265450477600098
-0.5344916582107544
-0.898348331451416
-4.122525691986084
-1.1199815273284912
-4.786112308502197
-1.734117031097412
-0.04073440656065941
-5.190604209899902
-0.68932044506073
-6.081737995147705
-3.24090576171875
-6.847193241119385
-0.44799867272377014
-0.07715477794408798
-0.08747309446334839
-6.247095108032227
-0.2753896713256836
-6.417193412780762
-7.357913494110107
-4.709356784820557
-4.112472057342529
-4.171915531158447
-3.4258131980895996
-3.8754220008850098
-1.4004216194152832
-0.007293503265827894
-5.687532901763916
-0.011162806302309036
-2.263589859008789
-3.5962114334106445
-5.660346031188965
-0.6748125553131104
-9.410711288452148
-0.22157065570354462
-2.3755669593811035
-2.515838146209717
-0.042284928262233734
-0.010354489088058472
-0.04657980799674988
-0.013055323623120785
-0.02961640991270542
-0.0061293961480259895
-0.03432675451040268
-0.010603870265185833
-0.2845762073993683
-1.840170979499817
-0.022117380052804947
-0.008350811898708344
-0.04167543724179268
-0.01052767038345337
-0.6993590593338013
-1.0173523426055908
-0.9294636845588684
-11.327101707458496
-2.0613343715667725
-3.180562973022461
-0.6404684782028198
-2.5539438724517822
-1.3441475629806519
-5.411746025085449
-1.784565806388855
-0.8591870665550232
-2.713772773742676
-2.5538253784179688
-0.3095361590385437
-0.47156405448913574
-0.1266316920518875
-3.155320882797241
-0.18666131794452667
-0.025308333337306976
-5.006025791168213
-5.144667625427246
-0.0552300289273262
-0.04152689129114151
-0.07941895723342896
-3.349147319793701
-3.0094406604766846
-1.9478247165679932
-5.841504096984863
-0.09421471506357193
-1.7710849046707153
-0.40719690918922424
-2.3871278762817383
-1.96857488155365
-0.6916870474815369
-2.5634217262268066
-1.8564552068710327
-0.4650975465774536
-1.5567259788513184
-0.9416211247444153
-0.1033092513680458
-1.611107587814331
-5.366196155548096
-4.529836654663086
-4.872053623199463
-0.9817718863487244
-3.425758123397827
-2.632284164428711
-3.052910327911377
-3.904332399368286
-6.510768890380859
-5.512960433959961
-0.18457439541816711
-0.6156401634216309
-3.294687509536743
-2.8509013652801514
-3.790093183517456
-0.329162061214447
-5.193991184234619
-1.8508492708206177
-3.493765115737915
-5.442976951599121
-2.9730522632598877
-0.06315919011831284
-5.068164825439453
-0.6268587708473206
-4.679556369781494
-11.378856658935547
-1.5965447425842285
-2.6799826622009277
-4.8213982582092285
-2.4283390045166016
-4.728639602661133
-0.7032780647277832
-0.9103968143463135
-5.473126411437988
-0.7751025557518005
-0.47566863894462585
-2.935534954071045
-5.846786975860596
-0.10158569365739822
-0.14239825308322906
-0.17356479167938232
-1.9866218566894531
-2.5500431060791016
-1.789652943611145
-3.5910634994506836
-1.7847611904144287
-2.911022186279297
-2.7431273460388184
-4.607746124267578
-7.791336536407471
-1.1401817798614502
-0.42534205317497253
-0.9349892139434814
-2.789608955383301
-11.774441719055176
-3.637129783630371
-3.008725881576538
-3.0161378383636475
-1.2254307270050049
-4.356122970581055
-0.9260518550872803
-5.862252712249756
-4.729006290435791
-0.084562286734581
-0.2587890028953552
-0.7068363428115845
-0.11520171165466309
-12.466527938842773
-2.469893217086792
-0.19148167967796326
-4.489460468292236
-4.70753288269043
-5.14311408996582
-1.0094962120056152
-0.48574966192245483
-0.3614572584629059
-3.549867630004883
-10.23297119140625
-3.88303279876709
-1.529186725616455
-2.2491614818573
-0.5512726306915283
-0.3187884986400604
-0.07983232289552689
-11.518882751464844
-1.97383713722229
-3.0752854347229004
-9.165586471557617
-6.499502182006836
-6.520943641662598
-5.454603672027588
-8.285870552062988
-2.462770938873291
-0.8551161289215088
-0.509731650352478
-10.372965812683105
-3.565882682800293
-0.019063705578446388
-7.039502143859863
-3.505988597869873
-0.22762928903102875
-0.0864286944270134
-3.0219340324401855
-8.94560432434082
-8.250873565673828
-1.276024580001831
-2.101452112197876
-1.4794684648513794
-9.645304679870605
-1.754059076309204
-2.6262032985687256
-0.5101317763328552
-3.0057532787323
-1.205210566520691
-6.004361629486084
-2.482100486755371
-3.131239891052246
-0.24392114579677582
-5.045525550842285
-0.7427722811698914
-9.606881141662598
-2.3827872276306152
-4.463331699371338
-3.777740955352783
-0.1744997650384903
-0.025540070608258247
-6.045097351074219
-0.009110074490308762
-0.22453399002552032
-1.4675651788711548
-0.06207988038659096
-1.1850612163543701
-1.604989767074585
-3.50579833984375
-0.42747578024864197
-4.162258148193359
-2.2966253757476807
-6.31340217590332
-3.119884967803955
-4.3280792236328125
-0.434734046459198
-5.623757362365723
-1.151668906211853
-4.17775821685791
-2.3364782333374023
-0.7160818576812744
-9.141983032226562
-1.4870290756225586
-2.0555381774902344
-2.3660454750061035
-1.8687794208526611
-0.738872766494751
-9.088418960571289
-0.4709715247154236
-0.1349618285894394
-2.4030661582946777
-1.0390667915344238
-0.9673739075660706
-6.35652494430542
-0.973176121711731
-8.887105941772461
-7.348763465881348
-3.994828462600708
-1.3815487623214722
-0.2427954375743866
-1.221889853477478
-0.08832872658967972
-0.04068484529852867
-0.07958245277404785
-0.7705914974212646
-0.017475321888923645
-6.424378395080566
-0.006746727507561445
-1.5744051933288574
-2.6977145671844482
-3.473003387451172
-2.6340017318725586
-3.1931700706481934
-3.3376975059509277
-3.4801549911499023
-2.123394012451172
-2.973280668258667
-4.843762397766113
-4.949842929840088
-2.3591201305389404
-2.5150649547576904
-4.456362724304199
-3.4281656742095947
-2.3430087566375732
-4.372271537780762
-2.253464698791504
-1.6436231136322021
-2.326775312423706
-1.9628889560699463
-1.3745427131652832
-2.74178409576416
-2.4405860900878906
-3.2570579051971436
-1.9290668964385986
-0.6296552419662476
-3.6828668117523193
-1.9613502025604248
-4.559892654418945
-0.5892481207847595
-0.26585692167282104
-1.6600542068481445
-2.1023056507110596
-0.875238835811615
-0.2215704619884491
-1.133932113647461
-2.155866861343384
-2.0474472045898438
-2.974978446960449
-2.5363996028900146
-7.456900596618652
-5.385451793670654
-2.0842502117156982
-0.8265514373779297
-0.04817594587802887
-0.15189126133918762
-2.2251663208007812
-0.058269303292036057
-2.1979684829711914
-1.5265417098999023
-1.9750080108642578
-2.3702635765075684
-1.6167042255401611
-2.820204257965088
-0.8355582356452942
-1.6040173768997192
-5.251846790313721
-4.545048236846924
-1.843544840812683
-5.657835006713867
-4.110690593719482
-2.593632936477661
-1.2742185592651367
-0.6435437798500061
-2.817169427871704
-3.827263832092285
-6.5535054206848145
-2.589630126953125
-2.0623676776885986
-13.007848739624023
-1.6285240650177002
-11.361080169677734
-1.500848412513733
-13.251277923583984
-2.2204995155334473
-4.68945837020874
-1.4449472427368164
-3.103116273880005
-2.902231216430664
-0.35711655020713806
-2.4158451557159424
-2.207390069961548
-1.2710391283035278
-3.813530445098877
-0.18224778771400452
-4.906576633453369
-3.30513858795166
-8.72078800201416
-2.5643553733825684
-0.44450312852859497
-1.313723087310791
-2.6097450256347656
-0.14914658665657043
-0.44813573360443115
-17.164228439331055
-0.9420490860939026
-5.071322441101074
-4.9255194664001465
-4.60501766204834
-3.3740787506103516
-2.8860549926757812
-2.5996625423431396
-4.906576156616211
-2.2444372177124023
-7.85011100769043
-0.16088087856769562
-0.06026171147823334
-7.822614669799805
-0.49576637148857117
-0.1449415534734726
-1.7694532871246338
-0.9332340955734253
-1.8114650249481201
-1.6218883991241455
-4.066693305969238
-0.5576812028884888
-2.99103045463562
-1.3558017015457153
-5.836716651916504
-1.8770411014556885
-5.159870624542236
-8.272258758544922
-0.3310030400753021
-1.2781479358673096
-2.9501380920410156
-1.116761326789856
-0.42087334394454956
-5.314018249511719
-0.3991771936416626
-0.1698281317949295
-0.24253468215465546
-4.251932144165039
-3.0314502716064453
-1.50313138961792
-2.28684663772583
-2.102681875228882
-3.0725083351135254
-0.23902007937431335
-3.607098340988159
-1.3917348384857178
-0.7082516551017761
-1.224205493927002
-2.8449621200561523
-0.7272735238075256
-2.300835132598877
-2.3371500968933105
-1.5678248405456543
-3.23283052444458
-1.0204858779907227
-4.906576156616211
-4.0652852058410645
-2.238341808319092
-10.719372749328613
-6.985350131988525
-0.8150389194488525
-12.324298858642578
-2.6060070991516113
-13.865388870239258
-4.68907356262207
-1.2461951971054077
-0.05153406783938408
-0.05558191239833832
-0.04506966471672058
-4.106107234954834
-2.8057448863983154
-1.1916053295135498
-4.076809406280518
-0.4075529873371124
-1.567812204360962
-2.5224368572235107
-1.7275969982147217
-1.977466344833374
-2.5556700229644775
-4.5188822746276855
-0.5707635879516602
-0.3064005374908447
-0.9951380491256714
-1.8634045124053955
-1.3555331230163574
-3.066608428955078
-4.906576156616211
-1.1688858270645142
-2.016976833343506
-4.0314717292785645
-0.32578542828559875
-0.023493031039834023
-0.029963308945298195
-8.949773788452148
-1.4006245136260986
-1.1938655376434326
-4.6111884117126465
-1.2131271362304688
-5.187981605529785
-4.274105548858643
-1.6846301555633545
-2.2945830821990967
-1.7544995546340942
-4.465550899505615
-2.2981841564178467
-4.173401355743408
-0.13845370709896088
-0.04416775703430176
-3.294816493988037
-2.0050973892211914
-5.985595703125
-1.2562806606292725
-4.352871894836426
-2.7759413719177246
-6.127534866333008
-2.9483392238616943
-4.482213020324707
-0.3177430033683777
-0.43307867646217346
-2.5257673263549805
-0.30992797017097473
-4.980647563934326
-0.2922273874282837
-10.646247863769531
-0.08133014291524887
-0.34592336416244507
-0.07678236067295074
-0.11163149774074554
-0.07360434532165527
-0.11248652637004852
-0.004991807043552399
-0.14458458125591278
-2.3248138427734375
-0.974071741104126
-4.6494011878967285
-0.8837236166000366
-1.8557789325714111
-4.140579700469971
-0.34811344742774963
-3.209824562072754
-0.21642567217350006
-0.028569774702191353
-1.0094126462936401
-1.4577842950820923
-3.527484178543091
-0.05209367722272873
-1.6227657794952393
-3.1071534156799316
-0.020646534860134125
-0.009860143065452576
-6.025112628936768
-0.009116925299167633
-3.3079891204833984
-0.0993775725364685
-2.8496108055114746
-0.4235379993915558
-2.024069309234619
-0.22157056629657745
-2.9573588371276855
-0.1288198083639145
-0.021333392709493637
-1.2919751405715942
-0.13292084634304047
-2.103874444961548
-4.779113292694092
-5.126281261444092
-3.581895589828491
-0.017684519290924072
-0.014824939891695976
-6.9312567710876465
-0.0077822585590183735
-0.009149882942438126
-0.005340357776731253
-6.8359880447387695
-0.021837962791323662
-0.010576269589364529
-0.0077140056528151035
-6.539776802062988
-0.0057708085514605045
-0.44577649235725403
-4.031216144561768
-2.935758590698242
-2.134274482727051
-1.4604132175445557
-3.121318817138672
-1.6142897605895996
-2.26029896736145
-2.170214891433716
-0.02953273244202137
-0.06884852051734924
-5.670218467712402
-0.0026515109930187464
-0.0378422848880291
-0.009962242096662521
-5.885854721069336
-0.009791677817702293
-0.03685340657830238
-0.008101341314613819
-5.743870258331299
-0.01007117610424757
-0.0332307294011116
-0.006784025114029646
-5.74306058883667
-0.013565734028816223
-1.9520909786224365
-8.132776260375977
-0.03739200904965401
-0.03916794806718826
-0.02436782233417034
-0.03823304548859596
-0.02493400312960148
-4.135782241821289
-0.047966212034225464
-3.352980613708496
-0.012978839688003063
-8.211647987365723
-3.931095600128174
-3.438154458999634
-3.6676814556121826
-4.8663201332092285
-1.9487903118133545
-0.21495456993579865
-2.5856409072875977
-6.949321269989014
-6.215246200561523
-0.45271801948547363
-2.4535531997680664
-12.864070892333984
-3.806114673614502
-1.9651074409484863
-4.184037208557129
-1.317164659500122
-2.865288734436035
-0.22157065570354462
-0.6021913290023804
-9.285033226013184
-3.2816171646118164
-1.7502200603485107
-0.018248993903398514
-1.456190586090088
-12.169130325317383
-0.6576901078224182
-1.1462719440460205
-2.3936727046966553
-2.068005084991455
-2.1850481033325195
-6.718618869781494
-3.2528460025787354
-6.328971862792969
-2.3955771923065186
-4.128695964813232
-0.2410704344511032
-0.2529313266277313
-9.152225494384766
-0.06678585708141327
-0.04630589112639427
-4.187570571899414
-2.4917092323303223
-1.8052003383636475
-4.492427825927734
-1.5359759330749512
-4.8109517097473145
-3.987746477127075
-1.3498547077178955
-3.6832306385040283
-2.591524362564087
-5.013321876525879
-6.340380668640137
-0.04609542712569237
-0.045600902289152145
-0.030204957351088524
-8.936171531677246
-4.955049991607666
-4.010255813598633
-0.018648065626621246
-4.023227214813232
-0.18577666580677032
-3.269636631011963
-1.176891565322876
-1.6878257989883423
-1.1722064018249512
-0.117964006960392
-0.08111967146396637
-9.711821556091309
-1.2051600217819214
-1.1112068891525269
-1.3848867416381836
-4.71881103515625
-2.969493865966797
-2.315483808517456
-2.099921464920044
-5.069889545440674
-3.575141668319702
-0.07909838110208511
-0.5705784559249878
-0.1673687994480133
-2.6734158992767334
-0.1696653664112091
-3.2932465076446533
-1.9617160558700562
-4.615981578826904
-0.7094189524650574
-2.8768386840820312
-2.3396811485290527
-1.7865276336669922
-3.8694405555725098
-5.76928186416626
-0.23902025818824768
-11.257638931274414
-6.2631754875183105
-13.441056251525879
-0.3236590027809143
-0.19291800260543823
-0.22896164655685425
-0.476014107465744
-2.7740085124969482
-1.8731844425201416
-1.8706351518630981
-2.6637165546417236
-9.984657287597656
-0.147018700838089
-3.6503846645355225
-0.31288692355155945
-1.886870265007019
-6.953323841094971
-0.0544917918741703
-0.14699821174144745
-0.04999477043747902
-0.04851692169904709
-0.04365755617618561
-2.640500783920288
-3.963717460632324
-2.9257068634033203
-2.2466461658477783
-1.576292634010315
-2.7981865406036377
-7.279213905334473
-1.2488588094711304
-2.6116485595703125
-1.2727458477020264
-11.908232688903809
-0.20606908202171326
-2.1568121910095215
-0.23387987911701202
-0.12333367019891739
-0.13665007054805756
-0.03849438205361366
-1.7026681900024414
-0.03842165321111679
-0.21248920261859894
-0.07806944102048874
-3.8771958351135254
-3.3722987174987793
-0.13696342706680298
-0.6317376494407654
-6.227846622467041
-0.5369318127632141
-7.685179710388184
-1.4891202449798584
-5.674445152282715
-0.9953505396842957
-2.355046033859253
-1.7825839519500732
-4.836873531341553
-0.11088425666093826
-1.0913395881652832
-2.5173118114471436
-0.028905803337693214
-0.6325721740722656
-2.634226083755493
-1.0637303590774536
-2.522176742553711
-0.19176188111305237
-0.025050967931747437
-2.3929028511047363
-0.31786254048347473
-12.738286972045898
-5.871522903442383
-7.8086113929748535
-9.098217010498047
-0.17201858758926392
-1.2389776706695557
-4.762426853179932
-6.802609920501709
-0.051939092576503754
-0.04522235691547394
-7.062667369842529
-0.01015342865139246
-4.264553070068359
-2.3661227226257324
-0.01843860186636448
-0.015917379409074783
-6.931877136230469
-0.022567594423890114
-2.8468260765075684
-0.03367619961500168
-0.02330612577497959
-6.765761852264404
-0.013638880103826523
-2.1977739334106445
-2.71986985206604
-0.33796021342277527
-0.02762177400290966
-0.021280063316226006
-7.039122104644775
-0.008673612959682941
-6.983295440673828
-0.049604382365942
-4.104183197021484
-2.5854616165161133
-0.053697314113378525
-0.536591112613678
-6.566883563995361
-0.03078448958694935
-6.278090953826904
-0.1963190734386444
-9.440858840942383
-6.000974178314209
-3.298393964767456
-2.564753293991089
-1.8205454349517822
-3.8581318855285645
-2.259800910949707
-10.031512260437012
-8.051834106445312
-3.104989528656006
-0.22157056629657745
-2.901054859161377
-2.729938268661499
-6.042064666748047
-0.22844478487968445
-0.1971636265516281
-3.001570701599121
-2.6108646392822266
-0.01864291913807392
-3.503187894821167
-3.6217634677886963
-3.7980282306671143
-2.772869348526001
-3.659113645553589
-4.1502838134765625
-0.11254745721817017
-1.9686846733093262
-6.724791526794434
-1.127185344696045
-6.644251346588135
-1.3948884010314941
-1.1546781063079834
-2.893184185028076
-2.0181169509887695
-3.789250612258911
-4.148131847381592
-4.027022361755371
-1.292879581451416
-1.2441545724868774
-0.8915093541145325
-3.330824851989746
-1.1099600791931152
-4.387007713317871
-5.101527214050293
-2.9442789554595947
-0.12070769816637039
-0.2195364534854889
-0.24072378873825073
-0.11516644060611725
-3.0262372493743896
-0.03015892393887043
-1.7781448364257812
-4.652731418609619
-7.006844520568848
-3.4906835556030273
-4.802218437194824
-2.6548867225646973
-2.0069050788879395
-2.6509768962860107
-3.1616365909576416
-4.749904155731201
-2.2482900619506836
-7.312767028808594
-7.036454677581787
-2.469522476196289
-2.3367300033569336
-3.6009199619293213
-4.4361796379089355
-2.8895668983459473
-0.48417890071868896
-1.7439347505569458
-2.600628137588501
-4.440816879272461
-2.36883544921875
-3.8391857147216797
-2.530576705932617
-5.11545991897583
-6.947153091430664
-5.539934158325195
-2.0508735179901123
-2.576085090637207
-2.8168392181396484
-1.2838293313980103
-1.1470351219177246
-0.1850350946187973
-0.6595150232315063
-0.35522159934043884
-0.036503370851278305
-2.8713130950927734
-0.23619712889194489
-0.07549748569726944
-1.5794391632080078
-2.7145118713378906
-2.8096861839294434
-0.06628618389368057
-1.3616589307785034
-4.622098445892334
-8.85493278503418
-3.01106595993042
-0.16388383507728577
-4.698957920074463
-2.672661781311035
-0.12461865693330765
-0.16685207188129425
-0.042353034019470215
-0.055965352803468704
-13.190935134887695
-3.587266683578491
-4.791982650756836
-6.676088333129883
-5.215419769287109
-4.9161224365234375
-8.282285690307617
-7.095004081726074
-8.318197250366211
-7.1706647872924805
-0.04930667206645012
-0.018751494586467743
-0.057319339364767075
-0.010157205164432526
-1.4837702512741089
-1.0666074752807617
-6.271895885467529
-3.6578328609466553
-4.957276344299316
-0.33454710245132446
-0.14928767085075378
-0.06971155852079391
-1.457948088645935
-0.06260909885168076
-1.336184024810791
-3.2132301330566406
-0.01808510534465313
-0.008420558646321297
-5.587731838226318
-0.007246638182550669
-0.021797023713588715
-0.006122286897152662
-5.786536693572998
-0.008021284826099873
-0.023100897669792175
-0.009260203689336777
-5.658270359039307
-0.012259605340659618
-0.025577487424016
-0.009024545550346375
-5.672944068908691
-0.009480101056396961
-0.023342112079262733
-0.010302339680492878
-5.395020008087158
-0.011586870066821575
-1.9898381233215332
-3.385896682739258
-3.5926554203033447
-2.9229037761688232
-2.4769248962402344
-5.167561054229736
-3.1278560161590576
-3.2480006217956543
-1.8714845180511475
-0.3142298460006714
-2.2454941272735596
-5.968014717102051
-3.0693299770355225
-1.0361931324005127
-2.049466609954834
-2.3827390670776367
-0.14959371089935303
-0.1186123862862587
-6.106327056884766
-0.007341549266129732
-1.0092319250106812
-4.594231605529785
-1.3945140838623047
-1.1304702758789062
-0.09707002341747284
-0.00632996391505003
-6.79672908782959
-0.016488246619701385
-5.411576747894287
-2.8819479942321777
-1.875585675239563
-1.7651238441467285
-0.9051910638809204
-2.915849447250366
-3.001554489135742
-2.660522222518921
-1.5281139612197876
-1.2060033082962036
-0.38923126459121704
-1.8090624809265137
-10.405590057373047
-2.2527589797973633
-1.3646149635314941
-1.629462718963623
-2.8570079803466797
-3.0712859630584717
-1.4985041618347168
-3.314785957336426
-2.9262914657592773
-1.9106112718582153
-6.906927108764648
-2.9075779914855957
-0.30052468180656433
-1.7261238098144531
-4.581585884094238
-3.4095547199249268
-7.809038162231445
-2.4031312465667725
-3.0240020751953125
-1.9666748046875
-2.2312984466552734
-9.103924751281738
-8.370498657226562
-9.816987037658691
-0.028434913605451584
-0.026561902835965157
-6.968102931976318
-0.012675435282289982
-3.5526695251464844
-3.844094753265381
-2.443330764770508
-0.3093031048774719
-1.5983340740203857
-9.30117130279541
-3.2479560375213623
-1.654808759689331
-0.13388216495513916
-1.8992832899093628
-1.4345942735671997
-0.2826586067676544
-4.361484050750732
-1.8868885040283203
-2.1169397830963135
-0.2663800120353699
-2.395545482635498
-2.998378276824951
-1.7838560342788696
-2.0312414169311523
-1.6422641277313232
-3.433138370513916
-5.022985935211182
-2.0727691650390625
-0.03266184404492378
-5.101589679718018
-0.20424926280975342
-0.037514641880989075
-9.277375221252441
-4.785292148590088
-2.1560277938842773
-0.6742871403694153
-10.071150779724121
-2.959434747695923
-1.5542261600494385
-1.7429507970809937
-1.6972018480300903
-2.2092714309692383
-2.484374761581421
-2.4389994144439697
-1.4157333374023438
-4.490220546722412
-1.902902364730835
-2.6047909259796143
-0.7945200204849243
-0.3215835690498352
-5.629601955413818
-1.4789406061172485
-0.5330520272254944
-0.028113678097724915
-2.25577449798584
-3.186110496520996
-3.003899574279785
-4.367812156677246
-0.19669976830482483
-2.4224846363067627
-10.586106300354004
-0.6269097924232483
-1.1266206502914429
-18.6628475189209
-2.9962713718414307
-0.9468936920166016
-2.347249746322632
-7.235126972198486
-1.1326168775558472
-3.915177822113037
-12.818405151367188
-11.934471130371094
-6.29838228225708
-1.7941173315048218
-1.2642468214035034
-6.720124244689941
-7.612693786621094
-0.015071682631969452
-2.037871837615967
-1.270193338394165
-0.8444229364395142
-1.6978002786636353
-6.268496990203857
-4.057078838348389
-1.9367541074752808
-0.23902025818824768
-9.87656021118164
-0.9681417942047119
-0.9413881897926331
-2.8937315940856934
-1.7213943004608154
-0.06428439915180206
-1.7417221069335938
-2.8544087409973145
-0.8456464409828186
-3.5330045223236084
-4.404521942138672
-2.7997078895568848
-0.7595127820968628
-5.985379219055176
-0.8352097272872925
-2.642833709716797
-0.38391461968421936
-0.12179281562566757
-0.17706139385700226
-0.05317963287234306
-0.04148858040571213
-0.3095296025276184
-0.06866344809532166
-3.682595729827881
-0.5611451268196106
-7.009061813354492
-0.8376157283782959
-1.7967568635940552
-1.5042377710342407
-2.0919432640075684
-5.899319648742676
-0.17934837937355042
-6.668472766876221
-19.489219665527344
-0.7014462351799011
-0.1755353808403015
-0.11299218237400055
-0.1895403265953064
-0.06424002349376678
-0.13718046247959137
-2.6942741870880127
-3.890780448913574
-6.648136615753174
-5.392626762390137
-0.5526072978973389
-1.9713996648788452
-7.369698524475098
-2.6379570960998535
-10.930258750915527
-0.8078837990760803
-8.50324535369873
-2.9840316772460938
-6.4323344230651855
-2.305312395095825
-2.265071392059326
-0.4681479334831238
-3.2008578777313232
-1.712834119796753
-2.443990707397461
-11.062920570373535
-8.45224666595459
-9.953474044799805
-4.034916400909424
-0.39645758271217346
-4.9386982917785645
-2.7880454063415527
-4.517250061035156
-4.7819671630859375
-1.7271583080291748
-1.7833733558654785
-4.461243152618408
-4.1805500984191895
-4.404959678649902
-0.44520992040634155
-10.721753120422363
-2.553907632827759
-15.705018997192383
-0.008146155625581741
-6.5634379386901855
-0.009193587116897106
-0.014567327685654163
-0.006122168619185686
-7.084441184997559
-0.0061643472872674465
-0.012983076274394989
-0.008886078372597694
-6.477860450744629
-0.007619248703122139
-5.439268589019775
-3.69809889793396
-0.27041304111480713
-0.1143384799361229
-0.14563512802124023
-0.06430921703577042
-0.06809031963348389
-0.1599608212709427
-0.6918470859527588
-1.7139172554016113
-3.348271369934082
-0.5589160323143005
-3.346432685852051
-2.1181979179382324
-2.5878076553344727
-0.48575007915496826
-1.3661185503005981
-0.023297857493162155
-0.02321597933769226
-3.2121758460998535
-4.044652938842773
-1.8931889533996582
-7.13514518737793
-4.301461696624756
-2.8445358276367188
-1.7500178813934326
-1.6225968599319458
-8.184264183044434
-8.398930549621582
-0.9707596898078918
-1.1727296113967896
-1.5435354709625244
-1.3437843322753906
-4.482821941375732
-1.9833779335021973
-2.1554269790649414
-4.987814903259277
-0.21814191341400146
-3.3595478534698486
-1.026442527770996
-2.3964977264404297
-1.6927913427352905
-5.553012371063232
-1.9683053493499756
-3.608671188354492
-0.22147256135940552
-4.06735372543335
-1.4012632369995117
-5.998055458068848
-0.93924880027771
-0.456338495016098
-1.0903031826019287
-7.113666534423828
-1.6663066148757935
-10.824986457824707
-4.567112922668457
-2.8878321647644043
-2.9022111892700195
-3.9254586696624756
-5.51075553894043
-3.6735453605651855
-0.3316589891910553
-3.9758126735687256
-4.294463157653809
-1.0762510299682617
-4.3241047859191895
-0.10300280898809433
-1.591208815574646
-3.875901937484741
-0.09044744819402695
-0.04619036242365837
-2.057060956954956
-2.5293564796447754
-2.9922142028808594
-0.6432093977928162
-2.3918581008911133
-2.4309446811676025
-2.2215704917907715
-6.270226955413818
-2.3627233505249023
-0.568683922290802
-2.1272876262664795
-2.3398799896240234
-1.0035178661346436
-4.041458606719971
-0.01486076321452856
-1.567463994026184
-12.164706230163574
-6.122312545776367
-1.882216453552246
-1.4711503982543945
-3.1151657104492188
-8.279326438903809
-6.108438491821289
-8.157360076904297
-10.079294204711914
-3.538562297821045
-3.1596884727478027
-4.996131420135498
-9.016748428344727
-4.35943078994751
-1.565739393234253
-1.2147294282913208
-4.611187934875488
-1.5022236108779907
-1.4452115297317505
-3.4464354515075684
-3.598283290863037
-0.10168153792619705
-0.04020218178629875
-0.4046190679073334
-1.6052331924438477
-6.449647903442383
-7.2224016189575195
-1.5491949319839478
-1.075366735458374
-4.455682754516602
-0.0647880956530571
-0.06153233349323273
-2.1442761421203613
-1.160980463027954
-1.5917295217514038
-2.0792477130889893
-3.456146717071533
-18.837526321411133
-0.033710777759552
-1.1295104026794434
-0.0681835263967514
-0.09771695733070374
-0.04637543112039566
-0.06584563106298447
-2.0883889198303223
-9.691657066345215
-4.521208763122559
-0.02312384359538555
-2.6750078201293945
-0.03843129053711891
-5.641146659851074
-0.5650019645690918
-1.134446382522583
-0.01736355945467949
-0.08383531123399734
-4.204507827758789
-2.1730568408966064
-3.894493818283081
-0.9522510766983032
-3.2961912155151367
-6.529888153076172
-2.010909080505371
-0.8814983367919922
-0.18752305209636688
-1.8784308433532715
-0.12268876284360886
-2.5664241313934326
-5.745312213897705
-0.406588613986969
-3.1641993522644043
-4.524479866027832
-0.9844255447387695
-2.4958622455596924
-1.0340144634246826
-2.1197285652160645
-4.021052837371826
-1.235518455505371
-4.759885787963867
-2.1402974128723145
-2.555109977722168
-1.6953845024108887
-2.355684757232666
-3.796518087387085
-3.5167434215545654
-2.477313280105591
-2.2215704917907715
-4.419066905975342
-5.404234409332275
-0.19807328283786774
-0.22388094663619995
-0.2066470831632614
-2.758418083190918
-4.332303047180176
-8.773244857788086
-10.592795372009277
-2.57609486579895
-2.5436739921569824
-7.763239860534668
-2.7985239028930664
-2.4909543991088867
-4.114531993865967
-6.73384952545166
-0.22817561030387878
-2.948277235031128
-1.3791546821594238
-3.9117324352264404
-8.316652297973633
-1.597095251083374
-6.019465446472168
-4.430574893951416
-6.789666175842285
-2.0468358993530273
-3.116703748703003
-2.4870052337646484
-0.9968463182449341
-0.16712293028831482
-0.21145112812519073
-2.818240165710449
-3.731889009475708
-3.726759433746338
-4.08586311340332
-0.6095429062843323
-6.0397210121154785
-1.8710321187973022
-0.9499921202659607
-4.832238674163818
-1.9752472639083862
-4.084835529327393
-0.9873329997062683
-4.728188991546631
-5.876306056976318
-1.0437977313995361
-0.6912999749183655
-1.3295961618423462
-0.13260799646377563
-0.13763338327407837
-9.945562362670898
-0.18607361614704132
-1.6834046840667725
-1.79179847240448
-0.8789286613464355
-4.1401777267456055
-0.30548253655433655
-1.9388713836669922
-3.2950398921966553
-2.61901593208313
-2.2811877727508545
-1.575604796409607
-3.2558274269104004
-3.9023616313934326
-2.1230416297912598
-3.238689661026001
-2.5937228202819824
-1.7403329610824585
-0.9763321280479431
-1.3635512590408325
-6.177061080932617
-10.269853591918945
-2.7174911499023438
-3.499404191970825
-6.555421829223633
-2.906031370162964
-1.4194121360778809
-4.952881813049316
-6.342956066131592
-3.0345571041107178
-4.182682037353516
-1.233493685722351
-2.694424629211426
-3.2665843963623047
-2.4649317264556885
-3.2982940673828125
-2.455995798110962
-2.910860300064087
-6.5627970695495605
-3.2001965045928955
-7.248950958251953
-2.1731796264648438
-2.559162139892578
-0.9982730150222778
-0.1016027107834816
-3.5138602256774902
-7.463471412658691
-3.410175085067749
-1.8449130058288574
-1.7119526863098145
-0.7454561591148376
-1.756988286972046
-1.9104924201965332
-0.017740733921527863
-0.0195262860506773
-0.02455487847328186
-0.006644891574978828
-0.625191867351532
-0.0077144792303442955
-0.013140861876308918
-0.009540912695229053
-1.1456669569015503
-0.009417750872671604
-0.0120632853358984
-0.006033658981323242
-1.2111148834228516
-0.0077058435417711735
-0.017348680645227432
-0.007343679200857878
-1.1546837091445923
-0.007991365157067776
-0.022161804139614105
-0.0063793594017624855
-1.1835474967956543
-0.006190885789692402
-0.022567126899957657
-0.006699481513351202
-1.0213221311569214
-0.00556669058278203
-0.02189161255955696
-0.01012475322932005
-0.014960943721234798
-0.006238155532628298
-0.017394371330738068
-0.00790538638830185
-0.011431903578341007
-0.006160555873066187
-0.016347523778676987
-0.006146101746708155
-2.890655994415283
-4.001686096191406
-1.9564284086227417
-0.4942421317100525
-1.3271291255950928
-2.1136465072631836
-1.858655333518982
-0.0325331911444664
-0.4537270665168762
-10.138123512268066
-0.1549348682165146
-0.22157056629657745
-1.0827052593231201
-4.014807224273682
-4.052057266235352
-7.3181562423706055
-0.08515451848506927
-0.18134310841560364
-0.05205531790852547
-0.03559070825576782
-3.5205841064453125
-2.528419256210327
-3.502305030822754
-3.754889965057373
-3.66886043548584
-3.658500909805298
-1.1124323606491089
-1.6661715507507324
-6.8947978019714355
-0.21675877273082733
-0.1396886259317398
-4.513691425323486
-0.05229293182492256
-0.01871545985341072
-0.007127809338271618
-5.660691738128662
-0.006110202055424452
-0.00844018068164587
-0.004264902789145708
-6.574841499328613
-0.013561617583036423
-2.089869737625122
-2.4422593116760254
-1.587629795074463
-2.6819725036621094
-2.1698880195617676
-3.4078080654144287
-1.792647123336792
-2.3911454677581787
-1.5866761207580566
-1.6858150959014893
-0.08391248434782028
-0.014268282800912857
-6.517879486083984
-0.01103100087493658
-3.19366455078125
-0.08356845378875732
-0.012536883354187012
-6.541438102722168
-0.02624308504164219
-2.393256664276123
-0.3016461730003357
-0.4804307222366333
-0.013270623981952667
-0.02651268243789673
-2.5943994522094727
-0.5741114616394043
-0.029728198423981667
-1.3393422365188599
-4.5195746421813965
-2.3443758487701416
-3.4621293544769287
-2.2262067794799805
-0.8800697326660156
-4.7424139976501465
-4.841638088226318
-2.568118095397949
-1.682303786277771
-3.274766445159912
-2.569023847579956
-2.196225643157959
-3.777623176574707
-4.172485828399658
-3.040944814682007
-4.296509742736816
-1.4443379640579224
-2.528663396835327
-7.4854865074157715
-2.583984136581421
-0.6567016839981079
-2.3144137859344482
-1.1393721103668213
-2.322760820388794
-1.9783241748809814
-2.654967784881592
-2.0646820068359375
-3.441774845123291
-4.445288181304932
-1.1575379371643066
-7.289904594421387
-0.7177597284317017
-4.4908366203308105
-0.43271923065185547
-0.1795269101858139
-0.10589031875133514
-0.04207978770136833
-10.966584205627441
-3.0791242122650146
-2.0023577213287354
-4.146187782287598
-0.7933049201965332
-0.33583399653434753
-0.1844618022441864
-4.921173095703125
-5.841861724853516
-0.09562952071428299
-0.01604103483259678
-0.014815190806984901
-0.030947696417570114
-0.008480489253997803
-1.0326199531555176
-0.6565324068069458
-2.342045783996582
-0.07416148483753204
-3.3794054985046387
-1.2003403902053833
-3.2725086212158203
-5.224133491516113
-3.1300573348999023
-0.18124595284461975
-11.742205619812012
-10.828156471252441
-1.6173474788665771
-0.5709348320960999
-2.4842607975006104
-1.388704538345337
-3.9879958629608154
-3.254587411880493
-8.718767166137695
-3.3057150840759277
-0.2331228107213974
-3.56760311126709
-2.865175724029541
-1.563161849975586
-0.03474019095301628
-0.10639503598213196
-0.14177556335926056
-4.9891252517700195
-1.9166944026947021
-3.4924793243408203
-1.6133164167404175
-2.9756624698638916
-0.03131631761789322
-0.005967063829302788
-0.022978927940130234
-0.006854827981442213
-0.03487570211291313
-0.0055445218458771706
-0.01601029746234417
-0.004583448171615601
-5.433454990386963
-0.9595650434494019
-0.29949644207954407
-2.392879009246826
-1.4148300886154175
-3.1791257858276367
-1.3845763206481934
-2.643019199371338
-0.7840988039970398
-3.2971694469451904
-1.457200527191162
-0.5953143239021301
-0.9534613490104675
-3.052654981613159
-3.794602870941162
-3.72625994682312
-0.6731262803077698
-0.07676590979099274
-0.10906127095222473
-0.06737522780895233
-0.038545768707990646
-0.6731382608413696
-3.564666271209717
-2.9767210483551025
-3.2908036708831787
-3.9124855995178223
-1.1964588165283203
-1.286196231842041
-0.7204638123512268
-8.61894702911377
-2.914275646209717
-0.6580179333686829
-4.049945831298828
-3.074598789215088
-3.551957607269287
-1.7242636680603027
-2.986990451812744
-0.16708439588546753
-2.018714666366577
-0.6207931637763977
-1.6442351341247559
-1.8985910415649414
-4.929906845092773
-4.906576156616211
-2.1562283039093018
-2.7067270278930664
-1.9839493036270142
-2.236757278442383
-2.073810577392578
-2.479909896850586
-1.0676600933074951
-4.268161773681641
-2.4473342895507812
-0.6157441139221191
-0.19553077220916748
-0.23976367712020874
-0.104697085916996
-6.655661106109619
-2.7511448860168457
-7.282958030700684
-0.22157056629657745
-1.909336805343628
-1.8888705968856812
-0.43758293986320496
-3.2835817337036133
-0.826587438583374
-2.588762044906616
-3.0021262168884277
-1.417034387588501
-2.5147714614868164
-0.4608725905418396
-3.50077486038208
-2.100036859512329
-1.7952288389205933
-3.932114839553833
-0.43239256739616394
-0.24625591933727264
-2.6369588375091553
-1.0348210334777832
-0.2059354931116104
-0.13006459176540375
-2.5226194858551025
-2.864725112915039
-4.1768975257873535
-5.691042423248291
-2.8253934383392334
-1.9730918407440186
-3.058966636657715
-2.450118064880371
-0.22501376271247864
-0.23851579427719116
-4.983846664428711
-0.09830944985151291
-0.08238889276981354
-0.9359572529792786
-1.8545794486999512
-3.939655065536499
-2.608328104019165
-3.278038263320923
-3.089254856109619
-1.8259238004684448
-1.859731674194336
-2.798854112625122
-0.333085298538208
-3.4875473976135254
-2.5823185443878174
-0.11671116948127747
-3.014105796813965
-2.2556920051574707
-0.09346530586481094
-1.3652074337005615
-4.125047206878662
-1.3258317708969116
-1.7708686590194702
-0.09946704655885696
-0.32441115379333496
-1.9311667680740356
-4.018838405609131
-6.216160774230957
-2.430708169937134
-2.7104578018188477
-1.4121558666229248
-0.023017605766654015
-0.006252134684473276
-0.019179370254278183
-0.011569547466933727
-0.021063562482595444
-0.004809240810573101
-0.013591018505394459
-0.009180239401757717
-0.02244485914707184
-0.005195093806833029
-0.014928295277059078
-0.005105552729219198
-0.02160700038075447
-0.005254150368273258
-0.016163267195224762
-0.005069497041404247
-0.015613574534654617
-0.005877118557691574
-0.016094528138637543
-0.007867420092225075
-0.01471499539911747
-0.006776329129934311
-0.016870558261871338
-0.008134331554174423
-2.0814716815948486
-1.3653404712677002
-3.1915884017944336
-5.202672004699707
-3.888369083404541
-1.0743939876556396
-1.0155776739120483
-3.4201948642730713
-0.9932522177696228
-1.7679193019866943
-7.684540748596191
-4.619504928588867
-4.168030738830566
-3.8523805141448975
-0.30867084860801697
-17.37470054626465
-5.403210163116455
-2.27610182762146
-2.5585641860961914
-1.5744439363479614
-4.238433361053467
-5.705526828765869
-0.02514071576297283
-0.633809506893158
-1.3804285526275635
-0.18226149678230286
-0.2126074582338333
-0.21481485664844513
-0.06264672428369522
-1.5873485803604126
-0.018854796886444092
-0.014560043811798096
-0.019210945814847946
-0.008095074445009232
-0.054530173540115356
-0.015202721580862999
-0.00608010683208704
-0.025512412190437317
-0.01743186078965664
-2.7489876747131348
-2.2973740100860596
-2.4235777854919434
-3.4891881942749023
-0.16670718789100647
-0.3979558050632477
-1.2674291133880615
-0.34771308302879333
-6.079553604125977
-0.6186639070510864
-3.029747247695923
-4.659650802612305
-3.359501838684082
-4.0395379066467285
-8.224507331848145
-1.8687794208526611
-1.3243286609649658
-3.0542666912078857
-2.6598918437957764
-5.169820785522461
-0.7085500955581665
-0.27268683910369873
-2.1095547676086426
-0.29831868410110474
-0.037750571966171265
-0.10575305670499802
-0.0744355171918869
-2.0502898693084717
-7.710161209106445
-9.424894332885742
-4.1424713134765625
-0.8254539370536804
-3.2218434810638428
-8.622649192810059
-2.1748032569885254
-1.1829501390457153
-0.7692865133285522
-2.703000545501709
-3.072037696838379
-3.2445106506347656
-0.22157076001167297
-4.62175989151001
-5.142582893371582
-1.330071210861206
-1.665271520614624
-2.190962076187134
-0.1439540535211563
-0.06323607265949249
-0.5949842929840088
-1.097505807876587
-1.606223702430725
-5.345238208770752
-0.031030215322971344
-2.8423261642456055
-0.97292160987854
-5.724493980407715
-3.759168863296509
-0.6903309226036072
-2.7693209648132324
-2.713787078857422
-0.6870414614677429
-0.3650171160697937
-8.048795700073242
-5.706672668457031
-2.0964717864990234
-1.0198637247085571
-0.09839329123497009
-0.012668137438595295
-0.07594121247529984
-0.008904745802283287
-0.03100224770605564
-0.0049308366142213345
-0.028971467167139053
-0.009756263345479965
-0.07889293879270554
-1.3613593578338623
-0.204923614859581
-2.498929023742676
-3.338510036468506
-1.6767852306365967
-2.3551077842712402
-5.055082321166992
-0.9558910727500916
-0.3061538636684418
-1.7151857614517212
-0.860295295715332
-5.359628200531006
-9.830709457397461
-4.810855865478516
-13.412328720092773
-4.543571949005127
-6.64158296585083
-8.66464900970459
-2.015684127807617
-1.7127323150634766
-4.879507064819336
-4.147993564605713
-0.22157076001167297
-1.7100929021835327
-0.330966055393219
-1.3336398601531982
-0.9928412437438965
-2.123257637023926
-3.0378623008728027
-0.5927383899688721
-7.368775844573975
-2.7861201763153076
-0.8858550190925598
-3.0435690879821777
-3.8837640285491943
-0.4185387194156647
-2.853283166885376
-1.960752010345459
-6.653850555419922
-0.9255685806274414
-0.2354878932237625
-2.9482624530792236
-0.08038996905088425
-3.2450318336486816
-6.817224025726318
-1.6541879177093506
-7.819779396057129
-1.8687794208526611
-0.9965039491653442
-6.744056701660156
-3.101818561553955
-8.940916061401367
-0.10922405123710632
-0.1058042123913765
-0.08624006062746048
-0.011820276267826557
-3.172919750213623
-12.653504371643066
-3.1529550552368164
-5.738177299499512
-3.4234228134155273
-3.3722052574157715
-4.883605003356934
-6.04278039932251
-0.2215704619884491
-2.6524553298950195
-5.6736063957214355
-1.9675788879394531
-0.3242926597595215
-0.42124274373054504
-0.5393303632736206
-0.029144812375307083
-0.310756117105484
-5.111701965332031
-5.46885871887207
-2.6721651554107666
-1.5904301404953003
-3.7991292476654053
-1.4365034103393555
-1.3610947132110596
-5.202024459838867
-0.9687203764915466
-4.464544296264648
-0.029532501474022865
-0.06884840875864029
-0.020942628383636475
-0.0026511542964726686
-0.037842173129320145
-0.009962242096662521
-0.010856019333004951
-0.009791442193090916
-0.036853522062301636
-0.008101459592580795
-0.010363219305872917
-0.010070939548313618
-0.03323061391711235
-0.006783433258533478
-0.008923650719225407
-0.013565734028816223
-0.18565557897090912
-1.7749061584472656
-3.6436686515808105
-1.6326375007629395
-1.3229918479919434
-4.797490119934082
-1.487129807472229
-0.020380839705467224
-0.006425435654819012
-0.017268188297748566
-0.02557806670665741
-1.0588818788528442
-0.39644891023635864
-4.303096771240234
-5.12406063079834
-1.4426379203796387
-1.225995659828186
-2.34698486328125
-4.213507652282715
-8.828944206237793
-0.05086595192551613
-5.558435440063477
-3.58762264251709
-3.3236262798309326
-6.436384677886963
-5.245471477508545
-1.7332878112792969
-3.749091625213623
-1.8991241455078125
-0.7394680976867676
-3.5465121269226074
-4.238119125366211
-5.649072647094727
-5.5810322761535645
-9.593338966369629
-5.110444068908691
-6.21311616897583
-2.3039097785949707
-7.961021423339844
-0.5261838436126709
-0.18890072405338287
-0.07491366565227509
-9.864598274230957
-3.9099979400634766
-4.2999043464660645
-2.0068717002868652
-3.6828465461730957
-3.0807440280914307
-1.8687794208526611
-7.434232711791992
-2.1093034744262695
-0.04108525067567825
-0.03307412192225456
-2.787869453430176
-5.217934608459473
-3.56717586517334
-2.6963417530059814
-0.23670558631420135
-0.014131714589893818
-0.08535823971033096
-0.04583481699228287
-0.017749518156051636
-2.4305732250213623
-1.7957755327224731
-2.1165857315063477
-0.6347225904464722
-2.2277143001556396
-3.254025936126709
-1.8157341480255127
-4.25709342956543
-0.06904780119657516
-2.7180778980255127
-4.0345892906188965
-6.0263991355896
-1.846371054649353
-1.8527512550354004
-6.394638538360596
-7.803678512573242
-10.933148384094238
-4.040658473968506
-3.5094330310821533
-2.778956651687622
-3.294584035873413
-3.755002975463867
-0.14019440114498138
-5.081727504730225
-0.12277501076459885
-6.928134918212891
-7.399494647979736
-0.15136606991291046
-2.650217056274414
-6.92569637298584
-0.263455867767334
-10.184678077697754
-5.858020782470703
-2.421064853668213
-5.876477241516113
-5.658812046051025
-10.14922046661377
-0.03771211579442024
-5.886673450469971
-0.006833042949438095
-2.1098389625549316
-10.15812873840332
-0.010450049303472042
-6.137815475463867
-0.006457178853452206
-10.697982788085938
-0.00525664072483778
-5.7975921630859375
-0.007163199130445719
-1.178672432899475
-4.04343318939209
-3.1169369220733643
-5.061940670013428
-1.3739087581634521
-2.7053332328796387
-6.527008533477783
-1.7084755897521973
-1.4043866395950317
-1.3622922897338867
-3.0784077644348145
-9.166677474975586
-4.184289932250977
-4.163476943969727
-1.8021553754806519
-0.17076639831066132
-1.939734697341919
-3.429591655731201
-4.938043594360352
-2.9181067943573
-0.8584586977958679
-0.11244689673185349
-4.353663444519043
-4.240291595458984
-13.062274932861328
-3.9118475914001465
-4.660303592681885
-6.6848649978637695
-1.2521153688430786
-3.8345818519592285
-2.690033197402954
-2.799210548400879
-3.6519129276275635
-3.011990785598755
-4.838118076324463
-4.100235462188721
-2.1914474964141846
-1.8926167488098145
-4.684191703796387
-11.261682510375977
-0.8392484188079834
-1.9349817037582397
-1.5393142700195312
-0.9236516952514648
-0.692740261554718
-1.921304702758789
-2.693463087081909
-4.373406410217285
-0.3446570038795471
-0.10867157578468323
-0.24526837468147278
-0.24153925478458405
-0.057072222232818604
-0.030477305874228477
-0.1250535249710083
-0.03345925360918045
-0.08448253571987152
-0.024907374754548073
-0.037373289465904236
-0.5355232954025269
-10.672282218933105
-0.006363486871123314
-0.01791580393910408
-0.007569441106170416
-2.6799004077911377
-3.436884880065918
-1.0084953308105469
-3.7075438499450684
-12.218774795532227
-1.311678409576416
-2.890733480453491
-2.9358484745025635
-8.860966682434082
-2.8813743591308594
-1.0122687816619873
-2.087907314300537
-2.412991523742676
-1.1908783912658691
-5.003237724304199
-8.102228164672852
-2.210444927215576
-0.8945351839065552
-6.336826801300049
-2.4941301345825195
-1.4955321550369263
-2.11975359916687
-2.365821361541748
-3.654195547103882
-2.7180652618408203
-3.1048543453216553
-0.22157037258148193
-2.9586734771728516
-0.058032095432281494
-0.12940506637096405
-0.04395706579089165
-0.08350890874862671
-2.1241652965545654
-2.0125622749328613
-1.6801173686981201
-4.148809432983398
-4.629145622253418
-2.099628210067749
-0.4857501685619354
-1.3787082433700562
-1.9925622940063477
-6.778319358825684
-1.9727156162261963
-3.1416189670562744
-1.969731092453003
-1.176371455192566
-0.08561892807483673
-0.35502806305885315
-1.4573631286621094
-3.063220500946045
-2.437716007232666
-1.9827966690063477
-3.457322120666504
-2.624643087387085
-1.4095042943954468
-0.038234077394008636
-3.0045552253723145
-1.6999411582946777
-1.3293606042861938
-6.758315086364746
-1.7555322647094727
-0.530522882938385
-0.003927495330572128
-0.3835204541683197
-0.04426778107881546
-0.020166248083114624
-2.0052435398101807
-5.139952659606934
-2.092860698699951
-3.1340889930725098
-1.7776657342910767
-3.1377112865448
-1.3519855737686157
-2.6403799057006836
-2.7911581993103027
-2.3096532821655273
-2.94610857963562
-3.0204367637634277
-3.166158437728882
-2.059828519821167
-2.480353832244873
-2.5651237964630127
-8.153419494628906
-4.190195083618164
-2.627258062362671
-1.4627853631973267
-1.5863211154937744
-2.1331028938293457
-1.9710800647735596
-1.6983710527420044
-3.4909024238586426
-2.210491180419922
-0.019915500655770302
-0.04150950908660889
-0.039771296083927155
-0.24237781763076782
-3.1681628227233887
-2.655440092086792
-2.731957197189331
-3.5732522010803223
-2.4757566452026367
-3.5844292640686035
-0.169856995344162
-3.6826870441436768
-2.377770185470581
-0.03058379516005516
-0.008097793906927109
-0.022731564939022064
-0.012269143015146255
-1.5258558988571167
-1.9775235652923584
-2.326361656188965
-2.860161066055298
-4.465921878814697
-6.539896011352539
-4.508514404296875
-4.9504923820495605
-0.15351703763008118
-1.6656551361083984
-2.1066389083862305
-3.261157989501953
-4.4541730880737305
-4.903632640838623
-0.4206925630569458
-1.9052308797836304
-12.98707389831543
-1.1731927394866943
-3.9499871730804443
-3.1153252124786377
-14.503730773925781
-0.11025219410657883
-1.139948844909668
-1.2618961334228516
-2.216456413269043
-2.46004581451416
-11.039189338684082
-10.881315231323242
-14.111753463745117
-4.496418476104736
-0.7967165112495422
-1.5024573802947998
-2.8893303871154785
-3.3437039852142334
-8.472771644592285
-2.311441659927368
-12.952736854553223
-5.068805694580078
-0.11213961243629456
-0.3213680684566498
-8.710082054138184
-0.04393288120627403
-11.654829025268555
-1.232633352279663
-2.925967216491699
-1.8287909030914307
-1.8248350620269775
-15.412229537963867
-1.5522452592849731
-4.541116714477539
-6.019476413726807
-2.8677825927734375
-2.7204818725585938
-2.028024435043335
-5.384661674499512
-1.5589771270751953
-0.10590383410453796
-3.8641252517700195
-0.030803101137280464
-0.08388036489486694
-0.07928549498319626
-2.727039337158203
-4.0958428382873535
-0.3488525450229645
-0.3295236825942993
-8.735527038574219
-0.752239465713501
-3.749215602874756
-5.7349324226379395
-1.9537460803985596
-2.5116140842437744
-6.489732265472412
-1.6715326309204102
-1.4133731126785278
-0.039814140647649765
-1.4119675159454346
-4.536735534667969
-0.14786076545715332
-0.06397101283073425
-1.8405526876449585
-2.8575310707092285
-0.059075213968753815
-0.09099212288856506
-0.047152433544397354
-0.035344142466783524
-0.2344430685043335
-2.6202800273895264
-0.8560229539871216
-0.9613834619522095
-0.19347290694713593
-1.1847224235534668
-2.2322258949279785
-0.1586943417787552
-1.233323574066162
-3.809758186340332
-4.53271484375
-1.870737075805664
-0.2780994772911072
-5.739386081695557
-0.0752628967165947
-0.07659565657377243
-0.04161437600851059
-0.049279436469078064
-0.07732459902763367
-5.291568756103516
-2.025925874710083
-4.637645721435547
-2.4321389198303223
-4.3477396965026855
-3.1855993270874023
-0.9017899036407471
-3.814488649368286
-1.9000529050827026
-5.262899398803711
-5.187323093414307
-2.949983596801758
-4.385116100311279
-1.9189547300338745
-2.3443002700805664
-1.701128363609314
-1.9232038259506226
-7.623540878295898
-2.6765332221984863
-1.7854020595550537
-3.254115581512451
-1.1747040748596191
-2.427138328552246
-0.20057490468025208
-2.2207541465759277
-2.5594067573547363
-0.029532385990023613
-0.06884818524122238
-0.021096594631671906
-0.002803088864311576
-0.6542565226554871
-1.6981420516967773
-2.5455338954925537
-4.619806289672852
-1.6558399200439453
-1.8553295135498047
-0.33707496523857117
-1.7543177604675293
-0.06176153942942619
-3.6063435077667236
-0.01700839214026928
-1.2294150590896606
-5.156951904296875
-2.0433502197265625
-0.07167932391166687
-0.42720022797584534
-0.08227548003196716
-0.14178062975406647
-5.576148509979248
-0.05815616250038147
-10.448819160461426
-8.903282165527344
-1.2920106649398804
-2.1176726818084717
-0.4147796928882599
-3.845942497253418
-1.4806122779846191
-0.7880802750587463
-2.7417256832122803
-3.9211316108703613
-1.5185884237289429
-1.072831630706787
-3.9205963611602783
-1.0675262212753296
-1.7360833883285522
-0.5224813222885132
-0.9872420430183411
-1.7100461721420288
-0.04256086051464081
-0.8175954818725586
-8.39918041229248
-0.22157065570354462
-5.7743096351623535
-9.107930183410645
-1.2745137214660645
-4.190245628356934
-2.1926143169403076
-0.22157056629657745
-2.8834829330444336
-0.2174195498228073
-0.47462719678878784
-0.23902025818824768
-2.4155960083007812
-9.404549598693848
-0.2736469507217407
-0.040529172867536545
-1.9916499853134155
-2.2215707302093506
-3.1676225662231445
-0.1429942101240158
-0.06509732455015182
-11.026086807250977
-2.45328426361084
-3.1674039363861084
-8.766069412231445
-12.78582763671875
-7.8571248054504395
-6.791161060333252
-12.440361976623535
-2.2215704917907715
-3.1943140029907227
-3.7286155223846436
-0.6653209328651428
-4.2642693519592285
-2.2872138023376465
-8.482863426208496
-2.3575193881988525
-0.1559266895055771
-0.8141128420829773
-2.6440682411193848
-4.0975751876831055
-8.805749893188477
-8.419377326965332
-2.1320369243621826
-1.670231580734253
-8.327709197998047
-12.520877838134766
-1.0881448984146118
-1.1037921905517578
-0.1619012951850891
-2.801408052444458
-0.9353241920471191
-0.06579841673374176
-0.8152552843093872
-2.4361958503723145
-1.8323853015899658
-8.02904987335205
-0.7812764048576355
-0.09167291224002838
-0.10713493078947067
-2.765619993209839
-1.406273365020752
-0.07606053352355957
-2.305037260055542
-0.9481655359268188
-2.781306028366089
-4.429574012756348
-3.455047369003296
-5.48877477645874
-0.034013744443655014
-2.2958412170410156
-2.6945013999938965
-2.2925314903259277
-0.09372541308403015
-2.319746255874634
-5.67512845993042
-2.8499059677124023
-0.43294772505760193
-1.2784018516540527
-2.245285987854004
-0.287444531917572
-0.08988993614912033
-0.051205333322286606
-0.1235981285572052
-8.68955135345459
-2.574132204055786
-2.45626163482666
-3.7221899032592773
-3.3670947551727295
-1.444101095199585
-2.308354139328003
-3.5808088779449463
-3.517279624938965
-2.707171678543091
-0.017363794147968292
-2.5272607803344727
-2.6382665634155273
-1.9631882905960083
-2.9988796710968018
-0.1533675491809845
-2.335313320159912
-1.0398359298706055
-0.6203144192695618
-0.36397966742515564
-4.103772163391113
-1.7731573581695557
-4.344178676605225
-4.904111862182617
-3.1084611415863037
-1.8099217414855957
-5.139987468719482
-0.6961596012115479
-3.866159200668335
-9.844034194946289
-6.291244983673096
-0.22157056629657745
-0.5624592304229736
-3.284097671508789
-0.46969401836395264
-1.1851327419281006
-2.6717331409454346
-5.360532760620117
-0.11336434632539749
-1.6895852088928223
-5.569742202758789
-3.5652408599853516
-3.510295867919922
-1.3065176010131836
-2.4937195777893066
-3.337752342224121
-5.379045486450195
-4.319831371307373
-4.541189193725586
-9.312313079833984
-1.86189603805542
-7.889125823974609
-1.401843786239624
-7.649378299713135
-1.212778091430664
-2.7577967643737793
-3.081378936767578
-3.95920991897583
-4.3289794921875
-1.7561547756195068
-6.040125846862793
-1.0547384023666382
-1.0017495155334473
-0.4019240438938141
-0.04790065065026283
-2.9433705806732178
-3.811052083969116
-2.712782621383667
-1.8337733745574951
-1.6441179513931274
-1.8391695022583008
-1.665834903717041
-1.5664209127426147
-3.33931827545166
-3.4703733921051025
-0.47936683893203735
-0.3634697496891022
-0.8253558874130249
-2.7234668731689453
-0.10070361196994781
-0.03144374489784241
-11.65679931640625
-2.1263511180877686
-1.3487565517425537
-1.539987325668335
-0.6628820300102234
-6.290501594543457
-3.065906047821045
-0.9099565744400024
-7.2375383377075195
-0.04502089321613312
-4.184555530548096
-4.239819526672363
-2.6649913787841797
-1.489930510520935
-2.077423095703125
-4.9155964851379395
-2.921743392944336
-0.4480183720588684
-2.436544418334961
-1.3969495296478271
-2.8422250747680664
-1.793691635131836
-6.845876693725586
-2.3935892581939697
-2.1589295864105225
-3.4102139472961426
-3.3040874004364014
-3.2771501541137695
-0.6283485889434814
-1.2203598022460938
-2.3387796878814697
-2.8892765045166016
-4.866403579711914
-0.40181365609169006
-3.986057758331299
-7.323963642120361
-1.0457673072814941
-9.292590141296387
-6.291783809661865
-0.11807608604431152
-0.14279569685459137
-0.048042792826890945
-2.2448840141296387
-1.9841043949127197
-0.018648065626621246
-3.7594833374023438
-0.141464963555336
-0.028598273172974586
-1.4230040311813354
-4.860073566436768
-1.2863428592681885
-2.2266385555267334
-4.114102363586426
-0.9979428648948669
-3.064274787902832
-2.128538131713867
-0.9405224919319153
-1.8734726905822754
-1.2436813116073608
-5.212664604187012
-2.565654754638672
-3.282758951187134
-2.956481456756592
-1.3944106101989746
-3.4272141456604004
-1.8262362480163574
-1.175870418548584
-7.9039692878723145
-1.868779182434082
-1.059352159500122
-0.7530903816223145
-4.739983558654785
-4.03775691986084
-3.1694183349609375
-0.8495632410049438
-6.364887714385986
-0.06740620732307434
-1.6617283821105957
-3.244598150253296
-3.492565393447876
-0.016739267855882645
-0.013792917132377625
-0.01678440161049366
-0.005927602760493755
-5.9971160888671875
-7.346690654754639
-2.2750866413116455
-3.7389402389526367
-12.539074897766113
-4.091420650482178
-2.1320371627807617
-1.0752426385879517
-2.0236916542053223
-2.6512022018432617
-3.3939924240112305
-0.19575369358062744
-0.08476820588111877
-0.0530858114361763
-2.6866722106933594
-3.305459499359131
-1.2292358875274658
-2.303107500076294
-2.354039192199707
-3.130465269088745
-3.0476484298706055
-2.1501991748809814
-3.512528896331787
-2.224897861480713
-3.8606295585632324
-2.5849316120147705
-1.124847412109375
-3.9445960521698
-1.4305720329284668
-2.25072979927063
-0.20160366594791412
-1.4037851095199585
-0.2596954107284546
-0.6194507479667664
-1.8361172676086426
-0.40341413021087646
-0.07740514725446701
-0.04441488906741142
-0.03594795987010002
-0.023506538942456245
-0.0675850510597229
-1.2775522470474243
-5.587043762207031
-0.024872375652194023
-0.01453161146491766
-0.030749116092920303
-0.007613451685756445
-0.6607387065887451
-3.311558246612549
-2.520721912384033
-3.829195499420166
-1.7180116176605225
-2.456378936767578
-2.2838869094848633
-1.2246264219284058
-2.7825560569763184
-1.5273797512054443
-3.2679882049560547
-0.3183012306690216
-1.4091212749481201
-0.17690998315811157
-1.5974256992340088
-2.678273916244507
-4.368383407592773
-2.7932510375976562
-0.1521582156419754
-1.7293288707733154
-5.02766752243042
-0.6755900979042053
-2.772137403488159
-2.90037202835083
-10.211936950683594
-0.008598212152719498
-0.05474112927913666
-0.007067087572067976
-0.2432682067155838
-0.1328788846731186
-9.58651065826416
-0.002952741924673319
-0.030053311958909035
-0.004747784696519375
-9.447744369506836
-0.003317450173199177
-0.02209930680692196
-0.007051107473671436
-1.5620927810668945
-1.4733960628509521
-11.953153610229492
-4.02573823928833
-0.7786402702331543
-0.8908015489578247
-11.164685249328613
-0.0054481360130012035
-0.019216090440750122
-0.007694960571825504
-0.014325161464512348
-0.004918381106108427
-0.015217632055282593
-0.007993494160473347
-11.682164192199707
-0.004303005523979664
-0.016058748587965965
-0.008852521888911724
-11.891615867614746
-0.004375645890831947
-0.01486076321452856
-0.008574691601097584
-1.1438095569610596
-5.791017055511475
-1.1927967071533203
-2.7244021892547607
-3.42214298248291
-1.7132902145385742
-1.6013424396514893
-4.682202339172363
-3.3978991508483887
-1.9155006408691406
-0.1933055967092514
-0.1354501098394394
-0.16079562902450562
-0.12577217817306519
-5.4785475730896
-0.10551225394010544
-0.06371244788169861
-2.569521903991699
-3.117079973220825
-0.23902025818824768
-0.444381445646286
-2.879650831222534
-0.06138872727751732
-5.2726030349731445
-0.14175766706466675
-0.0429946593940258
-0.017288459464907646
-2.0662198066711426
-0.8812459707260132
-0.41478267312049866
-5.132561683654785
-9.154553413391113
-3.758939504623413
-2.948737382888794
-2.694474220275879
-2.6047091484069824
-3.1186413764953613
-1.1965045928955078
-0.5775417685508728
-0.6158000230789185
-0.07986919581890106
-1.6674515008926392
-3.172834873199463
-2.1967244148254395
-0.2683643400669098
-4.253525733947754
-0.10503607243299484
-0.5165481567382812
-4.533751964569092
-2.1322710514068604
-5.489445209503174
-6.841837406158447
-7.98092794418335
-2.784282684326172
-1.8076810836791992
-2.2849233150482178
-3.4417338371276855
-3.384518623352051
-3.9312996864318848
-1.0094081163406372
-0.6061490774154663
-0.22157084941864014
-0.11455568671226501
-2.2679519653320312
-0.742903470993042
-0.5811319351196289
-0.28310537338256836
-0.04406772181391716
-0.1228671595454216
-0.045591335743665695
-0.2597781717777252
-1.5147204399108887
-3.1452040672302246
-1.1584892272949219
-0.1992311030626297
-0.271507203578949
-1.1988930702209473
-4.369083404541016
-0.35362687706947327
-6.648667335510254
-0.040574733167886734
-0.05517791211605072
-5.220708847045898
-5.022424697875977
-4.7524638175964355
-0.5084529519081116
-1.3042494058609009
-0.10226985812187195
-0.05762502923607826
-0.031328219920396805
-0.5968868136405945
-3.9875199794769287
-1.4914206266403198
-0.7409290671348572
-6.626197814941406
-0.7162402868270874
-0.5967273712158203
-1.6742291450500488
-1.2602589130401611
-1.463478684425354
-3.2095236778259277
-3.009280204772949
-0.39289215207099915
-0.13614052534103394
-0.1201949343085289
-0.04950001463294029
-0.05460275337100029
-0.07260864973068237
-3.085502862930298
-13.82815170288086
-3.2694334983825684
-10.321540832519531
-0.008132676593959332
-6.0472612380981445
-0.009815759025514126
-2.1192657947540283
-2.5352840423583984
-0.6970906853675842
-1.3478376865386963
-0.3964572548866272
-4.208929538726807
-6.012371063232422
-2.688213348388672
-0.44584280252456665
-3.687330961227417
-0.12398837506771088
-0.3153786063194275
-0.22157056629657745
-8.73943042755127
-1.336736798286438
-3.3281350135803223
-0.2172972559928894
-1.4498016834259033
-0.22422920167446136
-8.029426574707031
-0.2696866989135742
-0.08651648461818695
-0.04293276369571686
-0.49142688512802124
-4.098099708557129
-0.02345355786383152
-3.7116620540618896
-3.267695903778076
-3.461458206176758
-0.34078383445739746
-2.5424187183380127
-5.300022125244141
-2.454493522644043
-0.23418381810188293
-1.9602546691894531
-5.505441188812256
-0.39093390107154846
-3.9733335971832275
-1.7813761234283447
-5.023405075073242
-6.736457347869873
-1.3243751525878906
-2.7020833492279053
-0.8536425232887268
-3.75009822845459
-0.9638627767562866
-0.1043662577867508
-0.2285262644290924
-12.358200073242188
-4.502779960632324
-4.045534610748291
-0.19201721251010895
-2.932380199432373
-1.7879338264465332
-0.8637503981590271
-0.7180122137069702
-8.014345169067383
-0.20603357255458832
-0.04809596762061119
-0.09384936094284058
-2.6986992359161377
-4.096784591674805
-4.215108871459961
-1.1919212341308594
-5.861019134521484
-2.0326766967773438
-11.978902816772461
-7.710030555725098
-0.14265502989292145
-6.181419372558594
-7.571718692779541
-6.691730976104736
-7.573895454406738
-3.3279061317443848
-4.1401777267456055
-3.848297119140625
-0.42615577578544617
-1.458308219909668
-3.7466893196105957
-0.9381330013275146
-1.6071391105651855
-0.9839047193527222
-2.778707265853882
-2.1320371627807617
-6.982750415802002
-1.5748165845870972
-0.048415277153253555
-3.3144760131835938
-4.928822994232178
-1.3713860511779785
-0.2940346300601959
-1.17766273021698
-1.498340129852295
-6.047079563140869
-1.6051769256591797
-0.3086162805557251
-4.588319778442383
-4.394242763519287
-11.16506576538086
-3.250272750854492
-1.2499372959136963
-10.198055267333984
-0.2490745186805725
-3.389347553253174
-0.11024333536624908
-7.60223388671875
-2.4900054931640625
-0.9145478010177612
-4.067376136779785
-5.617398262023926
-3.9273555278778076
-1.3413045406341553
-3.9335784912109375
-0.6662149429321289
-2.877045154571533
-7.316112518310547
-6.153351783752441
-0.11272447556257248
-0.13853217661380768
-0.09184518456459045
-0.601574718952179
-4.450481414794922
-7.253100872039795
-0.22157056629657745
-2.7921574115753174
-6.761246681213379
-5.28386926651001
-0.6873478293418884
-5.5197529792785645
-4.013908386230469
-8.578709602355957
-3.114614963531494
-5.5540080070495605
-1.357509732246399
-0.13583461940288544
-0.3490065336227417
-1.1918764114379883
-2.1116747856140137
-1.7944368124008179
-4.987814903259277
-1.7072067260742188
-0.09547285735607147
-2.59443998336792
-0.05099079757928848
-9.7346830368042
-0.12697099149227142
-0.04525027051568031
-1.0929971933364868
-2.9050261974334717
-0.22157056629657745
-2.308013439178467
-2.133023738861084
-2.2025201320648193
-2.289119243621826
-7.766252517700195
-0.6202889680862427
-1.3827263116836548
-0.3757225573062897
-3.6011972427368164
-0.7186957597732544
-3.370971441268921
-0.7847334146499634
-1.868337631225586
-1.9382210969924927
-0.22157076001167297
-3.555392026901245
-1.8745373487472534
-2.7152140140533447
-0.10367418080568314
-3.28822922706604
-1.2627968788146973
-0.3219689428806305
-2.644090414047241
-8.612030982971191
-2.6954455375671387
-3.8562850952148438
-3.974263906478882
-10.99100112915039
-2.833650827407837
-3.699383020401001
-3.670992612838745
-4.370387554168701
-4.710930347442627
-0.01780666783452034
-5.433318138122559
-3.045010805130005
-0.1545480489730835
-2.301262617111206
-3.364290714263916
-0.6198132038116455
-0.4518635869026184
-1.9720780849456787
-0.45730888843536377
-1.8520829677581787
-0.21795059740543365
-1.3447861671447754
-4.929372310638428
-0.26975715160369873
-1.3230924606323242
-0.3430095314979553
-3.8791403770446777
-1.7699246406555176
-2.6588006019592285
-1.7811752557754517
-1.2351423501968384
-0.6782951951026917
-2.2722315788269043
-0.16074375808238983
-0.22754867374897003
-0.7729148864746094
-1.549788236618042
-2.753464698791504
-1.2623234987258911
-2.370975971221924
-2.8805370330810547
-1.5289742946624756
-4.307272911071777
-3.7784628868103027
-0.5686823129653931
-0.6931533813476562
-0.22157056629657745
-2.9047234058380127
-1.958905816078186
-0.14122018218040466
-0.18630200624465942
-0.029274484142661095
-0.013906959444284439
-0.022135335952043533
-0.007757773622870445
-0.017694123089313507
-0.0079257283359766
-0.017460210248827934
-0.012520520016551018
-0.5884659290313721
-1.108100414276123
-3.266387462615967
-10.890670776367188
-0.040063269436359406
-3.368926763534546
-1.8382081985473633
-3.5962119102478027
-2.5197031497955322
-1.3341021537780762
-9.179861068725586
-0.7050065994262695
-0.14391441643238068
-4.965533256530762
-2.7100467681884766
-1.3079463243484497
-4.805877208709717
-1.9749982357025146
-3.472984790802002
-2.9724068641662598
-3.0471630096435547
-0.1381167322397232
-2.1330840587615967
-3.6932015419006348
-3.0594706535339355
-1.9196867942810059
-1.5159193277359009
-0.03185398504137993
-0.014704658649861813
-0.03246510401368141
-0.012732286937534809
-0.7022504210472107
-0.6576882004737854
-0.9766240119934082
-0.04987172782421112
-2.5231449604034424
-1.9541983604431152
-4.561093807220459
-1.9468306303024292
-1.5913317203521729
-4.019533157348633
-6.350890636444092
-0.29403436183929443
-2.7259225845336914
-0.8764436841011047
-0.05158603563904762
-0.07866542041301727
-10.391578674316406
-0.00955201219767332
-0.02115051820874214
-0.00664536515250802
-2.7631800174713135
-2.1538031101226807
-4.259298801422119
-1.6935787200927734
-3.1901211738586426
-9.439111709594727
-0.010862741619348526
-0.014951900579035282
-0.007863162085413933
-4.298033714294434
-3.4555468559265137
-1.4834073781967163
-3.3800299167633057
-2.1646695137023926
-0.16911651194095612
-2.584886312484741
-0.9828802347183228
-1.1178027391433716
-2.1729495525360107
-2.1147241592407227
-0.2886839509010315
-1.713301658630371
-0.0299454927444458
-0.10320388525724411
-0.03246498852968216
-0.06255333125591278
-12.997584342956543
-1.2813811302185059
-0.026944676414132118
-0.008949406445026398
-0.03159032762050629
-0.00811754073947668
-2.4396426677703857
-3.1996073722839355
-0.5680052638053894
-0.8179757595062256
-0.02262365259230137
-0.009611639194190502
-0.028130600228905678
-0.012368524447083473
-0.6127233505249023
-8.446027755737305
-3.8997459411621094
-2.8004300594329834
-0.6156970858573914
-3.2080752849578857
-1.9514374732971191
-1.6177117824554443
-1.7026126384735107
-2.607778787612915
-3.8907437324523926
-0.47936683893203735
-4.742643356323242
-2.16141414642334
-2.1356568336486816
-2.4745593070983887
-1.3265844583511353
-1.9485249519348145
-10.368692398071289
-0.06200268492102623
-0.38635846972465515
-0.010231191292405128
-0.03586722910404205
-0.004423713777214289
-0.06197478622198105
-0.019995661452412605
-0.08369355648756027
-0.19617721438407898
-0.1596391499042511
-3.3689205646514893
-0.48378950357437134
-2.5952913761138916
-5.623101711273193
-1.3172985315322876
-0.24176673591136932
-6.048941135406494
-1.8222405910491943
-0.9825412631034851
-0.5697296857833862
-0.3954122066497803
-0.4793670177459717
-0.36464381217956543
-0.2060343474149704
-1.1079310178756714
-1.1248269081115723
-3.9794771671295166
-0.09622563421726227
-1.3432230949401855
-3.1593759059906006
-2.5092520713806152
-0.49151861667633057
-0.4542672634124756
-3.4093992710113525
-0.19156859815120697
-0.1837320476770401
-0.0667514055967331
-0.042911067605018616
-0.4643855094909668
-0.14151369035243988
-2.208827018737793
-5.27180290222168
-2.460617780685425
-1.483184814453125
-1.6190996170043945
-2.280402183532715
-0.07556778937578201
-0.02487853914499283
-2.883604049682617
-0.5756317377090454
-8.817033767700195
-1.2284947633743286
-0.022227678447961807
-0.006853999104350805
-6.074968338012695
-0.006797286216169596
-1.9391717910766602
-2.1114306449890137
-0.22157056629657745
-2.5484273433685303
-0.2427017241716385
-0.27482905983924866
-0.7697572112083435
-3.7013192176818848
-0.058619558811187744
-0.10460153222084045
-0.0477001778781414
-0.031829848885536194
-3.6341893672943115
-2.3226113319396973
-2.698416233062744
-0.28846830129623413
-3.155320882797241
-5.249803066253662
-3.309900999069214
-0.1289919912815094
-0.05247936025261879
-0.02097157947719097
-0.06701921671628952
-9.712782859802246
-2.5946786403656006
-10.907000541687012
-0.01572611927986145
-0.020285407081246376
-0.005762274842709303
-0.5965723395347595
-3.543198823928833
-1.0644055604934692
-1.3246761560440063
-3.0882439613342285
-0.37549281120300293
-0.8037819266319275
-2.3316650390625
-1.832976222038269
-2.8949036598205566
-1.6712216138839722
-1.3726963996887207
-0.4292495548725128
-2.9142327308654785
-0.04010060429573059
-0.07414256036281586
-1.2904627323150635
-3.8957784175872803
-0.915894627571106
-1.2867976427078247
-2.523560047149658
-0.9917930960655212
-1.4155032634735107
-2.107649564743042
-1.7534432411193848
-1.0018200874328613
-2.993107318878174
-2.203819990158081
-0.9157098531723022
-0.1369359940290451
-0.17934837937355042
-1.808434009552002
-5.468478679656982
-3.3410463333129883
-2.280837059020996
-0.43865451216697693
-2.651585102081299
-0.5428466200828552
-0.14794693887233734
-0.0762350782752037
-0.03701528161764145
-4.073371410369873
-4.38755989074707
-1.712685227394104
-0.10827337950468063
-4.433302879333496
-2.3654563426971436
-1.4532732963562012
-2.553457736968994
-2.203401565551758
-0.8546713590621948
-4.077781677246094
-0.031075863167643547
-0.9788475036621094
-0.4429177939891815
-0.7704493403434753
-4.598405838012695
-5.262263298034668
-4.389132499694824
-0.3954276442527771
-0.08202873915433884
-0.815304696559906
-0.09428870677947998
-0.07352061569690704
-2.3207433223724365
-2.612271547317505
-3.948523759841919
-2.445622682571411
-3.6286208629608154
-1.911538004875183
-3.5658161640167236
-0.10782729834318161
-3.0691030025482178
-4.4652485847473145
-2.970766544342041
-4.5566534996032715
-0.05695072188973427
-2.1524548530578613
-5.607180118560791
-4.529926776885986
-1.6927882432937622
-0.6691108345985413
-0.5933975577354431
-2.2818655967712402
-0.022869177162647247
-10.828164100646973
-3.835158109664917
-2.6829216480255127
-1.6208884716033936
-0.5720351934432983
-3.384044885635376
-0.8437625169754028
-1.1116256713867188
-0.897783100605011
-4.836892604827881
-2.466017723083496
-0.8739140629768372
-4.473678112030029
-0.02097543142735958
-2.085491180419922
-0.3965301513671875
-0.5654040575027466
-1.4961189031600952
-0.6569365859031677
-0.14228297770023346
-0.24460679292678833
-0.016369923949241638
-0.02584528923034668
-0.05398751050233841
-0.2668238878250122
-0.05258455127477646
-1.72812819480896
-2.403045415878296
-1.206512212753296
-1.043053150177002
-5.224218845367432
-2.9308385848999023
-6.715671062469482
-5.108258247375488
-0.2597464621067047
-0.0338563397526741
-1.6247345209121704
-1.346017599105835
-0.017363794147968292
-7.287386417388916
-1.5361733436584473
-1.0528395175933838
-3.0377001762390137
-0.5649094581604004
-0.9240013957023621
-2.1308324337005615
-2.0948636531829834
-2.47707462310791
-2.470623731613159
-0.1276235282421112
-1.4299488067626953
-0.011258996091783047
-0.4818897843360901
-4.197268962860107
-0.3680068850517273
-3.260831117630005
-0.6669578552246094
-2.7124874591827393
-5.962924003601074
-5.3935227394104
-4.6837663650512695
-7.023255825042725
-1.8145790100097656
-2.3409371376037598
-2.282954454421997
-2.006772518157959
-0.6973185539245605
-3.4881327152252197
-1.9312613010406494
-0.5619185566902161
-0.20872372388839722
-0.3205670118331909
-0.9039303660392761
-1.0069316625595093
-2.073060989379883
-2.4367263317108154
-1.517615556716919
-4.734025001525879
-0.6880855560302734
-10.298887252807617
-3.8367972373962402
-0.4255492687225342
-2.0042176246643066
-1.4994666576385498
-2.3927719593048096
-3.599785804748535
-2.990001916885376
-3.4327592849731445
-4.492633819580078
-1.3465030193328857
-0.4929421544075012
-1.6981613636016846
-0.8577155470848083
-6.78077507019043
-1.1380786895751953
-4.847936630249023
-1.739039421081543
-2.230100631713867
-5.511037826538086
-3.789851427078247
-1.6652743816375732
-3.2979624271392822
-2.022650718688965
-1.9198414087295532
-2.4233391284942627
-4.331939220428467
-4.628686428070068
-1.8519254922866821
-5.338202476501465
-1.2548195123672485
-5.154897689819336
-1.398328185081482
-2.4134902954101562
-0.9692402482032776
-3.219147205352783
-0.02923743613064289
-0.030706806108355522
-0.023488955572247505
-1.3400380611419678
-2.5919551849365234
-3.7174291610717773
-2.6578569412231445
-0.8773376941680908
-0.2316165268421173
-0.3149001896381378
-0.045365337282419205
-4.136463642120361
-1.979600429534912
-4.002364635467529
-2.977680206298828
-0.9653497338294983
-1.8944581747055054
-1.7318024635314941
-6.386072158813477
-2.5462067127227783
-6.528786659240723
-2.533160448074341
-4.5155930519104
-8.817147254943848
-1.7311985492706299
-0.07868911325931549
-3.8549880981445312
-10.671918869018555
-1.4357142448425293
-3.409409284591675
-2.5654354095458984
-1.8907537460327148
-2.455949306488037
-2.172050952911377
-0.23902025818824768
-4.4702653884887695
-4.5423078536987305
-5.192488670349121
-4.761300086975098
-3.5887129306793213
-0.2289644032716751
-10.801201820373535
-1.3329049348831177
-9.455007553100586
-3.973078489303589
-2.991323947906494
-8.751540184020996
-0.1272575855255127
-0.05846620351076126
-0.0608927346765995
-4.5129241943359375
-3.3225083351135254
-3.863006114959717
-4.391746520996094
-7.034567832946777
-8.18993854522705
-5.3711371421813965
-4.1611456871032715
-7.203726768493652
-4.451551914215088
-1.4874566793441772
-9.528081893920898
-11.383069038391113
-0.004619047045707703
-0.01847979612648487
-0.0072727929800748825
-6.781527519226074
-6.4145612716674805
-3.228541851043701
-7.633688449859619
-2.327277183532715
-1.7011973857879639
-3.271846294403076
-7.7291107177734375
-1.1818320751190186
-3.2256038188934326
-3.318768262863159
-5.24051570892334
-11.710973739624023
-7.706697463989258
-2.1836442947387695
-11.17973804473877
-0.4064265191555023
-4.360976219177246
-3.3718321323394775
-2.7344324588775635
-5.426859378814697
-6.8983378410339355
-1.4268317222595215
-3.9995334148406982
-1.299769639968872
-0.5560274124145508
-1.4020507335662842
-4.376760005950928
-1.6940381526947021
-5.442141532897949
-1.390876054763794
-4.382615566253662
-1.538435935974121
-1.366424560546875
-1.6481001377105713
-0.5652002096176147
-6.911294937133789
-0.043141499161720276
-10.017224311828613
-2.0813283920288086
-1.4867286682128906
-1.7091023921966553
-1.5838203430175781
-2.2301979064941406
-0.023665467277169228
-0.37739357352256775
-0.28121626377105713
-1.6828587055206299
-11.273279190063477
-8.122121810913086
-0.028841178864240646
-3.2747368812561035
-0.8392484188079834
-2.7594902515411377
-3.3871688842773438
-8.859978675842285
-0.8908261060714722
-0.7614892721176147
-0.2799115777015686
-0.48102813959121704
-0.09504714608192444
-2.3828063011169434
-2.1376144886016846
-2.784559965133667
-4.731410026550293
-5.826251029968262
-0.2509293854236603
-3.9737367630004883
-0.22157056629657745
-3.0504422187805176
-1.8656834363937378
-0.09445369243621826
-0.28819766640663147
-0.2977345585823059
-0.36167922616004944
-0.05959951505064964
-0.028968339785933495
-0.02324765920639038
-0.031347282230854034
-0.009564409963786602
-0.011788466945290565
-0.005558984819799662
-0.013856876641511917
-0.006219911389052868
-2.3934216499328613
-1.1606138944625854
-3.6888115406036377
-0.0696067065000534
-0.2292240560054779
-0.03534046187996864
-0.004838425200432539
-0.1772768795490265
-0.18265552818775177
-0.2561449408531189
-1.4108163118362427
-2.333216905593872
-0.576356828212738
-2.6665618419647217
-0.7063236832618713
-4.442875862121582
-1.6050883531570435
-1.086932897567749
-3.559617280960083
-2.470195770263672
-2.993818759918213
-1.7557361125946045
-0.19899314641952515
-1.8923168182373047
-1.086571216583252
-3.0064923763275146
-16.43163299560547
-3.777172088623047
-4.909029006958008
-0.08310967683792114
-0.1580820232629776
-2.221341371536255
-2.499964952468872
-1.567173719406128
-0.04439596086740494
-3.3399813175201416
-0.8538385629653931
-3.820126533508301
-1.276771068572998
-2.358189344406128
-4.0392255783081055
-3.76073956489563
-3.794924736022949
-0.9721653461456299
-3.276196241378784
-3.011579990386963
-0.09206972271203995
-0.25038355588912964
-0.08892822265625
-3.291674852371216
-1.1497855186462402
-6.955382347106934
-5.258606433868408
-3.250156879425049
-6.199723720550537
-2.550422430038452
-3.8789846897125244
-4.144547939300537
-1.0258231163024902
-1.0996356010437012
-1.954450011253357
-1.0292792320251465
-1.55348539352417
-2.397014617919922
-0.19461242854595184
-5.353410243988037
-3.0906312465667725
-3.1313674449920654
-1.1473987102508545
-4.13372278213501
-10.323163032531738
-2.4337499141693115
-3.739910125732422
-3.3673627376556396
-2.903224468231201
-3.0992536544799805
-3.193498134613037
-3.699533700942993
-3.234351634979248
-3.3166041374206543
-3.5275890827178955
-2.647592544555664
-1.2490957975387573
-5.087012767791748
-3.601613998413086
-2.2681169509887695
-1.0529690980911255
-4.04033899307251
-0.3999575078487396
-0.16947972774505615
-0.047929853200912476
-1.7239359617233276
-4.640219688415527
-5.014296531677246
-0.048606861382722855
-9.298904418945312
-2.852919816970825
-0.056287117302417755
-0.021247852593660355
-0.06655122339725494
-0.05375945195555687
-2.815732002258301
-2.735666513442993
-5.159586429595947
-0.5338109731674194
-3.729586124420166
-3.2371976375579834
-4.603842735290527
-0.32754355669021606
-0.15960754454135895
-2.042793035507202
-0.4028855860233307
-6.044690132141113
-8.322144508361816
-2.747588634490967
-0.44346052408218384
-8.559127807617188
-1.834521770477295
-6.874766826629639
-3.3938236236572266
-7.0631818771362305
-4.688190937042236
-3.2256247997283936
-0.3187464773654938
-0.18599027395248413
-0.05817663297057152
-11.261168479919434
-0.8284003734588623
-3.2994275093078613
-1.9747856855392456
-1.6024999618530273
-1.6133050918579102
-0.04897969961166382
-3.6738839149475098
-2.0102126598358154
-3.4387879371643066
-0.0988781526684761
-2.490797996520996
-2.699066638946533
-3.9671573638916016
-1.104306936264038
-3.387556791305542
-0.1823195070028305
-0.08999104797840118
-0.3381068706512451
-0.017896482720971107
-0.009643753059208393
-0.020945897325873375
-0.009393187239766121
-0.0073813097551465034
-0.00565867917612195
-0.015100451186299324
-0.008724783547222614
-1.198735237121582
-1.894168496131897
-4.228240489959717
-1.2116813659667969
-4.108765125274658
-4.9780683517456055
-3.510871410369873
-0.01736355945467949
-4.178832054138184
-4.606499195098877
-0.23857158422470093
-0.07477252185344696
-0.06702534854412079
-3.275197744369507
-2.1028878688812256
-1.6534137725830078
-2.856288433074951
-2.4173264503479004
-2.009626626968384
-1.3401480913162231
-1.7988829612731934
-1.6370114088058472
-1.715153455734253
-0.44939786195755005
-4.487020015716553
-2.0997419357299805
-3.461813449859619
-2.81872820854187
-0.6733292937278748
-7.0854387283325195
-5.530714988708496
-0.3090059161186218
-0.0557907298207283
-0.0683007761836052
-2.4433178901672363
-1.8209984302520752
-0.5852511525154114
-2.8265559673309326
-1.2198512554168701
-1.4290679693222046
-1.8761816024780273
-2.731369733810425
-0.898545503616333
-5.8594512939453125
-0.0840676873922348
-0.049143027514219284
-5.675865650177002
-0.056227393448352814
-0.06454360485076904
-2.919440269470215
-3.9148128032684326
-1.682852029800415
-6.327920913696289
-0.8943235874176025
-0.17261731624603271
-5.829261302947998
-0.1316559910774231
-1.3299387693405151
-1.3357890844345093
-4.111262798309326
-3.1167197227478027
-2.7548789978027344
-4.058353900909424
-8.938461303710938
-8.136866569519043
-3.674356698989868
-4.047631740570068
-0.8659729361534119
-6.521347522735596
-8.732905387878418
-2.991006851196289
-3.4384593963623047
-8.727217674255371
-9.605846405029297
-8.606363296508789
-3.5537099838256836
-2.7304985523223877
-5.225152969360352
-2.188788414001465
-0.017544550821185112
-12.119133949279785
-0.0206774789839983
-0.08005088567733765
-2.5057437419891357
-4.311124801635742
-15.015466690063477
-1.1456573009490967
-0.638433039188385
-4.668695449829102
-1.5459508895874023
-0.08970675617456436
-4.236084461212158
-3.7901785373687744
-4.931692600250244
-0.48315614461898804
-9.0017728805542
-12.0206298828125
-6.252546310424805
-0.6365950703620911
-5.865059852600098
-4.287069797515869
-5.445980072021484
-1.9767706394195557
-3.5478782653808594
-0.09430096298456192
-3.0743958950042725
-6.919078826904297
-1.308506727218628
-4.795680522918701
-3.8696796894073486
-2.742194652557373
-1.4318971633911133
-2.0767405033111572
-0.06755296140909195
-1.9912430047988892
-2.1840779781341553
-0.012589740566909313
-1.2979815006256104
-3.7928011417388916
-3.758171319961548
-1.2594935894012451
-1.7183021306991577
-0.8999629020690918
-7.488800525665283
-2.449631452560425
-4.173006534576416
-0.06562595069408417
-3.248685121536255
-1.7842991352081299
-4.353262424468994
-6.06693172454834
-0.33221787214279175
-0.26461392641067505
-1.4587764739990234
-10.781745910644531
-9.32275676727295
-0.0931471437215805
-3.428330659866333
-4.607882022857666
-0.5939577221870422
-0.8771768808364868
-2.4128363132476807
-4.604322910308838
-0.8493220806121826
-5.724780082702637
-2.2529520988464355
-0.07884986698627472
-0.6780976057052612
-3.472270965576172
-0.03279060125350952
-0.8211180567741394
-2.5907208919525146
-2.573862075805664
-0.36788269877433777
-1.5256974697113037
-0.5122243762016296
-2.1602206230163574
-2.688251495361328
-1.7305412292480469
-0.3192591667175293
-2.511833667755127
-9.008275032043457
-7.421577453613281
-3.9805150032043457
-0.045661721378564835
-4.709542274475098
-0.27247244119644165
-0.49910661578178406
-0.09498188644647598
-0.16203288733959198
-2.799029588699341
-0.061912935227155685
-0.5538181662559509
-1.2677342891693115
-0.6658649444580078
-1.432607650756836
-0.13251057267189026
-0.1837167590856552
-1.248516321182251
-0.7783941030502319
-2.372992515563965
-0.1115826666355133
-2.1121065616607666
-4.823558330535889
-11.880498886108398
-0.22222045063972473
-2.935296058654785
-1.324998378753662
-1.4227781295776367
-0.24709798395633698
-0.09863310307264328
-0.20042477548122406
-9.888788223266602
-5.3580217361450195
-2.597296714782715
-1.841476559638977
-4.446831703186035
-0.4793670177459717
-1.9706981182098389
-1.190619945526123
-7.24852180480957
-0.5536471009254456
-0.48916858434677124
-0.11650334298610687
-0.13750030100345612
-5.03635311126709
-1.274240493774414
-2.96201229095459
-1.4372893571853638
-2.9833011627197266
-0.01596161164343357
-0.06231680139899254
-2.811870574951172
-4.577187538146973
-3.3543262481689453
-2.947000026702881
-2.5809707641601562
-1.302112102508545
-2.6759183406829834
-2.7086029052734375
-0.15047873556613922
-3.2267439365386963
-4.7962493896484375
-2.558666229248047
-7.0208821296691895
-2.5790300369262695
-1.4767029285430908
-1.0313752889633179
-2.5982587337493896
-2.2773046493530273
-14.158393859863281
-1.87910795211792
-0.5662760734558105
-0.33448925614356995
-0.12956750392913818
-0.9094066619873047
-0.5904646515846252
-4.201463222503662
-0.115376777946949
-0.009759568609297276
-5.876514911651611
-0.011174359358847141
-2.155435800552368
-1.820455551147461
-0.5107648372650146
-0.11384020000696182
-2.9724040031433105
-1.423993706703186
-2.111081600189209
-0.2322196513414383
-1.4263837337493896
-4.081671237945557
-1.65553879737854
-0.6024009585380554
-3.9901351928710938
-6.639245510101318
-2.916212558746338
-1.9497047662734985
-1.8861892223358154
-0.46224290132522583
-0.18800757825374603
-1.3742973804473877
-3.9861459732055664
-4.3504767417907715
-2.108081817626953
-1.525026559829712
-3.2353880405426025
-7.578719139099121
-2.444218635559082
-2.404568672180176
-2.426417350769043
-4.316189289093018
-1.8334907293319702
-1.5364973545074463
-1.524935245513916
-2.230211019515991
-1.3572783470153809
-1.624800205230713
-1.1658955812454224
-9.841139793395996
-0.42071056365966797
-1.5148570537567139
-1.351937174797058
-4.211209297180176
-0.7100987434387207
-0.10158537328243256
-3.3870668411254883
-3.236758232116699
-4.317019462585449
-1.346354365348816
-0.06900719553232193
-0.0495380200445652
-4.894379615783691
-0.18584100902080536
-4.679951190948486
-1.1728535890579224
-0.2739529311656952
-1.8860876560211182
-4.00563383102417
-0.38384079933166504
-3.310502767562866
-0.8271061182022095
-5.258261680603027
-1.4538053274154663
-0.9805172085762024
-1.3677339553833008
-0.492404043674469
-11.678421974182129
-0.4276640713214874
-0.3818727731704712
-0.7001535296440125
-7.777762413024902
-0.05347845330834389
-1.647127628326416
-1.419975996017456
-1.4074504375457764
-1.6097939014434814
-3.068732261657715
-2.8663811683654785
-2.4262518882751465
-1.2586582899093628
-4.17810583114624
-0.0933760553598404
-3.8071746826171875
-3.510117769241333
-0.25066813826560974
-1.798467755317688
-0.6136814951896667
-1.6353257894515991
-2.433333158493042
-0.19046363234519958
-2.5468592643737793
-0.019684677943587303
-5.0399651527404785
-1.7666938304901123
-3.815126895904541
-0.9396904110908508
-1.5453763008117676
-1.4990248680114746
-1.2687911987304688
-0.08719071000814438
-0.16917328536510468
-1.7141014337539673
-0.011490946635603905
-1.994018316268921
-1.023828387260437
-3.5904030799865723
-2.303455352783203
-0.7767775058746338
-4.435710906982422
-0.7450436353683472
-2.7991127967834473
-0.557742714881897
-2.2684638500213623
-1.1723748445510864
-1.1315321922302246
-2.365156412124634
-1.300002098083496
-3.0827269554138184
-3.327559471130371
-3.648698329925537
-2.8095381259918213
-0.07437963038682938
-1.7831649780273438
-1.0209099054336548
-0.3473857641220093
-1.476647973060608
-3.9532909393310547
-0.08475736528635025
-0.08220773190259933
-0.04298917576670647
-5.261597633361816
-2.974942207336426
-7.7130961418151855
-4.424626350402832
-3.2107932567596436
-2.0311763286590576
-0.3341293931007385
-3.292095184326172
-1.5856914520263672
-0.5105907917022705
-1.7549976110458374
-2.545283317565918
-0.9939197897911072
-0.11451295018196106
-3.2977964878082275
-0.24093712866306305
-3.3804376125335693
-4.987814903259277
-0.37559401988983154
-0.18481650948524475
-3.3828604221343994
-6.134676933288574
-1.8951897621154785
-1.5725985765457153
-0.6131277084350586
-2.2167670726776123
-1.124543309211731
-8.675202369689941
-4.722951412200928
-6.39906644821167
-1.867788314819336
-4.508103847503662
-0.40499070286750793
-1.1066734790802002
-2.6954455375671387
-1.408305048942566
-2.2102134227752686
-2.2390329837799072
-3.425104856491089
-0.9493645429611206
-3.5382184982299805
-0.3118661344051361
-0.020109349861741066
-0.11178234964609146
-0.126657634973526
-5.7806549072265625
-0.05015521124005318
-1.541360855102539
-2.419663667678833
-2.4748423099517822
-0.1510918289422989
-1.6910333633422852
-1.3072593212127686
-2.73445987701416
-2.508671283721924
-2.8842146396636963
-2.2098636627197266
-0.9960601329803467
-1.1790368556976318
-0.19040913879871368
-0.9864779710769653
-7.420773029327393
-1.934410810470581
-0.8424128890037537
-0.2599692940711975
-2.0896871089935303
-4.1621599197387695
-4.163808345794678
-5.3397040367126465
-2.5368566513061523
-6.084941864013672
-0.1558678299188614
-0.08365584164857864
-0.01010256726294756
-5.5228095054626465
-0.00900871492922306
-0.288419246673584
-0.9053522944450378
-5.152633190155029
-2.495457172393799
-2.9988226890563965
-2.79409122467041
-3.2429044246673584
-2.963677167892456
-3.1030216217041016
-4.6760125160217285
-1.7940661907196045
-1.1947015523910522
-4.283789157867432
-0.1267811506986618
-2.629002332687378
-1.3541187047958374
-0.46452298760414124
-0.3691655099391937
-0.06899784505367279
-0.9863032698631287
-0.8244335651397705
-0.193556010723114
-1.5843664407730103
-4.596870422363281
-2.991377592086792
-6.80595588684082
-1.4869853258132935
-2.8828539848327637
-4.427273750305176
-2.725475311279297
-1.0551929473876953
-4.401745319366455
-2.68146014213562
-7.426886558532715
-0.08265562355518341
-0.1312032788991928
-0.19230642914772034
-4.119006156921387
-1.2821604013442993
-4.458352088928223
-1.9915577173233032
-2.6895885467529297
-2.9929189682006836
-3.202432632446289
-3.80361270904541
-2.3285326957702637
-3.9734935760498047
-11.076016426086426
-5.000337600708008
-3.096853494644165
-4.250857353210449
-6.866890907287598
-1.8741964101791382
-4.513441562652588
-3.1300313472747803
-2.351292848587036
-3.0233139991760254
-8.566158294677734
-11.744140625
-2.3484458923339844
-4.333249568939209
-2.09157657623291
-4.876056671142578
-4.024094581604004
-1.3172376155853271
-3.270111083984375
-0.3401271402835846
-5.399326324462891
-0.1308191865682602
-1.716077446937561
-1.2960436344146729
-3.2290232181549072
-3.31731915473938
-3.311875104904175
-1.7733567953109741
-2.3771164417266846
-1.8714678287506104
-0.13175275921821594
-1.4637608528137207
-3.787968873977661
-2.4779248237609863
-2.9896209239959717
-3.35477352142334
-3.5067660808563232
-3.886241912841797
-4.489643096923828
-5.677882671356201
-0.12257476896047592
-1.171743631362915
-4.561110496520996
-0.8087962865829468
-2.9556117057800293
-0.8809155821800232
-0.2861402630805969
-0.0427277535200119
-1.610730528831482
-1.485816240310669
-0.025884205475449562
-0.07379736751317978
-1.6801059246063232
-0.019465025514364243
-1.9548224210739136
-0.5185728669166565
-0.12608633935451508
-0.24099670350551605
-2.7860429286956787
-0.04865012317895889
-2.7122042179107666
-1.235480546951294
-3.622636079788208
-2.0638248920440674
-1.4787812232971191
-2.338102340698242
-0.9421507716178894
-0.4793669283390045
-1.957728624343872
-3.225135564804077
-4.948335647583008
-1.7255818843841553
-0.5087001919746399
-0.2501750886440277
-0.30173978209495544
-0.13743703067302704
-4.138726234436035
-7.3473944664001465
-0.18845365941524506
-2.8425517082214355
-4.218206405639648
-4.945959568023682
-3.1975033283233643
-2.337128162384033
-0.00979557354003191
-5.699713706970215
-0.006164228543639183
-0.007214210461825132
-0.9225679039955139
-1.0094108581542969
-0.043440479785203934
-2.919545888900757
-0.04511513561010361
-1.0800820589065552
-0.6369996666908264
-0.300326406955719
-0.22090831398963928
-6.133131504058838
-1.3637802600860596
-3.7374541759490967
-3.6218788623809814
-0.057219598442316055
-0.16899922490119934
-0.14511901140213013
-4.1287922859191895
-5.875443458557129
-2.4683127403259277
-1.6705541610717773
-3.595024585723877
-14.298067092895508
-0.8408991098403931
-1.481684684753418
-2.119183301925659
-3.362691640853882
-5.4524946212768555
-5.255707263946533
-1.522289514541626
-3.4968605041503906
-2.1860013008117676
-2.419792413711548
-0.16716045141220093
-1.0198020935058594
-4.335847854614258
-3.463184356689453
-0.06899094581604004
-0.006357682403177023
-0.9869807958602905
-2.494720697402954
-1.3667250871658325
-2.007701873779297
-0.38969114422798157
-14.241764068603516
-4.7968831062316895
-6.661411762237549
-2.491971015930176
-1.6267516613006592
-2.435171604156494
-0.9720044732093811
-5.139372825622559
-4.456026554107666
-2.8580050468444824
-0.19571428000926971
-1.4096349477767944
-0.44982796907424927
-1.76680588722229
-3.337634563446045
-0.11622585356235504
-1.5008444786071777
-2.6513819694519043
-1.134029507637024
-1.6265523433685303
-0.5958473086357117
-2.2691287994384766
-8.177963256835938
-2.0554895401000977
-0.8674650192260742
-4.214907169342041
-4.775087833404541
-2.741088628768921
-4.354885101318359
-2.7585229873657227
-1.1717966794967651
-5.151000499725342
-7.470646858215332
-2.5378177165985107
-1.6313259601593018
-4.173279762268066
-2.6399693489074707
-3.6763041019439697
-1.449967384338379
-2.313812732696533
-0.07198664546012878
-7.4302496910095215
-1.757876992225647
-2.326098680496216
-1.0796390771865845
-2.9014978408813477
-7.614564895629883
-1.4589648246765137
-0.4386054575443268
-1.6615630388259888
-4.920486927032471
-2.134227991104126
-0.04538789391517639
-0.9914963245391846
-0.9102053046226501
-5.553869724273682
-1.9212329387664795
-1.1407692432403564
-5.085140705108643
-7.021757125854492
-3.6747374534606934
-1.0999150276184082
-4.7736992835998535
-1.4024006128311157
-3.256291151046753
-1.7568964958190918
-3.13577938079834
-0.3628602921962738
-0.36507123708724976
-0.9571337103843689
-0.08675118535757065
-0.05176591873168945
-0.22818909585475922
-1.9881166219711304
-2.586784839630127
-7.871951580047607
-0.06470105797052383
-4.365917205810547
-3.3882415294647217
-2.414219617843628
-6.042732238769531
-1.4680142402648926
-0.4227103292942047
-1.2594374418258667
-3.113553047180176
-1.6170227527618408
-2.2815308570861816
-2.0262255668640137
-7.005795001983643
-7.110951900482178
-14.986658096313477
-2.862785577774048
-1.8929920196533203
-2.533210277557373
-3.999229669570923
-2.228160858154297
-1.3428046703338623
-0.02916739135980606
-4.031618595123291
-4.309899806976318
-2.479762554168701
-2.841637134552002
-9.355228424072266
-4.920886993408203
-2.6908369064331055
-3.9594366550445557
-4.512071132659912
-1.9498928785324097
-2.2774739265441895
-6.67855167388916
-2.375847816467285
-1.6342219114303589
-3.533952474594116
-7.153144836425781
-2.303460121154785
-2.577920436859131
-2.508439540863037
-4.442012786865234
-4.54789924621582
-3.6608784198760986
-2.9546306133270264
-2.730417251586914
-0.13771720230579376
-7.914045810699463
-0.2225952297449112
-5.663012981414795
-4.938931465148926
-3.617720127105713
-5.381378173828125
-2.261521339416504
-4.591561794281006
-3.4258506298065186
-3.4784324169158936
-2.3869447708129883
-3.8402469158172607
-9.274262428283691
-2.7724647521972656
-4.387594699859619
-3.2101733684539795
-8.146627426147461
-7.619072914123535
-2.3251142501831055
-1.2115514278411865
-2.493994951248169
-2.388836145401001
-1.552696943283081
-3.714186906814575
-2.4101264476776123
-2.4860031604766846
-5.387618541717529
-1.5850980281829834
-0.08633191883563995
-0.006426383275538683
-5.8110456466674805
-0.008581073954701424
-4.241958141326904
-3.423520803451538
-0.4254026710987091
-1.115907073020935
-1.9922804832458496
-0.36533549427986145
-3.603694438934326
-6.127638339996338
-2.993818521499634
-1.2376010417938232
-1.4586737155914307
-1.6175563335418701
-2.222719192504883
-0.05717749521136284
-0.10079436749219894
-2.4949941635131836
-3.882467746734619
-12.712026596069336
-5.597833156585693
-2.1264424324035645
-2.674588680267334
-2.9757258892059326
-5.945977687835693
-5.432772636413574
-1.8064324855804443
-4.945249557495117
-3.4115355014801025
-2.3285417556762695
-3.3915069103240967
-0.5770316123962402
-4.9326066970825195
-6.56998872756958
-2.2121753692626953
-0.8577619791030884
-7.170536041259766
-7.266602516174316
-2.644078016281128
-5.657005786895752
-5.630627632141113
-10.294543266296387
-4.16912841796875
-0.9386536478996277
-3.0243775844573975
-0.040063727647066116
-1.4605060815811157
-0.9405410885810852
-1.363189458847046
-6.7111053466796875
-3.2221364974975586
-3.5613369941711426
-4.295234203338623
-4.1895246505737305
-3.979363441467285
-3.3048648834228516
-0.25084125995635986
-4.357512474060059
-1.7920536994934082
-1.5836085081100464
-1.8158953189849854
-3.2238948345184326
-2.477602958679199
-0.21441790461540222
-0.0777193158864975
-2.082688093185425
-1.6741359233856201
-5.1017537117004395
-7.811124801635742
-3.9888241291046143
-5.13847017288208
-1.8914252519607544
-0.8455577492713928
-0.06178104132413864
-0.06584697216749191
-0.053602296859025955
-3.108368158340454
-2.6331682205200195
-4.290212154388428
-5.061492919921875
-2.6826019287109375
-5.762050151824951
-0.03879464045166969
-1.907608151435852
-3.22289776802063
-2.546642780303955
-8.333659172058105
-1.8082275390625
-1.5503106117248535
-8.549860954284668
-0.7862194180488586
-2.256472110748291
-3.762657880783081
-1.7706971168518066
-3.8416757583618164
-1.4425736665725708
-0.5817437171936035
-4.098267555236816
-1.9769432544708252
-7.461474895477295
-2.422511339187622
-0.13723336160182953
-3.2421765327453613
-2.5165300369262695
-2.092135429382324
-1.0862857103347778
-3.9129748344421387
-13.748272895812988
-3.2441673278808594
-1.6696956157684326
-4.775151252746582
-0.033112529665231705
-1.0969997644424438
-2.847120523452759
-1.803786039352417
-3.9891884326934814
-1.33336341381073
-7.693056583404541
-8.215436935424805
-3.0520989894866943
-3.173363208770752
-3.0865466594696045
-4.968616008758545
-2.2720158100128174
-0.024645021185278893
-4.019182205200195
-5.543561935424805
-3.2600834369659424
-4.458264350891113
-4.0812506675720215
-0.03876528516411781
-1.838283896446228
-0.6018590331077576
-3.4401967525482178
-2.220059394836426
-0.07189135253429413
-2.1220149993896484
-5.158825874328613
-2.112776756286621
-0.02178291045129299
-2.3151731491088867
-2.321168899536133
-6.387085437774658
-3.1895813941955566
-6.275739669799805
-2.514540195465088
-1.623759150505066
-0.48376473784446716
-1.3027496337890625
-10.409582138061523
-1.47182297706604
-0.7417234778404236
-0.04462172091007233
-0.49849623441696167
-3.9437224864959717
-1.1217832565307617
-1.7442835569381714
-0.5804295539855957
-6.634592056274414
-2.8194141387939453
-0.500577449798584
-1.2357218265533447
-1.0426470041275024
-0.8463108539581299
-1.6295231580734253
-0.040466323494911194
-2.373274326324463
-1.511817455291748
-1.4301648139953613
-2.132903575897217
-7.538245677947998
-2.3514699935913086
-1.5427881479263306
-4.89633846282959
-1.2176547050476074
-0.8251999020576477
-0.20515522360801697
-8.100852966308594
-0.7423721551895142
-1.3336360454559326
-0.0465882271528244
-2.420516014099121
-2.438109874725342
-18.043079376220703
-3.2433013916015625
-4.781262397766113
-0.7893721461296082
-0.43237370252609253
-7.79441499710083
-0.03081558458507061
-4.369455814361572
-2.102163791656494
-11.99940013885498
-0.7142717838287354
-0.6652043461799622
-0.20244307816028595
-0.5001361966133118
-4.297317028045654
-6.794507026672363
-11.998798370361328
-0.7389774322509766
-11.839609146118164
-0.7786258459091187
-3.5730016231536865
-2.207446575164795
-0.9635250568389893
-1.0920484066009521
-3.2145183086395264
-0.03813447803258896
-3.488161563873291
-0.197771355509758
-2.1517295837402344
-9.429993629455566
-3.2169651985168457
-1.556692361831665
-0.026243316009640694
-0.11271297931671143
-0.6170303821563721
-0.19779346883296967
-0.9630013704299927
-2.1434500217437744
-0.05883707478642464
-0.06399885565042496
-3.139291763305664
-3.7504100799560547
-4.743749141693115
-0.02328656055033207
-2.823158025741577
-0.4943786859512329
-2.7685317993164062
-2.559436082839966
-3.37308931350708
-0.0432780459523201
-7.572705268859863
-1.8771026134490967
-4.6017351150512695
-1.1462574005126953
-4.0124382972717285
-7.841165065765381
-1.3904712200164795
-7.662979602813721
-0.5194367170333862
-0.06075150892138481
-0.0750696063041687
-0.05570842698216438
-2.7758090496063232
-0.890127956867218
-1.5454096794128418
-1.9375940561294556
-0.574969470500946
-6.802469253540039
-1.3029286861419678
-5.0398149490356445
-1.85013747215271
-0.1232680156826973
-1.9294112920761108
-4.425232887268066
-2.2587859630584717
-2.148019552230835
-1.5668811798095703
-0.663966953754425
-2.4234371185302734
-4.051671504974365
-6.69853401184082
-10.589094161987305
-0.7737059593200684
-1.0634872913360596
-1.3412728309631348
-5.253812313079834
-0.5214889049530029
-3.8542916774749756
-2.3095545768737793
-1.6137285232543945
-2.1726608276367188
-4.081061840057373
-3.7600202560424805
-4.866209030151367
-4.945667266845703
-2.404010534286499
-4.468379497528076
-8.714188575744629
-3.2002124786376953
-2.0002079010009766
-14.798553466796875
-7.820743560791016
-4.818809509277344
-10.085073471069336
-2.93520188331604
-2.2927165031433105
-0.043197330087423325
-0.1345093697309494
-3.6573426723480225
-1.3786571025848389
-1.0819882154464722
-2.5998997688293457
-0.7242763042449951
-1.6663259267807007
-4.434232711791992
-0.14118799567222595
-0.18098536133766174
-0.042660702019929886
-0.08192198723554611
-7.190363883972168
-0.7596142888069153
-0.5295366048812866
-1.9013499021530151
-5.30847692489624
-1.5505281686782837
-3.7965548038482666
-12.542040824890137
-5.859196662902832
-0.5060154795646667
-3.0490128993988037
-4.179628372192383
-0.7574109435081482
-4.790526866912842
-0.07689496129751205
-0.005156194791197777
-5.666883945465088
-0.0080039007589221
-1.9322106838226318
-3.0323779582977295
-1.3509620428085327
-2.198334217071533
-3.0475800037384033
-2.1166775226593018
-2.266968250274658
-0.7872989177703857
-2.3984711170196533
-2.3457083702087402
-3.006322145462036
-0.16519682109355927
-1.3551368713378906
-1.8953988552093506
-3.517455816268921
-0.46440476179122925
-0.34231796860694885
-0.4072008728981018
-0.06597665697336197
-1.7213728427886963
-0.08869512379169464
-3.103463649749756
-1.797250747680664
-0.6398319005966187
-1.7203681468963623
-0.20535871386528015
-3.8126659393310547
-0.984546422958374
-1.0171916484832764
-3.282973051071167
-1.3137586116790771
-2.167004346847534
-1.172376036643982
-2.0781450271606445
-2.300715208053589
-2.7853927612304688
-3.364315986633301
-2.1771914958953857
-2.9523158073425293
-3.514319896697998
-7.788742542266846
-4.390311241149902
-1.0267231464385986
-2.4380617141723633
-5.466416835784912
-3.683457612991333
-2.913114547729492
-2.101853847503662
-1.1336264610290527
-1.3101402521133423
-1.9555494785308838
-2.1295664310455322
-8.47632884979248
-0.8070938587188721
-0.09115276485681534
-0.19538626074790955
-2.57210111618042
-2.1791536808013916
-2.0949230194091797
-0.15769457817077637
-0.8649795055389404
-1.7587244510650635
-2.2559356689453125
-2.58803391456604
-1.841491460800171
-1.2167763710021973
-2.180553913116455
-0.28582698106765747
-3.1568150520324707
-5.370119094848633
-5.146653652191162
-0.025299500674009323
-0.09593888372182846
-3.363539934158325
-5.418120861053467
-5.002409934997559
-3.3743162155151367
-0.02807403728365898
-0.12343640625476837
-0.006656852085143328
-5.9802165031433105
-0.006076077930629253
-6.653799533843994
-3.8066487312316895
-2.6876842975616455
-3.4079172611236572
-0.2483016401529312
-0.012473192997276783
-2.0258920192718506
-6.7995805740356445
-1.9612741470336914
-3.7473297119140625
-1.2809070348739624
-2.907805919647217
-3.561952590942383
-3.9100565910339355
-2.297104597091675
-1.099122166633606
-0.06067993491888046
-3.455282688140869
-0.08020097017288208
-3.6263418197631836
-2.3801450729370117
-0.02086651138961315
-5.305293560028076
-0.5986267924308777
-0.4675944447517395
-4.735323429107666
-2.485288143157959
-0.8169338703155518
-0.42796677350997925
-0.032871466130018234
-0.9107971787452698
-2.09609055519104
-0.01970197632908821
-1.2130709886550903
-2.6801929473876953
-2.1614670753479004
-0.2962585985660553
-1.9061487913131714
-1.1687548160552979
-7.380960464477539
-1.5857588052749634
-9.751435279846191
-0.8723648190498352
-0.8328778743743896
-1.3637075424194336
-1.378999948501587
-3.4032399654388428
-1.1736209392547607
-0.22736331820487976
-1.6215054988861084
-2.693094491958618
-5.970674514770508
-4.320350646972656
-1.7337734699249268
-2.3071765899658203
-6.879788398742676
-5.202491283416748
-1.583984613418579
-0.17873233556747437
-0.0438370443880558
-3.0742719173431396
-3.4666953086853027
-2.399031639099121
-3.4159724712371826
-2.314741373062134
-6.294626712799072
-1.5509374141693115
-1.9244532585144043
-1.9150328636169434
-2.6372323036193848
-10.500061988830566
-6.774478912353516
-0.5293946266174316
-0.62166827917099
-12.836535453796387
-1.7138980627059937
-2.3837921619415283
-2.118478298187256
-3.160820484161377
-0.3415234386920929
-2.5220108032226562
-3.035156488418579
-4.99036979675293
-1.103819489479065
-1.944850206375122
-0.8723149299621582
-5.2087082862854
-6.970533847808838
-2.1659395694732666
-4.951955318450928
-0.6336869597434998
-2.517529249191284
-3.445369005203247
-2.6288297176361084
-2.640141725540161
-0.18904826045036316
-1.6671674251556396
-1.2599374055862427
-10.046957969665527
-5.753586292266846
-0.07504449784755707
-4.3967084884643555
-6.360310077667236
-2.490201711654663
-4.535982608795166
-4.246424198150635
-4.241970062255859
-3.956446647644043
-2.13020396232605
-1.9975320100784302
-4.234036445617676
-1.859241247177124
-2.414370059967041
-0.9882193803787231
-3.467480182647705
-2.465900182723999
-0.6148747801780701
-0.18942177295684814
-2.5525670051574707
-0.017880674451589584
-0.06673634797334671
-2.516810655593872
-7.902400016784668
-1.8543193340301514
-0.8804693222045898
-1.9919401407241821
-0.05902891606092453
-0.060734570026397705
-4.195378303527832
-1.4202600717544556
-0.06223738566040993
-1.20703125
-0.21565604209899902
-0.5809866189956665
-0.10630211234092712
-2.5667724609375
-0.11026094853878021
-0.6938571929931641
-0.2522318959236145
-2.324859619140625
-1.1516809463500977
-1.9242700338363647
-1.8156193494796753
-5.22152042388916
-3.5941002368927
-2.5664877891540527
-0.027187172323465347
-1.9841718673706055
-2.550868272781372
-2.016627550125122
-2.947214126586914
-0.5206074714660645
-2.4962191581726074
-0.7446683049201965
-0.09983715415000916
-2.611332654953003
-2.2018826007843018
-0.8106028437614441
-3.133528232574463
-0.6790280938148499
-3.8787622451782227
-2.3884713649749756
-2.2099270820617676
-1.4615105390548706
-0.12030085176229477
-1.4610446691513062
-4.1607465744018555
-1.8447383642196655
-0.4290701150894165
-3.4417643547058105
-3.058276414871216
-5.055155277252197
-3.7897558212280273
-4.758754730224609
-1.2247984409332275
-5.930629253387451
-2.761827230453491
-1.7602674961090088
-1.774742841720581
-2.4607393741607666
-1.0840575695037842
-1.4357560873031616
-3.0364019870758057
-3.050621271133423
-4.925069808959961
-2.0576605796813965
-2.609048843383789
-1.6296241283416748
-7.971458435058594
-0.060246895998716354
-0.03631508722901344
-2.4763951301574707
-0.3150489628314972
-1.6877553462982178
-0.5213412046432495
-1.4284971952438354
-0.6918169856071472
-2.828704833984375
-0.6050010919570923
-0.855744481086731
-4.241853713989258
-9.464552879333496
-2.2140657901763916
-2.3251850605010986
-0.6128203272819519
-0.5756963491439819
-3.54642391204834
-2.0758543014526367
-3.2924890518188477
-0.8647032976150513
-1.0073552131652832
-1.4433178901672363
-1.1545040607452393
-1.1566510200500488
-4.358164310455322
-0.028297485783696175
-0.01782095432281494
-0.21357722580432892
-0.9713395237922668
-2.912050724029541
-2.0327751636505127
-2.5329959392547607
-1.4382175207138062
-0.6004655957221985
-1.680751919746399
-0.04614221304655075
-0.8534931540489197
-0.12810952961444855
-2.5351157188415527
-2.263559579849243
-0.06922011822462082
-3.8960916996002197
-2.5842816829681396
-0.30790063738822937
-0.030190153047442436
-0.044498469680547714
-3.8401999473571777
-1.5017517805099487
-3.785409450531006
-6.2608232498168945
-3.90433931350708
-2.8169727325439453
-2.3045287132263184
-0.5833313465118408
-1.9407298564910889
-2.8527307510375977
-3.9762160778045654
-4.6028642654418945
-3.224566698074341
-6.803402423858643
-4.138442516326904
-3.4840359687805176
-1.9705780744552612
-0.27718138694763184
-1.6451163291931152
-3.9885504245758057
-1.6919513940811157
-1.848995327949524
-3.825752019882202
-0.3193536102771759
-3.087714195251465
-1.5727088451385498
-0.20710431039333344
-0.34709808230400085
-5.925173282623291
-7.6086907386779785
-3.3192942142486572
-1.8212507963180542
-2.3765673637390137
-1.1992011070251465
-3.2386679649353027
-1.2232977151870728
-3.1471993923187256
-2.268245220184326
-1.8039560317993164
-1.9763978719711304
-1.2564104795455933
-4.355469703674316
-0.951664924621582
-0.0521615706384182
-4.86204719543457
-3.047569990158081
-3.1104238033294678
-2.8380329608917236
-0.32059478759765625
-1.8056271076202393
-0.950528621673584
-0.02376965805888176
-2.0537991523742676
-4.672706604003906
-1.9079866409301758
-1.129467487335205
-3.757589817047119
-4.965749740600586
-1.0844533443450928
-0.17098616063594818
-1.453428030014038
-0.38825181126594543
-1.1510213613510132
-0.28102996945381165
-2.962050676345825
-0.05257799103856087
-1.0663117170333862
-2.707274913787842
-2.4470551013946533
-2.931250810623169
-4.824650764465332
-3.4257850646972656
-1.4554898738861084
-5.701732635498047
-3.0867326259613037
-0.0552726648747921
-0.015302163548767567
-0.03114069066941738
-0.011055524460971355
-3.65317440032959
-0.17994064092636108
-8.000360488891602
-1.4633522033691406
-4.382713317871094
-3.1571388244628906
-2.2019338607788086
-1.9476438760757446
-4.524329662322998
-1.0863715410232544
-5.786860942840576
-3.8959193229675293
-1.665918231010437
-3.1687912940979004
-3.9587347507476807
-2.9225008487701416
-1.4943054914474487
-0.03273049369454384
-2.208556890487671
-3.6499195098876953
-3.8667244911193848
-0.932257890701294
-0.13083979487419128
-3.4742660522460938
-5.10132360458374
-5.3709821701049805
-1.9207007884979248
-0.03868156671524048
-5.522171974182129
-1.7988526821136475
-3.4689412117004395
-7.790663242340088
-1.984793782234192
-1.0171884298324585
-6.475607395172119
-1.6972532272338867
-4.6214985847473145
-0.9568802714347839
-2.751795768737793
-10.726851463317871
-2.084782600402832
-2.5826144218444824
-2.525815486907959
-2.411940813064575
-7.7826080322265625
-0.903434157371521
-0.6439657807350159
-2.8100712299346924
