-4.9779503878817195
-8.992809207818937
-26.16679157593626
-29.39625136263203
-1.6428004058543593
-3.0743685364723206
-0.35368497110903263
-0.14159999483672436
-16.664971307502128
-10.966267016314305
-0.848641142481938
-6.662932207051199
-28.693334062118083
-8.22386287432164
-6.821792394155636
-0.3521371301249019
-0.06359438633080572
-1.9268245909843245
-14.321600030874833
-16.986750827876676
-11.543019898002967
-4.9779506429695175
-24.284738935506994
-42.403964364435524
-20.33417961699888
-1.9474674313623836
-0.40350386314094067
-0.9631141593769144
-3.888870432972908
-0.32165983505547047
-1.1838741755345836
-5.084733549505472
-1.3946991576813161
-0.7081560175865889
-12.181490785689675
-9.026146361575229
-8.010278649162501
-0.9521319000341464
-3.0392897431738675
-1.248571965843439
-36.04236364271583
-2.350151708815247
-25.912666307195877
-4.22423315839842
-16.387728603032883
-7.556851225555874
-1.3584418500540778
-5.105423837900162
-21.94546146659559
-25.606075517483987
-5.136534439167008
-10.204505886067636
-3.8399413512743195
-9.79574466610211
-27.050955624770722
-0.08473231258176384
-1.0210702295880765
-6.264432667112487
-0.6319076344370842
-5.963221258483827
-19.157365888357162
-0.4132630731910467
-5.678300142288208
-7.695827290677698
-5.20597625488881
-0.2962541416500244
-2.7628976446576416
-5.144942212849855
-1.9348881132900715
-2.055588351096958
-1.5048655548744136
-10.628375403524842
-3.0677724346751347
-11.819746953900903
-7.393124335503671
-5.126200734055601
-1.2046954234247096
-0.0249598347754727
-4.5071054846048355
-0.8124422216787934
-2.0932089015841484
-0.5850390247651376
-2.26501546963118
-10.855459593443811
-0.13719383347779512
-2.6385735994117567
-6.0277847475372255
-84.25384051140281
-15.759853602387011
-15.320751815714175
-10.296341823239345
-23.13576594501501
-21.197096240299288
-4.950088248268003
-9.998033117968589
-9.082416309975088
-0.6316430121660233
-13.942298023262993
-6.112785406410694
-10.951639155857265
-6.484905581455678
-2.610846548806876
-0.07938331179320812
-0.07970300446322653
-0.36920606245985255
-0.31064392859116197
-6.482983046909794
-1.3809821927716257
-0.472339981875848
-0.30061090970411897
-2.6202064693789
-18.47376807348337
-8.178321157349274
-2.2426842105342075
-8.827902786433697
-13.078882027417421
-0.10759379918454215
-0.19485717579664197
-0.12224957766011357
-0.25060250237584114
-0.231734411790967
-15.52186908715521
-2.53221807256341
-2.0820865780115128
-39.60392904561013
-48.361243307590485
-36.46471394598484
-41.8082629442215
-38.62623834609985
-13.377916276454926
-11.636928729712963
-4.03581958587165
-2.831590246869382
-16.30985087517911
-3.2959463000297546
-4.088103173418858
-2.207568356010597
-0.30711612524464726
-6.439606189727783
-11.189057047944516
-3.244230654090643
-7.369753360748291
-13.351251533316827
-6.616876840591431
-6.431216262280941
-6.616384472697973
-0.34761112928390503
-14.908791806208683
-3.083905592560768
-0.536116436123848
-7.862724112987053
-0.33650194853544235
-0.20855299197137356
-3.6294975131750107
-8.783971011580434
-0.6411014189943671
-4.505579728633165
-1.0037977010942996
-7.000180417773663
-4.736282229423523
-3.9372789094340988
-0.08601812645792961
-30.990936578105902
-0.0853313913103193
-0.23329008294967934
-0.11013397050555795
-0.1477148560807109
-2.3095985144900624
-1.8615594380535185
-0.03210920456331223
-25.77814683318138
-5.538306761533022
-0.026781635941006243
-0.7178139137104154
-0.20900928229093552
-11.415299892425537
-0.35933559015393257
-16.90163786499761
-17.937348118779482
-8.601091861724854
-4.477947808802128
-1.9044090490788221
-6.148689821362495
-1.7882460774853826
-11.451436217874289
-5.3706789636053145
-2.300998181090108
-30.410826161503792
-14.713706388691207
-0.31582281133159995
-9.191766764648492
-11.0452474814374
-1.7729192148835864
-37.26215089499601
-31.40267015027348
-80.84886662662029
-41.524409532547
-13.989573359489441
-0.7136268112808466
-4.082019733876223
-2.765883476473391
-1.0774539599660784
-0.07117869192734361
-0.07384320325218141
-0.04145896213594824
-0.17758645705180243
-0.3632887816638686
-3.090408281888813
-1.6773469522595406
-5.209258817427326
-2.3769787210039794
-5.461443732492626
-2.436003734357655
-4.501247133302968
-9.887068593932781
-0.877827126882039
-5.9570045648142695
-3.767094297800213
-0.7494820281863213
-1.2365847868204582
-6.82721383869648
-10.024493306758814
-6.769889365197741
-15.232011315858472
-3.602838974169572
-19.699867099523544
-6.843156099319458
-6.428583832050208
-22.92624523153063
-0.11234559951117262
-0.019710799504537135
-0.1561144390143454
-0.16462002001935616
-12.932020453910809
-1.3289997605606914
-1.0235585272312164
-6.047177471220493
-0.7217066073790193
-0.24264712817966938
-5.97105014231056
-4.07424801774323
-0.12558437645202503
-0.04923003833391704
-0.09816920763114467
-0.5408888394595124
-5.385245794430375
-48.36669236351736
-0.9678059751167893
-9.23984219133854
-6.435760384076275
-36.98619667254388
-7.510090273339301
-9.430248737335205
-11.92621142230928
-10.727805746719241
-1.1411317293532193
-1.3317967378534377
-0.6679142262000823
-7.005000473931432
-0.04534787544980645
-0.06088440681924112
-0.17777711024973541
-6.9540707329288125
-5.073510656598955
-3.2427314536762424
-3.257535532829934
-9.821513214556035
-3.2719894151668996
-17.781684182351455
-2.0000267028808594
-4.785047222627327
-1.7964106569124851
-12.164386477321386
-13.227578237652779
-19.42584270890802
-7.056953729945235
-10.810167781091877
-10.119520742446184
-4.886038774624467
-10.33487587212585
-0.7136263977736235
-11.218483435699454
-5.833517022663727
-4.290777585818432
-11.449142704048427
-5.37152086221613
-2.1062085250159726
-8.1905357837677
-0.1696775341697503
-5.876348554214928
-10.228536564856768
-3.615550503716804
-8.413027540933399
-4.402913806028664
-2.4146274933591485
-1.9684955551056191
-8.57193636894226
-5.05900016380474
-16.568456542911008
-0.9623858937993646
-3.956798196071759
-9.89116848539561
-4.724429878406227
-6.658420713501982
-11.47056181926746
-13.078941019892227
-6.897415942512453
-8.073621144299977
-0.835172992767184
-9.917269024877896
-5.980353897481109
-11.508245527635154
-0.3342354290361982
-0.05654190293790862
-0.02012550801737234
-0.04814026731764898
-0.017807494034059346
-4.719148116768338
-5.0731153530068696
-2.3272595410235226
-0.1412699669599533
-0.06253934276173823
-0.15061025694012642
-0.38103299448266625
-2.866654122422915
-3.8132677003741264
-0.091450160369277
-0.03444546175887808
-16.080125998472795
-0.19083081372082233
-3.0613047182559967
-0.2533584665507078
-13.405628218781203
-4.117785897105932
-2.7015541723230854
-3.7008872628211975
-13.146061120845843
-12.735181532189017
-3.5950300600379705
-0.17448360798880458
-6.011636079201708
-0.004622991091309814
-0.03466292592929676
-2.6261519251856953
-9.81545604893472
-6.239958388774539
-0.19037646730430424
-0.15359893668471614
-0.030197299434803426
-6.97520034853369
-0.03652483818586916
-0.4808006388193462
-2.152449607849121
-5.741847663215594
-0.0740008709083213
-0.019612270989455283
-7.113679170142859
-0.021223789372015744
-4.327782919237507
-10.31827130378224
-2.268570940941572
-0.07750407310959417
-0.11542651342460886
-0.09796495392220095
-0.2815891992286197
-3.1286208741366863
-2.165394183874014
-12.309550907593803
-27.116962729021907
-1.3139593889936805
-9.666094318032265
-0.08436066257286257
-0.019440459785982966
-6.5672401756746694
-0.038736411661375314
-4.182346004061401
-5.864812295301817
-3.9576066536828876
-7.026627691462636
-5.2467925497330725
-6.608498375862837
-4.276455892759259
-6.352773273247294
-0.22974689843977103
-0.5714506816584617
-4.634259317885153
-4.850225917180069
-21.309819969857926
-1.9134714650863316
-0.045900246463133954
-0.061267207871424034
-8.423124477965757
-5.0203324548201635
-2.9439575085416436
-0.01861372624989599
-4.322424843907356
-4.957777246105252
-12.921343494905159
-2.1753541445359588
-3.872080909088254
-15.337570250994759
-0.15761003352236003
-0.14387197146425024
-0.12960256639053114
-0.6449441780277994
-1.6319023370742798
-0.43763581635721494
-9.049398213624954
-1.3450475500430912
-2.7606248646698077
-5.648282346082851
-17.343790675746277
-0.4824859438678004
-0.026843922911211848
-0.085066703526536
-0.01050420239334926
-0.289074293570593
-0.19474973061005585
-0.17433097312459722
-4.2555249240249395
-44.81112302513429
-0.23179830517619848
-10.36020553005801
-1.7047639465890825
-15.550251591019332
-5.099741981131956
-3.117704646429047
-19.859063137555495
-2.5337593078729697
-0.20301962876692414
-7.875186723191291
-7.0268999765394256
-0.36507556642754935
-13.99299380062439
-1.8056713375262916
-4.766583118020208
-19.504504045195063
-7.663067776011303
-1.897741239197785
-10.619245291105472
-0.26689782747416757
-0.077994748018682
-0.07146500051021576
-0.50513273497927
-14.494502733461559
-0.6271216914756224
-2.770951773505658
-2.567096233902703
-0.5713033752981573
-0.8543526048306376
-2.6828387924470007
-1.6121467826887965
-1.1992341333534569
-3.449356055818498
-4.520314603578299
-4.512674272060394
-5.410727920647332
-5.101884391158819
-5.5771525332238525
-4.7688903752714396
-10.805235757434275
-7.945991077576764
-5.097747191786766
-6.714026689529419
-0.0826589826028794
-3.76097996160388
-4.529517647111788
-0.39174517476931214
-4.696373934857547
-5.089548816671595
-2.9862151253037155
-9.463370117358863
-5.735511683335062
-7.809965690918034
-2.5962647267151624
-16.64258619019529
-1.615924607263878
-1.004867023693805
-1.7206056958530098
-4.856267380760983
-2.1264506173320115
-1.7276678383350372
-3.0482880825875327
-3.1442299636546522
-3.2519159780349582
-2.8235141690820456
-0.07921590283513069
-0.15447009005583823
-2.8276032516441774
-16.64400293910876
-7.495383949717507
-16.84185439290013
-6.80158543435391
-1.7306764083914459
-4.25080151646398
-5.4187692933854805
-11.857650559191825
-0.13552964659174904
-4.912791222333908
-6.706837272970006
-5.040683966013603
-4.105799258715706
-0.15497717843391
-1.291273788549006
-0.16704823791224044
-0.033516333292936906
-0.0527769428153988
-0.03830909146927297
-8.422197323146975
-22.81481328344671
-13.893148797738831
-13.827052060776623
-0.09987172833643854
-0.04510797918192111
-0.041406434698728845
-0.04103464708896354
-0.08792289708071621
-14.47138609807007
-9.788036868383642
-37.13916659029201
-0.6607712549157441
-2.7613581597834127
-3.8422121526673436
-1.351114955265075
-0.10630902184493607
-0.02269023113694857
-4.154737720731646
-7.664636485278606
-3.904269076883793
-0.8233861648477614
-10.830260758986697
-3.519114341994282
-8.196106779854745
-3.0730468165129423
-2.255692536360584
-9.502747302991338
-20.5702507894639
-9.37025798810646
-5.083843732601963
-5.711428398266435
-0.12387286482226045
-0.3446419704705477
-0.0564519208855927
-0.06483906801440753
-4.389460681471974
-0.775685225147754
-2.394526579824742
-4.428196996450424
-2.4019453786313534
-3.1559494687244296
-10.542698472650954
-6.365246191562619
-3.9493735323194414
-0.5415065222186968
-3.7701665237545967
-16.617310392437503
-0.32613650464918464
-0.090993094840087
-8.323166049918655
-3.368801749777049
-3.3536581523258064
-2.7586701661348343
-4.849742153659463
-4.485015124533675
-6.642670714762062
-7.0612144861370325
-5.773668662674027
-2.9003587686056562
-4.207823362630734
-3.4020001981407404
-3.3097602552734315
-4.4579047113657
-0.5613716310836026
-5.562836988829076
-5.57451114471769
-16.654746462823823
-2.5010310616344213
-6.078629627590999
-9.884226536145434
-0.28640753868955926
-0.05437437983738391
-0.10586441296618432
-6.320921142701991
-0.007944656477775425
-15.067036420223303
-7.900378622551216
-1.9396418009418994
-6.56398718804121
-5.27464621876765
-0.03738544799853116
-0.11603698522958439
-0.017089634377441598
-0.010224564175587147
-6.950900726282271
-0.013240693282568827
-9.43102471390739
-0.597242734496831
-7.165794324442686
-12.965020584175363
-0.4160830621834748
-18.90985057287616
-18.354941489712097
-16.391683380585157
-24.779201636556508
-6.329421320202528
-5.721927894279361
-4.566888502100483
-0.4194404688892064
-0.24620668217539787
-3.8447383074089885
-3.874787769804243
-6.745795057966234
-2.355897242203355
-0.3137438893318176
-5.074305007234216
-3.2406899333000183
-0.5006903484463692
-0.03786286828108132
-1.3056289423257113
-0.1896424630394904
-0.12071047841163818
-2.8432722872239538
-3.910123032517731
-0.5614973975461908
-0.1119786985218525
-4.046640522778034
-2.9503714462043718
-4.049336679279804
-0.3448233772069216
-0.8832812753971666
-0.23116294899955392
-0.1280879120604368
-0.04024532900075428
-1.1809432762674987
-1.4123565070331097
-7.44304109364748
-10.205231072381139
-3.2406937011983246
-6.21470519923605
-5.686983963940293
-1.9982429797528312
-7.003480302169919
-2.2613614697474986
-6.46658278274117
-8.855724995955825
-4.873579917475581
-15.90151054578746
-2.747084140777588
-10.046361490618438
-6.444816984469071
-10.660481925471686
-1.3844634823035449
-0.23418393917381763
-3.488407805445604
-4.730626743512403
-8.514920733287
-2.7723131908569485
-1.3135227672755718
-0.2632204061374068
-3.5820236579456832
-1.822704603546299
-10.029251850792207
-4.520723160501802
-0.2309967700857669
-3.882356398011325
-2.3868199083954096
-14.814768195152283
-25.85810226398462
-23.832718316465616
-1.9684314727783203
-3.692886620759964
-0.9883595444262028
-2.356917353987228
-7.9329896895214915
-4.26508623547852
-9.390793506987393
-0.07432130724191666
-13.314559754391667
-7.4460979086579755
-4.857720321509987
-7.447987927123904
-1.240396146196872
-6.367915997077944
-5.807428538799286
-6.372056488879025
-0.913443354627816
-1.5018371939659119
-3.885330950626667
-20.529464580118656
-21.581275242671836
-0.46630049881059676
-10.66896420638659
-0.16940120491199195
-0.13410188409034163
-0.09724608226679265
-3.8812389851082116
-6.793838372163009
-1.7284267074428499
-2.3127692324924283
-0.9252418912947178
-3.8743258276954293
-0.28360324539244175
-4.365945220371941
-1.4940312232356519
-5.7426334506235435
-0.3578561924805399
-3.198194433257413
-3.550264962250367
-5.182643475243822
-0.1349726803600788
-0.23471328319283202
-0.17793101114511956
-7.50889840698801
-1.3529008459299803
-2.844196784310043
-6.991181530058384
-2.913951126858592
-3.5713150991359726
-0.021645285829436034
-0.07731404268426445
-0.1297337703872472
-0.03895033663138747
-0.010472253081388772
-0.18302207626402378
-5.557222485542297
-0.2743987590074539
-0.1509477524086833
-3.986770658288151
-0.3166219394770451
-0.6943444209173322
-0.5777232290420216
-10.949921135790646
-0.15002584760077298
-13.799372605979443
-4.703807414392941
-6.076867692165251
-2.8435866022482514
-4.6081966534256935
-6.6858131729240995
-0.8817275453766342
-5.107097656466067
-0.4982049632817507
-5.806594924302772
-1.9958360511809587
-2.6031128084287047
-3.2551005482673645
-2.8651354184839875
-4.085588172078133
-1.4348323855083436
-1.239111024653539
-0.1164206531830132
-0.7759816236793995
-0.023504825367126614
-4.036413225810975
-3.442955158650875
-0.7117694988846779
-0.967377717141062
-2.4767004479654133
-7.072305305977352
-0.32958505768328905
-26.054256000119494
-7.473370683612302
-14.3895424552029
-0.3474899006396299
-1.342347677797079
-0.6869878039433388
-0.2260735243180534
-3.2914092135615647
-9.257146030031436
-2.4633257591631263
-8.058005640283227
-3.556902937591076
-0.36472442862577736
-6.334530585445464
-15.814147213706747
-7.114131462702062
-4.744654065230861
-28.922863511601463
-2.1819466713350266
-4.1654402911663055
-4.4457378168881405
-6.1182790249586105
-0.08601779490709305
-21.561652653457713
-3.3438194962218404
-9.738366389618022
-14.745556698486325
-5.959088566713035
-6.478603706229478
-14.238811061019078
-3.931977152824402
-4.090312632382847
-5.709738902747631
-6.03650717905839
-1.3466288270428777
-10.344279933371581
-2.6606992101296782
-3.38253450578668
-1.0778371271444485
-6.030892348848283
-1.9416604097932577
-7.67671136953868
-2.388490541605279
-12.434297277126461
-4.43041467666626
-11.735490698367357
-0.21302525777718984
-3.3424350045388564
-0.2708293056348339
-10.941398053022567
-10.577410951256752
-5.4054484175285324
-7.62371291697491
-1.8905291019473225
-6.9043844770640135
-2.389078942593187
-8.009215310681611
-1.5002895824145526
-4.402269357262412
-7.662585016980302
-1.6502014950383455
-26.19244542790875
-0.28927961620502174
-0.1734866697806865
-3.5779035456944257
-0.4471661849456723
-3.6050430096220225
-1.1342150457203388
-1.9941802920075133
-3.060548773035407
-0.03864695527590811
-0.19588553346693516
-0.04568884952459484
-0.30543239881808404
-7.525059274106752
-1.0902391010895371
-2.8566946797072887
-4.922286748886108
-4.159752506995574
-7.206543903797865
-16.48612425243482
-3.5952980468482565
-8.794830818660557
-1.9220410408452153
-0.5410329572841874
-0.2314550274204521
-0.10561463839258067
-24.12286933301948
-0.12939069839194417
-20.30211497331038
-37.449189081191435
-3.716138159739785
-10.232610408216715
-5.033558975090273
-3.338827620842494
-9.056337461806834
-4.630682022048859
-13.084156164666638
-10.098748025426175
-24.345813477877527
-9.805358367739245
-5.943748835474253
-6.249558972864179
-5.539178040198749
-10.155150590464473
-7.595276925014332
-0.10828395374119282
-9.248022937215865
-15.399232684634626
-15.79670724272728
-31.147765934467316
-6.089924879022874
-6.279589740559459
-8.37433281086851
-14.38226998411119
-15.01896112319082
-7.597820922892424
-9.662569957850792
-1.9009986463934183
-6.910608951351605
-3.216710228492957
-19.111238125609816
-9.175667123368385
-4.859732270240784
-10.062429790385067
-9.846904127545258
-10.239515702007338
-5.912029853556305
-29.16136389505118
-4.9779506429695175
-5.759997799425037
-2.564678363967687
-4.329346830490977
-2.6971832662820816
-0.3857699572108686
-0.15958694638538873
-0.3199233387422282
-5.417104259395273
-5.86621893235133
-3.8975847377441823
-4.035752683703322
-0.0302056223154068
-9.392680215183645
-1.1357562580378726
-0.27208886854350567
-2.7821102351881564
-6.571799809218646
-24.089718240613365
-0.514798441901803
-0.11914719415653963
-0.13714057936522295
-4.265003252436145
-4.048197949305177
-5.00210181530565
-10.707641679851804
-6.518348064273596
-4.296794752473943
-1.7452578078955412
-2.836798888631165
-3.301174197345972
-3.3071706666505634
-4.92018361389637
-3.5128002538695
-6.998690186068416
-9.706829257309437
-3.3361018750001676
-5.8806433426216245
-2.2062127869576216
-19.294035881597665
-1.8805274395272136
-1.1444597928784788
-35.00271721149329
-3.2489343354827724
-9.726949132978916
-3.0309853833168745
-14.97309472534107
-6.511549144129276
-15.10080076669692
-0.8929010715219192
-3.6588986043352634
-0.8355436662677675
-7.293098248002934
-0.012338878164882772
-0.2598575065312616
-3.9378701597452164
-3.115078344941139
-6.610429887921782
-3.5108333467069315
-2.1970257684588432
-4.102118633156351
-2.305630177259445
-4.693922862265026
-3.7704182490706444
-5.085929358981957
-3.240567445755005
-0.04444991424679756
-0.14588834981259424
-0.039686847012490034
-0.05483035143697634
-0.14594187400871306
-0.20642790228885133
-2.2037365306168795
-0.04444575263187289
-22.416841640573693
-10.757717772619799
-8.445488393306732
-34.66538926563226
-0.2462062817066908
-9.353777773678303
-10.501361906608508
-9.32236816151999
-3.545570028014481
-4.465919066686183
-0.25208877900149673
-0.3508516470901668
-0.15820243139751256
-0.06543794884055387
-0.2050481628102716
-5.649614548019599
-7.711326519289287
-7.835768208373338
-16.578178708674386
-0.1234392523765564
-10.494645638354996
-0.04542195424437523
-14.252179445349611
-9.957183371006977
-5.323319897870533
-0.07502216100692749
-10.479012220423101
-21.862993376795202
-8.253476653248072
-1.6819729022681713
-17.498766720978892
-5.18482711724937
-2.1191717635374516
-0.13610673998482525
-0.07152623904403299
-0.055294368881732225
-0.922548945993185
-1.1356510735786287
-9.409077464602888
-18.974027623975417
-3.6049590799957514
-0.31815975555218756
-1.658191522641573
-12.053445347351953
-11.49702310282737
-16.680935420270544
-0.39050176553428173
-3.609171536460053
-2.7702362370673654
-1.0230216595809907
-5.970499380127876
-14.7444604546763
-4.861937046051025
-2.6156479776254855
-14.841715355403721
-0.8577366064018861
-2.913820106550702
-0.08479887247085571
-3.239786497550085
-0.1243113511154661
-6.575065561279189
-5.243236490045092
-0.5334626501426101
-6.83665348374052
-0.02475748024880886
-8.2762659129221
-3.9879996269010007
-2.041876735514961
-0.15822581842076033
-17.5392675093899
-6.926368969958276
-0.13615385780576617
-4.470830586127704
-0.29134612437337637
-6.041622878925409
-0.46920254215365276
-0.5873778449604288
-0.10025805921759456
-0.028222045104485005
-0.14831890544155613
-17.574802089140576
-3.154420945327729
-0.05982028097787406
-19.514479453791864
-1.9639293625950813
-5.115359918680042
-15.718284350819886
-13.760097770486027
-0.3829024825245142
-2.141168978298083
-2.451502695432282
-9.700280309654772
-4.505725860595703
-4.664463025517762
-3.087535798549652
-9.299175568856299
-0.18224778771400452
-5.132138401793782
-0.16216334700584412
-4.263664287456777
-5.44135133837699
-2.2675247713923454
-0.05369414047453347
-0.10109886387363076
-0.034004649496637285
-0.017561306012794375
-6.006692353636026
-1.5949630883987993
-12.730532145767938
-9.656437300145626
-1.6007454556820448
-0.251890290332085
-3.8887525682894193
-2.8901621686527506
-3.3193196919746697
-2.199330753646791
-0.22948852268746123
-6.830987137276679
-11.74178239190951
-14.587527484167367
-9.385506941471249
-0.9938272193758166
-4.189118400216103
-2.7173288740450516
-3.378483928005153
-7.457345602102578
-1.4244103223318234
-2.82793283016872
-6.984277452225797
-22.259584344690666
-0.5311520816758275
-23.139342749956995
-3.2605264067387907
-2.339547195471823
-0.07372155599296093
-0.684475913643837
-0.14456504303961992
-0.1234102426096797
-15.939649982377887
-1.5409251134260558
-13.528934050584212
-6.399329651147127
-8.829473346471786
-3.511321466838126
-7.310552358627319
-3.4926367660227697
-4.391479969955981
-8.377804279327393
-12.667104051855858
-4.355968578049215
-7.08018003590405
-0.24505593720823526
-2.663175289519131
-3.3587638242170215
-2.859879296272993
-6.862581835128367
-12.296823978424072
-0.2940458692610264
-2.7334497924894094
-0.23549460479989648
-5.541006939485669
-0.649633667897433
-2.9619412254542112
-3.1338491402420914
-27.314157982589677
-4.060758403385989
-0.3808550999019644
-1.0801675445400178
-2.6385355350503232
-7.959266510792077
-3.2714907992631197
-1.7733899559825659
-0.9207402305619325
-0.0651736669242382
-0.7450958059635013
-15.677830406028079
-26.28972988273017
-5.060604718833929
-0.15930419086362235
-19.79141723003704
-17.316848195019702
-2.2198933102190495
-10.238095455162693
-20.060492038726807
-19.68605939578265
-18.90793416833185
-21.936859746754635
-10.308208748698235
-20.213260635733604
-5.344276189804077
-6.727781064808369
-4.549422289645008
-4.735776085406542
-6.901992318824341
-9.629708677530289
-7.449980117380619
-3.008418828714639
-41.873973947880586
-10.369590929418337
-0.9650954990065657
-22.699453360401094
-19.985285353846848
-3.398155227303505
-0.2503578069154173
-0.5717052552718087
-12.043216130346991
-1.8100591599941254
-11.304177756246645
-15.068216018378735
-2.4258543057367206
-4.7735350504517555
-11.185868378786836
-1.7145992890000343
-2.508080082719971
-0.17616465839091688
-0.5002088927503792
-26.61746176891029
-3.91924382961588
-0.38298776966985315
-3.8241685600660276
-0.11392824781796662
-13.237380851634953
-6.438409942667931
-4.74714090298221
-12.359039808739908
-13.347459491884365
-0.9581712717190385
-0.07042663906759117
-8.047498036175966
-4.192109031835571
-3.0521666434651706
-6.462541689477803
-0.15516398067120463
-1.5982269009109586
-2.9213748186111843
-1.391379684675485
-5.480442700907588
-5.809458596340846
-2.1716172914020717
-6.01284783706069
-0.3345937067642808
-12.467213474214077
-15.196421564556658
-0.030114958295598626
-0.2312678446760401
-0.0699221333488822
-6.498331022477942
-11.710530397860566
-0.08976115398399998
-0.11610643953463295
-2.989602414541878
-5.477135185152292
-7.388649057713337
-28.499508283508476
-6.404097567312419
-6.0185638992115855
-0.18224748969078064
-5.232997595856432
-3.284211768768728
-7.893384172683
-3.299011068418622
-6.320780869573355
-0.1678301492065657
-0.22818384319543839
-0.6833436765882652
-3.6171536141446268
-12.29468887927942
-8.741977156023495
-25.38868017142522
-18.38755450490862
-3.874954925617203
-7.077766071073711
-6.207364164292812
-11.790210104780272
-8.31491384608671
-12.779945121146739
-4.360277670202777
-7.875183699303307
-4.440931005170569
-8.94790536921937
-0.7961137931561098
-0.5050906226388179
-0.1864023251691833
-6.653208760166308
-1.9171170129193342
-1.9530547857284546
-0.24620668217539787
-6.458338025142439
-7.882600253389683
-16.857850585714914
-2.4878288751933724
-2.229619361460209
-1.006272159749642
-12.374376697087428
-17.712042738479795
-0.14098426699638367
-6.298836188390851
-4.7269379532081075
-2.2896954270327115
-16.58290246379329
-12.036276178405387
-5.2572450984116585
-8.050723330583423
-7.656741226091981
-10.629040582338348
-13.450044130906463
-15.591237246990204
-5.607928762212396
-1.531097716651857
-5.14559870584344
-1.4657120606862009
-28.462803668226115
-6.439887268934399
-11.992908062180504
-4.454954338609241
-0.49505378399044275
-36.35392616898753
-0.45784086021012627
-0.4603652528603561
-10.16065121232532
-40.07033033994958
-8.198403590358794
-10.751266331411898
-7.333258548751473
-15.320972493296722
-14.047834376280662
-4.065739084035158
-4.7192198688862845
-5.259096068213694
-19.293322305427864
-3.5746544491121313
-13.64150857180357
-21.477065825543832
-5.174484619870782
-0.528647247061599
-1.344718700624071
-0.20238903793506324
-0.6848428696393967
-32.183771638308826
-50.550302403273236
-4.430766029516235
-23.183228571921063
-14.22352478854009
-12.334126561880112
-1.3538872671779245
-9.305992931127548
-10.093922719152033
-8.207298272871412
-3.6914086299948394
-6.743874220177531
-13.737117295793723
-9.487397381919436
-12.838284180150367
-11.17882473114878
-0.5664032567292452
-0.39552701031789184
-13.641125878988532
-20.709933134610765
-8.902881869114935
-7.965500665741274
-16.24702070846979
-11.770231112779584
-13.25998515545507
-6.288739133393392
-4.273208916652948
-0.6128652538172901
-11.704873046764988
-11.508631472475827
-8.541520357131958
-3.312519673781935
-5.245150970644318
-0.4656767943597515
-10.153777203770005
-2.836021250113845
-7.539963712450117
-5.432036032900214
-1.20348966360325
-0.07759281620383263
-0.15247651681420393
-0.19804828106134664
-0.05250375519426598
-0.02191289933398366
-6.315277873945888
-0.01520270764012821
-0.019164479410839874
-0.013517950777895749
-6.676467938639689
-0.013408459606580436
-7.472653839067789
-0.012815611701824992
-0.012496799638029188
-0.03033264748955844
-0.030200100904039573
-2.9725780761800706
-3.9089970232453197
-0.039206381887197495
-14.114319756627083
-8.402510020474438
-8.949066013286938
-4.232731610245537
-2.4587472868151963
-2.9983846051618457
-0.9514439024496824
-1.9070200533315074
-7.120231932029128
-0.7895588038954884
-8.882707111537457
-2.6677637642715126
-1.7128797062323429
-6.724213674897328
-8.1598676526919
-2.9702959614805877
-2.564210941141937
-9.614081226172857
-16.910352775386855
-8.53620719909668
-4.883532782638213
-2.237742494791746
-1.8775042830966413
-1.652058812091127
-2.4131862241774797
-7.1592530980706215
-12.74401909019798
-15.652206990751438
-25.87301348010078
-16.403810903051635
-7.884633063687943
-7.418790371433715
-24.592617413960397
-4.127866776660085
-0.0819138882397965
-0.37719629099592566
-1.4029788821935654
-5.26812258278369
-3.473536687786691
-0.6898694736883044
-10.082944601476811
-10.82372690201737
-55.89842153387144
-42.123853508383036
-17.118244444252923
-10.99822980328463
-2.930046177469194
-2.431616097688675
-9.632005214691162
-2.2050238188821822
-0.09572852589190006
-8.043812542047817
-0.3099071656063046
-9.551994220353663
-8.18563827779144
-7.221437960281037
-0.9887005455675535
-1.200777473160997
-5.971944696968421
-1.2171573433079175
-8.195656873926055
-3.481030424358323
-3.0288949459791183
-0.2268869010731578
-5.154886402189732
-4.787663482129574
-0.9250207948498428
-9.514519898220897
-0.2846079559531063
-2.836618907749653
-12.024225458852015
-1.4569725561887026
-1.5787131923716515
-8.66901483759284
-8.66789698600769
-2.3508169054985046
-4.241218926152214
-5.489954151213169
-0.2462062817066908
-5.730845029698685
-20.40852304920554
-29.879004273185274
-0.34717977308901027
-0.566875423071906
-8.073788181878626
-21.795217791106552
-0.44574519991874695
-2.505547300213948
-2.0245661272201687
-3.641577246133238
-8.352541279338766
-9.758072549913777
-8.649515867233276
-4.8733873213641346
-2.852537043625489
-2.480061177164316
-10.217877186267287
-1.3560603559017181
-11.029478216165444
-10.06402476457879
-16.237737065181136
-5.584639983717352
-1.577406936645275
-0.1257739717257209
-0.08446533544338308
-0.2714485779579263
-10.627603531815112
-5.2487595897323445
-7.616236125526484
-0.8320297597674653
-9.541752806384466
-1.7079986985772848
-10.87008524427074
-7.403921984136105
-3.2932056330828345
-2.0234660408459604
-2.216060422360897
-0.12795584509149194
-6.668527916073799
-8.329687043034937
-2.605986354246852
-0.10240407355013303
-0.04141751059796661
-0.09705131070222706
-0.06926926510641351
-2.650979073951021
-15.893837791867554
-3.0589052620343864
-5.110815793741494
-0.06325026906586118
-0.0219498552614823
-6.744610116467811
-0.013431133003905416
-7.451772021362558
-16.78317833133042
-2.4444626749609597
-4.668345960119041
-14.845372377683816
-1.926595168595668
-6.080303577706218
-0.27227652119472623
-0.21075320977251977
-0.23412310797721148
-0.13727846997790039
-0.23596290407294873
-0.06206789047746497
-0.02040729857981205
-5.874230949440971
-0.008874995837686583
-0.10365527637208061
-0.010183952283114195
-6.266306411707774
-0.023285010713152587
-26.783106200862676
-12.302500679710647
-1.382192361052148
-5.099759536438796
-13.895641532031732
-0.3606847038026899
-2.1880746198585257
-0.4582838984206319
-8.080250862520188
-6.046453537535854
-1.1576166353188455
-0.12439481844194233
-0.09637845889665186
-0.0680422731093131
-0.10976430887239985
-1.3579945429228246
-2.379663772881031
-3.8340105805546045
-0.11266359225010092
-14.566332587972283
-5.192117617465556
-3.0156578484748024
-4.532537539314944
-2.31587869321811
-4.405256166588515
-10.624135342426598
-0.12511514632296894
-0.040943457395769656
-6.726952233118936
-0.011483317764941603
-21.595058298611548
-0.11735216132365167
-0.10213779436890036
-0.09149178248480894
-0.07273963889747392
-0.22167689588968642
-3.0568700544536114
-6.3630676690954715
-29.66652374016121
-8.028079127288947
-10.003556982610007
-0.05927896127104759
-2.0291749534080736
-3.333450712263584
-0.03783421764899231
-0.009620592085411772
-6.926878989150282
-0.015614518255461007
-0.0333774238024418
-0.013220037624705583
-6.685203829954844
-0.015622047081706114
-0.03327269933492971
-0.01070964295649901
-6.579928564606234
-0.018405020629870705
-24.698027402191656
-3.3549177050590515
-1.51901501044631
-9.934855147264898
-16.47846999700414
-21.2396407276392
-2.3736383060459048
-20.695847486174898
-0.04361697298617173
-0.011105094745289534
-7.299783676629886
-0.014701603562571108
-5.872088581323624
-0.16130674723535776
-8.200578788295388
-8.2302019901108
-9.232009410858154
-4.244173288345337
-13.827323927602265
-3.655720219016075
-10.540661070495844
-6.511350805871189
-2.353117181919515
-0.9571117369923741
-0.49838919338799315
-6.868404645530973
-17.04001737710496
-4.4151855800482736
-0.14243906503543258
-3.1489017633721232
-5.242265795764979
-14.956426893360913
-8.854237861000001
-12.040416823278065
-17.39223918924108
-29.238763257628307
-7.050617002416402
-2.778615042101592
-6.580554697546177
-2.3824610877782106
-4.605357024847763
-0.7196056367829442
-0.6520627925347071
-5.218530217418447
-14.036686412990093
-1.1596889942884445
-0.370861055329442
-0.2462062817066908
-4.697042386513203
-3.6733061719569378
-16.2271375611017
-7.837589325848967
-5.636471144520328
-0.21958904794882983
-0.04839903688116465
-39.282773179686046
-0.0742386874044314
-14.068769870325923
-9.730832583969459
-1.1603643149137497
-7.470889376010746
-2.8260016007116064
-10.54711816739291
-15.741766405524686
-0.9169102907180786
-4.197724910918623
-4.60573301371187
-5.772448122501373
-1.8899276265874505
-0.2995345135386742
-3.8129871722776443
-12.076378920464776
-13.069660577282775
-14.138226944727649
-3.331417944507848
-3.372697875602171
-11.607784226507647
-0.11673086810333189
-8.791002308687894
-4.78731697704643
-2.113058787130285
-9.09240536755533
-4.2865174780308735
-0.580575225118082
-3.6626589747611433
-13.507985889888005
-9.72154017327557
-2.9174581698607653
-18.556969954661326
-6.3906122534535825
-3.957206599996425
-15.047550862189382
-1.1232519005425274
-0.05155157515170572
-5.537975609302521
-9.710933831636794
-0.2267372813075781
-0.27087181340903044
-0.16005918849259615
-0.12498001474887133
-11.304693075318937
-12.731669761240482
-6.172848008573055
-4.831659684248734
-0.17403975850902498
-16.399261812563054
-1.3750293999449923
-0.025077445432543755
-7.041314265981782
-0.010325974551960826
-1.406067471098254
-0.01951594912679866
-6.664445981616154
-0.015460382346645929
-2.3290088957994612
-0.020408352254889905
-6.376460124272853
-0.014517791802063584
-1.6858609852897573
-0.021323044667951763
-7.167007630108856
-0.018140954722184688
-2.6997575536370277
-11.575844688806683
-3.289669379591942
-6.680571356584551
-0.44859807658940554
-11.239791557192802
-1.1150411553680897
-4.539843794889748
-3.8552330484380946
-12.712649991735816
-4.487820805981755
-3.9984442229761044
-6.846283792110626
-5.308254912495613
-2.8568666577339172
-7.093748483341187
-23.57249821611913
-23.21175030549057
-3.6901943986304104
-4.035807503387332
-11.1815927879652
-4.659515543607995
-0.5617874460294843
-0.32351669459603727
-0.18032467615557835
-0.1812303672049893
-0.3069767118431628
-0.07012219710304635
-4.969531303504482
-4.17274724158051
-7.009741365065565
-7.958312351023778
-8.278476933452112
-3.216491529427003
-13.215529264998622
-5.158447305788286
-2.0875221118330956
-0.9210276901721954
-8.984787625668105
-5.390041195787489
-0.04266561978147365
-0.1633784007281065
-4.093858712469228
-6.622213595896028
-6.16308251908049
-1.477248559705913
-6.580881595611572
-0.01690622279420495
-2.1179563681362197
-22.407955060887616
-0.3753878299612552
-0.2850337792187929
-0.4452137387597759
-0.06738556636264548
-6.356309760129079
-0.00857509090565145
-1.4498161137744319
-9.278881671474664
-8.09523156259911
-8.167577726009768
-8.68494836636819
-4.232081070789718
-6.150785245001316
-2.957503269040785
-4.544554967433214
-1.6900776658585528
-8.451648273970932
-4.33617855515331
-0.27676925575360656
-0.09234993772588496
-4.475008798763156
-13.582997415214777
-9.385947823524475
-9.564131885766983
-1.0487686771621156
-0.028967145481146872
-6.522397998836823
-0.02136492170393467
-7.663846427225508
-2.805605436791666
-3.0363272074609995
-6.112842154194368
-3.74230030272156
-0.6299077770672739
-0.5880836113356054
-3.6521446692058817
-2.609662733921141
-3.218170944484882
-12.120779687073082
-3.374018099188106
-2.33576353918761
-11.440939573487412
-1.6186931401025504
-2.5560891525819898
-9.301960771961603
-3.6539867580868304
-3.9435811356524937
-6.722459336742759
-0.3733699843287468
-8.112187818303937
-2.076781914496678
-1.1624494634743314
-6.403747159987688
-7.022654123604298
-6.9813068839498555
-4.262788894353434
-4.162202192470431
-3.3905783123336732
-4.25775046297349
-5.956480591943546
-10.736275783041492
-12.355643129645614
-5.869336109608412
-2.5222810627892613
-12.201923958557018
-5.378288406674983
-4.389648633543402
-3.8297982960939407
-3.4783927196403965
-17.92656570422696
-6.146705321967602
-1.537291968241334
-3.928356811404228
-0.08601801469922066
-4.645563210826367
-4.381222429452464
-5.971308256965131
-3.625159606366651
-0.12741872435435653
-0.2947194829757791
-0.104095175745897
-0.2930097844218835
-0.033964732894673944
-1.1319435455370694
-2.567869709804654
-2.806678640190512
-0.5000928865047172
-0.2980798273929395
-5.358904406428337
-0.08692999114282429
-0.14833597203687532
-2.4812190528027713
-6.121012422721833
-2.8253481916035526
-12.39165521360701
-1.1050000010291114
-4.250290944743028
-4.1901282742619514
-2.9055604381355806
-7.38001833618182
-2.7921754549752222
-7.448862896533683
-1.6105246962979436
-4.812157934477
-5.963789253235518
-16.214507383672753
-2.085766276704817
-0.020240917103365064
-6.504638801445253
-0.027860059926752
-7.439162406139076
-5.779914332553744
-17.18616063008085
-1.35401131580511
-10.548430621623993
-19.584809052910714
-1.0181269319728017
-0.13407768914476037
-0.10725403617834672
-0.10349268154823221
-0.07107813971742871
-5.898686941713095
-0.04039403118076734
-0.6635956421960145
-1.1147454055026174
-10.028877909877338
-1.6213595047593117
-17.23645983247843
-0.4694733596406877
-11.790195021676482
-8.31808820180595
-0.495306390686892
-8.537846500985324
-6.671462685539154
-15.090410558928852
-0.2542837876826525
-5.624947023796267
-0.3098645871505141
-2.140174842090346
-0.0754135776073781
-0.0799896051757969
-0.03376866679172963
-0.007299950113520026
-0.16219880804419518
-3.43671698505932
-3.2517594035889488
-4.044981916100369
-19.139199475757778
-0.5709200382698327
-1.6524568580789492
-4.97414990834659
-0.029230528049481563
-0.012250559433596209
-0.0203084375243634
-0.012947930445079692
-0.8899526148452424
-1.1775682882289402
-3.342358373593015
-0.3838818147778511
-2.3196114422753453
-3.0199298365041614
-1.8489613616147835
-0.16638238728046417
-0.31495326384902
-12.731445984507445
-29.305948986540898
-2.3932426488026977
-3.3957331038545817
-9.161930991336703
-3.6834832715831
-0.3954295767471194
-0.6727713965810835
-0.20478901898604818
-0.10889674379723147
-0.3670397241949104
-4.733882672153413
-2.945420583244413
-1.2481662421487272
-3.129887445626082
-3.848945774137974
-0.6096945158205926
-4.334338263375685
-0.2462062444537878
-16.336369159747846
-6.120135130229755
-5.738238739664666
-13.161320806480944
-0.11203155253315344
-0.23078183108009398
-1.1443377658724785
-0.3365580439567566
-2.7359637033659965
-0.11682530515827239
-0.12660878815222532
-19.28467893600464
-22.12307872972451
-0.28469263296574354
-13.578889456461184
-12.70750098885037
-12.12964036501944
-24.005982507020235
-3.873339891433716
-30.127151671797037
-5.949380504702276
-1.9814831082476303
-2.683161297984043
-3.031321709007898
-2.109947420656681
-2.1818262934684753
-3.294530065264553
-0.6576891329605132
-0.31495305709540844
-3.2367294058203697
-5.998754536034539
-2.6372684185625985
-0.3743533790111542
-0.10715563455596566
-1.0555866201757453
-0.05158256005961448
-0.2483995471848175
-0.03826000541448593
-0.1357531709363684
-4.94739515047695
-6.046402797102928
-0.3070171121507883
-3.745027652941644
-7.60556663479656
-3.1387568927311804
-0.11707356572151184
-0.11714175238739699
-5.580081697517016
-0.07751380879199132
-0.07679893906606594
-0.050594452768564224
-0.10715957963839173
-3.6597593038932246
-6.400504284072667
-0.7136268112808466
-3.7496264130968484
-14.066697889997158
-0.12600710452534258
-1.9169826982542872
-0.09382904507219791
-0.14025682082865387
-0.09976411526440643
-0.08453456591814756
-2.129671669797972
-9.897012177854776
-2.5343543398194015
-3.317454918054864
-11.62482295067457
-3.0463472632691264
-2.3752614855766296
-0.9177761971950531
-1.7960821019951254
-19.76666540885344
-0.9350676097674295
-0.5235476144589484
-0.5137703719665296
-0.12834136464516632
-0.23295173863880336
-11.432996066752821
-2.1497334856539965
-14.803774769417942
-8.359692932572216
-6.3139543402940035
-1.2915957011282444
-2.0294695273041725
-6.790374130476266
-9.795477591454983
-4.101300212554634
-7.342883598932531
-6.247138619422913
-5.706097019836307
-6.099200348369777
-7.394355643540621
-5.7974114660173655
-11.808428911783267
-0.08756637875922024
-0.5323432506411336
-0.10594676405889913
-1.9413933157920837
-6.810566305415705
-3.092927338788286
-3.263557717204094
-0.20957181369885802
-0.07677648491517175
-2.7739110589027405
-2.783929680939764
-7.268688829964958
-14.332018924760632
-0.04985170847794507
-0.26055349403759465
-1.48918876425887
-0.40940503650926985
-3.0297057051211596
-1.2134760569315404
-1.8769916594028473
-5.337764329102356
-7.680998123716563
-0.10295677930116653
-0.9063938299004803
-0.8991063209250569
-3.5866906940937042
-4.437676024623215
-0.0813964824192226
-0.08208692399784923
-0.0478131159034092
-0.0951729235239327
-4.679786028340459
-13.541318108327687
-4.454109222628176
-4.850400956347585
-6.86166387796402
-4.007677972316742
-3.5856765434145927
-3.147399313747883
-0.4929210226073337
-8.07848141300201
-3.1075071323866723
-3.216949701309204
-0.05026748952514026
-0.26544163934886456
-34.796743887302
-66.10535624623299
-32.79945911467075
-11.91280639951583
-0.24620629474520683
-12.888829236715537
-0.39653692819410935
-0.6005762509303167
-5.197702754288912
-5.518566910335267
-0.37800296931163757
-3.853607727578492
-1.7090388014912605
-1.9043341889046133
-1.3797785330098122
-4.200104623829247
-3.9413733673281968
-5.488649728009477
-2.970570385456085
-7.075722292473074
-1.9996818900108337
-4.733138301759027
-13.8212841139175
-8.134540360420942
-1.254718883195892
-3.205112040042877
-1.931555005023256
-5.384030702873133
-8.153540544211864
-4.153814154677093
-7.572155956411734
-0.14379174448549747
-6.160651765196235
-1.5627786195836961
-0.1701968472916633
-1.5570020217564888
-0.3296814695931971
-0.06863566933316179
-0.4065120769664645
-3.482276579738027
-4.530303671956062
-0.08175993601344089
-0.01824826787924394
-0.03672582551371306
-0.01886644755722955
-5.520810027315747
-5.093381903134286
-4.7336655868566595
-3.426037459052168
-0.8247418843093328
-9.351496754556138
-0.3637083448120393
-1.0647282173740678
-11.181416416104184
-0.11366435716627166
-0.26302113104611635
-5.943562784115784
-10.055027611437254
-7.49008678086102
-2.4756095446646214
-0.12860899267252535
-0.5190065046772361
-7.222147626569495
-0.24620655365288258
-1.6079550817376003
-17.647601306118304
-1.6163958311080933
-0.3007018668577075
-4.421101234853268
-0.053911978960968554
-0.04576649148657452
-0.13847032195917564
-3.0584753325674683
-2.0242449317593127
-12.521881999447942
-1.2842495868098922
-0.7888777868356556
-1.3716977558797225
-3.713545936567243
-0.548792777583003
-2.6631810376420617
-4.694654483348131
-8.60776449739933
-3.8750801626592875
-4.345690519839991
-12.08397537721612
-0.1075868521090797
-0.03606163137010299
-0.06121087720384821
-0.010711970448028296
-6.046229480998591
-0.4190399995422922
-0.3078364503744524
-0.5828383189073065
-0.06178401815225243
-0.01928642950952053
-0.04572852546698414
-0.03891181692597456
-2.7435193746350706
-8.043791951611638
-5.848215056816116
-4.403416845249012
-4.623853356693871
-0.8368537817150354
-1.174906538799405
-7.397219338454306
-6.88656393205747
-24.601107529713772
-34.021751165390015
-15.099634662270546
-16.037608248880133
-7.691136126675701
-2.155229331619921
-25.43764055101201
-0.1511432584375143
-0.12785611449362477
-0.5614974534546491
-1.820408031810075
-0.43921251967549324
-6.819121562449254
-4.94010998099111
-3.4470277125947177
-3.4038474711123854
-0.08011456858366728
-0.14467066495853942
-0.11340738565195352
-0.8731860001571476
-4.388601763173938
-5.246647204330657
-3.3364777015522122
-0.2599139357917011
-9.01912830490619
-1.4038373196817702
-3.3215652108192444
-0.31594496965408325
-0.35492565942695364
-0.07865852059330791
-0.28139327361714095
-7.92254982572922
-12.739159594057128
-7.297344297170639
-15.241829973238055
-4.124947860254906
-3.4717094620282296
-8.527689594659023
-5.847691753238905
-1.424833600409329
-13.064886687789112
-0.0662231519818306
-4.567030962556601
-17.90297092575929
-0.13101380690932274
-0.07790210234816186
-0.13412780148064485
-12.351679265499115
-5.496344323757512
-5.370200022240169
-0.713626753538847
-4.146700887940824
-8.877120229502907
-5.320395585149527
-4.0945595492376015
-6.312318587326445
-0.058489151764661074
-0.089679636672372
-0.05726255668560043
-1.9637857489287853
-7.608533910708502
-5.0473580453544855
-2.16566807590425
-1.5696750411298126
-0.2219395195133984
-7.771619334816933
-0.06539828213863075
-3.7649525897577405
-3.8286535506194923
-2.5358661480713636
-8.04874334204942
-3.1375534515827894
-1.9230547680344898
-19.47942959459033
-4.975152781320503
-6.894780873961281
-4.203682117571589
-4.92596245277673
-7.576580070191994
-5.5935256506782025
-9.927335350424983
-2.4010635990052833
-5.1794673800468445
-1.4961646739393473
-0.6237124123435933
-0.5160374034603592
-2.00058058463037
-22.447592538441313
-14.836648350115865
-13.2127650732873
-1.3609225217078347
-10.37906310451217
-3.8886977337861026
-27.11685718971421
-4.289951425555046
-1.2630431664001662
-1.377218434587121
-0.4314637843053788
-0.11111977882683277
-0.19682408219068748
-0.0710126778576523
-0.06090446515008807
-1.705485187470913
-9.624185890541412
-9.39607578178402
-6.726862375158817
-0.9072219440713525
-2.481942173326388
-6.57143935415661
-6.1023539854213595
-9.456125148164574
-2.8695482692710357
-9.440451931979624
-10.359416127210352
-13.880585788632743
-0.1745292634004727
-0.045575799187645316
-0.04029919998720288
-7.5114232413470745
-3.940006182878278
-6.816926485626027
-16.535691838827915
-7.8242379035800695
-1.554150404408574
-2.306885434547439
-1.3159972291905433
-3.146868891626582
-0.07541392109942535
-0.07998948590829968
-0.038689132081344724
-0.006937865517102182
-5.327720146626234
-1.748254714475479
-1.2364987836917862
-1.4582643900066614
-1.7576953144744039
-6.957236864138395
-16.83042261004448
-0.11932770325802267
-3.270847514271736
-3.7339296290883794
-7.956364946672693
-3.1578949170652777
-0.1622898916248232
-9.078882560133934
-7.67440302670002
-0.05085085026507841
-0.014037932211067528
-0.032575243545579724
-0.02085597343102563
-1.4220505207777023
-6.51827372610569
-12.854504408780485
-2.2661538820539135
-10.56390961073339
-0.10218260111287236
-1.3767362609505653
-0.1026401519193314
-4.685433887410909
-5.5292845740914345
-7.8927846141159534
-3.4322507350880187
-3.967978000640869
-1.6435710936784744
-2.6068884993437678
-2.8878474589437246
-1.261303620878607
-5.530395002104342
-2.825130339624593
-4.495535483583808
-7.907531479373574
-4.805239200592041
-0.961786171537824
-4.727526996750385
-12.42913447599858
-5.413274759019259
-7.799999475479126
-1.2116367928683758
-4.40469674160704
-5.566327887936495
-0.9153364012308884
-8.56964038375736
-9.614370049443096
-2.3210509717464447
-0.1499758296413347
-4.219788557027641
-5.804979472449297
-0.2290971279144287
-1.7991653058743395
-2.8770281580800656
-0.5620293067768216
-0.17061263043433428
-0.05225744628114626
-0.14283475349657238
-0.18074760233866982
-0.34949380878242664
-3.212365816347301
-0.7450738951738458
-8.289811968803406
-1.0548291350714862
-2.385405191220343
-2.9752408791391645
-0.6884573549032211
-15.229989061132073
-2.299613611143286
-10.602865664943238
-0.748395461763721
-10.160546071958379
-0.4539085258729756
-4.190075159072876
-3.9423957554390654
-2.4892260199412704
-0.07962395995855331
-0.1341933107469231
-7.1304420763626695
-5.891684887028532
-0.3901309953071177
-6.747400848893449
-11.588789036177332
-15.184902740325924
-1.308168841060251
-7.651992725557648
-3.5162618376052706
-1.5453545057098381
-4.71618914604187
-5.661425648024306
-5.089813582599163
-6.266856853035279
-9.321525251725689
-0.7238057733047754
-4.7613968858495355
-3.3319795587594854
-7.766083324328065
-7.201052865973907
-6.244068448897451
-3.1829356951639056
-0.09115016961004585
-21.08350988361053
-6.081377787864767
-1.3465183736334438
-0.04389103874564171
-8.895979646185879
-12.443149371887557
-5.2009921334683895
-8.58586039810325
-0.8381043346598744
-4.964675101917237
-0.10336372908204794
-3.8997675957507454
-1.9661748808575794
-8.674134513363242
-0.17064289352856576
-24.239833241561428
-4.2762481570243835
-2.1652111625298858
-0.07541392109942535
-0.07998948590829968
-0.038689132081344724
-0.006937865517102182
-0.05705637407299946
-0.022443642956204712
-0.023682139202719554
-0.01727056730305776
-0.39894106797873974
-1.0935901210978045
-6.183419022601811
-0.06389448564732447
-0.04475056502269581
-6.896046001302238
-6.442987123562489
-7.026021603785921
-0.030672171043988783
-8.965500506026729
-0.8778670113533735
-4.360347422247287
-14.303357023716671
-2.8542776480317116
-4.643295237296115
-5.331771110824775
-0.24620629474520683
-0.9792179617288639
-8.200153657526243
-11.716441400232725
-0.3911581323482096
-1.9064409732818604
-0.7586964629590511
-1.7741316482424736
-0.9648289987817407
-10.30820323957596
-9.646017092418333
-2.167652178555727
-1.6062464327551425
-0.4915670766495168
-7.835022126499098
-0.10565949237206951
-1.5897402361151762
-5.982127102644881
-3.6416459446772933
-8.742850018665195
-0.6204907335340977
-1.4954575301380828
-4.125964656472206
-4.654906013980508
-14.133664813358337
-9.16064101952361
-3.7712034231517464
-0.35834018466994166
-0.2298296349326847
-0.10761619298136793
-0.4175540643045679
-4.859895208850503
-8.683507281260972
-5.2346665081113315
-0.5606691631255671
-0.10509066675967915
-8.377181013580412
-4.433726705610752
-2.8071328638034174
-4.756600391592656
-7.514560652896762
-1.8886665530590108
-0.2185799591097748
-7.94161616358906
-1.478746255103033
-0.2478988110087812
-0.13984974892809987
-0.13972863645176403
-0.2298066720541101
-2.340422747807679
-3.8520777868345704
-1.5288266015122645
-5.327828835317632
-7.504817898356123
-7.476147554349154
-5.810983465169556
-1.6829010129440576
-4.833574295043945
-1.182174934023351
-6.069585183169693
-0.4980561041738838
-9.358736654743552
-5.611862078309059
-0.2003256969001086
-0.3928749826736748
-0.9483703799778596
-0.1453322172164917
-0.24620663188397884
-3.857356134802103
-9.256656646728516
-0.268333820393309
-0.21810871694469824
-0.11216630370472558
-0.09458588794223033
-0.0618823534459807
-1.9172607362270355
-9.334042429924011
-5.752095138340337
-2.9437489093397744
-8.739380116923712
-10.331212997436523
-1.5001793802402972
-1.7778062587603927
-5.15221075838781
-0.21547201555222273
-0.11694815394002944
-0.07294191836263053
-0.05772346298908815
-8.391733421944082
-11.04761562335625
-0.0545289721339941
-7.3606400587596
-7.858362802769989
-7.826300566550344
-0.051660492084920406
-6.069132609758526
-0.2515423744916916
-8.393534779548645
-3.492238562525017
-3.1828632547385496
-0.49292049370342284
-2.780494467820972
-7.260847540659597
-1.6199954670009902
-8.980877745780163
-19.563078346764087
-1.1895455063786358
-2.6068154349923134
-2.5435901531236595
-0.4508950053714216
-5.011058494448662
-0.29978475603275
-0.18780309101566672
-0.5768358005443588
-0.2578705736377742
-0.4492522267246386
-1.4477091170847416
-4.791451271157712
-2.954014747403562
-0.0761626688472461
-6.1931217983947136
-6.339304189954419
-1.6706920438446105
-3.362209488789631
-4.467904485762119
-10.905756588917939
-2.1046619415283203
-0.26089355163276196
-3.22694830596447
-11.348896583815076
-1.527843952178955
-1.6105298253241926
-12.75312895141542
-2.216513845254667
-2.487027808693256
-0.3402406855020672
-3.066690344363451
-0.042928823502734303
-2.5257584718056023
-12.47883283207193
-11.8316433254804
-4.800809163600206
-15.223532908923517
-6.143590630032122
-3.042658590944484
-4.835202413160005
-2.265900027239695
-24.86793793681136
-7.8228114871817525
-7.491706035914831
-2.348814376440714
-3.021782950963825
-0.24620668217539787
-5.462891191653398
-12.27716010531367
-14.710671163033112
-12.211746620945632
-10.335664193713455
-4.609650879865512
-4.714023172855377
-0.9065457722172141
-0.6814933847053908
-2.953589809127152
-0.029755362309515476
-19.23595811393625
-11.971200634849083
-2.3751214873045683
-5.258250136161223
-2.012439030513633
-5.121089450722138
-0.016290539992041886
-0.08269862621091306
-0.018182468018494546
-3.955439995508641
-16.395243710721843
-0.4836034464533441
-0.2563915084999735
-10.120672512886813
-20.04283186257817
-1.7874309655744582
-5.894539483822882
-1.5032402675133198
-17.951187115628272
-4.193650152650662
-0.6668251604587567
-1.8810596764378715
-0.2746345214545727
-2.889301317743957
-6.607632115250453
-0.07245245294279812
-0.055174459994304925
-0.08776250779919792
-0.01591329538496211
-2.1234674531256132
-0.016648482182063162
-0.06014478113502264
-0.01901116082444787
-1.5828870963406416
-0.0206957123009488
-0.05658323071838822
-0.022795893280999735
-0.04653251361560251
-0.02096547873225063
-0.07350692244654056
-0.025176994153298438
-4.163448184728622
-3.4376916674664244
-11.060403137504181
-14.494131087256392
-5.494357989169657
-5.6998013640986755
-17.949183482531225
-6.221183226909488
-0.060174219019245356
-0.45665476378053427
-24.038204749376746
-0.9378569442778826
-1.5610498990035921
-5.896035706160546
-2.814729180186987
-9.553356760327006
-0.38728340549346285
-0.5252127829007804
-5.93531759059988
-14.322098801087122
-0.09539126393792685
-10.351432069270231
-2.6794482078403234
-8.87330612912774
-0.08750622463412583
-0.05329295279807411
-0.05623895439202897
-0.05874549156578723
-4.176218468695879
-2.395287288891268
-6.090216310345568
-7.006045893765986
-6.422057524323463
-2.411494093539659
-4.721203241497278
-2.2345115846255794
-1.8294566964718797
-8.571318591246381
-13.193570669740438
-4.034038731362671
-1.9966106185311219
-0.41296730283647776
-8.990344196557999
-2.314927803352475
-3.858241480891593
-11.141788544598967
-1.7253289688378572
-10.229637221988014
-17.65610876552455
-5.107615299479221
-4.337811416015029
-1.14669135238546
-1.4288117762262118
-4.901442946866155
-4.557951170951128
-2.714378290111199
-2.9747106813883875
-3.588494885712862
-3.2409155016066507
-11.265282784588635
-5.127577967941761
-3.2953378688107478
-0.9242359846830368
-5.174292645417154
-0.11622614289808553
-0.1252993919479195
-0.046039708075113595
-0.33582969941198826
-3.814319538185373
-5.1861673492821865
-7.744340351433493
-0.9740439280867577
-9.056554896036687
-14.769931740127504
-8.850820645922795
-3.1463500298559666
-0.8042856138199568
-5.0079285921528935
-6.762421980442014
-4.6188012290222105
-4.72824969375506
-2.1155725843273103
-8.453004494309425
-9.958130072802305
-4.590988745592767
-3.8808017252013087
-2.6458418151160004
-4.21807199716568
-5.355779237113893
-0.5808338250499219
-2.0951228098711
-22.943175637628883
-0.4451695589814335
-0.2838245521124918
-0.11097738399985246
-0.09268898132722825
-0.047701489964310895
-12.21224531903863
-0.09333335550036281
-2.70746436342597
-9.943701446056366
-0.5351162816514261
-20.466308580420446
-40.2554477948288
-19.50775613580754
-4.807332389056683
-12.95414581336081
-13.696682485257043
-10.561075203004293
-7.2386391162872314
-0.2159597398713231
-0.13029201253084466
-0.07001561505603604
-1.578285156749189
-11.461370453704149
-0.6216714531183243
-4.980375012382865
-0.05665056327501361
-0.03240986407035962
-0.03508885655901395
-0.017284694244153798
-5.576360464096069
-19.438261227034673
-7.486714031780139
-2.787720200489275
-8.514473816903774
-15.78453817875561
-14.975444902709569
-5.895200357306749
-4.169764682184905
-0.2462062444537878
-11.90362135378382
-6.866130358248483
-16.58935307711363
-11.641927946940996
-9.92596626561135
-0.17536789050791413
-0.12758613711048383
-0.03822012407181319
-0.3056184695014963
-10.755439132452011
-6.999125121859834
-5.476346617389936
-16.213729236274958
-4.81889559677802
-13.493800412339624
-9.490492656659626
-1.2626584050012752
-8.212573433294892
-10.941853828728199
-15.439632086345227
-10.290413340553641
-9.785828927822877
-16.822358679171884
-25.10604699968826
-0.3353559519164264
-0.1448169941256765
-0.037288818624801934
-7.235852571553551
-0.01292363804532215
-0.016401141610828063
-0.011020698701031506
-6.920548824360594
-0.021129431494046003
-0.2377730174921453
-0.18400353120523505
-0.27208582672756165
-3.6847391615447123
-3.0583611615002155
-2.0990482410416007
-7.44338240637444
-8.18244561145002
-5.042146019754
-6.043718880275264
-0.3063926990143955
-0.22584723850741284
-0.08498775359475985
-0.33540404569654925
-0.295201787725091
-11.262751579284668
-10.978481510654092
-9.368237454560585
-9.498042199760675
-5.217391193116782
-6.426603054977022
-0.04411633708514273
-8.27638803026639
-0.017781157745048404
-0.9116824007853666
-6.508411821210757
-0.05182917015918065
-6.565862789168023
-0.010657862323569134
-6.879687352571636
-0.013245645735878497
-8.429548288986553
-1.9733506601769477
-6.341333365882747
-0.060307201303658076
-1.0883678228128701
-7.785412755154539
-0.013518110266886652
-6.3427872800966725
-0.03116901355679147
-2.4754485532757826
-8.220932324213209
-0.013993836240842938
-6.419833936495706
-0.03991306004172657
-4.63514874316752
-5.00689629837143
-3.817898507695645
-2.443909883426386
-5.7691109627485275
-6.60164325684309
-5.0219398913905025
-1.7476790621876717
-0.7342303106561303
-0.2384334597736597
-0.08288331066432875
-0.13640761468559504
-0.0442662739123989
-0.04719085462545536
-0.02438094059471041
-6.363160421838984
-0.011811252508778125
-0.02662421723209718
-0.012162861239630729
-6.442360842949711
-0.016283411910990253
-2.4876241153106093
-4.86814830894582
-2.541201056097634
-8.564036910800496
-6.967722367495298
-0.031209324760652635
-0.015148146951105446
-6.401323997415602
-0.015766380514833145
-0.025659527090617473
-0.015529090422205627
-6.306146694114432
-0.018448127506417222
-12.72864266182296
-17.743180323464912
-1.5803332030773163
-19.366202871780843
-19.69499484449625
-5.7365404441952705
-2.969816967146471
-5.8120164787978865
-0.9990133047103882
-17.50774515377998
-2.118302042596042
-0.6324775216635317
-0.11780850728973746
-0.1566735497181071
-4.110180208226666
-0.10237699847493786
-0.04649437644002319
-1.8453507758677006
-0.2335160065904347
-0.026359878480434418
-6.089111509616487
-0.019707098370417953
-0.0757048116893202
-0.02511819382198155
-5.9047233974561095
-0.03810362896183506
-0.4651808768612682
-0.030120500246994197
-6.028711057268083
-0.033818524825619534
-19.33310882016667
-9.868290282742237
-6.188797436640016
-38.72853207089065
-16.141333207808202
-3.0079922619916033
-5.190267290221527
-5.177290350198746
-3.1129653393290937
-6.98171988989634
-0.2654007510282099
-18.758922577369958
-6.528919028234668
-8.25219432497397
-14.493107185844565
-0.5536151458509266
-12.686012348221993
-3.57134547829628
-4.3337470926344395
-1.9985228031873703
-13.440574676729739
-14.027048080781242
-8.137029001621158
-1.2402895579580218
-1.9033445578534156
-1.7568984627723694
-0.8563174803275615
-14.925933388134581
-5.851008092518896
-21.56095620256383
-3.3087594360113144
-5.874843603000045
-8.148455172777176
-6.003625269047916
-6.125240683555603
-14.56173187866807
-22.481643211361643
-0.24253611685708165
-0.1656635481704143
-4.8804415601771325
-0.8954307821695693
-0.18242243491113186
-8.484274955815636
-5.187876574636903
-1.8119217217172263
-4.4535018124151975
-0.15984532568836585
-1.813493342633592
-3.0745116558973677
-0.13951014625490643
-2.581405263452325
-18.718529827950988
-7.760556508263107
-4.091188491540379
-0.6771941175684333
-3.6700502932071686
-0.1018816230352968
-0.11306184806744568
-2.673707335779909
-0.05137707111862255
-0.5963967803008927
-17.409099623095244
-10.21324214496417
-3.2767371106892824
-4.277373749820981
-1.1413301471620798
-2.2764605032280087
-10.273936208104715
-0.0433499354403466
-0.04096533279516734
-0.17059632774908096
-0.5060877078212798
-0.27852313183188926
-0.023669270565733314
-6.132116120075807
-0.011449559620814398
-13.540192346001277
-2.4125387677922845
-6.222941609099507
-6.193188036908396
-3.05003433057027
-11.77692198609293
-14.750929589441512
-18.7185628094594
-54.03692916498585
-10.346621765871532
-2.1629873793572187
-2.6863309300970286
-8.452280853874981
-12.861701119400095
-7.191117605194449
-7.1089948625303805
-12.800546615239
-10.539174816985906
-0.16109359916299582
-0.20482896303292364
-0.1751972197671421
-0.09327502982341684
-10.311140318401158
-1.5709540341049433
-11.834339091925358
-5.750747023615986
-6.356646364314656
-2.2177734265715117
-3.2706052506982815
-2.9593500047922134
-26.674591675051488
-0.03654959458617668
-3.4337651053829177
-4.558682824452262
-0.01411006337730214
-6.252063848543912
-0.016612501960480586
-13.969207657501101
-14.303768538404256
-3.060404460004065
-24.67908435490608
-3.9289249191060662
-10.9508638951811
-5.279559637216153
-5.604251846671104
-11.752447186037898
-15.196978275318543
-14.00861850786805
-0.10430520307272673
-0.14247251916094683
-0.04324393131537363
-0.04829544521817297
-5.126711163844448
-2.253458647905063
-5.854902201448567
-3.335868143476546
-0.34499170538038015
-0.30694784910883754
-4.160489345667884
-20.797452201978558
-1.657544672023505
-0.5686119562014937
-5.903281947335927
-7.073133336089086
-9.87039303855272
-1.015520602464676
-11.499773788731545
-11.709731441922486
-5.003346785495523
-6.745863335381728
-27.778301491285674
-4.067735770047875
-2.6528377337333495
-10.234573903959244
-5.370183509308845
-4.613412933249492
-8.18518692534417
-13.325649686157703
-0.021087076980620623
-3.447410146240145
-1.4466675326693803
-0.6507961325114593
-11.539461541571654
-6.9934201440701145
-6.92817509919405
-6.178529467433691
-22.92542802222306
-0.050348701886832714
-0.05230002506868914
-3.244657943258062
-1.3136878786608577
-2.2984984070062637
-2.8235976721625775
-0.9862877978903271
-0.036475769127719104
-6.292107612942345
-0.01713833014946431
-0.7296645356606746
-0.0199285660055466
-6.206860184669495
-0.028019800200127065
-1.4124103826962369
-0.020937281544320285
-6.241810986306518
-0.02117532110423781
-3.924683386874676
-15.430131690576673
-1.492647297505755
-1.7419384003151208
-3.5870462568709627
-1.6545334468828514
-3.898777859969414
-13.14085629733745
-2.99879406276159
-8.985547848045826
-4.203985849278979
-5.684165179729462
-6.00122332572937
-25.09867988154292
-3.1368648723873775
-23.729381501034368
-15.635077385624754
-20.12891580571886
-0.29407185316085815
-0.7307571563869715
-19.503169631519995
-2.394301015418023
-8.767269261647016
-10.67277258913964
-0.2582232244312763
-4.891390360891819
-23.628378219684237
-5.27279348182492
-3.8678299023304135
-3.3299014549702406
-2.501805651001632
-11.974694830591034
-4.425143897533417
-0.08489514142274857
-0.21811298886314034
-3.8974941495107487
-0.21232621325162881
-5.52099235157948
-26.728508851345396
-12.14146981522208
-8.266697533079423
-5.389204088365659
-10.925734566466417
-21.650423855444387
-5.662201605562586
-5.131112987175584
-25.60404800784454
-5.76335583627224
-1.974853402003646
-0.4522653874591924
-1.2223060878463912
-0.0681368859950453
-6.486344274599105
-0.015339306904934347
-10.22336198593257
-0.34377269446849823
-0.38790797859837767
-3.003193606156856
-0.08073829059867421
-5.363389869220555
-0.8932503901596647
-2.717358015710488
-0.3076320239924826
-3.1671977791702375
-7.318887375295162
-9.423762565420475
-0.19238794811553817
-0.049907889566384256
-5.9468543394468725
-0.01854309521149844
-1.414797575360808
-0.01891634237836115
-6.295814167591743
-15.874179139413172
-0.8269236590131186
-10.776827361551113
-14.401489295996726
-0.07106268871575594
-0.099910994496895
-0.6333738563698716
-0.12721218659135047
-2.2059694246854633
-5.959505297243595
-3.7491208650171757
-3.0702076342422515
-0.8452989682555199
-0.20501043868716806
-0.10049883596366271
-0.10569362205569632
-0.06011196940744412
-0.01206285395892337
-6.560950682673138
-0.02262327104108408
-0.044855248379462864
-0.010742981685325503
-6.492671333136968
-0.03453559536137618
-0.8203577809035778
-1.2600207151845098
-8.775678493082523
-19.701605850830674
-0.5634428523480892
-7.036671854541055
-24.800024242256768
-11.90230273452471
-19.17692123912275
-13.614741734345444
-10.654681264131796
-13.664677504872088
-4.241718934674282
-8.144667361397296
-0.7069827809464186
-15.133715953561477
-5.518898372654803
-2.37665275397012
-1.6804952931124717
-0.11630841344594955
-4.628874041882227
-0.11603454104624689
-10.312781045417069
-9.016206956468523
-7.467761221283581
-7.148956427263329
-3.5885160995676415
-3.366782994940877
-5.305284031899646
-7.830755710601807
-3.388507160823792
-0.207974371034652
-0.1203402727842331
-0.23418338189367205
-0.17831497064980795
-0.11526757205137983
-0.06735330402443651
-4.1429489000584
-5.431509724352509
-2.962139219045639
-0.381704144179821
-12.224884219584055
-25.192226564511657
-5.039342107833363
-6.31680478900671
-5.529670477146283
-2.8515112698078156
-4.537864108337089
-6.620005252683768
-7.181836452335119
-7.265106548555195
-1.8240814892342314
-2.019422486424446
-9.285117503255606
-0.16172972321510315
-1.3526925458572805
-3.8231250216485932
-4.157797068357468
-3.9895407489384525
-27.054031787265558
-10.251880958676338
-7.649535270407796
-4.312793507939205
-0.13710615882882848
-1.135765798855573
-0.6648084711050615
-1.7773324996232986
-1.6368456184864044
-3.7372293979860842
-2.983617578400299
-11.157314427226083
-0.07680124032776803
-0.7172073586261831
-0.12327432449092157
-0.5112900913809426
-4.835076046991162
-5.907244015601464
-10.792393420706503
-5.516932107973844
-3.467326547484845
-26.899390053353272
-7.717165470123291
-6.952115484920796
-6.885689735412598
-6.0737082082778215
-17.839899910613894
-2.3628546074032784
-0.46567802925710566
-19.596743077767314
-6.816546935791848
-14.937479714863002
-2.769127308158204
-0.5701493956148624
-0.31806439510546625
-0.26973632466979325
-1.5625999068142846
-0.36477353930240497
-0.2738825650885701
-3.708780153770931
-1.060593775473535
-10.96453625291906
-3.8367992346175015
-0.7050369845237583
-0.2904852962237783
-8.482217948883772
-0.2909161392599344
-0.16425069406977855
-0.059637987200403586
-0.6066714962813649
-0.029949956806376576
-7.050536182359792
-0.015655702212825418
-18.571528897824464
-3.193658242584206
-8.722986352746375
-4.587831012904644
-11.365604822341993
-8.41345612166333
-12.2854497237131
-5.97486387603567
-9.695045637199655
-2.750425520702265
-7.480161098064855
-6.221805623732507
-2.2900946298614144
-0.5795254465192556
-4.497730495408177
-0.7078174613416195
-0.2017447892576456
-0.05740915331989527
-0.044981278013437986
-0.1345621061627753
-0.09689201228320599
-0.057683764898683876
-0.9016570178791881
-0.05303171225023107
-0.10804093127080705
-0.6857744550798088
-9.584249085746706
-14.076946201734245
-7.649524935055524
-4.642427131533623
-10.617002224549651
-5.106710033491254
-5.558998519554734
-3.141824775841087
-1.4175737481564283
-2.9524844586849213
-12.411647850785812
-18.372806346043944
-0.30095109675312415
-4.100083938901662
-3.697917129378766
-5.344614137378812
-0.2699009087700688
-4.543381613213569
-2.017226839903742
-13.868458642824407
-4.991022388101555
-3.2930039861239493
-12.733195133972913
-8.027543079108
-3.300513381498604
-2.1656358212203486
-0.390574792822008
-0.10530885247862898
-0.9019251626305049
-0.12661437364295125
-13.844594852720547
-5.0312257297337055
-1.6934857764281332
-6.901281459891834
-1.0476207882165909
-2.482850103471719
-13.893396714780465
-0.5927443043328822
-2.29547731807088
-2.2938213881570846
-7.605074264109135
-5.489811450242996
-4.305552551908477
-7.1499518959535635
-11.933909739171213
-5.0505064284661785
-1.1937829507514834
-8.681250766152516
-1.4524752995930612
-25.302169545553625
-2.5190102907363325
-0.41651568934321404
-5.864467093721032
-4.440166619955562
-0.655767826596275
-5.233939699828625
-10.922177780801576
-2.404940415552119
-3.38221378531307
-0.1661995965987444
-0.8991431486792862
-2.586722861567978
-12.139193199633155
-0.6773734462913126
-4.993782284669578
-8.477675681002438
-12.364393096366257
-7.773130138171837
-1.2245588246687475
-1.7045220517320558
-2.522209635411855
-1.3524043660145253
-8.960802266607061
-20.340305019111838
-14.461823472971446
-6.837012026226148
-3.204889525368344
-3.2005667239427567
-8.097929107847449
-5.307502908370225
-15.48076738495729
-4.626073205843568
-17.514830009662546
-14.37649065523874
-0.347611203789711
-16.986538602621295
-5.6248348786029965
-4.715118993088254
-0.8759826126042753
-0.24818894657073542
-4.517918729048688
-0.09032567276153713
-1.045335315167904
-12.330319309374318
-0.666555093601346
-10.831724891846534
-12.642198242712766
-9.064701854542363
-1.599956649239175
-8.597137723467313
-0.13065658382856782
-3.843686420703307
-3.257793739438057
-6.60894250869751
-6.114425420295447
-0.07830963235755917
-25.382087734760717
-0.866045469942037
-0.31489530205726624
-3.767690783017315
-44.26369893132869
-0.7296460001962259
-1.720148727297783
-5.218565087765455
-24.045378557193544
-3.3122403796296567
-0.13844708213582635
-5.797427270554181
-20.28983908519149
-7.6759060448093805
-5.6042520403862
-16.586236037197523
-16.876497130841017
-0.3053071045433171
-0.14880166202783585
-2.1476618454325944
-0.33942992822267115
-0.4599510960106272
-0.06388287828303874
-0.08895413429127075
-0.09506640315521508
-1.2639330392703414
-4.709900534711778
-7.747839360497892
-4.1831503820139915
-2.3912435727979755
-5.3329942636191845
-16.808832470327616
-1.3743726301472634
-7.039674131432548
-10.993834657365369
-10.717892549117096
-0.28891339572146535
-0.25896960962563753
-3.015522051602602
-0.03836058161687106
-9.312423950992525
-0.011789314332418144
-0.24682149104773998
-21.154383338056505
-2.791745711059775
-0.32382058701477945
-0.11994198616594076
-0.8428945384221151
-10.619377288036048
-0.1435293546101093
-2.730882258969359
-17.500545959861483
-0.05847221621661447
-3.5445707576873247
-2.4617932513938285
-5.680244158254936
-0.24620668217539787
-2.5705162514932454
-1.9807597608305514
-0.42274310323409736
-5.133730383822694
-0.19642578298226
-3.961582562991225
-1.7141612548439298
-20.068822804052616
-4.9060627091676
-3.8688810602761805
-1.7296821071722661
-0.06773431965848431
-4.6753781428560615
-2.7264230344444513
-15.520928114652634
-15.231311364099383
-6.697024631081149
-10.53604334895499
-0.1678692031346145
-12.59024176748062
-3.809625538124237
-5.077214941207785
-0.03681412089463265
-0.33393737787912414
-0.02023110439768061
-6.289685823954642
-0.013685174810234457
-2.64193269982934
-6.662168088427279
-2.245145559310913
-4.329617023468018
-14.597856614505872
-0.8758432189933956
-4.4741657339036465
-4.704931378248148
-8.198806576125207
-16.11326503753662
-5.236878145253286
-1.2018023934942903
-12.05652981582898
-14.7448621931253
-1.6949261017143726
-0.9247265276499093
-0.44110148726031184
-0.11302322574192658
-0.03805044743057806
-12.272842172911623
-9.05684700870188
-2.114674266485963
-2.0955341113731265
-7.776526783592999
-0.7371970526874065
-3.7601559832692146
-7.245046836789697
-0.12290687009226531
-2.811661959218327
-5.530003327876329
-6.527090936899185
-5.6042520403862
-2.3592292134999298
-6.760735453572124
-20.459892508341
-17.574792138300836
-11.175005414814223
-8.259566553751938
-0.09427728293121618
-2.8472042083740234
-0.19787470437586308
-0.06708696915302426
-9.455561180824589
-0.07635868317447603
-0.2739996190939564
-4.514587327837944
-3.6370832128450274
-8.491152806673199
-15.045023043989204
-14.783948205411434
-0.8498028130270541
-0.8335946835577488
-4.818233095109463
-5.07636028714478
-0.06328085920540616
-3.3323043398559093
-0.09845265932381153
-0.22939525735273492
-0.12229762904462405
-3.696767625398934
-0.11436699464684352
-0.0464897891451983
-0.6005283799022436
-3.1529755294322968
-5.1084254160523415
-4.446720235049725
-4.67512885958422
-4.204635813832283
-3.5623731785453856
-5.439987803285476
-3.7146339919418097
-3.7696973383426666
-6.398132156580687
-3.6495836079120636
-12.170211555436254
-6.446476959856227
-4.9879224598407745
-3.308136115781963
-5.361756885424256
-4.7569587850011885
-0.056813753908500075
-32.72391113934282
-0.17859824576225947
-17.526419100584462
-2.785633051302284
-8.17261507641524
-5.105423837900162
-11.81521787121892
-0.027648350689560175
-1.0105995537014678
-0.02887151253526099
-0.48383421660400927
-2.341046177170938
-0.29733808428863995
-0.25674732867628336
-0.24620668217539787
-13.16694163572538
-2.9662807914428413
-1.6219688598066568
-0.42265748605132103
-22.061186214719783
-6.775674540374894
-0.37009841576218605
-7.675564024939376
-7.792534241918474
-3.0876262289239094
-3.6270952314080205
-0.03507252823328599
-7.225673854351044
-2.5195922110578977
-8.197238884866238
-8.050214044284075
-0.06877323129447177
-3.470628548413515
-15.8612740560784
-10.26296064176131
-29.964872223266866
-12.08897623649682
-15.67327606240724
-12.321537948038895
-0.8591848502401263
-2.4428737401030958
-7.785253920010291
-0.22150795783636568
-0.017228588403668255
-6.5528977600624785
-0.012353387312032282
-0.31038500829890836
-0.6386103534896392
-3.9886717181652784
-4.832584911200684
-41.04866860806942
-31.886786341667175
-23.66889365017414
-2.307354238582775
-0.116268090903759
-9.160747358575463
-0.09110995184164494
-0.2884513122262433
-0.3707918933359906
-2.7025688886642456
-24.654292754945345
-10.7057856128813
-6.3202497735619545
-27.036964768340113
-22.58648004002316
-9.230913502193289
-3.100282597071782
-0.08004290178905649
-35.399173729339964
-24.27321904170094
-0.1478836452588439
-3.487625422771089
-0.21280817574006505
-5.734327971935272
-5.888861771672964
-8.723647458162304
-26.011047911888454
-13.885111096606124
-5.076582252979279
-1.6960090475913603
-43.05450319079682
-8.796886263648048
-9.674265415182163
-15.835206846495566
-4.768340556649491
-6.644187388941646
-3.6798010754919233
-18.303110154913156
-6.707187112187967
-7.856138877570629
-20.39836876940535
-17.459662723247675
-16.680669516019407
-4.1282608341862215
-23.396329354036425
-21.740907918283483
-4.438631264274591
-4.1500541479326785
-13.357079978522961
-57.69908416586986
-8.16732144789421
-0.6790070837596431
-0.07706840811806615
-0.15531641902634874
-0.1428929062676616
-9.113659337162971
-5.2874460264865775
-7.173684141598642
-7.253533340757713
-14.016510381363332
-5.481427003163844
-0.021645399450790137
-39.67188094458095
-2.858623569831252
-7.882966655772179
-0.41207435727119446
-0.08156306795717683
-0.4404713201802224
-2.1357125053182244
-25.65690686140806
-5.097778345516417
-11.85232531093061
-5.543103659641929
-0.3476109877228737
-17.4458412079548
-1.1708577120443806
-0.8655258612707257
-0.9257060764939524
-0.09607587521895766
-0.1475290204398334
-0.131628877366893
-2.2561599910259247
-6.540441505610943
-3.387212731933687
-2.691275932826102
-7.195400144904852
-6.962848152732477
-5.207783306017518
-5.338723869121168
-3.960538318267936
-3.5373096228577197
-5.08332480257377
-13.560191283002496
-4.224900417029858
-1.2445293739438057
-1.4983836679020897
-9.051172537263483
-0.11630277210861095
-0.20113155414583161
-10.44230993846304
-6.722094142838614
-17.09636845253408
-4.731009423761861
-27.53653160025715
-9.459110197145492
-8.727065549144754
-3.658931851387024
-4.055153965950012
-0.46824473422020674
-0.04957974105491303
-0.12304327575839125
-9.996452109829988
-0.1071145087480545
-3.1886936500668526
-4.326751954169595
-19.901759195072373
-7.101883581373841
-6.550624705851078
-5.259348199702799
-6.767011225223541
-3.0870303008705378
-4.843694238756143
-4.775472932116827
-0.3012690292962361
-0.9042432784335688
-10.84878678387031
-3.2708379104733467
-5.423641800531186
-3.4163675950840116
-4.696638191351667
-0.7136264741420746
-9.512645139126107
-7.495981554500759
-10.2937380108051
-7.372317990288138
-0.937733294442296
-0.02833372696477454
-2.1316024689003825
-12.803472162107937
-15.70691527845338
-4.914411741308868
-0.8299009529873729
-7.4254659954458475
-4.292888002470136
-1.660203970503062
-3.8364932677941397
-2.2941095347050577
-0.0628905720077455
-4.354063553393644
-24.071702797955368
-18.048906922340393
-2.5776783283799887
-5.505367755889893
-8.453064491972327
-3.594037452712655
-21.494101852178574
-2.852371188811958
-3.703055477584712
-7.647899366878846
-0.34771280852146447
-5.337571382522583
-4.360016644001007
-6.679361605027225
-5.121342997008469
-2.068412124819588
-18.60555287078023
-3.3656059337081388
-8.01644841057714
-2.768778236117214
-0.012922127265483141
-3.4726818758790614
-16.431329485261813
-5.992599793011323
-0.20058699137007352
-4.750891911768122
-0.0886174700644915
-1.5020981410925742
-4.383531837491319
-2.309526942204684
-6.108461512892973
-2.6304642856121063
-1.0244982233271003
-5.486917446309235
-0.32466638344340026
-10.471266625914723
-24.359076193417422
-21.91276911960449
-30.27366720334976
-3.4250840581953526
-1.2799134445376694
-3.866536065703258
-0.09659119602292776
-0.062332329456694424
-0.04555826957221143
-13.708339203265496
-23.11521501871175
-6.700623403201462
-3.124785570631502
-4.245628684919211
-9.690328631841112
-8.235842550173402
-5.3751262693695026
-42.79940983164124
-51.39043307618704
-0.07661160733550787
-6.962490699253976
-3.9191762804985046
-18.885968307964504
-7.987737694289535
-8.927011123276316
-10.038262947637122
-1.3454560753889382
-2.7906900629313895
-1.1917933399963658
-0.08998683604295366
-0.021656319149769843
-0.0366330279794056
-0.01306874118745327
-2.4562512156553566
-0.09897236444521695
-0.01175805612001568
-0.0796504112513503
-0.0467883282690309
-0.5613687869627029
-3.804169287381228
-2.678711188957095
-5.371804237365723
-0.381334756501019
-6.546227082289988
-1.2820107966981595
-3.370025495067239
-2.2935919748269953
-7.197250184668519
-0.13504340685904026
-4.805534508428536
-0.1311417252290994
-0.13902247055375483
-0.10367297541233711
-7.753097765496932
-4.066851888783276
-11.097795169684105
-38.3282836359831
-2.9939826647751033
-2.892985808895901
-3.072099335025996
-2.0920388367958367
-18.597955347795505
-0.6218750712869223
-1.7177909853635356
-9.390960625722073
-1.884884266040899
-4.839483745396137
-5.680131126428023
-0.07454073056578636
-10.02332118913182
-2.819927460543113
-10.214342848699744
-17.621884295425843
-12.243833674467169
-0.48206735914573073
-0.11140803119633347
-0.17108765477314591
-21.77884337073192
-0.5805436372756958
-30.876512319133326
-16.779755647468846
-21.007670920094824
-9.965751554525923
-15.6241944515059
-7.640673792739108
-7.099745261948556
-1.4574657588068476
-0.017004686407744884
-6.007933704764582
-0.018804769992129877
-4.134213077835739
-13.111442145105684
-16.05793225148227
-1.0604494353756309
-12.275492631830275
-0.24620648846030235
-15.473501219064929
-3.7135031106881797
-0.09994777871179394
-0.02636669803177938
-0.06043280693120323
-0.02214450587052852
-0.05693251501361374
-0.013085102546028793
-0.044647903720033355
-0.02921266690827906
-0.792686240572948
-4.553050887079735
-0.03291722557878529
-0.015527409384958446
-0.05527297506341711
-0.02146573958452791
-0.7012363920221105
-1.6277883548755199
-2.8827472928824136
-22.985750080551952
-9.681935341097414
-5.270190263167024
-2.0106505546718836
-6.1812973053311
-9.668249452724922
-13.544671942014247
-5.762286377721466
-2.278706963872537
-3.1801825617440045
-2.7323575725022238
-0.4508941229432821
-0.6092518762452528
-0.2601092862896621
-3.155320882797241
-0.18666131794452667
-0.0620328615186736
-11.240229743765667
-25.05991179845296
-0.061955676654179115
-0.06533316924469545
-0.13498203745984938
-18.885340072458348
-3.532402257435024
-2.7918058504328656
-36.10433891310822
-0.2639438263140619
-3.366207069833763
-0.7814269527152646
-5.745252847576921
-3.018417630373733
-0.9457932999357581
-3.631932996213436
-2.1574211698025465
-0.7293126359581947
-5.522283120779321
-1.6944292183034122
-0.1250021210871637
-7.362758564820979
-13.22242151282262
-12.417898349929601
-9.332193919690326
-3.9560940463270526
-6.885587320663035
-3.0223116665147245
-3.0925321094691753
-15.514438615180552
-14.14300561323762
-6.20789410173893
-0.23119646264240146
-0.6354513024853077
-3.3401448660879396
-8.381741559831426
-9.974699492217042
-0.45674705208512023
-15.5699021752298
-3.271509289741516
-3.5380278788506985
-13.893114971040632
-3.0426067039370537
-0.08373385347658768
-5.2122838797513396
-1.2238148098113015
-7.096605360507965
-14.451274871826172
-3.0306715313345194
-4.547909259796143
-13.384674078784883
-4.490688323974609
-6.239299982553348
-1.0755605055892374
-1.3291998226195574
-6.132691515944316
-0.795557077974081
-0.5031961547210813
-2.935534954071045
-11.38995443470776
-0.14722437877207994
-0.17742815124802291
-0.21761174878338352
-3.6796759255230427
-11.09286623087246
-4.186799759743735
-4.818506137726217
-3.5012233879533596
-7.894052427174756
-4.411984868303989
-11.994785398244858
-19.899788359121885
-1.170110813807696
-0.7282061893492937
-0.9757451666519046
-7.4233846720308065
-23.98385288170539
-7.542315158993006
-4.140000015497208
-3.207988791167736
-3.43335502941045
-8.874924928764813
-4.647102539049229
-12.840268785919761
-5.149599210039014
-0.13605795335024595
-0.33779999252874404
-0.8951141729048686
-0.172905256607919
-37.24068229277691
-2.583732850184788
-0.2798526131082326
-9.582502679237223
-8.76347296696622
-11.588386629649904
-2.605243705911562
-0.5217308468709234
-0.7320096782787004
-17.523017289378913
-19.963813008740544
-11.771221406757832
-7.23195206746459
-3.0578762422082946
-0.7431258604046889
-0.66904144838918
-0.141522224759683
-25.356728894577827
-13.247653042402817
-13.596212587901391
-23.399527580360882
-27.944111540913582
-17.984753416851163
-14.803291957825422
-35.45417488645762
-9.18340077081075
-1.0541552975191735
-0.5614977998338873
-23.465407360024983
-5.408942695083169
-0.03195251151919365
-26.437208392933826
-25.59988529761904
-0.2442521310877055
-0.12233847059542313
-3.1079208152368665
-14.415864919181331
-10.967018458410166
-2.5866943570727017
-5.159334601659793
-6.066070438355382
-50.843119892058894
-1.844176331127528
-19.024472024166244
-1.0517401359975338
-3.1332251507265028
-3.4383671454907017
-13.567751279333606
-6.267413874149497
-6.39469304587692
-0.3398701217956841
-5.861594152425823
-0.7790892706325394
-19.62912420585053
-9.456911333261814
-9.386538662714884
-14.11988221667707
-0.2560549221018391
-0.03356555005302653
-6.437874837429263
-0.016960835549980402
-0.2787732547149062
-1.627851121884305
-0.07082105269364547
-3.8080995827913284
-4.3508034106343985
-13.32111961794726
-0.505409502889961
-17.118038292413985
-5.4452871542889625
-22.510800451302202
-8.095377895864658
-6.67371966666542
-0.5535613403189927
-17.104219476110302
-3.5762913692742586
-9.74036273919046
-3.857237216667272
-2.0558917047455907
-23.74669960187748
-7.53330609301338
-4.403398109599948
-5.447955175884999
-2.4600919261574745
-1.6607261253520846
-28.792361428520962
-1.5532976444228552
-0.27404177298012655
-4.413030398776755
-2.569273704232387
-2.3570827737567015
-11.783777079931497
-3.6704696030938067
-14.04200865648454
-9.9212509629142
-11.297472498496063
-2.523243985197041
-0.331806980073452
-1.6758861998096108
-0.13700932747451589
-0.06271092827955727
-0.1417100349717657
-0.8087821857319
-0.027300872839987278
-6.6711688245413825
-0.011534617398865521
-3.941646285355091
-4.414878925308585
-5.2297055184608325
-8.242252884898335
-7.829679655027576
-10.37270669452846
-5.8563268184661865
-4.332276241853833
-9.768495930242352
-20.69824998220429
-21.517925932770595
-2.712300091981888
-13.540767389029497
-14.086076386389323
-10.912434145546285
-7.330016930442071
-14.730026503675617
-2.2652736650779843
-3.230483794119209
-6.001624342054129
-7.74042170017492
-1.6187340561300516
-4.955679431557655
-13.228578868514887
-10.411685597151518
-5.265013748779893
-1.943321032449603
-7.405120624462143
-2.9705596738494933
-7.353575409273617
-1.3281944134832884
-0.752819375054969
-3.2612683079205453
-3.0279804076999426
-1.414107432588935
-0.24620629474520683
-2.483319410472177
-2.4467852381058037
-2.3328771793749183
-6.820896717719734
-4.557331876130775
-15.277504461759236
-29.212169265454577
-5.419971291557886
-5.324337282421766
-0.05461469854617462
-0.20733504998497665
-2.3364357860409655
-0.11301340683712624
-4.608304069843143
-4.2095437964489975
-5.634723812163429
-9.598539672093466
-4.018768917769194
-7.375054048374295
-1.9573634145781398
-5.145592476706952
-20.88210329040885
-5.990710773759929
-5.8195319006918
-10.32848348794505
-4.765987362712622
-9.566186166757689
-1.9857951295562088
-1.5623671561479568
-7.387540913186967
-4.028455659747124
-15.843595274476684
-8.46064231172204
-3.281100786640309
-21.77666587382555
-3.1151796844787896
-24.84270638972521
-1.6304045803844929
-35.52018420462264
-6.899723615060793
-16.826172871456947
-2.483990039676428
-5.835315021220595
-8.082791008520871
-0.8584528385545127
-2.508940721862018
-5.342664869502187
-3.3710951363864297
-4.274119794368744
-0.18224778771400452
-5.6042520403862
-9.96207566470548
-23.395435732702026
-9.411658070508565
-1.1482689892873168
-2.119760076631792
-2.6757155459781643
-0.23153735137020703
-0.5171003672875827
-46.4630797423888
-1.9500936351250857
-9.904412510804832
-9.589458144269884
-12.784157401882112
-5.614729657769203
-2.995171207934618
-2.9914823472499847
-5.604251846671104
-8.153130170991062
-10.870854532449812
-0.1997320931404829
-0.09740469080861658
-12.507019389333436
-0.858211561175267
-0.2814353505964391
-2.786575516453013
-2.1524190120399
-1.9036741871386766
-2.8111998057829624
-13.379453394562006
-0.6036843470064923
-3.2672523516230285
-2.7290057568461634
-6.7894485760480165
-2.5208854475058615
-9.896353793912567
-13.039810050278902
-0.40261307522814604
-3.7759769825206604
-5.162747936323285
-2.1319611596045434
-1.516978534287773
-5.676563480315963
-0.6532872971147299
-0.18065588222816586
-0.4882137718377635
-7.256991768952503
-9.735592499841005
-2.7853821967728436
-6.790639622544404
-3.9734833498951048
-4.4068450692575425
-0.34761112928390503
-21.95247477331577
-1.6079905554652214
-0.8767548953474034
-4.117093984503299
-8.357042079325765
-2.3264133960474283
-3.271326704445528
-2.5959291660110466
-2.267039369791746
-6.71937080052885
-1.6775218416005373
-5.6042516231536865
-5.676175577660615
-4.2498238978441805
-14.33593378146179
-8.340782964136451
-2.498682815639768
-23.61690450180322
-6.107766138389707
-20.61232829641085
-8.390845918853302
-2.964111291570589
-0.06439769121061545
-0.09028728907287586
-0.07608956495823804
-5.8486106395721436
-8.320916489697993
-1.815669904986862
-7.5670005443826085
-0.4681320732634049
-3.1192696089856327
-8.097119465121068
-3.5655072797089815
-2.8913606361602433
-2.6801701064396184
-16.336853912798688
-0.574634441640228
-0.3233389616943896
-3.6975773043668596
-4.115360572584905
-4.472179282456636
-3.4859774000942707
-5.60425166785717
-2.75717247906141
-5.445487997960299
-11.153906733146869
-0.35324483533622697
-0.047439704823773354
-0.057076592987868935
-9.093289354001172
-6.952486711059464
-2.618372186552733
-6.522083520889282
-2.391636930668028
-18.44994302885607
-8.340144164860249
-2.3188701421022415
-3.3719585933722556
-3.879927928559482
-14.81382498133462
-4.334485991392285
-4.313280757807661
-0.17276919906726107
-0.08400530723156407
-3.3606648501590826
-3.90665874624392
-12.800173495023046
-2.4234255870978814
-7.351971358060837
-4.4953922517597675
-8.30268165981397
-4.724239826202393
-9.88717393198749
-0.7505871368339285
-1.2580209836596623
-8.653402948810253
-0.5735167637467384
-6.714406715705991
-0.37123249226715416
-15.935754554346204
-0.12696041259914637
-0.34817459899932146
-0.09126632886182051
-0.15268983682653925
-0.1068387069972232
-0.13127629971131682
-0.0060021827594027855
-0.19332321314141154
-3.8415184556506574
-1.2744966155150905
-5.164723728783429
-1.9201229526661336
-3.9537796870572492
-6.225722991861403
-0.6936029733624309
-3.219587287399918
-0.2557008119474631
-0.046907370211556554
-1.8327279989607632
-1.4609691393561661
-4.49284284375608
-0.058859945376752876
-1.6321379458531737
-3.434535546693951
-0.06132064525309033
-0.026426731958054006
-6.339014649973251
-0.0186420397949405
-3.549186243675649
-0.1091431153472513
-3.254114648530958
-0.8035888350568712
-2.262488598935306
-0.24620616622269154
-5.997642402584461
-0.16667216480709612
-0.055834289407357574
-1.3464368643471971
-0.1661265236325562
-3.414029002614825
-26.59276299411431
-8.561226329766214
-7.36244818335399
-0.039264393873622794
-0.03318758530076593
-7.1480176544282585
-0.013493216130882502
-0.01673150493547837
-0.012717531353700906
-7.116648994910065
-0.028666475089266896
-0.01999937464205459
-0.015942310448735952
-6.771936682634987
-0.013973291293950751
-0.8370232409797609
-9.59859090606551
-6.781817029055674
-2.539635727647692
-3.476486132130958
-7.754673838731833
-4.80189854814671
-5.614802065305412
-5.727435593493283
-0.07541404298217458
-0.07998995465459302
-6.091943320236169
-0.006937389087397605
-0.0570569652809354
-0.022443998663220555
-6.341566924995277
-0.01727056727395393
-0.05087121391420624
-0.019451876520179212
-6.109959320630878
-0.018427763861836866
-0.04841006657295566
-0.019311191397719085
-6.111268509353977
-0.02252085632062517
-4.00836204236839
-19.952671222621575
-0.05766243056859821
-0.08772870342363603
-0.05616735352668911
-0.060196672595338896
-0.03178022235442768
-7.4004435539245605
-0.06848754265229218
-14.848360537798726
-0.021616758895106614
-25.04200541418686
-17.081415558888693
-9.627395788455033
-6.209170838817954
-8.21170018077828
-5.381038402789272
-0.5064154593273997
-10.96460143942386
-31.65659605478868
-11.423615175066516
-0.7791765315050725
-3.5863037928938866
-13.132372695952654
-6.580595609382726
-5.703878585482016
-13.974256347748451
-2.481058073346503
-5.465783966821618
-0.24620648846030235
-1.8739085225388408
-11.498181780101731
-3.50553830107674
-1.964643101207912
-0.031067632651684107
-2.451651067007333
-15.98357751313597
-2.4534887186600827
-2.5525080896914005
-4.416624340810813
-4.197343623342022
-9.872535057802452
-13.299828584829811
-7.56985381404229
-21.93688518140698
-6.214006463414989
-7.896526210010052
-0.269613137235865
-0.3036020823783474
-9.299818207859062
-0.1015836061706068
-0.058192546437567216
-4.204026254945347
-2.894934266805649
-6.447477393783629
-8.473599975819525
-5.220162187208189
-4.915155358612537
-5.085944364196621
-1.6580850966274738
-7.113756911829114
-3.038495361804962
-7.620066225528717
-22.275841702590697
-0.06633595214225352
-0.06904665345791727
-0.04911088524386287
-13.500090252084192
-14.390172881539911
-4.211096864193678
-0.0303219698544126
-5.111903493234422
-0.6709611916739959
-6.614640548243187
-5.106235801242292
-4.366909796837717
-1.6771313399076462
-0.13084956433158368
-0.12029501009965315
-9.787755863391794
-1.6760205321479589
-2.4497643215072458
-1.972196431364864
-11.359322736156173
-3.630246337503195
-2.4588951566256583
-6.0578064465516945
-7.480185422580689
-9.028958661074284
-0.14462981617543846
-0.9688384227920324
-0.22512015723623335
-3.046312391452375
-0.289126459043473
-3.770122035872191
-2.6655282750725746
-4.657849092036486
-1.82119786561816
-12.468420267570764
-4.21833860874176
-3.8480448094196618
-6.582441484555602
-8.430639436468482
-0.347611203789711
-59.15818579217557
-24.225151063138583
-73.94801461976022
-0.45789026957936585
-0.20986352721229196
-0.25259529284085147
-0.9597975050855894
-3.141816072165966
-3.243701057654107
-4.9582982622087
-4.283551335101947
-23.81578550604172
-0.15677921223687008
-4.787265145685524
-0.40541311306878924
-5.118823671713471
-11.548875018488616
-0.08511343551799655
-0.22984860686119646
-0.08688121088198386
-0.08950237787212245
-0.05251625258097192
-4.771033336812252
-23.426683067518752
-7.73532232909929
-5.474972979323866
-3.0789119070395827
-7.589991318702232
-18.99401346196828
-2.0333707155659795
-3.7456217418657616
-1.6472779971991258
-27.231860986037645
-0.34226467460393906
-4.239590068129473
-0.4172979090362787
-0.14197560539469123
-0.1546813686763926
-0.0737990572815761
-4.614934720215388
-0.04173832247215614
-0.23908903915435076
-0.13962787855416536
-5.73539490159601
-5.825089036254212
-0.2582293371669948
-0.9827027544379234
-9.088826718740165
-0.5591538157314062
-7.898432105779648
-3.883897429283934
-6.0034416280686855
-1.8419477317947894
-2.4317028336809017
-5.054629032034427
-6.840439818508457
-0.1858178477268666
-1.2242495652171783
-2.689258958591381
-0.05052795342635363
-1.0743924443231663
-4.565027327243115
-5.433695618528873
-5.206802433938719
-0.20478817634284496
-0.04011548776179552
-7.191025218809955
-0.7104651113040745
-16.767918694997206
-15.859999801497906
-20.583793687426805
-17.40498785674572
-0.20370489358901978
-3.779311352991499
-9.011891177891812
-6.837819192558527
-0.10755216593588557
-0.07121317856945097
-7.2883562362985685
-0.017288791248574853
-4.384465569630265
-7.3961872676736675
-0.03281873933883617
-0.023792105086613446
-7.147041466785595
-0.03627616670564748
-3.5812102337367833
-0.04656271776821086
-0.029571000020951033
-6.929668687749654
-0.028145887976279482
-6.138841345498804
-15.401943485951051
-0.620093765668571
-0.03798635118130278
-0.02923805662430823
-7.187682613730431
-0.018204114225227386
-14.863509202376008
-0.09159374376758933
-14.96707133576274
-5.928666366031393
-0.07472735759802163
-1.0916782664717175
-7.611862277262844
-0.040828697237884626
-6.322452109248843
-0.5218840432644356
-17.20514454273507
-13.733011924181483
-6.626627895049751
-5.34291286021471
-4.191606428939849
-4.246842831373215
-3.0799650698900223
-15.236777697593425
-8.404692072421312
-3.753498152575048
-0.24620663188397884
-8.456622023950331
-7.717361995950341
-11.524290727218613
-0.2625387003645301
-0.22455287165939808
-12.765190095524304
-6.336350419995142
-0.02724508265964687
-6.407954219030216
-17.29152192809852
-14.037986902636476
-7.6371695268389885
-6.981400244767428
-31.80674573473516
-0.13584589585661888
-8.682968680142949
-14.221088436432183
-1.5223177317529917
-28.459156196760887
-1.4640277838334441
-2.0295361131429672
-4.485535982996225
-6.031075620325282
-7.6275939885526896
-18.48988457006635
-4.128637783229351
-4.513052879832685
-5.534723815508187
-1.1266318965062965
-11.327308566986176
-2.62485733628273
-20.64133185800165
-12.787093952763826
-3.0467090732418
-0.21895123831927776
-0.25161827413830906
-0.27888368343701586
-0.1868186614010483
-3.1263394426496234
-0.04903228579678398
-4.120579313021153
-7.376003883779049
-22.955208687693812
-17.425077791674994
-17.55742872908013
-7.748542844783515
-15.923990381095791
-9.97752314293757
-11.3713146293303
-14.093694299459457
-6.124587315600365
-21.084795416798443
-13.108134042966412
-7.9063383872417035
-16.828583005422843
-14.846720378322061
-13.622237504318036
-3.8434217066824203
-1.3847910016775131
-5.281458820216358
-5.210513006604742
-13.953416111122351
-9.416157570934047
-17.39943519505323
-7.343847042357083
-25.244122070493177
-23.351413892698474
-14.988104378193384
-4.446191709605046
-6.249522456433624
-3.3778164512477815
-5.612563224509358
-1.6495965206995606
-0.4771626377478242
-1.241078394697979
-0.6126062521361746
-0.040711016439672676
-7.773568652570248
-0.26164677360793576
-0.11058676242828369
-2.5434701955355195
-8.465281905140728
-4.979661118239164
-0.1937628441810375
-2.333288767375052
-6.087071016430855
-35.35786656599794
-9.053401411452796
-0.18842642288655043
-12.704913085326552
-3.996217741398141
-0.1515759383328259
-0.2132167960953666
-0.0702852543327026
-0.09162749839015305
-13.379691367968917
-18.507276368500243
-5.091206516604871
-17.32253409270197
-6.204156890511513
-5.091249538818374
-21.56760764750652
-13.70661239977926
-9.82164758630097
-29.400950472660043
-0.09318928020451267
-0.044549144397024065
-0.06731523433700204
-0.020906156743876636
-2.222572011873126
-3.6630235195589194
-9.46905043136212
-6.868682806678407
-17.14301462309959
-0.6653038075892255
-0.20866897149244323
-0.10197523745591752
-1.5149180506996345
-0.13864060995547334
-2.63402520409727
-5.661618162877858
-0.04727076925425422
-0.02249303157441318
-6.206406625336967
-0.015164774958975613
-0.04277714601221305
-0.020397601183503866
-6.392457261565141
-0.021190790430409834
-0.046792573977541
-0.023180525051429868
-6.209887924371287
-0.026691725084674545
-0.052153337939671474
-0.02281202538870275
-6.22004438447766
-0.02200455377169419
-0.04856666425075673
-0.025770530104637146
-5.910196614335291
-0.027725394800654612
-5.097739915363491
-5.286557889165124
-3.8842854499816895
-5.718591606244445
-9.143395245638658
-9.256611809134483
-4.049440419301391
-9.31431509059621
-3.9847015377599746
-1.3493575647007674
-6.774137087166309
-8.668238084006589
-6.306701485067606
-3.115690652746707
-8.992951384745538
-4.075756307225674
-0.2317036272563655
-0.15251067525241524
-6.405651291133836
-0.012108689319575205
-2.5738886701874435
-12.392990502587054
-2.179659215733409
-1.4923771198373288
-0.11278796521310142
-0.021245758689474314
-7.026630957640009
-0.02333040296798572
-5.561897948384285
-6.141525608254597
-3.0200822099577636
-3.4756655211676843
-1.0310683700736263
-2.977955118753016
-6.992225229507312
-7.426596160978079
-3.00662603310775
-1.535819234792143
-0.9579727090895176
-2.6934578213840723
-18.152180859498912
-2.265751938801259
-2.0574031374417245
-1.6366822551935911
-3.9822701513767242
-6.927039811853319
-2.18006713752402
-4.075570642948151
-3.8525407314300537
-3.164541980717331
-35.91524816953461
-5.1748643312603235
-0.45131761885568267
-3.9756347653456032
-11.13325599039672
-4.131681289174594
-14.12396268262819
-7.293391015380621
-6.181831706315279
-4.020483247179072
-5.9710819544270635
-9.354135040193796
-19.964013327386056
-15.348888645879924
-0.05636579356723814
-0.038160590280313045
-7.232605249562766
-0.01817502430640161
-13.359828102962638
-6.1809163726866245
-5.162835324630578
-0.47766891308128834
-1.7549455861735623
-19.286102309182752
-6.47485797162517
-2.830423010753293
-0.16710776276886463
-1.972880289715249
-2.495080903172493
-0.43811178040050436
-5.253042571712285
-11.600959363451693
-7.367271865473413
-0.27242279471829534
-8.46034792298451
-3.340007871389389
-2.75700578186661
-2.204331262037158
-4.852737466164399
-4.276581847028865
-9.172860439866781
-3.0117413192638196
-0.0552892133127898
-8.648444345162716
-0.650031290948391
-0.04585538903847919
-16.373094543785555
-9.934442081255838
-3.141594111279119
-0.8596945330500603
-10.158240584816667
-3.1248370595276356
-3.9189284078311175
-3.8642548844218254
-2.5563708713743836
-3.9206795569625683
-4.902386010857299
-14.727381109492853
-3.140804074704647
-16.62802830967121
-2.6517447128426284
-7.912376106745796
-3.5288428233470768
-0.7439834643155336
-6.6169062906410545
-2.915377516183071
-0.5572911244817078
-0.05350987799465656
-6.322617962490767
-4.138380907650571
-7.8241118541918695
-5.575077394983964
-0.588352032165858
-2.703956673241919
-12.19195869192481
-1.7603228106163442
-2.1038254224986304
-32.294290765366895
-7.620268197613768
-0.95891985995695
-6.27736073883716
-7.479014940792695
-1.5837008692906238
-4.1151695472653955
-25.7002711892128
-48.82135583087802
-11.846978321744245
-7.976293161511421
-2.23917871661979
-16.685103415627964
-15.26087015029043
-0.029747536056675017
-8.772657160647213
-4.359048966449336
-1.9886294132375042
-5.465071596670896
-7.539621684991289
-9.981227879871767
-6.522937971632928
-0.3476114124059677
-17.631756062597105
-4.337933583464746
-4.020869239713647
-10.261708457532222
-1.9563827440142632
-0.12170195573708043
-1.868317550048232
-5.588829839405662
-1.6728973612189293
-5.547396941983607
-7.462183536234079
-7.390259505715221
-1.355735550634563
-6.70315857604146
-1.7938050894008484
-6.960731138911797
-0.6587355439551175
-0.16465777304256335
-0.26816788318683393
-0.10497244109865278
-0.1059881376568228
-0.4420751710422337
-0.09490583278238773
-3.6950541411642917
-1.1537539574783295
-8.733511905767955
-3.153738868946675
-3.150408414308913
-7.366780826821923
-7.965908781159669
-15.325197894824669
-0.21944651287049055
-14.224116496741772
-24.916992742044386
-1.7046130048111081
-0.21606190281454474
-0.18429063586518168
-0.23200365679804236
-0.08252580302360002
-0.17418947722762823
-6.202728137868689
-13.864262113409495
-6.982845842838287
-10.229426562029403
-1.3995642885565758
-9.322439821786247
-9.6732493925374
-4.429389882599935
-26.781874776119366
-2.079957187443142
-16.387446786262444
-16.0664944472519
-21.692971238517202
-4.298188172513619
-4.707103318767622
-0.5226382566615939
-6.5635449564724695
-1.7360907200491056
-11.454481831140583
-118.84053473777749
-16.00629427935928
-84.90048656484578
-10.993800470838323
-0.4656782469719474
-13.39236929116305
-10.759054483816726
-8.402727818116546
-9.574761015950571
-6.070303040032741
-6.7001476784353144
-13.825034309158582
-14.84971587884138
-9.233305916543031
-0.7309972997754812
-19.51751997077372
-2.5831013061106205
-32.921821687719785
-0.019775061402469873
-6.799851611838676
-0.018737572550890036
-0.025211585264962366
-0.015506417374126613
-7.33347196521936
-0.017307329530012794
-0.02320675161989527
-0.021580788772553205
-6.658671846962534
-0.017963327103643678
-7.189082883880474
-6.8443389718886465
-0.2969956366578117
-0.14400579332141206
-0.17732782382518053
-0.0942984550492838
-0.11005584710801486
-0.31113741861190647
-1.092736410908401
-5.961934519815259
-6.792437523487024
-0.6193967935396358
-5.884069424588233
-4.6746661728248
-4.37093374656979
-0.5217313874745741
-1.5066825207322836
-0.03376627151737921
-0.035425079171545804
-26.13326095600496
-4.627942570659798
-3.107393451151438
-35.52736770917545
-5.066442618175643
-4.4877800199901685
-4.8707124392240075
-2.2716282629407942
-19.504780516348546
-11.687373163033044
-1.4030535495840013
-2.431730942800641
-2.905914649134502
-3.7381005762144923
-6.319250954315066
-3.8723912429995835
-5.2823322135955095
-5.28184962272644
-0.6719818103301805
-8.400874731363729
-2.3230544924736023
-4.467322526856151
-1.972063033375889
-6.334237283561379
-3.302525043487549
-5.885474592447281
-0.49418128468096256
-10.5028957426548
-2.640115189831704
-7.154291465878487
-1.1501898523420095
-1.115032357745804
-1.824612651951611
-14.550048526376486
-2.5682254885323346
-35.280878339894116
-4.884912181645632
-6.973764367503463
-15.604450348881073
-7.217447831295431
-5.6300500725274105
-4.522616812027991
-0.555457292823121
-7.888889609836042
-4.394572459161282
-3.239402941602748
-5.608616590499878
-0.13205603189999238
-2.8355483812629245
-5.247553675668314
-0.13051682371587958
-0.08198819300741889
-3.150018410757184
-6.041949789971113
-5.950036510825157
-1.0386288464069366
-3.2228506803512573
-3.435693383216858
-2.2742075212299824
-22.85585826476745
-3.9436600332846865
-0.7287295530550182
-2.153195967024658
-5.6851785480976105
-1.9429974108934402
-12.642186917364597
-0.02456477179657668
-2.113611403852701
-12.450980847934261
-10.029017746448517
-2.4135393942706287
-3.07338381302543
-10.606356514297659
-11.373770354082808
-10.381227731704712
-67.05188019118941
-28.13946472905809
-6.481267478317022
-3.4864690702524967
-7.932525250595063
-21.686770930304192
-12.146248047589324
-6.618596472777426
-2.137612281832844
-6.522083163261414
-2.915649018716067
-3.132907902239822
-7.351883814902976
-6.525541437469656
-0.12519048643298447
-0.07239228137768805
-0.8625132124288939
-3.111454855883494
-6.566563900094479
-10.683059469913132
-4.056836182484403
-5.482642924645916
-5.1772624887526035
-0.11377357435412705
-0.09062246442772448
-7.326770435087383
-2.4854065196122974
-2.3924787044525146
-7.099995055468753
-6.353098648134619
-19.38332200719742
-0.03840683214366436
-3.3013319140300155
-0.1127160822506994
-0.09771695733070374
-0.057189823128283024
-0.17333540658000857
-2.1360988958040252
-22.524116511784086
-6.463791221205611
-0.03810829157009721
-8.476396626298083
-0.05838126316666603
-8.261394038447179
-0.7518494570467738
-2.128406635223655
-0.02164540313242469
-0.08383531123399734
-10.281868320889771
-7.238762570545077
-4.056724980473518
-0.9888064782135189
-3.860170841217041
-8.022331800311804
-2.121856672267313
-1.0520050949417055
-0.23919548362027854
-1.9659763500094414
-0.15704537503188476
-2.572920616603369
-21.452720885747112
-0.6493582604452968
-16.77153298043413
-9.980927082244307
-0.9884645778438426
-4.88774400902912
-1.5614446960389614
-4.19897790485993
-11.619934283662587
-1.235518455505371
-4.775221057236195
-7.456637636292726
-6.132520681712776
-3.0659588486887515
-4.66101587889716
-8.027690770104527
-5.925974394660443
-6.219242481398396
-2.2742074094712734
-8.262601402006112
-5.521176964044571
-0.4468795300927013
-0.25376358488574624
-0.2942802961333655
-2.782551732903812
-4.6543935388326645
-9.137281358242035
-21.617121681571007
-5.91696663890616
-8.164529985791887
-12.10026620933786
-4.70914626121521
-11.892398942727596
-4.940299483016133
-7.282814547419548
-0.26760800555348396
-5.2058321373478975
-1.4930500918999314
-5.595279656350613
-8.681247562170029
-4.014848016842734
-11.602162649425736
-7.101025992305949
-15.62436542334035
-12.539510611066362
-6.3244492104277015
-3.622337055421667
-1.4678881475701928
-0.1827473813900724
-0.2690790872075013
-2.837258039857261
-3.9779552525142208
-9.335497219115496
-12.739776838105172
-1.326299024745822
-10.32157576084137
-5.63475782237947
-3.9433028833882418
-13.288114464376122
-6.340755589160835
-4.195236012339592
-3.055625580062042
-9.572896934580058
-9.01750447631639
-4.124514212391659
-0.74893511866685
-2.113136513857171
-0.19080118322744966
-0.19922638678690419
-10.014030599675607
-0.26813276726170443
-4.200629225000739
-2.8873788363998756
-2.2696093233535066
-4.322425216436386
-0.39456202555447817
-6.035138087812811
-7.100145312491804
-5.234584301710129
-2.348702020943165
-1.8873914182186127
-4.691976308822632
-5.423575401306152
-3.732715044170618
-7.299752791412175
-10.74342236830853
-1.821149638868519
-1.0255475089179527
-1.387760170358888
-11.065719281265046
-14.60645055770874
-5.638426686637104
-9.587412342429161
-23.012926355499076
-13.931035105604678
-1.6914364049735013
-16.582430868875235
-17.350237533057225
-11.614411456510425
-7.75519844237715
-1.2361755140591413
-5.336622206494212
-9.3867263244465
-3.4054086208343506
-7.054685536772013
-3.4817552715539932
-7.976734114810824
-9.40911091119051
-3.899890024214983
-9.468059156090021
-4.140564472414553
-6.506912395358086
-6.263403838092927
-0.1211090050637722
-11.042291038862459
-7.531153301435552
-8.948894217232919
-5.62940535787493
-7.6834330931305885
-2.2478446449531475
-7.043381514813518
-5.473064619814977
-0.06149064593341791
-0.02716957073425874
-0.03959828440565616
-0.019189338199794292
-0.6567606031796913
-0.024134829349350184
-0.022439530352130532
-0.02462455557542853
-1.1971328608422596
-0.02302153909113258
-0.02456149586942047
-0.01802101221983321
-1.2754090065006949
-0.0219128355383873
-0.03513606119668111
-0.020386489501106553
-1.2223470838380308
-0.02257614873815328
-0.035745604953262955
-0.019535144630935974
-1.2355413978821161
-0.01841521030291915
-0.03486774403427262
-0.018877035123296082
-1.0621584563041324
-0.017768571386113763
-0.03268810755980667
-0.02201326485374011
-0.04078570788408342
-0.01938665099442005
-0.028836083685746416
-0.019976106050307862
-0.031300537563538455
-0.01991726760752499
-0.026398081943625584
-0.016185832413611934
-8.871390548534691
-10.567743535182672
-2.7933150306344032
-1.0703274803236127
-1.6833665531303268
-2.3312853623647243
-4.7502400079974905
-0.052935619081836194
-0.47210392355918884
-11.420276945456862
-0.5299199473229237
-0.2462062817066908
-3.2167197237722576
-4.260817375034094
-10.704814618453383
-8.466244889423251
-0.1126979369437322
-0.20426888146903366
-0.09890076846932061
-0.06761052753427066
-9.377060375816654
-8.176265455782413
-4.876443760469556
-8.620506136212498
-13.409205557778478
-11.691477426560596
-1.8677053826395422
-3.273644980043173
-14.537564326827123
-0.23810008447617292
-0.1938984808512032
-4.610279866319615
-0.07762135096709244
-0.050074719696795
-0.01849242253229022
-6.03252100024838
-0.011975710367551073
-0.031960407575525096
-0.015109751198906451
-6.897814100782853
-0.021945623462670483
-3.0913288957672194
-8.933520609170955
-3.865513181546703
-7.972071074626001
-3.028978125701542
-13.240469561889768
-2.0672777383733774
-2.4649467953422572
-4.07570420159027
-3.214710479718633
-0.15628545975823727
-0.034579209284856915
-6.896050806157291
-0.01877953327493742
-8.685251966118813
-0.10886969436285199
-0.021344443666748703
-6.856223439099267
-0.039214249612996355
-4.023201814852655
-0.3140560429892503
-0.5328446028288454
-0.025215965521056205
-0.0456438171750051
-2.717453791294247
-0.6217878441748326
-0.05268587073078379
-2.003384997835383
-4.726580202579498
-2.516484451945871
-6.313575357198715
-3.0991000163485296
-1.2041668705642223
-19.425368381664157
-6.2812797338701785
-4.812718868255615
-3.139170302922139
-7.163159546049428
-9.722289172175806
-4.300381898880005
-5.270637810230255
-13.51383187994361
-4.810434944927692
-6.49659126624465
-3.8609607219696045
-5.559547742595896
-18.714295737911016
-7.897644264055998
-1.0133090750896372
-7.344374319247436
-1.319459155201912
-5.298046615382191
-4.004899456223939
-2.9774017330200877
-4.355294466018677
-6.116787447594106
-7.878236553224269
-1.8621300353552215
-9.777323049347615
-0.7309432462693621
-10.373286968741013
-0.4943348793312907
-0.22555613657459617
-0.20074924605432898
-0.06295030016917735
-18.682326686684974
-8.594600011580042
-2.341325554996729
-5.309406307816971
-0.8573638971429318
-0.4244918143376708
-0.21577394918131176
-5.046182534890249
-5.908206523163244
-0.10629873393918388
-0.046984372330371116
-0.03391332016326487
-0.043241112609393895
-0.016885319957509637
-2.5057934342185035
-1.9264084147289395
-4.620410589501262
-0.08281604584408342
-8.590706935152411
-1.6953409053385258
-10.674706816673279
-14.463803671354981
-4.502968722663354
-0.29388752672821283
-24.053511119072937
-15.151852354058065
-4.065154006239027
-0.8623419789364561
-6.595584116119426
-2.585012605515658
-10.6197058216203
-3.5362119330093265
-15.984246894717216
-3.3190721144201234
-0.4098633388057351
-11.197446993552148
-6.9525598785839975
-4.247881619259715
-0.09055221453309059
-0.12986630923114717
-0.15256282361224294
-5.056317256385228
-6.0131425521103665
-3.6543492605887877
-2.9798317831009626
-4.0747025813907385
-0.07016750302216224
-0.013392512686550617
-0.03523482134914957
-0.010642400477081537
-0.05003444531052992
-0.018726672744378448
-0.028930993081303313
-0.01129974408831913
-26.013921430392656
-1.5338599048554897
-0.44876746158115566
-3.9141666144132614
-2.517391400411725
-13.127693809336051
-3.1569002266041934
-8.487308481242508
-2.2229668563231826
-9.866742059355602
-3.2580401277227793
-0.6074604047462344
-2.6068677734583616
-3.3619741071015596
-4.90789008140564
-29.62570254621096
-0.9004968425142579
-0.09503799385856837
-0.14894988626474515
-0.08884003435377963
-0.07071112006087787
-0.6731382608413696
-4.077214419841766
-5.68190750957001
-3.6039874665948446
-7.429331470819307
-1.4929343927651644
-8.904633543446835
-1.5283486573025584
-21.283291676538283
-8.236694113351405
-0.9775279462337494
-8.339381885481998
-6.8484456985024735
-10.753445385038503
-3.7199116129631875
-5.909999913448701
-0.19630977098131552
-4.5865611829431145
-0.7196302147640381
-3.3972887359559536
-5.02365161688067
-5.007063123426633
-5.604251384735107
-8.739858801592163
-3.749866717553232
-10.37549417372793
-7.660402461988269
-4.713025077129714
-4.32341660246675
-1.5715561136603355
-10.95557570103847
-2.5129332724027336
-0.7694748466019519
-0.24013467552140355
-0.2996520295564551
-0.14259315222443547
-6.908668991178274
-5.855263769626617
-9.925330181373283
-0.24620663188397884
-6.455494483045186
-10.41753833182156
-1.749609779799357
-8.171304654388223
-1.235092990391422
-3.3522391486912966
-5.513854373246431
-1.6116148782894015
-4.916288020089269
-0.8596324361860752
-8.699138045310974
-4.2105336003005505
-4.088189433619846
-3.9606771990656853
-0.7468850542791188
-0.5163546232506633
-8.251721945591271
-4.457085878588259
-0.2454292974434793
-0.17460078571457416
-2.5856477563793305
-12.761916883173399
-13.126429273586837
-26.498346450505778
-5.197569847106934
-4.634367741353344
-9.72378046065569
-4.023754305206239
-0.5796354986960068
-0.2474131779745221
-5.310965835116804
-0.16123734723078087
-0.09510554326698184
-1.6783277738140896
-3.7475332054309547
-6.122794263996184
-4.301403411198407
-3.9930307865142822
-3.2397567462176085
-2.6616680026054382
-3.600086302496493
-7.958594916854054
-0.4568859674036503
-4.925357564352453
-2.866048040566966
-0.4151709247380495
-10.89312732333201
-4.7568312141811475
-0.11770181063911878
-1.4362254243496864
-20.98659394479182
-9.523954163691087
-7.445300727151334
-0.11091789227430127
-0.4322083818842657
-2.8367432607337832
-6.767981474287808
-21.047035869793035
-5.213435401208699
-10.889137612597551
-1.7878819731995463
-0.05622765590794643
-0.013281654682941735
-0.029749674518825486
-0.018198199570178986
-0.03381817639251494
-0.011618012213148177
-0.02137110655894503
-0.01632767690171022
-0.03229177824999141
-0.01308271149173379
-0.023895300335425418
-0.013645700128108729
-0.03239722364912012
-0.013860951468814164
-0.027779013973486144
-0.015336113661760464
-0.026061303629539623
-0.016885031713172793
-0.0330869411045569
-0.01953663855965715
-0.026368242617564874
-0.017562080407515168
-0.03398447169456631
-0.018760011938866228
-8.761620210949332
-2.463866001658971
-8.267462771385908
-17.72883041552268
-23.390027599511086
-4.8334218300879
-1.363036182243377
-6.741011261940002
-3.1682017910061404
-2.732753921765834
-10.619234753889032
-10.03450116631575
-7.024897980969399
-8.44605635831249
-0.38801625091582537
-28.64719956088811
-25.079717526765307
-8.892896593781188
-11.67899234086508
-2.941313556395471
-8.579578049422707
-18.74671356433828
-0.043021274730563164
-2.582686295732856
-5.448638288362417
-0.18740671434352407
-0.23929851641878486
-0.28846394282300025
-0.10961499481345527
-3.1081696916371584
-0.04937393893624176
-0.02821671438869089
-0.04082989852759056
-0.018003384582698345
-0.08681002957746387
-0.029468517318804288
-0.017665353254415095
-0.042120937461731955
-0.028646335063967854
-4.177478330486338
-8.15407017810503
-8.428108788735699
-6.71401492471341
-0.17396282078698277
-0.959091299053398
-1.4420407723855533
-1.0647645621866104
-18.659884195774794
-0.6214376331772655
-3.7339968381784274
-9.572831452125683
-7.375383373258842
-6.285890654356535
-18.741461707150847
-2.4600919857621193
-2.5612447860185057
-11.167775942572462
-6.096056354697794
-8.258975458476925
-1.632783155888319
-0.2946921180700883
-3.468960696889553
-0.3335463168186834
-0.07293300062883645
-0.1943359708529897
-0.09679645788855851
-3.039235444739461
-32.327625386358704
-21.188027410535142
-6.254545839037746
-2.5294711909955367
-13.575691180769354
-28.37943910015747
-7.21261954028887
-3.764298710579169
-1.982171518728137
-11.439933515386656
-16.654430577065796
-13.586371638986748
-0.2462062444537878
-10.724164220620878
-11.168071240303107
-4.5837132786691654
-1.809229915495962
-2.708078533411026
-0.1909139477647841
-0.1152730056346627
-0.8487748636980541
-3.730329116806388
-1.6288415929302573
-6.515855136793107
-0.03594574937596917
-6.426947094500065
-1.8018789601628669
-8.456672421656549
-7.366394247859716
-1.1176375448703766
-2.8773377100296784
-4.625547759234905
-2.0178638850338757
-0.42534871585667133
-9.671102578868158
-9.363684074021876
-5.194245185564796
-1.4925565083540278
-0.15228051813846832
-0.025224969867849723
-0.09048729986534454
-0.015445548749994487
-0.046162500339391954
-0.012554685701616108
-0.05136345501523465
-0.027541623858269304
-0.10124758677557111
-1.4424482293834444
-0.3288558828244277
-7.47100250958465
-3.7437691129744053
-5.839217541739345
-8.105255194474012
-5.089069217443466
-1.4085694681853056
-0.7231852414552122
-1.800830582389608
-2.0090495093609206
-14.370691976335365
-26.384332180954516
-14.925960588967428
-23.586955934762955
-5.200537979602814
-9.27433630079031
-15.08916023594793
-2.2765311148250476
-2.8067069053649902
-7.736210346221924
-4.611590139567852
-0.2462062444537878
-8.261511222459376
-0.3586603624280542
-2.048017108812928
-1.6657917712582275
-2.743371794000268
-4.566764965420589
-0.6526458248044946
-10.362561965361238
-5.036552106961608
-3.128051388077438
-19.062557644560002
-4.665967738706968
-0.8568774699233472
-6.7640795251354575
-7.796741259749979
-8.000788684934378
-1.0202643926022574
-0.2720568832010031
-2.9682789139915258
-0.08743352830060758
-15.52405058851582
-17.72182239301037
-2.6846799701452255
-8.115794092882425
-2.4600919857621193
-2.7336358015891165
-11.557835045601678
-20.494578340789303
-14.624754168093204
-0.14933265885338187
-0.13713254424510524
-0.13702031227876432
-0.012682621949352324
-9.547713607840706
-17.366233185632154
-4.108780899550766
-14.881389513262548
-7.955519726499915
-4.875841898843646
-14.574766561039723
-12.48622763901949
-0.24620629474520683
-10.732176774501568
-14.203227732912637
-4.579815922217676
-0.8195992301916704
-0.80862668575719
-0.6343637858517468
-0.05186035722726956
-0.44532474514562637
-7.773776659509167
-10.818867082707584
-7.515663149883039
-5.115484117977758
-12.351158845238388
-1.851355489488924
-2.705009511075332
-7.4862259635701776
-1.7723850447218865
-15.292060435996973
-0.0754135776073781
-0.0799896051757969
-0.03868925175629556
-0.0069373895530588925
-0.057057563764828956
-0.022444000642281026
-0.023681664373725653
-0.017270331038162112
-0.050871329534629695
-0.01945306535344571
-0.02127570501761511
-0.01842788327485323
-0.0484091189667879
-0.019310480449348688
-0.018947716162074357
-0.02252050030801911
-0.21119313489180058
-2.1921529391693184
-21.74475998422713
-6.167874757975369
-1.9624994115438312
-12.609970350677031
-3.8544668494605503
-0.02875111070602543
-0.012238006223924458
-0.023755952672217973
-0.02919368310540449
-4.659132412984036
-1.3508943448541686
-4.758277805434773
-6.540658514946699
-3.621927143583889
-5.602706803765614
-6.186676877783611
-5.679713070392609
-8.928073398768902
-0.10216107161249965
-5.576797150075436
-10.38340785773471
-9.149018504278501
-15.086260280571878
-13.780774208251387
-9.926246749862912
-13.978463038627524
-7.808827973116422
-2.5509394127875566
-15.744519918691367
-12.893948270786495
-17.255930658066063
-23.62148104654625
-43.91074769871193
-16.57313087917555
-7.73392620543018
-3.2847948108028504
-19.914759759791195
-0.5398964429041371
-0.2187366543803364
-0.112682621111162
-9.986468389077345
-13.525313300895505
-15.730571307998616
-7.197641529040993
-5.403331734574749
-10.604605556587558
-2.4600925967097282
-23.002045140281552
-2.4867781326174736
-0.05757623119279742
-0.040619475999847054
-5.239485056139529
-13.94386900216341
-5.802084527909756
-3.278382658958435
-0.2537626908160746
-0.020565782207995653
-0.16152644148951367
-0.07665786298457533
-0.03008667449466884
-4.548376798629761
-6.118098044069484
-2.3591257613152266
-1.1183617696660804
-3.8640114400477614
-15.252781586237688
-6.367374580775504
-18.9568097749725
-0.08963691289500275
-6.228179300334887
-8.501040975563228
-15.879614170145942
-7.437970472026791
-8.51595591323894
-21.083532345472122
-9.865157230757177
-13.874418595572934
-10.7183094387874
-9.519847715790092
-4.0445970764849335
-4.4686921471729875
-10.138311754737515
-0.1786166438832879
-5.732185631990433
-0.1333121182397008
-21.683071173669305
-7.570838834159076
-0.24104309640824795
-2.7981660102668684
-11.284667119951337
-0.30950656114146113
-31.556211134651676
-14.4443998336792
-6.287558539421298
-11.541273626302427
-16.75379846780561
-10.205276298945137
-0.04968279681634158
-6.160487416782416
-0.011122550844447687
-4.519846882438287
-10.180920809355428
-0.020656990818679333
-6.411564567824826
-0.01296371323405765
-10.712444938385083
-0.01738651213236153
-6.131776200956665
-0.014586418881663121
-2.853735760669224
-5.105945735500427
-5.203204054385424
-19.18291206669528
-2.7107913815416396
-5.016324193120454
-22.933282238955144
-2.2245513442903757
-1.4239743459038436
-2.895183674991131
-3.597858673951123
-92.66251413927603
-17.33356387540698
-18.876574526104378
-3.562670375518792
-0.22362492408137769
-1.9816484469920397
-5.787668674020097
-13.285134807229042
-3.536048331621714
-1.516049073630711
-0.12224671989679337
-5.1819358049251605
-4.473515733145177
-14.506026006303728
-4.39163863658905
-14.316070427419618
-11.95087927673012
-3.0041141575202346
-5.853122995235026
-5.339203516021371
-5.0783576897811145
-3.6796484533697367
-7.683977857785067
-13.813634163001552
-10.467316079884768
-5.127257538959384
-2.6153245121240616
-19.151613536538207
-79.19554836885072
-1.5737709953536978
-3.515955737559125
-6.714878539554775
-2.423310953658074
-1.4806367775890976
-6.309050848707557
-4.7991125988774
-5.450697836931795
-0.4286782746203244
-0.15689557825680822
-0.29015363700455055
-0.487209222628735
-0.10298387613147497
-0.056790819828165695
-0.20040680455349502
-0.04484793805750087
-0.1093336958438158
-0.03695461471215822
-0.055839308188296854
-0.9469973035156727
-10.725274194517624
-0.014059854205697775
-0.03297023473714944
-0.014870801154756919
-4.305490558734164
-11.015242255292833
-3.9371200846508145
-13.271099122030137
-25.01020078419242
-4.832019253168255
-12.063842879608274
-8.734111406607553
-13.567935824394226
-11.431256407406181
-2.6064370600506663
-9.38088484556647
-9.402681684936397
-5.201514149317518
-21.88276608788874
-23.16093910055497
-5.296681827981956
-1.4861586140759755
-20.462273215525784
-8.875362379010767
-10.600920436369051
-4.168762002140284
-4.364882079418749
-6.360971353482455
-5.261558688420337
-8.034811740275472
-0.24620655365288258
-17.333981046802364
-0.071598167582124
-0.20225669210776687
-0.0843656003853539
-0.1420975687506143
-4.601431313203648
-8.58895715388644
-3.7169793991452025
-5.797303542261943
-6.740894869668409
-6.317696752841584
-0.5217312387248967
-1.8655583936779294
-3.3226048515934963
-16.28172425943194
-9.609437076309405
-5.680095346644521
-10.419321744615445
-2.5962074398994446
-0.17117114923894405
-0.500929095200263
-1.7800092597099137
-3.9686722007754724
-7.2666269791079685
-9.677276498452557
-5.91401665227022
-10.285050921662332
-2.0402433052659035
-0.07646708912216127
-6.7507765729678795
-4.944650641205953
-3.1426447415724397
-18.36624602007214
-3.8509696163237095
-0.8420988880097866
-0.009038983203936368
-0.4673714868258685
-0.06692014007785474
-0.026081956348207314
-2.0824667336419225
-9.025454632472247
-4.948498708487023
-8.71810021683632
-4.912738394028565
-9.983717510476708
-7.047072948131245
-17.02692807055064
-5.842701171233784
-2.812655044719577
-3.7673929017037153
-3.5840311190113425
-10.006827495992184
-5.529235656402307
-5.759368387050927
-15.542359147686511
-30.315656224032864
-14.126990259916056
-8.978331630962202
-2.7654362253379077
-6.35841716453433
-6.253953226376325
-3.145835565868765
-3.106467225588858
-24.994594517251244
-13.90054028906161
-0.030558221274986863
-0.08782281877938658
-0.07645848431275226
-0.281234617868904
-9.631816490349593
-3.459858745103702
-11.338849923340604
-4.913088493049145
-9.425787537358701
-5.785718532279134
-0.18424249392410275
-5.614255570340902
-3.5642719252500683
-0.06774612428478122
-0.01915870967786759
-0.03984318653238006
-0.021479781484231353
-8.769339530554134
-7.859346371726133
-4.107108049560338
-4.917674521784647
-5.051627814769745
-8.34793249500217
-16.007775649792165
-16.282231400862656
-0.22477198007982224
-6.172937827184796
-3.129357933998108
-5.626689687371254
-9.615639671683311
-6.487400051235454
-1.3185497031081468
-4.393995757920493
-19.15605480092927
-1.8372671801196248
-11.278106419242249
-8.39300874597393
-19.340600676834583
-0.24475626921048388
-1.5493094571575057
-3.466555520775728
-5.222477289673407
-3.1631483805249445
-11.12783449050039
-47.523234062828124
-44.41713926196098
-18.457552634179592
-1.3973749639990274
-9.493876775581157
-18.732926818658598
-16.1391277218936
-22.483714330068324
-5.391818200587295
-22.620876763627166
-7.565350528806448
-0.13752875290811062
-0.3685643202843494
-8.880151300807483
-0.04893587493279483
-11.872512987814844
-3.1226589305661037
-5.974779527095961
-1.9903533196775243
-2.955273389350623
-26.63158937008211
-2.294459469092544
-4.951616417965852
-8.65658406476723
-5.025095662102103
-6.353175178228412
-4.947906721383333
-5.485689356923103
-2.004289446398616
-0.11497089389013126
-3.9573793927556835
-0.055410526460036635
-0.12400112635805272
-0.09791261702775955
-3.3141929507255554
-4.659678637981415
-0.6708238869905472
-0.6918148858239874
-15.853300259670505
-0.7645818507298827
-7.059631995740347
-7.527411796152592
-2.674316704273224
-2.7417462281882763
-12.291297003626823
-2.1598549587652087
-1.4261628771200776
-0.040041923653916456
-1.6505266353487968
-4.53727087948937
-0.18637453392148018
-0.12250518472865224
-4.893791068403516
-5.9561980331272935
-0.08965121023356915
-0.16210248330025934
-0.0740027352294419
-0.05961571256921161
-0.30143476714147255
-12.386176677333424
-1.2093451358377934
-1.065513227134943
-0.19403887167572975
-1.328993633389473
-2.2323821660975227
-0.1771901741522015
-1.2369883772917092
-3.8384405616670847
-6.008832966326736
-7.891990731121041
-0.2780994772911072
-8.576616451144218
-0.16042266873409972
-0.10873654368333519
-0.07973238514387049
-0.07504156752838753
-0.15772082991315983
-12.974202793709082
-4.735386297805235
-7.292886070950772
-5.480238599702716
-7.735701800324023
-11.144115033675916
-1.585664365440607
-4.992547585861757
-5.043889196504097
-15.620115050471213
-12.419024327944499
-5.0480538830161095
-5.249428899725899
-2.397686680778861
-5.884005153100588
-6.4116607354953885
-4.163706143257514
-20.261618357617408
-7.359829953871667
-2.786896296427585
-7.6012656055390835
-4.229989213587942
-2.5353334033861756
-0.2203245684504509
-5.437646065372974
-3.9819116870639846
-0.07541357798663739
-0.0799893811927177
-0.03376902756281197
-0.007300307275727391
-0.7051766518270597
-2.438601929694414
-6.410798249984509
-13.26193110406166
-6.762084795356714
-4.23173575475812
-0.3376323517295532
-10.433007564206491
-0.06244628154672682
-8.603800168260932
-0.01761093275854364
-1.9668544420856051
-14.923753433278762
-6.658707147696987
-0.13499870285158977
-0.4501173231547
-0.10270922677591443
-0.20634324376442237
-5.613895168906311
-0.08564556078636087
-32.3136156325927
-16.726486526429653
-3.568063964077737
-5.3421361988876015
-2.3363980075391737
-12.305229660240002
-5.017735754721798
-1.3509581020625774
-6.14276874717325
-19.241471756395185
-5.201988468674244
-2.2335908446693793
-9.930674237883068
-1.9777386599453166
-2.5315557296271436
-0.5950629094731994
-3.2499781945953146
-3.3059963404666632
-0.06775041746732313
-1.4559312909841537
-23.80317958284286
-0.24620648846030235
-6.6077513565833215
-23.165083437019348
-2.5425268597900867
-15.788592976052314
-9.74277643399546
-0.2462062817066908
-5.3396455380134284
-0.24709238368086517
-0.6905340158846229
-0.3476114124059677
-4.401054802816361
-23.2132773285266
-0.5121962651901413
-0.07309765047102701
-3.81251907281694
-2.2742075324058533
-8.268798178993165
-0.15846382474410348
-0.07135489405482076
-43.7570655127638
-7.3178049286070745
-5.105629459139891
-19.542912913719192
-30.57722914032638
-17.498610738432035
-11.516147326678038
-40.026762005873024
-2.2742075212299824
-5.726616111816838
-12.901751729572425
-2.748114745132625
-15.033418452076148
-4.773705236148089
-8.69524700000693
-10.57011197070824
-0.17768845683895051
-0.8157979944953695
-9.443190248217434
-5.465518017299473
-24.075744001194835
-10.128412467427552
-4.9779501940793125
-5.889015316119185
-11.825337789196055
-24.2481909096241
-1.5371719065587968
-1.2005009143176721
-0.24758926459617214
-2.900589493714506
-1.5465744212269783
-0.12403343850746751
-1.0459332252139575
-7.6450522653904045
-4.987348099661176
-17.518105488736182
-1.1140054774004966
-0.11671639240375953
-0.15193558354803827
-2.857491372327786
-2.1701933294534683
-0.10058636940084398
-2.4523888751864433
-2.9706333857029676
-4.86231541633606
-4.721203126013279
-7.788434538000729
-7.1429093008628115
-0.05345975246746093
-2.480385557661066
-2.802327170589706
-12.57449586232542
-0.1643840669421479
-7.9149125146795996
-16.067455136129865
-3.2406017559114844
-0.9388000905164517
-1.7919445605948567
-7.506080032326281
-0.3370407026959583
-0.15327990817604586
-0.09730711844167672
-0.1766213016526308
-9.598796884762123
-11.502535405103117
-4.106885247398168
-9.3564431166742
-18.488639869203325
-4.695805733092129
-3.63297338783741
-6.060413599014282
-7.623060321202502
-5.1876224477018695
-0.0216455188638065
-2.5517704095691442
-13.876966640586033
-6.829354902205523
-7.818720667157322
-0.42823448055423796
-3.952957551111467
-1.9111842148122378
-0.6617218190513086
-0.37990030681248754
-5.693883727013599
-3.3604934143368155
-9.171733034891076
-18.900024749920703
-6.431882762233727
-3.0681782229803503
-9.898229296202771
-1.5679061561822891
-7.259157368680462
-19.629426994593814
-6.712157070636749
-0.24620616622269154
-2.1145670731784776
-9.49207943060901
-1.4681407548487186
-3.1773093957453966
-2.854884616099298
-5.458470002748072
-0.1228318972280249
-2.071213989818716
-15.633665298199048
-4.1697814194485545
-6.312616049544886
-2.9564411295577884
-11.44419507747807
-4.242292384617031
-5.379045486450195
-13.503506488515995
-16.029989067697898
-32.66666054725647
-6.381499404087663
-17.22356584755471
-3.4836322679184377
-21.358793837949634
-1.7485413113608956
-12.499626245131367
-7.768573134861072
-13.593910519848578
-8.433777838945389
-8.09644169465173
-19.966317433747463
-5.041493498720229
-1.2630230767244939
-0.4019240438938141
-0.07616753855108982
-3.7151124640367925
-12.28032202180475
-9.478431056253612
-5.068418927767198
-5.6435342857730575
-3.351225355407223
-5.525850576887024
-3.866486694663763
-3.807600266300142
-5.3811657729092985
-0.7136264741420746
-1.4185304043348879
-1.6663308568531647
-3.6504081047605723
-0.19077263260260224
-0.052397694962564856
-12.341997199379875
-3.861656577941176
-2.501148343348177
-3.815200626850128
-1.0657347968990507
-10.57687134819571
-6.971359558869153
-3.6645518746227026
-20.87414664356038
-0.06156659498810768
-4.924654045898933
-11.60911029484123
-5.036685806000605
-8.441734801308485
-4.533711122698151
-11.55422485806048
-7.3869125887795235
-0.5449973000213504
-3.4846507502370514
-2.0989411463961005
-3.222867322154343
-4.084756333031692
-7.487507163968985
-4.857455791905522
-7.227163441479206
-5.501005179568892
-5.133937395177782
-8.864529822021723
-1.464097023010254
-1.7650454046670347
-5.776893016183749
-8.338183244224638
-5.105423837900162
-0.43032629307708703
-17.86367819859879
-18.456283154373523
-3.165409764740616
-19.80077489031828
-11.515771450009197
-0.15954274963587523
-0.18887368468858767
-0.05678481492213905
-4.47331166267395
-2.135702589468565
-0.0303219698544126
-4.440397620201111
-0.18823510268703103
-0.051149469043593854
-7.878002074314281
-10.330188998312224
-2.4207705163862556
-4.862972064798669
-18.680591063108295
-2.246959373354912
-10.9172163297917
-5.742324328341056
-3.3110925536602736
-2.7305764658376575
-3.120920566838322
-5.386203899979591
-2.6169353029690683
-5.575223684310913
-9.999808341264725
-4.545245760469697
-6.063839912414551
-3.0431280536577106
-1.4314723785500973
-7.9039692878723145
-2.4600921869277954
-1.2458932609297335
-2.4483373007606133
-19.283826060593128
-8.393282320466824
-8.386315848722006
-0.9630973806779366
-6.4806131817167625
-0.12866897830099333
-5.769293407560326
-12.527894180850126
-15.131627013382968
-0.0441048557574959
-0.027878978406079113
-0.030118937604129314
-0.011116312525700778
-9.254093989729881
-10.961314072832465
-7.15077795565594
-10.123830095981248
-32.33679358326481
-8.794535030727275
-4.977951086810208
-3.5212360313162208
-6.015328542969655
-7.043267993140034
-11.379259859211743
-0.25701553001999855
-0.16602263186359778
-0.10134741486399435
-2.736285981256515
-11.048981122061377
-2.236203031730838
-6.685292609850876
-3.3253364102565683
-10.471352993277833
-9.250291324453428
-4.383695239230292
-9.727624807273969
-8.341334612021456
-6.038355645083357
-5.704520909872372
-2.629850245488342
-20.855417873943225
-5.281814731511986
-3.8752057389356196
-0.23435020298347808
-3.9932996723800898
-0.2914341250434518
-1.8927808008156717
-2.1560708293691278
-1.0148394256830215
-0.08427462512190687
-0.06219217472244054
-0.08216088489280082
-0.047628049622289836
-0.09156580740818754
-6.6605338983936235
-9.994565119603067
-0.05916127794353088
-0.03380227426532656
-0.045616283430717885
-0.014864878030493855
-0.7457867793273181
-12.739618575476925
-11.233230586512946
-22.656443804996343
-5.52678094804287
-5.377072494455206
-5.621337642514845
-2.0901019254743005
-3.5659259581079823
-2.87801899202168
-7.208315791818677
-0.5586463343352079
-4.565871762053575
-0.21330859817680903
-9.136894793598913
-12.88739721206366
-6.951705880463123
-8.276102855801582
-0.24861544258601498
-4.708150668833696
-8.1870436668396
-2.2132974307314726
-13.03008547553327
-12.617398786183912
-10.344041765697057
-0.022445383423473686
-0.06516867872414878
-0.011875521478941664
-0.2932989097025711
-0.151861912701861
-9.656406489826587
-0.009078807954210788
-0.04781187427579425
-0.012336222978774458
-9.475962093858236
-0.010038331849500537
-0.0393015132722212
-0.01678731309948489
-2.1489939466118813
-4.079986171564087
-26.294474566660938
-10.81981711811386
-3.4884409026708454
-1.433085578668397
-11.194875048088619
-0.011657476017717272
-0.030249494855524972
-0.012800023047020659
-0.023145311719062533
-0.012002272997051477
-0.02459970090421848
-0.014439714424952399
-11.707638776261717
-0.011268245638348162
-0.025898713451169897
-0.017304893000982702
-11.914863176215334
-0.011928185063879937
-0.02473870619724039
-0.01721880745026283
-3.9220165468286723
-26.431775611679768
-4.498997622868046
-12.478379507083446
-6.204415131593123
-7.323392216087086
-4.326610507443547
-11.327379746362567
-3.8516820599325
-2.6829675275475893
-0.49485210375860333
-0.3248680003453046
-0.2065924183698371
-0.2011265443143202
-5.49681773611519
-0.1606973321759142
-0.12644205917604268
-2.6557033126446186
-3.856518330052495
-0.3476109877228737
-1.132583197322674
-9.967462239408633
-0.09293429343961179
-5.311761604505591
-0.20448681064590346
-0.04876501669332356
-0.01780438335845247
-5.503356310538948
-1.7955938950181007
-0.444230230525136
-9.618486079853028
-17.042943934560753
-9.725646832957864
-10.565576815977693
-3.4823966599651612
-4.120991840958595
-4.426944874227047
-2.747474421237712
-1.6369555573910475
-0.7313366391099407
-0.11072426056489348
-8.413622038206086
-10.0163961299113
-2.6954498142004013
-0.29714525619056076
-4.417653379030526
-0.16222494438989088
-0.7091689480148489
-5.056297063827515
-3.883159785415046
-29.776926190475933
-8.25078839622438
-18.44267498701811
-12.257873489405029
-4.300261301221326
-3.798101545777172
-6.687435440719128
-6.403932487708516
-11.16218529829348
-5.051410078303888
-1.7023089211434126
-0.24620668217539787
-0.44148454489186406
-9.07323069488848
-1.082688526250422
-0.6258431035093963
-0.5526599809527397
-0.05578475596848875
-0.1460420082003111
-0.08165765955345705
-0.38821064960211515
-5.792325598791649
-3.309676009361283
-1.3965731004718691
-1.08341620961437
-0.45790386758744717
-1.4035630114376545
-29.98522055047215
-0.5205684993416071
-6.648667335510254
-0.06345154560403898
-0.07818419247632846
-8.56989516603062
-5.811751873727189
-6.177529002758092
-0.69947399944067
-5.83110814797692
-0.14113719575107098
-0.07848531589843333
-0.04849013336934149
-0.8027729792956961
-7.1077744876092765
-2.810384225798771
-1.0739114731550217
-18.66593928754446
-1.429403391550295
-2.2111490937531926
-2.36870659282431
-2.911383123602718
-2.5525997560471296
-11.13111278769793
-4.119060831377283
-1.40295683134309
-0.17879227083176374
-0.18683309311745688
-0.09326796245295554
-0.10936873278114945
-0.09997687768191099
-4.289666007272899
-67.88999360245361
-8.127577388426289
-10.370509384564798
-0.017671394336503
-6.617939303745516
-0.01552126623573713
-7.642983377707424
-4.5311105428263545
-1.477158244815655
-3.3556017515948042
-0.46567802925710566
-20.368276196411898
-27.421750240260735
-3.592314859852195
-0.7536297012120485
-4.126436887047021
-0.1838732808973873
-0.4399264887906611
-0.2462062817066908
-25.737051676143892
-6.875188360747416
-5.2823111292673275
-0.2294759373035049
-1.4776885462924838
-0.2616750295564998
-14.926494542834007
-0.30019293120130897
-0.15865916994516738
-0.0646233935985947
-0.613659850510885
-7.538098397431895
-0.06651149119716138
-12.072500736598158
-14.429985294817016
-4.2037000246346
-0.3695908603549469
-14.71657481440343
-21.553803167167644
-4.457626277173404
-0.5330227520316839
-3.6908242451027036
-23.669792690780014
-1.7784407510334859
-17.192409272596706
-5.302934861043468
-8.290141837613191
-10.695780359208584
-3.741557963192463
-3.0820616632699966
-1.4696842608682346
-7.42178176001471
-1.4892497891560197
-0.12929479985905346
-0.2558643976226449
-17.389524208498187
-16.53162576458999
-8.43947004340589
-0.3431331953033805
-10.534699682379141
-3.279129099100828
-1.2026190371580014
-1.4136351272463799
-19.986516048607882
-0.27019462606403977
-0.0831293729133904
-0.1663943305320572
-5.0716068391921
-7.132012188434601
-6.169115850341768
-3.4462408903054893
-14.05600340005185
-2.8908268494997174
-20.060252427181695
-26.750287555216346
-0.15898261778056622
-9.715568732004613
-17.53795361565426
-23.487482715048827
-14.900525831313644
-6.006621457170695
-4.322425216436386
-22.61658484407235
-1.9148759888485074
-2.2613537902070675
-7.446639539877651
-3.031621916921722
-10.672748578130268
-2.8405037288175663
-6.395809965208173
-4.977950939100992
-11.095698140081367
-3.2028178349137306
-0.08292914764024317
-3.4179135201266035
-13.05041428059576
-6.123174413514789
-0.3677869290113449
-2.7315899922978133
-5.74960575310979
-7.844152470584959
-1.6310071181505919
-0.6581054283306003
-8.599281050192076
-5.938711256661918
-63.96491765975952
-5.266921281814575
-2.6008583075308707
-24.874876981317357
-0.2706878024036996
-6.535963352071121
-0.12820778485183837
-16.524900383519707
-3.2195654588285834
-1.3664974375860766
-16.861495999619365
-17.445882425294258
-6.35987957008183
-3.6156570659950376
-4.478304810938425
-2.0335583467021934
-6.132946967147291
-14.878304026180558
-17.27806517854333
-0.34831783491245005
-0.13853217661380768
-0.13591770267521497
-0.9134141857211944
-4.505788116788608
-7.507399685680866
-0.24620616622269154
-23.925613290943147
-12.679874716719496
-10.062865647734725
-2.587800742825493
-24.79111686698161
-4.182212218642235
-30.280081277051067
-9.312344074130806
-19.059551626094617
-3.53206055611372
-0.16900097392499447
-0.9986851813155226
-1.303867133334279
-2.7535148492315784
-4.572115410352126
-5.28184962272644
-7.894940596612287
-0.1018449910916388
-2.724613102065632
-0.07672712352359667
-9.823517958458979
-0.2213736560079269
-0.057471113846986555
-2.2378249876201153
-10.928544604750641
-0.24620663188397884
-5.25552706758026
-3.9837434223518358
-4.4536303910426795
-2.394550670986064
-11.779184621176682
-0.9048747976194136
-1.4183724200120196
-0.7074567702075001
-8.116453909315169
-2.5928329806774855
-7.941058405442163
-1.8250630795955658
-12.788179026654689
-2.366778708063066
-0.2462062444537878
-9.672330716428405
-10.039840027151513
-4.45629931637086
-0.13520396839885507
-3.4083884610881796
-5.97137139471306
-0.5038663040832034
-2.726963091874495
-13.784612070638104
-3.429019465809688
-4.961904397910985
-5.319772448390722
-27.56133001492708
-8.740090778417652
-5.14863882958889
-5.160582020878792
-10.889305623742985
-7.796855300664902
-0.034663277911022305
-21.74330808277591
-6.988218832761049
-0.30252208141610026
-2.4066763455048203
-6.664525590837002
-0.644990585744381
-1.449402766476851
-3.1341042938583996
-0.45730888843536377
-2.6403487074712757
-0.41831873543560505
-3.215446040063398
-12.184418184973765
-0.4194585594232194
-1.8131625773385167
-0.3430095314979553
-3.9350516200065613
-7.984437371836975
-11.1098989949096
-6.278692763764411
-2.4638864862936316
-1.8094692309387028
-2.2953639272600412
-0.1880835452611791
-0.2694410991935001
-0.9063585545736714
-2.2703736247494817
-5.246605610707775
-3.0468533583916724
-14.433023146775668
-9.518870936706662
-5.600054846494459
-31.51263589327573
-11.397089947015047
-1.1572149768471718
-0.7927462841034867
-0.2462062817066908
-8.250862706932821
-5.4508514515837305
-0.17021352308802307
-0.24745724210515618
-0.06230000264361024
-0.026610765722580254
-0.034845001457142644
-0.01628079148940742
-0.03527453465673602
-0.018147217808291316
-0.03159882122417912
-0.027373200748115778
-1.1499979235231876
-1.5584974559751572
-4.985049829585478
-16.19941995208501
-0.06253934276173823
-9.207439919235185
-3.5180788300931454
-8.881068571470678
-2.67909699305892
-4.474430159665644
-17.238197792321444
-0.984479695558548
-0.29005692078499123
-9.06930363830179
-6.524513276992366
-2.5437469258904457
-11.689866881119087
-10.342976637301035
-5.609112799167633
-5.934607065748423
-18.31722714425996
-0.1911069955676794
-4.491387686692178
-11.329821538733086
-5.21043273806572
-5.9196713857818395
-3.0890656113624573
-0.06416015210925252
-0.022119427274446934
-0.040678707882761955
-0.019568278279621154
-3.751823753118515
-1.3230446423403919
-1.7297363290563226
-0.06241773314832244
-2.9843210675753653
-2.935019421041943
-4.609541427722434
-2.372410861076787
-4.152626531780697
-9.391486438427819
-9.495289342477918
-0.3677872121334076
-13.939323700033128
-3.698138649458997
-0.07340664910225314
-0.09800011194965919
-10.462733081488295
-0.022434921585954726
-0.040660967730218545
-0.012207249703351408
-3.488372566943326
-6.18732254486531
-9.462173049047124
-5.2877278557862155
-10.78354699909687
-9.497378481145631
-0.020153657533228397
-0.021808326564496383
-0.018065857933834195
-7.441456140019
-7.430970793539018
-5.168642516713589
-11.045046268031001
-5.257159971632063
-0.43311263900250196
-9.03779658745043
-5.319967796145647
-3.8940932695477386
-10.941359645272314
-2.236532485112548
-0.30637112888507545
-3.0434977132827044
-0.034431274314556504
-0.14581885021470953
-0.04927855540881865
-0.11584193477756344
-19.79363479906897
-1.348575273528695
-0.070189985131492
-0.022243422747123986
-0.04160920059075579
-0.016725895227864385
-4.66951678134501
-9.209441015758784
-1.0190342168789357
-0.8580297958105803
-0.044663657633002174
-0.01963885093573481
-0.03944860778574366
-0.02106154455395881
-1.6068066009320319
-8.803698903415352
-7.862922789470758
-4.427653938531876
-1.069233749061823
-9.710199998837197
-2.9587430293904617
-2.4712375104427338
-2.4181456122314557
-3.0502048349007964
-6.253422778099775
-0.7136266808956861
-5.835581530664058
-4.3711771089583635
-4.919777934788726
-4.55142324946064
-3.536996504291892
-2.2277809448933112
-10.464535102807645
-0.08028809091774747
-0.39895025821897434
-0.019019785686396062
-0.06475278836808229
-0.011607420863583684
-0.08215052148443647
-0.03238334198249504
-0.12564016343094409
-0.24488139501045225
-0.22365428367629647
-3.7510331740486436
-0.6091645103879273
-11.448133980040438
-16.13425921907765
-2.5801894702017307
-0.6232615823391825
-6.088103238493204
-5.80281502683647
-1.391361195128411
-1.964265648741275
-1.0032120088580996
-0.7136266250163317
-0.7331400164403021
-0.43330016639083624
-1.8314051739871502
-1.1828488351784472
-8.311841119852033
-0.19438802869990468
-2.3365973953623325
-3.2026678770780563
-2.5560361794778146
-1.8335712106863866
-1.0943139949813485
-3.8416229686699808
-0.21968241536524147
-0.22888713900465518
-0.09203647615504451
-0.0507460797780368
-1.0017335400916636
-0.22062897915020585
-2.5208424106240273
-8.05214797554072
-4.194283493794501
-6.184852878635866
-2.5808184433262795
-7.393370443824097
-0.13471021433360875
-0.04831119171285536
-9.776682851224905
-1.4976754307790543
-24.15582282608375
-5.379534893640084
-0.05030342550918476
-0.017303223779890686
-6.359989492339082
-0.011671328451484442
-2.83215428199037
-6.681479185819626
-0.24620616622269154
-6.592126747476868
-0.2427017241716385
-0.2925721727660857
-1.75026368862018
-12.168841597856954
-0.09099015220999718
-0.16923620415036567
-0.06991144109633751
-0.06168954202439636
-8.809168422943912
-4.421405021770624
-4.4464822662994266
-0.5197287660557777
-3.155320882797241
-12.211798585951328
-3.8008925057947636
-0.16940520331263542
-0.08711530838627368
-0.03886260945000686
-0.08913345518521965
-12.161162442089335
-4.024714607745409
-10.95058904606526
-0.027810026775114238
-0.03143771109171212
-0.01065622764872387
-1.076949508395046
-12.96731467160862
-2.057037664751988
-8.240252575385966
-5.700207293388303
-0.4093866990879178
-1.8348136421409436
-10.498007675632834
-6.019164937926689
-14.774797360366392
-4.731245506551659
-4.524322635261342
-0.4437148829456419
-3.031820978736505
-0.07744166770135053
-0.15391085698502138
-2.772539217956364
-27.190916876890697
-0.9302593898028135
-2.1833642912097275
-4.470891270990251
-3.0577912158769323
-7.582091741205659
-4.0452474895864725
-10.042983844410628
-1.7151404567994177
-5.527187423838768
-8.47085589764174
-3.250926643726416
-0.27113036438822746
-0.21944697853177786
-3.4249232951551676
-8.092606592457741
-16.219737203791738
-4.7854072684422135
-0.68696179894323
-5.729301468003541
-0.8601507490966469
-0.19929705063987058
-0.10708179190987721
-0.07623576279729605
-4.544421722181141
-15.553178373258561
-3.4063515786547214
-0.10827337950468063
-4.4470231318846345
-4.304179857484996
-3.7995620055589825
-4.749959664652124
-2.770524182356894
-4.44322937016841
-11.312711762264371
-0.06673793401569128
-1.1425028359517455
-0.5946536884985107
-0.8908762047067285
-6.179356429725885
-6.523441438563168
-8.411021396925207
-0.48012975729216123
-0.1605674524907954
-0.8488912209868431
-0.14163992197245534
-0.1470115827396512
-3.912587526734569
-6.768566688289866
-15.11567122026463
-5.190048425167333
-4.621812105178833
-3.9715407595504075
-9.005476609803736
-0.19647073978558183
-12.866549738682806
-8.63384734140709
-15.816460440779338
-12.818473223429464
-0.05695072188973427
-4.2195450770668685
-11.651915662921965
-12.963173802942038
-2.16249018907547
-0.812826007953845
-0.7464151158346795
-3.9433491029776633
-0.041785337030887604
-16.496734922286123
-6.67190901900176
-5.215984547510743
-3.5948422383517027
-1.276897810632363
-4.897418022155762
-1.341719071060652
-1.184331309661502
-1.8532151813560631
-6.273619790226803
-4.1700658516492695
-1.701394243631512
-4.92329505388625
-0.024104125594021752
-2.086440708313603
-1.2755213879863732
-1.1531426439469215
-1.997652767575346
-1.2797731749305967
-0.15358128527441295
-0.32999910326543613
-0.027633990262984298
-0.04974465168197639
-0.06340957595966756
-0.2688115141354501
-0.06707191669011081
-1.8419650499126874
-2.7330481112003326
-2.267603693289857
-3.852529103432971
-12.122820006312395
-3.6976396604950423
-11.78876493871212
-10.566747434437275
-0.2744808215647936
-0.0457881735637784
-3.3613308944331948
-1.8291763227898628
-0.0216455188638065
-15.191634533926845
-3.348991258913884
-1.387145210057497
-10.319948733886122
-1.401129730977118
-0.92528683738783
-5.780708380974829
-13.732929950172547
-4.088887641322799
-2.540728345979005
-0.1276235282421112
-1.5322926388471387
-0.019614250806625932
-0.5629187512677163
-4.285907807585318
-0.3937310617475305
-4.700162768014707
-1.1929000094532967
-7.685397093882784
-11.000482929870486
-7.805599059443921
-7.617012236034498
-8.517256782390177
-6.19990637365845
-3.33196429599775
-4.0644968881388195
-3.4853198230848648
-2.8491490703308955
-7.82903667492792
-2.2220290523255244
-1.195323542226106
-0.5454079748596996
-0.3387608988377906
-1.193389672524063
-1.8049402460455894
-2.2494919842574745
-5.494360637276259
-5.220461994409561
-8.286699671298265
-1.319777094759047
-18.810125898471597
-10.051191300095525
-1.1303591192263411
-5.2717086039019705
-5.393320010975003
-8.359219595906325
-18.16102814208716
-8.05589411384426
-3.4787134267389774
-6.008556865097489
-1.657970820670016
-1.1990526127628982
-15.827919973409735
-1.0520460465922952
-11.330972160430974
-2.9518752340227365
-8.90527208300773
-1.8212626352906227
-4.049641662301383
-25.92489850128186
-14.431734569534456
-6.2852700930670835
-12.994026388390921
-5.6136494455709
-5.5951653541242194
-4.446856959722936
-11.263536024751374
-10.91434873198159
-2.1950360180344433
-15.00416370300809
-3.2296393387950957
-15.151728534547146
-3.9854561232496053
-2.4245771802961826
-1.0247109616175294
-6.411025535548106
-0.039612976368516684
-0.03601332812104374
-0.026673116313759238
-2.045447851996869
-4.684595073806122
-3.741737702541286
-2.921411226503551
-0.8773376941680908
-0.47182254573272076
-0.34156876360066235
-0.08392766564793419
-4.8929737946255045
-4.684594437479973
-6.5585527420043945
-11.909040597267449
-1.1796889323741198
-4.168141524627572
-2.216640204191208
-9.476877838373184
-6.011523936238518
-18.938648156821728
-7.507345743544647
-4.781963726505637
-14.098309568595141
-4.19882213670644
-0.07868911325931549
-10.441582142957486
-26.722610348835588
-5.790418255142868
-7.448754537093919
-4.697699041222222
-4.938392223673873
-5.285040255635977
-6.886306111700833
-0.3476114124059677
-4.959545602556318
-12.250310555100441
-29.631479132309323
-11.923475078307092
-23.607505189051153
-0.3555139312520623
-13.853796225041151
-2.1437991578131914
-16.970422535203397
-7.217060636729002
-6.535043990239501
-8.751540184020996
-0.1598190695804078
-0.09508288733195513
-0.06872820272110403
-4.840910153056029
-7.760631265351549
-8.945901958271861
-10.146347550675273
-14.101178001030348
-32.811862430069596
-10.320651844143867
-12.061354914156254
-18.283567464444786
-5.399370669620112
-3.358053109725006
-27.84663471946351
-11.439332386313907
-0.0140215476276353
-0.02647445297043305
-0.010881986352615058
-21.33565989136696
-8.60200881480705
-10.497991748445202
-15.298377156223069
-3.8696125308051705
-6.842730628326535
-6.807632801355794
-14.170126346638426
-2.5740944687859155
-8.23570130765438
-4.986914156470448
-13.2540143430233
-20.69070185907185
-15.559507261961699
-3.2754975627176464
-17.398895666759927
-0.7917838223511353
-6.453656911849976
-9.723023892380297
-8.836934015154839
-30.373009126436955
-27.255758965329733
-2.790421824203804
-12.617209387801267
-3.364703480154276
-1.1017951584799448
-1.4602481878864637
-9.896386664360762
-3.6216826951131225
-16.893118008272722
-6.0863395823398605
-6.054896267130971
-2.9313975357217714
-5.2728245455195975
-8.953114466858096
-0.6730004269629717
-16.57815642422065
-0.059851354686543345
-10.159100078977644
-10.568857604579534
-2.0656223668484017
-2.74515806697309
-2.3761157103581354
-4.8473733849823475
-0.03554243530379608
-0.451785194221884
-0.3514321238617413
-1.7312298007309437
-12.576493501663208
-17.958741079106403
-0.04362030839547515
-3.928527140931692
-1.5737709953536978
-9.911082681268454
-7.5957096577622
-9.669251926708966
-1.0576562117785215
-0.8066007131710649
-0.3278968612285098
-0.4958253135555424
-0.13869116084242705
-5.710015394433867
-4.538289437768981
-10.695843747496838
-19.768281953296537
-15.665383092360571
-0.3597432682290673
-6.954474296537228
-0.24620616622269154
-18.392415430265828
-8.596625811915146
-0.2022975163999945
-1.0280223470181227
-0.482931443490088
-0.4654594548046589
-0.08623028293823154
-0.06927600759263441
-0.03244608221575618
-0.044814598935772665
-0.016107053554151207
-0.024154300426282305
-0.01386496692430228
-0.025940940497093834
-0.014228123880457133
-12.427329163998365
-1.7205472148489207
-4.672591018992534
-0.11094945721401928
-0.2419274576823227
-0.04331255558645353
-0.010999506863299757
-0.24320603534579277
-0.22662915679393336
-0.270793080504518
-4.1543826857814565
-7.10517056658864
-0.9528581649065018
-11.009104667522479
-1.36466118307726
-16.678041595499963
-5.205263644456863
-4.115587372332811
-12.954929604075005
-11.062293025381223
-12.744097853079438
-3.897008772706613
-0.31110873725265265
-2.431875947775552
-3.6602247977425577
-4.065776505507529
-29.314024295221316
-4.002030810108408
-10.709751583635807
-0.13408864522352815
-0.2148499563918449
-5.886906564235687
-5.873300780491718
-1.8105891197919846
-0.09242541097773938
-5.491969231516123
-1.4343943819403648
-10.697630976443179
-1.3290193950379035
-8.158917162334546
-10.18309294024948
-13.941423878772184
-4.713334711195785
-1.8235511323437095
-3.5053772025275975
-4.184432238340378
-0.10231389617547393
-0.2756898715888383
-0.11131801188457757
-3.5384083032258786
-2.6210682205855846
-13.29133717228251
-5.270859444513917
-5.68657827633433
-6.2069509495049715
-2.6557085409003776
-6.975021496982663
-4.169242373784073
-1.3354927211767063
-2.032617391778331
-10.225794782512821
-3.8763336264528334
-5.696878079143062
-15.277233088050707
-0.43231669667875394
-14.566855303313787
-7.380360204086173
-4.538348366593709
-4.958919682248961
-8.23892747669015
-17.700566736981273
-10.107684689144662
-6.055517964065075
-6.736791713199636
-14.88829378495575
-7.362942905747332
-13.853507723426446
-7.321716142585501
-6.845935642486438
-11.192638494307175
-6.802347954362631
-11.755917868285906
-2.630741773173213
-7.412818670272827
-7.003086832697591
-7.259329624997918
-2.770797210512683
-17.100145346310455
-0.5417331398639362
-0.35291073823464103
-0.06242806412410573
-2.9833651781082153
-7.405287435511127
-9.482641418930143
-0.048606861382722855
-21.955869241064647
-10.172281055303756
-0.09954682691022754
-0.037741859909147024
-0.10006024414906278
-0.10828046768438071
-7.572345243766904
-3.1293948888778687
-12.707379142055288
-1.5625583212822676
-5.948768915375695
-5.131108999252319
-9.347396723838756
-0.6827237393590622
-0.2701895423233509
-5.876455235533285
-0.600302820559591
-17.823751313902903
-10.992788252828177
-6.128933273721486
-1.2967066697019618
-10.56554487644462
-5.24315597768873
-7.003115739207715
-5.490394317544997
-8.647022147197276
-10.718129871500423
-21.707006710268615
-1.2384376926347613
-0.28293929557548836
-0.0892450136016123
-15.541133074089885
-3.498147771199001
-12.824680909514427
-4.736762410146184
-8.737749481573701
-3.9711906388401985
-0.08277020510286093
-10.966311034862883
-4.117348003201187
-14.89871502056485
-0.13234858959913254
-6.617254248820245
-3.9596434109844267
-9.0716005254435
-2.695242684567347
-3.9037938385736197
-0.22059538285247982
-0.12568101601209491
-0.38435384270269424
-0.049081817984074405
-0.02297219750471413
-0.03219301250646822
-0.01732540357625112
-0.018896174705304247
-0.016625646501779556
-0.02639966872811783
-0.01709507146733813
-1.7062763252761215
-2.579852076320094
-4.248254381120205
-5.005082589603262
-4.741658374667168
-5.002039726823568
-4.9875054026488215
-0.02164540313242469
-5.239428013563156
-9.733543924521655
-0.41938862949609756
-0.09789640689268708
-0.11457400256767869
-9.231873697674018
-11.538270076271147
-5.869516644772375
-8.827749652089551
-2.4173264503479004
-7.638125861121807
-3.8050744719803333
-7.079070284409681
-3.597021954396041
-3.052657715510577
-0.5767560618696734
-6.739497473463416
-6.510231112624751
-10.73170567350462
-2.81872820854187
-0.6733292937278748
-17.749536250485107
-8.626472000963986
-0.367776176892221
-0.10506898339372128
-0.09457698819460347
-6.954534537831023
-6.799837242113426
-0.92275969820912
-6.890684133919422
-1.2198512554168701
-1.4290679693222046
-3.5913262218236923
-6.362178026523907
-2.1849508895538747
-18.78528058063239
-0.1375744268298149
-0.09735200990689918
-5.7546004621108295
-0.08197953467606567
-0.0885449480265379
-3.2726099491119385
-4.529520948883146
-3.471762055414729
-13.80342592089437
-3.089984873193316
-0.1770635129068978
-6.279484510421753
-0.1696156844845973
-2.930015420046402
-3.66737612336874
-4.2892955837305635
-4.385996666474966
-3.5720588713884354
-4.13393771648407
-10.324340581893921
-18.03570248541655
-6.072569804360683
-7.780838790582493
-1.6827195743098855
-15.02409816061845
-10.5327550501097
-4.801578553393483
-5.852468013763428
-30.28381251679093
-10.803210854530334
-9.46492612361908
-8.405370341148227
-4.531475957017392
-28.68069760472281
-4.346848964691162
-0.034406311344355345
-12.18796736616332
-0.02686068630646332
-0.10702492110431194
-5.134327750012744
-14.551879539561924
-16.11326515674591
-2.5867774737998843
-1.7120501855679322
-4.9109910449478775
-2.2923545024823397
-0.1425414141267538
-4.392031757044606
-4.647205527871847
-5.472767358827696
-0.7346218135207891
-30.14800307841506
-22.292968199122697
-16.933560594916344
-1.008206491562305
-9.347432203474455
-7.771181382238865
-27.580558337271214
-6.5388937835086836
-8.14333945052931
-0.13832396018551663
-10.339639995712787
-10.54961201257538
-2.425688057905063
-12.994524374604225
-4.421456779353321
-7.061834895634092
-2.54639289714396
-8.31145922455471
-0.10346459773427341
-3.841695329581853
-8.168853629846126
-0.025118142024439294
-3.637220900505781
-7.027269453225017
-3.8663398548960686
-4.973254417069256
-4.267119134019595
-1.8201129510998726
-7.7411802392452955
-3.664603662356967
-5.118958079168806
-0.08601835370063782
-12.852090599015355
-3.717904668767005
-8.952102505601943
-26.44251238089055
-0.5621731579303741
-0.36237653344869614
-2.017719427123666
-36.11591919604689
-16.34188237786293
-0.12671008601319045
-3.878105103969574
-4.6370626129209995
-3.1841268676507752
-1.8160308898513904
-6.776298324140953
-5.123083055019379
-2.295926212798804
-29.0577984880656
-2.3703594831749797
-0.3512696912512183
-0.7885624365881085
-8.363837436178073
-0.09046917594969273
-2.3079245714470744
-8.180815696618083
-2.6800538514380605
-0.5396978948265314
-2.7937997850822285
-0.8061456279247068
-5.360105074942112
-4.258667939442603
-2.356513309525326
-0.34072829922661185
-4.90781606422388
-9.06720217072143
-18.095894782920368
-5.44595418125391
-0.059010541684983764
-7.881080059334636
-0.9049956148955971
-0.648343563079834
-0.16815879195928574
-0.2443127455189824
-2.8929395159357227
-0.11900917166349245
-1.5053259432315826
-2.3468076288700104
-1.1597789673833176
-3.5967127420008183
-0.18855123221874237
-0.32459660671884194
-1.5469877729192376
-1.572903660358861
-4.445882371393964
-0.2554131979122758
-6.93264104379341
-8.781964598456398
-19.897086477139965
-0.2873578141297912
-3.33132478967309
-4.717690274148481
-3.1807558942819014
-0.46260578953661025
-0.12078311457298696
-0.23624204441148322
-10.006738143783878
-12.97182145062834
-3.7902936320751905
-7.223072144435719
-8.170199860120192
-0.7136266250163317
-4.680786789685953
-2.0023252953542396
-26.58206680417061
-0.577275276184082
-0.5162024815799668
-0.1351717969228048
-0.1677271198714152
-7.617323875427246
-4.720660275746013
-5.547911167144775
-2.4303769236430526
-7.0725700574002985
-0.024121511742123403
-0.08852122258394957
-7.288432836532593
-11.475214095320553
-3.4877674944655155
-17.624439507490024
-2.601699037477374
-2.7628849718603306
-4.860058107879013
-4.391228675842285
-0.20420566717803013
-5.842918637288676
-4.816047159896698
-8.230699555948377
-15.081509640174772
-2.630357000976801
-4.735538307344541
-1.0337880330625921
-13.397925398661755
-5.6439473745413125
-26.424431623890996
-2.398739220108837
-0.7295618057250977
-0.46401602613332216
-0.12956750392913818
-1.9777165837585926
-1.6974097890779376
-12.568142408999847
-0.15429152140859514
-0.02359637222252786
-6.171593751292676
-0.02184266084805131
-7.682180464500561
-5.714151065349142
-1.758239929098636
-0.17137249559164047
-8.744548628106713
-4.593395273666829
-2.1491589942015707
-0.5170404609525576
-2.0918350216679755
-14.972523839154746
-1.7902995753102005
-1.0964378202334046
-6.55755940877134
-14.282993399432598
-11.314666525468056
-6.510543058982876
-4.21330707333982
-2.00599827420956
-0.5493667420269048
-1.4902000203728676
-18.788576875020226
-14.419949490511499
-10.256169357598992
-5.026049492822494
-8.8999954899773
-13.138614146497275
-3.869093419983983
-8.596099842656258
-4.024736936382396
-7.143431931734085
-3.9065417104866356
-3.112459511583438
-3.324976932257414
-2.331878064200282
-6.5872813505120575
-1.6574018691389938
-3.313598913140595
-25.086990624433383
-0.4863778024446219
-4.710469837300479
-2.900765910744667
-4.524432619102299
-1.5795250805895193
-0.3564157015644014
-4.9459979177918285
-5.790611572563648
-7.330081211403012
-2.8611134905804647
-0.1083591328933835
-0.10143337392946705
-5.001105120056309
-0.224916250561364
-5.576728101121262
-2.218842463567853
-0.2810234511271119
-5.415825414471328
-6.270414928905666
-0.8675093004712835
-4.892564305453561
-1.7202829141169786
-8.529543437063694
-8.212133050285047
-2.8110688946326263
-2.822743186614389
-0.8033899879083037
-11.802638106048107
-0.4944155989214778
-0.4085919977078447
-1.044026940362528
-8.985720642815068
-0.05992916820832761
-2.2525596577324905
-3.1417173594236374
-3.5253383870667676
-4.832624675915213
-5.291561364894733
-9.460443489253521
-3.924644745653495
-2.0152272637933493
-12.589048538997304
-0.14451122609898448
-13.61744525283575
-4.236414639279246
-0.6058325048616098
-4.751686004921794
-0.7434555858180829
-1.7614676104858518
-4.63383000344038
-0.21131363295717165
-9.776006050407887
-0.033192170929396525
-11.376872672699278
-2.8186758309602737
-8.484006578102708
-6.703883317622967
-5.900395739765372
-3.264666325878352
-2.083943905774504
-0.1446812730282545
-0.2855081732996041
-2.2320026205852628
-0.028284774023632053
-7.931089410661116
-2.108941473183222
-14.080324881952038
-3.5105291437357664
-1.3383250679153207
-13.365983710902583
-1.8240210488438606
-7.636523379478604
-1.2185073138289226
-2.435300551354885
-2.0942830493149813
-1.9009187475312501
-2.4510505352272958
-1.3721385159897181
-7.718814015388489
-9.1659259305452
-5.191624534577386
-7.271649052097928
-0.08748341526370496
-2.339156622532755
-1.6046243060845882
-0.662949804449454
-3.7118672253564
-9.160064626674284
-0.15203856916923542
-0.1395471870782785
-0.054283651523292065
-12.39881494036672
-4.527350932359695
-19.194136464735493
-10.18796038418077
-11.271050191833638
-5.125489502577693
-0.3341293931007385
-9.608767637051642
-2.975108288694173
-0.8210862927371636
-3.038967043859884
-6.135061976034194
-1.0228068178184913
-0.33441575372125953
-3.4041940168372093
-0.31423307412842405
-5.607850095489994
-5.281849354505539
-0.527027815580368
-0.19212031907954952
-10.860652597504668
-11.630701256741304
-6.160091709345579
-1.994466621428728
-1.304898587637581
-6.278295508580413
-1.8317233777179354
-14.80299575428944
-23.682057562045884
-7.026736665684439
-6.500331931223627
-10.104984045156016
-0.4197314912453294
-5.397998238215223
-7.482795481046196
-4.106290101065497
-4.37141928775236
-10.870487977517769
-11.955116135184653
-2.106363672763109
-8.042772109620273
-0.37818300424987683
-0.0491762624878902
-0.129225184173265
-0.138151210398064
-6.471403460313013
-0.08979534590616822
-4.613266606873367
-2.8125208914279938
-10.782614118885249
-0.24585302418563515
-7.918360533192754
-1.9042707695625722
-9.775425834115595
-10.816816748352721
-6.5290927027890575
-2.4269008338451385
-1.897211660631001
-2.1156453249277547
-0.6295631376560777
-4.34524762473302
-11.508472383022308
-2.45886592194438
-1.199660995946033
-0.35790116086718626
-6.674226706265472
-6.308341380674392
-4.163808345794678
-6.9499179575941525
-4.593151529872557
-6.672250513918698
-0.15661594591801986
-0.17825841315445246
-0.0245298677473329
-5.8521957863122225
-0.013153280218830332
-0.3252099477685988
-1.6320684105157852
-7.7250096797943115
-11.937874296680093
-3.0793141797184944
-6.59185397811234
-10.927973958023358
-6.032806448856718
-10.452528625319246
-24.647569227672648
-2.8421035669744015
-2.6339260422391817
-4.3576114401221275
-0.1328234593383968
-7.891259826021269
-1.4263609669151265
-0.8029291915081558
-0.8279254311928526
-0.09134170948527753
-1.6647622932496233
-1.429234579205513
-0.2043659221380949
-2.823021352291107
-5.258173951879144
-3.395835888106376
-13.330821034498513
-2.9118104627123103
-8.923523797697271
-9.585165522992611
-5.988358223694377
-3.999265242717229
-5.137068354059011
-4.196515773728606
-8.504211261868477
-0.451548702432774
-0.21212709147948772
-0.19369163492228836
-5.256671125302091
-2.899206228554249
-11.64231661055237
-2.803813881240785
-4.162441372871399
-14.270061698392965
-10.119916077666858
-4.037082642316818
-3.1610831022262573
-6.728252461156444
-17.465442921966314
-7.469318389892578
-7.307735174894333
-16.117866925895214
-21.073927665129304
-5.156391848955536
-5.316851317882538
-12.12430785538163
-4.571580947609618
-6.607919745147228
-12.860173866152763
-24.350437508081086
-6.394724426674657
-17.406693967059255
-3.111469589173794
-7.943064715713263
-6.619415414519608
-1.8564758896827698
-8.012193790345918
-0.3905658044532174
-10.537837888114154
-0.16751284370548092
-7.295104895951226
-3.011534810066223
-11.41560523957014
-5.718818664550781
-10.692280140006915
-5.522931458195671
-2.659200608730316
-2.3471164205111563
-0.15838326700031757
-4.542131248861551
-15.418458713105792
-4.337204813957214
-8.100245390664895
-5.979775428771973
-6.160254001617432
-6.578677415847778
-8.322778021916747
-5.989514887332916
-0.3324141032062471
-2.731365874176845
-25.255012996844016
-1.6775202144344803
-13.016365984069125
-3.1749003073200583
-0.6505936128087342
-0.04902173268783372
-2.353128013201058
-1.5053951311856508
-0.02808381825161632
-0.09612220870621968
-2.3255656920955516
-0.02271390405985585
-6.5299163170857355
-3.2411227358679753
-0.1518260018201545
-0.2514283426316979
-8.459374548958294
-0.05315921413421165
-3.295285403728485
-1.4397053271532059
-4.422556069213897
-5.744957108050585
-3.764226714731194
-2.583867594599724
-1.7872443199157715
-0.7136263977736235
-5.157666683313437
-14.03914945373981
-11.502439486561343
-2.154436358716339
-0.6573180854320526
-0.39767948258668184
-0.3310940806113649
-0.3204450674747932
-4.151528197340667
-16.402215375972446
-0.34783703490393236
-2.9914983201306313
-5.1638184511321015
-15.686667641311942
-3.249930202960968
-4.125402148160902
-0.0197963232640177
-6.119146076031029
-0.012781704077497125
-0.016305240453220904
-1.4929872687789612
-1.5535571854561567
-0.07576836651423946
-3.2836471898044692
-0.060743687812646385
-1.6730154199176468
-0.7982093986101972
-0.3296337249703356
-0.22367145982570946
-7.0801544153364375
-1.4048533774912357
-13.100560549413785
-8.774659416289069
-0.11392400963813998
-0.20392141770207672
-0.1720966104476247
-4.343841567635536
-8.497901971983083
-5.870629535056651
-6.301770354330074
-4.713416427373886
-18.62462987890467
-1.9449971616268158
-1.8403220539912581
-5.025478194800598
-4.643792944028974
-8.38671480724588
-7.779401831328869
-3.0111916586756706
-7.321061943192035
-3.7481187265366316
-5.304232191876508
-0.45757034193957224
-1.858920841026702
-14.926313957737875
-15.296519697057192
-0.1297359586096718
-0.01641773563460447
-2.263921380508691
-3.6840824486116617
-2.122795443981886
-3.7813787050545216
-0.6115015977993608
-27.463750099763274
-16.98570856963488
-13.175075837300028
-11.829731982634257
-2.3596972972154617
-4.226985812187195
-2.36183815356344
-7.744191754056374
-11.397768750786781
-16.89999952992366
-0.19957385235466063
-2.349277017172426
-0.4747152116615325
-4.245249855575821
-8.45046206294137
-0.13814947598075378
-5.305779865942895
-6.45239345729351
-1.8431142065674067
-2.4102912491653115
-0.9854197963140905
-4.838054146792274
-11.599569119800435
-6.456175565444028
-2.7711482918821275
-15.066384358511641
-10.608072930730486
-8.348439211025834
-4.81889743877764
-8.673261917196214
-3.2666778288530622
-16.238487353315577
-11.116062679502647
-4.6348044714541174
-2.538923555286601
-4.777891338104382
-4.684000349116104
-4.867908015847206
-1.5739876157604158
-7.736260590667371
-0.11880252878108877
-7.897463472421805
-2.39234250492882
-5.456982104842609
-2.953321271808818
-3.1079382561147213
-10.205270320177078
-2.260621900932165
-1.2585348635911942
-5.51305265094561
-4.950925495475531
-2.7333931922912598
-0.0886165750271175
-1.1728564351797104
-1.1665039658546448
-22.610914543271065
-5.342627619858831
-1.3027264922857285
-9.5186470783392
-13.197157859802246
-15.676421993412077
-1.42059788107872
-6.814257571473718
-2.8953899443149567
-6.7068999744951725
-3.463925361633301
-15.399741311208345
-0.37569250891101547
-0.5273976514581591
-3.9475516764214262
-0.15411637217039242
-0.08025269283098169
-0.2359585222438909
-5.031047593802214
-11.127649661436408
-16.370512864556076
-0.1761622636095126
-12.756660311482847
-7.95698069781065
-7.429202551720664
-12.770999336520617
-3.1291292905807495
-0.4227103292942047
-2.23149374438799
-5.966402947902679
-5.865772424265742
-2.397238831035793
-3.9591190544888377
-15.940963085056865
-26.331432047183625
-15.17097834541687
-16.521753546985565
-1.8929920196533203
-4.51409475505352
-5.808625053614378
-4.017495393753052
-1.345738870324567
-0.04891381214838475
-10.233240167144686
-10.091480616480112
-8.255538380239159
-6.812740688212216
-20.846153581514955
-6.956930555403233
-6.603127092123032
-15.265788529999554
-8.650761211290956
-3.0531152486801147
-4.833698982838541
-8.261599220335484
-4.024762422312051
-3.165016647428274
-12.814452972263098
-16.31147914030589
-2.7026498913764954
-3.9363582716323435
-10.015732516680146
-6.70137806670391
-5.33080210571643
-7.710917575634085
-6.615766475442797
-19.678779557987582
-0.18140386452432722
-17.68317386074341
-0.2261073978152126
-14.91298859505332
-5.079839710058877
-5.656515058828518
-6.570260411943309
-2.2684605792164803
-7.605992704629898
-3.9965184330940247
-13.268571283319034
-3.948718771338463
-9.41441309824586
-15.932951139751822
-8.033943492919207
-15.259433625964448
-14.2204897335032
-19.413647895213217
-24.175602128147148
-2.3451821770868264
-1.872533637098968
-4.528774793718185
-2.416029466316104
-5.918968539770503
-6.505419582128525
-13.158173706382513
-5.846411669161171
-7.009257215075195
-2.7059802170842886
-0.175353924320234
-0.01819611107930541
-6.148145736311562
-0.018134809099137783
-14.19463089821511
-8.881105050597398
-0.46773760145151755
-2.5132168824784458
-7.7678635204647435
-0.6742386762052774
-5.228956887498498
-21.378328853104904
-4.741948983144994
-3.6419338883133605
-6.594571094727144
-4.368089801049791
-2.4655917566269636
-0.07672840774466749
-0.25322578257055284
-9.519544714596123
-17.270822612568736
-23.042483998462558
-11.857160560786724
-5.036114104092121
-10.958030674373731
-7.006991046055191
-29.552381192246685
-36.07379946536821
-3.4137010999547783
-7.145000348333269
-4.394605934619904
-2.5435346961021423
-3.3915069103240967
-1.6022978187538683
-11.802267989380198
-18.01221339488984
-3.625539457425475
-1.223783191642724
-8.880426700459793
-9.961266443133354
-5.568681597709656
-15.237797730136663
-13.067356983199716
-30.08922633063048
-11.259895996741761
-2.880309800617397
-6.3161662593483925
-0.06253992006531917
-1.652949158102274
-1.1666340827941895
-1.375825429269753
-15.076775356850703
-4.05010581865281
-5.3231143821030855
-7.498790752142668
-9.53547771013109
-3.9997866805642843
-6.11707950476557
-0.521341503597796
-5.6147270910441875
-1.914855495095253
-3.325519010424614
-2.1428400576114655
-4.229923941617017
-3.339341402053833
-0.23458001961989794
-0.0922914217953803
-2.082688093185425
-5.854569151997566
-26.084284548480355
-22.748710120096803
-11.226825311779976
-8.868608103373845
-2.025324732065201
-0.9121141018223398
-0.06741217027592938
-0.07546538032329408
-0.06072038994443574
-5.6304851596360095
-6.267712990287691
-20.318531932891347
-23.877048053313047
-4.9431202076375484
-17.2092802436091
-0.04336383296868007
-4.7554416712373495
-6.176647305488586
-8.307910056086257
-29.759660873562098
-7.671998738893308
-2.307120002253214
-16.01415045047179
-1.6735781840980053
-10.369499952665137
-7.706149969249964
-2.6264340025372803
-9.32413794612512
-2.5257279810030013
-0.5953042783112323
-6.377756973983196
-3.4655902966624126
-10.683245364576578
-2.560083534801379
-0.18511517508886755
-7.097208102233708
-7.329356902977452
-4.517385325510986
-3.4104679077863693
-5.4949632557109
-36.737987361848354
-9.192413447191939
-4.908548409257492
-14.094363306416199
-0.044139310070022475
-1.0969997644424438
-4.795923471450806
-3.8767911829054356
-7.040171524975449
-5.74626418594562
-25.293567709624767
-13.797097482125537
-10.173788909880386
-3.662335954128139
-4.686715880092379
-11.916223099135095
-4.062175750732422
-0.029755942429801507
-13.057477368651234
-9.928600788116455
-7.497520481987522
-7.214305920060724
-9.826549411285669
-0.04445879419290577
-3.439747631549835
-0.8173805032856762
-11.455563778203214
-3.097854256629944
-0.09015778757839144
-2.810073179367464
-23.52206265966197
-6.51347884349525
-0.0437951413623523
-3.4247194750932977
-4.374853134155273
-11.885470010340214
-13.973721445043338
-24.92501670564525
-13.877889101859182
-7.697608660906553
-1.1870949079839193
-4.249939736328088
-28.9621015083394
-1.5369238653511275
-0.9757789156865329
-0.08897406689357013
-0.6095071490235568
-13.152899656328373
-2.4773562867194414
-5.114687203131325
-1.0918652507825755
-16.825823053368367
-6.488397435983643
-0.8650041404180229
-4.0330200281969155
-2.469229417714814
-3.0858295481011737
-1.7320343822939321
-0.08197214867686853
-3.0622181450016797
-3.423363385023549
-1.789285242492042
-2.533163402695209
-10.167197812814265
-5.992037430405617
-3.946984233218245
-9.24197331815958
-2.482389390701428
-3.655611577050877
-0.2568281018175185
-10.826316781245623
-1.4485230301797856
-2.498819151369389
-0.0817024395801127
-6.137066593393683
-2.843944240361452
-33.861323977820575
-3.435349299106747
-6.110496996923757
-0.8138550473377109
-1.2476218193769455
-11.30129860388115
-0.08214741200208664
-20.56849792727735
-5.87840084155323
-20.477293760539396
-3.8409523459267803
-0.7178637606775737
-0.20921635374543257
-0.5066046833126165
-4.375499039888382
-7.64946503666215
-12.255468564108014
-2.7578583874637843
-23.265690727119818
-2.0424623638391495
-4.9268427873030305
-2.2193483710289
-1.8208256503858138
-1.1153829488903284
-3.76243884768337
-0.04402770123579103
-3.976030170917511
-0.3828583639115095
-2.4666599314659834
-10.936922696608235
-3.4094962775707245
-2.0573357718531042
-0.043607110157608986
-0.22555230627767742
-1.5357652800157666
-0.2119381306692958
-1.9390756208449602
-5.615839692676673
-0.2074775341898203
-0.10598449778626673
-6.109204301610589
-3.7504100799560547
-11.733683153528546
-0.04209396565784118
-4.898526688572019
-0.7072580016683787
-8.75199291948229
-4.848343404009938
-13.597153335584153
-0.05288404578459449
-17.67898870492354
-3.0449022479442647
-21.92978180701175
-2.80206573929172
-7.3481523636728525
-8.792548584751785
-4.731477575143799
-26.132002850063145
-1.0485298549756408
-0.07956839735561516
-0.13464150368236005
-0.10891780805832241
-5.999396854429506
-1.7341552414000034
-1.6449761502444744
-3.3885931158438325
-0.5763619379140437
-6.831285429187119
-3.5983406088198535
-6.867080102281761
-2.0071016509609763
-0.15857340741786174
-5.509673540480435
-12.99655175429507
-3.3342789713169623
-5.2202271620044485
-2.062432631821139
-2.8900891497323755
-8.552816160285147
-12.722774510504678
-9.584633374586701
-13.120395593345165
-2.0521104293711687
-1.2068684199075506
-2.109905229881406
-9.548525497317314
-0.609667210796033
-7.526778171224578
-6.145871337968856
-3.738870127534028
-6.194659187924117
-7.445451490581036
-7.792419997043908
-9.821286357939243
-15.497776705422439
-2.75294029712677
-10.968269874130783
-16.11494462767041
-4.167085084365681
-11.367100030649453
-27.64260124626162
-17.707306999713182
-20.810974100080784
-25.519429594278336
-15.439412083826028
-3.5308321284828708
-0.04927796342235524
-0.2642515600527986
-3.855228476691991
-1.6632963083684444
-3.7468079049140215
-16.593084571533836
-1.7186593138612807
-6.414603380020708
-5.2296943694818765
-0.1569725616282085
-0.1880810797738377
-0.05459688790142536
-0.09885311461403035
-9.791751027107239
-1.3048374261707067
-0.593321867287159
-5.63421088616451
-21.766624554787995
-4.077082812786102
-7.801975614682306
-28.806702863657847
-7.93004846572876
-1.2540488092417945
-12.79953587509226
-9.033221926307306
-1.4860575731727295
-11.478619538072962
-0.12397594098001719
-0.013249844312667847
-6.000060023041442
-0.015221995068714023
-2.1456559896469116
-8.687915263930336
-2.6621979248011485
-3.1692376088903984
-7.245555301604327
-3.130573721602559
-4.098758652806282
-0.857737714486575
-5.797273101354222
-25.983255620369164
-18.629026781622088
-0.3827588353306055
-2.5710535559337586
-6.099397285841405
-7.395438537932932
-0.569712177850306
-0.40373755991458893
-0.4762873854706413
-0.1197700137126958
-1.8470389326103032
-0.1227827632901608
-4.96327006816864
-4.892991479486227
-0.8438731729984283
-5.309915944184468
-0.23986267346845125
-6.646498901041923
-1.9945895270211622
-1.0941290920600295
-3.4472806360572577
-4.25373485480668
-3.3522351644933224
-1.2095506973564625
-2.9491133426781744
-5.473660973017104
-2.973560271784663
-7.745742057912139
-10.790687792934477
-5.0066310884431005
-8.154278293251991
-15.41680657491088
-6.377286748960614
-1.9631141657482658
-3.938023090362549
-16.328140005469322
-11.949774874241484
-3.8670201525092125
-2.112385056912899
-1.7826331977266818
-3.24658398819156
-4.680645331856795
-3.755288110631227
-26.169945471468964
-1.8161864347493974
-0.1402747932006605
-0.20627666311156645
-7.979527877876535
-2.3983780666821986
-5.5335582931293175
-0.15769457817077637
-0.9891178496181965
-1.8234820440411568
-5.695807456970215
-4.317888012737967
-4.4252393308561295
-5.888351987116039
-7.847913991136011
-0.34762873296313046
-6.9815191565649
-33.4563847151112
-20.07202085378958
-0.04038763782591559
-0.10486474361459841
-3.5805497616529465
-5.559405717998743
-11.295004978153884
-11.657564822504355
-0.03761017636588804
-0.14095415992369453
-0.01374796562595293
-6.25269706628751
-0.013707821315620095
-13.853693740442395
-3.860191620720798
-3.7906115371733904
-7.474780788645148
-0.4105077149461067
-0.025954612821806222
-2.7909900954000477
-13.746568060014397
-2.512949262280017
-11.032591938972473
-5.000859513878822
-5.4621834236895666
-9.4576855404448
-14.702404804389516
-6.9660565812228015
-2.8810174241662025
-0.10485862867790274
-7.865168251097202
-0.17109555390379683
-10.472115327007486
-4.156807214021683
-0.03411043155938387
-6.163172389380634
-0.6674153357744217
-0.6852289289236069
-11.649590283399448
-12.583015506654192
-1.4610043230932206
-0.520374414511025
-0.06847336469218135
-1.5332897901535034
-2.1534420549869537
-0.023840347523218952
-1.2451305080903694
-2.717866998689715
-3.75722861738177
-0.9365814724387747
-3.1356843821704388
-1.5047579687088728
-8.568930262234062
-2.519733230350539
-11.491020197048783
-1.6791616640985012
-2.804026377387345
-2.9202093374478864
-3.975779615342617
-5.150509566068649
-1.260826289653778
-0.43358831852674484
-5.877948327521153
-5.387713190168142
-9.981645107269287
-7.747855163275744
-4.959848993225023
-7.303088512058821
-9.701299517182633
-5.249238338321447
-3.7549310266040266
-0.21632037077506538
-0.13607112065074034
-10.950379155372502
-26.454960806993768
-4.796538619499188
-13.498727021273226
-5.80795044451952
-17.778672399144853
-4.444345518946648
-5.277654150500894
-8.960168581223115
-7.085170980542898
-27.649963172210846
-12.18575531244278
-1.9326478141301777
-1.9547882708575344
-22.880898815921682
-8.343179751187563
-7.501272190933378
-9.248092912137508
-9.64344391040504
-0.37247142337218975
-3.544388081586476
-3.054781436920166
-5.723411237762775
-3.945875106845051
-8.874624981544912
-3.1194870473700576
-18.176709595369175
-13.922805452515604
-4.904108463277225
-12.369049984961748
-0.7826269736788163
-6.045792200719006
-5.464838597923517
-3.175533164627268
-6.577110044425353
-0.212539957894478
-2.856823155656457
-1.2797505313792499
-14.051358960568905
-14.124023959971964
-0.11350290570408106
-4.417747888714075
-8.317756232107058
-3.417939707636833
-4.562336582690477
-4.2657823618501425
-4.253646483644843
-3.9712990717962384
-5.232465403329115
-5.727825878944714
-10.687281707680086
-2.4015400307253003
-4.424821876687929
-2.091125402599573
-16.67664647247875
-3.6943160593509674
-0.6288563092675759
-0.2561338288069237
-4.836614737519994
-0.017929787471075542
-0.06673634797334671
-11.054652576705848
-11.719631634885445
-4.784007119946182
-2.6106484192423522
-2.125219971872866
-0.07146859852946363
-0.11927596665918827
-7.768289996369276
-4.14389148860937
-0.14071676570165437
-1.761243924498558
-0.29979611467570066
-0.712551623917534
-0.10630211234092712
-2.585091449189349
-0.12792931927833706
-1.1188145959749818
-0.28596913471847074
-3.004571702796966
-1.289504979737103
-3.450724629306933
-3.4410035088658333
-7.426049917936325
-6.377648536697961
-5.363035618531285
-0.04726497642695904
-4.269283137051389
-3.6270545685547404
-2.6073174318298697
-10.711118011269718
-0.592512874478416
-8.21326211001724
-1.208241087733768
-0.18576146141276695
-3.373875995632261
-3.5828508799895644
-3.304290357977152
-5.402964183012955
-3.2546677322825417
-6.277552147163078
-5.818747249257285
-3.2596337811555713
-3.901482456320082
-0.1602868258196395
-1.4610446691513062
-6.2319359835237265
-4.022740013897419
-0.7248835139907897
-3.7298020874732174
-5.573823690414429
-7.051750898361206
-11.339591362222563
-24.364119019799546
-3.0011165325995535
-15.371323821063925
-4.700463645160198
-10.974268160804058
-5.402144102365128
-7.671523122677172
-1.8143657883629203
-2.13680038228631
-13.636090846179286
-6.574106936343014
-14.930993308238612
-5.141589348539128
-7.630184218520299
-5.012861811119365
-10.175505042498116
-0.09182573214638978
-0.06832948731607758
-3.0405471324920654
-0.3150489628314972
-3.5189173966646194
-0.9338676929473877
-1.6874893605709076
-1.2194073796272278
-6.052460656268522
-1.7660166176283383
-3.4804452659009257
-8.140566706715617
-19.04976898082532
-2.4431656902233954
-5.469552920199931
-1.0383429527282715
-0.828067185699183
-3.9861064487486146
-4.148100754317966
-6.78825493901968
-0.8746739197522402
-1.503319263458252
-1.7177095115184784
-2.5824729315936565
-2.565037939697504
-10.503545097286406
-0.04197517634020187
-0.04607544929604046
-0.30752140686672647
-1.1594479531049728
-4.952380895614624
-2.7095426321029663
-3.4113991376943886
-1.745503306388855
-1.4123318563215435
-2.055444641970098
-0.09103983687236905
-2.362462903472988
-0.13337422447511926
-5.7938178612384945
-6.548717587837018
-0.08543657029804308
-20.09101041367103
-5.277686808258295
-0.3232403467409313
-0.04209885166346794
-0.049208016263946774
-8.177410120144486
-2.3569116592407227
-7.143120182212442
-8.592277377623759
-10.667319585903897
-6.763732581301156
-11.34991769073531
-1.2845569336786866
-2.9254217091947794
-3.2898692190647125
-7.285993438446894
-10.140627788292477
-6.5744256461039186
-10.582483756737929
-5.737646620662417
-8.199524619580188
-4.5812337176757865
-0.35395752266049385
-4.447040799015667
-8.175347568891084
-3.4714952781796455
-3.2918610491324216
-11.444541178643703
-0.8971288474276662
-6.239165208340637
-3.53481986362749
-0.22577089411424822
-0.3566057722491678
-9.590512621485686
-15.296729444526136
-8.89535912591964
-5.572381011210382
-7.06093736179173
-1.9654600620269775
-3.475789785385132
-1.3446276672184467
-4.537350762169808
-2.6719060242176056
-2.055729568004608
-2.2300817668437958
-3.1085514910519123
-6.416875226655975
-3.1464422182179987
-0.06146336298115784
-20.869468768369188
-4.470740675227717
-6.437466210662933
-3.8374997186201654
-1.1147807604866102
-5.7416873392648995
-0.9705930759300827
-0.0647784129541833
-4.5268251899397
-16.698276171227917
-3.0424814159050584
-1.3163488507270813
-6.772686887532473
-5.912795858865138
-2.431930101243779
-0.228499113349244
-3.673991961404681
-0.4902147438842803
-3.4192948834970593
-0.44876996986567974
-8.017450987361372
-0.12180221173912287
-2.0457374854013324
-7.837949185632169
-4.51372867077589
-6.793954603374004
-7.879429817199707
-4.66206020948448
-2.596523240208626
-7.918339490890503
-6.220588006079197
-0.09148419951088727
-0.02399249793961644
-0.04798278567614034
-0.020953543833456933
-4.993821782802115
-0.18674941221252084
-22.228342801332474
-3.658327053533867
-8.253557164222002
-4.940827828831971
-2.2676186986936955
-6.482905886950903
-12.799879737751326
-2.0970159601420164
-6.5893848920241
-5.704734278842807
-3.4528882978484035
-4.02655170019716
-7.914600104093552
-6.250085707753897
-1.4943054914474487
-0.054752107098465785
-4.221980136935599
-10.198774887714535
-7.671124696731567
-0.932257890701294
-0.14481907409935957
-5.752208428122685
-7.417349815368652
-11.960056124720722
-1.9207007884979248
-0.05281096975886612
-9.454527936555678
-2.9855206981883384
-7.5574981309473515
-10.244151592254639
-5.082418639212847
-2.8332114052027464
-12.676477483473718
-1.6972532272338867
-9.228416900208686
-1.3745910227298737
-6.05749786645174
-12.42139208316803
-4.101605415344238
-4.337990045547485
-4.315077781677246
-3.074966311454773
-16.66213315539062
-1.5170767307281494
-0.6439657807350159
-6.111426442861557
