-0.02109512262219531
-0.9637639193679206
-0.8532353914900644
-1.4482802205477907
-0.06624270016768338
-0.4028898153519549
-0.20873817261676428
-0.14884924515555406
-0.18351662011867498
-0.012172016231157944
-0.2611503359369938
-0.5770127696663728
-0.4824664464426361
-0.22643198629111794
-0.24331687267927424
-0.3598932617017493
-1.41841941018356
-0.10996027447907653
-0.03164142562551812
-0.573597596996151
-0.031211543347277864
-0.32511292167609573
-0.6833014264947337
-0.6027462674270022
-0.16257270430691684
-0.6745080216000284
-0.43037745739275124
-0.39843783756368795
-0.3067671700282436
-0.49588493481028956
-0.45274024889295106
-0.4268517726938144
-0.5482510170822934
-0.6671983156490603
-1.1389742941587842
-0.5259545471963065
-0.3825701912336733
-0.25341746006334787
-0.011746547059010482
-0.3757278001285158
-0.3667288885270763
-0.24343668903845053
-0.25755225331460807
-0.16022308956727707
-0.49089892685205994
-0.6665209399567781
-0.0893126123989888
-0.2144294513688315
-0.18473104909062385
-0.4178879023631339
-0.6459492400299496
-1.7345906347036362
-0.32018961465686574
-0.19331187394022387
-0.14531492960213654
-0.2276696073238002
-0.42076724724514253
-0.7826668549700376
-0.2690839959594281
-2.4387218494214014
-0.012734161253320053
-0.24031929506064545
-0.008695420809090137
-0.005936512678696697
-0.02128639561124146
-0.28687789934459335
-0.016591498162597418
-0.35164344792913954
-0.010990252019837499
-0.11943758371977051
-0.009616190451197326
-0.270974949398156
-0.012471192749217153
-0.2589197905836045
-0.4345866509337384
-0.17371626590966116
-0.7227956566819734
-0.4611344219980492
-0.9936909113829479
-0.17157390763275543
-0.20593251969125959
-0.2888700354109196
-0.6007313715149634
-0.12064372780908646
-0.5023218884754377
-0.11784056056142007
-0.3656435111021985
-0.5159743570587195
-0.059329578469082066
-0.008701211801962927
-0.2393305027308846
-0.028509619180113077
-0.005294127507901673
-0.019513163715600967
-0.3516129594879559
-0.020911594619974494
-0.6524630635203721
-0.03413674607872963
-0.23998587725181664
-0.015799642773345113
-0.5905258301308095
-0.4182039499282837
-0.09663507789957748
-0.3406533875727291
-0.2422393523325239
-0.14589256345982757
-0.25989757141230385
-0.2945381438732511
-0.3720977330989311
-1.0523429603040726
-0.5513895010251872
-0.20942729992326292
-0.7665199912566436
-0.12062796889167657
-0.5081567877106993
-0.9441097638078241
-0.11696085333705923
-0.31041063912562095
-0.9243729242907648
-0.43194216049596434
-0.20486214571776926
-0.11684616624154387
-2.1476303105494785
-1.1609381105504495
-0.20390782356222795
-0.14959326536602116
-1.4894706196453051
-0.32933160350713525
-0.14560073754089553
-0.22453444579878123
-0.13765122974168345
-0.1728408458626578
-1.0087621241238292
-0.12225907634832435
-0.16327688954667488
-0.7330566850332616
-0.41813069847029916
-0.1823823347066619
-0.2940413425098332
-0.30672230086024554
-0.5492546037510708
-0.06929377874625213
-0.5904528801501733
-0.5922061046115376
-0.8059603830915876
-0.5358653288673271
-0.5280030712456859
-0.47219124262725626
-0.7558972196768862
-0.1282081889114111
-1.0697572873980659
-0.27626902475467746
-0.2955913154728128
-0.8484883489570796
-1.010295082401561
-0.7862389346305918
-0.12010807838983055
-0.09281158792542886
-0.010506704566068947
-0.39204213206992544
-0.0036411844776012003
-0.2742518491097157
-0.004614156088791788
-0.13879435345191382
-0.00330830758321099
-0.1936920247229068
-0.004701549536548555
-0.30822862841431703
-0.006948114838451147
-0.07895661873273886
-0.41846828799049546
-1.0738588890992105
-0.3183405839256011
-0.21986923455547777
-0.20094220061638715
-0.9346213079597174
-0.31220135142454336
-0.2953097761686245
-0.24085836758895313
-0.21076526934666617
-0.12177934220947488
-0.20003684644869962
-1.8493511961519022
-0.21568964551139722
-0.3054144613920391
-1.0885071651729439
-0.45325367762707175
-0.5515253747747949
-0.9917328252922744
-0.4102152597037535
-0.20538420867788432
-0.7090698092477397
-0.23893770976876202
-0.05328085018845741
-0.8264770187039782
-0.6175851994018557
-0.04692255612462759
-0.33688999188910074
-0.15328473458440486
-0.2060866411060336
-0.2410374834292194
-0.8703022188492722
-0.44773253046441824
-0.23758544005949472
-0.4356601949488095
-0.267911867609655
-0.7968144908430986
-0.03508682406391017
-0.3602489585995072
-0.9107302997628418
-0.394009438304541
-0.7776952866990021
-0.21069450111505975
-0.8964785345233395
-0.41667012702362805
-0.4230974023531402
-0.8648205693399567
-0.33439992022977094
-0.432229872487369
-0.9953237797162728
-0.6757730943112676
-0.27354834551328233
-0.23624226297615677
-0.11247483552292997
-0.290702617325951
-0.4022955691113814
-0.4126936912234669
-0.33749340006108325
-0.6204775058297759
-0.4163887386052666
-0.6511169035687645
-0.2852864836197055
-0.13951619554463832
-0.6510207847858799
-1.725239630534088
-0.4676026320472981
-0.8629412578333618
-0.121403265846164
-1.029555619327896
-0.31381919293016836
-0.27116003139874467
-0.09842292046776796
-0.6272422854008255
-0.05626969143098825
-0.008010335615836084
-0.22152481481538822
-0.041415242245420814
-0.007972962271984822
-0.020360754802823067
-0.3398788634563655
-0.015858242521062493
-0.6723368018198406
-0.017022692831233144
-0.2446813387155325
-0.010665524401701987
-0.5881871149659673
-1.2078544666990638
-0.01682090467663026
-0.27166991787770284
-0.12147331488367505
-0.14883603778969245
-0.4112378513057004
-0.08269756286594543
-0.5821581756995569
-2.2821507453918457
-0.12260098438879746
-0.19701021152161502
-0.9414609957486391
-0.12106492805614116
-0.17353237504149774
-0.3448214148345869
-0.17219230915568254
-0.29701223825104534
-0.6511060563207138
-0.3168954717120338
-0.24979919631939332
-0.4228120956454551
-0.4255874705014993
-0.153307002142591
-0.3693036675255118
-0.1208738750142686
-0.030060943298270682
-0.0729958139463065
-0.059233919098048884
-0.8673130297409609
-0.026905999693553895
-0.49005034772084977
-0.19721093641020712
-0.01827612251508981
-0.013653278217589104
-0.03745867215002363
-1.1672040938474917
-1.0392394684949977
-0.19683955579975532
-0.013094750349409878
-0.4688978336039533
-0.2893039984056674
-1.0806784317351947
-0.09169955067385066
-0.027136352378875017
-0.029344286248240016
-0.08376215538373799
-0.030261294953611975
-0.12392142249395224
-0.11273559697110613
-0.1851837222920949
-0.31955390329983807
-0.3159700570912618
-0.4695252096474481
-0.3840109885582933
-0.07203156850053867
-0.0556527579190313
-0.17591580005849514
-0.15060307174280751
-0.5665933376118862
-0.22210404566220115
-0.16085313678348195
-0.19392490823399838
-0.010603933682432398
-0.30406783282767885
-0.018429566407576203
-0.7106410403040273
-0.02559997094795108
-0.5619872019422171
-0.01888754463288933
-0.6621971298653849
-0.03083270601928234
-0.47340464611086946
-1.9179704851994757
-0.114478113491916
-0.05959084178586794
-0.16069684248476632
-0.09444874324350394
-0.3734554457324824
-0.19563251097803336
-0.16726499550881832
-0.2654676086271398
-1.0725380609619606
-1.0464449889259413
-0.4521982347262868
-0.481191173120654
-0.4928460607131386
-0.12195073315979243
-0.5906582326232032
-1.059323920209863
-0.28205228089989925
-0.2988073727149943
-0.5285731593248784
-0.16905310530199297
-0.08183897051117128
-0.5760367086271193
-0.1650594691618418
-0.0814479706265722
-0.009404582378920168
-0.31245600083203
-0.012171954847872257
-0.2828882710507735
-0.011288790963590145
-0.11215296578501466
-0.006278309156186879
-0.2067184552231538
-0.0114955980097875
-0.09991837939575277
-0.015769830672070384
-0.08420725708999105
-2.216936763987178
-0.4709124215587508
-0.594759186342009
-0.1570321787458592
-0.21976722362562992
-0.4770579980977345
-0.42787018599628934
-0.1117046786149625
-0.7364531370258192
-0.19976712070638314
-0.26326837819457677
-0.47525559820804697
-0.0806341452068106
-0.10136737299361895
-0.23088603692930418
-0.26964221432764524
-0.16426831676262038
-0.2898644993153236
-0.17067802595660655
-0.1393863860241254
-0.02681720582768321
-0.02153445534349885
-0.07337276683602585
-0.05437581241967564
-0.1811467568643232
-0.2915893552155467
-0.3283316547314921
-0.7620741290951022
-0.07233001983258873
-0.353581347791381
-0.35580637725206543
-0.1945063136466304
-0.12022995985494668
-0.25532511405768415
-0.6031954143268434
-0.13495862774984094
-0.35983860302324255
-0.12267941739604507
-0.1741269035473806
-0.12302000255344452
-0.18529029528068783
-0.2888043114942236
-0.36357256250145537
-0.2287914825079497
-0.6261878018049174
-0.49404900068644303
-0.3271589976960513
-0.3880387374840211
-0.22973867010698323
-0.3068133721675482
-0.6704127203440293
-0.24757260627042343
-0.0223814857501046
-0.3109199141232929
-0.45871880921001934
-0.3956812541000545
-0.495286826950462
-0.5923164555950203
-0.4398731699001246
-0.7037150608759551
-0.2808100426366309
-0.8284173624706455
-0.027227554495766526
-0.37500242742801976
-0.48995312125771306
-0.4367396061832551
-0.12436287871296373
-0.32264782697868416
-0.3301745251292232
-0.2652228470431874
-0.03189440545005103
-0.2679066219113468
-0.36317946529680106
-0.16781575176649383
-0.4216199029033305
-0.2748391980310261
-0.32098432909649055
-0.5735059289518176
-0.3175153385357419
-1.202442656891435
-0.4979701687116176
-0.2692042406921325
-0.2296454464055432
-0.11112884872315643
-0.3016356215484848
-0.16253910235861138
-0.48776874927380476
-0.10630577676933228
-0.016037802677601576
-1.934752599064268
-0.13572371336116562
-0.14151280337116784
-0.5488483057533813
-0.1982139016544848
-0.8265593153888403
-0.18092461252244144
-0.06124020045922407
-0.9730939676503314
-0.06444642675342038
-0.06544679695005991
-0.13054914912208915
-0.2638639097774041
-0.1482551172375679
-0.040607636586552566
-0.21420896600466222
-0.11169058522862846
-0.15714277373626828
-0.27537774196174625
-0.1610018233768642
-0.02865496346779158
-0.3627628374646243
-0.07937459819622118
-0.07905393374524768
-0.05120420253440822
-0.6313516002240621
-0.18422901071608067
-2.9323494285345078
-0.11314907458145171
-0.14562781248241663
-0.638325261596557
-0.20772015675902367
-0.5856093742574254
-0.8481477049790556
-0.09508909815119893
-0.050627832605367
-0.12129243509483646
-0.5004243326170994
-0.12161350144961033
-0.5106864619166507
-0.4175036552915117
-0.39760630126402247
-0.11002622471858772
-1.0353704845462874
-0.04385821255864694
-0.5029216694818872
-0.20527542596359385
-0.5916106442900518
-0.044368344810461875
-1.0903084776368164
-0.008252886502305046
-0.24893554340102733
-0.014504106366075575
-0.007950407077441924
-0.013022931991145015
-0.45848849205305503
-0.00661593530094251
-0.1721402720838038
-0.013418232556432486
-0.15668738051911377
-0.006068364309612662
-0.31320508245986883
-0.4961836526170373
-0.34347877465188503
-0.2519246721625829
-0.21472019173035567
-0.28072298898930764
-0.08334264529548818
-0.5816057140544121
-4.078018561005592
-0.10871931443772323
-0.28990849757155956
-0.12156922539262185
-0.19529703194014433
-0.22995130345297465
-0.06738585253001643
-0.12891411362635885
-0.17389644554350525
-0.12265863628566413
-0.05724477315587657
-0.1604221647381895
-0.12437945077024673
-0.3984101922712095
-0.35087011604304685
-0.3333785191452421
-0.20698455163510515
-1.0485607873676297
-0.39197686593979597
-0.09849308900334108
-0.24117686516324788
-0.010126298428561616
-0.35090502514115846
-0.22499232133559416
-0.1780004933438022
-0.3326244827252443
-0.2749062645427557
-0.5594313813273099
-0.3372136100117738
-0.5236144043926743
-0.13038948617791643
-0.5503635490813394
-0.047770563716767356
-0.31415654499482365
-0.4497310501683387
-0.8015918063312191
-0.12178458134681425
-1.0153014658182136
-0.04521349498106617
-0.2340815668711216
-1.227825945301447
-0.031153239789933958
-1.3661811678127076
-0.6466577603053641
-0.5213729683985419
-0.05756379642440626
-0.008403311570873484
-0.2473361154805439
-0.006756400864105672
-0.00659894868634486
-0.009930803324095905
-0.35520383614968287
-0.0066325060615781695
-0.5910349121641616
-0.007515078585129231
-0.24623872818700368
-0.0082371870521456
-0.5895678437169408
-0.13956922131846114
-0.6178539121174254
-0.08563133091709556
-0.3030536319799222
-0.4238650338142179
-0.39179867507482413
-0.4084432613628451
-0.118444117893285
-0.9355226826977135
-0.044341376404426466
-0.18336982468626611
-0.3439050024075682
-0.05317191420272138
-0.0574038157353599
-0.015832157689146698
-0.2407254175692641
-0.05414993781596422
-0.00845050205765195
-0.02448714291676879
-0.35389067369934585
-0.01610388420522213
-0.5866187448366986
-0.02367377863265574
-0.25487380197868986
-0.01806156407110393
-0.09300894268161149
-0.2319045056262719
-0.31366789899766445
-0.3352763755140283
-0.4268529017923499
-0.16219858176389151
-1.4147029823914636
-1.893725173414818
-0.1439281847209973
-0.09160038083791733
-0.2392011039779678
-0.19520197184950425
-0.17774742911035102
-0.12968041934921834
-0.1520915282979751
-1.145178264317413
-1.78359504789114
-0.07595783461438259
-0.32177662313079053
-0.2628117244896089
-0.17539266864546602
-0.5106340805876147
-0.5931561752793066
-0.07477033008928463
-0.40553762098328056
-0.6323360455538894
-0.30993621282130546
-0.1850487698414285
-0.06632277343578608
-0.14798336345311805
-0.5813041241212646
-0.2560847651017184
-0.4280754683872614
-0.18029886297881603
-0.6999282568411638
-0.35780686097405123
-0.2798102912766166
-0.20122692283772184
-0.1072379562442539
-0.49567365455363543
-0.14344073459506035
-0.6388726343456116
-0.28192446272835997
-0.4892512036354522
-0.11281966045498848
-0.02623019677442547
-0.29391152721844566
-0.17379156192680334
-0.21617538119973492
-1.0959203590930429
-0.6975975134496138
-0.44641644073999487
-0.7799055802945857
-0.1279639379702701
-1.1358161574601884
-0.9974254117186602
-0.28914623383211263
-0.40088196522265207
-0.10498773890347886
-0.07476452666446676
-0.10683617119236889
-0.40810517731051515
-0.31198951387777923
-0.14149743742927967
-0.6819502040278167
-0.26151133571187934
-1.1674252693768115
-0.15174574500229027
-0.3621339190342671
-0.4971789109468874
-0.08975068400528388
-1.0631444482824008
-0.45758451514548676
-0.08563342088024976
-0.6198067777707987
-0.1348811034490306
-0.43498314137009164
-0.4091553566395305
-0.7877432392052859
-0.595465390919558
-0.2467260877627788
-0.3977661085414292
-0.9225412089635938
-0.09095209799430551
-0.5510598948426919
-1.2190321324797926
-0.578996199589023
-0.4008699871257984
-1.8297543711960316
-0.8674825968901132
-0.21885966561742407
-0.19301189060930332
-0.4649230313893895
-0.20335392691462134
-0.3558240185134892
-1.1390205428004265
-0.09035493464731796
-0.11490404755738837
-1.664321711865341
-0.24040603247516734
-0.06795424858040254
-1.5595522762159817
-0.09721347261074698
-0.12363587447520206
-0.35877064049982527
-0.45625478248499957
-0.7767074820164582
-0.05302709002361636
-0.08921650613509031
-0.08958582818158903
-0.14560866625834024
-0.6160674150405612
-0.0643226203528684
-0.0858515977728833
-0.1773858179983866
-0.07470957404300516
-0.13687023648890317
-0.13202595071129508
-0.26888756930808694
-0.25902510823652847
-0.09466619351245852
-0.04917609949506338
-2.000814393442077
-0.19699209268878803
-0.09692342317364157
-0.464036978596899
-0.4887266479678374
-0.809482798488989
-1.061109685949623
-1.2586392487623512
-0.3044355742861496
-0.18505604247164997
-0.1153144733003657
-0.35526073865378294
-0.12347463497261353
-0.5827268882357102
-0.36393761030557836
-0.1264630435328557
-0.52347614430099
-0.24792053770719436
-0.12212699881274602
-0.06652738876421911
-0.11697452446060197
-0.4101044632575045
-0.8168808324408019
-0.10617490069751494
-0.14759665563201452
-0.49427677406007814
-0.05878663861172129
-0.18765235912226785
-0.1926889814082339
-0.0313982128886242
-0.1028877098804591
-0.12985096997181245
-0.3112093689075361
-0.06723423364261787
-0.1423125908104216
-0.20451569989555454
-0.3570118026611908
-0.4366187387095124
-0.24651572455100826
-0.564132050563785
-0.2682563566317234
-0.07605251768439227
-0.048344102100031705
-0.09145886739315756
-1.8069076795
-0.8169999294019235
-0.26072625473633787
-0.888489229913489
-0.939145976764502
-0.42659883259397424
-0.1629873705872645
-0.06582168993837614
-0.1299604515855511
-1.414532674756298
-0.25615207972009557
-0.06510658309357288
-0.4210376165065686
-0.5698483021308979
-1.041853294912168
-0.44473282684079357
-0.4282278971542837
-0.5823660184380156
-0.10494007092365791
-1.13241403127419
-0.11998292440577081
-0.2617057748729167
-0.12678722389839756
-0.6987079844240043
-0.3249085480075015
-0.6611790274863678
-0.1950462723907549
-0.1403133748099208
-0.8455820580378973
-0.07000611023123485
-0.2686290813933283
-0.41051396153880676
-0.1839744172624626
-0.7560310363769531
-0.11900589485542566
-0.25473242284996495
-0.009382075694950552
-0.1254273716781995
-0.07468446513779609
-0.36324810757650994
-0.01833419263130054
-0.2177536745306341
-0.035656827385537326
-0.019415829520897075
-0.03563667081543827
-0.2921064052287485
-0.4697313953290107
-0.3153115715410877
-0.013060032040812075
-0.37161748477116746
-0.42797890942462496
-0.22992043652754432
-0.2835003739034749
-0.018557533621788025
-0.033192976685478985
-0.1180039216633304
-0.5473927290774631
-0.1554403544589929
-0.21513125602823494
-0.051101501783705316
-0.4374626884770502
-0.3887100764302886
-0.44546401293067855
-1.0130804018138275
-0.22158670692173205
-0.12360796768392729
-0.262222273046973
-0.35012112902574205
-0.7029918768941357
-0.1716678133626475
-0.15307003154340607
-0.2112671862357426
-0.36700081074013724
-0.16355684528409142
-0.30251246680227967
-0.3140275833635454
-0.8769734149447166
-0.34233390980565065
-0.7351368637385928
-0.6466970212317796
-0.524516276737341
-0.4699966892835269
-0.41857102328849577
-0.12845428366179273
-0.14362718698904636
-0.3725939353499943
-0.9094508296231931
-0.12322472945454951
-0.1592409755346864
-0.7857499292454772
-0.16617604193535065
-0.6441764382063866
-0.2421741381555512
-0.24063477950792528
-0.005915772023824198
-0.24502736858490748
-0.11444163031248739
-0.1029764792994077
-0.266810735221465
-0.1617067046079607
-0.12296244893326927
-0.02712528577983773
-0.19474417268469324
-0.36138473998289555
-0.14822636905510458
-0.6796887726086425
-0.3349249368940381
-0.1473387140009436
-0.7556951570437767
-0.585861216945695
-0.5661095431805355
-0.4223357480227605
-0.19126814198552894
-0.03598843362124171
-0.07368331216275692
-0.6357776557572947
-0.2129351155507417
-0.983172289279878
-0.45220623471929383
-0.8702228381550542
-0.3081681365154054
-0.5679638415898707
-0.6243702445730848
-0.10197930295544211
-0.17023492526857353
-1.4747504972511014
-0.1382681304763039
-0.25608482372829006
-2.951617485533158
-0.1508373663754786
-0.06286188102447861
-0.2661785211384995
-0.23953996028852997
-0.5603340390696192
-0.32812172564621767
-0.38832906864675465
-0.15019627198034868
-0.23024220835203676
-0.43147822551217313
-0.18152814260221412
-0.6127675230714625
-0.02365460607391221
-0.4607018665226765
-0.10126153152991503
-0.12014084054720418
-0.4740973541536602
-0.37375032156342836
-0.7296094678969166
-0.46276302749174647
-0.7618542196467908
-0.13917732133058158
-1.0162697650278762
-0.1997179011024335
-0.880325963784253
-0.13767226262980667
-0.3087033982517217
-0.42032105890446675
-0.09072684946235153
-0.5114628196427545
-0.047787153495050916
-0.3148865806685838
-0.6153687866224961
-0.10936098097772629
-0.43267367152935443
-0.08404358575131392
-0.6143974639837421
-0.12138205960479051
-0.24227153301392587
-0.9700485254933483
-0.19168994569917328
-0.536375728465955
-0.1615521079895968
-0.3962016088943611
-0.2876729137671226
-0.1126167517484646
-0.619507830382515
-0.3502022687087888
-0.1272263059324056
-0.5588187676670324
-0.4105635622399859
-0.4120613084640354
-0.0756160545620811
-0.4537049155821608
-0.3575210673351767
-0.05019182892266372
-0.5347372743347635
-0.2520835580488517
-0.26326514145747726
-0.1800425617777768
-0.3828716860798522
-0.4738711770643325
-0.8532660647601266
-0.6283774921087291
-0.2031951942351559
-0.1427318091563292
-0.5898458802986439
-0.43458861356265804
-0.052490532424847816
-0.05349454666147243
-0.024324415480891946
-0.03011513413611797
-0.02502560388973593
-0.06753991048912174
-0.025594514285477505
-0.49709183729785444
-0.11418597057957453
-0.3306170695150599
-0.9025246903216751
-0.5879317032176914
-0.3863994690356776
-0.14372971103390036
-0.06726780904937289
-0.4967361655992294
-0.05936526797516789
-0.10449865866576147
-0.06058774399571121
-0.09205441569912162
-0.007837792800273746
-0.13942203667318462
-0.41843221969314226
-0.015107445302419364
-0.214448595039471
-0.09111105878946546
-0.07239124007465901
-0.18397786253399318
-0.04966277672982952
-0.15675769121504424
-0.04397287266328931
-0.12805635696560402
-0.10139338103181217
-0.010596044012345374
-0.19615500243816086
-0.01589669077657163
-0.07156525003095217
-0.02029449911788106
-0.20432505320954306
-0.03146239789202809
-0.17486650623611946
-0.03512606117874384
-0.19187956030641998
-0.43602399083708104
-0.7635977823151084
-0.11827835635829294
-1.1274996185908701
-0.3071651251592153
-0.4750151477383406
-0.7461869600859549
-0.9976830422088483
-0.3627048588823527
-0.11124201536709677
-0.1634314353215294
-0.5633295689992586
-0.09231610378386297
-0.4228195067080378
-1.1318367145093664
-0.060448721539874635
-2.140794485108927
-0.3052284477577944
-0.7595508472780542
-0.037692757963668555
-0.10106930215018413
-0.4805249431827927
-0.07444619359776389
-0.11974468732375196
-0.5120582316066508
-0.32028252092251414
-0.2257487037568353
-0.3445902915327123
-1.1558697214654372
-0.32419033937406183
-0.5538598332371597
-0.10543929207051406
-0.08535124091913815
-0.4042690009639825
-0.1050540500062603
-0.08942355966337345
-0.19280456987322622
-0.17579189317502203
-1.7464444901306706
-0.21333793503930318
-0.33549793663409794
-0.14987088763155043
-0.22641971660607396
-0.548039191509929
-0.07081195480971776
-0.1266605335361171
-0.7878352015324405
-0.9830485933832408
-0.3721796358924621
-0.42214069143855587
-1.749144289198739
-0.5903522850127274
-0.2965466416267404
-0.10068379047648209
-0.1779282490428841
-0.33062472208921967
-0.15179364746914611
-0.33244742810308836
-0.5647958205048175
-0.23225335616546414
-0.07698167374021381
-0.3892712761400097
-0.09668087980767617
-0.5496832584246779
-0.18387676940059805
-0.2333858663115734
-0.022557982767466456
-0.3715699530396044
-0.01624866249039769
-0.24040057965759035
-0.026379951275885105
-0.11209704052012626
-0.011712348670698702
-0.19003246774252602
-0.014239044161513448
-0.17806218019009307
-0.030492333928123116
-0.067433540744663
-0.09619369642286284
-0.09766021852455348
-0.13088508440341684
-0.858919839823011
-0.2953388181928088
-1.0294490055413916
-0.8675910544550789
-0.5763513841793285
-0.6726084684963834
-0.7573324076211765
-0.4427158174852745
-0.689723901473917
-0.21436295351389406
-0.10619321465492249
-0.14159858980565332
-1.5211690606975026
-0.129588533192873
-0.5855563962197468
-0.18375789001584053
-0.2225347232694427
-0.6864136377625982
-0.07552416406434759
-0.04866145796940044
-0.7456350875042571
-1.5974295139312744
-0.11607367729252124
-0.21668303578932324
-1.1784407688875642
-0.6073606355686072
-0.3035698173262796
-0.18021754476202498
-0.11515334602369573
-0.506531327891545
-0.5632963201888338
-0.3987919929320924
-0.08918924244972004
-0.16330503541685176
-0.2409629473382862
-0.21030401925066447
-0.09663873077195206
-0.23726805783282448
-1.1578615678135975
-0.25685349030394716
-0.4863012026156639
-0.32260110863532293
-1.199159295780555
-0.28702603203281424
-0.19871570127696198
-0.4633969762269232
-0.329567090533601
-0.4413984927353643
-0.2045954424970462
-0.09117711768810884
-0.07540493216186984
-0.18809995781228078
-0.8724706975432733
-0.13862917424350976
-0.7003168195208425
-1.6437069862040516
-0.36121833726065233
-0.08703736482129898
-0.342850225495383
-0.1894539611239452
-0.43920763141359204
-0.12153088559318134
-0.9669628193165148
-0.08256517110172013
-0.15200013092687317
-0.5410699127896805
-0.36005346019795215
-0.29802009516399797
-0.3167052885125486
-0.5485720043490006
-0.20372871182300212
-0.18828863587696104
-0.41305322735481315
-0.18126901074577972
-0.13340235346574297
-0.15513000434666538
-1.094440422012849
-0.600195464866539
-0.46528411110874196
-0.017480622923104046
-0.4199900619469401
-0.15179528973802756
-0.05226118887317584
-0.11095754533825389
-0.2779172608191104
-0.1235613879038265
-0.20923931999618617
-0.2757668687376541
-0.793428916811643
-0.44925017375591225
-0.10743321362105905
-0.39012103658169506
-0.29304124343732635
-0.5269935670338138
-0.3578997670815275
-0.3005011615459807
-0.4689010468446605
-0.3857160844999354
-0.03672618755631163
-0.02107093614176847
-0.1592243404414781
-0.07726915169013182
-0.335980348037961
-0.38219736710730373
-0.007291925695759953
-0.08036897302174346
-0.03153104674424867
-0.02125926216285734
-0.11302888935590603
-0.5115124985098021
-0.1778389098294748
-0.39629534419120316
-0.27744178920059925
-0.25854393023258704
-0.10130166872022528
-0.8187199037978038
-1.987051467211651
-0.06999833665622646
-0.16521456343934915
-0.1111245825328903
-0.8772882069242769
-0.2435474336075045
-0.11194502642697768
-0.18315135389566423
-0.07769769475775816
-0.27936242495635183
-0.818081681898434
-0.929838257987285
-0.9935372841531489
-0.28583172606280033
-0.2610973395752743
-0.5786600162341089
-0.23594128409850199
-0.5980293163811439
-0.740450206029992
-0.02707174021253939
-0.004800754273674102
-0.35921803534451363
-0.3346705709608849
-0.44850232102674326
-0.2452067355645175
-0.13442762008795373
-0.17387758621308583
-0.2772582371473304
-0.6517217447981238
-0.29358939736703177
-0.49163773731076316
-0.4415321173510165
-0.02722970728100336
-0.08612046215825507
-0.32924386301532477
-0.4721648699963962
-0.18246958024731916
-0.43223687125164895
-0.12645851984658898
-0.4664245011602664
-0.2774020818833378
-0.13767521779845993
-0.11422789835090114
-0.4404801702357872
-0.5545859842070338
-0.19239038709495687
-0.16593188135825584
-0.25612368009685976
-0.25224595428608154
-0.1972948477189427
-0.06230768939048385
-0.39744625801110733
-0.1261301613291779
-0.13871441261279538
-0.0160895482320484
-0.15887272513634393
-0.10166531437161294
-0.20661533859092743
-0.22928169785551478
-0.045692400463546314
-1.039657561610511
-0.7647786279649532
-0.42402778232159716
-0.41573475507320834
-0.19718946002831217
-0.4300527947401861
-0.16783529385770635
-1.651978943531867
-0.5264804823393358
-0.1121957673036377
-0.14780557431747104
-0.38223505332056307
-0.06730146853051512
-0.650589466246691
-0.47466273834327566
-0.6683423993069179
-0.47143506198527313
-0.5097661444800906
-0.6562055630412776
-0.1830458222284181
-0.04424853413612103
-0.3002150154918297
-0.3117671048546851
-0.5797903278398735
-0.1491949388192292
-0.36798364583592047
-0.8369009513383693
-0.3382137102917113
-0.1206077480082489
-0.33897428370160015
-0.3312244437253469
-0.11113596986009118
-0.2732533702521109
-0.1701125709026504
-0.1552632139964345
-0.33512912505127823
-0.2035804465745709
-0.3323179358706381
-0.14542065838516544
-0.9160620756891669
-0.2032612672039977
-0.3456178985247157
-0.02041669567139858
-0.08439871312831118
-0.3553497172384065
-0.14620243481619416
-0.042194156741944364
-0.13937707963187904
-0.12725325945891403
-0.3386862585787679
-0.1777923124651437
-0.3779559552222054
-0.4623092064201046
-0.28679506711437974
-0.16470125699015625
-0.14128062209146036
-0.19968350214702907
-0.278513008049534
-0.08208468555241423
-0.5358640242075126
-0.15430088800261338
-0.3927975924375046
-0.4494916282322568
-0.4089839163818397
-0.8721068917416233
-0.20683664873318244
-0.308452488938201
-0.5716048814372144
-0.2905997752280822
-0.1846756376326084
-0.36188605051886824
-0.10654024890245636
-0.08997793309390545
-0.21033849328305224
-0.2546857725828886
-0.4722940279170871
-0.47286232887927326
-0.11202223212308127
-0.048862706404179335
-1.6219339085315976
-0.13100275933632777
-0.4675565071665915
-0.3942345465927954
-2.192839905258734
-0.06085001537806218
-0.31392538423150496
-0.44505993684288114
-0.6143922169349982
-0.5376716971797274
-0.1497848066826139
-0.6105160157815135
-0.41079072321978555
-0.45697330552017473
-0.06257906894149658
-0.1597349718779668
-0.0389272072626971
-0.05810827700746989
-0.11792895762576079
-0.06874375992462904
-0.007089467910797491
-0.12398885506098527
-0.43152863448757184
-0.3268874524624636
-0.37926209378278336
-0.03492969195930958
-0.11497207216725655
-0.14059085428053592
-0.9842969224224692
-0.1639602558192564
-0.5257745442971403
-0.17033148600839432
-0.20735808495460092
-0.44171851964152403
-0.34747054158459134
-0.1453695740186231
-0.3428838987470847
-0.023141712772868278
-0.09508162961470522
-0.21238662720719356
-0.08281737081821121
-0.19778666875215298
-0.1703587947956586
-0.15160054235769035
-0.3292499743602093
-0.5723442078381898
-0.22637039579383003
-0.15801956652075175
-0.2192869992788044
-0.12164988954365333
-0.08572191174821722
-0.4418499507091364
-0.21600305025913258
-0.09883116652891033
-0.04232959959540494
-0.1633012574088536
-0.13326752838571848
-0.18911527945908801
-0.311026408891351
-0.3468867477179174
-0.37608985006219786
-0.032273275142263934
-0.17790627968322856
-0.08814363131759115
-0.34902539150555806
-0.27043514441587035
-0.09250628685890402
-0.18065681432244673
-0.5786578752074427
-0.08790850918275984
-0.7145415392583274
-2.907530297835668
-0.19348684088008666
-0.4195273338082188
-0.5711427146394271
-0.5861241167754327
-0.16516312163828223
-0.30388487645628603
-0.14493064752189508
-0.3335024130822473
-0.5688804546540874
-0.22313308328875792
-0.08560064689930869
-0.8600876687921429
-0.1847665279046214
-0.5208535193625494
-0.03389622767208493
-0.12625572354342718
-0.4498171968596097
-0.25095147320210964
-0.22680582421994208
-0.3885033096551985
-0.16593923671171068
-0.15576591534755202
-0.9020553140165118
-0.1824085590144767
-0.022231768265646677
-0.47633699160995746
-0.20657897425842292
-1.0002826900620545
-0.4977205623667942
-0.11903429276696897
-0.0030244951217165785
-0.3883156547162798
-0.4580121228718781
-0.04783161824379931
-0.10082063788445339
-0.1487552449176898
-0.26596989091171963
-0.3810596657879484
-0.1911303707443767
-0.10861867412668288
-0.5741981914695379
-0.07965561742359266
-0.28093587021226996
-0.40481568744580726
-0.2914385151620188
-0.3963927602750725
-0.39271340631681595
-0.17077424995907428
-0.6160345133852579
-0.8956401147006545
-0.4191957564315645
-0.14963378190811585
-0.31432581549276506
-0.6110015825045897
-0.41243765783292474
-0.16030819331692783
-0.245821704489312
-0.4051813073310768
-0.5508762765366555
-0.25015121640022436
-0.20020912967740498
-0.11017465554112277
-0.14202648590036193
-0.23933415080500708
-0.17273257835083877
-0.1010230666407905
-0.7026590018110112
-0.43853290119870125
-0.28294191192213564
-0.32110636820358873
-0.07921659620478749
-0.610669662187623
-0.11306882901122993
-0.29108891288959104
-0.03701869520591572
-0.6596605951900629
-0.26036138307311857
-0.23313998176015754
-0.25547410466734777
-0.1919407391024682
-0.1084062124073658
-0.19403674348803987
-0.27339610366334455
-0.15080213862979908
-1.3799173689126292
-0.044619342079386115
-0.36695931137364823
-0.1716159121470727
-0.30574041702945975
-0.19641620493603557
-0.3204182667483211
-0.1405656246768582
-0.14326438209486697
-0.1419037431480154
-0.8101323929597584
-0.3419064142252816
-0.22236755053927482
-0.1306662179999551
-0.16564958288785192
-0.14591257340394798
-0.5988174063925151
-0.35054708109446436
-0.29432930331842044
-0.280271331564196
-0.8785235040600128
-0.2798353549958612
-0.29960983820025905
-0.37439980648074805
-0.18717630077153444
-0.18413499895441213
-0.08447886126257995
-0.04967410473430461
-0.3197240895067807
-0.5405999393130556
-0.44715841792476063
-0.43998317445106105
-0.23582186154188398
-0.03611109929624945
-0.5812722192321189
-0.18202249312347477
-0.8939054338159622
-0.1378856623805663
-0.3866097194928703
-0.746335369958119
-0.4705258369900002
-0.43928991943638723
-0.21574217449283928
-0.006311695963874323
-0.27288061651611667
-0.09570809882441406
-0.299333310592192
-0.4577673337697144
-0.2517153849450976
-0.612920712276556
-0.3515451181919365
-0.0073319002985954285
-0.13837791420473167
-0.004060621082317084
-0.1097336509212678
-0.004906444693915546
-0.43276927502992485
-0.07326503479320805
-0.006021555105689913
-0.32228876195393924
-0.08648160281798514
-0.5244840280682378
-1.4886206908062376
-0.2715096763505634
-0.01235594750293482
-0.25982153190573
-0.21966386402588492
-0.6041220245249307
-0.10888478590776997
-0.19050889247560007
-0.1221150401890389
-0.19112381559313524
-0.2221389543470628
-0.670454918147421
-0.311849746868164
-0.11644178855997532
-0.11927355808154516
-0.28253999010681086
-0.2933845761840025
-0.38041076394397855
-0.17980629677688686
-0.272755330754444
-0.04846800166736061
-0.31442629413022016
-0.24478243284814502
-0.0066628761809018515
-0.2730362726377699
-0.08838294979230138
-0.09020213232276243
-0.2549213987981602
-0.6184381210374233
-0.12114417693751041
-0.3213122631425077
-0.42862531789190444
-0.10914988953104991
-0.2959484744852432
-0.14783232088567191
-0.18609988591232318
-0.196439643798683
-0.14079397703612398
-0.28571196940251514
-0.18985081096179784
-0.2957471069977373
-0.7418947893727038
-0.32273857200925704
-0.3073726213424
-0.3856839600468902
-0.41593320696847513
-0.614409354439236
-1.0855022646798196
-0.149392463300689
-0.3222771195988488
-0.2530516344232968
-0.9796560024247911
-0.07363891894702748
-0.026997122954981023
-0.23905036470296182
-0.28616253877185105
-0.05703678580814659
-0.44071034775697626
-0.4753292864576603
-0.5321888652427637
-0.2590764815110041
-0.5035660040736248
-0.3164909190084314
-0.1034785462517852
-0.30086993639270077
-0.38665585529937135
-0.7642125747984715
-0.09906564740319684
-0.0835917055711399
-0.4708403062815023
-0.14403689952329538
-0.17127428817366175
-0.14845432464208194
-0.22561787284902576
-0.20123155104371904
-0.057411037108787845
-0.019236303749494255
-0.11385354284790511
-0.010577596840448678
-0.5495253836293399
-0.006279508234001696
-0.08202620057272725
-0.01203647453803569
-0.1951890234371234
-0.0049325161962769926
-0.06604724793103539
-0.2343743695435382
-0.08106604171746312
-0.3638179695496477
-0.0688714012503624
-0.23724678582220804
-0.28662323619691715
-0.5279923699427157
-0.41148253984283656
-0.4694680592486596
-0.21281520122573738
-0.4673141171999911
-0.1824265511899367
-0.11077235882668093
-0.3639469779022072
-0.2004631855344769
-0.13972432712450558
-0.10609423022168069
-0.5048811082941449
-0.06849154829978943
-0.7801597802567163
-0.09101807101324084
-0.05095787113532424
-0.1232908492796317
-0.100531917065382
-0.31472460956623155
-0.5886796052564023
-0.05431327352096105
-0.6288565129743802
-0.15043720020912588
-0.17344773896620608
-0.4559272828540998
-0.22456189766526222
-0.018962846653916392
-0.10040742564898816
-0.6210545230334039
-0.13647341170241947
-0.24384156293854176
-0.16948388293849348
-0.23938916524866727
-0.1552936087644893
-1.018703056963356
-0.052370384853660384
-0.09829695071591932
-0.05893532144066087
-0.25135079247940595
-0.34869618763823385
-0.11251076966795098
-0.4131576601030247
-0.41428116758054656
-0.14429706829816627
-0.25013284166622424
-0.08888763541128118
-0.11856137547692924
-0.30338461238928477
-0.20370967185590416
-0.3696708068794881
-0.34873419219648993
-0.16491051962515257
-0.21490237716471125
-0.03854444926349743
-0.0954247014569942
-0.03757863969076425
-1.0242221631096071
-0.14699944871972548
-0.08637581876980717
-0.1155302052595592
-0.37932836345309084
-0.4865382834104821
-0.49278802884509787
-0.29425401215788344
-0.168059151912045
-0.10255917473696172
-0.30811742492316624
-0.06098191147872753
-0.10596455274571781
-0.028431155427824706
-0.10932603885826418
-0.016971995937637985
-0.058326010688831864
-0.04771477356553078
-0.11768982233671092
-0.3964684223594506
-0.042553885374218225
-0.24567816209151538
-0.04659290239214897
-0.15070031602148104
-0.04148893617093563
-0.12097832370026303
-0.03505539637990296
-0.24107930168071715
-0.04379811428952962
-0.11207566129764038
-0.15001411200495973
-0.13965392933025417
-0.33051984178988886
-0.22546030194644118
-0.16064442406402224
-0.15434947079432146
-0.05584279266286103
-0.254117974908594
-0.2666058994226478
-0.15437595473988386
-0.9493099608177241
-0.3853906534030102
-0.11962913234126397
-0.14439037732349438
-0.6767135009901851
-0.26084451010169957
-0.36746194796627724
-0.5462232303186738
-0.013139921677066013
-0.1581105115849451
-0.1491067188569024
-0.30362158016488
-0.006555869709700346
-0.3372426322696976
-0.01880843285471201
-0.3359394416425734
-0.0035503180406522006
-0.4873830267869089
-0.007270861184224486
-0.3293833407930606
-0.011932471068575978
-0.3472984989775944
-0.010458981385454535
-0.21747189329627759
-0.462170187694331
-0.2283272628672421
-0.15826753933340915
-0.48374894784696415
-0.5066981164999743
-0.04243995505203202
-0.5373126981508234
-0.32912960472292657
-0.16500330378620792
-0.5653840135063057
-0.557593010365963
-0.5811799191191025
-2.382152791125312
-2.1653920585910478
-0.036615354741661575
-0.11847182958287679
-0.15521047425412746
-0.2863628725268167
-0.18681190336000822
-0.6185230373049098
-0.49404675187960834
-0.19685782426968218
-0.18845726993855794
-0.467415297972041
-0.35275092058651764
-0.007781090855132788
-0.10715294255163599
-0.004407194413943216
-0.1275680693691154
-0.014186464715749025
-0.13264274487694724
-0.06606241012543085
-0.01791259559104219
-0.34327934849525266
-0.3013412708750035
-0.17149120160320308
-0.28173187303627856
-0.8755539657764669
-0.2196299655151203
-0.4942718504658282
-0.25322149938230204
-0.2719382210934741
-0.21410195371572627
-0.6956884987303056
-0.17461508032122836
-0.6817343470108123
-1.611250135292721
-0.012272765568923205
-0.8754352102657018
-0.014993023476563394
-0.27183572003679995
-0.009778310544788837
-0.10499054158859167
-0.007040488300845027
-0.9589688054197438
-0.010842690011486411
-0.12481298006734601
-0.07784352497579179
-0.00798891601152718
-0.3038684881378003
-0.321494234139973
-0.05093625678496968
-0.8037908004997816
-0.2509503209302011
-0.34650660626762275
-0.1602336403229856
-0.06599377554387804
-0.17842545752374953
-0.06624353838612608
-0.5358178569131269
-0.5837134264660754
-4.339793032570742
-0.12625442099320144
-0.1620029632761316
-0.3124691724855698
-0.17966068666892585
-0.47026806289022466
-0.09064690903333344
-0.037924136546540206
-0.5876142974046448
-0.21072023263305464
-0.017585288954168474
-0.1341006369967772
-0.06264856791746015
-0.7311545010547889
-0.02372316492255777
-0.48639612728280046
-0.1508771323373008
-0.048546465928666294
-0.019065021922090506
-0.03588923043353134
-0.1622463814645016
-0.6845293106419447
-0.3722925837466846
-0.016932715952862054
-0.38689640775251416
-0.37348709347130854
-0.0863808570539959
-0.10474246041703736
-0.023885266855359077
-0.055231615629137115
-0.15068110049065175
-1.3673012247309089
-0.14356920282341434
-0.2965631246799603
-0.48344741263756913
-0.2801803469340554
-0.15724882200508825
-0.5240606108454813
-0.06914305068696397
-0.02074516873108223
-0.09233173447930974
-0.4080406120973867
-0.030569846043363214
-0.2644458578843114
-0.29898768209386617
-0.6820676759877835
-0.14621559343360482
-0.5939752241075965
-0.5141298035634918
-0.15358523136644311
-0.2027549252605695
-0.04904839371010894
-0.4347236278616557
-0.16834356320891858
-0.9437865730540125
-0.5669833205411643
-0.3582569393637793
-0.5311117954090184
-0.14260274876864465
-0.19368895128272673
-0.008240212104283273
-0.31895422971590714
-0.008193175541236997
-0.34642336471769963
-0.0074645644053816795
-0.45991152915746625
-0.006077169498894364
-0.3903999821339312
-0.007793633732944727
-0.272431649273625
-0.07851777704515618
-0.45325912971179605
-0.3173937363692782
-1.3293825954607086
-0.3419830425609689
-0.048968868327392556
-0.10247917809153607
-0.5949656364893599
-0.5390480282852271
-0.3212185091527187
-0.12232017852358312
-0.29282655427519594
-0.22600219165100757
-0.17229950018533577
-0.34231308341420363
-0.09635108863586238
-1.440631940922079
-0.18159819893436488
-0.24852917980003342
-0.10260576692822228
-0.11739348234998313
-0.09723708309073421
-0.559325345675461
-0.5263124636482478
-0.45116581263128697
-0.4584450405272946
-0.4558762298804595
-0.46619879281691584
-0.027449887778047355
-1.126801963003042
-0.24011330971961797
-0.4314770352139021
-0.28250520546602537
-0.2619557573733676
-0.10363312075861586
-0.12425152569310427
-0.0804742581697629
-0.18871929661436057
-0.07757339796948641
-0.44508190635069694
-0.24302696365556586
-0.17246971654898707
-0.47589825290852633
-0.10845256414978621
-0.19146492638999463
-0.36077318735478914
-0.1526842528498171
-0.28556299821816034
-0.3998359063676332
-0.24727976000745652
-0.4748375285227762
-0.03560473141260445
-0.34161865232755934
-0.00817991083022207
-0.28324312186473183
-0.008038814296014607
-0.11003695945547065
-0.006500038551166654
-0.23967046199871334
-0.012794000678695738
-0.34493009535571656
-0.01834776485338807
-0.07365503520134098
-1.0267785357252108
-0.5812126946396271
-0.31653310458059425
-0.6591519560294857
-0.7750138826664852
-0.2646949214658889
-0.36861983150629385
-0.04813278905930929
-0.13353252185333986
-0.13359989230593783
-0.1409231531591407
-0.048693183734542345
-0.5031186159911967
-0.22340707812454932
-0.006946815745322965
-0.28962633776332797
-0.011420619208365679
-0.2625118335768535
-0.00975559325888753
-0.12256787194512242
-0.004355664947070181
-0.3401949915387945
-0.00593430467415601
-0.1108511718512079
-0.008290149096865207
-0.06932848046524627
-0.39752658784142286
-0.251971633889184
-0.005274123614071868
-0.26165252697633906
-0.0014169928908813745
-0.22530835645046762
-0.005699327331967652
-0.18016571095699874
-0.004323990695411339
-0.13654781886328415
-0.005687872413545847
-0.18413928932666654
-0.086125203452246
-0.3267554695974013
-0.8529044603550574
-3.0453903266073516
-0.173578888511151
-1.423567914477644
-0.6146800556440499
-0.9078992075577844
-0.4438932321451527
-0.3935357563139405
-0.10399888328071635
-0.9655487207313523
-0.06100779706151155
-0.02531682437984273
-0.30738231846199987
-0.018626815523020923
-0.0063969274234599045
-0.014345821342431009
-0.3026099175225351
-0.014039730653166771
-0.6854186208626223
-0.01760288025252521
-0.1699906403415268
-0.015467027085833251
-0.27727398947629606
-0.27257026172446785
-0.9980531867825752
-0.14322269023493087
-0.342453505667072
-0.08316866316011368
-0.02520129573531449
-0.357700058955483
-0.008380946121178567
-0.01680358114936098
-0.015211193822324276
-0.3054841068945031
-0.010990851325914264
-0.6880129982588576
-0.01037139433901757
-0.1311527649720145
-0.007966425910126418
-0.32728523638554763
-0.10393562839916823
-0.2740244298329647
-1.0342068564760705
-0.05959345886442273
-0.3194658720174076
-0.0508778664413209
-0.5537307551130652
-0.08680203798228997
-0.06580531504005194
-0.1442550518983694
-0.07053438806906343
-0.23401620030389972
-0.08889918657951057
-0.7462405497502583
-0.0313972138101235
-0.8798920709830608
-0.13440603042923052
-0.021018548402935266
-0.022109371372088
-0.03748297795718827
-0.12206953291242825
-0.0734188174828887
-1.0211469827551507
-0.3040716752404933
-0.01291103521361947
-0.20332361073161564
-0.5091647594783505
-0.2567671118726139
-0.17149466818864312
-0.06556294648908079
-0.046747327060901706
-0.019814888248220086
-0.11082308888843626
-0.018253175308927894
-0.050868607521200225
-0.06197619244277222
-0.012966416135895997
-0.06462945575466703
-0.31674862046380126
-0.04611653299070895
-0.16447227129777853
-0.7206863760161468
-0.660030532999378
-0.4827830952301156
-1.451246738433838
-0.10269296011100389
-0.5382142075682168
-0.8680065846996285
-0.13057644435624147
-0.14964448527773908
-0.4024186645576265
-0.07369986510547519
-0.5649993623344927
-0.24820318283640186
-0.22332318241216362
-0.6714476373203979
-0.5477548864981091
-0.0045082919095875695
-0.23874489922662828
-0.02238800749182701
-0.12238765517469119
-0.03541852347552776
-0.10839321237383753
-0.01617221115157008
-0.4542144872006611
-0.725867585320278
-0.1364264182946755
-0.3372254879708635
-0.5927120299291144
-0.357111219788551
-0.6090635836576155
-0.07456148457022622
-0.01144792843842879
-0.23924534970688505
-0.013872843934223056
-0.007460111071850406
-0.01172178192064166
-0.2555225197651122
-0.011589757748879492
-0.6417138456187266
-0.009945724508725107
-0.21247953700869748
-0.017652487731538713
-0.3113395621696529
-0.40894133306089014
-0.853586504525083
-0.28045609633958224
-0.20340306275728734
-0.5738172438482798
-0.9160926993791728
-0.1606203546161598
-0.1422042896691238
-0.18112544006064418
-0.21023387661128995
-0.06621684909647353
-0.612824124406631
-0.45480007203637796
-0.4447278715670109
-0.04202149826435813
-0.06799618385786872
-2.53480828230992
-0.01525689399568364
-0.7118415581449918
-0.025012443657033145
-0.1477114263114648
-0.02007622946985066
-1.3657605907064863
-0.014017289387993515
-0.30567406570132033
-0.006477521208580583
-0.3321807599684952
-0.08186119256623153
-0.006975887168664485
-0.5570512857117592
-0.6735698543051167
-0.0096235120732232
-0.1550154594835476
-0.16858848400570742
-0.3931959697005643
-0.3465082013992489
-0.5763297890305239
-0.7747438523207014
-0.5813108003030242
-0.11004821116688011
-0.3292255187163726
-0.4097757204338753
-0.3196291924559773
-0.30840758051191286
-0.29508899356658896
-0.9065764534066516
-0.19361313133830058
-0.27141051935291216
-0.3200141770941345
-0.010520548414206132
-0.29056256486139564
-0.0225870655849576
-0.13665779676934448
-0.03614547662436962
-1.3689242671631898
-0.0232711979188025
-0.3406084389529396
-0.03215601947158575
-0.2483683720725151
-0.06914251566079409
-0.01301023259293288
-0.686845324957479
-0.8006968374903342
-0.1402293766771306
-0.03771489121711369
-0.053975752198039115
-0.13496577744029178
-0.43943175950456254
-0.41286932047805747
-0.45973960458193713
-0.91972542602601
-0.3059966717064526
-0.19419878359947235
-0.18022527911002603
-0.281086094788255
-0.16574977123207646
-0.42101875733903094
-0.2504661427664777
-0.6000566839964545
-0.08339134032261407
-0.17803935115238642
-0.011490861186757684
-0.3715884634796318
-0.007870286935940385
-0.20152178806807985
-0.009901018347591162
-0.12000296950325406
-0.004884985944954678
-0.31043118896593974
-0.007985190430190414
-0.4734589338950039
-0.0100885090068914
-0.10254667745569308
-0.49859965760174135
-0.15624437031025687
-0.08525867376091324
-0.34346818925283074
-0.3249961035255385
-0.4145440950773117
-0.3473440983710532
-0.8945118138746877
-0.17115688492439976
-0.25071853920205567
-0.1726261729281943
-0.2810424207720416
-0.7074183785247499
-0.258523862806472
-0.029879982076029894
-0.3746321954230222
-0.2798050806063007
-0.5077562974189243
-0.4867896314522113
-0.2065365361714612
-0.26190011192937634
-0.27049546935407254
-0.22467374426671746
-0.04104447893460019
-0.8208874468719631
-0.10227759243159085
-0.09205330261734919
-0.20235811848899748
-0.07328908854229997
-0.3174397463299329
-0.4125639621072948
-0.07282795620704974
-0.015953610089547092
-0.6366722518578172
-0.2106299826089691
-0.6591579421107711
-0.6187254372578702
-1.3744565415809946
-0.4578823351872746
-0.10805178994668925
-0.18454415698050752
-0.3451278049644316
-0.14262095748491985
-0.34682060747207627
-0.5021005552591463
-0.2522535105024872
-0.4106626771235218
-0.3639958865837215
-0.5671903600396826
-0.458812603758967
-0.1285225803751298
-0.19355173012122073
-0.2461483057937585
-0.14628105995552687
-2.4833917090048394
-0.24063396434060755
-0.30546846011718337
-0.6356385293620406
-0.5299021096718661
-0.25548608529180683
-0.8469902252196334
-0.05186212228727527
-1.0222918973098178
-0.1120198061944393
-0.043068572274933103
-0.40726871057025466
-0.8152823963480061
-0.19946137589954788
-0.2220844364308409
-2.6492567504432776
-0.046441956830676645
-0.7773633505855363
-0.05688987602479756
-0.1423955936970237
-0.031623685150407255
-2.1094879053000892
-0.022807536355685443
-0.3908347058092861
-0.04419117997167632
-0.31402860147524114
-0.06928485090586699
-0.012061172223184258
-0.5773879139841938
-0.6578502578920271
-0.2946776631164312
-0.6408433374017477
-0.13858029200027572
-0.28507785951620057
-0.6788762214000094
-0.025716282543726265
-0.5115888665816581
-0.015530907083302736
-0.38395043509666826
-0.016594212036579847
-0.9753123217316784
-0.018151566735468805
-0.15663390185781217
-0.021122939186170697
-0.3419835512516632
-0.014639640809036791
-0.3534367505547362
-0.14872247317667384
-0.07619376680492375
-0.22319707007423858
-0.331321990337539
-0.4259946820476317
-0.07035729601367918
-0.05478324649751747
-0.15024466071045026
-0.0855692425490964
-0.2027517884840359
-0.0741869637771638
-0.3607482978280359
-0.18969376732518475
-0.3522837092786449
-0.07857025450710567
-0.06296285977418847
-0.9262054805197598
-0.5406731620120505
-0.5883434292957789
-0.11678589022515856
-0.47806211220885025
-1.6808425523340702
-0.5846531512215734
-0.22819124729416476
-0.12309943352738628
-0.3301651361898242
-0.31615458903178545
-0.3607606190251933
-0.9098554754831033
-0.19053440215611772
-0.09443340248842827
-0.014862054056720808
-0.11866674190277055
-0.0066619454883039
-0.09790326364957025
-0.009516213438473642
-0.1576193682016186
-0.0113476503174752
-0.20053890501163274
-0.25619083107219764
-0.016542287776246667
-0.6408232650216068
-0.378005268803564
-0.33369660074015794
-0.010607969219563529
-0.05096889347617305
-0.003923721727915108
-0.1281356282942516
-0.008067635586485267
-0.2389419087532095
-0.007359724666457623
-0.13015891413347447
-0.005597525567281991
-0.29085159023632057
-0.008331151155289263
-0.045409449543504773
-0.22090404507254865
-0.193726066681039
-0.3202813536670874
-1.2903692771214992
-0.11500732122343228
-0.47059397259538727
-0.5277569268000661
-0.7880342798226982
-0.13935857896167228
-1.085486964767976
-1.4240177813796133
-0.339705763357415
-0.3982780292133058
-0.18912008657854232
-0.47067051135121574
-0.43024758635159166
-0.1330085638934785
-0.17469066850608214
-0.14708440100037024
-0.09793326536619215
-0.09439268939335803
-0.011130198574392125
-0.32947890353644155
-0.02551041543483734
-0.2983836264342617
-0.02136406861245632
-0.14064617551672143
-0.00694448861759156
-0.20453182868759864
-0.007406264077872038
-0.32440464878148134
-0.006130472756922245
-0.08670468926910954
-0.19752006067151992
-0.01084532288950868
-0.7877280037557739
-0.0033810498425737023
-0.12395798975992516
-0.006042531866114587
-0.14122654459686146
-0.005155340186320245
-0.09495614428404447
-0.006787063961382955
-0.20257042226942185
-0.0702270026281853
-0.3001205315998902
-1.4346240514516164
-0.2903925130949574
-0.44809029393774624
-0.08696590186090085
-0.5686028077678585
-0.12617573861389247
-1.7073005065140023
-0.7022616428221227
-0.5070040189214827
-0.7954693220012165
-0.33303238721273376
-0.42551930493980056
-0.0818614354717614
-0.010079853411298245
-0.8771701097269897
-0.006638900027610362
-0.2604554505114657
-0.01543607097119093
-0.1112911034551658
-0.0085032032802701
-0.18089904639335178
-0.010407105553895235
-0.3006734165095004
-0.011945415288209915
-0.06586377925747332
-0.20745829470858249
-0.11122910646615007
-0.2006115220790634
-0.3633293930555381
-0.3251537391501179
-0.37909532122586953
-0.408784620698962
-0.2524058345817893
-0.3910956667306167
-0.3496952908277776
-0.47747785788361136
-0.48426084220409393
-0.4446778818663979
-0.09129982381394387
-0.31774842443119267
-0.17955920441480494
-0.17841360311202456
-0.6316272123891394
-0.9092720554084427
-0.7944196493754341
-0.683107731771566
-0.1600639711058193
-0.1986074213248988
-0.31065789655258413
-0.33823738106928597
-0.3434470731559145
-0.13229715814918563
-0.28111284885679716
-0.27997631453074345
-0.7502138986150702
-0.08834874793544822
-0.2433127660371273
-0.39845297814612984
-0.8076971316147402
-0.20337112449598907
-0.12614240409219235
-0.25078328112479337
-0.23973234330727694
-0.20385184937509215
-0.2596849194510647
-0.15285691352700168
-0.15820622023390266
-0.42942543308521225
-0.3901726420218802
-0.034907710272818804
-0.08180354218081577
-0.17487118603667617
-0.17642345142373664
-0.019478918286040425
-0.08541739430884285
-0.14239458890759496
-0.01995114888995886
-0.05769101573325012
-0.01669054286321625
-0.20245307997493
-0.02137213759124279
-0.21586985186518176
-0.01503181247971952
-0.05211828848647807
-0.2577429835811624
-0.5996249130654944
-0.16169356586424383
-0.41822020323179016
-0.17988016968512158
-0.23669520241674036
-0.3749519249104196
-0.3786908606996052
-0.18176486574319775
-0.12701916891914636
-1.541911314466597
-0.00970733811846003
-0.3297173791425559
-0.025341815256979316
-0.15804513150001437
-0.029172356240451336
-2.618695469751401
-0.018068320932798088
-0.29937429220941186
-0.012354887963738292
-0.25966430404301527
-0.07980757248118277
-0.006603557034395635
-0.5291774086997065
-0.7175522996279012
-0.20319644293041741
-0.09472236575054686
-0.3404737425730479
-0.10348688526425433
-0.3201290389606457
-0.045108970820336936
-0.19537840279135707
-0.19193031389843562
-0.17594616779197994
-0.25483961204982875
-0.16956382694072894
-0.2998096371644779
-0.029620368879233996
-0.17944537354927895
-0.13968806268923417
-1.0576848077398608
-0.26451983633885945
-0.17666886950295546
-0.14808385837491536
-0.05321840199295972
-0.2143305257416684
-0.22274581727024537
-0.041687432866941286
-0.29489289905444044
-0.21653509907041138
-0.1955938651901343
-0.21167481625337226
-0.18521001078880334
-0.11626914673252031
-0.08751519794244207
-0.17809727260981845
-0.303493366058227
-0.6097320529461285
-0.3833041261526761
-0.46911916577907203
-0.8190869030804606
-0.17562500149001103
-0.26826281883900677
-0.48709050495436357
-0.2505561102414669
-0.16649037786116752
-0.004911857220577076
-0.8426306015607755
-0.01068750792182982
-0.16205287482551967
-0.01603740779682994
-1.5610099442128558
-0.005433204583823681
-0.34329487372797807
-0.008416429627686739
-0.2899756090474799
-0.07243819940111446
-0.0031118465994950384
-0.9405390498312954
-0.27305337482565706
-0.1429300026814287
-0.053295824514848655
-0.5627254442269508
-0.10512243387905376
-0.4819773602380987
-0.4105056036496535
-0.8309880697375515
-0.7266840893852466
-1.0780573723035962
-0.2238885696047499
-0.015131140069570392
-0.9131585633542537
-0.011071366257965565
-0.025268652409181414
-0.3266295351127505
-0.013142299139872193
-1.4397903635690454
-0.010927182855084538
-0.42954180460177077
-0.01262142974883318
-0.5501319304708829
-0.014928845106624067
-0.3757120105822816
-0.5033909407037964
-0.08883633850949385
-0.1102400521183679
-0.4602986426809941
-0.049355183728039265
-0.2609028514482981
-0.004098600009456277
-0.03463378504784487
-0.6937850457570676
-0.007628153718542308
-1.754196569536968
-0.007021335477475077
-0.39994479801026095
-0.008087122929282486
-0.360006084952123
-0.0656067088874269
-0.005830478388816118
-0.7431932788252652
-0.2514452899937396
-0.17408384302689228
-0.03710604761727154
-0.23031884707908926
-0.8744839203556896
-1.0717174195306143
-0.4018824438462616
-0.8295832078234222
-0.16021783934896425
-0.21833295095711946
-0.3200716432745269
-0.2549620736771112
-0.4398228997015394
-0.7637330801621179
-0.0441839253232462
-0.16108722381759435
-0.38315535581762106
-0.043857414575859364
-0.08279087256160518
-0.013839477323926985
-0.0883438320097211
-0.010978014674037695
-0.09328241649095048
-0.020695735700428486
-0.15647713254198112
-0.022661575814709067
-0.17801541649676741
-0.27550609266087694
-0.045143067138269544
-0.4325136539316645
-0.4572927458273572
-0.3320031256539187
-0.15057163652521316
-0.7033030257145583
-0.4034231994862946
-0.5589852439378248
-0.27561319769930986
-0.18969445376335767
-0.39496920701943355
-0.20410028414335102
-1.1348187100042455
-0.583468473918497
-0.13139608475921705
-0.48401258040705997
-0.4205961865220161
-0.13510942121616018
-0.9110245871415827
-0.19740998355738074
-0.6428616467817847
-0.2378758466202271
-0.8676821470780851
-0.16011556380397943
-0.30692496562440896
-0.0881099423287458
-0.00682511851482559
-0.8544735863537957
-0.015864774119108915
-0.29706033561513817
-0.009426252217963338
-0.13729981596038954
-0.0026948019221890718
-0.18973006483531663
-0.004981192934792489
-0.28748530751552437
-0.01833432272542268
-0.08763489268891465
-0.12339463388389049
-0.1853876291764962
-0.16065087740312697
-0.006362543674185872
-0.8449659584037666
-0.0044615602237172425
-0.05909228825848661
-0.016272018081508577
-0.1701907434497798
-0.009858609410002828
-0.9281524074283416
-0.010917344596236944
-0.18801098465671298
-0.0783391899329796
-0.39212231628912375
-0.45796251625288276
-0.313865680122094
-0.36335646002702965
-0.192367461963769
-0.28935289925576274
-0.5481690128118106
-0.31673891434615803
-0.05279086252947991
-0.2720835681417763
-0.08040136258154179
-0.010848506382899359
-0.33347247901395705
-0.018643925432115793
-0.25362360717218735
-0.01645208429545164
-0.1253184350114509
-0.007635644753463566
-0.17595983392327647
-0.007845617597922683
-0.09200394710819519
-0.022398533998057246
-0.06747156254137239
-0.737661368715635
-0.17652671579502394
-0.02561973186675459
-0.33683100474471367
-0.004262693750206381
-0.21942641619393222
-0.007081402989570051
-0.1591023459978942
-0.00741236173780635
-0.10956434330316572
-0.011439834255725145
-0.1656889934398458
-0.08013498739798953
-0.3483706297859953
-0.14223576001966762
-1.4767949184015379
-0.7372883273075987
-0.06308510040131902
-0.6769475628849856
-0.7432447616102612
-0.5894273234089747
-0.6463153565491666
-0.37923981161913567
-0.26884923165550084
-0.2634128597356511
-0.3605809106790248
-0.33714720782356583
-0.45592611023868
-0.06043953202346586
-0.3142768667615558
-0.12771819850520733
-0.22767597285401694
-0.21914019010159458
-0.1744268634735048
-0.19912734911463303
-0.29667939151840983
-0.08529106576003999
-0.21972352020445493
-0.2835607695021942
-0.2399125681516466
-0.006319586580502801
-0.22894855276089485
-0.010961123509332538
-0.20787845939703212
-0.007764098001644015
-0.125476892224043
-0.0031943258072715253
-0.18858074753460738
-0.0040643938118591905
-0.47818657311635204
-0.006726586609147489
-0.10758841440757681
-0.1730595895320448
-0.417617792488727
-0.11253395296382544
-0.17391318505735853
-0.05559917341239876
-0.02583877684082836
-0.09055391099423105
-0.15433104837284695
-0.18800186849085604
-0.004378469777293503
-0.07704147547029208
-0.15705307735186125
-0.009072200511582196
-0.05097702282463009
-0.007392212108243257
-0.20817217450041006
-0.009930052445270121
-0.1817896234511257
-0.0077494592987932265
-0.04143299573782618
-0.3097240908690883
-0.5937177224374242
-0.02663371674340548
-0.48804320558571945
-0.4285831195641852
-0.7673133658586916
-0.17018714168223376
-0.15019827237213948
-0.29437530018064234
-0.1450587260460452
-0.0980221408244688
-0.6385859956711871
-0.29163241571950493
-0.24153792638495425
-0.1402596422768612
-0.2252530661971419
-0.2874385792561259
-0.7462440826281712
-0.009460651985136792
-0.9465253679693243
-0.0018055613618344069
-0.14524000459153438
-0.009535341989248991
-1.3009060573240276
-0.003819358127657324
-0.4086619702588021
-0.007988203200511634
-0.31785107623775394
-0.08613627496552825
-0.003649981925264001
-0.5653333761027625
-0.25214308790797685
-0.10971351343684432
-0.23645568244494194
-1.2142191569274927
-0.7024974699599241
-0.02370068055461161
-0.37815290254036427
-0.01588621421251446
-0.027392571674499776
-1.2776645793316561
-0.0059199853567406535
-1.7205884479751279
-0.008574585022870451
-0.8035119899881465
-0.010840132017619908
-0.18569325467857697
-0.01752955000847578
-0.5600928257463048
-0.5223792713877629
-0.09438391223463896
-0.07466377191829249
-0.4567720844043994
-0.02749144905828871
-0.2615352374754035
-0.003535905620083213
-0.04570031034118074
-1.5749004959612307
-0.006699824181851
-1.9851049760971884
-0.0063173952512443066
-0.901843518229424
-0.007749868324026465
-0.4759493727653535
-0.0749395224743239
-0.005771048425231129
-0.954469385446001
-0.3696200086039607
-0.1707768701086934
-0.23403414108285384
-0.3085062153900253
-0.6141087792057078
-0.2812359763936383
-0.46194111610144056
-0.43172647896183963
-0.7747232625146613
-0.1765431510284543
-0.16125651874753286
-0.10403422081882471
-0.007777847116813064
-0.05809907161183977
-0.012775418115779757
-0.635331320718216
-0.013927004765719175
-0.10879155809311669
-0.009469752083532512
-0.10502096565352304
-0.02488620951771736
-0.18586937130220485
-0.02329777367413044
-0.18242881682226653
-0.1599932147019856
-0.5644854955606249
-0.7203185589734438
-0.745955259375198
-0.4793832752230197
-0.27313316897532464
-0.05542781320400536
-0.292474189634144
-0.006013407837599516
-0.11822249559432407
-0.014994532335549593
-0.11201391446752496
-0.016910254722461104
-0.582966018713845
-0.22965966682230157
-0.283538310790131
-1.2368828235194087
-0.5591189702551606
-0.5265204086322878
-0.04400747307755847
-0.08942557173402256
-1.345479483062823
-0.8761469407541385
-0.17371795122853656
-0.0071395708800992
-0.3835011894456205
-0.011020936071872711
-0.4057306751870726
-0.005609087646007538
-0.4157276342738341
-0.002550935314502567
-0.3332015646628785
-0.00377880031010136
-0.15282928145831912
-0.012705111410468817
-0.2821909094239838
-0.5209458115881288
-0.6342268886452075
-0.3438815640130391
-0.0842732784505467
-0.4972205518445532
-0.6031880584198581
-0.15828035391530584
-0.36862024832333357
-0.5286831744015217
-0.3356731156560012
-0.7750301626356162
-0.9850314614738765
-0.20313968055939768
-0.21715150586896925
-0.2371389072333627
-0.2845490656125346
-0.544125594852217
-0.5111146042165956
-0.8804202923215598
-0.08147642680791195
-0.009913251633406617
-0.3451702553850902
-0.009782043984159827
-0.285923941185192
-0.004097329860087484
-0.13286109334868001
-0.002780971582978964
-0.19458411509450407
-0.004141453158808872
-0.12627616463358274
-0.007496465521398932
-0.08118350293214215
-0.11289254103098283
-0.1908678608945138
-0.4649172085119062
-1.23261032954033
-0.10024179576066672
-0.30491474057377027
-0.19805156814394423
-0.16876641614940777
-0.01642896604607813
-0.29061207082337537
-0.0028582331724464893
-0.21656371545653505
-0.004775760346092284
-0.15159517151067803
-0.0061931193340569735
-0.13480122492223423
-0.008134072879329324
-0.15558590324721272
-0.06973112165587736
-0.3016963195193057
-0.6111419178250449
-0.9107293340566684
-2.5559404918923976
-0.13832321176254053
-0.19032359739475851
-0.36240060152725645
-0.5891164833046332
-0.12625258087420357
-0.052946840189179056
-0.7092854414513567
-0.38507106197842705
-0.4187376885811853
-0.0802874267427268
-0.04520437202090003
-0.8451474393924855
-0.07969172587376318
-0.29427982552455245
-0.49518147181166416
-0.07203329376058966
-0.20855804008897394
-0.06484849819091985
-0.0771067050518468
-0.12585287292270664
-0.055501497350633144
-0.25902726363762796
-0.07904647244140506
-0.813129707953935
-0.027645906782709062
-0.4885464656477516
-0.291900566514455
-0.017938820063136518
-0.02054805823744183
-0.4421580533283056
-0.1721379888026604
-0.01798865105956793
-0.908030757271869
-0.3007816534853305
-0.009246997768059373
-0.25718633010635017
-0.4833078798184033
-0.2477086361775946
-0.20345003568104403
-0.026085035176947713
-0.03219219836724237
-0.011225688853301108
-0.09554344791265773
-0.014284379547461867
-0.025821151638107647
-0.031327412129839
-0.00976922205882147
-0.05372287505757744
-0.36512844263823196
-0.013198654516600072
-0.15530882339548538
-0.15394965658996906
-0.3458967836147415
-0.81372321125581
-0.1465497542736557
-1.2044494458286163
-0.2491190949116218
-0.3957575727249458
-1.260475636480098
-0.45869823586017394
-0.43433092664013706
-1.3410239941440523
-0.22872978096351063
-0.6754617941735958
-1.130299290753707
-0.47285189974619163
-0.34793891081681066
-0.13300303962364904
-0.8935781572028125
-0.5668850131728336
-0.36927972905684214
-0.7074640325085698
-0.3675837011793419
-0.32209446303971034
-0.3193981611666231
-0.31755436459051284
-0.16003311145997637
-0.0242274135525804
-0.8680990137664443
-0.008587583783082664
-0.1298278410906385
-0.006117714336141944
-0.11639126762878504
-0.004302012181142345
-0.9388006808839009
-0.005763317865785211
-0.43444523909226374
-0.07105868472920272
-0.3582770817531582
-0.15912212769572803
-0.21748628084412758
-0.12469685632070954
-0.5014489920823247
-0.10309481762629658
-0.19310318968790624
-0.1290729935779547
-0.6800000045076078
-0.5176141488919896
-0.65014936034529
-0.5601294855822625
-0.48797915043048434
-0.3237883781686833
-0.12967637520840375
-1.0824739399281147
-0.46258192812257826
-0.3168974016045302
-0.37115851827547885
-0.24966161420418279
-0.5292187359184026
-0.3552384757689103
-0.8883300092210751
-0.7193989450174887
-0.011787718860432506
-0.10448150079191976
-0.004753351851832122
-0.12595621833869095
-0.02032068558037281
-0.15009403857486273
-0.07492068172372125
-0.016930409765336663
-0.33307593117317535
-0.2979756447086099
-0.3600024275743635
-0.05818486136546805
-0.04776835574489269
-1.3520131770906532
-0.04969921002339106
-0.1852367237110489
-0.38971720218542033
-0.5500699428240456
-0.8389779813529458
-0.46010943851317276
-0.1901779861886612
-0.12370750027750432
-0.21924475979910463
-0.2745462619812575
-0.5421783564177531
-0.010696738550905138
-0.18466331122276228
-0.05010968819260597
-0.1420879711842872
-0.04094155039638281
-0.14089304504466327
-0.03734004497528076
-0.16432897118841897
-0.034404879435896873
-0.4076415930791768
-0.05031149322167039
-0.10734206809092939
-0.3416918390707556
-0.7256955679677048
-0.49684262942076507
-0.08562505728332326
-0.09138823890069872
-0.2761861146831079
-0.22271474974234828
-0.1630432434941402
-0.3454818127830843
-0.18386800322629165
-0.1472551461418204
-0.3821854792526706
-0.035644681745651496
-0.4703160698118154
-0.3276216294241469
-0.05525436182532368
-0.08762863071472436
-0.05183466726077768
-0.025908983037516008
-0.02184815116925165
-0.7542474440501602
-0.0198857425712049
-0.2453080639567007
-0.016364550217986107
-0.10418329458758535
-0.02044445020146668
-0.9674043032595421
-0.3990329621168752
-0.32710472569378907
-0.4288207757805746
-0.05108684502265533
-0.05365215489291586
-0.7440594863921888
-0.010149041481781751
-0.20729654629131902
-0.007108023157343268
-0.1456368861804549
-0.003088256431510672
-1.1766471810554577
-0.004287554766051471
-0.43666542224700844
-0.06247803524316127
-0.006974844523938373
-0.36654933873419393
-0.1161794712869729
-0.16959987599697493
-0.09757088844550955
-0.05914190417825012
-0.3429691084707479
-0.21060551702976227
-0.07001458526451643
-0.15259107689451903
-0.24682842859050758
-0.3856315716040947
-0.23288689609239555
-2.3967507752531674
-0.12368476682780359
-0.49405712402215485
-0.41545891353598563
-0.8421625564090262
-0.1413600785370577
-0.28400805019981074
-0.27055049914796264
-0.24054069177020665
-0.8827508814929738
-0.23543315954884747
-0.3285529072740111
-0.011662406875984743
-0.7863276714352404
-0.03130317619070411
-0.14852319187410784
-0.038766469806432724
-1.624970909683422
-0.031131068244576454
-0.36122503029431147
-0.057309605181217194
-0.2874239293164704
-0.07719497465838933
-0.019632035749964416
-0.9745262354268107
-0.133077855740599
-0.012578030545046203
-0.3802680221554129
-2.241427457134705
-0.09840716254393556
-0.3957455975717797
-0.26688840886074233
-0.1749583272476182
-0.10327952420070338
-0.12900455697815447
-0.17825810339970757
-0.2872673674887015
-0.18424481306091034
-0.45044069722301927
-0.3592995922807177
-0.3485299777992452
-0.41928344672261586
-0.020116569590754807
-0.3550010397184451
-0.005931905645411462
-0.2537423746678971
-0.00531734386458993
-0.1057125011660105
-0.005972077546175569
-0.18966617192096788
-0.013800064218230546
-0.09573309394681455
-0.04210838349536061
-0.07061185550981008
-0.09589608730675536
-0.612010381124918
-0.44769148014444476
-0.6028510987695389
-0.28800638584182875
-1.2843659733234045
-0.2083356157352682
-0.14464881952188047
-1.622831438375215
-0.01671486597842886
-1.0360458295100006
-0.45119617613506435
-0.5338095280632792
-0.5205504222077011
-0.5330981534220469
-0.6933173511722337
-0.010958361672237515
-0.040706409104814156
-0.00607842713361606
-0.15872177875606516
-0.008371403440833092
-0.2430748276487634
-0.005776067962870002
-0.07978497092983616
-0.006446014274843037
-0.8600643019136385
-0.007199425948783755
-0.338887452668132
-0.004948603629600257
-0.27090220254802133
-0.672943523825173
-0.015588146954542026
-0.5975447389023567
-0.008227004727814347
-0.23804194006921275
-0.011096938862465322
-0.6832958544971637
-0.1137261018557183
-0.17117644124355139
-0.23664622300459595
-0.13702501578134854
-0.19828660028366205
-0.6212434596896799
-0.035505283568454615
-0.159167514558278
-0.02188706147717312
-0.8167554138739206
-0.01589018013328314
-0.06418227017328111
-0.010493903886526823
-0.10416878641568417
-0.0083808908239007
-0.18083678565735845
-0.013931545428931713
-0.3553339905164494
-0.02768742712214589
-0.23721017186601653
-0.021455934387631714
-0.7864168698650412
-0.18791691790141207
-0.7265241250675596
-0.1633132166861307
-0.3888963904554327
-0.3390008199795736
-0.26006804452089666
-0.3704290811235751
-0.09911823798466912
-0.012289097678149119
-0.7506745989748916
-0.0047559571685269475
-0.05687632208090926
-0.008966770255938172
-0.14230379201211463
-0.00930491863982752
-1.0929658293720033
-0.007278203323949128
-0.39676022411529427
-0.008813063381239772
-0.25512695756494325
-2.8657306378881913
-0.5815430134147795
-0.21500713118439307
-0.08909925365806315
-0.42338759211108684
-0.05603427848609499
-0.23121695155204078
-0.45091223331110086
-0.31886417491425945
-0.07723599775299055
-0.1972611575250809
-0.3307626259425135
-0.10012985916355752
-0.12452376898145304
-0.24614336690112282
-0.18582503315539928
-0.2797786663956842
-0.22771521543260384
-0.2811826786073436
-0.7279029602815777
-0.014083975809626281
-0.8556125547144878
-0.0032260099542327225
-0.14679049869967895
-0.011167155345901847
-1.2780789225701785
-0.00521229044534266
-0.3647264925505106
-0.010107454261742532
-0.36925574071302725
-0.06951919066514992
-0.004519887006608769
-0.6494024817524405
-0.2622330629206999
-0.07582970299313274
-0.3563652251432359
-0.03921643927949958
-0.07997108485568998
-0.07232299085046634
-0.2923003198526017
-0.17625849382405553
-0.4470516347922085
-0.23362081831634318
-0.11536781790690043
-0.9160752691063357
-0.603859578451389
-0.15617304129132425
-0.31931885502503327
-0.4075256976033935
-0.22398530846603534
-0.5435120478418844
-0.33155065056949323
-0.22783615256144002
-0.13981044185716615
-1.0773164984488175
-0.9294368684701867
-0.20068251484555807
-0.264808685798198
-0.9349327517660675
-0.06979952884790287
-0.3285155601505597
-0.13067562858839843
-0.11357272305936306
-0.1572769379607085
-0.47104017862089903
-0.1039064389480948
-0.16691182214448888
-0.20179631726932712
-0.29869702507761153
-0.9184101548438169
-0.369648143206723
-0.14176613308316757
-0.2114462106793116
-0.24494763913359444
-0.46394569931879615
-0.5160649853874929
-0.43111365183657263
-0.931963695283836
-0.143349182625687
-0.4600990726588255
-0.7310713600537383
-0.3281358115227704
-0.27146075462664143
-0.07918051045635366
-0.19643977163930823
-1.0303011052189202
-0.5008896847509525
-0.8766573879850815
-0.08826992268020856
-0.39608522864230056
-0.022479620849480852
-0.3502396466762589
-0.013662126730196178
-0.11501863546490337
-0.017172683961689472
-0.10495348207507504
-0.010430131922475994
-0.12764234780589354
-0.015665421960875392
-0.17475039698820183
-0.07921326286226428
-0.37501625193626753
-0.8665516084593643
-0.8019216444057141
-0.3231502225558167
-0.19674382492667064
-0.899006768649997
-0.49846378848936485
-0.3877906269303253
-0.3680636916599269
-0.5596770618544964
-0.29205366846587677
-0.07748334106730853
-0.011591229296755046
-0.34531510446277025
-0.02201911574229598
-0.28964024759433
-0.03253121953457594
-0.12031041060706826
-0.0055377003736793995
-0.1727156647189117
-0.006379271391779184
-0.10878960430106084
-0.0144116235896945
-0.06726424011846822
-0.0673517512456913
-0.1063966551350859
-0.5447964408025797
-0.16087684749336836
-0.010716373450122774
-0.2680483968316077
-0.004112769616767764
-0.2378496345120943
-0.006974823132622987
-0.1564628033618476
-0.006976818782277405
-0.09681424640608485
-0.006589896802324802
-0.1798567381433115
-0.08233960275718098
-0.3173311243215551
-0.4150259618957837
-0.19937536893745086
-0.4062670907092979
-0.7626968977030325
-0.4990831097640274
-0.09427369194892174
-0.39482368701573295
-0.531834272598644
-0.1650552235371595
-0.006242970994208008
-0.39301252235596124
-0.026934615336358547
-0.11238485277793744
-0.02259165607392788
-0.11967779659443067
-0.009973442531190813
-0.13541652572625176
-0.015660851961001754
-0.15443886546510935
-0.07315588370407898
-0.36323295848839054
-1.1467002702523037
-0.1994658473252327
-0.18020480991955473
-0.8487071842890666
-0.7005622288609933
-0.12643420506457106
-0.46000264919425043
-0.160305461045352
-0.6749485512017682
-0.11697020443265453
-0.19025725548074773
-0.7807327798820032
-0.7946060804387938
-0.6878120026945757
-0.6710295311536573
-0.19245077719679102
-0.1867765002107912
-0.38080017401191407
-0.019748768710996956
-0.8764449450606738
-0.016452890704385936
-0.2552204862553695
-0.006034501362591982
-0.09477159851438444
-0.003453612152952701
-0.17390495980208698
-0.007779451203532517
-0.3428519503008758
-0.012041644076816738
-0.08392148727687693
-0.33009527594434
-0.7222263003664872
-0.7673264362799402
-0.6366630083330094
-0.3340695091085056
-0.511860292021737
-0.6570729183353251
-0.20978258046254827
-0.34169860812835395
-0.28300841481238737
-0.4429136958904564
-0.5150121529595885
-0.5603337425918369
-0.5167251698161124
-0.4604714418957519
-0.16616308602420418
-0.6615648704104682
-0.18905660282751022
-0.27912672169040886
-2.081461829980981
-0.018722155050559543
-0.3189962029588834
-0.34048183028638085
-0.615127834287326
-0.31155919031294843
-0.8579300940589747
-0.047276208679249976
-0.17663032485870644
-0.1791005301174664
-0.5049910722009372
-0.2824119046542061
-0.3825016679040929
-0.5748179746064579
-0.043805894967742155
-0.35658418467452674
-0.10361386626779054
-0.01122373522957787
-0.93681067788854
-0.013614160008728504
-0.3018886188308316
-0.013420091941952705
-0.11675166816849014
-0.005872856359928846
-0.22963321169401393
-0.013826557667925954
-0.29910982120491525
-0.009754935395903885
-0.07724710446400836
-0.1639488275768599
-0.3848576232399334
-0.46207683100234714
-0.12277934894347622
-0.005711190533475019
-0.8687545255899636
-0.0052194418967701495
-0.12317193612617278
-0.010600990848615766
-0.16999707233770778
-0.008665903354994953
-0.9630194895159931
-0.010441192658618093
-0.1681277058115053
-0.08463435154362742
-0.33733453791276136
-0.28480007953897635
-0.1698996838331368
-0.31223544824752025
-0.06303214782474242
-0.05191669011082922
-0.2810672962056872
-0.14244694478693418
-0.12226704205431815
-0.33822067716664606
-0.5944226679910475
-0.9473867550931345
-7.8565285205841064
-0.19660122359743004
-0.2505701816291648
-0.3686507465587141
-0.11060482017085417
-0.1752831446282926
-0.13347311450037191
-0.7971591626343929
-0.5506985328255983
-0.7161837028203593
-0.1626231474801898
-1.0928534566740546
-0.7798526812624741
-0.12301352428321859
-0.10649504258809045
-0.40286809417444047
-0.49743359800173176
-0.7469427286224913
-0.3893796136173478
-0.03591964970109984
-0.8578196514903121
-0.017590128583833575
-0.31368434995731476
-0.008944198954850435
-0.1125784715087974
-0.006463596830144525
-0.2040515687744216
-0.010578328045085073
-0.3127271796899862
-0.022339023184031248
-0.11233385128754104
-0.2738464329217095
-0.06331030832370743
-0.3192980264564085
-0.4486109667216305
-0.2752254017628729
-0.0710768981516594
-1.4368582103565815
-0.4586606744145077
-0.5571920367356521
-0.2765448544816991
-0.7366625336231664
-0.0445830440876307
-0.19628050737810554
-0.38882007365464233
-0.7728773616537572
-0.3317960568950487
-0.07628076486677553
-0.9461745916628388
-0.09879525232530921
-0.00962051426176913
-0.0725011331001421
-0.005002761608920991
-0.23236661888032964
-0.009213414625264704
-0.11388723678289302
-0.008275716856587678
-0.1116270601991971
-0.010616832703817636
-0.20215382786487388
-0.01223074016161263
-0.19809585584632966
-0.08183725082421216
-2.158513903617859
-0.7429097212448444
-0.25764331128368
-0.027242101030424237
-0.25404848107033395
-0.004919232160318643
-0.13889146956688592
-0.010138291865587234
-0.11254742034523385
-0.016901465074624866
-0.5566095067204935
-6.181979835033417
-0.8471222443452007
-2.4274362921714783
-0.4219510591740345
-0.22824274802114813
-0.2818441295263862
-6.826697836319606
-0.4145167971090386
-0.1556310872331443
-0.5768621286797019
-0.12291629778046627
-0.5108379777996431
-0.11062157245366204
-0.59525331243289
-1.0458856178153912
-0.23745067876249473
-0.09439069194377225
-0.3041778521926397
-0.32555662749382464
-0.18819628404154778
-0.09344459103107283
-0.18049777025712338
-0.2139534138450108
-0.46684140978426775
-0.6230495425018793
-0.5757758283974681
-0.4851368838193594
-0.07462020014949386
-0.10107756862325565
-0.2786107393994558
-2.195705948397517
-0.17310168129915837
-0.2802659473416497
-0.2953876919385948
-0.4403281793585328
-0.3054685883989199
-0.16361562253277953
-0.48324634094498853
-0.570849850995728
-0.2477753076755934
-0.1030414398145562
-0.15538675671194824
-0.9345219560333895
-0.4120802854091787
-0.07395780292935425
-0.3104268670996362
-0.1951366706804644
-0.09647311119021072
-0.036757298988856164
-0.4167507930141207
-0.0587902004915096
-0.2800644232072325
-0.24819293026149142
-0.25875369586529623
-0.1457349652344874
-0.3758498612819797
-0.11453571420910381
-0.07552506963032521
-0.9148351355369624
-0.26311833197756
-0.39191165477024015
-0.021696278534363955
-0.24417750603937416
-0.02114602643996477
-0.37545439643184053
-0.346629926841706
-0.22777774714995758
-0.12133736997446931
-0.32031560183895635
-0.36022841156530677
-0.24322956335052606
-0.18453957297606394
-0.4252940298349131
-0.5353353850990364
-0.5210090607091453
-0.2984203888967916
-0.4419688052100443
-0.47276529644540866
-0.35281163537480936
-0.22220821877861108
-0.13421566969676255
-0.5074452021455207
-0.2027470651537442
-0.4421043892238491
-0.2641119093447439
-0.22223012709942117
-0.6861408774495885
-0.09073821698475512
-0.581209684596009
-0.2049312658018072
-0.40762454706709833
-0.3501847355755672
-0.5205038509340011
-0.3229705061034687
-0.3785079796911975
-0.7720060852783112
-0.1614833363917183
-0.10986927923831899
-0.03443121293928555
-0.2573885874541399
-0.9478293358111437
-0.1974323907994306
-0.20430192528177335
-0.006140737508637055
-0.06964073710414595
-0.09847050908963086
-0.139704936569251
-0.39727720004157163
-0.12678546170562704
-0.1853340309248665
-0.4663229462807067
-0.22263682965471537
-0.08963070499356718
-0.7107456954060277
-2.9117036189971257
-0.5806249163198951
-0.23733391724235844
-0.13024931065319834
-0.3421746205740419
-0.5987993174292473
-0.19077904598604314
-0.4657106181929131
-0.4368495270173298
-0.3275189277289558
-0.2007204485739099
-0.04003627560458964
-0.05825113324602083
-0.11881170224125981
-0.06366271972361963
-0.005048844005068531
-0.1139393507221994
-0.2531013691446636
-0.6583671827096964
-0.3999376812050621
-0.03161675229708444
-0.07389771875268818
-0.10193910915671645
-0.20498361541176563
-0.1641212967602769
-0.550223731004697
-0.17633403134819625
-0.2507391955338308
-0.5049333561707628
-0.3145880983570618
-0.19513033501563767
-0.3313424671017428
-0.020494908451717874
-0.5165474635917539
-0.4368134625871265
-0.25134001681011353
-0.16719915492493392
-0.6530741498485592
-0.8363562626326322
-0.8063358948121401
-1.1010601964817397
-0.3745957358041778
-1.4095394897012739
-0.6020866312454132
-0.6492756906768212
-0.7537542276509157
-0.5784950370190142
-0.471567883070072
-0.6393066201932155
-0.6123256916738077
-0.5787490822164857
-0.19134298744277164
-0.23511829291896902
-0.6190760150353916
-0.5483895886136452
-0.0959295661741478
-0.01331344770733267
-0.08071160206933096
-0.009073966881260276
-0.30342039984251795
-0.010630013886839151
-0.10823270897818323
-0.005873205489479005
-0.11555921750134246
-0.00921751232817769
-0.19844537328191572
-0.01748480135574937
-0.22368435942135217
-0.9774194401531437
-0.08557026226812273
-0.4201605108079077
-0.23311108832373673
-0.13360840451389322
-0.3773650177301114
-0.13768442715922902
-0.0748649059028897
-0.33807298332141855
-0.3966817859720893
-0.47651995056367014
-0.517873433509764
-0.33056000181325845
-0.5556771767945369
-0.19388707834462235
-0.6181565185012611
-0.5260830544126094
-1.0476119938351378
-0.4286688676373524
-0.5723229313308972
-0.8517792523271055
-0.8117765577114957
-0.1966907502324365
-0.5423935466493882
-2.9868832317491374
-1.2375182681716979
-1.2176932636733302
-0.46792595088369965
-0.45844741583641735
-0.8291711607170702
-0.08099923140890335
-1.04572020646236
-0.999142389608298
-0.23988473624030227
-0.257162788911884
-0.9803038946609542
-0.4079774599855881
-0.6062289902387533
-0.04236424921154222
-0.04888685678590838
-0.14886776665019852
-1.4752772700886991
-4.784138409420848
-0.7587003245375797
-0.3215990198011179
-0.7869337395550247
-0.18372877027832146
-0.21391578765103667
-0.2722926732482544
-0.4250396980448083
-0.32828594016947527
-0.10686486225410091
-0.4669203956921895
-0.1389905200647588
-0.2701236108423852
-0.35058079828036953
-1.0711421660588323
-0.4958890563691966
-0.5367707362708642
-0.3216766336959457
-0.2830059824194494
-0.8239801041490864
-0.524993418919643
-0.2873881727356002
-0.25792379170027213
-0.5172735290872879
-0.08061499759787694
-0.11501092277467251
-2.713940978050232
-0.10582124784268672
-0.254431503592059
-0.6451235589099399
-0.36180582270026207
-0.47953465891381103
-0.8789990028744796
-0.07056338663403494
-0.4481557114228893
-0.5381046714923846
-0.3865556443652167
-0.03780733683379367
-0.13387973808406173
-0.8281156740841027
-0.36190250666457885
-0.2451578520174455
-0.6413448825485034
-0.1407986946879968
-0.2995027304185669
-0.7344400503983101
-0.20329221408865122
-0.4859859177487514
-0.1912857900273853
-0.4025970445596613
-0.1389372519827783
-0.9016435886189053
-0.26926808186374274
-0.607678500302427
-0.6361706526966676
-0.43861976408108605
-0.18087882430728006
-0.03646326612215489
-0.10440789057007091
-0.15879852713482656
-0.19679875895929977
-0.005310803069733083
-0.0838766236168814
-0.16981528254562114
-0.0087814707076177
-0.05842283464926368
-0.015882185427471995
-0.2121292763872239
-0.012816167320124805
-0.19001331958585677
-0.011695890221744776
-0.06276251637700625
-0.3323834706090526
-0.5987494892440737
-0.6391531428322196
-0.3785695846939124
-0.20015465442450847
-0.24348365469195415
-0.11300009163685652
-0.26732016954384663
-0.18041257356318446
-0.4203708299202425
-0.31379044463264727
-0.5288626117101421
-0.7631989442084887
-0.35407303127069445
-0.273716147585112
-0.609067107959163
-0.22757854159170066
-0.2174393279407809
-0.11773415640422732
-0.03373410634230822
-0.2280548557115393
-0.19571378786782279
-0.025108486257219436
-1.2275801083887927
-0.2650151447762861
-0.16009555855899552
-0.42824270108758355
-0.21345835212351136
-1.9607747887882094
-2.711482894420624
-0.733600544097664
-1.9249955708316218
-0.5894370369589358
-1.8866828577204917
-1.7201354356948286
-1.1587991867709206
-0.5461560454308988
-0.7182665825047976
-0.3314835850896519
-0.4468511410191911
-0.32531626494200305
-0.43604548191651704
-0.07345234510432205
-0.24691926349669302
-0.47023228488827534
-0.22031169879016343
-0.15030438700234755
-0.13493191182559863
-0.2286963893592457
-0.6272062849065582
-0.7023353860713542
-0.13128003676217
-0.4960383245457446
-0.1833536424549363
-0.40687462186906487
-0.11018375209404413
-1.0359040607690986
-0.04807245207434284
-0.30859567767030666
-0.09945716458605602
-0.1294075720238652
-0.16476417963766674
-0.8061523529257296
-0.38942221058249
-0.227101700708121
-0.32335759109436724
-0.8438152064569294
-0.6006147678748069
-0.007574150043572965
-0.5301544967560403
-0.4102128396444267
-0.21331107698292923
-0.24147750908358034
-0.022247636104956264
-0.1936800669461718
-0.2015639565073865
-0.531246074079536
-0.09716370131670937
-0.07663718131595448
-0.5151666027551404
-1.1032189444376854
-0.18416792260430528
-0.20069773035468394
-0.22226548134317453
-0.08588923479899546
-0.7964065564495421
-0.250599204663872
-0.5029461985281719
-0.20490827567418818
-0.48770609692350525
-0.21678717234837158
-0.629156018898963
-0.6536488385357259
-0.9209942550980486
-0.4749772116645318
-0.906499695484594
-0.34485042760761175
-0.6750885690371433
-0.9633805333802797
-0.22968045004574164
-0.12396240240737329
-0.09360506793849968
-0.3716297684320275
-0.39967902691777063
-0.3481833998799111
-0.1265959788140866
-0.16014870594153763
-0.224410242733319
-0.873285893764114
-0.40158709112618646
-0.33243437924496294
-0.4915172032733539
-0.1282355191457706
-0.6432662933613669
-0.4419093169244661
-0.3543925640167593
-0.422489798574361
-1.4230310419973518
-1.2386254544083688
-1.3584868884039678
-0.5262169552558643
-0.17234874912770465
-0.37004692670128253
-2.1783601690937453
-1.655056278341605
-0.20856653201523537
-0.5059210613122315
-0.07797497259525699
-1.26747016551235
-0.5496489887445932
-0.3739221534400713
-0.19091434485835634
-0.046758244085746505
-0.31875633036718926
-0.3615351084712464
-0.1197782812323369
-2.2366219172558472
-1.1004602990416488
-0.2118067067175826
-0.15946664416236064
-0.7420578215959333
-0.007887509797001258
-0.895654247534872
-0.02831199982513984
-0.003889038081979379
-0.32790123288147544
-0.04832656945412358
-0.019417377072386444
-1.201237383556335
-0.09733593495250786
-0.030785148381255567
-0.3487020940630403
-0.038168744184076786
-0.31355639030727234
-0.04318307868830592
-0.4941562032586565
-0.6000573077660246
-0.031228639639690907
-0.2630511106555267
-0.37526230543075406
-0.1463043991907637
-0.79520859592984
-0.44574065020956016
-0.0657012978011385
-0.2969807455864429
-0.6499247565285613
-0.18638603591035008
-0.07630683777672269
-0.6028808664765771
-0.08763431721549483
-0.08279381357397142
-0.3978956373403071
-0.08107409457436786
-0.12386777379106206
-0.26481808043119853
-0.13860494973534515
-0.17592415793296065
-0.4620775890629635
-0.48651088517838
-0.30373443373196746
-0.3286730845365063
-0.13643036305212922
-0.24152330039446654
-0.34401137709432483
-0.3151255045882303
-0.2101888939769765
-0.3770246369528703
-0.20592888542924065
-0.2125931234703828
-0.22623437937723023
-0.7564615604630396
-0.15216551324761798
-0.5879930311582834
-1.3403654999689025
-0.3918004426443356
-0.27272862141537535
-0.2304585740055245
-0.13951331473415068
-0.04115011612399636
-0.02864365834587564
-0.5578581001723721
-0.5554038221124102
-1.0712974960515567
-0.7811405550332552
-0.3540936316794439
-1.1689193759018388
-0.1873069914390247
-0.33177964222825485
-0.02904199618836477
-0.11025791295105591
-0.19735006485383824
-0.6449963719649077
-0.045837265215899
-0.22835783478977287
-0.29015730920546046
-0.3143105368478111
-0.24354332313578197
-0.02100434519040088
-0.7958384540884254
-0.2544735642401391
-0.41231933494518236
-0.6676900584328299
-0.2810538424123479
-0.3755244311957326
-0.18066426880386643
-0.02102664658951006
-0.9225217174646199
-0.3944707096112978
-1.0838345390888315
-0.6473997465508887
-3.1119878035155124
-0.08656245880702045
-0.6667491432121551
-0.224892050844583
-0.13442389951330067
-0.36297866256660255
-0.2229090066612116
-0.3346251939138811
-0.06509187744887533
-1.0914508310097517
-0.46642931597307324
-0.2120306068318314
-1.7449325762912242
-0.16011460146650539
-1.6571251507751488
-0.2536830332579974
-0.814560568713902
-0.49430629041852586
-0.636288095224927
-0.46557958389033816
-0.16987725600492096
-1.6490136271340816
-0.4746126117608163
-1.0523443000644968
-0.27947808405390334
-0.23492082213136037
-0.5864990112434801
-0.32054289101469696
-0.33911056618671864
-0.33891399899578445
-0.8426651097815271
-0.14589138981627534
-0.04003837791392203
-0.15486954117189142
-0.13601873086898714
-0.2741792325890856
-0.38816905043356953
-0.4887061276230353
-0.5830969877603677
-0.08678310105096898
-0.08164152416510559
-0.10973175621225331
-0.03487114982049712
-0.2058369549825026
-1.0887841133244365
-0.51848841800812
-0.2591079219237372
-0.3360021151148957
-0.4953628111101504
-1.0607388809148688
-0.07199905340094119
-0.9442455694079399
-0.20106106036011626
-0.5866780332577036
-0.5053544244340932
-0.03822505540569289
-0.3137785472749278
-0.32886210546356504
-0.32766774379273383
-0.18938146592725907
-0.41485146563718445
-0.23832498211810493
-0.7374429617336448
-0.9331238785367035
-0.27047753042360356
-0.08084232732653618
-0.8075986592836367
-0.4392152737244032
-0.0988805273185057
-0.12014593298599721
-0.18168701809464666
-0.2064033224065497
-0.2075248359011539
-0.24548069316107204
-0.12249681009052438
-0.13959055708773332
-0.26106660308830243
-0.3018133732257411
-0.32470364178762295
-0.021361812250688672
-0.9142302054489038
-0.01374957978259772
-0.6530309727296593
-0.031506839382927865
-0.7898283319216717
-0.047966587706469
-0.5544976521534105
-0.3752374710747972
-0.044461973768193275
-0.019968999066308737
-0.7606235397853197
-0.07051327631675772
-0.1022190316580236
-0.2415798746068483
-0.02425925255132218
-0.052080538123846054
-0.36788264394002906
-0.19361083217596128
-0.03316112817265093
-0.2481252644546662
-0.02241284109186381
-0.42168317548166667
-0.03642019533072016
-0.12831725329548932
-0.2502944799934994
-0.5578983243282748
-0.232591328204147
-0.46352586708075827
-0.2472492121023879
-0.014584145043045282
-0.624014431242533
-1.1233299935819399
-0.38777649805791514
-0.3736931360368506
-1.016278558015756
-0.680752175668366
-5.305203801486641
-0.19235847437084885
-0.48949323180910015
-0.5464857326099567
-0.2246779177491108
-0.18060053917948796
-1.0847463757330003
-0.21185946353164883
-1.6110297768439825
-0.8721787359063972
-0.23995552932243905
-0.6747896764905558
-0.2248115855953251
-0.007874824164900929
-0.651817154708624
-0.2435653681876728
-0.7796211108631853
-1.1145497080346103
-0.2709313630964875
-0.2467159381046334
-0.5221569537606705
-0.17939530313014984
-0.608037146134734
-0.0719676913325072
-0.11559550127355275
-0.28084879759699105
-0.306353075352187
-0.20066513150788004
-0.25826552406069825
-0.195146226120197
-0.2192949871532619
-0.39353365792582434
-0.10276061705235406
-0.22396062507572684
-0.13927444485331458
-0.612660210301923
-0.14061736660784976
-0.6487118253532701
-0.44275597922387533
-0.11761378547950585
-0.44151435925050464
-0.052122876968567766
-0.14821612080428773
-0.23591734678398601
-0.008271057697553867
-0.05828645675128428
-0.09367370249512012
-0.18102590385713388
-0.9420338955240937
-0.0518225838239232
-0.1536388779555754
-0.2763789550103541
-0.40123886884754634
-0.17729505784201285
-0.4260274787262791
-0.3170994771145767
-0.07003434163128147
-0.38708276991787277
-0.1636327346741366
-0.013006444894699598
-0.11135582337328032
-0.9532598683753681
-0.4445646153411225
-0.07270944487452818
-0.31756888673660344
-0.7765739870315024
-0.044644859647174684
-0.21933269364838281
-0.21980746034223703
-0.06279962894335098
-0.3391435981533088
-0.2691142975594403
-0.0428409623302727
-0.05623167612388139
-0.13441674672908208
-0.10526383441927768
-0.2613433794364163
-0.1756156613140547
-0.13529786300049443
-0.8073314637760631
-0.6912856805180966
-0.307217919267714
-2.192448128727847
-0.28189077985007316
-1.024417438265932
-1.2163386985484976
-0.4429331858785493
-1.9232953460945281
-0.2750255017219774
-0.2403656650072706
-0.6238840143582114
-0.061326252186905975
-0.07498089613363845
-0.18563082069158554
-0.12291224657672667
-0.01418798475060612
-0.20163966593645455
-0.05584419006481767
-0.3662397515323391
-0.7781977240398419
-0.05373438308015466
-0.5021984423384538
-0.045608171029016376
-0.1671081543388565
-0.04287499166093767
-0.11849818911123391
-0.029152660630643368
-0.16168190400812027
-0.029433948104269803
-0.10555243731091997
-0.45153448645262534
-0.5612266612103364
-0.16051826595848978
-0.38518367771652456
-1.1193331971817315
-0.45806166410461124
-0.21607966347704843
-0.0354674857808277
-0.33297782924042124
-0.0043099880567751825
-0.0691550203405124
-0.010129005298949778
-0.12773178901758797
-0.006887153256684542
-0.9126669022802804
-0.016932332422584295
-0.34743767802165754
-0.016215353040024638
-0.2288192019471223
-0.014396106591448188
-1.054155723097479
-0.7769024530765213
-0.22970615971146588
-0.1502190052435392
-0.2503139580071331
-0.04642231662624429
-0.6142658148647671
-0.6629759276292096
-0.45164447477810216
-0.6454101320505288
-0.09015556809055618
-0.9075549869776296
-0.27548479291081096
-0.059678499846131675
-2.4130928880379847
-0.9924719726695912
-0.2072420931612474
-0.6870409519243216
-0.08191675389179391
-1.1775798721185613
-0.5045387163113446
-0.9160944455114759
-0.14522513031183085
-0.14547658400475558
-0.5151315825260099
-0.7004382724896155
-0.9716994857177269
-0.6398626407247412
-1.1195343802610296
-0.82317684867095
-0.37136593346284436
-0.5715082612133907
-0.09454959576457138
-0.33880558942785555
-0.10343921505305102
-0.22616069469962452
-0.08049381124959261
-0.17789125411793016
-0.1448480929401106
-0.4835147093262197
-0.03546313514429626
-0.06314734826452378
-0.10870289782720825
-0.07629030555609526
-0.00719266632355963
-0.2780124090697612
-0.38821020828410835
-0.30094419205241696
-0.8569018681914063
-0.021382506208043963
-0.07506149199482423
-0.14441156442310432
-0.9629577454979881
-0.1643570100228923
-0.34434909369367067
-0.21330606619630998
-0.20695370516072842
-0.8880935023234298
-0.6648724240894808
-0.5878815710600608
-0.3321321744867472
-0.022922418796461466
-2.0700301491294226
-0.43174096538374823
-0.331963567173716
-0.1350943105773884
-0.09439317316443724
-0.15950093666413723
-0.3143169140897401
-0.14596907645167417
-0.22082895810980185
-0.21583045391429656
-0.20353697641621693
-0.28162415514248096
-0.1559022168512456
-0.26083889615203026
-0.11171670537280282
-0.12410357513115365
-0.19968241317319552
-0.06006768532482842
-0.1767927550036499
-0.116345680400118
-0.5197146773994283
-0.27776942061192234
-0.013056455471087247
-0.1526062229389519
-0.10118480917008128
-0.023100442485883832
-0.10342020967148172
-0.03618804272264242
-0.17260877014335088
-0.026437876047566533
-0.632068143830533
-0.028648860286921263
-0.29801330783822255
-0.02837590966373682
-0.2728059712050026
-0.05714159179478884
-0.3664737861067806
-0.040110884234309196
-0.18957104326727858
-0.025496365735307336
-0.29712190120023607
-0.3452433841106582
-0.2722020374324832
-0.26408243541714155
-0.48777055735834957
-0.06763022249894372
-0.10230995665402919
-0.5011236025972797
-0.6807123534723484
-0.32169484974110674
-0.5029868804794917
-0.5683171077574798
-0.03569845397335788
-0.09417793089966027
-0.1430741816657246
-0.060988891177203186
-0.18276198428261872
-0.6058110631881445
-0.17206241899674007
-0.06858437810751639
-0.026689971149867882
-0.19588219065700313
-0.04461916576353057
-0.2518929695313339
-0.04027889087349953
-0.042494049007069004
-0.0073074121901299804
-0.02429238177131765
-0.014107700437307358
-0.38789916655969137
-0.010656875325366855
-0.6471141837325777
-0.01852797146420926
-0.5308986898011286
-0.4702104293959425
-0.010536826215684414
-0.38296371132502016
-0.014870553743094206
-0.23382176379263084
-0.040316714856696
-0.09918348580303397
-0.045649007603060454
-0.018000463579767256
-0.01374648162163794
-0.5741113809428646
-0.38899877625472606
-0.07979059290955774
-0.01684508222596874
-1.1969635926724322
-0.08959074236599918
-0.17314620656421456
-0.7983875280404095
-0.24695974536437656
-0.057808343844953924
-0.226682750156723
-1.235626085447772
-0.4645263567486836
-0.05210036764111902
-0.29021578348206106
-0.5312623398389178
-0.010358898201957345
-0.395939682945027
-0.26261300513630453
-0.06921276515920129
-0.15400723663613983
-0.20374383350712577
-0.2327117732420643
-0.14184395054602505
-0.04047579311782101
-0.2124695251387633
-0.7661886664556682
-0.032001072981908386
-0.2627894027562358
-0.19925582566586322
-0.27780570546933786
-0.32831889746129644
-0.3851746800636257
-0.4367565375330792
-0.5377346601678255
-0.27096910709961874
-0.32660847726947395
-0.26694804084172574
-2.058405670526554
-0.23421914058503476
-0.310271817622682
-0.14399088110789243
-0.3616562458609063
-0.3955244068201864
-1.8284349388089443
-0.19312654629999695
-0.13497383730194998
-0.3428957511896442
-0.224559109919331
-0.5692779328813177
-0.19145754054261488
-0.6101141977900019
-0.06652866056465427
-0.8175110667801717
-0.019969237158147735
-0.5302601383055541
-0.8208026565822971
-0.02370338660645454
-0.1274869856010301
-0.1402949549319999
-0.3222111299779499
-0.14558505991367487
-0.2703277479025901
-0.17188632536008241
-0.36087760314985645
-0.014200288826197555
-0.08296792496162197
-0.07742629196183684
-0.6877882385845927
-0.021824323222972453
-0.23532044863900126
-0.15105735633632705
-0.027813300141133368
-0.01672075358478001
-0.03501855288595834
-0.17434574062741984
-1.2759026356928058
-0.23446138087678037
-0.012608063698280603
-0.20364900916266984
-0.29986447590625115
-0.27664647979442014
-0.1435525720238123
-0.03273273096419871
-0.027798018786184417
-0.07483638364990636
-0.14593239221295562
-0.17026135017231353
-0.19124199641083425
-0.36981671146257244
-0.3749661989095685
-0.4347347242728574
-0.024239443184342235
-0.12234953022561967
-0.23939326392137444
-0.13420894448962495
-0.050006593388388865
-0.17580095438118276
-0.36572543976874594
-0.4898059668800367
-0.36122723578155275
-0.550885729341644
-0.2242387531498155
-0.39855535018175253
-0.19206590499130402
-0.3393737855859889
-0.18650286178672104
-0.23103802447286367
-0.29932292658957255
-0.20353659024548656
-0.4652524640875821
-0.213326005621007
-0.3217732511629947
-0.3022170096241606
-0.24438481111627652
-0.33850439853558784
-0.09488304966622049
-0.25449159292994256
-0.1702293064154219
-0.1303644400684334
-0.16602425401833898
-0.3028834293990468
-0.33130334810584827
-0.1374041996383221
-1.43294068114119
-0.04771147401129383
-0.1734737494844012
-0.22071165647938693
-0.15388589950634923
-0.13424553435933936
-1.1172277718023906
-0.024999443208798766
-0.09477407657145291
-0.007854180701542646
-0.335160381454335
-0.2524205520641772
-0.030591176124289632
-0.07787897331486636
-1.1057419844620806
-0.9821368253130155
-0.8638717450467842
-0.8188607872048124
-0.2610047848277948
-0.34957990920586707
-0.3581451803966383
-0.15221640112577006
-0.7525431969543964
-0.6478027905239008
-0.9929042973933367
-1.1610155498215409
-0.3701065129225526
-0.4121240866283188
-0.5846327428189397
-0.6688071568516513
-0.16166218213207154
-0.18658910164920903
-0.22963204565727816
-0.006147735947039715
-0.6467071301138883
-0.09329166063576445
-0.15407557924606863
-0.30148990158622485
-0.5214802510315621
-0.3703119148196233
-1.2045139928536122
-0.5017583819763098
-0.517545486078627
-0.7057171710888646
-0.39716379981548755
-0.3455705983417374
-0.18481104640477497
-0.26948591655116494
-0.41582432810328634
-0.1794751330103935
-0.3399349341986509
-0.1675796427423068
-0.6074540449954579
-0.7875229621439014
-0.23021045465871534
-0.4721683640324435
-0.32579877199358714
-0.18949607865154297
-0.1087282505435915
-0.1958638219378167
-0.33502304722211
-0.39623310918761523
-0.3285856195959847
-0.14195037684560072
-0.3321038855805859
-0.32609803290377104
-0.4307439580930618
-0.1617109744620393
-0.3885612263748918
-0.16232931769718562
-0.4700195310668803
-0.12352333750459366
-0.3168981783663867
-0.07613078278109242
-0.9825414909074814
-0.606663509421815
-0.1585777155478354
-0.19152034257506884
-0.2119943461332241
-1.5789294078804232
-0.9020240602264948
-2.001497144670793
-0.4624846348874636
-1.1585175957200893
-0.7208042258222349
-1.6046844814181895
-0.03784682489144457
-1.3884253064970835
-1.4638959588218396
-0.05961082300758183
-0.14994394167609112
-0.57513429311101
-0.1409889068183528
-1.0009605033854616
-0.37934762285028856
-0.152696931049868
-0.3115145845358711
-0.16386728065870354
-0.17109744107612102
-0.3094609553294173
-0.4507758981441536
-0.19286416361079808
-0.9653473975408815
-0.05329775479408867
-0.36996376952269355
-0.5615140423260527
-0.41376922231938806
-0.2650827382602543
-0.3035620018368354
-0.32556685085380976
-0.2645330096582054
-0.16349709187219433
-0.48266597420101437
-1.0157027202440077
-0.15522121017615972
-0.16479722496296745
-0.08287584808743369
-0.6073915233800539
-0.5066041322477557
-0.4797809334535156
-0.4475731103318624
-0.2067995269704813
-0.7128644367329054
-0.22885567663719744
-0.6273121448487018
-0.4669027687810098
-0.34960970967840693
-0.5336686562691537
-0.33271915882402325
-0.8807373066792107
-0.01804711478653189
-0.04225739145792128
-0.46681012706776526
-0.4226309310061353
-0.4593611413953377
-0.6710783305623522
-0.250322844134321
-0.2225655951449967
-0.31190539443582566
-1.4935421657313175
-0.9877121907207073
-0.35404632019003046
-0.32530004398042767
-0.3076035641133785
-2.664125017821789
-1.4748606935784967
-0.1826313086785376
-0.6896950347945676
-0.16978881508111954
-0.5371785971025625
-0.6719018786461675
-0.08550346490281413
-0.4662537625813043
-0.3173003174798313
-1.5396701669512367
-0.5704992667742772
-0.4119964022439793
-1.8563883097609506
-0.15942059179915782
-0.14041378638285096
-0.18498549470381737
-0.22750743107652246
-0.015284051194157655
-0.38029355259546027
-0.22964506547529406
-0.17409980866781788
-0.553621199906047
-0.2118885590234735
-0.17086488381046366
-0.24164029303197923
-0.23486674106799102
-0.3775850837181906
-0.15798424639941308
-0.07511865357047516
-0.1120356023311615
-0.30337688639493926
-1.4468574632307234
-0.09066829271614552
-0.674776670439834
-0.16172182746231556
-0.4814175230761369
-0.7716867604613071
-0.08194461852741597
-0.4374251748218558
-0.30812557082831515
-0.15870861155828953
-0.5626698303269222
-0.08886399500521033
-0.16986459045102884
-0.0381350937532261
-0.2163383488967676
-0.27158223749943317
-0.015166601166129112
-0.5061218986560562
-0.18818383440944986
-0.014807613159064204
-0.06817459071302484
-1.4225069928743324
-1.0449009826570133
-0.22551160221181968
-1.1045188582631134
-0.2349556779727696
-0.11286754350557102
-0.9790088366271803
-0.728444326823895
-0.07928743483891292
-0.3245664995791455
-0.32372026366664136
-0.17653973173812693
-0.035140239069575654
-0.177940165886857
-0.37358774199973205
-0.17529891870158565
-0.4828648199827044
-0.22754920317594532
-0.22993491304784103
-0.1815057886343008
-0.2641620104727952
-0.12083416836909285
-0.27674713414689905
-0.2921856050499108
-0.16985211273955966
-0.36369845843643134
-0.31707374820469975
-0.18393293919507414
-0.6626974564401998
-0.4130480347463432
-0.17793136958547015
-0.3627567649289882
-0.25027035211504606
-0.40349550545215607
-1.403582626312243
-0.20041150867611135
-0.4965936375739545
-0.4393595116678625
-0.23613660516294085
-0.35642616080585865
-0.6194870517641413
-0.31129964236242813
-0.4225223202578491
-0.2637248947576154
-0.8796468797825381
-0.31799182434679096
-0.4839608437418974
-0.2766282701150675
-0.5823035208924059
-0.17903921257307462
-0.5933718426979043
-0.19413072493189465
-0.7151359852434932
-0.24351035120293496
-0.006760266508536006
-0.11989723509329475
-0.057627937519605946
-0.18672837056105476
-0.46723770547552185
-0.5799486726360404
-0.2684214698130063
-0.44641784041876537
-0.04866658723040018
-0.22320999765569077
-0.7346164480961003
-0.9883980539234472
-0.9408888436648339
-0.49577384787866474
-0.6495567058245797
-0.8008601538028065
-0.2932344553791528
-0.15894737489179533
-0.17035527118423488
-0.41972473503682883
-0.3745766983142605
-0.2090697277435538
-0.38013210092860333
-0.07553581077820859
-1.2957231238204616
-0.1686105929666155
-0.9553307304074278
-0.7671640622941553
-0.22909317117315367
-1.8897221770106885
-0.3977600475503842
-0.6805446245380427
-1.1875816363704914
-0.660672505206177
-0.16019841235794002
-0.22622067357671463
-0.16430395504244188
-0.1663387529281733
-0.47444568043445917
-0.22003174549990945
-0.15950586049417753
-0.4783939897820346
-0.15878370540485776
-0.2351000262439044
-0.14510771972618386
-0.24100422618933642
-0.16012030250931275
-0.23869445579111925
-0.1170935293813081
-0.14180972504881312
-0.2882997443406826
-0.2213931404639311
-0.2597469585516371
-0.6620866190464221
-0.17661379153503845
-0.6038163490106504
-0.04158420542944441
-0.4053337399642866
-0.3676065446239737
-0.314480190753885
-0.2178501746207985
-0.34023896159994493
-0.3184052623582829
-1.363347200971475
-0.40099553527037607
-0.2625309876087028
-0.14979048924463617
-0.06247694448393304
-0.37280056691797653
-0.09339782721116745
-0.22633243912026624
-0.0489501734652246
-0.1636438510154113
-0.6485562787783692
-0.27428398437920504
-0.13777077527934775
-0.14748889690132014
-0.6141488297316755
-0.10516070191283688
-0.7027512176704207
-0.03967683824400107
-0.40628150949037045
-0.5768511537651648
-0.7637009541654859
-1.625991331695938
-0.3164382852358228
-0.574182204216696
-0.3643050215473522
-0.8385027013735251
-0.17880330951885526
-0.12045547842519856
-0.05517013827398921
-0.07988914146283475
-0.10989538312437966
-0.5766434269935742
-0.6406708211547488
-0.18486362130719974
-0.5616783502814758
-0.3022781281938411
-0.27518151698809407
-0.2902408762136994
-0.7452515926366156
-0.25920249073869855
-0.19660036611377052
-0.29767205291815724
-0.23733546554736024
-0.4657456319555063
-0.6874974606079074
-0.14794985954470646
-0.16188299280886087
-0.14403834886600939
-0.3029462572441844
-0.09276560671508681
-0.6020661225755854
-0.5717059006349499
-0.08251516184824179
-0.07857719110232406
-0.11193919127928591
-0.20627944184876065
-2.186286600213498
-0.8523126943439232
-0.1596813905923548
-0.030578498579085466
-0.13952419312454367
-0.0336025567374539
-0.19960423255414989
-0.188071778851938
-0.007647871469089296
-0.06806449779521374
-1.0914544762111746
-0.10844116407854797
-0.29647961311250653
-0.35369699409305516
-0.388696704074132
-0.4308871867792732
-0.6571339069625614
-0.669082915914382
-0.45954892244189977
-0.12002645910652063
-0.6433220121474733
-0.45443707670445677
-0.944938687112502
-0.16797688914188516
-0.41481521692919787
-0.3682112658213533
-0.3369703579584489
-0.7484724761980459
-0.3266447198354051
-0.00949823172413744
-0.1949496641126612
-0.052610836923122406
-0.04045729796894193
-0.035614781780168414
-0.2098096518802427
-0.07226082525448874
-0.18685135882133422
-0.051702386466786265
-0.034853508117672995
-1.9779969182680361
-0.4149413802280213
-0.22596553465427305
-0.5808194096607622
-0.07284306149752713
-0.4198795232630559
-0.598210511668852
-0.4939143350401627
-0.8996579904334996
-0.5964801630549258
-0.49095247740042397
-0.36272578699301355
-0.8930239038334852
-0.6034142906560431
-0.5508963730788992
-0.9063849297958418
-0.25826456095728645
-0.6040157392437235
-0.42358126264668194
-1.7913413611240685
-0.1608642900038311
-0.7362310428226616
-0.3976826691553215
-0.21150033648206903
-0.3199447643703837
-0.16209144307768425
-0.40836424481093325
-0.6631812825463359
-0.24767880409710918
-0.21979075672966464
-0.2954958291665592
-0.6333042665732633
-0.4146562457899563
-0.21988683095377817
-0.8800194036651192
-0.24062773119658232
-2.668566845357418
-1.448664479926568
-0.2953398588579148
-0.7477357780548378
-0.3242686539888382
-0.5974047177781662
-0.8380078731715912
-0.08879737857520809
-0.6522980790816291
-0.5732998129317113
-0.680067459027452
-0.2504167745370591
-0.4576887256480404
-0.09414204242983198
-0.21913265541857324
-0.6208992930835513
-0.274464689246715
-0.5029238092512449
-0.34289862417085337
-0.20928938271078681
-0.3800837210059399
-0.08204780521523958
-0.3547959168854661
-0.34676271973334044
-0.24210855834566505
-0.4653453023893235
-0.13051082924236349
-0.26063043495623395
-0.70865333070833
-0.12414048552547931
-1.941434585256502
-0.09545831171204379
-0.3974149762711204
-0.21564444973024538
-0.19164058784970925
-0.23161392432521097
-0.8163252744991496
-1.2833408602746204
-0.42747048843727353
-2.8152536813092106
-0.06945825861683781
-2.116180184958336
-0.9550007045506177
-0.33087515066872586
-0.8500528266952946
-1.399936493595669
-0.2026359713007696
-0.9351550146675436
-0.08307368173518626
-0.09273369534639642
-0.36600891528036705
-0.47192046294458123
-0.07626135620369662
-0.2877465897486218
-1.580389007445774
-0.285973463127852
-0.37260652463066013
-0.48138268175171106
-0.22945996364846905
-1.5075114596620551
-0.22539228698307548
-0.27263326777411795
-1.3795008960878477
-0.06637475733574925
-0.428133026475795
-0.1946951015228738
-0.689424525467075
-0.8808009527467422
-0.5752315751715765
-0.17668189617109778
-0.37941375784797465
-0.642176515279392
-0.510713739398246
-0.29383894427728763
-0.6258177130509163
-0.4867569770111004
-0.1931968069056893
-2.3204673908091564
-0.29912306628830265
-0.15127599658444524
-1.3323673055920153
-0.38063262488173466
-0.0996660202378954
-2.0646922417411893
-0.07076984196786877
-1.6488463223601382
-0.28268148852426594
-1.8641468756832182
-0.11773587916204381
-1.8943747046093147
-0.11659864379174678
-2.089582749409601
-0.21884045744120903
-1.8824061299674213
-0.22863808185052725
-0.35710856655941825
-0.5194804866037243
-1.83124320806625
-0.2838908063786189
-9.70175552368164
-0.12833126903518632
-1.9968302218864362
-0.10095112849349637
-1.9312812614565094
-0.402019933926058
-0.6586608850549055
-1.746234228744773
-0.09648367635812367
-0.2827352584237815
-0.5052052267155059
-0.6900821141898632
-0.6031431434797636
-0.28077400913452005
-0.5165935982420576
-0.10407122275338572
-0.1565607956135807
-0.12735137953644549
-0.8203730813881217
-0.05118883608227926
-0.3280131006886222
-0.29856940599644916
-0.5670553676734699
-0.25976857083923105
-0.1934028767110192
-0.1923355794984413
-0.7091046245614918
-0.2819102745199802
-0.2220851404534187
-0.21258085259725906
-0.005946626461081905
-0.26151424958656067
-0.08986701889403372
-0.07231173940418127
-0.27505691697337753
-0.1697035957472508
-0.30280395041762104
-0.20623141721007415
-0.2705306983436458
-0.4515239405970505
-0.4026760732085677
-0.14729541552600267
-0.4476188300363522
-0.30577780966996215
-1.0114079786485997
-0.4387260198311651
-0.2445300101853718
-1.354689607716864
-0.022216201432456728
-0.7166784892282234
-0.3133750685331593
-0.5058816897690122
-0.6481136104646529
-0.6674122410565716
-3.082680494477972
-0.08544838911327966
-0.4507226451805906
-0.17887553529840816
-0.7813856442777194
-2.937008662940934
-0.2655731647001104
-0.14856700289673036
-0.6818206817344097
-0.6999023884515433
-0.1495631485922786
-0.6326303622358864
-0.3358858915512696
-0.29449080661115656
-0.026675591070670635
-0.40554787520087693
-0.7901836388316171
-0.06214472644332351
-3.183408965606941
-0.3904446184754176
-0.05526785667802869
-0.660179524031264
-0.499880787170639
-0.5304079759774538
-0.37647739622358356
-1.4950979280881458
-3.213830562547082
-0.7076412443956973
-1.9670719189205557
-0.12773771029939032
-1.723246105662838
-0.40927657716505217
-0.18671701125634854
-0.6231842037897234
-0.587812952638842
-0.3733133246221448
-0.0809697294211623
-0.9146206392303741
-0.029832692172729165
-0.3821166049456082
-0.22485727639680894
-0.6354637303816617
-0.4659534894575089
-0.47987072241176065
-0.4289352286363143
-0.4131384354566687
-0.24988850749470462
-0.6487269660316188
-0.3648610508131513
-0.5228376760012051
-0.6981931244737635
-0.3499072214771104
-0.1481831903246154
-0.12749914509543653
-0.2819541254369222
-0.17714819162587706
-0.21996426072312586
-0.37877751888385425
-0.23745224164158824
-0.3169184522076843
-0.4367225971315238
-0.6616670592816136
-0.46438233852604754
-1.0131620094264993
-0.2811215298738716
-0.9607426276774137
-0.20109235390577465
-0.5106475789434289
-0.5768497693166974
-0.19299093029362016
-0.4469089329300914
-0.13418170802667112
-0.943301559077554
-0.053856237175312814
-0.25149011611256356
-0.31392774452336364
-0.3114939673417086
-0.19697365388056673
-0.023490543680964038
-0.25213138192399737
-0.02409849828109145
-0.007869812334441425
-0.013869894435629249
-0.40846258617454656
-0.014141948660835624
-0.43295556084469927
-0.029872885206714272
-0.2310941009900753
-0.01333453448023647
-0.18037846004879363
-0.08374737482517958
-0.6247443640105692
-0.12819341074643692
-0.6474192358691471
-0.3760114321452572
-0.04647300143183615
-0.341110511533075
-1.0194174396806375
-0.556353892574609
-0.07676706445145101
-0.20716006856131106
-0.040200198331149295
-0.14605189577630995
-0.4174273737076232
-0.08448817682022225
-0.2990917276600722
-0.4608500435035369
-0.3032915469912737
-0.5519519469218996
-0.4423362115177952
-0.41330837292601547
-1.2816340227552259
-0.3957985035752658
-0.9201324223226409
-0.550744049896613
-0.21465684471362712
-0.13830032982202414
-0.05979367721981058
-0.4452309299318813
-0.8876922946537552
-0.13073755265837203
-0.2187865522049833
-0.2782856607218828
-0.4011283473012554
-0.735820401933705
-0.22746388852538074
-0.02423486217790732
-0.39952544944125373
-0.04361113352355517
-0.1576008053960955
-0.08464656319674191
-0.38159454037586976
-0.3620494463378985
-0.00813469382819676
-0.029878080035587118
-0.03226473847780653
-0.16385738583920784
-0.3477122031277339
-0.17333306991961514
-0.8128440430630235
-0.5402816512252346
-0.24638645019079128
-0.08953421003630524
-0.8363593661350024
-4.6322668358091805
-0.0646002621124353
-0.18537486705326955
-0.08852416946683661
-0.1792531044664678
-0.3751500311713244
-0.055177960715289895
-0.23795420510413937
-0.08464390935645838
-0.26658632040380326
-0.10002337309537693
-1.2962766505652326
-0.292900137763354
-0.5618726663989946
-0.32747403344879006
-1.1873268705352933
-0.3569015896840217
-0.3289697114378214
-0.1332262893681348
-0.7252198001297074
-0.2820165131270187
-0.24883573049562627
-0.0785678016790257
-0.8822364233281126
-3.414113864302635
-0.08331312909649569
-0.669322747659559
-0.7995390563780944
-0.2788468882056556
-1.0072248251054883
-0.1959627295857192
-0.1769921596556807
-0.13242389111352773
-0.05848903735426979
-0.11251775058917701
-0.25052518504235194
-0.25778548264861456
-0.06623905998580168
-0.2405063847174837
-0.5788973824431499
-1.4087118899682536
-0.3688876986421884
-0.47669724996958396
-0.23899558831665976
-0.5288543651204741
-0.7006595462056188
-0.5214108578071318
-0.034283443431680403
-0.04052540059577344
-0.16613606504720987
-0.5942361001145954
-0.17956713940642052
-0.0521535735334797
-0.21742985745484272
-0.38523138777447585
-0.019627025335384216
-0.08164435040828977
-0.29192272668782
-1.055990800690779
-1.5179329343896826
-0.7256537913366511
-3.3079663070141883
-0.5580082401566588
-0.403094173139425
-0.5370620059276613
-1.2775764878518823
-0.28081469881848187
-0.20715441324589598
-0.1597384812310338
-0.24771916201085073
-0.8083399743521692
-0.7179233374539763
-0.9967494316923649
-1.0940915957617108
-0.7917244569057931
-1.2044287720066034
-1.4164502754429122
-0.4388773079146631
-0.06570884408623359
-0.546561527746852
-0.7231863771211641
-4.403281379879142
-0.09938327527195412
-3.119669277143354
-0.9179114733192222
-2.439579855573053
-0.43701068669984605
-0.07356834427355352
-3.417822075425647
-0.36080085120991046
-0.7587253592818449
-0.9550644019759097
-0.8861623584839923
-0.9933770572766661
-0.13233558241006177
-0.6471072729870987
-0.9659815579454971
-0.09457904658587982
-0.3296904699294828
-0.2370756645134861
-0.04382170276949182
-0.5555079974751098
-0.4255481480447685
-0.5451088652853286
-1.28406009893835
-0.3971039453286461
-0.9247958557195185
-1.22141873859383
-0.03883972026484775
-0.02174083679398921
-0.583762438757152
-0.20244204479968175
-0.0974404950973091
-0.024941856079294666
-0.06652285612971554
-0.33306108925397854
-0.21159104001156032
-0.0644661419367291
-0.25283891933120684
-0.3644068918365432
-0.03483801225581686
-0.06593222168034647
-0.11844259129570912
-0.10690359976780807
-0.2810455664296872
-0.3237226671237295
-0.2762152733934992
-0.09954417372500757
-0.10737822257664961
-0.526598854410459
-0.14564771062799917
-0.15468813485642083
-0.3183768766641151
-0.23547967263350528
-1.4613505034134504
-0.44353678232704213
-1.053712039221864
-0.6928246619931347
-0.4387818891864299
-0.37024453154822046
-0.7737404243376773
-0.40327830509481827
-0.47674184240812184
-1.3092541561671471
-0.6246760815385187
-0.19421886047596304
-0.09759619812880496
-1.6437178507621866
-0.7547358603408482
-0.19874708252703793
-1.4490518708438944
-0.2976365993098524
-0.185594118735753
-0.22705569726170122
-0.027337563456967473
-0.5771042847118224
-0.6600884613746173
-0.25163581378292293
-0.4520151219694526
-0.80564397554932
-1.241198200071085
-1.0809489862492563
-1.3026297674456147
-0.8055397469227447
-0.47640858120121266
-0.058666683617047966
-1.0507918839276726
-0.25118861793137814
-0.2718871885663859
-0.6502381487516686
-0.5890415527770401
-1.5799303990109668
-0.8455356014310382
-0.8769090771124216
-0.048126799046106804
-0.5510034185333911
-0.11074174747097588
-0.36531264720659035
-0.16365483024856076
-0.9915198874035858
-0.3513806002877738
-0.432906332591312
-0.4656424610993146
-0.8536234708685697
-0.04044667493309993
-0.372395508134935
-0.23694245595931884
-0.28824506584642223
-0.4325492861151265
-0.21703756870920188
-0.24107995610323996
-0.09777682366785712
-1.2629160524375038
-0.6349105489959919
-0.12912473209372488
-0.3327468129669771
-0.4555143758916529
-0.37613857439137066
-0.12301731508537728
-0.18323273488253258
-0.3080900541609784
-0.44523370672169177
-0.5931929654786169
-0.2710730713103355
-0.2462940184288982
-0.24606659457217225
-0.3210805678523601
-0.23289059821894398
-0.11167321551413067
-0.18571427534427748
-0.26450914375451734
-0.08196498625470254
-0.4096049339697437
-0.09526286738252263
-0.11341693406220923
-0.39667257899990155
-0.321148753970889
-0.5467969849973647
-0.34770518290388386
-0.1991670801640584
-0.14323788658627734
-0.45847942495535676
-0.5561680929366118
-1.1408062401200227
-0.1848763296976061
-0.2639070934464433
-0.24167372682288463
-0.13238836167631973
-0.19345726364248403
-0.47149158874676306
-0.1661862968516578
-0.5519258394608466
-0.10617570787747657
-0.20017371813613702
-0.062437303544876546
-0.1556065253105193
-0.17068052021820754
-0.181854808420342
-0.3866016032145126
-0.11971667105160577
-0.974575632067778
-0.04291331853141013
-0.1419122272367391
-0.29627299238157434
-0.14301215179070173
-0.2209705412202863
-0.4621867534588091
-0.40952312530742113
-0.18400709572954024
-0.19250830434234936
-0.00738153891870752
-0.232448919131558
-0.031246520578861237
-0.0075497041076838895
-0.021192697109654546
-0.4249801999397244
-0.012214773567393422
-0.42874796091348943
-0.02628782344982028
-0.2116393556516495
-0.012930042459629476
-0.20182315896218742
-0.2650437168007269
-0.4166975371131929
-1.1137888648481749
-0.37125760521234386
-0.31537006610708507
-0.5970905035321266
-0.041223004678613506
-0.2680850441663227
-0.15109164451005466
-0.5081952552039487
-0.08020326227415353
-0.895511024777079
-0.5202036584921023
-0.13698298738745507
-0.018937150831334293
-0.08644549650070985
-0.3404967442797362
-0.49851658071080845
-1.501556378789246
-0.31257856744600254
-0.5038611309282715
-0.21338858598522467
-0.9657350525416809
-0.0748831543083881
-0.41063084134229405
-0.0840812448721131
-0.14514820161567904
-0.6248906835073285
-0.10008843439295974
-0.392429706218536
-0.14323005750630102
-0.8593922447413206
-0.05231793773935734
-0.2735207728110254
-0.012978637060898888
-0.34185304825706453
-1.4128058787755435
-0.3448633117731788
-0.33843059102340095
-0.19349094871726583
-0.07263011238817778
-0.20199528579894085
-0.31950296038849046
-0.2496320968835667
-0.16912952173370285
-0.3161839072199655
-0.2756345512635996
-0.06248525689200809
-0.7789369609480976
-0.04959430787615323
-0.062173475540993825
-0.18602370812539776
-0.24278277613895144
-0.027844874314420547
-0.12532805615412598
-0.9467159712495793
-0.05943216008052751
-0.08121696828311542
-0.11667593070739134
-0.14124951786666665
-0.3660853311787309
-0.0895673410850577
-0.13275212790058505
-0.3915293972306906
-0.3833560956892838
-0.30938659662792267
-0.012135130062233657
-0.01828682502537049
-0.015868283808231354
-0.03664767750206768
-0.019781640265136957
-0.33944138404684865
-3.5581291698181303
-0.05573705141432583
-0.5466742504052561
-0.40524880145644954
-0.03925332147628069
-0.1313363526903828
-0.018708420917391777
-0.23117284752581987
-0.35687071572306195
-0.3942671460017664
-0.12808273330717082
-0.18120720037924393
-0.34166519240873944
-0.08331817359188183
-0.18940365760872643
-0.22520539170765283
-0.06840806093532592
-0.4476335792869577
-0.061538949608802795
-0.012365538392865952
-0.04711861163377762
-0.09132659925326152
-0.03648152796085924
-0.34681960421585245
-0.18392357133288897
-0.21876452245383657
-0.6958145801780423
-0.5831114605689436
-0.07173889506534928
-0.0964266925249311
-0.6169270682255233
-1.2617767734918743
-0.15612176167676461
-0.24131600815455082
-0.9024658293843283
-0.5643063281005358
-0.8013333180168796
-0.3140171716599666
-0.5447347501847429
-0.16444590790166558
-0.07132766354059328
-0.5783492822744241
-0.38493102728405476
-0.048610718884447124
-1.0567520724011716
-0.030931758719460682
-0.5511314631843902
-0.6621148148648712
-0.844768079974159
-0.049690168772940524
-0.43268482183799883
-1.8437719212030061
-0.2920061542400759
-0.17750213036820892
-0.7552922329454456
-0.5369855080991215
-0.9861058719707216
-0.2891323915522922
-1.024814667042324
-0.12994604613481897
-0.1787044700438855
-0.2924473713514106
-0.5126448889017411
-0.24765466753917037
-0.298350335188308
-0.07165538681800607
-0.38118823391518425
-0.8018226428348542
-0.3472726533076032
-0.4916020445023475
-0.03111089935143809
-1.1668093298920117
-0.4952958464122835
-0.2037435003478446
-0.366659869817581
-0.19425990535642307
-0.4082557412557435
-0.36142427140111977
-0.8831136843024675
-0.7033028514441949
-0.32727977291587457
-0.10301577738640069
-0.25534857884888507
-0.080710409691879
-0.9803505982277924
-0.43171704572854047
-0.742483072900945
-0.09616204144872932
-0.1478519362261674
-0.7291070184255659
-0.5088241054028104
-0.6834579658330995
-0.15545245352805187
-1.746680206459132
-0.22690710644237697
-0.2959917874499557
-0.6576166299930719
-1.4499098389666567
-0.17204014693588227
-0.5335268529718233
-0.4199792275866798
-1.8259415886447339
-0.1070725802361873
-0.5133981894921615
-0.8009355763594309
-0.09521733798564211
-0.27516761394410594
-0.20153172630937108
-1.8173619763559448
-0.3218180943167681
-0.7134849961436306
-0.5077770652028917
-0.19441143577637376
-0.025071822391250213
-0.026043580728583038
-0.28803314436691624
-0.2666244526394337
-0.18186324071393756
-0.5297732162054252
-0.3046468610133551
-0.19655076819559816
-1.045760785915753
-0.42630605275532135
-0.17353598150825397
-0.06559623088614072
-0.4392770623705777
-0.02359663153451534
-0.15036981704179198
-0.04370266976153895
-0.06721674693627781
-0.06400779104495252
-0.3065300616596817
-0.6153261428372666
-0.0762957352119104
-0.7426901667240839
-0.21034993274842387
-0.637562450189632
-0.3838998685508753
-0.10158996930840658
-1.4031946911185513
-0.7038554649499019
-0.7148698847298735
-1.2309955838007025
-0.20902028409597864
-0.5753404178796396
-0.6893651349512836
-0.8890386682559135
-0.5182849279392864
-0.468461882192211
-0.5373014664051213
-0.362981092742757
-0.09404285984055605
-0.06509438930369882
-0.13553733929620648
-0.18190500101627474
-0.15127125724575308
-0.13805568702664459
-0.20063089301821593
-0.052415125821426045
-0.18839012099242142
-0.15445116289229333
-0.5271139174727705
-0.5332518506003907
-0.04319183311396273
-0.18773194318984882
-0.07256395979540041
-1.1882584788901214
-0.38152994424391934
-0.5284503156936211
-0.5688738027510408
-0.26223886652402195
-0.11340925718923245
-0.2647055737819149
-0.17002662562845217
-0.10228564301967254
-0.28146644628785517
-1.6808844185952694
-0.14441715076830203
-1.2147509051851557
-0.3232103922116633
-1.297017945437915
-1.0550303598747632
-0.977495604097688
-0.13994629234002787
-0.0973761624647564
-0.2940026966192363
-0.9481429927109275
-0.6774487354158707
-1.1365367360752618
-0.5566873309231823
-0.8386324578223139
-1.804981493006835
-0.08322096816118574
-2.4340774909045044
-0.06002951003635341
-0.21873671854596718
-0.645847259440643
-0.49977186623444325
-0.9379549027592778
-0.31145148772757886
-0.917725516305331
-0.3716693246307159
-0.0710844482561131
-0.16878873596540417
-0.24546730951154036
-0.6262700946546672
-0.31045502530032537
-0.15724845694928394
-0.06374474881847293
-0.08634545424683893
-0.034010679055730485
-0.09059556400643487
-0.5283090883110049
-0.8873700753370883
-0.811432364917196
-0.08338309244410655
-0.11855993316129043
-1.5381650820386312
-0.04753814585343877
-0.7357887190516976
-0.06804790659768277
-1.7253978542673092
-0.1963655393203933
-0.017190142534673214
-0.00719251351741453
-0.007621134980581701
-0.3421462138305122
-0.008833195781335235
-0.648609706923058
-0.01802816614508629
-0.24581246083727185
-0.014930140576325357
-0.3183543704008116
-0.12724901966915544
-0.12795370793842473
-1.0655459324167016
-0.15525683720898087
-0.2241690020696465
-1.3989378263358958
-2.1133580369260017
-0.276338513533554
-0.1888907690403617
-0.6839879174780586
-0.6512725574090067
-0.9749525017953299
-0.6914636340556987
-0.7409678681884352
-1.8220141651581798
-1.1553211898049085
-0.6698198648477117
-0.5280324443125675
-0.6541615307787652
-0.7078032472317041
-1.2351606532332653
-0.44574256436541104
-0.44243806105222205
-0.38829922688995566
-0.024721181517179502
-0.2991330552205909
-0.6557889269204396
-0.5088838095556499
-0.32856786374234687
-0.3602174469812814
-0.2851909281760692
-0.7443626180082741
-0.6216309546634009
-1.3297463875994708
-2.84825005195469
-0.535533629932149
-0.773407588674066
-0.816835253336958
-0.5383190600272579
-0.5649622930849595
-0.8662888367722593
-0.712168837551626
-2.0158641369838732
-0.5001382308377692
-0.8329730796373951
-2.0001882594161935
-0.9857519342731393
-0.47934972584784297
-0.5634308899982216
-1.2078750660182322
-1.738149252333642
-0.4991705263627149
-0.967258780693717
-1.2293538486477658
-1.903948889428284
-0.433409104453003
-0.17818651227987306
-0.40875959909899395
-0.27925099968301353
-0.09544675118495673
-0.177939048424984
-0.47593627004139955
-0.8058061681687831
-0.5977861867286265
-0.4606994194927719
-0.21254046256233944
-0.08136914328513906
-0.0876625424888213
-0.4506969474250218
-0.09294743348527845
-0.3265600937241591
-0.06644328714153082
-0.05908475618674755
-0.5675933642579215
-0.043399020597263416
-0.5386763053304007
-0.5889785824301347
-0.7188242214480007
-0.38237884295029656
-1.048209457896337
-0.0925390366659695
-0.7317624734695679
-1.453290374721666
-0.3922237530995089
-0.08927762448729482
-0.11035076301777735
-0.4481210732688062
-0.6016137794036331
-0.13183157442226554
-0.1405341136383829
-0.16416921711576418
-0.8078116971616206
-0.13723238986131037
-0.6909404378835461
-0.4578417384662619
-0.10067170185781531
-0.4233105856139541
-0.2517202985853632
-0.18444196798999288
-0.41641001570133085
-8.628033638000488
-0.2879600811586357
-0.3648901698354166
-0.7313797850279116
-1.4359778767729414
-0.800718608915607
-0.09540938141763303
-0.4660821197951537
-0.2840698088391302
-1.5951759997406043
-0.22115041512092326
-1.357012198927502
-0.006798874614226709
-1.405604530281077
-0.32336491861893923
-1.5081336733225423
-0.5992068452109639
-0.4270990337568542
-0.6928869216613488
-0.7206732177109088
-0.21567701432989755
-0.41896407598003005
-0.026949399449548488
-1.0941843670316302
-0.052658776737371224
-0.3707824696387367
-0.5203855376451181
-0.24289288442263696
-0.25899692694388754
-1.3408677317396116
-0.010495509735180045
-1.490704986732453
-0.15794330029108095
-0.6342483647148194
-0.5981533856285279
-0.6407486518099752
-0.11117347484658804
-0.1205026768573309
-0.4411073015925164
-0.6488992687472395
-1.392352104036642
-0.1875473842374049
-0.7777245145684143
-0.7533359916661228
-0.5239951042042722
-0.23454379250971316
-0.018052908533718437
-0.09041189455481596
-0.23254027901930385
-0.12058129825163633
-0.22973005961113863
-0.9314508778828895
-0.3162572176376484
-0.9814556048902432
-0.44260018100765136
-0.5306092519281833
-0.49116275794858666
-0.15657047174219466
-0.6360179710334504
-1.7348857543353613
-0.6755146942120626
-1.6801311516513426
-0.4946918579539973
-1.5641486020758748
-0.1907231129184982
-0.2918280001250738
-0.10038152187189553
-0.38591680033485115
-0.5896501028373974
-0.12339854054152966
-2.6182212941348553
-1.4790412936830155
-0.320970865432173
-0.6979887901449858
-0.2311427854001522
-0.5313824620097876
-0.8574627341367886
-0.07891469756201275
-0.8775505764523359
-0.26698408961328823
-1.8172284934747343
-2.001883847716575
-0.29048508662923006
-0.12905224540434573
-0.10267537721665576
-0.27038730026363283
-0.7450253993129309
-1.22166075441055
-0.5110708279271421
-0.48388586924341537
-2.748481407679113
-0.44769540108967476
-0.9705481338259903
-0.19292631483931297
-0.06485281520942157
-0.14877924530620393
-0.09764304491869111
-0.2038703515314844
-0.1431314699681631
-0.7866728023179348
-0.3887239334681612
-0.3950971282919109
-0.29021203955078984
-0.12410611973882307
-0.4443268687936855
-0.3171565390979822
-0.14203254150116737
-0.24305894304017292
-0.25499134389551104
-0.2616652883236081
-0.4512659223587609
-0.07309753447771072
-0.9027028896070988
-0.017954445036593825
-0.03167239703179803
-0.021037097114458447
-0.061376109486445785
-0.022370947273884667
-0.020014391251606867
-0.04415352828800678
-0.12505474406740782
-0.040799954906105995
-0.0023777586175128818
-0.26034805622736523
-0.5045858828400662
-0.1763129858990002
-0.12330104247181832
-0.5460614943136658
-0.2120122280174049
-0.17300529614606472
-0.4470172457800304
-0.14208211045249353
-0.9712182633240142
-0.3532165595630171
-0.33937735943418373
-0.44244804979525026
-0.5118787546711888
-0.10897814961573377
-0.4157524968933046
-0.14075924152395727
-0.20938820179284026
-0.21324105980905492
-1.2812574724306007
-0.1201276537677245
-0.19824765797407704
-0.22913755252375267
-0.13234535965602845
-0.9675462126677823
-0.13201128221410674
-0.18318565518400726
-0.18276214172603508
-0.17106153939676005
-0.08900842363100081
-0.12348540744220979
-0.4676048400619298
-0.5816445098752961
-0.4777118216453573
-0.5203384948532251
-1.3307073494722141
-0.2656575761354044
-0.18592051031908555
-0.28075162847912
-0.29178158999785897
-0.07516075464625122
-0.2622217445179393
-0.17190570579822845
-0.010668164657338573
-0.0687720508633447
-0.05582124982616473
-0.8905906263685623
-0.028614645183552057
-0.4688780594442238
-0.20684582621069011
-0.01089004409732297
-0.016422796394830845
-0.03164577921270393
-0.1385564418347106
-1.0253045156538672
-0.23390964705311035
-0.01251068286364898
-0.21529547053324904
-0.26596014819888925
-0.3845973206772741
-0.09469796970224706
-0.05701449979096651
-0.027164076530012113
-0.08724956100902798
-0.909812762199803
-0.31254285089125916
-0.038003858644515276
-1.3024821237412993
-0.22937613800500653
-0.7027581946441236
-0.9614567600143952
-0.9968790182489101
-0.7584212405975541
-0.3960851298627112
-0.7572248263759699
-0.26980888648101126
-0.0063432845836359775
-0.2484339379818546
-0.06537568618093953
-0.15584375030357478
-1.8156955974766484
-0.10507581854647881
-0.36679834236507636
-0.3507942780014549
-0.15637591091308423
-0.061270588402550175
-0.11916966569121427
-0.5340316143096212
-0.11166962834505074
-0.15882383436686562
-0.048271583124763616
-0.1220899689887379
-0.06069258152631897
-0.7996694945549153
-0.19827991289879338
-0.509329190767221
-0.3513791330966162
-0.03931056131477817
-0.34164581471025074
-0.289826833720781
-1.0839380080145162
-0.4374592587306324
-2.1393377509259155
-0.1655255791473402
-0.6532339945050202
-0.2716588171791854
-0.671762078020644
-0.40093801019973324
-1.0640658902437394
-0.2594645566073268
-1.0466146065438806
-0.39971227277113175
-0.09575186447745504
-0.29763360699288344
-0.3575699809660977
-0.06753517653175456
-0.2813859960743875
-0.31333195238484224
-1.228944603430864
-0.4720228980684212
-1.2858801343827508
-0.7522420893392842
-0.11520634012049413
-0.16351583239475592
-0.4672701702786118
-0.3282292213573197
-0.46524585380369293
-2.092293753818376
-0.16083750324157467
-1.176505957736582
-0.44865672006237317
-1.0018163066620218
-0.3083612720893427
-0.5729576265343348
-0.0988340150379372
-0.05508377123960599
-0.09805022110231221
-0.9209408738269386
-0.3471315268052422
-1.0951178468174778
-0.16245230965545676
-0.3606965799994138
-0.43050380370808244
-0.4850852626463057
-0.48142459501468693
-0.14009292755525332
-0.5043574828554743
-0.07744219702496538
-0.28423820698662894
-0.44530074298752675
-0.17195133668674614
-0.2877639043260114
-0.24201436042806432
-0.7548603710469858
-0.5749549483337378
-0.4113741079756223
-0.08903279518276737
-0.245312973989054
-0.32413732222636704
-0.4824552195762711
-0.3587987943142902
-0.5292110533315887
-0.21450663617601354
-0.08154295459786454
-0.8547168868494087
-0.2185507215714324
-0.24760315416737436
-0.18465947138739205
-0.4570898449684527
-0.1184900945270903
-0.12256299610453425
-0.18563179249573064
-0.13444833935500355
-0.3203355891606853
-0.19666283436097418
-0.15529547590995207
-0.11871694586203982
-0.23944815344774623
-0.14835402679273102
-0.13228407736867737
-0.22561118316771173
-0.24233714166891596
-0.6854788002933169
-0.17450644200835086
-0.34609860997133973
-0.20684117832381263
-0.2758699574827172
-0.6380287860643135
-0.31588522749370895
-0.29462841174045934
-0.14921637644909938
-0.31085253354908354
-0.34191143778989497
-0.22336506087836386
-0.49438195433403964
-0.12995326949794617
-0.3410436004767803
-0.11276782095774252
-0.27791878931635666
-0.1458233423161021
-0.7477380119621557
-1.3402679087804346
-0.9692060243933156
-0.4344042945747667
-0.4305147586980335
-0.7250380339073584
-0.32827789726406953
-0.678448459610081
-0.44617446128279425
-0.19317711766728815
-0.20133481054363073
-1.7061645834619412
-0.5848752854682551
-0.6022663365268343
-3.7643199205514977
-1.333779432986279
-0.5178849297501276
-0.5170582388236653
-1.7225289129437442
-0.6779976505334591
-0.38730224094069854
-0.2461433823201859
-0.5454584531095747
-0.4348633169334789
-1.3094254481150074
-0.07802339513060967
-0.9492116594485651
-0.4596797339776954
-1.7659650990546651
-0.4786444755289065
-0.6465089217629915
-0.12321606136038099
-0.25835273942869563
-0.5143952551150671
-0.32052181156045173
-1.5762973964853397
-0.4729477129118954
-0.2747295089689682
-0.5648230175697141
-0.1084611254509582
-0.9820418835704459
-1.7320202066463632
-0.27954697862737005
-0.05836273228274317
-1.9224724133188527
-0.291249675443396
-2.2976450755183273
-0.5114928497156749
-1.4515096177347004
-0.19456434278218576
-1.5197129064472392
-0.07501218189515514
-1.9228984319294493
-0.06872790614910887
-1.3571371918078512
-0.5080415283837596
-0.5630687091017033
-0.4262572963043681
-0.6512676257040463
-1.3208105923963558
-0.7131737103625093
-1.2494483015972138
-0.398659515756998
-0.20710031266789883
-1.1392121628309724
-0.2575785290690836
-0.6897647449577562
-0.7978882026041454
-1.6671691217864766
-0.2316498413361842
-0.5621371957895462
-0.5694476039064588
-0.43236863013334886
-0.41646795255557145
-0.4952867777375594
-0.27822663069440856
-0.4464399049029453
-0.2825903756635783
-0.6039563672248602
-0.11879546956940128
-0.3232337453046057
-0.28087888288428076
-0.6915858919674065
-0.341893097164575
-0.5842274051699659
-0.30715362685150466
-0.7523065551723271
-0.9134936354406286
-0.33440688458671275
-0.44210162174127615
-0.415337214069632
-0.5369587557484313
-0.035424275124099
-0.5395803569709146
-0.12341392078345355
-0.38442944040789373
-0.7836548443801803
-0.18518903955035576
-0.638800199189518
-1.0053504779724183
-0.9475937683727049
-0.4712171988180823
-0.705228997701397
-0.5252243234988275
-0.5365564146163909
-0.6903953836326764
-0.1998714044324327
-0.12779988397232955
-0.5780797108629687
-0.42718070496203175
-0.5530110282431135
-0.41991626180922703
-0.6564345998904964
-0.12803959078883054
-0.4836401489782921
-0.17299312970256628
-0.21086234078851607
-0.26600083169569333
-0.5017674137350696
-0.787728997400134
-0.1707075780222685
-0.0866881822481186
-0.27750342376013726
-0.20642532334399816
-0.9887793132885625
-0.4006255713129576
-0.08010083841954313
-1.034280631694287
-0.23855003480493528
-0.25728303892337107
-1.5874099791508343
-0.1698794164739706
-0.5025042707958495
-1.0622081501089724
-0.14437306080708226
-0.29897306024422093
-0.5497848768463832
-0.49372555081076414
-0.3098067760442973
-2.10375733798719
-1.015169555540524
-0.5358618499074609
-1.4272061550574209
-0.9116582592885152
-0.19153220068778865
-0.29603478105547343
-0.9139962937290821
-0.12969498274469515
-0.42564402195016066
-1.2781696772239228
-0.1139328467336152
-0.5119511417522451
-1.1356202298529752
-0.37207422265938866
-0.8841562077636304
-1.5904749774472293
-0.08052803916390465
-0.055371953024587126
-0.8479396104136997
-0.21128499898325323
-1.04424786051095
-2.170499092695394
-0.19241924982218603
-0.8334201152027466
-0.23414123335550402
-0.14131067311003184
-0.5734089139987191
-0.3081973694290268
-0.3295341561621502
-2.7204235307872295
-1.1535251807458384
-2.069734545509467
-0.19646681999438442
-0.30231499848781596
-2.1797691165785285
-0.39090266803728674
-0.9952813600740077
-0.37629113748764875
-0.7740157818323217
-0.49703433257228524
-1.1730589019910742
-0.6206199268872297
-0.7479671102094775
-0.5453043654561043
-0.46232919202276784
-0.2774429734331818
-0.01551351776080472
-0.3132681830029469
-0.178760177807278
-0.2875406380509958
-0.42404928066535713
-0.4411865590601034
-3.093121822855513
-0.7923043932969165
-0.5143978100839175
-0.5525618593036155
-0.18283182821843574
-0.38417971126327755
-0.8703155219330008
-0.41495481582484595
-0.3918310137269202
-1.073749023120659
-0.5219603652425576
-0.283124927358977
-0.15097631070239004
-0.2984494225941792
-1.093505006608939
-0.2358840867128882
-0.23083976514054225
-0.4930547998431393
-0.15341214970200576
-0.14710106079599378
-0.2582789263050908
-0.39762149166695465
-0.3400955856384505
-0.1291441611581124
-0.6235133324785238
-0.26525259173292093
-0.18448830672338903
-0.17250128817145846
-0.3938060961809242
-0.18586434746227745
-0.20511075559910144
-0.004613635450368747
-0.06536481478841931
-0.0021831424382980913
-0.2640792611808062
-0.007432609098032117
-0.11133577316355235
-0.0037310461630113423
-0.11745556992312345
-0.009785885224118829
-0.17668938369031006
-0.009741597110405564
-0.17119891658841072
-0.22909319041480103
-0.20567818295494078
-0.07509511904845567
-0.1273829800232003
-0.11598070874873183
-0.3363148078364439
-0.12562050233859265
-1.2893524692127747
-0.5502630634109664
-0.40632369478175356
-0.2565565585768127
-0.633759895379626
-0.08372813870085917
-0.3947548694850411
-0.3819325865604421
-0.3498988344714841
-0.6655398022632855
-0.05218160105902247
-0.2976158197670126
-0.8415292959620767
-0.16111296626767982
-0.01688604133024845
-0.10107532933957722
-0.3472217829904527
-0.27750755018466267
-0.25329999100202605
-0.20240375233281935
-0.08335108118771473
-0.2111242077160081
-0.09171973084691369
-0.5580948215808397
-0.18188351320560134
-0.179831164320035
-0.30429040285335285
-0.2716688168708667
-0.032323773494653096
-0.7628487467298691
-0.21105888252282057
-0.9493003112936429
-0.28556755424086655
-0.6833551337893066
-0.6250663024395658
-0.2560526780276193
-0.19422497866285734
-0.2737842427761734
-0.29970606776431385
-0.4304312740591703
-0.10147113255879958
-0.27394158504312843
-0.6050051476713634
-0.1871543895291997
-0.6007167183043507
-0.18034171725638495
-0.10447419421893755
-0.1143915169188953
-0.22907750634476542
-0.24797928802901628
-0.4507014259056118
-0.13464992549906488
-0.09661317945605466
-0.20271440140206526
-0.02843668677185936
-0.2484588527599044
-0.1161860503322844
-0.22300293142960753
-0.13919457538092198
-0.14284542676189935
-0.6123221387800907
-0.23609187481105842
-0.21556705685225097
-0.9739070999579709
-0.3273343790199857
-0.34105922689564977
-0.5374354457017034
-2.562382728482286
-0.22395095771547252
-1.0212142188237896
-0.12061592908543678
-0.1321309606518508
-0.1936129031584086
-0.012730756454042572
-0.9614798465937173
-0.38784999845657725
-0.1744678052657816
-0.7588132044518261
-0.5093652207174699
-0.9248294715869937
-1.1638583927810942
-0.36766900540096686
-0.5523519077771772
-1.6747669268253587
-0.2843219164468402
-1.340109819432837
-0.049607638497304034
-0.22168241997678706
-0.10821370142179819
-0.2394467089697484
-0.6605226374598575
-0.31091155726262515
-0.18623819105141592
-0.0595920787821212
-0.35061446656742956
-0.4696574789004444
-0.09550478739856427
-0.36724226233283325
-0.14267351500926193
-1.0574342670499592
-1.8442153048850338
-0.25637080719960587
-0.15102503334029088
-0.6799391006745943
-2.9101424252148718
-0.43684413467366645
-0.13515025697420638
-0.24962081022426397
-0.030688855572710356
-0.162139947409014
-0.24184076278082406
-0.18063357349075204
-0.41652026641822887
-0.5125860601646391
-1.3185571977403014
-0.0313270742577111
-0.10387145806510034
-0.2697582918540559
-0.15732820588081517
-0.21978066066758856
-0.4698599782482218
-0.3197167598857638
-0.03317758744681972
-0.43228022946058525
-0.3814662333302042
-0.5381868548763425
-0.5711680890105526
-0.9965721985910628
-0.7759199073771015
-0.5082165801199153
-0.060276989488920664
-0.11926843043231482
-0.4388291089562699
-0.3721354034624053
-0.4023654759850792
-0.37380688039179405
-0.047138485183365574
-0.43931435770941285
-0.10861381369509868
-0.4844857284133468
-0.6772326754448428
-0.7866754003370975
-0.5284636406650179
-0.14523453762834984
-0.023511460167355835
-0.16020069969291117
-0.16735512219618917
-0.19326227798124807
-0.006030842079780996
-0.08011543093645693
-0.15147251723623376
-0.013538838597014546
-0.0355524403266827
-0.00998207984957844
-0.20284596302973604
-0.011827181675471365
-0.18974323331597892
-0.012994263030122966
-0.02847491648291604
-0.24158252044192827
-0.15407359945059468
-0.21631737166007953
-0.64079759463413
-0.627227091195293
-0.3592421681794349
-0.21747728145741207
-0.3665382026676475
-0.19527280725638516
-0.39954249293368777
-0.12994697020912874
-0.9919445068827978
-0.049386127368389106
-0.16793314755377864
-0.6277321186765524
-0.03892810895134365
-0.2468318480581301
-0.26749707828089825
-0.13041495727209343
-0.23835024475404984
-0.2134798439763017
-0.5632816186916898
-0.06526640812661652
-0.3094108845572919
-0.09245384203057766
-0.043349449629090486
-0.21495486200620223
-0.4460462893297669
-0.33634162282268176
-0.3462839146571544
-0.7996184856411901
-0.39538079441927737
-0.18214609544593363
-0.21522263560367114
-0.25044110561522565
-0.25843693959890096
-0.42496935218928733
-0.566661494130373
-0.3225141620083708
-0.09800832783055284
-0.7920450507995805
-0.9062153768312177
-0.0973528711732854
-0.5168778123423553
-0.8733572083471218
-0.6610386135692049
-0.1529549928941646
-0.10157209275851475
-0.11460030556263519
-0.15599569357494955
-0.08070653630420566
-0.48628099101260885
-0.07039824065816791
-0.08760462646185875
-0.15936822777851894
-0.5515127478167414
-0.19669384104345228
-0.4597349583171308
-1.730842231297824
-0.6380872881602021
-0.15148045732147022
-0.7988868729050463
-0.08859701370055605
-1.0800224994871697
-0.4303988629893259
-1.921856950345682
-0.19119095228234073
-0.0803749801446827
-0.1845720674955255
-0.17856665204119268
-0.13107786247774827
-0.20313736612297362
-0.10524416336847935
-0.21032128213628518
-0.4673304886491678
-0.13069801283818377
-0.9705149343644884
-0.25223318883548596
-0.38662755627819934
-0.3531114134842858
-0.1745386058970098
-0.2782330400493957
-0.5938244411524031
-0.3471308605293912
-0.3374496416643907
-0.20413646417146084
-0.09974885416990478
-0.1510145808303853
-0.0909194898486021
-0.2546144232526899
-1.2810569188538163
-0.037875016510952264
-0.5620807582981737
-0.43520497009648124
-0.571135633022171
-1.2506012633278563
-0.3466318799287521
-0.5002401317101843
-0.5823638237790585
-0.6714246874585764
-0.6308059523719041
-0.6064444607512308
-0.5883637584559872
-0.13765899235264628
-0.05587814437216661
-0.12440679161981431
-0.524731204030104
-0.3918003968015915
-0.1713339503156021
-0.060854894617519945
-0.06150588206856712
-0.27930712593915713
-0.7368644780167718
-0.5017912261211511
-0.3151798454591532
-0.7130120148194692
-0.2803902126927653
-0.5901162237551034
-0.056833488975826185
-0.19908674900735995
-0.4338698209830909
-0.12723367137093244
-1.0836580478932472
-0.040886395953714745
-0.11719915331236229
-0.5166371360913361
-0.3461725939558467
-0.2718966588471674
-0.31125826592428724
-0.2681996755107353
-0.43306046531689996
-0.4834707806424561
-0.398402151707077
-0.7531070132099558
-0.08834050483128522
-0.25805288055777387
-0.08071884922380625
-0.2252874564287397
-0.22706616335710095
-0.47167583461487084
-0.21767857780905597
-0.2142051647573005
-0.2349157182034105
-0.45804203709994906
-1.0782602309731633
-0.13340241528216953
-0.30461884967691144
-0.10503810348018305
-0.21813737677699907
-0.3274458145821097
-0.13783645227834182
-0.33244458860807363
-0.6780837668643821
-0.24950178737734469
-0.25503665731674646
-0.3987996595900592
-0.3299530245013358
-0.007084434066200629
-0.3270006784568357
-0.005291201639920473
-0.11150867321621642
-0.0056893149157986045
-0.10973807085289877
-0.003933245898224413
-0.17867963687311722
-0.0057558645494282246
-0.12129393642764293
-0.0065031760022975504
-0.060970784300355844
-0.29777380187753316
-0.1520844066333666
-0.11776291289854474
-0.33524366408437345
-0.5842091037413507
-0.14494132696323245
-1.0781968556144017
-0.2997156442338023
-0.40553006439451567
-0.3477434493009852
-0.24542087622494868
-0.27201536891202677
-0.29390902572629873
-0.5901512162814065
-0.376681309371676
-0.37138942892109245
-0.4240440471403417
-0.12675574658815095
-0.6795273828806372
-0.25210911264650093
-0.6690685183298513
-0.5166511676332054
-0.8327711903913553
-0.38882562423023764
-0.06855687137984508
-0.05933661179992319
-0.5956863495579161
-0.657314455551068
-0.6738827393327566
-0.2984870422963903
-0.1457949792026122
-0.2863439976784286
-0.36925120731442196
-0.33683230024616934
-0.40564271510603234
-0.632208339007866
-0.29286315153121906
-0.29880139498698766
-2.1359951778055497
-0.2650236540905165
-0.43159603760011284
-0.2121229677324621
-0.08973577193055463
-0.45353178926882265
-0.07594014732290606
-0.3349456595862648
-0.1966532082001647
-0.17229389545718732
-1.2417614254890479
-0.018736776954028755
-0.19903940599398207
-0.03463948983699083
-0.14603155308519591
-0.03953676391392946
-2.5205606065264874
-0.022250036359764636
-0.4180756103605745
-0.028516036923974752
-0.3463956859584773
-0.07298887228477145
-0.01650387328118086
-0.6331030308788286
-0.7013381082831204
-0.14719488417436727
-0.3073312661795171
-0.015333874287904337
-0.9146707988317454
-0.8789612231776118
-0.16670087545284673
-0.9234394816698374
-0.07169000344283236
-0.03651975702935791
-0.18458775270511812
-0.15838908896917778
-0.14440379047516672
-0.20279811515352517
-0.22782821456138763
-0.1115745214079673
-0.5792911549724522
-0.3948785829162868
-0.3949150615662802
-0.1349614965083139
-0.6350861100213934
-0.2741009907972966
-0.19658015328293135
-0.37194522006757325
-0.23667119775221485
-0.643749035729464
-0.1328989587105561
-0.15797873721563746
-0.13864929746631044
-0.7337409120018492
-0.466984108214092
-0.29948762189014816
-0.23305252078221705
-0.04413413181373471
-0.23553511147717168
-0.007703659478102054
-0.28570804537594086
-0.3498432884007343
-0.15086901110140283
-0.26683484778387806
-0.036350442553359445
-0.4228492222810668
-0.6193007958168789
-0.005895968351978809
-0.11301783688435307
-0.0028081089549232274
-0.9142932242717805
-0.004247787350323051
-0.41418231292430774
-0.07193816737567844
-0.007500467705540359
-0.33054312476406267
-0.9679440541882892
-0.13860517173082168
-0.3563177944352662
-0.12960053273543184
-0.3806159209983889
-0.3298804343452907
-0.5243391162860661
-0.4415959765513738
-0.7257939618227738
-0.2580885377006628
-0.1885322094623613
-0.07247847926756597
-0.5587879577408505
-0.18533663073840217
-0.007133675768272951
-0.3333031365363943
-0.018019938375800848
-0.13724651400002585
-0.019636151380836964
-1.8293598077559312
-0.012865505181252956
-0.6831884688652508
-0.017336113611236215
-0.18370355236388142
-0.017266456969082355
-0.45882056349637423
-0.48589077303068523
-0.08941028572515582
-0.13969988529660035
-0.012870419974206015
-0.27654854136631
-0.006408951128832996
-0.09273654975377213
-0.020049049519002438
-2.502788831694488
-0.01110279344720766
-0.8286758456602457
-0.012294763466343284
-0.437238426879901
-0.07132065614669872
-0.00583761662710458
-1.100245177241215
-1.0284009241343786
-0.0179869224975846
-0.502361363442002
-0.5547632713501766
-0.3486747218840026
-2.189255165110808
-0.31283083850623944
-0.22492720618487072
-0.26604745804646274
-0.6576845997386045
-0.18921977535605297
-0.396190174066578
-0.3994789079414269
-0.14606604066946496
-1.2547308704150575
-0.2848227901362696
-0.18924554118204165
-0.11325516530993696
-0.20125540701422193
-0.10798463437578025
-0.061456974465970274
-0.20445044797426445
-1.312421672238336
-0.010637190018314868
-0.2249735953541238
-0.012113821343518794
-0.17317171638140078
-0.010052602039650083
-1.5926220516492322
-0.010373192752012983
-0.33597314204318235
-0.007263513747602701
-0.3600113271150193
-0.07907147207052648
-0.011342166224494576
-0.7121114492599645
-0.6104132937296527
-0.1147592495943305
-0.3267710641378471
-1.0914641181298066
-0.2678310192160325
-0.4391825821076054
-0.2584141399594955
-0.5964873805188593
-0.20116839447291568
-0.41313452284957747
-0.12278698002811485
-1.09616412508088
-0.04100496688220624
-0.21970399009444463
-0.08391102257883176
-1.2529839087199737
-0.8986347676210125
-0.4376398485969937
-0.16721525415956046
-0.01178784717922099
-0.3036993884003426
-0.01173054869286716
-0.30809539866599933
-0.013162299524992704
-0.14893666968168873
-0.007453906815499067
-0.19086606121196123
-0.010462299338541925
-0.3308064690595482
-0.020787897636182606
-0.08159093028627301
-0.17183646915709813
-0.4365883887971181
-0.20587763469087414
-0.014827784878434613
-0.0964260396192859
-0.012738861260004342
-0.13123565526390735
-0.018579754512757063
-0.09590347743720816
-0.014956498693209141
-0.20972929325003203
-0.2408715110809483
-0.626678511293398
-0.10501307770609855
-0.029964161401332085
-0.11521400936635473
-0.2173931276289295
-0.3094225438999274
-0.8403616899653571
-0.35782663744799775
-0.9121654007923401
-0.32464961141083676
-0.16334998880047352
-0.11861724848041376
-0.019760948489420116
-0.35608158601992684
-0.005118219705764204
-0.2960488753019932
-0.005931776016950607
-0.10056216213740754
-0.004675938806030899
-0.18165276480334974
-0.009383555385284126
-0.3314046784873052
-0.02165901369880885
-0.072624483445948
-0.3744848065893166
-0.16744967040825753
-0.21162240037796842
-0.33687705467212126
-0.49307158336669943
-0.0038970637251622975
-0.12594311918837775
-0.0044910570431966335
-0.9332413410328897
-0.007504621054977179
-0.4282969398610045
-0.07546889049883082
-0.009118898189626634
-0.36046535809230135
-0.6019276959601333
-0.09276557106210431
-0.2995654037134955
-0.3327637547238758
-0.6266657400072688
-0.12814479045730853
-0.4318661512587493
-0.5889225451774488
-0.16301506572429908
-0.1660385642262696
-0.05519148090388626
-0.05040276661505535
-0.09861777114719399
-0.15330690105449982
-0.37693893804771506
-0.6259201221320438
-0.6614654122209274
-0.13482688183285063
-0.41490325929974303
-0.3258383685130684
-0.3879110346356109
-0.010881437599891797
-0.030719805504872966
-0.008588153985328972
-0.15859419047236922
-0.013195047853514552
-0.473180230951079
-0.6365859605939477
-0.020368426106870174
-0.5347956865830733
-0.44144277884683664
-0.02414491819217801
-0.1143957424610278
-0.019023636355996132
-0.25992425936750474
-0.2738174606193411
-1.1734791666276578
-0.4227144883904354
-0.9699808322402532
-0.13080477217098838
-0.030682326352689415
-0.0074113779021445225
-0.013214117265306413
-0.5660665032482711
-0.16297266230770902
-0.482957801758381
-0.1215096169073245
-0.9668683210543181
-3.3075492423959076
-1.197369600558801
-0.2009906659452195
-0.576498369081905
-0.09656929835019971
-0.18254177551845635
-0.009688753925729543
-0.3080169492605943
-0.008614960592240095
-0.2800508582025303
-0.01514645479619503
-0.1293960925727191
-0.008929366827942431
-0.1931058530260462
-0.012141665210947394
-0.3040173506751647
-0.030797865707427263
-0.06997050159915572
-0.7145926853946338
-0.9587044309936412
-0.5789458021591678
-0.6613371765204648
-0.2840810668729806
-0.01321189576992765
-0.2597570732535504
-0.0030181400943547487
-0.2780816557236278
-0.009041199460625648
-0.1703773112727731
-0.007932796375826001
-0.271712538950717
-0.007119394722394645
-0.6426542953411613
-0.009553342126309872
-0.1096724912484681
-0.5912840233906858
-0.24795624671969563
-0.41978922217094805
-0.8393431512264545
-0.44837117263602216
-0.3572062595557012
-0.6066736831343245
-0.27012832296074
-0.8544043705405784
-0.2897259851900647
-0.5922986335288795
-2.3065902167400054
-0.27783579167838407
-0.008200255426345393
-0.3711040488291143
-0.023981363512575626
-0.2978743668822972
-0.06161953415721655
-0.10028488810547742
-0.010855329688638449
-0.18948262305489397
-0.019013622077181935
-0.3209629396787929
-0.02659602160565555
-0.06524951926076028
-0.29687086168082827
-0.27853750387134385
-0.08931985480497436
-0.1196512937837421
-0.08461481809972156
-0.2532339794488921
-0.015517612569965422
-0.3034910014700513
-0.01415091974195093
-0.126586942573422
-0.01946608116850257
-0.16270743628223272
-0.010790140717290342
-0.9489193023459279
-0.01613137382082641
-0.4653754367290587
-0.08259846993736243
-0.35055955247549947
-0.3079649389217194
-0.2921836921273747
-0.6518566918855772
-0.5389814011850225
-0.19972485733027992
-1.130964819401773
-0.6969237759664489
-0.6747642764693107
-0.35191220280181856
-0.26097296348748006
-0.3723016006737352
-0.4821275439231333
-0.7486839265710352
-0.2562468384930048
-0.2782060219235518
-1.0607075568283715
-1.1241797872453845
-1.039010898777633
-0.45442255027228384
-0.3137187249132115
-0.18834734061061276
-0.14862763512878985
-0.22744812531114786
-0.7030836926565798
-0.09868858065617174
-0.4369628608892526
-0.6052176955156028
-1.0634424326583232
-0.03276397799548319
-0.19765536550676188
-0.3719451521665178
-0.37585172795852967
-0.3379747792311605
-0.30713543000188914
-0.48456079568131827
-0.41729789930395783
-0.7820514819634733
-0.07617035787037689
-0.3969552463709552
-0.11277782962831581
-0.29339964600131635
-0.2157473857907462
-0.3367305719587949
-0.0195423827584212
-0.13102654634712962
-0.19195476200548
-0.2716457465554072
-1.188609787033975
-0.22819139577991512
-0.33524867888050786
-0.14722521810279965
-0.25670894836252955
-0.24439199850908555
-0.18656586416685828
-0.14540799558138437
-0.13472947765902582
-0.5658639137037481
-0.11528931010028032
-0.23720779761788435
-0.503271355486504
-0.041469330247491595
-0.7015976982203698
-0.10832093841668211
-0.3270733285162098
-0.5982029559875771
-0.15615775562199424
-1.0620286984884453
-0.42232652159873396
-0.22107765221608133
-0.23426826269726864
-0.420021805097349
-0.3703566348588703
-0.013781557383481413
-0.030906048818997077
-0.6450776710078991
-0.007666587946005166
-1.2710809911756467
-0.008931014424888417
-0.5629736066225307
-0.012263139593414962
-0.29336038838299316
-0.02146654319949448
-0.32856404599607975
-0.4979768053364331
-0.0962305186801359
-0.2342069179415519
-0.47548212008276847
-0.027642627363093197
-0.2634683746040826
-0.0041113715269602835
-0.04056948508386995
-0.5822938177752803
-0.0044304446200840175
-1.7345918367015354
-0.004222793038934469
-0.3420731809602684
-0.006878339045215398
-0.3639828416637915
-0.07265075608405493
-0.0037158099585212767
-0.7303831105710288
-0.8707169536418016
-1.0696214239423474
-0.6255550053593955
-0.19562597719985725
-0.421025165496394
-0.5030208063222138
-0.38538596684848014
-0.16314785177541047
-0.44272429543252656
-0.1912871479283922
-1.0516973643971141
-0.4412131175477578
-0.9805993636711415
-0.5153140611410459
-0.43055665066397825
-1.5385809208092824
-1.4048787165210552
-0.3788253252037585
-0.9628806219460395
-0.4929688187669399
-1.154364512374741
-0.27248993199081767
-0.01585736547713168
-0.335133095795713
-0.014882589224725962
-0.13380560685455598
-0.02021023305132985
-0.12078142531333924
-0.011696510715410113
-0.9666150200140251
-0.01583862234838307
-0.42058709096669955
-0.05664253518886075
-0.39284828702348024
-0.39628881249132064
-0.15797686191945104
-0.2976348680241201
-0.6262572253042868
-0.38515674074490863
-0.31675678702866134
-0.25679573523666477
-0.306056442362933
-0.269240459787643
-0.3724592240312177
-0.6799827218055725
-0.3124270258954616
-0.02270387695170939
-0.3336378350000731
-0.010212394059635699
-0.2636643108094461
-0.026129023637622595
-0.16605191686034004
-0.013531028642319143
-0.21421953717223882
-0.012931365869008005
-0.6394506876782515
-0.01804562413599342
-0.1491178440199457
-0.906114956294914
-0.11682667366694659
-0.16624246872106596
-0.15171810718311463
-0.3093878955279251
-0.18296656245394677
-0.26880504384013443
-1.3746196469292045
-0.8348334683622751
-0.7396106892462259
-0.2989982733190779
-0.11352322842552048
-0.28050422392455704
-0.3719177370164996
-0.11416933797299862
-0.20275548369909302
-0.1450846796087717
-0.3589297635741736
-0.12291799063946417
-0.14142902069163807
-0.1787409255970715
-0.035876006179023534
-0.30023014228674005
-0.012138596270233393
-0.16848932978342265
-0.009382910095155239
-0.1343256695010524
-0.0045229599345475435
-0.18968344212684737
-0.0071905156364664435
-0.614395164221395
-0.029346917290240526
-0.14473889992994124
-0.15771671411202987
-0.10565602575927467
-0.42563485032305837
-0.80298478231469
-0.13750260756494298
-0.4331130062753394
-0.8523858788894598
-0.2550860980057802
-0.5916029875557537
-0.2781225585931679
-0.2293542655285725
-0.010348743642680347
-0.04959658535990456
-0.3251544418664253
-0.13829365007873742
-0.08115579602352747
-0.1542843477734266
-0.1334487721323967
-0.5984963803008819
-1.4896816485324962
-0.11256727250292897
-0.6887380042483399
-0.1706605926156044
-0.3250991019109885
-0.8830839153379202
-0.05782082118520293
-0.2305247919734211
-0.488956448888833
-0.7325892689918874
-0.2693009205703344
-0.09060444717553244
-0.08914693735796116
-0.00834862572082784
-0.3950264859273292
-0.0029728601803071797
-0.2913787653218978
-0.006128524197265506
-0.11748851370549573
-0.004408388107549399
-0.20390255078766423
-0.007596439972985536
-0.07610763178717643
-0.012678837520070374
-0.0671150769576343
-0.26731988133675305
-0.15765143445264584
-0.015323106912546791
-0.2958689191664441
-0.002839871565811336
-0.09522847084654194
-0.0035777839075308293
-0.16347139262751398
-0.0026444621180417016
-0.10026958373538895
-0.005633772874716669
-0.4437523465363711
-0.0766897478600971
-0.34971460556249667
-0.7726063192683341
-0.2999392963926463
-0.5356490105918056
-0.26682944947242504
-0.5683602149920262
-0.35809977181055397
-0.6048726157023339
-1.0016976869399912
-1.320144856326806
-0.15395435551844067
-0.5028216271061865
-0.4861977121909149
-0.4252009472926147
-0.40419327010017564
-0.9690764028303723
-0.0506564707673331
-0.08006121782263165
-0.6144857833418579
-0.179927689492312
-0.06693743639656484
-0.08861424446968846
-0.008088393835350871
-0.366150270524403
-0.015936328563839197
-0.2920023168354457
-0.015289032366126776
-0.11791660735181608
-0.006900604290422052
-0.19208769295677744
-0.008811677456833422
-0.08885329988743222
-0.013083893922157586
-0.06705690212906616
-0.13280018132021118
-0.38287731030672706
-0.09049161030281994
-0.1561995593997597
-0.00955305906245485
-0.2941414955068715
-0.004737981711514294
-0.07607371004089852
-0.011192072881385684
-0.16730245790921572
-0.007484814239433035
-0.13053941436371336
-0.007448056130670011
-0.16488897857369753
-0.07734029336924406
-0.33711189382518114
-0.19515628637745977
-0.1404323617128739
-0.33429156968618373
-0.16836062103032287
-0.4784472136247254
-0.197689232451484
-0.10711892949664303
-0.2911166015003244
-0.23466057752365488
-0.28774842066923156
-0.08735777314112898
-0.8251278253851111
-0.3290099049278247
-1.06272662519937
-0.1707617531201322
-0.18638903092687542
-0.45419280299878056
-0.4021729734653491
-0.19579878481623425
-0.1314515051720314
-0.012030795915052295
-0.009520528140516642
-0.05315222917124629
-0.07162556713174695
-0.03181983367539942
-0.5545633964695132
-0.023918556165881455
-0.6790414933787939
-0.016804275539470837
-0.6142914238674447
-0.14321124770782928
-0.0304374672123231
-0.021044074437993134
-0.03326167852683284
-0.1258558269679876
-0.04565725568681955
-0.9374745633322163
-0.42977587661963906
-0.016312533931341022
-0.13535982971821936
-0.2860407942447449
-0.2430751424041151
-0.10462713076243138
-0.012889526784420013
-0.025510278284896645
-0.010891732294112444
-0.09707066982082324
-0.010733376489952207
-0.46618010983881203
-0.7956264643724151
-0.011520342988660559
-0.094466138574262
-0.4181172987608415
-0.018542576814070344
-0.1165082195061173
-0.47416630598270004
-0.14731307641406083
-0.48854342052118227
-0.6405851632109055
-0.5803508409035203
-0.1780972968229738
-0.5404354246586861
-0.3675748703467734
-0.15376874985013272
-0.05022724572241983
-0.413912958419782
-0.05969883393845521
-0.07112417524496611
-0.05574801983311772
-0.07040685446713724
-0.08939007390290499
-0.05581650344330618
-0.09379324619658291
-0.7196099219052651
-0.013886386412195861
-0.4704636599729129
-0.14564401324319604
-0.012659751810133457
-0.0218999661446365
-0.038758586948097216
-0.12723109118815046
-0.10203356109559536
-0.9564505825995487
-0.23347379219319464
-0.009094720939174294
-0.20158643540245672
-0.25840260074537896
-0.24502448031623653
-0.10697098907354909
-0.03800757508724928
-0.022028118398194154
-0.020049067679792643
-0.10474573570637505
-0.01478873856831342
-0.04417440873779318
-0.048066983346264656
-0.009511160722468048
-0.054009109630648956
-0.37684905282108244
-0.015156450564973056
-0.11644883977144425
-0.5564321441819821
-0.14655424708546758
-0.5194264448952838
-0.09251672913127539
-0.7701629985643036
-0.12427791799895035
-0.25097877050656053
-0.13340732303996364
-0.5120730611489661
-0.3014897299199693
-0.6739489589617034
-0.21117828598171592
-0.2655212938581523
-0.04202028785708866
-0.06747388495671801
-0.18917899568332358
-0.4254889335580746
-0.29774321937147763
-0.02986945154126178
-0.0808615291125534
-0.07677103976432893
-0.976811074087891
-0.013097603979986161
-0.49465226941617857
-0.14461970119244738
-0.017194990068674088
-0.019761734663916286
-0.03154448844470607
-0.14065743108391568
-1.0829803111816243
-0.26304298973809637
-0.009985620330553502
-0.14686945388106884
-0.3299506688013966
-1.0948286114848758
-0.10003749233583221
-0.019003567867912352
-0.041047398235770576
-0.08548279241505144
-0.44268138823372283
-0.28578782180552764
-0.19387094473644206
-0.13377155894471054
-0.25834428710710805
-0.14610099026109916
-0.009199089196044952
-0.31569967667011994
-0.0286488295532763
-0.10224909705185484
-0.04499180056154728
-0.11475849552516593
-0.021474316250532866
-0.9915186643824683
-0.027047492330893874
-0.4374346622930716
-0.06508204760116727
-0.39542043648889375
-0.2733862781635164
-0.36342031154183335
-0.32435767353066086
-0.2481162441711769
-0.3558496944846021
-0.16575820980251593
-0.2315160416612187
-0.13463459279817183
-0.13782586779150455
-0.8754862160501282
-0.24054665053288696
-0.3031628853835476
-0.056908468264782644
-0.0749715743744933
-0.04396392428410915
-0.11016161976398767
-0.06566124098925583
-0.18914813456751445
-0.2426015949888138
-0.8967396494432857
-0.16465233752250294
-0.10477680642871216
-0.488565288053693
-0.2371850625922889
-0.1998903092896569
-0.44197230390273035
-0.38489137714059324
-0.4220948187103204
-0.2784436145378398
-0.1768488437072095
-0.1282240177388736
-0.4907441357705359
-0.08521627265403207
-0.6687896674931315
-0.07037908313468506
-0.13173355931707403
-0.14501646330204276
-0.02439111765124835
-0.26470703551103725
-0.011629642569459975
-0.08184425079011565
-0.025948171969503164
-0.100124220139449
-0.022110288962721825
-1.0413480537943371
-0.01954894233494997
-0.4707071504045105
-0.04885287849538145
-0.47843448572452874
-0.3027692294010194
-2.7330653587208267
-0.23591267396113835
-0.1565101875100936
-0.2012932010566601
-0.41967817866922513
-0.4205463472520933
-0.4204554640006242
-0.9986341550220459
-0.04115033011856684
-0.44371541760142463
-0.07626958748563825
-0.08460844146615079
-0.022042834054445848
-0.33860424938192907
-0.003700016299262643
-0.2756233948531196
-0.006204437697306275
-0.13352652660061892
-0.003175099554937333
-0.17476354815194586
-0.0034046884975396097
-0.30735903215008165
-0.00773287721676752
-0.06736569486815824
-0.13101426402981056
-2.2268365638252967
-0.37536847359912756
-0.1645793996369992
-0.012356829247437418
-0.2777984144344456
-0.00405299014528282
-0.21702401174274477
-0.008341704204212874
-0.19120673965250035
-0.00552166614215821
-0.12153220823578989
-0.006072870106436312
-0.4520089229013497
-0.06941172678968789
-0.31768104369818956
-0.8136767048563343
-0.5121850700583309
-1.0871611903197618
-0.6849997739307583
-0.45022882874278974
-0.2798782564479754
-0.23106879960341695
-0.15830107220511178
-0.1251674942912024
-0.16121156582374851
-0.1286911725335151
-0.5315501680933481
-0.24634378242119645
-0.44898357767494546
-0.29828910110518336
-0.4316910719102111
-0.24851197644602507
-0.1491498519819093
-0.04076125437859446
-0.32124226849900467
-0.005403680552262813
-0.2427014355340652
-0.003962296817917377
-0.11106205438397865
-0.017494207131676376
-0.2111231127803543
-0.011186572257429361
-0.35230923070546566
-0.02211589924991131
-0.09443529637239376
-0.5034877267549746
-0.18096477572389386
-0.34117433520785717
-0.743340745943178
-0.00454833242110908
-0.14518223131085506
-0.0058616852620616555
-0.9369896312198733
-0.008498290902934968
-0.15241361982117796
-0.07770168333685103
-0.014132014475762844
-0.3081995702320455
-0.0581459841165497
-0.5757400258436679
-0.1623799149258351
-0.9771037437062247
-0.010616439998557325
-0.010663726082012463
-0.27127910500309216
-0.13092292370106026
-0.2867945452831918
-0.5310067145514665
-0.5875951941603716
-0.14621876052342486
-0.5978128376647116
-0.21111028022382275
-0.3749020881601609
-1.1380985378317139
-0.24445195025119199
-0.011740719259250909
-0.35546947042540855
-0.006927816604729742
-0.03012589388354172
-0.36658240623280736
-0.005864692968316376
-2.000101988561385
-0.006416572781745344
-0.4414873025750999
-0.008924065856263041
-0.5555062433918275
-0.011380276759155095
-0.37160728070933724
-0.49371050138590644
-0.0951432908106805
-0.10148446062632704
-0.4645625295580591
-0.05773314362158999
-0.24939004940318393
-0.002663030434632674
-0.04012379516534566
-0.7096918212611434
-0.00463310832856223
-2.7216334169643233
-0.0043678303773049265
-0.3602944483281918
-0.006028747011441737
-0.3846328398890244
-0.07947102340290257
-0.0037543975049629807
-0.7130958118072612
-0.814056106279652
-0.22983975437637127
-0.2177981836629641
-0.5764145777651389
-0.17162412025027152
-0.05890556969058025
-0.329164791275438
-0.18399281281196334
-0.31183250761992337
-0.28213869064632036
-0.16209944437468948
-0.32181289270257635
-1.7215814842457244
-0.19826972043698665
-0.013437115761917084
-0.035143209026955446
-0.00941900268662721
-0.4307568750602779
-0.003577986848540604
-0.19220416342722427
-0.0034484482021071017
-0.07176912793767087
-0.006896070670336485
-0.6877139644887696
-0.007368344580754638
-0.33232529189723103
-0.011357370531186461
-0.26784203350267227
-0.637008878476081
-0.03470221464522183
-0.6020546541826524
-0.009114729356952012
-0.24077761225274635
-0.013682271121069789
-0.7118926703271706
-0.26408049920616705
-0.05117098234677542
-0.038082421531847405
-0.020311073341872543
-0.040918767602340304
-0.00505928392522037
-0.2251967192645452
-0.010320010595023632
-0.4870912144295289
-0.012746044900268316
-0.2422919029409275
-0.01332198572345078
-0.9860645452645258
-0.008424579980783165
-0.5532219413798884
-0.22481088026359644
-0.26423968819835864
-0.396983399325578
-0.5664335176660595
-0.06918805085297208
-0.14832799075373562
-0.11623345951117688
-0.3923336094927244
-0.20490494632023762
-0.21700922434515366
-0.3749751668830186
-0.4047336090554154
-0.2630052108947439
-0.2516571208614466
-0.01820895338443568
-0.07516769683093116
-0.06311815477359535
-0.7179831623725477
-0.02322492070379667
-0.4927974974740771
-0.3479230587282018
-0.03006782371085137
-0.01757680392932213
-0.03979747456141922
-1.1165203001781872
-0.9831053547283469
-0.3303809926388226
-0.013465930533129722
-0.23018082547434915
-0.26925647485429716
-0.2559661870143732
-0.12014702935897124
-0.02422906062565744
-0.0519498283061611
-0.07856438893678488
-0.48442044965198267
-0.6645904986322017
-0.013661027362104505
-0.08624590800040592
-0.364556662820158
-0.01381809648592025
-0.10340240868961038
-0.26181080617825503
-0.2640639269255802
-0.2098349838612729
-0.6707204928433284
-0.3918555543690066
-0.4087336877506459
-1.041517597395644
-0.23459022324277612
-0.0673375129699707
-0.36318613832577284
-0.016404817928560078
-0.022443966496030043
-0.642865676270678
-0.004402636433951557
-1.961551707129859
-0.004618549253791571
-0.5762831025277089
-0.00635305093601346
-0.5574558863357405
-0.009469189622905105
-0.339941542032441
-0.1308219281697977
-0.09651486317526785
-0.08970066284604804
-0.09857876619389572
-0.03595247759949416
-0.24853764199679063
-0.0027892228681594133
-0.037907723452281064
-0.5781428056183219
-0.004006077768281102
-2.03476849922611
-0.0027315868210280314
-0.31576022228537365
-0.004857365216594189
-0.40467675568171263
-0.0752542638711847
-0.002921523031545803
-1.5753312570353348
-0.26730359939919535
-0.2859710667939645
-0.47946314234286547
-0.2233460674602115
-0.47066952792110067
-0.07802304656901139
-0.024731833254918456
-0.2837121752295595
-0.0046382779837585986
-0.5394353785943992
-0.00953021040186286
-0.7918291460809365
-0.007772381650283933
-0.5815304590499011
-0.01118226582184434
-0.5343696895908093
-0.02824570843949914
-0.4531510493778184
-0.3408452848273858
-0.05591972390320734
-0.2619460524680714
-0.13233173635611215
-0.9284307433292269
-0.24309840137121025
-0.3855853687568419
-0.16246797296412296
-0.8408953878869548
-0.16441389122570355
-0.019201526301912963
-0.29175718427274494
-0.0077429646626114845
-0.45916589245998696
-0.010081966640427709
-0.8287924716711232
-0.009876186319161206
-0.5376486723924672
-0.011324057006277144
-0.47629546046266025
-0.07859709156487456
-0.845424667877135
-0.20333983628979696
-0.01635832682950422
-0.26508057524671874
-0.008290491183288395
-0.3512264712577094
-0.008565652533434331
-0.8020125031001347
-0.009257832891307771
-0.6292225143870525
-0.007827033987268806
-0.4142395807631705
-0.00907968741375953
-0.4302712658234301
-1.2439279197351425
-0.25514771256809277
-0.24273328926894622
-0.4489025087291606
-0.26615023233291
-0.02831079209903322
-0.1610509137814528
-0.026179107546340674
-0.3515638327589634
-0.0076889080228284
-0.261663359584161
-0.008811592240817845
-0.7750257323368714
-0.005139874905580655
-0.5676349220473895
-0.006185022066347301
-0.5444901692058336
-0.0276127140969038
-0.43168205446313046
-0.032383334124460816
-1.026854803604933
-0.09774837636145624
-1.0152574410894886
-0.4414746005396005
-0.20199505512573523
-0.08823481518987669
-0.44653269503861437
-0.08323657255959915
-0.7490571695677519
-1.6971918454849704
-0.1727811735514219
-0.413936146046035
-0.5682739890829301
-0.23955607278834837
-0.6770096524960536
-1.1590623147390684
-0.13340580338110217
-0.3235568883308228
-0.007528982969233766
-0.3143451477463424
-0.04486313182860613
-0.2483648899165271
-0.03370350878685713
-0.10678357464456667
-0.018739241641014814
-0.18657548861210266
-0.03686734661459923
-0.10335150884520743
-0.050223474856466055
-0.07030784817509977
-0.28367916694488243
-0.15413162099939653
-0.10763757311790162
-0.3270257431045138
-0.5937531390074678
-0.43635883356970834
-0.19250011691474356
-0.702165882325744
-0.85585420472661
-0.7205014709259558
-0.4015212891053697
-0.4216480232064082
-0.08077231433002674
-1.4886426950785487
-0.33978325216036287
-1.47023624026527
-0.27778128748953335
-1.8680491928632061
-0.12886553871229012
-2.053528849151917
-0.1902087172731472
-2.0897107491424927
-0.30312199674926416
-1.8592290923697874
-0.07158145073559684
-0.15762252737816934
-1.7139127616052672
-0.2997052225603263
-2.324931322461149
-0.09708562225578829
-2.334758606234876
-0.17129558289559554
-2.283047213277314
-0.9272576722722619
-2.032227238640189
-0.45649700438945584
-0.08590911359029137
-0.31888329416572103
-0.7374279174133117
-1.9582038596272469
-0.5237841785365163
-0.4310753790113722
-0.3781795302814771
-0.8526055821662142
-0.72618211095687
-2.132514238357544
-0.5168932114368848
-0.32539923675358295
-0.9891126872383833
-0.4211440745748405
-3.1395579476375133
-0.4259437471337151
-0.3913606285350397
-0.23084716188065713
-0.34328366490965734
-0.1554090272577542
-0.407377013340938
-0.008601382374763489
-0.05996772539401718
-0.0037313675275072455
-0.12054506828763292
-0.005452703684568405
-0.26882897437390185
-0.0036463145806919783
-0.11549454172730123
-0.006552302278578281
-0.2562540544858166
-0.007972566527314484
-0.03802413326930524
-0.5014920774370749
-0.3680726824742224
-0.23353174624547618
-0.36620956255302933
-0.08294867747529491
-0.0074226143915439025
-0.10226543537079552
-0.0046233885223045945
-0.13271531148571114
-0.011238041915930808
-0.12747011936140884
-0.007158930995501578
-0.20680814363729874
-0.24504560454530963
-0.006731850327923894
-0.46006139901855303
-2.0199196428291657
-0.22073343884944824
-0.040163219042470805
-0.12695361895417923
-2.0232174100819975
-0.038669307712552836
-1.8362526971225936
-0.5203931124728115
-2.3123066324430206
-0.2055844080237724
-2.2493613990955055
-0.08365450660721763
-2.3334924646963677
-0.9949476043041917
-1.7284946714838345
-0.35091966085854115
-1.7449822265965242
-0.5891872214187401
-0.5962136940264726
-1.0876866210407268
-0.5904659125598383
-1.8721453759353608
-0.24350954099227887
-1.9891166776263465
-0.6775045436650264
-3.0058869030401962
-1.300352505088759
-0.7235147243417133
-0.2048460026860799
-0.14910997886302843
-0.3522143797591915
-0.8156601142815946
-1.6166318804442363
-0.27527078367656943
-0.3238458758717873
-0.046644417292794206
-0.67228229214561
-0.17320510680193282
-0.4292968781980259
-0.5077195373943098
-0.15737298832496485
-0.12504453712260782
-0.2889484341011467
-0.16695260674376705
-0.7273675584669945
-0.6671567137630174
-1.0784690545406193
-0.14910389877405172
-1.863830882376836
-0.33025005027810617
-1.4265356039007504
-0.07052096612439603
-1.8857379769906402
-0.12163398460444341
-1.9396957159236383
-0.18771416864701354
-1.8357785446957375
-0.3699045081464045
-1.5606024708055581
-0.09341420631270532
-1.6370037804202486
-0.7958823094285794
-0.9149347364722277
-0.5825836688738283
-2.2165675869521997
-2.8656559794326313
-1.120861774508388
-0.5852954212068653
-0.09169345541946945
-0.8902854536233159
-0.053894718812989593
-2.4045855651493184
-0.20868812704741554
-0.4046474619332002
-0.11873423832987422
-0.5120782969154123
-0.21046539905963704
-0.02052677667234093
-0.20840284838820683
-0.030564837157726288
-0.007545421734054495
-0.017796164378523827
-0.3518628610299157
-0.020912676234729588
-0.08944502218433728
-0.022624271223321557
-0.1701363787256014
-0.0292904288507998
-0.21481253705065806
-0.08990547659562556
-0.521364180414821
-0.24693249831817354
-0.4622916193329729
-0.1893238550383915
-0.05737991749295664
-0.586670479474833
-0.5033222128913621
-0.6647822814263366
-0.4100928456843394
-0.8442433812376542
-0.7655077932882145
-0.1707580621007723
-0.2709905093448143
-0.22074417187832296
-0.539363805524772
-0.3499250810061647
-0.19766870159738964
-0.3797450099285925
-0.19553083236632118
-0.28908498869148186
-0.18789931246190905
-0.15835205342640013
-0.6173310230434355
-0.14804192949635608
-0.12376416031633265
-0.19294230980719237
-0.779905290807316
-0.24549696559036513
-2.3154480794764822
-0.03240432241000235
-0.3382899747361783
-0.04018847970291972
-0.1909192041634924
-0.02208683965727687
-1.4712375879850395
-0.020525519968941808
-0.4352235167460573
-0.02495824731886387
-0.2973234548144248
-0.01771954889409244
-0.3551639470439651
-0.302554897592161
-0.2673223166685299
-1.024631283395008
-0.2503029246415411
-0.4177569683321053
-0.29353438074122096
-0.1380686861163701
-0.11549456573203543
-0.4321164076752427
-0.6808592680068802
-0.16266413180974182
-0.18354595491424183
-0.09251631225924939
-0.009594767645467073
-0.33092048535058893
-0.009981312265153974
-0.1768262829679909
-0.017769985017366707
-2.387914433849801
-0.013363783073145896
-0.39529046928757744
-0.02049879531841725
-0.49794749097320806
-0.019198947120457888
-0.25836824312508805
-2.2661110786595433
-0.023244662443175912
-0.23297501737250637
-0.00675015919841826
-0.18606698203241953
-0.0105906433891505
-2.4468460585540015
-0.010777522984426469
-0.304494468304559
-0.010703321895562112
-0.29952980450001343
-0.06375048150250057
-0.012026343552861363
-0.6705302034009037
-0.6465435288601266
-0.11421895613440634
-0.3282572724454093
-1.0070854507187808
-0.3770009048603242
-0.07454466430420502
-0.23357516482602
-0.11422250917411247
-0.18794732147629772
-0.17258957358810986
-0.05522873949397623
-0.11710786851293821
-0.6208164505699936
-0.2922643122881086
-0.1556312683792035
-0.15992713760536284
-0.3681809302487877
-0.02246720832772553
-0.35330904802667235
-0.009138679248280823
-0.24619396535225943
-0.019595194491557777
-0.40777339010733876
-0.01640073343878612
-0.5202899717241962
-0.023550949525088072
-0.2226963738078666
-1.0220173579582479
-0.018996965663973242
-0.02198319958642969
-0.78722862964878
-0.060552697240685426
-0.00912847276777029
-0.1532224710332767
-0.024699516749630373
-0.011310213594697416
-0.716974322407448
-0.13165390199375387
-0.011401624768041074
-0.17949663355262885
-0.016907952376641333
-0.5740920209275774
-0.05537829507772844
-0.2347564641948338
-0.3265910973529428
-0.2207668813904872
-0.26032639117869016
-0.4336396870272665
-0.18104960613501525
-0.43840387734526304
-0.12376770942379313
-0.8945654634020078
-0.056009506456238915
-0.15262687136661648
-0.3956158918221123
-0.33943423791823657
-0.17831853950937837
-0.008603368478361517
-0.37735139779316673
-0.007204436464235187
-0.282397354508646
-0.007356553804129362
-0.11632029202048955
-0.0061766379221808165
-0.1778094499027897
-0.006985033804085106
-0.29437557571963185
-0.00932006340008229
-0.0715708842521756
-0.12888314640800205
-0.3855112036690116
-0.7324539611914328
-0.46726511185988784
-0.08452538154525158
-0.35419387333613966
-0.2650569459216058
-0.15064017685320863
-0.14316742255011508
-0.42079548436449843
-0.13514427578657512
-0.915671330810775
-0.04352546829819336
-0.3270693363571094
-0.1312471555257482
-0.09216301749163745
-0.013175284228054807
-0.23953609337925424
-0.025169172673486173
-0.007157301270975343
-0.02353944326750934
-0.2477946170593813
-0.019069511792622507
-0.17310709261267523
-0.04248617612756789
-0.20960729926871188
-0.021533975028432906
-0.26982873097025123
-1.653692327439785
-0.11875423025776399
-0.1153272923041805
-0.4649434893120201
-0.13274311079084372
-0.024360302952118218
-0.33735625949767917
-0.006443542893975973
-0.21626787019187077
-0.010898747947067022
-0.38751311102808156
-0.008220915158744901
-0.35733166673653616
-0.017164394725114107
-0.26247547639918595
-0.06813502480591441
-0.5152752925688963
-1.3574785726765792
-0.1784149108429834
-0.117551728449655
-0.1451664207415888
-0.25104676869143605
-0.4578744990277604
-0.487663840150747
-0.16221878256849848
-0.35002956236804295
-0.007822790925274603
-0.006316529200800384
-0.03829335793852806
-0.06202401287657722
-0.012789128348231316
-0.08635573112319218
-0.013023499515838921
-0.7886542435497597
-0.013673568610101938
-0.5825824001368775
-0.1807475739540981
-0.0334924238268286
-0.018277184634696044
-0.04329518503909639
-1.1007082489210007
-0.01204318436793983
-1.1781166407790107
-0.14628786616920383
-0.010610365599859506
-0.2033410691037716
-0.2968357578641754
-0.2520830012342087
-0.11111368340377036
-0.018247936852276325
-0.018791395534208277
-0.01633729343302548
-0.09948767562794576
-0.015778104425407946
-0.4410715415371366
-0.057768706557706336
-0.010136927128769457
-0.08520893866675165
-0.11497627614260007
-0.019313306431286037
-0.1052446322262106
-0.7256166176901692
-0.2904673452683698
-1.2826619738355958
-0.8459046857112374
-0.3271851235986105
-0.5233247107158604
-0.2625013136771789
-1.038753910804449
-0.20598436407245962
-0.2108492377679153
-0.9176279270746321
-0.029799950382340512
-0.36805178098192654
-0.13006771091960445
-0.49370858599422085
-0.13535464668993055
-0.14596091110737083
-0.6080762838559274
-0.2365940015750539
-0.22595164719969035
-0.7234645985595353
-0.10325026216363042
-0.20055300608365065
-0.02380352288795014
-0.3307843215390511
-1.0432915063257806
-0.40246864195736026
-0.8500279239297837
-0.5467652445905685
-0.5557862277754934
-0.11341708528324483
-0.09078733698743235
-0.18491374713141254
-0.05349234399407004
-0.2763043041806668
-0.1068959155580532
-0.02908508849213831
-0.117804871987675
-0.15760884185713736
-0.368774646933889
-0.1298659705183499
-0.28046047993168377
-0.3826443609758549
-0.24991363179578913
-0.4347518176665062
-0.011274261280711718
-0.07558745128449118
-0.07294312412722363
-0.7136234293955871
-0.018882793374359608
-0.48021812555212845
-0.20728682289716885
-0.021431941771879792
-0.016062510403051938
-0.03406317710578151
-1.1126302142341349
-1.0610143824912182
-0.04376165093092892
-0.00893541268305853
-0.1992043906948974
-0.2725749984786897
-0.08560948105131654
-0.09254882246580867
-0.014509816537611187
-0.02642184673872676
-0.07860178746866747
-0.40695621573989205
-0.29237376858945935
-0.2177080619707836
-0.04313083656853161
-0.659216571924541
-0.23644630298000113
-0.23553283052751794
-0.5409864894368096
-0.14950815008214705
-0.6607587138019239
-0.23656216542585753
-0.17504287705789198
-0.446066988057915
-0.06582204551760577
-0.33362127243890427
-0.5374810063894225
-0.4445811366493217
-0.555692769844427
-0.05241487813327694
-0.4428662663461485
-0.39219092457788063
-0.3501625858278689
-0.7295914218874324
-0.5509957068716176
-0.31244306990265613
-0.38807350193019374
-0.7955420877939711
-0.017490217578597367
-0.3002590841947701
-0.06087944004684687
-0.1868790365655665
-0.04120361339300871
-2.1218929992755875
-0.021925521548837423
-0.47547748271188084
-0.018107930780388415
-0.5487665587411072
-0.03675061743706465
-0.33140374458705746
-0.14377682705393796
-0.16416025877277246
-0.6682369873230776
-0.033177213510498405
-0.06325054975325865
-0.010692770942114294
-0.18136933337427763
-0.01316966733429581
-0.13879204730616332
-0.01433595159323886
-2.1925036455088827
-0.011834512697532773
-0.3603672433351142
-0.012488016800489277
-0.5680317946703453
-0.2692378348205239
-0.40326085875439976
-0.2817105848836309
-0.24234894434921445
-0.06315325568116001
-0.38839882474595555
-0.46185243723997094
-0.9911593383775158
-4.709736605687067
-0.8353125998647594
-3.330416109284852
-0.6595263360442004
-0.08893576676006744
-2.5111933745793067
-1.3746017551872105
-0.12796397867009546
-0.04414874276690997
-0.3462236277508206
-1.0699763257207726
-5.069613307830878
-0.8124812586424797
-5.118933024792932
-0.6776672291622162
-4.888759509078227
-0.4537326049312409
-0.06933334572729356
-4.24669196982868
-0.9450964203580364
-0.36569821094649846
-0.7434135292605745
-0.10045416855912966
-0.2783752074206156
-0.40121519219948143
-0.7870776175452016
-0.6556753989582091
-0.4417445836426535
-0.4413079572357569
-0.13620935473611076
-0.24685861508469314
-0.07553383688908373
-0.3216459017936498
-0.5431282068693312
-0.21621289124820275
-0.3393821566193462
-0.038450921907497104
-0.908006142063338
-0.42473427394870666
-0.07760007250049562
-0.06785699100436945
-0.1317902697537761
-0.05414396962322826
-0.24230163782187064
-0.26041742243552124
-0.13087161862299232
-0.15072385846316977
-0.2312442600072373
-0.10365999327041209
-0.3404490009084446
-0.008162775193341076
-0.43808670121931453
-0.01687277073506266
-0.6578181881321892
-0.014839780167676508
-0.5332796252148455
-0.025151530338916928
-0.26473219131394216
-0.4284139067943518
-0.02863715510466136
-0.036932118324660805
-0.8443006620604138
-0.0747699203590552
-0.01646027568494901
-0.14768437693650907
-0.3935614360962063
-0.020551883382722735
-1.0047779930253637
-0.13322041034901608
-0.010599950677715242
-0.18913350403529539
-0.014051965903490782
-0.5788739361968884
-0.030569168491638266
-0.27858056866952446
-0.5601365870783124
-0.14613350739481185
-0.7851921632626926
-0.1882987161962124
-0.1474430265589035
-0.3324721350451
-0.13800107631243463
-0.9835585214157921
-0.04474422269844648
-0.4150266022164627
-0.39586288573156286
-0.17843910057954684
-0.010595529864076525
-0.3732408417981374
-0.014370273798704147
-0.25658664112142066
-0.004780862247571349
-0.12934174579442015
-0.004656382545363158
-0.1791041514102736
-0.006841571186669171
-0.08302836507360922
-0.02352308976696804
-0.07270266019436762
-0.13587715041406215
-0.29105016996848837
-0.019078520534094423
-0.3225896472458151
-0.001947669603396207
-0.24643264044507557
-0.003361946641234681
-0.16190045258321106
-0.0037238416261970997
-0.09566605359442014
-0.005185110843740404
-1.6466615434024618
-0.07506554322571901
-0.33596213464888935
-0.0638361731544137
-0.2836728966328167
-0.5623281064326875
-0.3292128305828638
-0.6490156987881412
-0.7403517754578388
-0.5783200541069716
-0.652118487874438
-0.28811136034564316
-0.4816413928713895
-0.11003735033800596
-0.12472481618728827
-0.15284295765070344
-0.15912740124433963
-0.20136472829086843
-0.25207798907000656
-0.9500871956926338
-0.38894306147092156
-0.8776660513755848
-0.3806094783992175
-0.7472647240138031
-0.3342679693072591
-0.0063909194432199
-0.25073115795635204
-0.019000114873051643
-0.19528133055912916
-0.009623338002711535
-0.1428658724466345
-0.010299138783011585
-0.17791160758198185
-0.009856192802544683
-0.484138419810364
-0.010176151990890503
-0.13073940154331673
-0.7755866616498679
-0.15750344402319819
-0.03285261133644073
-1.7288076411437032
-0.12720150379976297
-0.27607302944724404
-0.14629232233949854
-0.2892346001348929
-0.44616332881560083
-0.08045322820456259
-0.159163482031272
-0.15633025378975496
-0.2261445071286289
-0.31846504335159187
-0.799554759639553
-0.3352983594636028
-0.09147717022072109
-0.29833930059088964
-0.013138809331642486
-0.11607394536406446
-0.07201582907327975
-0.9059810894802716
-0.023128616099711508
-0.2323795354927185
-0.20534508681450483
-0.010401668085251004
-0.031717236354909674
-0.0326717163916328
-0.13598105284121023
-1.0136128966081135
-0.2636584696345494
-0.0053380109602585435
-0.2022471400989995
-0.26365942713388496
-0.2511048450198455
-0.12334643141415048
-0.038676895666867495
-0.03176178381388375
-0.07553686148619615
-0.18296368110025987
-0.09409889912927026
-0.708960646695535
-0.20921873580664396
-0.03296794901297874
-0.0651867935513854
-0.19489312127572359
-0.4564548751164693
-0.5485748209109824
-0.22801938305201475
-0.3273722476063995
-0.2441065028849499
-0.14773290328836688
-0.48968018186639545
-0.08700254832328938
-0.1619265949759221
-0.08947766077471897
-0.35210058487109563
-0.2232247667670385
-0.10071695780607115
-0.08917683453238659
-0.8456978983034787
-0.006627227063290775
-0.3799053670952203
-0.0524331908673048
-0.2436961447660274
-0.020996947772800922
-0.12467987564247096
-0.01321595220360905
-0.31850005306526036
-0.02042048703879118
-0.28497184219766086
-0.033943637274205685
-0.20474735824805892
-2.33684709064255
-0.5189243148342939
-0.04399260412780374
-0.07937685009504018
-0.23302719638518524
-0.36803736779179336
-0.04840601875427334
-0.027221394673688337
-0.2697338571440882
-0.007368347840383649
-0.17026533113158215
-0.009575671516358852
-0.2209969834369474
-0.006266516516916454
-0.13536648168001383
-0.010892221704125404
-0.3393170581809655
-0.07674372538986063
-0.016983549227006733
-0.5895297412801028
-2.490160407338408
-0.45146133358745527
-0.4079513904522173
-0.13458463514237617
-1.0154228504032592
-0.2164412081345088
-0.3950813697923449
-2.644641989469528
-0.16730683605467978
-0.013765658164629713
-0.3506056462217037
-0.009079767856746912
-0.26559222278549693
-0.015057356096804142
-0.12261389040139647
-0.009510658448562026
-0.34330914864515955
-0.015915954718366265
-0.08135732086429452
-0.047529548639431596
-0.07521688158530279
-0.15868699331433753
-0.14398983916002872
-0.008517688256688416
-0.30310040667369653
-0.002317911188583821
-0.21617795303432608
-0.005904727848246694
-0.16718054864247733
-0.0035652271762955934
-0.12297870543500267
-0.005922365351580083
-0.14322321756436085
-0.07610779002330177
-0.29868992056995014
-1.4508256961516963
-0.5926298318981108
-0.5813414682634175
-0.17413600256036765
-0.2482493194223005
-0.5951117799219279
-0.14857027555958016
-0.17574078861271403
-1.4105659238966837
-0.6339873501274269
-0.1486886263010092
-0.13742421435060806
-0.7548735474066978
-0.03305212087580003
-0.015856230224017054
-0.24588044753820462
-0.013078888761810958
-0.19768276593210507
-0.02151926141232252
-0.09382265339527862
-0.014837609138339758
-1.0070744603600303
-0.022355334367603064
-0.44919094466676096
-0.07553871800130517
-0.010462117730639875
-0.32076358622739465
-0.12123542454134469
-0.13275696326606218
-0.17816050696128513
-0.011548246038643128
-0.3771838346470174
-0.7893786153872497
-0.3526680201835412
-0.10738414112370265
-0.2746955040496499
-0.49079676997631133
-0.43293137861959013
-0.34506958384437375
-0.3031426693927415
-0.11397699347874853
-0.23068579938105704
-0.05410608425548242
-0.09563777488256164
-0.12187813420314342
-0.11623282110123641
-0.006579532753676176
-0.10755079448458203
-0.04096913058310747
-0.12933940183843093
-0.10420143116304341
-0.015409870073199272
-0.1528079687092827
-0.0371848801150918
-0.08287766199980691
-0.028686338337138295
-0.1673203817178622
-0.02320850407704711
-0.172510157403465
-0.019937626086175442
-0.1449871640303068
-0.16942509020059837
-0.4516553105176475
-0.6107940473347662
-0.3944128476311562
-0.43880732244482107
-0.2761852825798883
-0.23193471245135047
-0.22906078421922005
-0.10072413650306901
-0.2774573694668713
-0.290771986758106
-0.17269554673737908
-0.061055996804498136
-0.37545916919526173
-0.007517052523326129
-0.06959758571408277
-0.008295594248920679
-0.11763562238041914
-0.006737089483067393
-0.17622431714758185
-0.008652977645397186
-0.19183761290266688
-0.008356311067473143
-0.2886253178684759
-0.0095211835578084
-0.5093990080299103
-0.41430404890129197
-0.5831279745000302
-0.231493815927177
-0.33798793555961637
-0.16216320672053727
-0.42409596878170225
-0.3401529590158047
-0.2386216263467549
-0.22506577769559044
-0.1876500438894629
-0.010883731010835618
-0.2694600620730357
-0.004481364972889423
-0.053366529730519016
-0.0070734822656959295
-0.1339147383421988
-0.008428865985479206
-0.14899374773071372
-0.00724062864901498
-0.23604265534452828
-0.00662872294196859
-0.3743601985335469
-0.0061858451226726174
-0.38382035823791616
-0.35050529129845415
-0.40854259794917364
-0.20393127196530259
-0.446286419852792
-0.40921635304985104
-0.4695090020654071
-0.9953325339204943
-0.04406163261464152
-0.21530672641659163
-0.09502307498623849
-0.25622632221464514
-0.43221004204296526
-0.17081549160374965
-0.2545843660864518
-0.1799447531886358
-0.05804888165276561
-0.014972075092373416
-0.21633174270270197
-0.029285658383741975
-0.008843854027751756
-0.012569746584631503
-0.30686107859086903
-0.006617944949539378
-0.6524795127545856
-0.01388939144089818
-0.1577746567475189
-0.009025685023516417
-0.30580186483302896
-0.4396583098277915
-0.40635498754272703
-0.4194555323800131
-0.20558682349255833
-1.5565201377317521
-0.29670731927141486
-0.051701982465099966
-0.4392550776354218
-0.42550436622254245
-0.097872603167359
-0.24846609845623485
-0.43770097144709197
-0.031390641583129764
-0.3774189554719164
-0.018096126150339842
-0.016577683804280242
-0.022406434640288353
-0.12030385106036193
-0.017122324206866324
-0.3977268677959468
-0.02608937956392765
-0.1834559645783512
-0.03067400329746306
-1.239720799200262
-0.14645233129122062
-0.16597383611727257
-0.34401748076318955
-0.1434867760366594
-0.4709116181500703
-1.291610175743699
-0.21112333913859516
-1.5341066091454454
-0.0262603415758349
-0.2654198726484806
-0.022797914396505803
-0.21200106104986893
-0.020796288503333926
-2.3739009074550785
-0.009670644125435501
-0.5124994009915278
-0.03337167715653777
-0.5712860731655951
-0.021058882586658
-0.3868908099487023
-0.11706550437379933
-0.12080294694337948
-0.10804296649391176
-0.13285230452005303
-0.1519882692470244
-0.2747214488658528
-0.5771411870266189
-0.6171598540664339
-0.2753089595433517
-0.5127504114303909
-0.20050131890457124
-0.2936087995205006
-0.10303476380483646
-0.16825763543647554
-1.3496528173397695
-0.5712419470251213
-1.0925663247510076
-0.28568685818626205
-0.012148299894761294
-0.3841877625547196
-0.004801504663191736
-0.03113168896068146
-0.651289838822357
-0.006329136318527162
-2.4852232024459227
-0.00549478514585644
-0.42491691117420977
-0.003718254156410694
-0.5298364597832119
-0.006615170917939395
-0.32272481854877033
-0.4757973373083447
-0.09984450545919875
-0.1151300040099967
-0.5410779670694157
-0.012648403295315802
-0.2605142226804508
-0.0034130451385863125
-0.043997430150557196
-0.5910064576093226
-0.005383476032875478
-2.7255633542899886
-0.008482373057631776
-0.3334049647036939
-0.008010516699869186
-0.3824214792956761
-0.07950929401654734
-0.006013166450429708
-0.6527320973841597
-0.2653889759880667
-0.11872773474296991
-1.014991313016152
-0.13723478283806176
-0.07640126181811203
-0.017974213493289426
-0.2557453230269857
-0.00816560722887516
-0.25618782306183147
-0.005456847371533513
-0.12929720323910487
-0.0022641380201093853
-0.17265110105670292
-0.0054038887610659
-0.3048794998635387
-0.01905524090398103
-0.061808689154965825
-0.09441382799881078
-0.9524570665307692
-0.5851194859604675
-0.18167063554863358
-0.02016956193256192
-0.29770060940594784
-0.002493184118065983
-0.18152337615603958
-0.005460886168293655
-0.16406674210963956
-0.0052004239114467055
-0.10860433968952697
-0.008204234880395234
-0.17483848125870713
-0.06931407490066538
-0.34883520488874636
-0.12861330000941962
-1.121695077045236
-0.5751498710777876
-0.574577332881745
-0.4641390325753794
-0.4213598112721229
-0.3924707750929348
-0.9394019024728854
-0.05054217136013769
-0.06189104887937122
-0.035790148608327854
-0.09002210959077027
-0.011675450921757147
-0.35576142069856526
-0.0033614038256928325
-0.2571108460512398
-0.01041184226050973
-0.1332151523924665
-0.008230311679653823
-0.17696820130733418
-0.00779642618726939
-0.0945248778223986
-0.010905532632023096
-0.06372543864267755
-0.16500228737017356
-0.027018439606763422
-0.3127061813705826
-0.0037218238576315343
-0.21596741516872145
-0.004488137667067349
-0.14569637503669242
-0.004175583831965923
-0.0749523987474466
-0.006328173680230975
-0.4538987498310211
-0.0767731120356323
-0.33456670107833586
-0.0995568268884502
-0.34939545938537137
-0.04085673738588217
-1.1601103175362044
-0.1464128729359376
-0.34433502273168415
-0.08475872151059904
-0.5802343386062843
-0.14851610544539134
-0.21585447856780185
-0.19562895711611158
-0.4744583209016128
-0.0342675278382714
-0.0289666649061175
-0.20368796296222832
-1.0747388682592827
-0.06058887355731499
-0.13762782314355113
-0.008885142407962121
-0.3275287091682706
-0.002345375862205401
-0.08018407953652176
-0.006123868457507342
-0.1331272530214278
-0.003769480957998894
-0.2839251388846508
-0.004045651003252715
-0.28528947435699337
-0.005170447053387761
-0.09666073010657783
-0.004809960082639009
-0.7812746752041207
-0.4586296275039591
-0.13048846615894913
-0.27267429660843423
-0.10432230993785652
-0.4450074704970272
-2.84711087969481
-0.5089740642774011
-0.2151349477644544
-0.09570486558881403
-0.4432538838576268
-0.15052347088085058
-0.20075140533324998
-0.13158894265589796
-0.4676686520391955
-0.32995665241715494
-0.21705681418975725
-0.6681392714381218
-0.3673264937251588
-0.015748571720905602
-0.29576295285165266
-0.004067653091624379
-0.11072701001913288
-0.002481743897078559
-0.20333423579063087
-0.006895438302308321
-0.08595531369898168
-0.03950020670890808
-0.07086104434970573
-0.13547864547305463
-0.20881547910394146
-0.4132557845289206
-0.05198169709385818
-0.3442124757355681
-0.058289870953528104
-0.4603884781397158
-0.796114466205637
-0.00779139855876565
-0.14555398163582822
-0.005535938951652497
-0.12076759616402594
-0.013838288141414523
-0.16603936459535507
-0.06573288285926537
-0.01564674300607294
-0.4055786188194361
-0.36154642996843905
-0.34663101203174546
-0.1345148062992166
-0.06290444707610732
-0.37907427569905394
-0.15982636261743816
-0.9778930240005056
-0.00970648481035658
-0.011103153210817916
-0.21643095381656016
-0.2949268661499158
-0.538413335293063
-1.6391664568315416
-0.7020425759245276
-0.21430017656946024
-0.1550370390135478
-0.4824002197419759
-0.04632789874449372
-0.10483730680145052
-0.3520877516353419
-0.1206478720114678
-0.13178713584294996
-0.1366309485401044
-0.8042945348442837
-0.43282559066600557
-0.2368759374466449
-0.4407699948533036
-0.1729447755496949
-0.14609115459959413
-0.012328353244811296
-0.3594953180928645
-0.0059376442222855985
-0.30662225289464434
-0.004487939469981939
-0.1115485003187473
-0.004590943543007597
-0.22618745437538987
-0.008783371886238456
-0.32640628770043395
-0.028259993414394557
-0.09180598723520977
-0.27502834363258444
-0.3129468960983527
-0.23838005522241446
-0.5812850364359439
-0.003804052306804806
-0.1319862827261744
-0.005085262702777982
-0.9127169579459427
-0.007892365334555507
-0.1755011201551521
-0.06212453907214281
-0.006480314477812499
-0.36263939075010965
-0.8624683723746178
-0.03616854643328793
-0.271273660663302
-0.22845536023782365
-0.06338001040239129
-0.264280564925798
-0.2664948570561023
-0.038772559410583086
-0.05083024202632361
-0.11937343117507512
-0.10571445323030275
-0.5612652719874234
-0.13229444362990725
-0.14326984584502842
-0.15965102896734606
-0.30461715460796035
-0.6532246527577081
-0.25056606969919815
-0.5383494952247171
-0.5115692241601952
-1.0753063970720913
-0.18125518263866525
-0.5169306388211984
-0.3188321179535706
-0.3498639878793739
-0.27505245287097246
-0.4260429879050207
-0.4443206334724285
-0.7341390904388391
-0.053336623786890414
-0.11956316377166475
-0.3322950631263666
-0.044369482193856544
-0.0950781989376992
-0.0647716816696402
-0.05892111430875957
-0.6167241454541826
-0.08877436141483486
-0.6567239840905214
-0.058992083999328315
-0.23503111209622318
-0.17919962864054165
-0.010811189364176244
-0.030242062559669387
-0.039800491806454376
-0.14369419311212064
-0.014317019144073129
-0.9143074222326201
-0.24694596734968854
-0.006228585843928158
-0.1461136499261871
-0.2574040833287184
-0.25087671131998496
-0.12033404181080792
-0.012941941386088729
-0.019984332020116694
-0.00541040871758014
-0.07876524661535061
-0.005839729972649366
-0.02539784215249104
-0.031397717663720764
-0.007816164521500468
-0.050412158535023496
-0.4154826389200796
-0.008998395525850356
-0.11596633442214128
-0.41140675007493255
-0.3289420096905035
-0.4411626563235182
-0.49584883906440574
-0.09409487679295125
-2.207390496507287
-0.04209427525594377
-4.031349515542388
-0.1144328777268787
-0.22292195596337477
-0.35432839841232633
-0.18590962868146024
-0.19943351892045486
-0.1239899348628429
-0.3191145979373889
-0.5405161138038844
-0.3955448179020515
-0.3567634862253423
-1.0154181110632827
-0.08266270651794162
-0.7080889569828287
-1.1106327493907884
-0.7784404923004331
-0.32231183782278094
-0.3166774750546513
-0.09819367744993153
-0.2970547318432687
-0.7668571956916518
-0.16661502257920802
-1.1678393492709522
-0.24767322189816493
-0.5956208012990637
-0.2881957255420275
-0.22369603787012693
-0.8275349936156999
-0.04176498171000276
-0.1084792490109626
-0.01321889596091261
-0.07886395053930373
-0.29685600980346033
-0.3933304843253609
-0.03291799699445619
-0.3596035475643673
-0.561129578920207
-0.1449715665582195
-0.11892649910730597
-0.11893339378487629
-0.01037070801248774
-0.029782299343651175
-0.006336796563118696
-0.41535113945186214
-0.0030552652897313237
-0.20857961729427263
-0.0036985272890888155
-0.08941938679868144
-0.004173913854174316
-0.489231380405097
-0.003910800442099571
-0.3425452968977505
-0.0039025060832500458
-0.2678211526220561
-0.3454757373090413
-0.012761146383127198
-0.8170573797659699
-0.005400976515375078
-0.13167704352187032
-0.010788387735374272
-0.6188937069024317
-0.27414102410213154
-0.16238275413004885
-0.20703362457194885
-0.49655890018082
-0.5921376880763113
-0.6017173300877801
-0.3001905782187532
-0.0362887103702734
-0.2932786810864248
-0.12087779597827054
-0.5381029576996733
-0.19459850703939688
-0.21620031398942452
-0.16493513333861237
-0.020525747897574383
-0.07447808102818954
-0.052012354659382254
-0.925653093142087
-0.06969259900506586
-0.30881238898512464
-0.1942934575400408
-0.019128696178086102
-0.14363531036529764
-0.031873676419854745
-1.0840040599056617
-1.07128317326836
-0.25255662858398864
-0.01548542600357905
-0.14348891610143255
-0.2835011681358208
-1.125253325272321
-0.12299533640277029
-0.04528407659381628
-0.03716890032245084
-0.10921453633171849
-0.4433212750580727
-0.04269270143049653
-0.012464196188375354
-0.12490753169897123
-0.31126638254262734
-0.017575331265106797
-0.13237119775368972
-0.17246643922721083
-0.1550038151867089
-0.42617916213639545
-0.5640391513922409
-1.01387161022477
-0.2734465258463388
-0.009364125173306093
-0.36926572042177047
-0.0033986628986895084
-0.03243170156977158
-1.1343548164024049
-0.00586014857981354
-1.9438950104938288
-0.010646139038726687
-0.4620623563801506
-0.010499433381482959
-0.549566691192903
-0.012141577084548771
-0.3421559225356635
-0.4702076931501394
-0.08789709830783371
-0.10606382761559668
-0.47334042678010196
-0.025704525149194524
-0.27533784273057127
-0.0035241012810729444
-0.03437977831626995
-0.5627102974838356
-0.006948307272978127
-2.092610033985693
-0.005650783888995647
-0.3659833557129559
-0.008410442795138806
-0.38077498197826215
-0.07457268931511862
-0.005479581304825842
-0.635135496308385
-0.2716501885837306
-0.27384012509261585
-0.4823171443795867
-0.1105613914428312
-0.18512106768787362
-1.0428570362832292
-0.5885723206780161
-0.6318994172894375
-0.36492020318109375
-0.22619695013937807
-0.2976226472291704
-0.44371997237904
-0.22242320758407458
-0.8807759095842331
-0.026105854372579933
-0.25810791945841627
-0.5245185292791575
-0.1669666261615302
-0.07869106031557749
-0.6982267506937205
-0.36535574356094
-0.3230411451475182
-0.5571770892711356
-0.42467896278257095
-0.30874052329628204
-0.4883794851476466
-0.8301099530660344
-0.5931395484917488
-0.39944717272400493
-0.44586097526028495
-0.10354614840895054
-0.3822626604291145
-0.3326926355030082
-0.44299256668519543
-0.1545398683225888
-0.8815350111872455
-0.3447411581966497
-0.33013216462499756
-0.19019097082459258
-0.5194869593311978
-0.04946994046830306
-0.04494419067535463
-0.021074772883570115
-0.47595376787114674
-0.29812465094067875
-0.6209897907123637
-0.12490713964846994
-0.9598776306744515
-0.014875192937531458
-0.017164017980328274
-0.28503983639433444
-0.10954355018073049
-0.40749345323258074
-0.3505165749702428
-0.1827274087116228
-0.07610490058473458
-0.12838486331986587
-0.13368074252465792
-0.6385009655864451
-0.1055544767470296
-0.047186080482788384
-0.17613462669708366
-0.3984835249255411
-0.13885242304769463
-1.0643871850764601
-0.04772521096031226
-0.21084347929041414
-0.2923145549364373
-0.30318706407782275
-0.2050173199287504
-0.007343240635236725
-0.05603658661902955
-0.007824231288395822
-0.2742079964538675
-0.009427153505384922
-0.10220810745033759
-0.007373006257694215
-0.10809610767068989
-0.021429656771942973
-0.17297914892871735
-0.02079859492368996
-0.17700770090196885
-0.13045202515941728
-0.6302755852226356
-0.011346386396326125
-0.25296957977488116
-0.004380490106996149
-0.1511819123334135
-0.009087074780836701
-0.11005635281627393
-0.010901878587901592
-0.9340271315155178
-0.09757915791124105
-0.05940526225956546
-0.6705803794175154
-0.8924126994097605
-0.45856018405517235
-0.0833049291633141
-0.34425123236121036
-0.2703362035980414
-1.0869677783170377
-0.19922457058731066
-0.39223129689635244
-1.0421473400842085
-0.17411172283297727
-0.04412023749318905
-0.3595261987194466
-0.006719521246850491
-0.0376092367832598
-0.6924742745434812
-0.008259056368842721
-1.9179203569822545
-0.0068022049381397665
-0.44062510576909275
-0.01580090052448213
-0.5507770612266351
-0.013379486510530114
-0.3576503003853924
-0.5280173283001484
-0.0994861259008644
-0.0918435930892277
-1.6342000736453643
-0.02303494093939662
-0.2946424068305243
-0.0030010411283001304
-0.04144073247898632
-0.5827692632612105
-0.006850329285953194
-2.082662558482428
-0.005053828761447221
-0.3861023893984263
-0.007884939026553184
-0.3744596826605618
-0.0703398892047434
-0.004721236735349521
-0.7414735732008694
-0.8033808974264552
-0.27437456569394525
-0.47067686917307583
-0.45753762158953276
-0.42832576562068425
-0.49894328931299015
-0.5333747782794944
-0.27982521618832834
-0.4964069264714645
-0.9484455962481712
-0.29586463258601725
-0.2995127450739801
-0.09498526300285448
-0.006277151347603649
-0.05986841306472831
-0.022686297073960304
-0.2715290473360407
-0.011225037509575486
-0.08952020228458145
-0.008802906493656337
-0.10865207415629641
-0.016493104631081223
-0.18103543838378722
-0.020918132038787007
-0.15154605261410678
-0.1294023247180803
-0.4825607298262987
-0.017607424524612725
-0.22844557166091148
-0.0031283382268156856
-0.12123310704140522
-0.006754882866516709
-0.10892152758199497
-0.009094996348721907
-0.6777386186920066
-0.46163439732117695
-2.1000752259395083
-1.0145770596849615
