-0.11700856685638428
-0.03730415552854538
-2.134852886199951
-2.5400123596191406
-1.8671073913574219
-1.2498652935028076
-4.044236183166504
-0.11716772615909576
-3.1435251235961914
-0.5160355567932129
-1.4016456604003906
-3.925382137298584
-3.484813690185547
-0.32072582840919495
-8.540472030639648
-3.663573980331421
-3.7484829425811768
-4.065738201141357
-3.2416505813598633
-0.3549045920372009
-4.21317195892334
-0.11700845509767532
-0.07229176163673401
-2.134852886199951
-0.18208733201026917
-0.18208742141723633
-2.216671943664551
-3.5089502334594727
-6.708276271820068
-0.8390088081359863
-1.2025560140609741
-2.060706615447998
-3.0119991302490234
-3.310697555541992
-3.1279966831207275
-3.0741958618164062
-5.4365386962890625
-2.0327651500701904
-0.6052108407020569
-3.1223530769348145
-1.9445230960845947
-1.7722511291503906
-2.885575771331787
-4.591324806213379
-2.3164620399475098
-1.7087311744689941
-3.8051977157592773
-1.1682932376861572
-1.4586451053619385
-3.8092384338378906
-4.5530524253845215
-1.0087895393371582
-0.11700856685638428
-0.07229176163673401
-2.134852886199951
-2.275623321533203
-0.11206299066543579
-8.717400550842285
-3.992663860321045
-3.3858447074890137
-0.6943830847740173
-2.31259822845459
-1.294776439666748
-0.11700845509767532
-0.05406860262155533
-2.134852886199951
-1.8876296281814575
-1.2882192134857178
-1.5166651010513306
-0.35768017172813416
-2.7966887950897217
-0.14296486973762512
-0.283860981464386
-0.11716751754283905
-5.948441505432129
-2.3335044384002686
-1.747880220413208
-2.5679726600646973
-3.2424280643463135
-1.1335456371307373
-0.33819228410720825
-3.8248589038848877
-3.073269844055176
-0.31834524869918823
-4.697909355163574
-13.665966987609863
-3.4051361083984375
-4.791166305541992
-8.485701560974121
-4.795657634735107
-7.323643684387207
-0.11700845509767532
-0.03730450198054314
-2.134852886199951
-0.6963847875595093
-5.3465189933776855
-3.8813467025756836
-4.852319717407227
-3.6899564266204834
-5.763299465179443
-3.286799907684326
-1.2627488374710083
-1.1101527214050293
-10.705270767211914
-0.35751500725746155
-11.423073768615723
-3.7437963485717773
-2.628918170928955
-0.6481906771659851
-11.423073768615723
-2.6677908897399902
-0.0440220907330513
-19.858945846557617
-0.032189950346946716
-0.9289789199829102
-8.721314430236816
-0.6481906771659851
-4.788758754730225
-2.3089749813079834
-0.8382951021194458
-1.9355413913726807
-7.622607231140137
-2.073310613632202
-2.8872177600860596
-5.071865558624268
-3.474587917327881
-2.7546026706695557
-2.0473833084106445
-2.4405031204223633
-4.427518844604492
-2.155132532119751
-1.6558477878570557
-4.534139156341553
-2.4697673320770264
-3.7800722122192383
-2.6918303966522217
-3.793670415878296
-2.1377034187316895
-1.4413282871246338
-3.892639398574829
-1.8876296281814575
-0.11700867116451263
-0.037304386496543884
-2.134852886199951
-3.6565637588500977
-1.6734797954559326
-0.3659432530403137
-0.11700867116451263
-0.07229176163673401
-2.134852886199951
-0.6971664428710938
-2.1632003784179688
-0.38005387783050537
-3.6539554595947266
-1.4940898418426514
-3.3226375579833984
-2.896786689758301
-3.638840675354004
-0.9223513603210449
-0.11716762185096741
-3.517841339111328
-0.11700867116451263
-0.07229176163673401
-2.134852886199951
-1.8888347148895264
-0.08286686986684799
-6.421863555908203
-7.363866806030273
-2.67022705078125
-3.1580617427825928
-2.9902503490448
-7.665093421936035
-3.914562463760376
-1.8845124244689941
-2.1377034187316895
-0.23312772810459137
-0.11700867116451263
-0.03730415552854538
-2.134852886199951
-1.7720847129821777
-4.869889736175537
-2.5998027324676514
-6.315913200378418
-0.5267658829689026
-2.5816650390625
-5.431982517242432
-0.8727458119392395
-3.0855793952941895
-2.7794976234436035
-1.3437789678573608
-0.27287188172340393
-0.11700867116451263
-0.037304386496543884
-2.134852886199951
-5.022759914398193
-1.6680355072021484
-0.6353211402893066
-1.176422119140625
-0.6908017992973328
-2.2553868293762207
-7.0518879890441895
-5.242978096008301
-1.4387279748916626
-0.4306223690509796
-0.11716719716787338
-0.11700867116451263
-0.07229176163673401
-2.134852886199951
-0.045458294451236725
-0.13502880930900574
-0.043643973767757416
-0.1990913301706314
-0.1216544434428215
-0.3413873016834259
-0.4637129008769989
-0.10994476824998856
-0.11716709285974503
-0.3219869136810303
-0.15676099061965942
-0.10019504278898239
-0.25675421953201294
-0.8457209467887878
-0.11700856685638428
-0.07229176163673401
-2.134852886199951
-0.08286686986684799
-4.6003828048706055
-2.2707839012145996
-0.4839666485786438
-2.6677911281585693
-1.9748774766921997
-0.6004095077514648
-0.11716772615909576
-0.11700856685638428
-0.03730427101254463
-2.134852886199951
-1.888834834098816
-6.509282112121582
-7.524054527282715
-0.11716751754283905
-8.292450904846191
-0.11700867116451263
-0.07229176163673401
-2.134852886199951
-1.2644739151000977
-11.17823314666748
-1.5509750843048096
-6.410954475402832
-4.49349308013916
-0.011556585319340229
-3.8026397228240967
-3.4120655059814453
-6.012199878692627
-1.0466614961624146
-0.6963847875595093
-3.211071729660034
-1.0724506378173828
-1.0581499338150024
-4.185574531555176
-8.548389434814453
-2.1819446086883545
-4.092443466186523
-0.11700856685638428
-0.054068487137556076
-2.134852886199951
-0.10862099379301071
-6.2919745445251465
-11.607460975646973
-0.11716751754283905
-0.21487957239151
-0.11668125540018082
-0.11700867116451263
-0.05406837537884712
-2.134852886199951
-8.41867733001709
-3.125967502593994
-0.9974790811538696
-5.324075698852539
-1.3349192142486572
-3.4079999923706055
-0.9626750349998474
-1.3521214723587036
-1.4914931058883667
-4.21994686126709
-1.9925007820129395
-5.815194129943848
-0.11700856685638428
-0.07229176163673401
-2.134852886199951
-2.9506585597991943
-3.6323251724243164
-4.121046543121338
-9.384852409362793
-3.948951482772827
-0.9771251678466797
-3.816610097885132
-3.0367372035980225
-4.158759593963623
-0.11716762185096741
-1.8099113702774048
-0.11700867116451263
-0.0722915381193161
-2.134852886199951
-0.08286686986684799
-0.08286665380001068
-0.2324928343296051
-2.1500003337860107
-1.921001672744751
-3.9093832969665527
-0.11700845509767532
-0.07229176163673401
-2.134852886199951
-13.01846981048584
-1.551198124885559
-2.567087173461914
-6.653194427490234
-6.0641350746154785
-7.665093421936035
-8.952058792114258
-2.967386245727539
-0.7428865432739258
-2.5873501300811768
-2.5024805068969727
-0.11700867116451263
-0.07229176163673401
-2.134852886199951
-3.3554351329803467
-1.4552457332611084
-0.7442507147789001
-2.201186180114746
-5.587043762207031
-2.8051350116729736
-2.070582628250122
-0.15151482820510864
-3.1805458068847656
-0.15673673152923584
-0.11700824648141861
-0.07229164987802505
-2.134852647781372
-1.2644739151000977
-5.776798248291016
-5.172292709350586
-2.0743980407714844
-2.818406581878662
-0.6943830847740173
-4.814731121063232
-2.1114120483398438
-6.902009963989258
-0.11716772615909576
-8.41867733001709
-4.678647041320801
-1.139586329460144
-0.54282546043396
-7.274064540863037
-0.5539887547492981
-3.692781448364258
-3.842766761779785
-4.5204386711120605
-0.04540042579174042
-1.0589865446090698
-0.024161530658602715
-0.6758800148963928
-0.07860437780618668
-0.051093991845846176
-0.13247977197170258
-0.2038303017616272
-0.5443506240844727
-0.696394145488739
-3.068155527114868
-0.495025098323822
-0.1334047019481659
-0.12024451047182083
-0.2364591658115387
-0.5054634809494019
-0.16222670674324036
-0.610191822052002
-0.05730245262384415
-3.2096447944641113
-0.24631638824939728
-0.32198700308799744
-0.11716719716787338
-0.20423828065395355
-0.107451893389225
-0.4299122393131256
-0.13886205852031708
-0.1353113353252411
-0.203801229596138
-0.14247041940689087
-0.18914653360843658
-0.9730490446090698
-0.3089120090007782
-0.8457208871841431
-0.11700845509767532
-0.07229176163673401
-2.134852886199951
-6.870099067687988
-6.138203144073486
-1.629758596420288
-0.11700824648141861
-0.07229164987802505
-2.134852647781372
-2.3277881145477295
-4.028629779815674
-0.6943830847740173
-1.4049961566925049
-2.5869333744049072
-5.366206645965576
-3.995551824569702
-2.6142072677612305
-0.3244343400001526
-0.11700867116451263
-0.0722915381193161
-2.134852886199951
-3.176712989807129
-7.483208656311035
-0.9127336740493774
-0.11716751754283905
-2.1377034187316895
-2.2913055419921875
-0.8083505630493164
-0.583284318447113
-0.1456577032804489
-3.8041977882385254
-0.04404844343662262
-0.27826112508773804
-0.2278406023979187
-0.33807677030563354
-1.0724024772644043
-0.11700845509767532
-0.07229176163673401
-2.134852886199951
-0.6963847875595093
-1.2430949211120605
-0.7209662795066833
-1.9210031032562256
-10.000650405883789
-4.384432792663574
-0.6963847875595093
-1.709325909614563
-0.7209662795066833
-0.31807243824005127
-0.8390088081359863
-1.0090909004211426
-7.665093421936035
-5.5283026695251465
-6.6417436599731445
-8.25730037689209
-3.179978132247925
-3.438013792037964
-2.713264226913452
-2.395641803741455
-0.5160354375839233
-0.24574454128742218
-1.1989195346832275
-0.21608814597129822
-1.884511947631836
-3.79502534866333
-5.024583339691162
-4.587327003479004
-1.7566423416137695
-6.0452961921691895
-0.11700824648141861
-0.037304386496543884
-2.134852647781372
-0.6599326133728027
-2.3369369506835938
-7.364381790161133
-4.443483352661133
-0.39095500111579895
-0.6734591126441956
-2.0594468116760254
-5.7747111320495605
-1.306748390197754
-0.08957673609256744
-1.352121353149414
-6.012199878692627
-0.1750180572271347
-6.175122261047363
-1.4623091220855713
-0.11700856685638428
-0.07229187339544296
-2.134852886199951
-2.1707239151000977
-3.5828840732574463
-4.888609886169434
-4.380715370178223
-2.2909278869628906
-6.111140251159668
-4.096186637878418
-2.7514488697052
-2.789844036102295
-3.1596739292144775
-0.11700856685638428
-0.054068487137556076
-2.134852886199951
-0.18208742141723633
-1.3107095956802368
-1.8990592956542969
-1.2340896129608154
-4.656039714813232
-4.225960731506348
-0.11700845509767532
-0.07229176163673401
-2.134852886199951
-2.3525123596191406
-2.9170045852661133
-2.029158592224121
-3.3885560035705566
-1.7517073154449463
-1.5123229026794434
-3.9160592555999756
-0.0742516964673996
-0.11700856685638428
-0.05406871438026428
-2.134852886199951
-0.7076071500778198
-1.5464811325073242
-7.932135105133057
-4.690171241760254
-3.4079997539520264
-3.4700236320495605
-0.3219869136810303
-3.514836311340332
-0.14502693712711334
-1.6818838119506836
-3.440195083618164
-2.1460928916931152
-0.3244449198246002
-0.11700856685638428
-0.05406860262155533
-2.134852886199951
-1.1376731395721436
-3.701676607131958
-1.300572156906128
-0.10067957639694214
-4.58837890625
-1.516993761062622
-4.159158706665039
-7.834664821624756
-0.6943832039833069
-3.8760528564453125
-3.4079999923706055
-2.950957775115967
-1.7634369134902954
-1.2705471515655518
-3.9718477725982666
-5.646145343780518
-0.15673673152923584
-0.30456218123435974
-4.126051425933838
-6.213047504425049
-0.11700867116451263
-0.0722915381193161
-2.134852886199951
-1.808181881904602
-4.209475040435791
-3.8446226119995117
-1.295117974281311
-0.26198771595954895
-0.8390089273452759
-2.2251031398773193
-2.5412144660949707
-2.250497817993164
-2.871962547302246
-2.6361629962921143
-0.7240443825721741
-2.7041513919830322
-3.6659889221191406
-1.9042571783065796
-2.834768056869507
-1.9376862049102783
-5.383405685424805
-1.7948017120361328
-0.5284981727600098
-0.016075875610113144
-5.217815399169922
-6.756742000579834
-1.160021185874939
-0.7290927171707153
-3.8118228912353516
-3.1283726692199707
-2.3127589225769043
-2.4373385906219482
-5.2265496253967285
-2.0939228534698486
-2.5908846855163574
-18.28150177001953
-2.4169633388519287
-0.2132416069507599
-0.11700867116451263
-0.03730415552854538
-2.134852886199951
-2.3525123596191406
-1.1742972135543823
-2.547987461090088
-0.8390089273452759
-5.6506805419921875
-5.659947395324707
-5.2517852783203125
-3.0909624099731445
-2.449800729751587
-8.217859268188477
-0.7076069116592407
-1.7438688278198242
-1.9100346565246582
-1.466212511062622
-1.5561399459838867
-0.0735854059457779
-4.21019172668457
-4.053838729858398
-3.3868701457977295
-0.3027939796447754
-0.6088817715644836
-2.2055931091308594
-3.767245292663574
-1.0004725456237793
-6.809431076049805
-4.509132385253906
-0.11700856685638428
-0.05406871438026428
-2.134852886199951
-1.8888345956802368
-0.5331035256385803
-0.057302117347717285
-9.79446029663086
-0.9085510969161987
-0.4128577709197998
-0.4128575325012207
-0.11517111957073212
-0.10885462909936905
-0.7076072692871094
-1.4987285137176514
-1.3604410886764526
-1.7077357769012451
-3.353257179260254
-1.4547879695892334
-1.4036563634872437
-5.5794453620910645
-3.8696720600128174
-3.6839122772216797
-4.294191837310791
-2.8560142517089844
-0.9080591797828674
-4.728275299072266
-0.30094560980796814
-0.3135546147823334
-2.4031496047973633
-0.08294225484132767
-1.8876296281814575
-0.11700856685638428
-0.05406871438026428
-2.134852886199951
-5.091514587402344
-5.579355239868164
-4.697300910949707
-0.11716772615909576
-3.641465425491333
-3.8611810207366943
-0.7076072692871094
-1.657724142074585
-2.6347923278808594
-2.614320755004883
-1.6557493209838867
-4.141059875488281
-1.6395059823989868
-1.5698678493499756
-3.000896692276001
-0.11700856685638428
-0.07229187339544296
-2.134852886199951
-3.0064258575439453
-2.3910624980926514
-1.4551249742507935
-2.136653423309326
-7.524054527282715
-1.084507703781128
-7.595766067504883
-6.815299034118652
-0.3780974745750427
-9.036733627319336
-5.436740398406982
-0.7076069116592407
-1.4555449485778809
-0.11716762185096741
-0.14493979513645172
-1.0107407569885254
-1.2542285919189453
-0.47603315114974976
-4.56992244720459
-5.021543979644775
-2.215759754180908
-3.407384157180786
-1.2474753856658936
-4.5940470695495605
-0.9918825626373291
-0.5060638189315796
-0.8251515626907349
-0.43062227964401245
-4.978098392486572
-2.4574148654937744
-1.6378724575042725
-2.3376426696777344
-1.3994826078414917
-4.496784210205078
-2.8176939487457275
-5.085269451141357
-8.496384620666504
-0.11700824648141861
-0.054068487137556076
-2.134852647781372
-0.18208742141723633
-5.971416473388672
-3.1799778938293457
-3.438014030456543
-2.713264226913452
-1.016541838645935
-9.209790229797363
-15.976232528686523
-0.11716751754283905
-0.3219869136810303
-2.1662445068359375
-10.637331008911133
-0.4736958146095276
-2.2609832286834717
-2.171117067337036
-1.67340886592865
-2.010915517807007
-0.15673652291297913
-0.591647207736969
-1.6742031574249268
-0.3219869136810303
-1.1255971193313599
-5.666334629058838
-8.936630249023438
-1.477848768234253
-0.11700856685638428
-0.03730415552854538
-2.134852886199951
-4.265097618103027
-1.709325909614563
-7.7838263511657715
-3.130662202835083
-3.7783031463623047
-0.11700856685638428
-0.07229187339544296
-2.134852886199951
-0.3736841678619385
-0.13731835782527924
-0.19744351506233215
-0.42569077014923096
-0.32834625244140625
-0.15803857147693634
-3.8315930366516113
-2.2043354511260986
-3.569002151489258
-2.700782060623169
-3.3906359672546387
-0.1556849181652069
-1.6865557432174683
-3.860469341278076
-1.2306138277053833
-0.06802940368652344
-0.8390088081359863
-3.2514853477478027
-5.517001152038574
-0.11716772615909576
-0.32198700308799744
-1.3696953058242798
-2.054436683654785
-4.784293174743652
-0.5383753180503845
-0.8274009227752686
-4.240931034088135
-0.22995765507221222
-5.650075912475586
-2.081021308898926
-0.3450903296470642
-1.3603017330169678
-0.8748754262924194
-0.27177903056144714
-0.05837849900126457
-0.11700845509767532
-0.07229176163673401
-2.134852886199951
-2.5059220790863037
-0.0679534450173378
-6.152436256408691
-4.183477401733398
-8.778008460998535
-2.702812433242798
-3.8134026527404785
-1.4385316371917725
-1.7854082584381104
-3.41666579246521
-2.7513372898101807
-1.3178834915161133
-1.3974289894104004
-0.09763024747371674
-5.841156959533691
-2.970754623413086
-3.30789852142334
-2.9268431663513184
-2.525191307067871
-1.54689359664917
-0.533257782459259
-0.11700856685638428
-0.07229187339544296
-2.134852886199951
-1.3597458600997925
-5.204952716827393
-3.754054546356201
-0.09893959760665894
-14.59532642364502
-5.422152519226074
-0.10429344326257706
-7.025417327880859
-0.5943006277084351
-2.163811445236206
-8.952058792114258
-0.7713207006454468
-0.31807243824005127
-0.11700856685638428
-0.05406871438026428
-2.134852886199951
-0.18208742141723633
-8.41867733001709
-2.852379083633423
-3.75986909866333
-5.62017297744751
-0.8390089273452759
-1.009206771850586
-5.2420454025268555
-3.0969278812408447
-6.174880027770996
-4.243448734283447
-5.856756687164307
-0.32198718190193176
-1.8749730587005615
-4.30808162689209
-1.67340886592865
-2.547180652618408
-0.11700867116451263
-0.0722915381193161
-2.134852886199951
-1.264473795890808
-4.173796653747559
-0.13294222950935364
-3.6874136924743652
-7.527999401092529
-0.10429386794567108
-3.8788070678710938
-0.23670992255210876
-7.4052557945251465
-0.3219869136810303
-1.3769056797027588
-2.6435954570770264
-0.12102904915809631
-0.8613145351409912
-2.773193836212158
-0.1567368358373642
-2.068115234375
-6.126806259155273
-1.0380094051361084
-0.11700824648141861
-0.07229164987802505
-2.134852647781372
-0.2604515552520752
-1.0246084928512573
-11.607460975646973
-0.11716772615909576
-0.3219869136810303
-5.332991123199463
-1.1384650468826294
-1.4781311750411987
-1.2464323043823242
-2.737109422683716
-3.3430891036987305
-1.760718822479248
-6.880334854125977
-0.7076071500778198
-3.717468738555908
-2.143986225128174
-1.1841545104980469
-2.9488749504089355
-7.776243686676025
-1.351420521736145
-5.243936061859131
-0.7255132794380188
-0.6168909072875977
-0.38227757811546326
-1.8766740560531616
-4.986461639404297
-2.3107516765594482
-4.105392932891846
-0.5474599003791809
-0.6963849067687988
-0.6960180401802063
-1.133164405822754
-8.590205192565918
-2.3263347148895264
-1.288896083831787
-1.6563374996185303
-2.6383895874023438
-2.1836178302764893
-2.065533399581909
-18.63154411315918
-1.574948787689209
-1.4229202270507812
-0.23312801122665405
-0.11700856685638428
-0.07229176163673401
-2.134852886199951
-2.1707239151000977
-0.29283401370048523
-3.446225166320801
-3.400526523590088
-2.6677908897399902
-5.871255397796631
-0.9602484703063965
-1.3963663578033447
-6.092928886413574
-0.11700824648141861
-0.03730415552854538
-2.134852886199951
-1.421356439590454
-4.733292579650879
-2.6921873092651367
-2.5784811973571777
-0.8390089273452759
-5.7366437911987305
-0.11716772615909576
-8.41867733001709
-3.426461696624756
-2.369101047515869
-6.215428352355957
-0.6870677471160889
-1.3104770183563232
-0.11700824648141861
-0.054068487137556076
-2.134852647781372
-0.08286665380001068
-0.6963847875595093
-4.159221172332764
-3.9587905406951904
-2.3271167278289795
-2.80576753616333
-0.11716762185096741
-0.1324407160282135
-2.512403964996338
-0.3219869136810303
-3.1941115856170654
-0.11700856685638428
-0.03730415552854538
-2.134852886199951
-3.155991792678833
-0.7076070308685303
-1.8499391078948975
-1.545276403427124
-4.837893962860107
-1.1212197542190552
-0.5906731486320496
-5.096745491027832
-3.352734327316284
-7.384912490844727
-0.3219869136810303
-3.318220615386963
-0.17183992266654968
-0.11716772615909576
-7.216602325439453
-0.32198700308799744
-2.7131547927856445
-2.127744197845459
-7.891848564147949
-0.15673652291297913
-0.09484517574310303
-0.11700867116451263
-0.07229176163673401
-2.134852886199951
-0.08582627028226852
-0.1776355504989624
-0.057467468082904816
-0.11716772615909576
-0.07310806214809418
-5.5724053382873535
-8.2156400680542
-0.12924689054489136
-2.313565969467163
-7.534004211425781
-0.0657837986946106
-12.51884937286377
-9.421700477600098
-9.862239837646484
-8.709463119506836
-0.11700856685638428
-0.07229176163673401
-2.134852886199951
-1.2402961254119873
-2.2561774253845215
-4.882822036743164
-7.524054527282715
-0.1171674057841301
-6.885130882263184
-5.540045261383057
-0.9936323165893555
-4.546819686889648
-0.11700867116451263
-0.07229176163673401
-2.134852886199951
-0.2666247487068176
-0.31707149744033813
-0.14338944852352142
-0.1491016000509262
-8.394245147705078
-0.11716751754283905
-8.394245147705078
-9.74916934967041
-0.27287188172340393
-0.32198700308799744
-7.327840805053711
-8.883477210998535
-5.538921356201172
-8.682148933410645
-8.660179138183594
-6.382567882537842
-0.7076072692871094
-2.9902889728546143
-1.5197691917419434
-2.2629716396331787
-0.3566192388534546
-1.010312557220459
-2.7218546867370605
-0.6963849067687988
-1.0697076320648193
-2.631815195083618
-6.330583572387695
-1.2152072191238403
-0.031085340306162834
-3.301042079925537
-0.032189950346946716
-2.0605921745300293
-5.135202884674072
-2.1442062854766846
-0.7181990742683411
-2.655958890914917
-2.1377031803131104
-0.11700867116451263
-0.07229176163673401
-2.134852886199951
-1.4501296281814575
-2.7513906955718994
-3.533210039138794
-3.4079997539520264
-2.848001480102539
-4.013108730316162
-0.7489498853683472
-0.2665215730667114
-0.6963847875595093
-3.9959895610809326
-8.603828430175781
-1.4648659229278564
-0.8390088081359863
-9.653956413269043
-0.13982121646404266
-1.2823030948638916
-1.5297356843948364
-0.26652175188064575
-5.693846225738525
-3.5018680095672607
-5.401947975158691
-1.3569940328598022
-0.11700856685638428
-0.07229176163673401
-2.134852886199951
-3.9560699462890625
-10.424501419067383
-1.3993449211120605
-3.2425620555877686
-5.750247955322266
-2.426772117614746
-0.7375873923301697
-2.05532169342041
-3.6393747329711914
-3.1585144996643066
-1.1287708282470703
-6.675497055053711
-1.93040132522583
-3.6522717475891113
-1.3104770183563232
-0.08286676555871964
-0.11700845509767532
-0.07229176163673401
-2.134852886199951
-2.6119883060455322
-0.8504080176353455
-0.4859735369682312
-0.20710314810276031
-0.19231173396110535
-4.414633750915527
-0.4956754446029663
-3.6066126823425293
-0.915759265422821
-0.11716709285974503
-0.9157591462135315
-1.2319616079330444
-0.8462936878204346
-0.15673652291297913
-3.484813690185547
-0.15673652291297913
-5.409617900848389
-1.2073920965194702
-0.15673641860485077
-0.07229176163673401
-0.11700824648141861
-0.07229164987802505
-2.134852886199951
-2.6685500144958496
-4.516345977783203
-0.8504080176353455
-2.427309274673462
-6.167105197906494
-5.33240270614624
-3.4079997539520264
-3.3274314403533936
-0.819294810295105
-1.8578011989593506
-4.203860759735107
-1.3993449211120605
-0.11700867116451263
-0.03730415552854538
-2.134852886199951
-1.3810758590698242
-0.2426612377166748
-1.850533127784729
-0.8390088081359863
-4.811859130859375
-1.7455964088439941
-2.6322779655456543
-1.040438175201416
-0.9689805507659912
-1.6151564121246338
-0.11700824648141861
-0.054068487137556076
-2.134852647781372
-1.2644739151000977
-4.725874423980713
-3.874368906021118
-7.199638843536377
-6.066677093505859
-6.988250732421875
-2.2658233642578125
-1.976288080215454
-0.11716751754283905
-0.9462511539459229
-1.8028528690338135
-1.96771240234375
-4.50249719619751
-2.5255587100982666
-0.7750904560089111
-0.915759265422821
-1.174615740776062
-0.11716709285974503
-0.9157591462135315
-0.9683640599250793
-3.9630258083343506
-0.11700856685638428
-0.054068487137556076
-2.134852886199951
-2.5400123596191406
-0.08286676555871964
-4.889160633087158
-1.4713398218154907
-11.607460975646973
-0.5975733995437622
-2.4724926948547363
-9.111300468444824
-1.330552339553833
-0.9157591462135315
-5.349631309509277
-2.927236557006836
-6.041243553161621
-0.1171674057841301
-11.607460975646973
-0.9157590866088867
-7.613671779632568
-7.0182647705078125
-7.996827125549316
-8.199090957641602
-7.575334072113037
-0.11700856685638428
-0.07229176163673401
-2.134852886199951
-1.264473795890808
-1.470736026763916
-5.004949569702148
-1.1066911220550537
-2.5311951637268066
-0.9852237701416016
-4.254718780517578
-1.688374638557434
-0.11716719716787338
-0.915759265422821
-5.265417098999023
-8.41867733001709
-0.156850665807724
-6.097002029418945
-5.223099708557129
-5.886713981628418
-0.42315351963043213
-0.15685056149959564
-3.503645420074463
-5.316045761108398
-0.4364909827709198
-6.344419002532959
-3.441944122314453
-0.17587938904762268
-2.5875070095062256
-11.959883689880371
-5.344532489776611
-1.9222819805145264
-9.887397766113281
-0.6631760597229004
-8.822808265686035
-0.7076070308685303
-8.63756275177002
-3.6027448177337646
-0.22392764687538147
-0.2665215730667114
-4.743230819702148
-4.893087387084961
-2.209822654724121
-1.7209851741790771
-3.827204704284668
-0.7937635183334351
-1.4924333095550537
-0.3219869136810303
-0.11700867116451263
-0.037304386496543884
-2.134852886199951
-0.05406860262155533
-0.6963847875595093
-17.843664169311523
-4.90207052230835
-3.2159976959228516
-5.1475114822387695
-0.15673652291297913
-7.665093421936035
-2.2408206462860107
-2.5560126304626465
-0.3173505961894989
-0.9139443635940552
-2.498588800430298
-1.2902095317840576
-2.6763923168182373
-3.058816909790039
-4.591369152069092
-6.0731120109558105
-0.5252511501312256
-5.555569648742676
-0.3045620918273926
-4.5144171714782715
-1.0372002124786377
-3.478227138519287
-0.11700867116451263
-0.0722915381193161
-2.134852886199951
-0.18208742141723633
-3.4501242637634277
-2.9030773639678955
-2.4771673679351807
-0.8390089869499207
-4.771780967712402
-0.11716709285974503
-3.9015469551086426
-0.04402243345975876
-2.9534716606140137
-13.029799461364746
-1.3082406520843506
-10.5164794921875
-1.7683303356170654
-2.3876378536224365
-4.209761142730713
-4.685785293579102
-2.171117067337036
-3.566213846206665
-0.7723202705383301
-2.4425771236419678
-2.386068105697632
-1.2612404823303223
-7.85028076171875
-2.107466220855713
-0.3684556186199188
-0.4306224584579468
-9.152623176574707
-0.011556703597307205
-8.438155174255371
-5.2265496253967285
-2.332472801208496
-3.000896692276001
-7.443845272064209
-6.783766746520996
-0.19079406559467316
-9.409027099609375
-9.83155632019043
-0.11700824648141861
-0.07229164987802505
-2.134852886199951
-0.18208742141723633
-7.977463722229004
-0.011556467972695827
-1.6095035076141357
-7.977463722229004
-0.11716719716787338
-0.32198700308799744
-2.002805709838867
-4.845428466796875
-3.338818311691284
-8.330282211303711
-0.9855512380599976
-5.276882171630859
-0.6749927997589111
-0.11700856685638428
-0.03730427101254463
-2.134852886199951
-2.692171096801758
-14.296351432800293
-3.914562463760376
-2.9927315711975098
-0.1171674057841301
-2.08809757232666
-3.5180766582489014
-5.836418151855469
-1.5356937646865845
-0.32198700308799744
-1.3128070831298828
-1.1530818939208984
-2.663816452026367
-1.3473939895629883
-0.2239278256893158
-0.8504080176353455
-0.2239278256893158
-0.9279032945632935
-3.914562463760376
-1.0090909004211426
-6.918088912963867
-2.964647054672241
-0.11700845509767532
-0.05406860262155533
-2.134852886199951
-8.922459602355957
-0.170606791973114
-6.335240840911865
-0.3371649384498596
-0.5889825224876404
-9.761428833007812
-10.021132469177246
-0.12615789473056793
-0.11716751754283905
-0.23436838388442993
-3.1765928268432617
-0.12565317749977112
-0.04670849069952965
-7.261995792388916
-6.223383903503418
-8.500455856323242
-0.5631698966026306
-0.32378053665161133
-7.6134819984436035
-8.004948616027832
-6.786063194274902
-9.074857711791992
-9.062210083007812
-9.37434196472168
-8.004948616027832
-0.26927515864372253
-0.11700856685638428
-0.07229187339544296
-2.134852886199951
-2.275623083114624
-4.798923015594482
-0.6943832039833069
-0.11716762185096741
-0.32198718190193176
-1.731386423110962
-1.8753198385238647
-10.523849487304688
-0.290090948343277
-0.3219869136810303
-0.39896148443222046
-3.1570897102355957
-2.569328784942627
-2.583759307861328
-1.4326775074005127
-0.2665216624736786
-0.11700856685638428
-0.05406871438026428
-2.134852886199951
-0.6963847875595093
-1.4205597639083862
-3.669520616531372
-3.8237433433532715
-1.007352352142334
-2.644415855407715
-1.6518816947937012
-1.3275357484817505
-0.2988670766353607
-1.6306424140930176
-1.7045040130615234
-5.644593715667725
-0.4905239939689636
-2.9860410690307617
-5.296247482299805
-8.952058792114258
-8.53474235534668
-8.53474235534668
-8.952058792114258
-4.015285015106201
-2.0878076553344727
-5.843742370605469
-0.11700856685638428
-0.07229187339544296
-2.134852886199951
-0.23249292373657227
-0.037541165947914124
-11.607460975646973
-0.1171674057841301
-0.3219869136810303
-0.1171674057841301
-4.265097618103027
-8.935675621032715
-1.164550542831421
-3.4917030334472656
-1.5558995008468628
-1.3989964723587036
-2.957968235015869
-0.7144067287445068
-1.6687963008880615
-22.316225051879883
-0.3180723488330841
-3.6651487350463867
-0.23312801122665405
-0.11700856685638428
-0.07229176163673401
-2.134852886199951
-0.18208742141723633
-8.41867733001709
-0.08286665380001068
-6.690160274505615
-2.9986629486083984
-3.0533447265625
-4.326264381408691
-5.139342784881592
-7.524054527282715
-0.11716719716787338
-4.579405784606934
-1.3390130996704102
-7.524054527282715
-4.980132102966309
-2.9104411602020264
-0.9683642387390137
-7.524054527282715
-0.8919942378997803
-1.67340886592865
-2.2727675437927246
-0.7076069116592407
-0.5306782722473145
-6.265017509460449
-7.624153137207031
-7.823176860809326
-0.11700856685638428
-0.07229176163673401
-2.134852886199951
-2.3263344764709473
-1.8873968124389648
-0.6943830847740173
-3.4079999923706055
-0.11700845509767532
-0.07229176163673401
-2.134852886199951
-8.961718559265137
-0.5002928972244263
-0.11716772615909576
-9.568453788757324
-7.263302326202393
-11.842257499694824
-0.43014705181121826
-0.09227801859378815
-3.463613510131836
-0.6308701038360596
-0.5753352642059326
-0.22768795490264893
-1.9801870584487915
-0.19343774020671844
-0.7274794578552246
-9.461313247680664
-0.4834633469581604
-0.07707928866147995
-0.11716730147600174
-0.967598021030426
-0.32198700308799744
-0.11716719716787338
-0.32198700308799744
-0.04317449405789375
-0.1396106630563736
-0.09212245792150497
-0.10468903183937073
-0.11700867116451263
-0.0722915381193161
-2.134852886199951
-6.687381744384766
-2.3525123596191406
-4.986421585083008
-0.8390089869499207
-1.1658613681793213
-4.566651821136475
-7.665093421936035
-3.132403612136841
-4.510892868041992
-2.2630486488342285
-0.6943830847740173
-3.010042428970337
-1.2970125675201416
-0.4250086843967438
-1.333709716796875
-3.151949644088745
-2.063805103302002
-0.15673673152923584
-1.0090909004211426
-2.6054153442382812
-0.5149294137954712
-2.1377031803131104
-2.9974265098571777
-0.41518422961235046
-2.7988483905792236
-0.6364139318466187
-2.3004415035247803
-1.9507129192352295
-2.403543472290039
-0.7235233187675476
-0.15673641860485077
-0.6364142298698425
-1.9467575550079346
-0.11700867116451263
-0.05406837537884712
-2.134852886199951
-0.7076072692871094
-9.226475715637207
-3.498697519302368
-0.6908016800880432
-1.6056673526763916
-0.32198700308799744
-0.11716719716787338
-2.991708278656006
-0.32198700308799744
-2.4707958698272705
-0.7539787888526917
-6.7717719078063965
-5.299014091491699
-0.11700856685638428
-0.07229187339544296
-2.134852886199951
-0.032491762191057205
-0.6857577562332153
-0.9828868508338928
-9.226653099060059
-7.8636884689331055
-9.777128219604492
-11.607460975646973
-0.3219872713088989
-0.5648194551467896
-0.2569112479686737
-0.35366544127464294
-0.1111636534333229
-0.18208742141723633
-0.11700824648141861
-0.07229164987802505
-2.134852647781372
-1.9786126613616943
-7.756949424743652
-2.489027976989746
-0.11716751754283905
-4.772219181060791
-0.3219869136810303
-1.5135531425476074
-0.9210455417633057
-8.220758438110352
-1.2168198823928833
-4.713315486907959
-2.8925621509552
-1.9512684345245361
-2.2644524574279785
-2.991849660873413
-2.962082862854004
-2.893580436706543
-3.23795747756958
-6.255693435668945
-2.213160991668701
-2.2408032417297363
-3.039299964904785
-8.555930137634277
-3.000896692276001
-0.7076070308685303
-5.366344928741455
-0.03799573704600334
-3.522815704345703
-0.0895768478512764
-4.5464186668396
-0.3219869136810303
-2.890072822570801
-1.674928903579712
-3.789851427078247
-1.4141571521759033
-0.9372481107711792
-9.288996696472168
-1.700177788734436
-0.11716762185096741
-1.259082317352295
-0.3219872713088989
-2.1377034187316895
-2.1377034187316895
-0.3551798164844513
-2.6286139488220215
-0.4977797865867615
-1.8850116729736328
-2.3337039947509766
-4.095856666564941
-1.595708966255188
-1.729038119316101
-0.35517966747283936
-1.8084412813186646
-2.1377029418945312
-1.2199913263320923
-0.15673652291297913
-0.11700845509767532
-0.07229176163673401
-2.134852886199951
-0.18208733201026917
-8.41867733001709
-2.4619555473327637
-2.4279160499572754
-2.1124608516693115
-3.4079995155334473
-7.418841361999512
-2.978686571121216
-0.6943830847740173
-3.927173614501953
-0.11700856685638428
-0.07229176163673401
-2.134852886199951
-7.877607822418213
-7.31711483001709
-5.2016682624816895
-9.246041297912598
-8.254262924194336
-5.315903663635254
-8.952058792114258
-7.599138259887695
-1.5093532800674438
-0.15673652291297913
-3.784738302230835
-0.23312801122665405
-1.8876296281814575
-0.11700867116451263
-0.05406837537884712
-2.134852886199951
-1.6618138551712036
-4.404158592224121
-6.329424858093262
-1.688271164894104
-2.097736358642578
-11.607461929321289
-4.022891044616699
-0.11716709285974503
-0.3219869136810303
-2.247718334197998
-13.177852630615234
-0.2752549648284912
-3.664090156555176
-0.11700867116451263
-0.0722915381193161
-2.134852886199951
-1.3993449211120605
-6.566770553588867
-4.064286708831787
-1.7568773031234741
-0.4189664423465729
-0.11716762185096741
-0.32198718190193176
-0.15673652291297913
-3.439436912536621
-1.645753264427185
-0.7076072692871094
-0.01155623234808445
-7.239683628082275
-4.028348445892334
-1.3474260568618774
-1.6142023801803589
-0.43743547797203064
-0.6791017651557922
-0.13244040310382843
-0.6199357509613037
-0.11700856685638428
-0.07229187339544296
-2.134852886199951
-0.011556585319340229
-2.112766981124878
-1.8308156728744507
-3.5892584323883057
-4.572416305541992
-0.11716751754283905
-4.8550310134887695
-3.390145778656006
-0.2665218412876129
-0.11700824648141861
-0.07229164987802505
-2.3608226776123047
-0.18208742141723633
-5.682406902313232
-4.683709144592285
-4.895148277282715
-2.522219181060791
-0.11716709285974503
-0.11716751754283905
-0.959229588508606
-0.6943830847740173
-0.6265038251876831
-3.692124605178833
-3.6962013244628906
-1.7251471281051636
-0.7076071500778198
-1.6331355571746826
-0.35901474952697754
-0.8853945732116699
-3.813180923461914
-4.04591703414917
-2.0879502296447754
-4.703272819519043
-0.8747216463088989
-0.7805394530296326
-3.451817512512207
-2.853626251220703
-3.00089693069458
-4.2202839851379395
-9.58078670501709
-5.719002723693848
-0.6317132711410522
-0.9130697250366211
-5.268001079559326
-5.89237642288208
-3.2215330600738525
-1.0278394222259521
-6.277693748474121
-6.468389511108398
-0.11700867116451263
-0.07229176163673401
-2.134852886199951
-2.275623321533203
-7.595404624938965
-7.621382236480713
-0.6943832039833069
-3.374474287033081
-12.351542472839355
-8.41867733001709
-0.3219869136810303
-0.2793116569519043
-7.524054527282715
-1.9358395338058472
-6.239310264587402
-0.7076071500778198
-1.3710461854934692
-2.0305933952331543
-8.55978012084961
-0.2239278256893158
-4.48529577255249
-7.4721784591674805
-2.9606423377990723
-0.2239278256893158
-0.2665216624736786
-0.11700845509767532
-0.07229164987802505
-2.134852647781372
-1.3006274700164795
-2.6677911281585693
-3.9462733268737793
-8.41867733001709
-1.8478779792785645
-0.11716709285974503
-2.748452663421631
-0.6943832039833069
-6.364322185516357
-3.023347854614258
-0.11700856685638428
-0.07229187339544296
-2.134852886199951
-1.4117835760116577
-0.03249187767505646
-0.24756035208702087
-0.2681823670864105
-1.4512114524841309
-0.28707027435302734
-0.11716772615909576
-0.32198700308799744
-1.4512113332748413
-0.09774203598499298
-0.08922876417636871
-0.22784069180488586
-0.3380768597126007
-0.7076071500778198
-0.7076069116592407
-10.025991439819336
-1.782575011253357
-3.0187184810638428
-6.885131359100342
-2.4876227378845215
-0.43062251806259155
-2.5231566429138184
-0.3537643849849701
-0.35376420617103577
-0.11716719716787338
-0.152482807636261
-1.4512113332748413
-0.08286686986684799
-0.1660606861114502
-0.17543485760688782
-0.0536881648004055
-0.3535689413547516
-0.24082188308238983
-0.20822541415691376
-1.9395368099212646
-0.11700845509767532
-0.07229176163673401
-2.134852886199951
-1.4501296281814575
-5.916457653045654
-0.6943830847740173
-1.5458430051803589
-1.4005413055419922
-4.124670028686523
-13.17225456237793
-5.532642364501953
-3.5433802604675293
-1.5960636138916016
-0.11716772615909576
-8.41867733001709
-0.11700867116451263
-0.05406837537884712
-2.134852886199951
-10.266866683959961
-8.41867733001709
-2.758673906326294
-2.8902294635772705
-5.761963367462158
-0.3219869136810303
-0.11716751754283905
-3.725102424621582
-0.3219869136810303
-2.1971278190612793
-2.1810810565948486
-0.11700845509767532
-0.07229176163673401
-2.134852886199951
-4.452487468719482
-9.106361389160156
-2.042834758758545
-1.353003978729248
-2.9897279739379883
-0.3219869136810303
-3.301344394683838
-3.494572639465332
-4.991134166717529
-3.1435251235961914
-1.2381606101989746
-0.6566101908683777
-1.202480435371399
-2.9044761657714844
-0.11700867116451263
-0.05406837537884712
-2.134852886199951
-0.6963846683502197
-1.542394757270813
-5.561295032501221
-3.2380733489990234
-0.3508644998073578
-0.9923293590545654
-0.75729900598526
-3.169238567352295
-4.044168472290039
-2.08126163482666
-2.984344482421875
-6.08139181137085
-0.9688116908073425
-2.246267795562744
-3.8013570308685303
-9.436967849731445
-3.6804237365722656
-1.054450511932373
-4.903397083282471
-2.648958206176758
-1.542394757270813
-9.76170825958252
-4.005458354949951
-0.11700856685638428
-0.037304386496543884
-2.134852886199951
-1.4501296281814575
-0.08286686986684799
-2.3508989810943604
-3.0798206329345703
-1.9171134233474731
-2.636016845703125
-1.4079508781433105
-0.7753947973251343
-8.971491813659668
-0.7753947973251343
-3.3062996864318848
-2.794719934463501
-2.9016993045806885
-0.01155623234808445
-0.16045349836349487
-2.969442367553711
-1.9482358694076538
-1.9299559593200684
-0.01155623234808445
-0.11700867116451263
-0.05406837537884712
-2.134852886199951
-0.507392942905426
-2.285161018371582
-1.9782841205596924
-5.344972610473633
-1.322991132736206
-1.6035192012786865
-3.103510856628418
-4.066847801208496
-3.124955415725708
-2.84708309173584
-4.5030012130737305
-2.1518826484680176
-3.7001137733459473
-2.125056743621826
-2.171117067337036
-0.11700856685638428
-0.07229187339544296
-2.134852886199951
-1.3993449211120605
-3.4032180309295654
-0.850408136844635
-2.1377034187316895
-0.850408136844635
-2.1377034187316895
-1.4737212657928467
-1.1388503313064575
-0.1567368358373642
-0.23312781751155853
-0.6397094130516052
-0.7076069116592407
-2.3120217323303223
-5.211245536804199
-11.181845664978027
-3.9480042457580566
-2.4914770126342773
-2.4078519344329834
-3.7166502475738525
-0.6640927791595459
-2.2546210289001465
-0.1650725156068802
-3.7706151008605957
-2.943476676940918
-4.304876804351807
-1.902970790863037
-1.1515309810638428
-8.460927963256836
-4.49157190322876
-5.017061233520508
-1.2448170185089111
-6.06223201751709
-1.3079553842544556
-1.274802565574646
-7.74264669418335
-0.8396658897399902
-0.7677836418151855
-3.002859354019165
-3.734870672225952
-4.476384162902832
-6.4262824058532715
-1.8336594104766846
-2.6413521766662598
-0.3506532311439514
-8.163089752197266
-3.892639398574829
-3.5463180541992188
-0.11700867116451263
-0.0722915381193161
-2.134852886199951
-0.7968027591705322
-0.5010629296302795
-5.47113037109375
-0.04624033346772194
-8.783622741699219
-0.7797912359237671
-0.15755070745944977
-0.610701322555542
-0.11716709285974503
-5.298179626464844
-4.16694974899292
-0.18343082070350647
-2.5860188007354736
-0.883150577545166
-0.28542113304138184
-3.357105016708374
-1.5621683597564697
-0.3726710379123688
-0.5682511329650879
-0.12874184548854828
-4.479835510253906
-0.34035345911979675
-0.6632446646690369
-1.731952428817749
-0.845771312713623
-0.27340900897979736
-0.2083236575126648
-0.09243758022785187
-7.893752098083496
-0.09058443456888199
-2.817845106124878
-0.21104037761688232
-0.3181040287017822
-0.11700856685638428
-0.07229187339544296
-2.134852886199951
-3.155991792678833
-0.7271974682807922
-2.878262996673584
-0.8390088081359863
-2.391050338745117
-2.3732364177703857
-2.434225082397461
-1.2798863649368286
-8.461170196533203
-1.4199881553649902
-2.9662840366363525
-2.854384183883667
-0.3180727958679199
-3.6825480461120605
-1.3140690326690674
-1.9834370613098145
-0.23312781751155853
-4.834513187408447
-0.23312781751155853
-2.8087100982666016
-2.317270278930664
-1.183212399482727
-0.2728719711303711
-1.5693702697753906
-6.183952808380127
-2.3011298179626465
-7.890474319458008
-3.56162691116333
-0.9893673658370972
-1.4733458757400513
-0.044021863490343094
-2.7535438537597656
-5.17380428314209
-2.980778455734253
-5.590538501739502
-0.9157370328903198
-3.9788570404052734
-1.3253854513168335
-1.540454626083374
-6.1193108558654785
-4.759438991546631
-6.298606872558594
-2.5456056594848633
-1.6890642642974854
-0.6684858202934265
-0.2540087103843689
-0.11700867116451263
-0.0722915381193161
-2.134852886199951
-1.327965259552002
-0.14266639947891235
-0.11716751754283905
-0.21415889263153076
-0.32198718190193176
-0.11716762185096741
-2.2956316471099854
-0.5725145936012268
-1.528996467590332
-0.7813498377799988
-0.7283448576927185
-0.8745896220207214
-0.4059928357601166
-0.29848894476890564
-0.6372489929199219
-1.6396397352218628
-3.310788631439209
-2.4410500526428223
-0.32420438528060913
-0.17062127590179443
-9.667146682739258
-2.2957510948181152
-1.8378255367279053
-1.1140594482421875
-0.11700867116451263
-0.05406837537884712
-2.134852886199951
-0.08286686986684799
-6.865232944488525
-7.064248085021973
-7.9413299560546875
-0.5933789610862732
-0.32198700308799744
-0.23312781751155853
-3.384812355041504
-2.910196304321289
-1.344616413116455
-2.641669273376465
-1.3175005912780762
-2.8384833335876465
-3.0917978286743164
-2.463073253631592
-0.11716730147600174
-1.0090909004211426
-0.31807243824005127
-0.11700856685638428
-0.07229176163673401
-2.134852886199951
-1.709325909614563
-0.18208742141723633
-0.11716762185096741
-3.5683107376098633
-1.83905029296875
-0.8390088081359863
-2.648080348968506
-0.11716772615909576
-5.948441505432129
-0.32198718190193176
-3.211793899536133
-1.4218281507492065
-1.6145122051239014
-0.0895768478512764
-11.362364768981934
-0.47549986839294434
-4.5098676681518555
-6.060410022735596
-5.644864559173584
-4.066051959991455
-2.4457907676696777
-9.420191764831543
-11.495100975036621
-2.7156553268432617
-11.959623336791992
-5.9885478019714355
-6.989025115966797
-1.9950222969055176
-7.896710395812988
-2.348989248275757
-5.641422271728516
-0.9556348323822021
-2.7866549491882324
-4.230241775512695
-0.11700824648141861
-0.07229164987802505
-2.134852886199951
-0.8068447113037109
-0.8290403485298157
-0.845949649810791
-4.031780242919922
-2.8957202434539795
-6.763391017913818
-4.421998977661133
-2.243300437927246
-2.9643216133117676
-0.2326890528202057
-1.8349769115447998
-10.12519645690918
-5.096493721008301
-13.46077823638916
-2.5889790058135986
-2.2491965293884277
-0.6963847875595093
-1.767488956451416
-1.345757007598877
-1.5866504907608032
-2.8145461082458496
-1.5291180610656738
-1.1381052732467651
-0.8314798474311829
-2.8695883750915527
-1.4933332204818726
-4.958802700042725
-3.196617603302002
-1.03217351436615
-3.3866875171661377
-2.9299638271331787
-1.3083693981170654
-2.220367908477783
-4.981200218200684
-1.1242531538009644
-2.3376083374023438
-7.084684371948242
-3.09197998046875
-2.037844657897949
-0.545838475227356
-3.470364809036255
-0.11700867116451263
-0.07229176163673401
-2.134852886199951
-0.18208752572536469
-3.6255249977111816
-1.0335417985916138
-0.6943830847740173
-4.375241756439209
-0.11716709285974503
-3.897381544113159
-1.531903862953186
-3.293639659881592
-0.2665218412876129
-1.67340886592865
-0.11700824648141861
-0.07229164987802505
-2.134852647781372
-7.354186534881592
-2.3462319374084473
-2.229233741760254
-0.6116191148757935
-0.10021273046731949
-0.1643250286579132
-1.8932840824127197
-3.3215456008911133
-1.5482019186019897
-0.8504080176353455
-0.15673673152923584
-1.1064751148223877
-1.2904267311096191
-2.7247350215911865
-0.4690217673778534
-6.122422218322754
-2.6136815547943115
-2.636662483215332
-5.185300350189209
-0.18208742141723633
-0.15546543896198273
-3.216303825378418
-1.0076680183410645
-0.22392764687538147
-0.15673662722110748
-2.1377031803131104
-4.983774185180664
-1.2303462028503418
-0.11700867116451263
-0.07229176163673401
-2.134852886199951
-2.1550989151000977
-5.665449142456055
-6.72192907333374
-11.224159240722656
-7.86834716796875
-0.11716762185096741
-2.1609272956848145
-2.7731432914733887
-4.145513534545898
-0.11700824648141861
-0.037304386496543884
-2.134852647781372
-1.9467575550079346
-5.022759914398193
-2.921055316925049
-7.830272674560547
-2.096923351287842
-0.6908016800880432
-3.6204395294189453
-6.1553754806518555
-0.1171674057841301
-5.0348429679870605
-1.820143222808838
-5.3671793937683105
-6.387269020080566
-6.120884895324707
-3.8599209785461426
-1.6151564121246338
-0.3726933002471924
-1.0050363540649414
-3.7538275718688965
-0.11700856685638428
-0.07229176163673401
-2.134852886199951
-0.08286686986684799
-2.2486679553985596
-2.7616424560546875
-3.3194024562835693
-2.8331871032714844
-5.104712963104248
-3.23805570602417
-2.2673492431640625
-3.2944929599761963
-0.7076071500778198
-0.9097274541854858
-1.3633607625961304
-1.097581148147583
-0.3219869136810303
-0.19730573892593384
-0.3219869136810303
-0.29168230295181274
-0.3219869136810303
-0.29168230295181274
-0.23985663056373596
-5.759673595428467
-1.4626175165176392
-5.495636463165283
-3.7019903659820557
-0.011556349694728851
-5.435434341430664
-2.220651865005493
-3.349461078643799
-9.459213256835938
-0.11700867116451263
-0.07229176163673401
-2.134852886199951
-1.7093260288238525
-3.9595208168029785
-1.5737583637237549
-2.5329627990722656
-0.8390089273452759
-1.9836043119430542
-4.6145853996276855
-5.470804691314697
-3.5952844619750977
-7.587744235992432
-0.9284763336181641
-4.02113151550293
-1.3083224296569824
-2.2142114639282227
-3.701104164123535
-10.413905143737793
-0.07229187339544296
-2.134852886199951
-2.8129467964172363
-1.654717206954956
-3.989408493041992
-2.681347370147705
-2.2176320552825928
-0.09596141427755356
-0.15673652291297913
-0.22177304327487946
-0.5517448782920837
-2.247128963470459
-7.655396938323975
-0.15673652291297913
-3.297274112701416
-4.533984184265137
-1.4316587448120117
-0.11716762185096741
-2.6387851238250732
-0.8815343976020813
-1.7098920345306396
-1.9366497993469238
-0.8317410945892334
-2.082592725753784
-0.11700824648141861
-0.07229164987802505
-2.134852647781372
-1.7093257904052734
-3.740785598754883
-2.5864317417144775
-0.22392792999744415
-1.0218720436096191
-0.11716751754283905
-0.3219869136810303
-0.11716751754283905
-0.3219869136810303
-2.6028332710266113
-0.2665215730667114
-0.11700824648141861
-0.07229164987802505
-2.134852886199951
-1.4501296281814575
-2.6565051078796387
-5.754734039306641
-0.8390089273452759
-2.4406862258911133
-0.3219869136810303
-0.11716751754283905
-0.3219869136810303
-2.7622859477996826
-1.33842134475708
-0.4460163116455078
-3.9042768478393555
-5.044728755950928
-0.23312801122665405
-0.7076071500778198
-12.132369995117188
-2.452357053756714
-3.9555087089538574
-2.4103124141693115
-2.7579166889190674
-2.098762273788452
-0.11700867116451263
-0.05406837537884712
-2.134852886199951
-0.307114839553833
-0.18382607400417328
-0.8706629276275635
-0.6374475359916687
-0.2730584144592285
-1.8541820049285889
-0.6214203834533691
-0.5368300676345825
-0.11716730147600174
-2.2307345867156982
-0.5543460249900818
-7.691579818725586
-0.3219869136810303
-0.5543459057807922
-0.5256848335266113
-2.0197131633758545
-0.3913634121417999
-5.549205780029297
-1.4305025339126587
-0.11700856685638428
-0.07229176163673401
-1.9473528861999512
-3.936547040939331
-1.4330202341079712
-6.144561290740967
-10.855229377746582
-1.3762176036834717
-11.812943458557129
-9.7623872756958
-3.2414422035217285
-6.576910495758057
-5.97576904296875
-4.2229323387146
-7.376743793487549
-1.1577246189117432
-0.15673673152923584
-3.7998337745666504
-6.9388427734375
-5.103182315826416
-3.215080976486206
-4.7770161628723145
-4.593115329742432
-1.0985251665115356
-0.011556349694728851
-0.18208742141723633
-2.887909173965454
-0.48571252822875977
-3.529923439025879
-0.27292704582214355
-0.2523300051689148
-0.37361443042755127
-0.11700856685638428
-0.07229187339544296
-1.9473528861999512
-0.08286665380001068
-0.07705379277467728
-0.16797012090682983
-0.11716730147600174
-2.215224266052246
-2.1198644638061523
-0.5064631700515747
-0.5752667188644409
-0.4906313717365265
-1.0173633098602295
-1.2912204265594482
-0.5610184669494629
-0.18208752572536469
-0.4906315803527832
-0.4441709816455841
-0.33883488178253174
-0.46681106090545654
-0.2355356514453888
-0.9139054417610168
-0.47888311743736267
-0.9566709995269775
-0.31506121158599854
-0.3937883675098419
-0.2971241772174835
-0.5610183477401733
-2.8206214904785156
-0.11700856685638428
-0.07229187339544296
-1.9473528861999512
-1.578070044517517
-4.136721611022949
-3.057187080383301
-1.578070044517517
-7.835574626922607
-0.38891974091529846
-0.22181086242198944
-0.6943830847740173
-1.4171795845031738
-3.6841189861297607
-13.00667953491211
-4.705774307250977
-4.86145544052124
-0.3219869136810303
-1.1296149492263794
-1.7838354110717773
-0.4306223690509796
-2.7484569549560547
-6.9025044441223145
-1.187000036239624
-0.2665216624736786
-4.389612197875977
-0.11700856685638428
-0.07229187339544296
-1.9473528861999512
-1.4501296281814575
-0.7076069116592407
-0.6943832039833069
-9.80578899383545
-4.694160461425781
-9.801298141479492
-2.76064395904541
-2.026689291000366
-0.11700856685638428
-0.07229187339544296
-1.9473528861999512
-0.2917833626270294
-0.23209594190120697
-11.45691967010498
-0.8390088081359863
-1.627114176750183
-0.3219869136810303
-5.927085876464844
-9.890372276306152
-0.15673652291297913
-4.625035285949707
-0.11700867116451263
-0.05406837537884712
-1.9473528861999512
-1.530098795890808
-6.471871852874756
-5.012622356414795
-4.42209529876709
-6.405799865722656
-0.9850285053253174
-9.347604751586914
-0.11716719716787338
-0.2665216624736786
-0.32198700308799744
-0.8067773580551147
-6.618156433105469
-1.8377914428710938
-2.957514762878418
-0.18208742141723633
-0.11700856685638428
-0.07229187339544296
-1.9473528861999512
-0.18208742141723633
-0.03306085988879204
-1.3138455152511597
-12.880443572998047
-11.607460975646973
-0.13941003382205963
-0.11716719716787338
-0.32198700308799744
-0.2733711898326874
-0.3028275966644287
-0.8457210659980774
-0.4066062569618225
-7.296725749969482
-0.7076072692871094
-1.3911423683166504
-0.5057063698768616
-5.640402793884277
-0.43062227964401245
-0.3380766808986664
-0.6032334566116333
-0.11700867116451263
-0.0722915381193161
-4.391307830810547
-1.264473795890808
-2.7196030616760254
-5.15025520324707
-6.234180450439453
-1.0146223306655884
-0.11716762185096741
-4.540596961975098
-4.5812907218933105
-1.7313861846923828
-8.933804512023926
-7.886003494262695
-0.11700824648141861
-0.054068487137556076
-4.391307830810547
-0.2948867082595825
-0.08286698162555695
-0.3844771087169647
-11.56668472290039
-0.11518970876932144
-0.3131035566329956
-0.6189142465591431
-0.6766327619552612
-0.12360445410013199
-0.25503429770469666
-0.42107704281806946
-1.4716753959655762
-0.04019496589899063
-0.06829064339399338
-0.17504608631134033
-0.4099549949169159
-0.4141954481601715
-1.016263723373413
-0.0856907069683075
-0.19254176318645477
-0.6522440314292908
-0.11700856685638428
-0.054068487137556076
-4.391307830810547
-0.18208733201026917
-0.15790317952632904
-0.11716762185096741
-0.08286698162555695
-0.26515716314315796
-0.2907801568508148
-0.3219869136810303
-0.3187826871871948
-0.3380766808986664
-0.07685356587171555
-1.0175455808639526
-0.09008245170116425
-12.530012130737305
-4.296989917755127
-2.6644246578216553
-0.22392764687538147
-2.4484212398529053
-8.557535171508789
-0.8390089273452759
-6.226269721984863
-1.337140679359436
-4.506333351135254
-0.12102915346622467
-3.217376232147217
-4.8743367195129395
-1.4917978048324585
-2.033967971801758
-4.814695835113525
-4.008246421813965
-1.6151564121246338
-2.337329149246216
-0.11700824648141861
-0.05406837537884712
-4.391307830810547
-7.7020182609558105
-8.942867279052734
-6.830203056335449
-0.8504080176353455
-6.03125
-11.746087074279785
-0.22392792999744415
-4.758166313171387
-1.353003978729248
-7.535462856292725
-6.061033248901367
-1.1280736923217773
-1.6700971126556396
-0.2239278256893158
-2.394167423248291
-2.1377034187316895
-1.311706304550171
-0.11700867116451263
-0.05406837537884712
-4.391307830810547
-0.011556349694728851
-2.05309796333313
-2.576892137527466
-0.6943830847740173
-0.11716772615909576
-0.3219869136810303
-1.1640962362289429
-5.10362434387207
-6.18209981918335
-4.248035430908203
-0.11716772615909576
-1.1173996925354004
-0.3219872713088989
-3.07405161857605
-0.3180726170539856
-2.968606472015381
-6.093545913696289
-2.093245029449463
-8.372294425964355
-0.6630082726478577
-0.11700824648141861
-0.054068487137556076
-4.391307830810547
-2.103748321533203
-5.022759914398193
-1.1052606105804443
-2.872169017791748
-1.2210988998413086
-0.11830434948205948
-0.10566660761833191
-0.3990967571735382
-1.9925419092178345
-0.11716772615909576
-0.08797038346529007
-0.3219869136810303
-1.01250159740448
-11.842257499694824
-3.4701898097991943
-11.842257499694824
-2.837296962738037
-2.7278549671173096
-1.559013843536377
-0.1324407160282135
-4.992022514343262
-4.867987632751465
-5.722356796264648
-6.733489036560059
-0.7671855688095093
-8.381464004516602
-1.5745340585708618
-0.0440220907330513
-1.6171913146972656
-4.347291946411133
-0.11700824648141861
-0.03730415552854538
-2.134852886199951
-3.601975202560425
-0.6943832039833069
-4.364003658294678
-13.018481254577637
-9.469853401184082
-0.251945436000824
-1.1007970571517944
-1.707004427909851
-3.6396803855895996
-3.533535957336426
-6.284805774688721
-0.3219872713088989
-4.845911502838135
-2.54464054107666
-1.530098795890808
-3.1395459175109863
-4.464103698730469
-0.26652175188064575
-5.883377552032471
-4.105313301086426
-18.165817260742188
-1.177342176437378
-6.5927958488464355
-3.162781238555908
-0.11700845509767532
-0.07229176163673401
-2.134852886199951
-0.15673652291297913
-3.3226804733276367
-0.02423076517879963
-1.2783125638961792
-2.5552303791046143
-0.8390088081359863
-0.7159085869789124
-0.11716709285974503
-5.948441505432129
-0.3219869136810303
-0.7161492705345154
-2.2970733642578125
-5.149190425872803
-2.619507312774658
-1.0878264904022217
-1.67362380027771
-4.173583984375
-7.4142022132873535
-0.48642146587371826
-2.4882025718688965
-0.11700856685638428
-0.03730427101254463
-2.134852886199951
-1.3993449211120605
-3.0586442947387695
-3.805875778198242
-0.8504080176353455
-4.726185321807861
-7.665093421936035
-0.9183354377746582
-1.585547924041748
-6.887515068054199
-3.825989007949829
-2.1377034187316895
-1.6475290060043335
-1.3006820678710938
-7.214334011077881
-0.15673652291297913
-0.11700856685638428
-0.05406871438026428
-2.134852886199951
-0.08286686986684799
-7.672483444213867
-2.5515635013580322
-4.183138847351074
-1.208099126815796
-1.2126810550689697
-2.4315152168273926
-1.4205952882766724
-3.7905945777893066
-4.843490123748779
-2.189793109893799
-4.320139408111572
-3.54573655128479
-3.66768741607666
-3.7256016731262207
-1.7973748445510864
-0.11716751754283905
-4.055974006652832
-1.5685898065567017
-3.1066930294036865
-1.786515235900879
-2.0442686080932617
-1.7388367652893066
-3.2601871490478516
-0.2284824401140213
-6.079545497894287
-0.7134318947792053
-4.772131443023682
-7.661615371704102
-0.011556703597307205
-2.6238491535186768
-1.2645721435546875
-0.11700867116451263
-0.0722915381193161
-2.134852886199951
-4.828518867492676
-0.6378938555717468
-0.5076565742492676
-2.06187105178833
-0.5363469123840332
-11.842257499694824
-1.3599011898040771
-3.4079995155334473
-1.352121353149414
-1.691833257675171
-0.14695397019386292
-0.32832881808280945
-2.0590977668762207
-0.1124490275979042
-0.25978487730026245
-1.168452501296997
-0.3380764126777649
-0.3262076675891876
-0.6416634917259216
-2.275623321533203
-0.11700845509767532
-0.05406860262155533
-2.134852886199951
-5.443210124969482
-4.9848151206970215
-0.6943830847740173
-3.4079995155334473
-2.2130579948425293
-2.667032241821289
-0.2665218412876129
-0.534652590751648
-6.126806735992432
-0.41518446803092957
-0.7933304905891418
-0.11700867116451263
-0.03730415552854538
-2.134852886199951
-0.15673652291297913
-2.866870641708374
-2.2697081565856934
-0.11716751754283905
-0.15673652291297913
-1.2606271505355835
-0.11700856685638428
-0.07229176163673401
-2.134852886199951
-6.349419116973877
-7.672245025634766
-1.07454514503479
-0.3981616497039795
-0.11699795722961426
-0.38776081800460815
-1.1543091535568237
-0.9849953651428223
-0.5225744843482971
-0.2236093133687973
-0.13987614214420319
-1.1319637298583984
-0.22210904955863953
-0.11700824648141861
-0.054068487137556076
-2.134852647781372
-0.08286665380001068
-0.08253137767314911
-0.08286698162555695
-0.7076072692871094
-0.03654509410262108
-6.348764419555664
-1.973635196685791
-6.0324387550354
-0.11716772615909576
-0.3219869136810303
-0.11716772615909576
-0.11700856685638428
-0.03730427101254463
-2.134852886199951
-1.5788164138793945
-2.998162269592285
-3.4079997539520264
-1.6540515422821045
-0.12242469191551208
-0.32198700308799744
-1.621945858001709
-1.3497906923294067
-1.8622685670852661
-2.1069698333740234
-1.637566328048706
-0.15673673152923584
-0.7076071500778198
-8.067638397216797
-0.32198718190193176
-3.205875873565674
-4.426806926727295
-1.4662872552871704
-2.171117067337036
-0.7076071500778198
-2.301872730255127
-6.068778991699219
-5.4886651039123535
-1.7242274284362793
-2.2447845935821533
-1.7313861846923828
-5.609574317932129
-0.8178902268409729
-0.23312772810459137
-0.11700867116451263
-0.0722915381193161
-2.134852886199951
-0.18208742141723633
-2.3525123596191406
-1.038003921508789
-1.676513433456421
-1.8281704187393188
-1.8067550659179688
-1.8872997760772705
-4.101147651672363
-3.177090644836426
-6.538619518280029
-0.11716751754283905
-1.7428513765335083
-1.7173521518707275
-3.692793130874634
-3.246793270111084
-0.2239278256893158
-0.5160353779792786
-0.3219872713088989
-7.72846794128418
-1.368167757987976
-7.941231727600098
-2.6881065368652344
-3.253093719482422
-1.8700370788574219
-7.218598365783691
-0.6014950275421143
-3.8238611221313477
-2.4755237102508545
-1.9795374870300293
-3.408538818359375
-2.2171106338500977
-0.15673652291297913
-1.0466614961624146
-0.11700824648141861
-0.07229164987802505
-2.134852886199951
-1.9467575550079346
-4.543784141540527
-1.6915557384490967
-0.6943830847740173
-3.4079995155334473
-1.3521212339401245
-0.43062251806259155
-4.970763206481934
-6.721726894378662
-3.2641139030456543
-2.783806324005127
-1.1267434358596802
-3.384847402572632
-2.7669765949249268
-0.6943830847740173
-3.430091619491577
-4.905673503875732
-3.7974190711975098
-4.656918525695801
-5.671327590942383
-6.303806304931641
-2.3230769634246826
-5.709540367126465
-0.5746327042579651
-4.182332992553711
-1.6419329643249512
-0.11700867116451263
-0.03730415552854538
-2.134852886199951
-0.08286686986684799
-8.41867733001709
-0.5187918543815613
-0.7215235829353333
-2.143986463546753
-1.01250159740448
-0.11104407161474228
-0.8558013439178467
-1.347151279449463
-0.8802933692932129
-0.23762032389640808
-0.33875808119773865
-0.0750056803226471
-0.5219292640686035
-0.11716751754283905
-0.08950566500425339
-1.0125017166137695
-0.11716719716787338
-11.607460975646973
-1.01250159740448
-0.14231915771961212
-0.5410523414611816
-0.11811104416847229
-0.05768703296780586
-0.9199268817901611
-0.9585703015327454
-0.4232177138328552
-0.697891891002655
-1.385550856590271
-0.3302028775215149
-0.08627123385667801
-0.054864928126335144
-0.5371772646903992
-0.9765907526016235
-0.21237583458423615
-0.401824027299881
-1.507339596748352
-0.011556703597307205
-4.7843217849731445
-0.19455492496490479
-0.6556422710418701
-0.11700867116451263
-0.05406837537884712
-2.134852886199951
-4.675042152404785
-0.4843562841415405
-0.837698221206665
-0.23602335155010223
-0.8493899703025818
-0.601921796798706
-0.0440220907330513
-0.7503799796104431
-0.498886376619339
-0.0440220907330513
-0.18386724591255188
-0.33397626876831055
-0.04402174800634384
-2.14194917678833
-0.026461485773324966
-1.7712328433990479
-3.7296957969665527
-2.033829927444458
-8.180092811584473
-2.0066580772399902
-3.4935250282287598
-5.559759616851807
-7.13474178314209
-4.261693000793457
-5.554591655731201
-7.665093421936035
-0.3219869136810303
-5.948441505432129
-3.78195858001709
-5.0063276290893555
-4.75558614730835
-2.1377034187316895
-0.15673652291297913
-0.11700867116451263
-0.03730415552854538
-2.134852886199951
-0.7076071500778198
-0.09002983570098877
-1.7341735363006592
-0.6445757746696472
-0.7756662368774414
-0.11716772615909576
-0.3219869136810303
-0.044633347541093826
-0.3301728069782257
-0.22456695139408112
-0.13974305987358093
-0.30854809284210205
-0.19490814208984375
-0.5449702143669128
-0.6347312927246094
-0.27218353748321533
-0.48526912927627563
-0.8036314249038696
-0.23472988605499268
-0.20509132742881775
-0.3380766808986664
-0.4486798644065857
-0.44867971539497375
-0.23704329133033752
-0.32419058680534363
-0.5622270107269287
-1.1322879791259766
-3.3603262901306152
-11.122102737426758
-6.64973258972168
-4.864485263824463
-0.7724486589431763
-2.077244281768799
-3.6402952671051025
-0.3219869136810303
-2.2546944618225098
-2.1165499687194824
-1.6151564121246338
-0.15673652291297913
-0.11700856685638428
-0.05406871438026428
-2.134852886199951
-0.18208742141723633
-0.7076069116592407
-2.0947389602661133
-0.12102915346622467
-3.199601411819458
-3.033435344696045
-3.083984851837158
-1.6159508228302002
-10.987895011901855
-0.7492102384567261
-0.1171674057841301
-3.7972168922424316
-0.32198700308799744
-5.354249000549316
-13.45836353302002
-3.4588208198547363
-3.9422454833984375
-2.6086695194244385
-2.9979710578918457
-2.8872013092041016
-8.189663887023926
-2.3150453567504883
-4.600243091583252
-3.1489813327789307
-2.1377034187316895
-3.4514715671539307
-3.1466751098632812
-2.7837703227996826
-7.786297798156738
-0.11700824648141861
-0.03730415552854538
-2.134852886199951
-3.3286921977996826
-1.421836495399475
-2.9435815811157227
-0.22392792999744415
-6.0896735191345215
-8.952058792114258
-1.885660171508789
-6.518371105194092
-0.509037435054779
-1.8981506824493408
-0.12102915346622467
-2.9766740798950195
-6.760453701019287
-2.7593834400177
-4.023674488067627
-2.1377034187316895
-0.846293568611145
-0.15673662722110748
-0.11700856685638428
-0.07229187339544296
-2.134852886199951
-0.6963846683502197
-2.6830196380615234
-1.5202637910842896
-2.501136064529419
-0.11716730147600174
-0.6392673850059509
-0.9178520441055298
-1.330552339553833
-0.3219869136810303
-6.093675136566162
-2.7107553482055664
-5.036191463470459
-0.32198718190193176
-1.826189398765564
-3.707587957382202
-0.15673652291297913
-5.38083028793335
-0.15673673152923584
-0.11700867116451263
-0.05406837537884712
-2.134852886199951
-5.520838737487793
-1.1103888750076294
-0.17751437425613403
-2.144131660461426
-0.8199343681335449
-0.2297159880399704
-2.6424496173858643
-0.11700824648141861
-0.07229164987802505
-2.134852647781372
-2.1707239151000977
-3.395385503768921
-3.3735780715942383
-5.641473293304443
-0.11716709285974503
-0.3219869136810303
-2.794663429260254
-3.5388131141662598
-0.5300807952880859
-4.055754661560059
-7.832113265991211
-1.1284208297729492
-3.5743677616119385
-0.8734567761421204
-3.2975120544433594
-0.9937012195587158
-3.000896692276001
-0.11700856685638428
-0.07229187339544296
-2.134852886199951
-1.310709834098816
-7.090102195739746
-4.728499412536621
-0.9279032945632935
-2.121065139770508
-5.92714786529541
-10.649106979370117
-7.742647171020508
-0.3219869136810303
-3.293848991394043
-4.128058433532715
-1.4199519157409668
-7.742647171020508
-3.6148011684417725
-0.6963850259780884
-3.427374839782715
-8.952059745788574
-1.765117883682251
-8.001358985900879
-0.22392764687538147
-2.3965697288513184
-17.959739685058594
-0.7387449145317078
-0.372567743062973
-2.3264002799987793
-1.1021063327789307
-1.5942182540893555
-2.474090814590454
-1.53690767288208
-2.587977647781372
-2.9369935989379883
-3.1838455200195312
-5.32405948638916
-0.12104690074920654
-0.22392792999744415
-0.12104658037424088
-0.11700824648141861
-0.03730415552854538
-2.134852886199951
-2.1499762535095215
-0.13774555921554565
-0.8992104530334473
-12.724461555480957
-0.4746854901313782
-1.1368908882141113
-0.51246178150177
-7.643807888031006
-2.331651210784912
-2.7783000469207764
-0.3793519139289856
-1.102306842803955
-1.3521212339401245
-0.8369752168655396
-0.11716751754283905
-0.11716719716787338
-0.1171674057841301
-1.7417829036712646
-1.774770736694336
-2.2343244552612305
-3.0698564052581787
-1.320364236831665
-6.151000022888184
-1.3763052225112915
-22.0224609375
-0.3219869136810303
-1.4483414888381958
-0.12104658037424088
-0.12070094048976898
-0.18208742141723633
-0.2106710970401764
-13.278959274291992
-3.055009365081787
-0.11700867116451263
-0.0722915381193161
-2.134852886199951
-0.08286686986684799
-1.7963299751281738
-1.8687176704406738
-8.330293655395508
-4.780211925506592
-3.489346504211426
-1.8017926216125488
-1.229583501815796
-1.1778250932693481
-5.704361438751221
-1.3924410343170166
-2.1967740058898926
-2.4605202674865723
-6.608758449554443
-1.2375355958938599
-2.5025343894958496
-1.5798437595367432
-1.6559258699417114
-4.046066761016846
-0.5087758302688599
-3.7780165672302246
-0.07130252569913864
-0.18208733201026917
-0.11700867116451263
-0.05406837537884712
-2.134852886199951
-8.876108169555664
-1.8736062049865723
-4.770148277282715
-2.308270215988159
-2.0868468284606934
-6.720149040222168
-2.2214515209198
-3.166123390197754
-2.427380323410034
-3.1426193714141846
-0.11258111894130707
-2.728888511657715
-2.0550482273101807
-3.3222193717956543
-0.3180727958679199
-2.154103994369507
-2.1379659175872803
-4.259979724884033
-2.032197952270508
-0.11700856685638428
-0.07229176163673401
-2.134852886199951
-1.8888345956802368
-3.050657272338867
-1.2163585424423218
-2.5359086990356445
-2.268327474594116
-0.4306224584579468
-4.065150260925293
-5.213695526123047
-2.864020824432373
-1.01250159740448
-0.11700856685638428
-0.03730427101254463
-2.134852886199951
-1.310709834098816
-0.08286665380001068
-3.470679998397827
-5.380536079406738
-0.11716709285974503
-5.173408508300781
-2.113753318786621
-0.3219869136810303
-4.020809173583984
-3.7219302654266357
-3.5194849967956543
-2.784891128540039
-0.11700856685638428
-0.03730415552854538
-2.134852886199951
-1.0992693901062012
-7.524054527282715
-5.21768856048584
-0.3060236871242523
-2.3020448684692383
-0.12961262464523315
-0.26575812697410583
-1.09305739402771
-3.142648935317993
-3.4529025554656982
-1.4245425462722778
-5.677037239074707
-1.1597652435302734
-11.592447280883789
-4.074626445770264
-0.18208733201026917
-5.948441982269287
-0.11700824648141861
-0.07229164987802505
-2.134852886199951
-4.190779685974121
-6.281660079956055
-3.658048391342163
-0.8390089869499207
-0.11716730147600174
-5.948441982269287
-0.32198700308799744
-2.544677495956421
-1.8522088527679443
-2.1801836490631104
-7.162384986877441
-4.211043834686279
-3.1418166160583496
-4.867667198181152
-6.495632171630859
-4.383847236633301
-0.36041969060897827
-8.206564903259277
-2.597933292388916
-3.6734800338745117
-0.8018462657928467
-1.637566328048706
-0.2665215730667114
-0.7076069116592407
-3.254441976547241
-19.1108341217041
-4.028524875640869
-2.593738079071045
-0.4478719234466553
-2.1565358638763428
-4.07248592376709
-2.1577236652374268
-0.11700867116451263
-0.07229176163673401
-2.134852886199951
-0.08286665380001068
-0.17473502457141876
-2.8744544982910156
-1.3010900020599365
-0.8784352540969849
-0.12165254354476929
-3.8996124267578125
-1.3521212339401245
-3.3191542625427246
-1.3521214723587036
-2.003227710723877
-0.2665218412876129
-0.21730177104473114
-0.5905221104621887
-0.11700856685638428
-0.07229187339544296
-2.134852886199951
-0.08286686986684799
-8.41867733001709
-7.690215110778809
-2.62736177444458
-0.3219869136810303
-2.2075788974761963
-4.675041675567627
-0.34016504883766174
-0.9109429121017456
-0.29379019141197205
-0.3527812957763672
-0.8493900299072266
-0.6019214391708374
-0.044021863490343094
-0.7503799796104431
-0.498886376619339
-0.04402243345975876
-0.18386733531951904
-0.3339764475822449
-0.04402174800634384
-2.14194917678833
-0.026461485773324966
-5.4366607666015625
-4.736965179443359
-2.4325249195098877
-1.6112008094787598
-2.7780141830444336
-5.314442157745361
-1.6151564121246338
-0.2665215730667114
-1.634230375289917
-5.702206611633301
-0.7740974426269531
-8.262236595153809
-4.937656402587891
-0.22392792999744415
-3.892639636993408
-0.2239278256893158
-6.888859748840332
-3.8926398754119873
-0.41518422961235046
-0.08286698162555695
-0.11700856685638428
-0.07229187339544296
-2.134852886199951
-8.41867733001709
-3.9413390159606934
-1.0591378211975098
-4.153685569763184
-2.2414770126342773
-2.2289605140686035
-4.918618202209473
-0.6943830847740173
-0.11716772615909576
-8.41867733001709
-0.3219869136810303
-8.41867733001709
-0.32198718190193176
-8.41867733001709
-2.6831846237182617
-1.215790867805481
-0.2665215730667114
-0.2665215730667114
-2.7473666667938232
-0.4306226968765259
-4.078736782073975
-5.496547222137451
-0.7426413893699646
-0.18208742141723633
-0.18208742141723633
-2.6228339672088623
-0.11700824648141861
-0.07229164987802505
-2.134852647781372
-0.032491762191057205
-1.5245838165283203
-0.7034403085708618
-0.3863706886768341
-0.21520434319972992
-0.04109508916735649
-11.607460975646973
-0.11716751754283905
-11.607460975646973
-0.3863706886768341
-0.32198700308799744
-11.607460975646973
-0.3347072899341583
-1.5020592212677002
-0.32198700308799744
-0.3981694281101227
-0.11700856685638428
-0.03730415552854538
-2.134852886199951
-0.015071330592036247
-0.7239890098571777
-11.607460975646973
-0.11716719716787338
-0.14753024280071259
-11.607460975646973
-0.3219872713088989
-7.652972221374512
-0.21415908634662628
-0.09839998930692673
-0.5918171405792236
-0.07392857223749161
-0.061116594821214676
-3.914562463760376
-3.914562463760376
-2.4294800758361816
-5.936694145202637
-3.892639636993408
-1.4031821489334106
-2.6677908897399902
-3.2738990783691406
-0.11700867116451263
-0.0722915381193161
-2.134852886199951
-1.8876296281814575
-0.03249164670705795
-0.1953013390302658
-0.35739850997924805
-1.0744311809539795
-0.26112112402915955
-11.607460975646973
-0.1485471874475479
-11.607460975646973
-0.10604118555784225
-0.11716730147600174
-0.09837038815021515
-0.11716772615909576
-0.3219869136810303
-0.32198718190193176
-2.969372510910034
-0.07387597858905792
-0.42388540506362915
-0.12966246902942657
-0.11700824648141861
-0.05406837537884712
-2.134852886199951
-1.9277960062026978
-4.624986171722412
-0.2239278256893158
-1.9406242370605469
-0.11716730147600174
-0.22392764687538147
-4.262333869934082
-0.3219869136810303
-0.4306226968765259
-0.11716730147600174
-0.3219872713088989
-2.6235015392303467
-2.7242887020111084
-0.2331279069185257
-2.455692768096924
-5.649260520935059
-0.5313812494277954
-0.32886171340942383
-2.079367160797119
-2.5891566276550293
-0.18879975378513336
-2.2364511489868164
-10.24740219116211
-4.649433135986328
-2.490166425704956
-0.9872711896896362
-0.011556703597307205
-12.592267036437988
-3.213815689086914
-0.11700867116451263
-0.07229176163673401
-2.134852886199951
-2.1707239151000977
-1.9650465250015259
-2.426971673965454
-0.850408136844635
-9.501851081848145
-0.11716772615909576
-0.3219869136810303
-4.216411113739014
-1.5989612340927124
-5.0517425537109375
-1.0002617835998535
-0.15673641860485077
-0.9168754816055298
-1.67340886592865
-0.11700856685638428
-0.05406860262155533
-2.134852886199951
-2.5400123596191406
-4.54728889465332
-5.292608261108398
-6.313138961791992
-2.978261947631836
-8.952058792114258
-7.172659873962402
-1.8014806509017944
-0.11716751754283905
-5.095580101013184
-1.3094491958618164
-0.11716719716787338
-0.7076069116592407
-0.7578048706054688
-0.3219869136810303
-2.6419777870178223
-0.11700824648141861
-0.07229164987802505
-2.134852886199951
-1.3373825550079346
-3.3147826194763184
-5.526217460632324
-3.422445297241211
-0.6908016800880432
-3.4456682205200195
-2.500422954559326
-1.713579773902893
-0.08957662433385849
-4.182947635650635
-2.5252230167388916
-2.2647314071655273
-3.3921098709106445
-6.602211952209473
-3.2332334518432617
-0.032189950346946716
-2.009566068649292
-0.11716730147600174
-0.3219872713088989
-0.11700845509767532
-0.07229176163673401
-2.134852886199951
-2.1707239151000977
-0.8295643329620361
-0.9895989894866943
-3.6372013092041016
-1.8899717330932617
-11.788167953491211
-6.33797025680542
-5.241448402404785
-3.054628372192383
-1.8432902097702026
-3.043750047683716
-4.195713043212891
-13.89307689666748
-1.2766296863555908
-3.9471848011016846
-5.35803747177124
-2.242412567138672
-0.2797912061214447
-1.4645609855651855
-0.6031975150108337
-2.0335426330566406
-1.6130988597869873
-1.96321439743042
-1.1858047246932983
-2.1494970321655273
-2.4012250900268555
-2.262343406677246
-4.487050533294678
-3.7933287620544434
-1.391815423965454
-0.9716805219650269
-3.17242693901062
-2.275623083114624
-0.11700856685638428
-0.07229176163673401
-2.134852886199951
-14.706873893737793
-1.171478033065796
-1.378448486328125
-0.8504078388214111
-1.7230013608932495
-2.657545804977417
-1.4063643217086792
-1.0111761093139648
-1.6429057121276855
-3.3498311042785645
-2.2579267024993896
-1.6447703838348389
-4.388281345367432
-3.676255226135254
-0.11700867116451263
-0.05406837537884712
-2.134852886199951
-0.08286686986684799
-3.3789191246032715
-0.994586706161499
-0.8390089273452759
-0.1171674057841301
-0.3219869136810303
-0.32198700308799744
-1.5703165531158447
-7.908038139343262
-1.1354789733886719
-0.9599928855895996
-2.0426948070526123
-0.868575394153595
-5.771232604980469
-2.1356563568115234
-0.3219872713088989
-8.41867733001709
-11.14936637878418
-1.8055236339569092
-2.999889850616455
-3.805473804473877
-1.3190661668777466
-2.168853998184204
-3.000896692276001
-4.277168273925781
-0.11700856685638428
-0.07229176163673401
-2.134852886199951
-2.275623321533203
-0.08286665380001068
-6.851744174957275
-2.5900046825408936
-1.6373028755187988
-1.4792416095733643
-0.9279031753540039
-11.607460975646973
-0.2665216624736786
-3.914562463760376
-11.607460975646973
-11.607460975646973
-2.585728406906128
-1.92117178440094
-9.92469310760498
-3.0993363857269287
-3.914562463760376
-0.11716751754283905
-3.8833343982696533
-2.3868308067321777
-0.2665216624736786
-0.6993697285652161
-7.524054527282715
-0.11700856685638428
-0.07229176163673401
-2.134852886199951
-0.18208742141723633
-0.1465788632631302
-0.4933532774448395
-11.607460975646973
-0.24859565496444702
-3.4648194313049316
-0.11716709285974503
-0.11716751754283905
-1.230918049812317
-0.04812811687588692
-0.23716752231121063
-0.11700867116451263
-0.05406837537884712
-2.134852886199951
-0.14417782425880432
-1.0663411617279053
-0.42470118403434753
-0.30425480008125305
-0.12899449467658997
-0.21502678096294403
-0.07823757082223892
-0.23801389336585999
-0.32198700308799744
-0.9306489825248718
-0.3475193381309509
-0.478925883769989
-0.05486143007874489
-0.6101918816566467
-1.5020592212677002
-0.3153075575828552
-0.34930652379989624
-1.2023022174835205
-0.7076072692871094
-1.5202033519744873
-6.054788112640381
-1.3558279275894165
-8.53758430480957
-3.7966835498809814
-0.11700856685638428
-0.03730415552854538
-2.134852886199951
-2.5400123596191406
-1.9230225086212158
-2.0463967323303223
-0.8390088081359863
-3.4079997539520264
-1.7261611223220825
-0.3219869136810303
-2.336408853530884
-0.3033912181854248
-3.9093830585479736
-0.11700824648141861
-0.07229164987802505
-2.134852886199951
-0.6963850259780884
-5.6639180183410645
-8.307669639587402
-22.140243530273438
-3.6569395065307617
-0.8390088081359863
-6.085419654846191
-2.3525123596191406
-1.548079490661621
-0.4771712124347687
-2.5449295043945312
-7.3799872398376465
-1.0427848100662231
-5.615970611572266
-2.104259490966797
-0.3385634422302246
-3.9477779865264893
-3.239780902862549
-3.6846470832824707
-2.8165619373321533
-2.056040048599243
-9.86898422241211
-3.952242374420166
-6.688409328460693
-3.7160825729370117
-0.7425533533096313
-0.9402626752853394
-0.30456218123435974
-0.15673641860485077
-17.279653549194336
-1.6143357753753662
-0.5476064682006836
-0.029319168999791145
-11.842257499694824
-0.11716719716787338
-0.5046093463897705
-0.3219869136810303
-0.11716772615909576
-0.3219869136810303
-0.12385072559118271
-0.1074259802699089
-0.1371249556541443
-0.11137249320745468
-0.03646762669086456
-2.368973970413208
-0.11700856685638428
-0.07229176163673401
-2.134852886199951
-0.08286686986684799
-8.41867733001709
-5.022000312805176
-9.102041244506836
-0.1171674057841301
-3.7551658153533936
-0.32198700308799744
-1.9064955711364746
-1.7544194459915161
-1.4215707778930664
-0.11700867116451263
-0.0722915381193161
-2.134852886199951
-1.7093260288238525
-2.2665438652038574
-2.4872794151306152
-1.6866906881332397
-0.1761648952960968
-1.3220642805099487
-4.489545822143555
-0.09592144936323166
-0.9994559288024902
-0.8320124745368958
-7.665093421936035
-1.9944186210632324
-11.030561447143555
-5.473818302154541
-2.700216054916382
-1.061389446258545
-2.807797908782959
-5.683498859405518
-2.0040273666381836
-3.090440273284912
-5.708516597747803
-3.9026870727539062
-2.489248514175415
-3.82698917388916
-3.312729597091675
-3.3894975185394287
-2.9919965267181396
-0.8069514036178589
-2.1524085998535156
-0.4782326817512512
-2.8817358016967773
-10.261713981628418
-2.6321053504943848
-2.5012075901031494
-1.8278131484985352
-2.1739258766174316
-1.157133936882019
-1.3054025173187256
-1.2782589197158813
-3.3023688793182373
-2.355497121810913
-3.2441020011901855
-1.1303662061691284
-3.227569103240967
-3.2950899600982666
-5.127286434173584
-4.141059875488281
-1.5896718502044678
-2.171117067337036
-3.1760964393615723
-0.11700856685638428
-0.07229187339544296
-2.134852886199951
-3.913998603820801
-1.3492259979248047
-0.8390088081359863
-7.665093421936035
-1.2798863649368286
-4.909206390380859
-8.952058792114258
-8.965922355651855
-0.7660222053527832
-0.3564768433570862
-2.3631930351257324
-5.526096343994141
-1.0139596462249756
-2.122523069381714
-0.32198700308799744
-3.1346709728240967
-2.9686241149902344
-2.0219521522521973
-2.5059266090393066
-3.2929604053497314
-2.085845708847046
-3.251401662826538
-1.9243338108062744
-0.11700867116451263
-0.03730415552854538
-2.134852886199951
-0.28814172744750977
-0.1276613026857376
-0.3326573371887207
-0.2763969302177429
-0.1871824413537979
-0.3533761501312256
-0.4306827485561371
-1.1895906925201416
-11.607461929321289
-0.11716730147600174
-0.06959914416074753
-2.2259504795074463
-0.0895768478512764
-0.3672531545162201
-0.283666729927063
-1.7117127180099487
-0.3086830973625183
-0.20979826152324677
-0.8862562775611877
-0.14621515572071075
-9.112309455871582
-0.28147393465042114
-2.0994346141815186
-0.7846337556838989
-0.34877029061317444
-0.12668022513389587
-0.3994540274143219
-3.2236289978027344
-0.08102106302976608
-0.30425480008125305
-1.5020593404769897
-0.1171674057841301
-0.3219869136810303
-0.5786176919937134
-1.7077383995056152
-0.12640805542469025
-0.11009480804204941
-0.08928611129522324
-0.06578870862722397
-0.2838764190673828
-0.15901866555213928
-0.39707687497138977
-0.29522082209587097
-0.09228475391864777
-0.15638607740402222
-0.10461323708295822
-1.3225634098052979
-0.2678844928741455
-0.29219821095466614
-0.30193743109703064
-0.52079176902771
-0.19821935892105103
-0.11700845509767532
-0.07229176163673401
-2.134852886199951
-2.275623083114624
-4.123545169830322
-6.281253814697266
-0.6943830847740173
-0.11716751754283905
-1.352121353149414
-1.3521214723587036
-5.04641056060791
-0.3219869136810303
-4.674239635467529
-0.43062227964401245
-2.0572195053100586
-0.9371516108512878
-1.352121353149414
-0.9371516704559326
-2.5669448375701904
-1.0883349180221558
-0.20330514013767242
-0.05607490986585617
-0.18768057227134705
-1.7108561992645264
-0.17717672884464264
-0.5678781270980835
-0.33807650208473206
-0.14610329270362854
-0.11700867116451263
-0.0722915381193161
-2.134852886199951
-0.2324928343296051
-0.24375252425670624
-0.3635501265525818
-0.3219872713088989
-0.11522243171930313
-0.8623998165130615
-1.5784295797348022
-1.1290630102157593
-0.11716772615909576
-0.3219869136810303
-0.20371100306510925
-0.44867971539497375
-2.260532855987549
-0.42413467168807983
-1.6431604623794556
-4.891322135925293
-10.098681449890137
-6.30934476852417
-0.9144691228866577
-1.6431602239608765
-8.370916366577148
-2.1678249835968018
-0.6168909072875977
-0.6231951117515564
-5.769655227661133
-1.3667117357254028
-7.799969673156738
-3.1511971950531006
-10.187509536743164
-2.361934185028076
-4.476746082305908
-1.0868223905563354
-2.3392815589904785
-4.913137435913086
-0.11700824648141861
-0.07229164987802505
-2.134852647781372
-0.35568422079086304
-0.2140444666147232
-0.4003947675228119
-0.2456957846879959
-0.18045105040073395
-0.18045105040073395
-0.11716751754283905
-0.11716719716787338
-0.2976686358451843
-0.3219869136810303
-0.10151461511850357
-0.21835198998451233
-1.166778564453125
-0.20955157279968262
-0.2629377245903015
-0.0456547737121582
-1.0372591018676758
-1.0372589826583862
-0.8663284778594971
-1.731386423110962
-0.11700824648141861
-0.07229164987802505
-2.134852886199951
-4.861757278442383
-0.3560468256473541
-0.025852374732494354
-0.23475871980190277
-0.4778178334236145
-0.39636462926864624
-0.6871455311775208
-0.11129431426525116
-0.1984560489654541
-0.10648635029792786
-0.1590183526277542
-1.0372002124786377
-3.8920719623565674
-3.4079997539520264
-1.1815104484558105
-0.32198700308799744
-6.364684104919434
-0.35762205719947815
-1.3118184804916382
-0.298152893781662
-5.543641567230225
-0.2728717029094696
-4.524143218994141
-7.961965560913086
-1.3521215915679932
-1.618453025817871
-0.3219869136810303
-0.9235157370567322
-0.37738555669784546
-0.11700856685638428
-0.05406871438026428
-2.134852886199951
-1.4162482023239136
-3.772372245788574
-3.193100929260254
-0.78781658411026
-11.607460975646973
-0.11716772615909576
-0.32198700308799744
-2.5019288063049316
-5.669953346252441
-1.7822514772415161
-1.7329058647155762
-8.984947204589844
-4.58945369720459
-8.843491554260254
-0.23172621428966522
-1.1146984100341797
-0.11700856685638428
-0.07229187339544296
-2.134852886199951
-0.08286676555871964
-2.7986037731170654
-4.103269100189209
-1.0832712650299072
-0.032189834862947464
-0.32198718190193176
-0.09893959760665894
-0.9221938252449036
-0.09571196138858795
-0.08957673609256744
-0.7350136637687683
-3.676060438156128
-2.9052541255950928
-0.11700856685638428
-0.07229187339544296
-2.134852886199951
-14.625102043151855
-5.083629131317139
-6.414870262145996
-2.9426984786987305
-0.11716709285974503
-4.94992733001709
-1.2010233402252197
-0.3068021833896637
-5.2183122634887695
-0.11700845509767532
-0.05406860262155533
-2.134852886199951
-2.36118483543396
-0.23249301314353943
-1.1526892185211182
-0.08489622920751572
-2.6677908897399902
-13.596369743347168
-0.11716730147600174
-1.0125014781951904
-0.11984095722436905
-0.3219869136810303
-0.20897379517555237
-0.11999808251857758
-0.1171674057841301
-0.3219869136810303
-0.3877607583999634
-0.11700856685638428
-0.07229187339544296
-2.134852886199951
-0.48368263244628906
-2.9587626457214355
-2.4082140922546387
-1.9257073402404785
-0.11716772615909576
-3.01242733001709
-2.2953362464904785
-0.9763575792312622
-0.9952324628829956
-2.5242819786071777
-1.4892011880874634
-2.1978795528411865
-2.171116828918457
-4.082790851593018
-2.661099433898926
-0.11700867116451263
-0.05406837537884712
-2.134852886199951
-0.3123171031475067
-1.1263805627822876
-0.11716709285974503
-0.9956287145614624
-5.0010504722595215
-0.3219872713088989
-1.495755672454834
-4.139878273010254
-2.9424185752868652
-1.7452442646026611
-0.7638269662857056
-3.9993090629577637
-0.11716719716787338
-0.20423828065395355
-1.2875350713729858
-9.628090858459473
-3.8591156005859375
-4.652045726776123
-0.4650576710700989
-1.134238839149475
-0.2665216624736786
-0.24633511900901794
-0.11700867116451263
-0.05406837537884712
-2.134852886199951
-0.011556703597307205
-0.14765889942646027
-0.2746245265007019
-0.04425603151321411
-0.050212353467941284
-11.842257499694824
-0.11716772615909576
-0.3219869136810303
-11.842257499694824
-0.6755226850509644
-0.22631482779979706
-0.17206235229969025
-1.0212225914001465
-0.15514160692691803
-0.11700867116451263
-0.0722915381193161
-2.134852886199951
-2.1844921112060547
-6.314034938812256
-2.541935920715332
-4.2788848876953125
-1.191096305847168
-6.136826038360596
-2.518308639526367
-1.6236443519592285
-4.288203239440918
-1.8726916313171387
-1.2627488374710083
-1.4209023714065552
-0.6278226375579834
-0.11700845509767532
-0.07229176163673401
-2.134852886199951
-0.18208733201026917
-4.912036895751953
-1.1824126243591309
-5.624250411987305
-0.8757174015045166
-0.11716762185096741
-0.32198718190193176
-0.47831204533576965
-0.6208428144454956
-0.3949456214904785
-4.542510509490967
-2.2913084030151367
-0.10789910703897476
-2.7495529651641846
-3.9848766326904297
-1.3885514736175537
-0.33938002586364746
-0.7616740465164185
-2.915407419204712
-5.030097007751465
-0.2665216624736786
-6.777713775634766
-0.32198718190193176
-2.6535534858703613
-2.5329768657684326
-2.6259801387786865
-2.2907333374023438
-1.227475643157959
-6.424734115600586
-2.0070202350616455
-0.06850939989089966
-0.21208494901657104
-4.9618024826049805
-1.2428864240646362
-1.0125017166137695
-0.3219869136810303
-0.3219869136810303
-1.3673628568649292
-0.126228928565979
-0.5363926887512207
-0.21950505673885345
-0.29923197627067566
-0.1640884280204773
-0.13616061210632324
-0.2710288465023041
-0.21994659304618835
-0.2933909595012665
-0.34088650345802307
-0.234676331281662
-0.13951019942760468
-0.13720841705799103
-0.3316907286643982
-0.46225422620773315
-0.19656972587108612
-0.9910585284233093
-0.2569112479686737
-0.11700845509767532
-0.07229176163673401
-2.134852886199951
-0.18208733201026917
-3.041534662246704
-2.0460305213928223
-1.0146225690841675
-0.32198700308799744
-2.616828441619873
-0.5518202781677246
-1.6227481365203857
-10.319459915161133
-1.0798468589782715
-2.5086958408355713
-0.15673662722110748
-1.6375665664672852
-0.06495903432369232
-5.048921585083008
-0.23933447897434235
-0.044021863490343094
-0.1299077868461609
-0.11716751754283905
-0.8635587692260742
-0.7199047803878784
-0.13881660997867584
-0.10585364699363708
-0.14770673215389252
-0.3294777274131775
-0.8457210659980774
-0.11700856685638428
-0.054068487137556076
-2.134852886199951
-0.18217287957668304
-0.21768654882907867
-0.3486884534358978
-0.08286665380001068
-11.842257499694824
-1.0146222114562988
-0.11716709285974503
-0.08286686986684799
-0.6943830847740173
-11.842257499694824
-1.01250159740448
-0.6101919412612915
-0.13294202089309692
-0.32198700308799744
-0.09893970936536789
-0.7867501378059387
-0.10429408401250839
-0.5378531813621521
-0.14127390086650848
-0.044205278158187866
-0.12231963872909546
-0.044205278158187866
-0.09571228921413422
-0.0895768478512764
-0.10708212852478027
-0.3120684027671814
-0.11716772615909576
-0.12850326299667358
-11.842257499694824
-1.4023547172546387
-0.08957706391811371
-0.12906323373317719
-0.21727174520492554
-0.13225682079792023
-0.2997160851955414
-0.032867658883333206
-0.11700856685638428
-0.07229187339544296
-2.134852886199951
-0.11716772615909576
-1.8543180227279663
-0.6943832039833069
-7.453675270080566
-0.11716772615909576
-5.817030906677246
-12.711719512939453
-2.038426637649536
-7.3523850440979
-1.5004593133926392
-1.4512262344360352
-1.4622586965560913
-3.7071375846862793
-1.8533248901367188
-0.11700856685638428
-0.054068487137556076
-2.134852886199951
-1.8876296281814575
-4.634603977203369
-0.6378021240234375
-5.988837718963623
-0.4306226968765259
-0.5830013751983643
-3.351327419281006
-2.4557127952575684
-2.260585308074951
-0.11716719716787338
-4.94992733001709
-0.11716719716787338
-2.915921211242676
-0.3219869136810303
-0.11716751754283905
-2.174564838409424
-0.3219869136810303
-0.11700856685638428
-0.07229187339544296
-2.134852886199951
-0.032491762191057205
-1.1107871532440186
-2.087620496749878
-0.7306938767433167
-0.18208742141723633
-2.438044309616089
-0.6943832039833069
-1.1743210554122925
-11.749552726745605
-7.665093421936035
-0.49547362327575684
-0.3219869136810303
-0.7994019985198975
-0.1171674057841301
-0.3219869136810303
-2.2549777030944824
-3.505748748779297
-0.15673673152923584
-1.1354790925979614
-5.169604778289795
-0.577228844165802
-0.15673662722110748
-0.11700856685638428
-0.07229187339544296
-2.134852886199951
-11.101690292358398
-3.014894962310791
-0.011556585319340229
-0.7076071500778198
-2.892314910888672
-4.0986647605896
-1.1138966083526611
-2.7947323322296143
-1.714972734451294
-2.234113931655884
-4.694247245788574
-2.9302151203155518
-5.3708624839782715
-2.865453004837036
-4.379446983337402
-1.3521214723587036
-2.1862103939056396
-4.769894599914551
-3.4102203845977783
-5.984177589416504
-0.11700824648141861
-0.03730415552854538
-2.134852886199951
-2.521216869354248
-0.08286665380001068
-0.2750840485095978
-19.33567237854004
-2.7149763107299805
-3.4119105339050293
-6.072450637817383
-1.6550335884094238
-6.69635009765625
-0.11716719716787338
-2.557560443878174
-2.4750380516052246
-2.7952170372009277
-0.5587087273597717
-0.7480013966560364
-0.31807252764701843
-1.2296497821807861
-5.183765888214111
-0.3219872713088989
-0.11716730147600174
-1.9021706581115723
-1.027092695236206
-0.1761407107114792
-4.006559371948242
-1.268821120262146
-3.3281326293945312
-1.6050057411193848
-4.25993537902832
-1.0178571939468384
-2.898273468017578
-2.232621192932129
-1.5549278259277344
-3.7496511936187744
-2.210796594619751
-1.1833961009979248
-0.11700867116451263
-0.05406837537884712
-2.134852886199951
-2.1810808181762695
-3.0655477046966553
-5.131340026855469
-2.874297857284546
-5.099976539611816
-7.281539440155029
-6.918668270111084
-2.9425690174102783
-5.315903186798096
-0.3219872713088989
-1.9285573959350586
-2.7161667346954346
-7.504638671875
-0.3219869136810303
-2.6763339042663574
-0.42618146538734436
-0.11700856685638428
-0.07229176163673401
-2.134852886199951
-2.1707239151000977
-2.534520149230957
-0.11716751754283905
-4.94992733001709
-3.1092193126678467
-4.692732334136963
-4.922521114349365
-2.171117067337036
-3.7117252349853516
-7.317429065704346
-4.267585754394531
-6.748930931091309
-0.11700824648141861
-0.037304386496543884
-2.134852647781372
-0.18217267096042633
-1.3264967203140259
-0.1426665037870407
-0.11716772615909576
-0.41699159145355225
-0.3219872713088989
-0.6610158681869507
-0.3219869136810303
-0.25691086053848267
-1.7689119577407837
-0.37392327189445496
-0.7076071500778198
-2.7300853729248047
-2.724045753479004
-3.6981089115142822
-0.1171674057841301
-4.94992733001709
-2.8926162719726562
-3.7071375846862793
-2.511051893234253
-0.9838624596595764
-1.9399584531784058
-3.5825469493865967
-3.721177816390991
-4.038334369659424
-0.7435869574546814
-1.2223563194274902
-1.9773083925247192
-10.195572853088379
-5.411144733428955
-2.239877939224243
-4.748870849609375
-5.60148286819458
-4.257758617401123
-0.11700824648141861
-0.07229164987802505
-2.134852886199951
-0.18208742141723633
-0.1445923149585724
-0.2528728246688843
-11.607460975646973
-0.11716772615909576
-1.5208817720413208
-0.3219869136810303
-9.112309455871582
-7.108703136444092
-1.105196237564087
-0.11700824648141861
-0.054068487137556076
-2.134852647781372
-1.450129508972168
-2.2174079418182373
-0.10554143786430359
-0.8390089273452759
-3.5723252296447754
-0.11716772615909576
-5.353542327880859
-4.622763633728027
-4.5065693855285645
-2.601539373397827
-5.021827697753906
-0.11700845509767532
-0.05406860262155533
-2.134852886199951
-2.6830196380615234
-0.6955193877220154
-0.2239278256893158
-0.11716730147600174
-0.22392764687538147
-0.8467369079589844
-0.27164849638938904
-0.3219869136810303
-0.11716751754283905
-0.3219869136810303
-0.12108830362558365
-0.20761160552501678
-1.6375664472579956
-0.2331279069185257
-0.11700867116451263
-0.05406837537884712
-2.134852886199951
-1.8888347148895264
-0.7076072692871094
-4.022891044616699
-0.977124810218811
-3.4674158096313477
-3.7573189735412598
-6.244001865386963
-2.875432014465332
-1.577428936958313
-5.01292085647583
-0.9985437989234924
-1.3175694942474365
-2.1543116569519043
-1.3521214723587036
-3.5100345611572266
-4.82613468170166
-2.309420585632324
-3.0343689918518066
-2.9140796661376953
-5.362565517425537
-2.6298818588256836
-3.0387725830078125
-0.11700856685638428
-0.07229187339544296
-2.134852886199951
-0.18295598030090332
-0.05667906999588013
-0.08659793436527252
-0.3981694281101227
-1.4938335418701172
-2.048853874206543
-1.8126394748687744
-0.09893970936536789
-1.679257869720459
-0.6192787885665894
-0.1412736028432846
-0.3219869136810303
-0.12390928715467453
-0.09571196138858795
-0.08957673609256744
-0.3305281698703766
-0.6792632341384888
-0.17874090373516083
-0.6963847875595093
-0.34541773796081543
-0.8523003458976746
-3.4952383041381836
-0.4306223690509796
-0.11700824648141861
-0.07229164987802505
-2.134852886199951
-2.1269476413726807
-0.9247400760650635
-2.5554656982421875
-2.5318095684051514
-0.8390088081359863
-7.665093421936035
-8.952059745788574
-2.681020736694336
-4.90877628326416
-1.6375665664672852
-1.8926286697387695
-7.469997882843018
-3.390108346939087
-2.3418190479278564
-2.7700753211975098
-0.3219869136810303
-1.2577067613601685
-0.286712110042572
-3.977426052093506
-0.9717299938201904
-1.6837719678878784
-0.7432448863983154
-0.11700867116451263
-0.05406837537884712
-2.134852886199951
-0.03249187767505646
-7.881627559661865
-1.8843016624450684
-4.224599361419678
-0.11716709285974503
-0.8663281798362732
-2.2947068214416504
-0.2239278256893158
-2.856111526489258
-1.644770622253418
-5.117320537567139
-0.8390088081359863
-0.3180727958679199
-2.0216212272644043
-5.663084030151367
-0.7076070308685303
-4.025414943695068
-0.6720482707023621
-0.11700845509767532
-0.07229176163673401
-2.134852886199951
-2.1707239151000977
-1.4457993507385254
-8.88905143737793
-2.6677908897399902
-0.11716730147600174
-1.1272891759872437
-5.546706676483154
-4.320104598999023
-2.2439112663269043
-3.789466142654419
-2.0973129272460938
-3.434985399246216
-0.3219869136810303
-1.2340798377990723
-3.8584084510803223
-7.792020797729492
-11.748982429504395
-2.171117067337036
-0.11113698780536652
-4.412970542907715
-1.9161349534988403
-3.346309185028076
-2.6798458099365234
-5.314226150512695
-2.3858518600463867
-5.488476753234863
-0.3813660144805908
-4.985267639160156
-2.773890972137451
-0.43062251806259155
-1.01250159740448
-0.03010525181889534
-0.11716719716787338
-0.32198700308799744
-0.011556467972695827
-0.5866732001304626
-0.7284783124923706
-0.1616891622543335
-0.1370576024055481
-0.9671781063079834
-0.030612237751483917
-0.34469467401504517
-1.1174925565719604
-0.11808763444423676
-0.07039942592382431
-0.20305900275707245
-0.43005189299583435
-0.08145047724246979
-0.15709082782268524
-7.291478633880615
-0.025063639506697655
-0.7862456440925598
-0.6001831293106079
-0.18439745903015137
-0.09144099801778793
-0.1334483027458191
-0.1113729178905487
-0.11987373977899551
-0.11700824648141861
-0.037304386496543884
-2.134852647781372
-9.268684387207031
-3.01242733001709
-0.04000050574541092
-1.9877128601074219
-5.062067031860352
-1.989501714706421
-2.6677908897399902
-2.791069746017456
-0.2331279069185257
-1.4280627965927124
-1.3035980463027954
-3.768157482147217
-1.67340886592865
-0.01507156528532505
-0.11700867116451263
-0.05406837537884712
-2.134852886199951
-0.7239887714385986
-11.607460975646973
-0.11700856685638428
-0.07229176163673401
-2.134852886199951
-1.8888345956802368
-6.2815752029418945
-0.6943832039833069
-0.1171674057841301
-0.3219869136810303
-4.3416829109191895
-1.1417838335037231
-3.2229318618774414
-3.6116933822631836
-0.2665216624736786
-0.11700867116451263
-0.07229176163673401
-2.134852886199951
-0.6963850259780884
-3.4600331783294678
-5.7259392738342285
-0.6164165735244751
-0.8390088081359863
-0.15673652291297913
-0.7671852111816406
-7.387125492095947
-2.0981132984161377
-0.15673652291297913
-1.554566740989685
-1.0372004508972168
-0.31807243824005127
-0.7933304905891418
-1.9868639707565308
-1.4647256135940552
-1.8888345956802368
-0.11700824648141861
-0.07229164987802505
-2.134852886199951
-0.7076069116592407
-0.18208742141723633
-2.074394702911377
-0.6943830847740173
-0.11716772615909576
-3.8525962829589844
-0.3219872713088989
-1.6757639646530151
-3.8127973079681396
-4.038257598876953
-0.43062251806259155
-0.7076071500778198
-3.7781310081481934
-2.3072597980499268
-0.6095372438430786
-0.43062251806259155
-3.000896692276001
-4.1349639892578125
-5.377306938171387
-7.082935810089111
-1.547203779220581
-7.838199615478516
-3.1220011711120605
-5.707825183868408
-5.323934078216553
-6.547972202301025
-5.4862542152404785
-3.680309295654297
-2.0834717750549316
-10.01799488067627
-7.890998840332031
-10.907588005065918
-4.690653324127197
-0.7414991855621338
-1.2097368240356445
-0.3219872713088989
-2.4671006202697754
-0.011556703597307205
-5.181537628173828
-10.455611228942871
-1.5971914529800415
-4.917601585388184
-13.391246795654297
-4.030092716217041
-2.6866626739501953
-0.11700856685638428
-0.07229176163673401
-2.134852886199951
-0.3340063989162445
-3.1887149810791016
-4.083524227142334
-9.85220718383789
-3.700007438659668
-7.858371257781982
-6.48105001449585
-5.794830322265625
-6.315515041351318
-0.3219869136810303
-7.496805667877197
-1.217932939529419
-2.3679299354553223
-1.9681177139282227
-0.2665216624736786
-1.15138840675354
-0.2665216624736786
-6.147856712341309
-0.11700867116451263
-0.05406837537884712
-2.134852886199951
-0.18208752572536469
-0.6963846683502197
-6.3548712730407715
-7.558918476104736
-1.7547926902770996
-1.4079511165618896
-0.8216225504875183
-1.731386423110962
-6.304437637329102
-0.11700824648141861
-0.037304386496543884
-2.134852647781372
-2.4451651573181152
-2.404332399368286
-5.33925724029541
-4.624227523803711
-2.555332899093628
-0.9771248698234558
-1.417179822921753
-0.13294222950935364
-0.3219869136810303
-0.09893970936536789
-0.6196588277816772
-0.10429354757070541
-0.6682117581367493
-0.14127390086650848
-0.5509796142578125
-0.12231921404600143
-0.15546543896198273
-0.0957118570804596
-0.6451286673545837
-0.7759044170379639
-0.5645961761474609
-3.2717819213867188
-1.308837890625
-2.3713855743408203
-4.127315521240234
-5.5994873046875
-3.7549870014190674
-2.795156717300415
-2.809623956680298
-3.542407274246216
-1.0092068910598755
-6.013178825378418
-0.2665216624736786
-0.11700856685638428
-0.07229176163673401
-2.134852886199951
-0.18208742141723633
-0.7303958535194397
-1.3651916980743408
-5.192695617675781
-8.228528022766113
-3.2876152992248535
-0.11716719716787338
-6.009366035461426
-0.6614671349525452
-1.301222562789917
-2.8394227027893066
-1.9955641031265259
-3.8170905113220215
-0.6995025873184204
-1.972037672996521
-5.4709014892578125
-6.905937671661377
-9.688016891479492
-7.7650299072265625
-5.238935947418213
-6.527166366577148
-4.465103626251221
-0.11700845509767532
-0.07229176163673401
-2.134852886199951
-0.6963847875595093
-1.3993449211120605
-0.47356218099594116
-1.6771868467330933
-1.728542685508728
-5.77704381942749
-0.11700856685638428
-0.03730427101254463
-2.134852886199951
-2.275623083114624
-6.2176618576049805
-0.6943830847740173
-1.417179822921753
-0.821622371673584
-1.3769137859344482
-2.397568702697754
-1.417179822921753
-0.821622371673584
-0.26652175188064575
-0.11700856685638428
-0.054068487137556076
-2.134852886199951
-1.709325909614563
-9.692428588867188
-0.8390088081359863
-0.22392764687538147
-2.235291004180908
-4.932222366333008
-0.22392792999744415
-5.293027877807617
-5.819473743438721
-8.429715156555176
-1.6200909614562988
-5.0387282371521
-1.6396746635437012
-0.5516008138656616
-0.15673652291297913
-2.359131336212158
-7.913270473480225
-0.8216221332550049
-2.605635166168213
-9.971531867980957
-1.731386423110962
-4.706029415130615
-0.11700856685638428
-0.05406871438026428
-2.134852886199951
-3.5765490531921387
-1.6958576440811157
-6.756772994995117
-0.8390089273452759
-0.1171674057841301
-0.3219869136810303
-1.436845064163208
-1.095935583114624
-3.1828534603118896
-1.6199027299880981
-2.244594097137451
-0.15673641860485077
-0.11700856685638428
-0.07229187339544296
-2.134852886199951
-0.18208742141723633
-3.6675384044647217
-0.3838088810443878
-5.0163421630859375
-1.4512112140655518
-0.16464965045452118
-0.1405027210712433
-0.12036743760108948
-1.4512114524841309
-3.0992305278778076
-2.210714817047119
-3.5119781494140625
-3.901590585708618
-1.6994407176971436
-0.6645873188972473
-0.11716762185096741
-3.6521453857421875
-0.1778012067079544
-0.46562692523002625
-0.23985671997070312
-0.9982667565345764
-0.11700824648141861
-0.07229164987802505
-2.134852647781372
-1.2644739151000977
-6.105918884277344
-1.6583163738250732
-8.012470245361328
-1.0591378211975098
-3.828369140625
-2.1571273803710938
-6.263736248016357
-2.3653435707092285
-5.6427130699157715
-4.813533782958984
-2.5204145908355713
-0.011556820943951607
-0.7411634922027588
-2.002659320831299
-3.6267967224121094
-2.1248228549957275
-5.448716163635254
-2.870164394378662
-1.7267457246780396
-3.086682081222534
-3.3473992347717285
-1.284010887145996
-2.0258636474609375
-8.022372245788574
-0.32198700308799744
-5.840691089630127
-0.8991850018501282
-1.0225307941436768
-2.7952170372009277
-0.5587087273597717
-8.309795379638672
-1.6962251663208008
-3.2550864219665527
-2.856442928314209
-0.11700867116451263
-0.07229176163673401
-2.134852886199951
-1.2644739151000977
-6.733748435974121
-3.848555088043213
-0.8390088081359863
-3.921525239944458
-0.8683132529258728
-4.17840051651001
-8.117465019226074
-2.038330316543579
-12.351542472839355
-8.41867733001709
-0.32198700308799744
-0.20884020626544952
-0.7155146598815918
-0.7615593671798706
-3.535935163497925
-2.209653854370117
-11.454324722290039
-9.909492492675781
-7.033308029174805
-0.2665216624736786
-1.3803846836090088
-1.6773817539215088
-0.15673641860485077
-0.15673673152923584
-3.253784418106079
-1.6821964979171753
-0.11700856685638428
-0.07229187339544296
-2.134852886199951
-0.46396416425704956
-2.9857535362243652
-8.041677474975586
-0.38266637921333313
-4.542015075683594
-4.553413391113281
-14.951348304748535
-1.9043958187103271
-2.768782138824463
-9.804401397705078
-8.019087791442871
-0.23497778177261353
-2.0915067195892334
-4.352032661437988
-10.625360488891602
-2.0923268795013428
-3.2098419666290283
-8.526473999023438
-2.5572266578674316
-4.8174920082092285
-1.7296674251556396
-0.11700867116451263
-0.0722915381193161
-2.134852886199951
-0.08286686986684799
-10.309371948242188
-5.196455955505371
-2.157430410385132
-0.7526264190673828
-0.536829948425293
-0.536829948425293
-0.11716772615909576
-1.1389490365982056
-3.0609982013702393
-1.443054437637329
-0.1324405074119568
-2.1359517574310303
-1.4789800643920898
-0.2239278256893158
-1.1756690740585327
-10.371689796447754
-0.22392764687538147
-1.187792420387268
-1.4527366161346436
-1.106055498123169
-1.999379277229309
-1.9220924377441406
-5.063228130340576
-0.22392792999744415
-3.9103336334228516
-0.8390089273452759
-0.9313307404518127
-2.518308639526367
-0.2239278256893158
-2.3603994846343994
-3.1812899112701416
-2.5113296508789062
-2.4383392333984375
-1.1059563159942627
-5.550083160400391
-1.171669840812683
-2.062901020050049
-0.11700824648141861
-0.07229164987802505
-2.134852886199951
-2.275623321533203
-6.431180953979492
-0.6943830847740173
-1.4171795845031738
-1.7547929286956787
-0.32198718190193176
-3.497720718383789
-0.26073604822158813
-4.49583625793457
-7.235457420349121
-3.308100461959839
-1.8436423540115356
-0.11700856685638428
-0.07229176163673401
-2.134852886199951
-2.975680351257324
-0.11883533746004105
-5.598555088043213
-0.5368300676345825
-2.744952440261841
-0.11716762185096741
-1.2381551265716553
-0.5368302464485168
-3.0212044715881348
-0.15401004254817963
-1.2822265625
-2.5825986862182617
-0.1171674057841301
-1.3146206140518188
-0.3219869136810303
-1.0022399425506592
-0.9982668161392212
-0.5858501195907593
-1.9951610565185547
-1.3176673650741577
-0.8457210659980774
-0.11700856685638428
-0.07229187339544296
-2.134852886199951
-0.18208742141723633
-0.18208742141723633
-4.879247665405273
-3.5811259746551514
-2.78062105178833
-1.36865234375
-0.11716730147600174
-1.164260983467102
-1.1947095394134521
-2.6387901306152344
-1.5999219417572021
-0.5106008648872375
-3.4095449447631836
-0.011556703597307205
-0.18208742141723633
-0.18208733201026917
-2.268644094467163
-4.562685012817383
-3.081834316253662
-11.143267631530762
-4.635223388671875
-10.761029243469238
-1.4157906770706177
-0.7255130410194397
-7.945375442504883
-7.299229145050049
-2.6838629245758057
-6.540300369262695
-1.514223337173462
-0.11700867116451263
-0.0722915381193161
-2.134852886199951
-3.247554063796997
-0.8017573952674866
-0.6943830847740173
-0.11716730147600174
-8.970603942871094
-2.0862483978271484
-0.4306223690509796
-1.67340886592865
-0.11700824648141861
-0.05406837537884712
-2.134852886199951
-5.263763427734375
-10.649358749389648
-7.857456684112549
-1.8658767938613892
-4.2183074951171875
-4.734027862548828
-0.3219869136810303
-0.3219869136810303
-7.728991985321045
-2.17391037940979
-2.283935546875
-0.8870792388916016
-6.35054349899292
-3.809906005859375
-1.323211669921875
-0.23312801122665405
-0.11700856685638428
-0.07229187339544296
-2.134852886199951
-0.33287712931632996
-0.4191941022872925
-2.2814114093780518
-1.8331221342086792
-0.132942333817482
-0.3219869136810303
-0.09893959760665894
-0.7696337699890137
-0.10429354757070541
-0.14345699548721313
-0.7296685576438904
-0.14127400517463684
-0.3204213082790375
-0.12231921404600143
-0.5173602104187012
-0.09571228921413422
-3.4098060131073
-2.034463405609131
-0.16842250525951385
-0.8457208871841431
-0.02578360214829445
-0.3487703800201416
-0.7149050235748291
-0.07218396663665771
-1.9453999996185303
-0.11700867116451263
-0.05406837537884712
-2.134852886199951
-1.264473795890808
-0.18208733201026917
-0.4791415333747864
-0.1423356980085373
-1.4512112140655518
-0.19014807045459747
-0.11716772615909576
-0.3215540945529938
-0.39163848757743835
-0.011556703597307205
-0.011556703597307205
-0.21922630071640015
-1.0620057582855225
-0.37891456484794617
-2.712613344192505
-1.8057702779769897
-0.42569825053215027
-0.03559484705328941
-0.38587725162506104
-0.31806325912475586
-0.32958489656448364
-0.5368300676345825
-0.07177519053220749
-0.2805631756782532
-0.18208742141723633
-0.11700867116451263
-0.0722915381193161
-2.134852886199951
-2.0202465057373047
-4.004762649536133
-0.11716772615909576
-0.3219869136810303
-11.632922172546387
-2.6572136878967285
-1.5000231266021729
-1.5336205959320068
-2.5396008491516113
-8.170600891113281
-1.6731271743774414
-2.947786808013916
-0.7393264174461365
-16.05954360961914
-3.1509525775909424
-0.15546543896198273
-0.7369982600212097
-1.0222671031951904
-3.937265396118164
-0.11700824648141861
-0.07229164987802505
-2.134852886199951
-1.4501296281814575
-4.692380428314209
-1.9473814964294434
-1.1988110542297363
-0.18090757727622986
-2.900033712387085
-2.4369659423828125
-0.13294222950935364
-0.3219869136810303
-0.09893959760665894
-0.3893561363220215
-0.11686878651380539
-6.927587985992432
-6.048364639282227
-0.08957739174365997
-9.798225402832031
-3.265730381011963
-2.9621477127075195
-1.6151561737060547
-2.5176539421081543
-0.08286698162555695
-0.11700856685638428
-0.07229187339544296
-2.134852886199951
-0.08957673609256744
-2.249415874481201
-3.214578151702881
-3.0463778972625732
-12.616748809814453
-3.0463778972625732
-6.078686714172363
-0.08286686986684799
-5.787896633148193
-2.103748321533203
-7.721787452697754
-3.3240513801574707
-0.545833945274353
-1.8664486408233643
-3.351491928100586
-0.8504080176353455
-2.5434207916259766
-3.0605316162109375
-0.954609751701355
-2.2334728240966797
-1.682891607284546
-0.1440972238779068
-0.3499331772327423
-1.932620882987976
-1.2946200370788574
-1.5135531425476074
-0.13294202089309692
-6.219409942626953
-0.09893970936536789
-3.387072801589966
-0.10429376363754272
-5.132184028625488
-0.14127400517463684
-1.7627347707748413
-0.12231963872909546
-2.2737410068511963
-0.09571196138858795
-4.821383476257324
-11.182225227355957
-2.446009635925293
-3.7960469722747803
-2.966965913772583
-1.7539381980895996
-0.5336853861808777
-0.35822436213493347
-0.11700824648141861
-0.07229164987802505
-2.134852647781372
-0.18208742141723633
-0.30511024594306946
-1.4512114524841309
-0.11716719716787338
-0.5530396699905396
-0.3219872713088989
-1.4512114524841309
-0.704353392124176
-0.32198700308799744
-0.0895768478512764
-0.11716730147600174
-0.4441513419151306
-0.11716772615909576
-1.4512114524841309
-0.3380768597126007
-0.08282452076673508
-0.5474601984024048
-1.3944945335388184
-0.25934210419654846
-0.11700856685638428
-0.05406871438026428
-2.134852886199951
-0.5055516362190247
-0.5446240901947021
-0.029443608596920967
-0.11708926409482956
-0.06578357517719269
-0.11854017525911331
-0.11716709285974503
-0.11716751754283905
-0.3219869136810303
-0.16090655326843262
-0.045197743922472
-2.9408583641052246
-1.4512113332748413
-0.21463952958583832
-0.2563549280166626
-0.36905112862586975
-2.206838846206665
-1.1495083570480347
-0.6720482110977173
-0.11700856685638428
-0.07229176163673401
-2.134852886199951
-3.3835084438323975
-1.8037511110305786
-2.6677908897399902
-0.1171674057841301
-1.8555660247802734
-1.6547733545303345
-2.760776996612549
-0.42274415493011475
-0.6531081199645996
-4.587141036987305
-1.01250159740448
-0.11700856685638428
-0.07229176163673401
-2.134852886199951
-2.4451653957366943
-1.3323744535446167
-0.6943830847740173
-1.8232461214065552
-5.841502666473389
-1.1605342626571655
-0.735425591468811
-4.188425064086914
-3.191382884979248
-0.24105310440063477
-0.6787644028663635
-10.203300476074219
-0.13953353464603424
-0.11716709285974503
-0.11716751754283905
-0.11716719716787338
-0.11326833814382553
-0.11716719716787338
-1.5020594596862793
-0.23312772810459137
-7.504847049713135
-1.9860210418701172
-4.902843475341797
-5.800174713134766
-0.32198700308799744
-0.5719600915908813
-3.4456727504730225
-0.3421522080898285
-0.11700867116451263
-0.0722915381193161
-2.134852886199951
-0.5919116735458374
-6.289990425109863
-1.1236023902893066
-0.08877148479223251
-0.07538152486085892
-0.992438554763794
-0.11716762185096741
-6.2317094802856445
-1.7395188808441162
-0.08877137303352356
-0.07538163661956787
-2.5072240829467773
-0.11716762185096741
-1.1157102584838867
-2.323239803314209
-1.7395191192626953
-0.08877148479223251
-0.08326873183250427
-2.323239803314209
-1.7395191192626953
-0.08877148479223251
-0.07538152486085892
-4.045546054840088
-5.962204933166504
-5.754359722137451
-0.7726414203643799
-0.11716730147600174
-0.11700824648141861
-0.07229164987802505
-2.134852647781372
-1.7093257904052734
-1.9177918434143066
-0.38064199686050415
-0.7691200971603394
-5.743474960327148
-0.6908017992973328
-2.001920700073242
-3.449345111846924
-0.11716762185096741
-0.035011883825063705
-2.839691400527954
-6.012597560882568
-0.9781126976013184
-0.3219869136810303
-2.3427610397338867
-4.744951248168945
-6.640677452087402
-2.350052833557129
-5.017086029052734
-4.406614303588867
-4.232161045074463
-3.87286114692688
-4.066971778869629
-13.409867286682129
-1.731386423110962
-0.2665215730667114
-6.9412617683410645
-2.031440019607544
-3.624958038330078
-0.2665216624736786
-2.8083653450012207
-0.2665215730667114
-4.163714408874512
-0.2665216624736786
-0.11700867116451263
-0.07229176163673401
-2.134852886199951
-2.9506585597991943
-1.4501296281814575
-4.130346775054932
-5.8318610191345215
-13.275602340698242
-3.126302719116211
-0.6943832039833069
-0.3743615746498108
-0.3500171899795532
-0.32198718190193176
-2.177713632583618
-1.14554762840271
-0.18153947591781616
-1.2732529640197754
-1.6825766563415527
-0.532403826713562
-1.4969072341918945
-0.9856739044189453
-3.9757421016693115
-4.348434925079346
-5.920109748840332
-0.11716772615909576
-2.1041152477264404
-0.3219869136810303
-0.2665216624736786
-11.850774765014648
-3.049438238143921
-0.11700824648141861
-0.07229164987802505
-2.134852886199951
-0.08286698162555695
-1.0092034339904785
-0.2177291214466095
-0.2772684693336487
-0.14584112167358398
-0.11716709285974503
-1.4512114524841309
-0.40049007534980774
-0.9480043649673462
-0.190217062830925
-8.395058631896973
-0.16240496933460236
-0.28728121519088745
-0.8798903226852417
-0.3030872642993927
-0.23616795241832733
-0.6841628551483154
-0.060224223881959915
-0.9620201587677002
-0.4273048937320709
-0.343580961227417
-0.11700856685638428
-0.07229187339544296
-2.134852886199951
-0.03249164670705795
-5.507956027984619
-3.9377589225769043
-4.164340972900391
-0.11716772615909576
-4.646927833557129
-1.459763526916504
-0.31807270646095276
-0.32198718190193176
-7.230406284332275
-3.563523054122925
-2.730760335922241
-1.5135530233383179
-0.5126568078994751
-0.06086615100502968
-0.14127381145954132
-0.06137213483452797
-1.0290435552597046
-0.0895768478512764
-1.0306711196899414
-0.11716719716787338
-0.011556703597307205
-1.4020140171051025
-1.827432632446289
-8.283112525939941
-0.0635744109749794
-1.3017082214355469
-8.283111572265625
-0.5269331932067871
-0.510113537311554
-8.283111572265625
-2.7654733657836914
-8.283112525939941
-0.15673641860485077
-0.24563293159008026
-0.11700824648141861
-0.07229164987802505
-2.134852647781372
-0.08286665380001068
-0.4275171458721161
-0.5563563108444214
-4.022891521453857
-0.08564704656600952
-1.4512113332748413
-0.04638613015413284
-0.32198700308799744
-1.4512112140655518
-0.30006885528564453
-0.1730438470840454
-1.4512113332748413
-0.18087096512317657
-1.4512112140655518
-0.49733591079711914
-0.17919163405895233
-0.2951290011405945
-0.029883943498134613
-0.3710199296474457
-0.11700867116451263
-0.0722915381193161
-2.134852886199951
-0.12875671684741974
-0.3071145713329315
-0.40666863322257996
-0.1251424103975296
-0.07441537082195282
-0.9013969898223877
-5.392399787902832
-0.3610982596874237
-0.11716772615909576
-1.6151561737060547
-0.179864764213562
-0.011556703597307205
-0.32198700308799744
-0.6943830847740173
-0.048483192920684814
-2.671110153198242
-7.796291351318359
-4.788837909698486
-0.11700867116451263
-0.07229176163673401
-2.134852886199951
-1.7093260288238525
-0.5400868654251099
-0.866801381111145
-0.32857123017311096
-3.4079999923706055
-2.2119734287261963
-4.92071533203125
-1.3378615379333496
-1.2617565393447876
-1.3521214723587036
-3.4079995155334473
-1.3521212339401245
-0.7640796899795532
-0.26652175188064575
-0.11700856685638428
-0.07229187339544296
-2.134852886199951
-0.18208742141723633
-5.042394161224365
-3.6994857788085938
-0.8390089273452759
-1.3618929386138916
-0.3219869136810303
-4.5098676681518555
-7.924413204193115
-1.5574562549591064
-4.5223774909973145
-0.8698269128799438
-2.886185646057129
-0.4719892740249634
-2.4497194290161133
-0.04402243345975876
-1.0750072002410889
-1.0750070810317993
-3.3845138549804688
-6.341751575469971
-3.3098456859588623
-3.3169853687286377
-4.725744247436523
-0.3217911422252655
-2.434516191482544
-3.5688819885253906
-2.103748321533203
-6.057005882263184
-3.757490396499634
-0.3219869136810303
-8.41867733001709
-2.3417727947235107
-0.18972750008106232
-7.61011266708374
-4.734219551086426
-9.322528839111328
-0.8255007266998291
-0.7882833480834961
-3.0839648246765137
-6.693739891052246
-0.2991960942745209
-1.213846206665039
-1.209386944770813
-0.032189834862947464
-2.3051514625549316
-2.8135082721710205
-2.946214199066162
-0.0440220907330513
-6.618460178375244
-4.7128095626831055
-1.2292709350585938
-0.49522513151168823
-1.5031249523162842
-1.0217925310134888
-0.404780775308609
-0.47207051515579224
-0.3575127422809601
-7.477728843688965
-0.008353058248758316
-0.00798013061285019
-1.2968337535858154
-0.11700845509767532
-0.05406860262155533
-2.134852886199951
-0.28815943002700806
-2.757197856903076
-0.11716719716787338
-0.32198700308799744
-0.07689407467842102
-0.11700867116451263
-0.07229176163673401
-2.134852886199951
-3.659785032272339
-1.6819305419921875
-0.5052008628845215
-0.07751977443695068
-0.11716772615909576
-0.02931893803179264
-0.3219872713088989
-0.058801665902137756
-0.36861974000930786
-0.42828670144081116
-0.11716772615909576
-0.04116407781839371
-6.831906318664551
-0.20627626776695251
-0.11276750266551971
-0.09216583520174026
-0.1821264773607254
-0.5378642082214355
-0.10656629502773285
-6.473081111907959
-1.0137979984283447
-1.5020594596862793
-0.11700856685638428
-0.037304386496543884
-2.134852886199951
-7.42790412902832
-2.5854876041412354
-0.2033231407403946
-0.977124810218811
-0.11716709285974503
-2.5804646015167236
-0.13294212520122528
-0.32198718190193176
-2.252729654312134
-0.10429376363754272
-2.931147336959839
-0.14127381145954132
-1.8227870464324951
-0.12231974303722382
-0.15546534955501556
-0.0957118570804596
-7.923369884490967
-2.697638988494873
-0.11700824648141861
-0.03730415552854538
-2.134852886199951
-0.993911862373352
-6.728915214538574
-7.175415992736816
-1.9764668941497803
-0.11716762185096741
-0.32198718190193176
-4.46196985244751
-2.553313732147217
-6.6679911613464355
-2.991305351257324
-0.7076070308685303
-2.4964494705200195
-9.596210479736328
-4.466622352600098
-2.192045211791992
-2.8109841346740723
-3.571870803833008
-3.609828472137451
-3.0454866886138916
-1.6151564121246338
-3.892639636993408
-7.682671070098877
-0.11700867116451263
-0.03730415552854538
-2.134852886199951
-0.18208742141723633
-2.0211055278778076
-3.076140880584717
-2.2998244762420654
-2.60158109664917
-1.7627278566360474
-1.551698088645935
-13.366613388061523
-7.349823951721191
-0.9143338203430176
-6.246984958648682
-4.631535053253174
-7.725106239318848
-3.643768310546875
-1.641223669052124
-3.2189230918884277
-0.11716772615909576
-1.9649144411087036
-1.4179571866989136
-5.687234401702881
-0.32198700308799744
-0.11716719716787338
-1.7778289318084717
-7.461605072021484
-5.0539984703063965
-2.548186779022217
-1.9974675178527832
-1.8204536437988281
-1.1676294803619385
-4.241981029510498
-1.7827410697937012
-3.3249073028564453
-0.15673662722110748
-3.191679000854492
-0.13072223961353302
-2.6486339569091797
-0.2509693503379822
-3.7139275074005127
-2.1372780799865723
-0.6943832039833069
-2.339402675628662
-3.4079995155334473
-5.497644424438477
-0.15673652291297913
-0.32198700308799744
-2.171117067337036
-9.818330764770508
-3.111546277999878
-2.329463243484497
-0.9129841327667236
-0.2375943809747696
-1.181677222251892
-2.8828721046447754
-8.0835542678833
-1.4295060634613037
-2.9175925254821777
-2.2288143634796143
-3.343886613845825
-6.101016521453857
-2.829716205596924
-5.196633338928223
-9.020208358764648
-8.971405029296875
-2.48759126663208
-1.9588572978973389
-7.000226020812988
-0.11700824648141861
-0.07229164987802505
-2.134852647781372
-2.3234548568725586
-5.142027854919434
-3.6518232822418213
-0.9965720176696777
-5.117321014404297
-0.6943830847740173
-3.931636333465576
-0.11716772615909576
-0.32198700308799744
-6.645808219909668
-3.7872300148010254
-0.1547793596982956
-4.320228576660156
-2.773554563522339
-4.433916091918945
-7.391214370727539
-6.285216808319092
-1.9618525505065918
-0.3180727958679199
-4.3575639724731445
-4.617520809173584
-3.529451847076416
-1.0977287292480469
-4.240457057952881
-2.570796489715576
-9.915459632873535
-0.7076071500778198
-0.11700867116451263
-0.07229176163673401
-2.134852886199951
-2.6830196380615234
-3.601922035217285
-3.9731154441833496
-6.790055274963379
-2.640165328979492
-0.977124810218811
-0.11716751754283905
-0.9771249294281006
-1.3122512102127075
-2.4007740020751953
-2.855830192565918
-0.11700824648141861
-0.07229164987802505
-2.134852886199951
-0.18208742141723633
-0.6592674255371094
-0.5170502662658691
-1.4512113332748413
-0.11716772615909576
-0.32198700308799744
-0.13294212520122528
-0.32198718190193176
-0.09893959760665894
-0.7608159184455872
-0.673640787601471
-1.5533608198165894
-1.262825846672058
-1.4512114524841309
-0.11700856685638428
-0.05406871438026428
-2.134852886199951
-0.0592164546251297
-0.43929848074913025
-0.1320086270570755
-0.7614566087722778
-0.1611543744802475
-0.19353313744068146
-0.05279625579714775
-0.5493747591972351
-1.7696654796600342
-0.36933577060699463
-0.15053175389766693
-0.4244309663772583
-0.35954549908638
-0.32198700308799744
-0.14854586124420166
-0.24903586506843567
-0.09795704483985901
-0.35269322991371155
-0.2138737291097641
-0.10090450942516327
-0.3219872713088989
-0.3380768597126007
-0.7094230651855469
-2.1632165908813477
-0.15084059536457062
-0.3316477835178375
-0.36408179998397827
-0.43035101890563965
-0.2614022195339203
-0.21427291631698608
-0.33807650208473206
-0.11700867116451263
-0.037304386496543884
-2.134852886199951
-1.8888347148895264
-1.4930263757705688
-1.3254263401031494
-9.701007843017578
-0.8504080176353455
-1.9403353929519653
-12.231304168701172
-8.41867733001709
-1.6480799913406372
-3.4079997539520264
-0.3219869136810303
-1.0294924974441528
-6.690968990325928
-0.6868300437927246
-2.1729345321655273
-0.18208742141723633
-0.11700845509767532
-0.07229176163673401
-2.134852886199951
-0.6706448793411255
-1.7444080114364624
-1.587482213973999
-0.6943830847740173
-2.6891090869903564
-0.48412126302719116
-0.32198700308799744
-0.08286665380001068
-0.6943832039833069
-1.5710831880569458
-0.32198700308799744
-0.4393773674964905
-1.2111409902572632
-3.0293221473693848
-0.11716751754283905
-3.81201434135437
-0.7370516657829285
-0.8233354091644287
-1.6490907669067383
-0.3659082055091858
-3.4293291568756104
-6.126806259155273
-1.1465435028076172
-0.11700867116451263
-0.07229176163673401
-2.134852886199951
-2.5400123596191406
-0.08286698162555695
-2.225738048553467
-0.4943765699863434
-0.14548259973526
-0.23935511708259583
-1.4143073558807373
-0.14548249542713165
-0.2393549382686615
-0.6772425174713135
-0.15673673152923584
-1.3618929386138916
-3.726703643798828
-0.9400746822357178
-3.7208707332611084
-8.838586807250977
-12.169628143310547
-14.728496551513672
-0.9430335760116577
-0.48346325755119324
-3.157878875732422
-1.2411328554153442
-4.744100570678711
-0.1329425424337387
-0.10457736998796463
-0.04643483832478523
-6.376981258392334
-0.6668523550033569
-0.31099817156791687
-6.043349266052246
-2.8947818279266357
-0.15673652291297913
-0.11700856685638428
-0.07229176163673401
-2.134852886199951
-0.228535458445549
-2.701918363571167
-3.6415255069732666
-4.109118461608887
-4.51489782333374
-3.075934410095215
-2.4004311561584473
-0.7259902358055115
-0.44559985399246216
-3.587592124938965
-0.32198700308799744
-6.070054054260254
-8.513187408447266
-5.283453464508057
-1.6550335884094238
-6.508410930633545
-0.11716709285974503
-4.259689807891846
-4.604896545410156
-3.0307347774505615
-3.265209674835205
-2.1377034187316895
-4.917802333831787
-0.9807031154632568
-3.5433290004730225
-1.8279589414596558
-2.644955635070801
-7.142560958862305
-0.8723418116569519
-3.5642471313476562
-0.7978386878967285
-1.5210914611816406
-0.5504604578018188
-1.623523235321045
-2.221182107925415
-0.6908016800880432
-2.1257448196411133
-4.661687850952148
-6.834747791290283
-1.843165636062622
-2.9594836235046387
-5.432596683502197
-1.8297791481018066
-0.8468017578125
-1.6671206951141357
-0.6174365282058716
-1.5805286169052124
-2.8169538974761963
-3.1766562461853027
-1.2325776815414429
-2.2312586307525635
-0.16888123750686646
-0.11700824648141861
-0.07229164987802505
-2.134852647781372
-1.1037312746047974
-0.06513787060976028
-0.11716730147600174
-0.0954476073384285
-0.6746653914451599
-0.29714640974998474
-0.014553934335708618
-0.09783003479242325
-0.1966974288225174
-0.3145928382873535
-0.4128393232822418
-0.1517304629087448
-0.15933901071548462
-0.04249437153339386
-0.11700856685638428
-0.05406871438026428
-2.134852886199951
-0.10893085598945618
-0.31597110629081726
-0.1602638065814972
-0.11716751754283905
-0.6445968747138977
-0.031370848417282104
-0.3066823482513428
-0.21581438183784485
-0.9425237774848938
-0.49526774883270264
-0.2504885196685791
-0.1329425424337387
-0.3219869136810303
-0.09893970936536789
-1.0065622329711914
-0.10429354757070541
-1.3184826374053955
-0.1412736028432846
-0.3219869136810303
-0.33203622698783875
-0.47234663367271423
-0.11716751754283905
-1.01250159740448
-0.7076069116592407
-2.346707820892334
-1.0694528818130493
-1.5585486888885498
-0.11700856685638428
-0.037304386496543884
-2.134852886199951
-0.3071146607398987
-0.14703619480133057
-0.5500682592391968
-2.0415709018707275
-2.6820240020751953
-0.17168670892715454
-1.4512114524841309
-0.11716751754283905
-0.88712078332901
-1.0125017166137695
-0.14737902581691742
-1.01250159740448
-0.09124384075403214
-0.15168088674545288
-1.2303407192230225
-1.1046277284622192
-0.15027104318141937
-0.11700845509767532
-0.03730450198054314
-2.134852886199951
-1.9385911226272583
-4.393593788146973
-3.66054630279541
-1.0132595300674438
-0.9127336740493774
-0.15673652291297913
-0.11716730147600174
-5.948441982269287
-1.2984352111816406
-1.5280284881591797
-1.3235036134719849
-4.852478981018066
-2.586507797241211
-2.1189870834350586
-5.689856052398682
-5.152371883392334
-1.569144606590271
-9.576419830322266
-3.0523643493652344
-1.23981511592865
-0.7076070308685303
-6.488494873046875
-2.022753953933716
-4.604326248168945
-1.9273920059204102
-11.585198402404785
-0.9785379767417908
-0.6720480918884277
-4.265097141265869
-0.20326612889766693
-5.333540439605713
-5.333540439605713
-3.581319808959961
-0.7908143401145935
-0.05105343833565712
-0.49883556365966797
-0.4975467920303345
-0.026585351675748825
-0.4605763852596283
-0.04949445277452469
-0.08295333385467529
-0.12898926436901093
-0.009178349748253822
-4.715671539306641
-1.224562644958496
-1.551008701324463
-3.644620418548584
-0.4021953344345093
-0.468591570854187
-0.6537840366363525
-0.7169904708862305
-0.48247501254081726
-0.049954965710639954
-0.11700856685638428
-0.07229176163673401
-2.134852886199951
-2.8421566486358643
-3.224771022796631
-2.6677908897399902
-12.351542472839355
-8.41867733001709
-0.3219872713088989
-2.990617275238037
-3.116762638092041
-3.746408462524414
-2.3922715187072754
-5.616699695587158
-2.9106388092041016
-3.409991979598999
-2.9566922187805176
-4.598385810852051
-1.8076320886611938
-1.4502315521240234
-0.11716772615909576
-0.3219869136810303
-2.1038575172424316
-0.11700867116451263
-0.07229176163673401
-2.134852886199951
-0.08286665380001068
-0.43081825971603394
-1.4512114524841309
-0.11716709285974503
-0.3219869136810303
-0.14241893589496613
-0.11700856685638428
-0.037304386496543884
-2.134852886199951
-3.2879064083099365
-2.732865810394287
-0.7534147500991821
-0.6943830847740173
-0.3659687340259552
-3.4079999923706055
-4.535622596740723
-9.899149894714355
-0.32198700308799744
-0.6191297769546509
-1.8470882177352905
-2.4733214378356934
-1.9077095985412598
-1.9541409015655518
-2.818690776824951
-0.11700824648141861
-0.03730415552854538
-2.134852886199951
-0.08286698162555695
-0.37959977984428406
-0.5544142127037048
-0.1426665037870407
-0.11716730147600174
-1.4512113332748413
-0.3219872713088989
-0.11716730147600174
-0.8667308688163757
-0.32198700308799744
-0.2569112479686737
-0.4717741906642914
-0.11700856685638428
-0.07229187339544296
-2.134852886199951
-3.244081974029541
-2.8570499420166016
-1.8648966550827026
-0.948842465877533
-0.850408136844635
-0.11716730147600174
-0.8937767744064331
-2.0937283039093018
-1.6127278804779053
-4.286282539367676
-2.7083144187927246
-4.002257347106934
-1.9788774251937866
-0.3219869136810303
-0.22392764687538147
-0.11716772615909576
-0.32198700308799744
-0.28500741720199585
-4.469547748565674
-6.1233673095703125
-1.6375665664672852
-3.833662986755371
-0.3219869136810303
-6.281445503234863
-3.8343746662139893
-0.22392764687538147
-1.6040421724319458
-3.93324613571167
-3.892639636993408
-14.651216506958008
-0.11700856685638428
-0.07229187339544296
-2.134852886199951
-1.4970046281814575
-2.105860471725464
-0.3186926543712616
-1.4512113332748413
-0.11716772615909576
-0.3219869136810303
-0.01155623234808445
-0.08957739174365997
-0.7146506905555725
-1.4512114524841309
-0.3219869136810303
-1.01250159740448
-0.3688742220401764
-6.929010391235352
-0.3219869136810303
-0.9577197432518005
-5.03764009475708
-1.4719512462615967
-5.019293785095215
-1.0796167850494385
-3.00089693069458
-0.9823520183563232
-0.11700856685638428
-0.07229176163673401
-2.134852886199951
-0.7076071500778198
-2.9506583213806152
-3.423232078552246
-1.4171797037124634
-1.417179822921753
-2.1463892459869385
-0.8647581934928894
-0.8216222524642944
-1.3387960195541382
-0.2728719711303711
-6.03500509262085
-2.913485050201416
-1.8774632215499878
-0.23312781751155853
-0.8818013668060303
-0.11700845509767532
-0.07229176163673401
-2.134852886199951
-1.4501296281814575
-3.623389959335327
-0.8504080176353455
-1.3618929386138916
-0.11716730147600174
-0.3219872713088989
-4.601778507232666
-3.5311758518218994
-3.8244967460632324
-3.8710904121398926
-9.371329307556152
-1.8250702619552612
-0.15673662722110748
-2.338326930999756
-8.536099433898926
-17.642982482910156
-0.530577540397644
-0.7076070308685303
-3.5299665927886963
-1.83242666721344
-8.792779922485352
-0.11700867116451263
-0.0722915381193161
-2.134852886199951
-1.596618413925171
-9.56818962097168
-0.2665216624736786
-1.2698054313659668
-2.171117067337036
-2.9264018535614014
-9.06968879699707
-0.7170625925064087
-0.11716772615909576
-0.32198700308799744
-1.509627103805542
-2.347546100616455
-2.171116828918457
-1.4548871517181396
-0.23312819004058838
-0.8407859802246094
-4.397439956665039
-9.122989654541016
-1.6283979415893555
-0.2883681654930115
-0.11700824648141861
-0.03730415552854538
-2.134852886199951
-1.2402960062026978
-1.485810399055481
-1.3464109897613525
-0.9753309488296509
-7.2467041015625
-4.355891704559326
-4.789533615112305
-5.911209583282471
-6.79813289642334
-4.319641590118408
-1.9412815570831299
-0.11716730147600174
-0.11716762185096741
-0.11716772615909576
-0.11716709285974503
-0.11716751754283905
-0.11716719716787338
-0.1171674057841301
-3.248478889465332
-0.11716772615909576
-0.11716709285974503
-0.11716751754283905
-0.11716719716787338
-0.6588853597640991
-4.268377780914307
-0.2665216624736786
-3.8172075748443604
-6.152669906616211
-0.11700845509767532
-0.07229176163673401
-2.134852886199951
-1.2644739151000977
-4.030303478240967
-0.6943830847740173
-1.3327453136444092
-2.9467689990997314
-4.740841865539551
-0.11716751754283905
-4.923591136932373
-0.11716730147600174
-4.998971939086914
-0.32198700308799744
-4.5636115074157715
-2.20700740814209
-0.6963847875595093
-12.079587936401367
-0.0440220907330513
-3.4816641807556152
-3.719208002090454
-3.3353474140167236
-3.914562463760376
-4.925841331481934
-4.671785354614258
-0.032592155039310455
-0.7570062875747681
-0.508543848991394
-12.565994262695312
-2.894913673400879
-4.528374195098877
-2.048198699951172
-1.1851527690887451
-1.0002949237823486
-1.1081699132919312
-0.15414829552173615
-4.7828850746154785
-8.299161911010742
-0.4218134880065918
-0.11716751754283905
-4.646315574645996
-4.641136646270752
-3.149322032928467
-0.8162267804145813
-0.7411161065101624
-0.11716709285974503
-4.646316051483154
-1.2006138563156128
-0.12248681485652924
-0.27575743198394775
-0.3253909945487976
-0.8979145288467407
-0.5055693984031677
-0.5073258876800537
-0.8629578948020935
-0.13709419965744019
-1.7119836807250977
-1.9174575805664062
-3.892639636993408
-9.269574165344238
-1.6506235599517822
-4.710286617279053
-5.682582855224609
-1.3669803142547607
-5.936694145202637
-1.113555669784546
-1.7239753007888794
-0.11700867116451263
-0.07229176163673401
-2.134852886199951
-6.585789203643799
-0.6943830847740173
-10.479793548583984
-10.23200511932373
-0.04402243345975876
-9.253793716430664
-5.896464824676514
-11.747093200683594
-1.417179822921753
-1.6049368381500244
-3.164689779281616
-2.6894874572753906
-3.329169511795044
-3.628150701522827
-1.4703426361083984
-4.525627136230469
-2.445613145828247
-2.9378092288970947
-2.1297659873962402
-5.657258033752441
-12.759941101074219
-6.595768451690674
-3.164689779281616
-0.6233972311019897
-0.32365667819976807
-0.23998089134693146
-1.6403729915618896
-4.684358596801758
-4.535816192626953
-2.549233913421631
-5.491210460662842
-8.583011627197266
-2.9926280975341797
-2.0159802436828613
-5.095572471618652
-1.1476266384124756
-6.435028076171875
-1.3708126544952393
-1.7313861846923828
-0.2927553057670593
-0.6853103637695312
-3.5936012268066406
-0.011556820943951607
-2.2104830741882324
-2.758368492126465
-1.396300196647644
-7.241812229156494
-13.889641761779785
-0.11700824648141861
-0.07229164987802505
-2.134852886199951
-0.5089619755744934
-2.3148412704467773
-3.165945529937744
-1.0542371273040771
-5.550315856933594
-12.351542472839355
-8.41867733001709
-1.1281908750534058
-2.7250115871429443
-4.802441596984863
-0.3219869136810303
-4.937582015991211
-0.11716719716787338
-2.680840253829956
-10.251834869384766
-4.140474796295166
-0.3219869136810303
-4.918670177459717
-0.7330502271652222
-2.754833936691284
-0.11700856685638428
-0.07229176163673401
-2.134852886199951
-0.6963847875595093
-3.2710793018341064
-4.807701587677002
-5.225620269775391
-2.369096517562866
-1.2571561336517334
-2.2229435443878174
-0.11716719716787338
-5.970609188079834
-2.735419750213623
-0.8660461902618408
-0.171649768948555
-0.08286665380001068
-0.08286676555871964
-0.32198700308799744
-5.189240455627441
-0.3180723488330841
-1.1609697341918945
-8.445293426513672
-10.143511772155762
-2.7177846431732178
-2.594006061553955
-4.725701808929443
-0.4325450360774994
-4.725701332092285
-0.6732772588729858
-0.11700867116451263
-0.07229176163673401
-2.134852886199951
-0.03249187767505646
-4.005724906921387
-3.914562463760376
-1.248518705368042
-3.3707287311553955
-1.417179822921753
-0.32198700308799744
-2.430777072906494
-1.6836223602294922
-5.043183326721191
-1.7523163557052612
-5.792191982269287
-0.23312781751155853
-0.2973830997943878
-4.734107971191406
-8.372893333435059
-1.4491323232650757
-0.8216225504875183
-1.4976860284805298
-2.315248966217041
-1.8214361667633057
-0.7076071500778198
-2.295480966567993
-1.3272861242294312
-3.24685001373291
-4.174359321594238
-3.579861640930176
-12.346351623535156
-8.233698844909668
-1.3168489933013916
-6.12996768951416
-0.01155623234808445
-0.457053005695343
-0.11700856685638428
-0.07229187339544296
-2.134852886199951
-0.7795905470848083
-0.328005313873291
-1.4512114524841309
-0.11716709285974503
-0.1233549565076828
-0.3219872713088989
-0.5049974322319031
-0.1326257437467575
-0.11716772615909576
-0.3219869136810303
-0.12335474789142609
-0.16003701090812683
-0.19080914556980133
-0.44867971539497375
-0.14040762186050415
-12.716376304626465
-0.8623998165130615
-0.12014493346214294
-1.264473795890808
-0.11700845509767532
-0.07229176163673401
-2.134852886199951
-7.63282585144043
-4.023789882659912
-2.5762810707092285
-12.351542472839355
-8.41867733001709
-1.4186711311340332
-0.32198700308799744
-1.2984354496002197
-8.298561096191406
-2.7580132484436035
-9.03466510772705
-4.892508506774902
-0.850408136844635
-6.1929144859313965
-0.6963847875595093
-2.8464717864990234
-9.821624755859375
-0.13294212520122528
-0.8179672956466675
-3.4010629653930664
-0.09893970936536789
-0.8179673552513123
-3.4010629653930664
-0.10429376363754272
-0.15536430478096008
-3.4010629653930664
-0.1412736028432846
-0.12140097469091415
-3.4010629653930664
-0.9043092727661133
-4.434928894042969
-4.4525065422058105
-11.433555603027344
-1.4726598262786865
-4.013381481170654
-0.8390088081359863
-0.04402243345975876
-3.1689603328704834
-0.7785875201225281
-0.3471168577671051
-1.8378074169158936
-0.31807270646095276
-2.755237102508545
-2.232605218887329
-1.1654081344604492
-0.13248248398303986
-0.3219869136810303
-1.5565965175628662
-4.320812225341797
-1.3701902627944946
-0.6943830847740173
-1.0092068910598755
-0.11700856685638428
-0.03730415552854538
-2.134852886199951
-2.275623321533203
-1.1801352500915527
-0.5691155195236206
-2.526437759399414
-1.349817156791687
-8.999573707580566
-0.3219869136810303
-0.5144951939582825
-3.162781000137329
-1.8436424732208252
-2.0205631256103516
-1.679443359375
-3.0497913360595703
-1.249831199645996
-6.885130882263184
-10.75167465209961
-8.41867733001709
-3.064026117324829
-3.101994752883911
-4.2826433181762695
-1.2340142726898193
-2.0825929641723633
-1.4600287675857544
-7.299488067626953
-2.8560144901275635
-1.2698054313659668
-3.4527270793914795
-3.4767632484436035
-0.11700867116451263
-0.07229176163673401
-2.134852886199951
-1.2350026369094849
-10.172104835510254
-6.348498821258545
-3.389545202255249
-7.300175189971924
-0.5876360535621643
-0.8390089869499207
-7.798370361328125
-0.565448522567749
-6.178126811981201
-7.117199420928955
-0.3752805292606354
-0.1171674057841301
-8.41867733001709
-1.5453991889953613
-1.2563090324401855
-0.3219869136810303
-0.1567368358373642
-3.6339917182922363
-0.15673652291297913
-0.30004677176475525
-2.5797901153564453
-7.3559136390686035
-0.258171945810318
-0.11700867116451263
-0.03730415552854538
-2.134852886199951
-0.011556703597307205
-0.5027097463607788
-0.07429684698581696
-0.5368302464485168
-0.11700867116451263
-0.0722915381193161
-2.134852886199951
-2.871464729309082
-3.646822214126587
-1.4826374053955078
-3.5352611541748047
-2.4925172328948975
-2.357294797897339
-6.861114501953125
-2.5928425788879395
-1.4512114524841309
-6.410182952880859
-1.5624384880065918
-1.723461627960205
-3.3812272548675537
-0.3219869136810303
-3.3308229446411133
-10.472307205200195
-1.9781497716903687
-2.6492087841033936
-5.028323173522949
-1.013614535331726
-0.11700867116451263
-0.05406837537884712
-2.134852886199951
-1.4501296281814575
-0.7076071500778198
-3.53877329826355
-0.11716772615909576
-0.3219869136810303
-0.5799466967582703
-0.39707672595977783
-0.33807677030563354
-2.3818559646606445
-0.18330787122249603
-0.09485558420419693
-1.01250159740448
-0.8457208871841431
-1.01250159740448
-0.07736796140670776
-4.685531139373779
-7.661463737487793
-0.3219869136810303
-1.4733457565307617
-11.508760452270508
-3.500237464904785
-2.5003244876861572
-3.9732742309570312
-4.204867362976074
-10.530473709106445
-2.0863945484161377
-8.80465030670166
-3.753652334213257
-0.11700856685638428
-0.05406860262155533
-2.134852886199951
-1.310709834098816
-0.18208742141723633
-0.3838982880115509
-0.04735858365893364
-0.34250548481941223
-0.18452998995780945
-0.6927515268325806
-0.11716751754283905
-0.3219869136810303
-1.4512114524841309
-1.4512114524841309
-0.14419908821582794
-1.5020595788955688
-0.11700824648141861
-0.07229164987802505
-2.134852886199951
-2.618255138397217
-0.3170715868473053
-0.6482774615287781
-0.14997106790542603
-0.18330787122249603
-0.29725295305252075
-0.11716772615909576
-0.3219869136810303
-0.3399565815925598
-0.7184556126594543
-0.04933662712574005
-0.2596077024936676
-0.7076070308685303
-0.3321743607521057
-0.011556820943951607
-1.4091236591339111
-1.7088595628738403
-0.7075255513191223
-11.825028419494629
-0.011556820943951607
-2.6793482303619385
-0.11700867116451263
-0.05406837537884712
-2.134852886199951
-3.119041919708252
-1.0975245237350464
-2.6297073364257812
-0.874457597732544
-7.446493625640869
-0.9775326251983643
-2.4389541149139404
-2.4736032485961914
-1.9563862085342407
-9.936097145080566
-1.2599807977676392
-1.8708887100219727
-0.11716719716787338
-0.31800392270088196
-0.11857734620571136
-0.23216663300991058
-0.14576590061187744
-3.902574062347412
-1.2223520278930664
-1.3158471584320068
-1.8158191442489624
-1.1947450637817383
-2.328880786895752
-7.4945268630981445
-2.2347664833068848
-0.15644541382789612
-2.895954132080078
-0.15644541382789612
