-0.34901879845710937
-0.10864091431722045
-6.1897102147340775
-2.7146039605140686
-6.942106417969626
-5.4776208942057565
-8.131506403093226
-0.16183233708579792
-5.758804589509964
-1.2982387393712997
-3.070079429075122
-6.35089420969598
-5.539376123808324
-0.3330368483862003
-12.307391309979721
-14.152385479486838
-22.770323939541413
-23.03532651673595
-8.301416200964013
-0.8224365608766675
-7.449873924255371
-0.3490192669269163
-0.14686522167176008
-6.189710136502981
-0.20283574238419533
-0.2028366569429636
-11.907896536868066
-9.642157183290692
-14.49512540543219
-2.677668753400212
-2.251394044724293
-3.6871877694502473
-21.017840345593868
-11.734559234580956
-3.1512272569234483
-3.3121348340064287
-12.63994340505451
-6.7819125121459365
-0.9798833644017577
-4.665421015582979
-2.9410444498062134
-3.5186515913446783
-10.956203417590586
-19.057745936486754
-7.855594743974507
-3.327735287399264
-11.972307720163371
-2.213985333684832
-2.513596387114376
-7.655943773279432
-5.967267222702503
-3.822518317727372
-0.34901879845710937
-0.1468655802309513
-6.1897102147340775
-3.5449322124477476
-0.17321547280880623
-10.137312806391492
-9.281451831455342
-12.76260619412642
-2.549603534367634
-14.367760599023313
-4.065990815870464
-0.3490192669269163
-0.14453259902074933
-6.189710136502981
-1.9777595419436693
-2.0379289500415325
-7.8627975370618515
-0.6879942520172335
-4.2642053527524695
-0.26413735089590773
-0.4529397712321952
-0.16183247119624866
-5.948441505432129
-6.854347829445032
-6.665291826182511
-10.501356258151645
-4.734226939326618
-4.020171177966404
-0.7009539515711367
-7.0388563051237725
-7.074354348704219
-0.4046854339540005
-11.510403598273115
-34.532044960837084
-9.15549444174394
-13.416678230234538
-13.256012259866111
-18.670731334437733
-32.47646435309434
-0.3490192669269163
-0.1086418500635773
-6.189710136502981
-0.8944637328386307
-21.408911865903065
-16.73638267815113
-27.549307468703773
-13.896732051623985
-26.895643023774028
-8.273142437916249
-1.5842312932945788
-1.264589266385883
-24.855721821088082
-0.35751500725746155
-22.52884193083446
-6.074079096317291
-9.306354782602284
-1.0791973803370638
-22.52884193083446
-2.6677908897399902
-0.0440220907330513
-37.79807728220476
-0.032189950346946716
-1.8291057272090256
-11.980679660518945
-1.0791979444848039
-10.255017749368562
-5.155824709225271
-2.8919867551885545
-4.695027137524448
-10.763335755094886
-5.479699768126011
-16.905699930590345
-24.237286795243563
-16.31223561844672
-7.454689715712448
-6.660583194345236
-13.759997496235883
-12.510487998573808
-12.640091045221197
-3.44257744665083
-20.593503977637738
-4.2678769149351865
-9.59903345474595
-11.46443174831802
-3.8534464687108994
-2.269147142767906
-9.758155156576322
-4.057472901418805
-1.977759201079607
-0.34901984270254616
-0.1086407876573503
-6.189709473401308
-14.823416728584561
-10.220352073869435
-0.3659432530403137
-0.34901984270254616
-0.14686499116942286
-6.189709473401308
-1.6795603558421135
-4.712462804745883
-0.9658610075712204
-6.105794301256537
-2.158523965626955
-16.628327556783915
-15.145253824768588
-9.388183506205678
-2.078892010555137
-0.16183257550437702
-15.932325341767864
-0.34901984270254616
-0.14686499116942286
-6.1897092163562775
-2.1022409088909626
-0.11254506930708885
-17.073935300715675
-12.569889317899651
-8.43907367506472
-9.92830776234041
-20.959168351691915
-9.387407038069796
-4.172005832195282
-2.414560452103615
-2.269147142767906
-0.40063791908323765
-0.3490201550157508
-0.10864079720340669
-6.1897092163562775
-4.824431730077777
-11.631566069147084
-10.223537401208887
-6.94271827468765
-1.15574441710487
-10.592730239732191
-19.252147348415747
-2.206035332812462
-11.115176562889246
-4.4410915011540055
-1.9006623942404985
-0.27287188172340393
-0.34901984270254616
-0.1086407876573503
-6.189709473401308
-5.642049252986908
-3.9255755243939348
-2.073891781474231
-3.542244872543961
-2.58013526929426
-3.0947372769442154
-21.005863135520485
-7.535780533948127
-5.203077393089188
-0.8191179977729917
-0.16183203906257404
-0.34901984270254616
-0.14686499116942286
-6.189709473401308
-0.07770961592905223
-0.42919919146515895
-0.095327697112225
-0.20448860200122
-0.19849626191717107
-0.6831660197349265
-1.1282403906225227
-0.4318287876085378
-0.16183204651315464
-0.4010774516573292
-0.30637477803975344
-0.4385023869945144
-0.49807287380099297
-1.0675591677427292
-0.34901879845710937
-0.1468655802309513
-6.1897102147340775
-0.11254483461380005
-7.7394239592249505
-3.2853299230337143
-0.6852017361670732
-2.6677911281585693
-5.663586596085224
-1.1499026014935225
-0.16183245256979717
-0.3490205211128341
-0.10864043841138482
-6.189709272235632
-2.102241352200508
-27.00292792012624
-10.101412177085876
-0.16183247119624866
-13.275403178580746
-0.34901984270254616
-0.14686499116942286
-6.189709473401308
-2.2239770693704486
-25.18765735719353
-3.793932762084296
-13.301981501281261
-12.777131908515003
-0.017559729545610026
-12.643311170701054
-10.600407242425717
-6.380192250013351
-2.4826740454882383
-0.8944635391235352
-9.542116857960082
-2.9958505814429373
-7.82826499582734
-4.524116445332766
-13.847309275683074
-3.884222548425896
-6.059789227554575
-0.3490205211128341
-0.14453178783878684
-6.189709272235632
-0.3142657591961324
-30.352791268152146
-12.519166827201843
-0.16183247119624866
-0.5033570294035599
-0.12796190311200917
-0.3490201550157508
-0.14453167328611016
-6.1897092163562775
-8.41867733001709
-17.5078977389785
-3.4176902091130614
-17.149446880444884
-2.926548724062741
-4.969334773020819
-1.388726857585425
-2.66826123354258
-1.5066567286849022
-26.92293746426003
-2.3699063062667847
-8.429063826799393
-0.34901879845710937
-0.1468655802309513
-6.1897102147340775
-5.890134500339627
-16.877960954145237
-6.714446730911732
-11.685765228467062
-27.913525178126292
-2.6347611335513648
-12.177524830884067
-12.882635501598998
-4.979757875204086
-0.16183257550437702
-2.368483066558838
-0.3490201550157508
-0.14686429174616933
-6.1897092163562775
-0.11254506930708885
-0.11254473589360714
-0.4255179439787753
-8.441373197827488
-5.586143984459341
-6.4500756822526455
-0.3490192669269163
-0.14686522167176008
-6.189710136502981
-49.70913376686076
-6.781474000192247
-12.437378294904192
-7.177228406682843
-14.352068896347191
-9.387407514732331
-10.354137222209829
-4.317198343575001
-1.4560429998673499
-3.7227196342428215
-3.7950619109906256
-0.34901984270254616
-0.14686499116942286
-6.189709473401308
-14.010064779780805
-3.791381934657693
-1.7732831500470638
-12.065447786859295
-25.86780385891325
-7.5149489174364135
-5.51816488802433
-0.284898582380265
-5.8014657095773146
-0.2762231342494488
-0.3490194203041028
-0.14686545822769403
-6.189709194004536
-2.223977588582784
-19.880272974900436
-15.132359961527982
-3.9639444490894675
-12.320488980039954
-2.549603445077082
-12.683445304632187
-6.733175007626414
-31.38847788030398
-0.16183233708579792
-8.41867733001709
-8.007865579798818
-1.4156069457530975
-0.6762351766228676
-17.18684763368219
-1.6838277913630009
-5.589796349406242
-6.342147201299667
-8.156670786236646
-0.08770659680885728
-1.641300080664223
-0.03928787431323144
-2.6850665971287526
-0.41979013409581967
-0.15399712498037843
-0.6619754279381596
-0.7393016056739725
-1.7073562499135733
-0.9395262617617846
-3.5740952179621672
-1.968696182657368
-0.4186332649551332
-0.3639507406624034
-1.8256088256639487
-1.6098441687063314
-0.1669581183232367
-0.6279877026099712
-0.16051695703936275
-3.2333440221846104
-1.1724576731739944
-0.4010777867442812
-0.16183203906257404
-0.21312762041270616
-0.21763579989783466
-0.6190984717686661
-0.36250180295428436
-0.547558716905769
-0.5364636057056487
-0.26900794822722673
-0.752244611736387
-1.1031948795716744
-0.5423749414912891
-1.0675594173371792
-0.3490192669269163
-0.14686522167176008
-6.189710136502981
-14.822680154975387
-16.97461621835828
-6.981839283020236
-0.3490194203041028
-0.14686545822769403
-6.189709194004536
-4.830383850028738
-18.733843199450348
-2.549603474821197
-5.528282252053032
-7.588733343705826
-17.53261092689354
-13.618106074631214
-8.471864327788353
-0.8221506695263088
-0.3490201550157508
-0.14686429174616933
-6.1897092163562775
-5.17796116345562
-35.69945119062322
-2.305170456354972
-0.16183247119624866
-2.269147038459778
-4.383097298443317
-1.6492626562830992
-1.0415097400546074
-0.29454135801643133
-4.844461414963007
-0.08410575613379478
-0.6711844803940039
-0.2485017329454422
-0.5352548509836197
-1.2859149491414428
-0.3490192669269163
-0.14686522167176008
-6.189710136502981
-0.8944637328386307
-1.6539034149609506
-0.8289097764063627
-3.8887875601649284
-24.516077021486126
-9.013883269624785
-0.8944637328386307
-1.9567783386446536
-0.8289097764063627
-0.46257619094103575
-2.6776691105915233
-1.0885369614697993
-9.38740774570033
-11.978857522364706
-16.288858242332935
-9.940796628594398
-5.624395399703644
-12.882520244980697
-3.8441931901616044
-9.147993572056293
-1.2982390187680721
-0.3703058050596155
-1.8030446238117293
-0.6525369734154083
-2.4145604372024536
-8.000884048757143
-12.656702905893326
-10.736409528763033
-7.908493198978249
-28.726244851015508
-0.3490194203041028
-0.10864054900594056
-6.189709194004536
-1.2721968651749194
-7.633092806907371
-13.92087173461914
-6.848272944538621
-0.9971930123865604
-2.1060611605644226
-10.637800338270608
-20.215189771274936
-3.051193019025959
-0.11311887392730569
-2.668260057544103
-6.380192250013351
-0.20498946282100405
-15.283164567314088
-3.3179433041986
-0.3490191730670631
-0.14686545124277472
-6.189709719270468
-2.3681189231574535
-7.279417037963867
-5.224663324654102
-15.495006873155944
-10.925232339825016
-13.986530335387215
-27.018515308755013
-3.841722873839899
-5.727060693177918
-6.694324392185081
-0.3490205211128341
-0.14453178783878684
-6.189709272235632
-0.20283618476241827
-1.3835259401239455
-11.01086806911917
-3.381355163641274
-18.963201663980726
-13.866945905785542
-0.3490192669269163
-0.14686522167176008
-6.189710136502981
-4.525710760615766
-4.634900936565828
-8.782710179686546
-15.446825028921012
-4.6817652260069735
-3.0906004682183266
-12.882621194905369
-0.18092229288595263
-0.34901879845710937
-0.14453318738378584
-6.1897102147340775
-1.1866611242294312
-2.5065972469747066
-24.177503359504044
-15.37055402196711
-4.96933453460224
-9.9201405585045
-0.4010776972354506
-4.542768880724907
-0.25325827300548553
-3.7817793041467667
-4.429218737408519
-2.787424757145345
-0.5099774384871125
-0.3490191730670631
-0.14453236432746053
-6.189709719270468
-2.4532628533925163
-4.357163688866422
-4.189903186634183
-0.15142511331941932
-28.721534279815387
-3.3871536915685283
-10.633938819402829
-40.59630728510092
-2.5496030874783173
-20.335174948675558
-4.969334773020819
-6.895197894307785
-6.594142656540498
-1.982699316169601
-16.039754405472195
-10.752088629174978
-0.2762231342494488
-0.30456218123435974
-4.136888106353581
-9.007631682557985
-0.3490201550157508
-0.14686429174616933
-6.1897092163562775
-3.9385122398889507
-8.91471585817635
-5.600983249838464
-2.1431275997310877
-0.5021873731457163
-2.677668782795081
-10.560991856778855
-5.6737700388766825
-5.611192177835619
-4.307785515207797
-4.635939134226646
-0.7240443825721741
-4.303500791196711
-6.203800916671753
-11.19930046913214
-8.25393433496356
-11.397854342761093
-10.420416879598633
-7.377620187588036
-2.329118122041109
-0.037152390577830374
-5.434491445905678
-6.829701194539666
-1.1890883035957813
-1.321403946960345
-3.8118228912353516
-7.418383777141571
-9.07208040561818
-5.0616062771878205
-10.274411213002168
-7.513364213733439
-6.815458681900054
-25.224536404712126
-2.5257610715925694
-0.3171932324767113
-0.3490201550157508
-0.10864079720340669
-6.1897092163562775
-4.525710865855217
-4.8643267134903
-5.560897635761648
-2.677669215365313
-8.536497446082649
-15.6169441731181
-9.224446388659999
-5.994989233091474
-3.0785321816802025
-22.963018200476654
-1.1866611242294312
-5.880349839366318
-6.39006167370826
-2.520309694111347
-5.836440413882883
-0.15623094854527153
-5.490655022585997
-6.847413215320557
-5.614216819405556
-0.31350527456379496
-0.8970350623130798
-3.8911691544926725
-6.227756242849864
-1.0004725456237793
-7.454970862716436
-6.788583256711718
-0.34901879845710937
-0.14453318738378584
-6.1897102147340775
-2.1022409051656723
-0.9977634390961612
-0.16051662179233972
-29.01433776932754
-2.6291553382761776
-0.7303461391529709
-0.7303448071543244
-0.2638162362854928
-0.20968773590720957
-1.1866613328456879
-4.0545130239625
-2.903153502586065
-10.984984069131315
-13.759907313506119
-2.133183393627405
-3.424388885498047
-6.537192691117525
-6.629119560675463
-12.625349876965629
-16.53020901770651
-4.06211332778912
-2.9541863829399517
-29.486529846832127
-0.3161435902220546
-0.5257302533718757
-2.5859891483560205
-0.18849540007067844
-1.9777595419436693
-0.34901879845710937
-0.14453318738378584
-6.1897102147340775
-23.814979241637047
-7.523582401394378
-18.840683704031107
-0.16183245256979717
-6.392396078153979
-5.423506214756344
-1.186661422252655
-3.481420828262344
-7.4779905773029895
-3.626707113260636
-3.6191733807791024
-4.141059875488281
-1.9703278336673975
-4.916174459271133
-3.2060001539066434
-0.3490205211128341
-0.1468641529791057
-6.189709272235632
-5.4327150832396
-13.378671300539281
-2.1811778359115124
-8.15687214396894
-10.101412281394005
-3.8318470691592665
-21.19345963775413
-13.386114065011498
-1.0303485694166739
-16.286141595017398
-21.077092802035622
-1.1866610646247864
-5.485858681087848
-0.16183257550437702
-0.268234515315271
-3.3691621894140553
-2.4858639370650053
-0.7687593449372798
-5.57610481698066
-8.543937834067037
-8.244353278307244
-5.650003536560689
-5.156854957516771
-8.397982105612755
-1.4940151798073202
-0.7693603625521064
-1.5235836167121306
-0.8191180862486362
-22.561758247524267
-6.720207954756916
-2.324403960024938
-5.756441813253332
-5.179296909831464
-7.389288131613284
-3.7929623126983643
-5.269903119653463
-9.993619561195374
-0.3490194203041028
-0.1445309624541551
-6.189709194004536
-0.2028366569429636
-7.505425291368738
-5.624395518563688
-12.882521433813963
-3.844194274308393
-2.3988902010023594
-11.330416856566444
-24.94789905307698
-0.16183247119624866
-0.4010779282762087
-4.854814291000366
-32.64792296377709
-2.423552564694546
-2.297852100280579
-2.3873791247606277
-1.67340886592865
-6.190855038126756
-0.2762231482192874
-3.477587677538395
-7.838328566780547
-0.4010776972354506
-5.474747945962008
-21.858841885683432
-9.377649255096912
-5.165906971436925
-0.34901879845710937
-0.10864091431722045
-6.1897102147340775
-4.793582797050476
-1.9567786022089422
-31.381861683476018
-9.574714384740219
-15.82857421335757
-0.3490205211128341
-0.1468641529791057
-6.189709272235632
-0.507125166564947
-0.7172999642789364
-0.404455749259796
-0.8481636457145214
-1.1266012856940506
-1.1712279469938949
-6.41537862084806
-10.065850413637236
-11.353138034406584
-16.59046101176864
-11.760894743609242
-0.6740485490881838
-6.790210240520537
-5.754709906679636
-2.4131080597871915
-0.24188814927038038
-2.677668753400212
-5.448400375433266
-6.7942651361227036
-0.16183233708579792
-0.40107764566346304
-5.956061624172435
-2.4862636625766754
-6.849514854024164
-0.7256949716247618
-2.088544566213386
-11.956411557272077
-0.34828655468299985
-16.436001755297184
-2.2687563579529524
-1.2701905665453523
-1.633356977486983
-0.8845941917970777
-0.5168902160366997
-0.1107208670291584
-0.3490192669269163
-0.14686522167176008
-6.189710136502981
-3.7265386139042675
-0.19478388037532568
-17.48862245946657
-22.603595478867646
-15.174763007089496
-12.18904446810484
-6.241034550257609
-2.464757600799203
-2.198801913065836
-6.319653099402785
-22.939423545263708
-1.5734057910740376
-1.8732667948352173
-0.24808129813027335
-10.84404431682924
-5.42956387065351
-9.0230714448262
-9.280486864678096
-14.57751912693493
-6.243782370584086
-1.7310280143283308
-0.3490191730670631
-0.14686545124277472
-6.189709719270468
-2.4669732823967934
-19.619213609024882
-20.719453031255398
-0.10035765904467553
-47.623498332555755
-13.907126614067238
-0.10591194860171527
-16.814251990319462
-2.1809266761119943
-5.818900140322512
-10.354137222209829
-3.79055293451529
-0.46257619094103575
-0.34901879845710937
-0.14453318738378584
-6.1897102147340775
-0.20283606741577387
-8.41867733001709
-12.355980203530635
-17.92345315257262
-9.02593794837594
-2.677669215365313
-1.359269491629675
-11.246437033732946
-3.340561196440831
-6.409752244078845
-16.359585581092688
-11.064067775412695
-0.4010783226622152
-2.6982728661969304
-12.31273516084184
-1.67340886592865
-6.506810185499489
-0.3490201550157508
-0.14686429174616933
-6.1897092163562775
-1.3450893624685705
-16.683436167506443
-0.134139803936705
-4.325458392529981
-11.243257930851541
-0.10591237328480929
-9.399248127650935
-0.3717675067600794
-9.802551501605194
-0.4010780463650008
-3.9254894023761153
-8.338421160588041
-0.1822304204106331
-2.935153843369335
-6.25019808113575
-0.27622337732464075
-3.850925922393799
-9.072177655994892
-1.4618396661244333
-0.3490194203041028
-0.14686545822769403
-6.189709194004536
-0.5040423097088933
-2.3483121786266565
-12.519166827201843
-0.16183245256979717
-0.4010776972354506
-19.250134083617013
-5.153795341379009
-7.771599296538625
-3.2649699528410565
-4.202322049997747
-6.481419645249844
-1.9947290569543839
-8.109653322026134
-1.1866611242294312
-17.21658643896808
-3.0984259247779846
-2.630308536987286
-4.1438539028167725
-18.38028573989868
-1.6594590288586915
-8.239685036474839
-0.8975929438602179
-0.8255241913720965
-0.5431223344057798
-3.441495987121016
-7.296283781528473
-4.430369820445776
-6.412737086415291
-0.5474599003791809
-0.8944637626409531
-1.4384409761985353
-5.900396746757906
-14.414505670953076
-2.882170588709414
-2.836783159407787
-6.512661485583521
-12.48937275983917
-6.049880864586157
-4.845050411800912
-30.470271359954495
-2.094565913081169
-7.403787502378691
-0.4006385151296854
-0.34901879845710937
-0.1468655802309513
-6.1897102147340775
-2.3681193254888058
-1.1374379051849246
-21.17058295336028
-8.185226649511606
-2.6677908897399902
-8.07108415858238
-1.873069846071303
-8.228435315191746
-17.46728055202402
-0.3490188305877382
-0.10864067450165749
-6.189709559082985
-3.519083121267613
-30.475501858680218
-8.652171004525371
-4.041691311635077
-2.677668677526526
-21.453870223085687
-0.16183233708579792
-8.41867733001709
-10.546713639276277
-8.856369371991605
-10.649503733031452
-1.8711323905736208
-1.5328568434342742
-0.3490194203041028
-0.1445309624541551
-6.189709194004536
-0.11254461761564016
-0.8944635391235352
-9.580706957392977
-6.130528884008527
-7.917884325317573
-11.614693180599716
-0.16183257550437702
-0.17056410913937725
-4.080246845376678
-0.4010779282762087
-7.172881975769997
-0.34901879845710937
-0.10864091431722045
-6.1897102147340775
-4.94834695616737
-1.1866610050201416
-5.695178053283598
-3.852922149002552
-8.399745574221015
-2.873228896642104
-1.5026595023227856
-7.1159908915360575
-5.46161689676228
-15.314126953075174
-0.4010776972354506
-7.252628953996464
-0.17183992266654968
-0.16183245256979717
-15.415453739464283
-0.4010777867442812
-5.531386360526085
-2.237116052303463
-9.794924259185791
-0.2762226890772581
-0.17558510601520538
-0.34901984270254616
-0.14686499116942286
-6.189709473401308
-0.18502880912274122
-0.24607052624924108
-0.1967217085621087
-0.16183233708579792
-0.21235010726377368
-9.771962471975712
-13.896882621125648
-0.19253917688911315
-2.4012814089655876
-29.62699798555601
-0.08550683989597019
-30.89734682606627
-18.116765613993266
-18.449734869354863
-21.719534016068785
-0.34901879845710937
-0.1468655802309513
-6.1897102147340775
-1.2943737662862986
-14.11446627631085
-16.362521372619085
-10.10141210258007
-0.16183224767883075
-11.648031361401081
-9.072830061428249
-1.020860281422756
-16.19325624452904
-0.34901984270254616
-0.14686499116942286
-6.189709473401308
-0.46727290749549866
-0.39065906938776607
-0.3686705930158496
-0.30628856747352984
-8.532449707388878
-0.16183247119624866
-8.53244960308075
-17.03459991977911
-0.27287188172340393
-0.40107764566346304
-11.650859794575808
-32.211825619626325
-10.527992250703392
-16.063359276755364
-17.788380739604804
-17.201067658599527
-1.1866613328456879
-5.909647829961614
-4.78380626719445
-4.392648493667366
-1.5258589999502874
-2.6805065699918487
-6.2240361127769575
-0.8944637626409531
-5.520354883818072
-5.890037005767226
-15.944875307381153
-1.5070835542865098
-0.08147709885088261
-6.136317476979457
-0.032189950346946716
-5.688895099970978
-11.120061981026083
-4.517202504910529
-1.9453646587207913
-7.847947365662549
-2.2691463828086853
-0.34901984270254616
-0.14686499116942286
-6.189709473401308
-2.498100867960602
-6.726031594676897
-15.276723213726655
-4.9693341863458045
-5.572037640959024
-4.887766632382409
-2.1346575954230502
-0.4716253327205777
-0.8944637328386307
-16.84636614806368
-39.05583643103367
-2.2533893287181854
-2.6776686192897614
-19.468562934547663
-0.4330766825005412
-1.8215124290436506
-2.9378673285245895
-0.47162521351128817
-14.477702104486525
-6.359596852213144
-6.705845480260905
-1.8245290191844106
-0.34901879845710937
-0.1468655802309513
-6.1897102147340775
-8.811680909246206
-23.868505041725143
-1.5895709246397018
-24.42521794501954
-14.095231525490817
-3.987133257673122
-2.519160145049682
-5.4850745282601565
-8.827257813885808
-7.3660899847745895
-3.314055166672915
-10.052631671074778
-10.089941293001175
-21.387413950636983
-1.5328570227138698
-0.11254472937434912
-0.3490192669269163
-0.14686522167176008
-6.189710136502981
-8.276045469450764
-2.1115810392366257
-0.7993529848754406
-0.622590544866398
-0.19360646198038012
-6.6611298638163134
-0.7335295251104981
-13.361678045941517
-0.9205335614824435
-0.16183204651315464
-0.9205339190957602
-3.2719894668553025
-1.7393190544098616
-0.27622325252741575
-5.5393755147233605
-0.2762226890772581
-10.125808089971542
-1.5266677741892636
-0.2762229461222887
-0.14686522167176008
-0.3490188305877382
-0.1468658186495304
-6.189709559082985
-4.067189998284448
-7.833363361656666
-2.1115812189818826
-6.905234908685088
-15.659895653399872
-6.439346555620432
-4.969334655674174
-3.6263674199581146
-1.2969457957078703
-3.225193655351177
-8.132894464230048
-1.5895710424520075
-0.3490201550157508
-0.10864079720340669
-6.1897092163562775
-4.577006777908537
-0.421330749457411
-2.9901286587119102
-2.6776691105915233
-8.392846973234555
-3.3230177545920014
-4.86315096198814
-3.2576305621041683
-2.370644105474639
-2.0868957340717316
-0.3490194203041028
-0.1445309624541551
-6.189709194004536
-2.223977588582784
-11.802939267014153
-19.363097114182892
-9.713561439537443
-11.334624658884422
-16.62865712671737
-3.9101672656834126
-7.5972126526758075
-0.16183247119624866
-2.1805707961320877
-5.824533935636282
-2.7720674872398376
-11.134716361528262
-5.090419381856918
-2.547819271683693
-0.9205335614824435
-3.7547047664411366
-0.16183204651315464
-0.9205339190957602
-1.2637157700955868
-12.65832928661257
-0.3490205211128341
-0.14453178783878684
-6.189709272235632
-2.714603633619845
-0.11254472937434912
-14.928992823523004
-2.8125176752801053
-18.495955914608203
-0.648166597558884
-2.5766735449433327
-14.39744333922863
-1.410551171284169
-0.9205334424550529
-8.601926129311323
-7.502210304141045
-13.246450169652235
-0.16183224767883075
-18.495956153725274
-0.9205339786421973
-23.800869940601842
-20.404959301509734
-14.97637620249904
-15.080507025122643
-19.866587123950012
-0.34901879845710937
-0.1468655802309513
-6.1897102147340775
-2.2239773590117693
-4.2074619072373025
-7.165120841469616
-3.3936905526788905
-12.245823887526058
-0.9852237701416016
-8.58410525135696
-3.1419974602758884
-0.16183203906257404
-0.9205333231075201
-7.050655007362366
-8.41867733001709
-0.156850665807724
-10.01489908900112
-10.546125173568726
-13.227611266076565
-0.8235775530338287
-0.15685056149959564
-9.063248252379708
-10.424291381874355
-0.4364909827709198
-15.957206659950316
-7.333848498761654
-0.17587938904762268
-2.59153697360307
-18.6096570789814
-7.013308878988028
-1.9242748417891562
-24.309246727731022
-1.407606080174446
-20.19425825960934
-1.1866610050201416
-20.460913557195454
-7.555816970649175
-0.4098779410123825
-0.4716253327205777
-10.146531343460083
-12.158786660293117
-7.40225664168247
-3.632565370411612
-7.900614789308747
-2.5431981114670634
-2.9431997820502147
-0.4010780463650008
-0.34901984270254616
-0.1086407876573503
-6.189709473401308
-0.14453259902074933
-0.8944637328386307
-50.143068011602736
-37.755821045677294
-29.464590073519503
-15.004087056033313
-0.27622325252741575
-9.38740727637196
-2.7533775456249714
-5.415654510259628
-0.6543521819021407
-1.7168375835753977
-7.6032196446321905
-5.019295076839626
-14.659631372516742
-4.388165716081858
-32.13104959949851
-8.329149255529046
-1.8798012733459473
-7.93161116738338
-0.3045620918273926
-11.546793980814982
-1.3998202295042574
-4.901431400328875
-0.3490201550157508
-0.14686429174616933
-6.1897092163562775
-0.20283653866499662
-21.52919499814743
-5.1816237239399925
-4.454187529736373
-2.677668455435196
-25.423890022793785
-0.16183204651315464
-15.693185565440217
-0.04402243345975876
-7.087583887812798
-19.441436298424378
-1.3082406520843506
-14.607106868177652
-2.1384241784980986
-2.8053813157603145
-10.246753128492855
-8.511954242501815
-2.3873789310455322
-10.2874946922675
-1.4550803822348826
-7.812373065389693
-5.382666962745134
-2.0396301734726876
-13.847916211001575
-3.3899640534073114
-1.2759024547412992
-0.8191181160509586
-25.3399880232937
-0.01756044224021025
-15.518227041656246
-10.274411063990556
-6.61890272796154
-3.2060004519298673
-7.519971646368504
-7.451712985057384
-0.21052251869696192
-14.536644956738655
-16.479370943875438
-0.3490188305877382
-0.1468658186495304
-6.189709559082985
-0.20283630210906267
-10.596996160893468
-0.0175599688955117
-5.556094840438163
-10.596996160893468
-0.16183203906257404
-0.4010777867442812
-7.818079352146015
-21.155774766390095
-6.904033764731139
-14.34553877543658
-2.345483458106173
-13.501417336054146
-2.2810566276311874
-0.3490205211128341
-0.10864043841138482
-6.189709272235632
-5.143716239370406
-30.853134581790073
-4.172005742788315
-3.32724036462605
-0.16183224767883075
-2.7619286382978316
-14.633796218317002
-9.393049955368042
-1.5356937646865845
-0.40107764566346304
-2.261788659961894
-3.817396563477814
-10.760087606060551
-2.087378565385734
-0.4098782241344452
-2.1115809200855438
-0.4098782241344452
-1.7557774119486567
-4.172005742788315
-1.088536612689495
-18.62972014490515
-6.949849323369563
-0.3490192669269163
-0.14453259902074933
-6.189710136502981
-14.260026449550196
-0.2995900809764862
-37.59590064206884
-0.8839079382523778
-0.8376732355682179
-24.14599223418054
-16.998253056022804
-0.4161470930557698
-0.16183247119624866
-0.25251543521881104
-3.318951286666561
-0.33151762397028506
-0.12168791334261186
-12.523950470102129
-8.947170786108472
-15.966152788332238
-0.8982253354042768
-0.8711567450372968
-32.17016264531412
-13.711549422587268
-17.576684468874134
-22.52992868423462
-17.252553322862695
-16.464829804004694
-10.017111279332312
-0.27488416992127895
-0.3490191730670631
-0.14686545124277472
-6.189709719270468
-2.3585959342308342
-14.685174374171766
-2.5496030874783173
-0.16183257550437702
-0.4010783226622152
-2.260083258152008
-3.6059466484330187
-25.97748888283968
-0.4147441238164902
-0.4010779282762087
-0.9801846444606781
-4.805394271243131
-5.619814649224281
-9.55240007955581
-5.086574809625745
-0.4716254221275449
-0.34901879845710937
-0.14453318738378584
-6.1897102147340775
-0.8944635391235352
-1.5570236914791167
-9.419415937722079
-10.87586549599655
-5.705314182967413
-8.664208447909914
-3.9477431394625455
-8.027171400375664
-1.3357785642147064
-2.7817276384448633
-5.177178245270625
-16.19571984373033
-0.8244332075119019
-6.5427706204063725
-20.029052917379886
-10.354137355592684
-12.946718175036949
-12.946718769017025
-10.354137480913778
-16.78469740296714
-3.7460221014916897
-15.056400730682071
-0.3490205211128341
-0.1468641529791057
-6.189709272235632
-0.4255186289665289
-0.08819006814155728
-12.519166946411133
-0.16183224767883075
-0.4010780463650008
-0.16183224767883075
-4.7935826778411865
-12.961511133407384
-5.05365561787039
-8.299460254716905
-3.541024789214134
-7.241681976709515
-11.28298680896387
-1.6321160905063152
-2.1258214334666263
-41.75543413206469
-0.4625768596306443
-4.083546568872407
-0.4006385151296854
-0.34901879845710937
-0.1468655802309513
-6.1897102147340775
-0.20283606741577387
-8.41867733001709
-0.11254461761564016
-10.587232293881243
-8.968703849473968
-9.587146363221109
-11.993277056142688
-5.139342784881592
-10.101412177085876
-0.16183203906257404
-9.499025955796242
-4.311520200222731
-10.101412072777748
-5.284896552562714
-5.799355983734131
-1.263716358691454
-10.101412281394005
-1.4253873340785503
-1.67340886592865
-2.9962691725231707
-1.1866611242294312
-1.0204793990851613
-18.83245395065751
-24.651127563600312
-27.37421707890462
-0.34901879845710937
-0.1468655802309513
-6.1897102147340775
-4.602163489500526
-8.627606741152704
-2.549603445077082
-4.969335126806982
-0.3490192669269163
-0.14686522167176008
-6.189710136502981
-17.826031321022214
-1.8219449545285897
-0.16183233708579792
-21.94923833454959
-11.568740608850476
-11.936218209564686
-0.453604219481349
-0.24744101842225064
-4.835467479832005
-0.9042699104902567
-0.9824176877737045
-0.531598395697074
-2.9081617752817692
-0.3687968922313303
-0.8596527858171612
-16.52173895877786
-0.9085319638252258
-0.16465401697496418
-0.1618321433707024
-2.883254338375991
-0.4010777867442812
-0.16183203906257404
-0.4010777867442812
-0.06295331520959735
-0.3247128326911479
-0.1931725952308625
-0.3443775695050135
-0.3490201550157508
-0.14686429174616933
-6.1897092163562775
-10.962719440460205
-4.525710984133184
-16.98590669145051
-2.677668455435196
-6.819729469298181
-21.084880660666386
-9.387407038069796
-8.108994876987708
-16.918955514724075
-6.429790102152765
-2.549603474821197
-5.426791359190247
-1.8842611246509477
-0.4250086843967438
-1.5142414718866348
-4.274897442664951
-9.73535752214957
-0.2762234751135111
-1.0885374215431511
-9.452662102296017
-0.7330593299120665
-2.2691468000411987
-11.561438292457751
-0.9070111252367496
-9.767292597709456
-0.803292965516448
-3.157843664288521
-7.258209878520574
-4.760031534358859
-1.4799594273790717
-0.2762229461222887
-0.8032927121967077
-3.0598411101382226
-0.34901984270254616
-0.14453202695585787
-6.189709473401308
-1.1866613328456879
-34.84222632047022
-14.202678162473603
-2.5801345950749237
-7.237948616035283
-0.4010777867442812
-0.16183203906257404
-8.032594560470898
-0.4010777867442812
-7.553878254722804
-2.769340035505593
-11.88956504822363
-8.9366621349036
-0.3490205211128341
-0.1468641529791057
-6.189709272235632
-0.04966389108449221
-1.2666162252426147
-2.5397159392014146
-24.867188783171507
-14.23980866648526
-22.141189973801374
-12.519166827201843
-0.4010784121710458
-0.974482339079259
-0.25745910295518115
-0.38272109627723694
-0.1849857102643
-0.20283618476241827
-0.3490194203041028
-0.14686545822769403
-6.189709194004536
-4.543600497767329
-23.50737393689633
-16.50107764644781
-0.16183247119624866
-10.621523477137089
-0.4010774516573292
-3.7301593497395515
-1.5314109362661839
-14.638523675414035
-4.1063285656273365
-11.20977243129164
-26.438135324278846
-3.7665187139064074
-8.138157097739168
-7.773453614907339
-11.511260978062637
-7.321191834605997
-17.435058527364163
-12.449563819449395
-10.701037041842937
-9.228384365327656
-19.060657418711344
-10.13954272866249
-3.2060004649683833
-1.1866610050201416
-15.806712581776083
-0.059507016121642664
-11.792663097206969
-0.11311922408276587
-11.160259564128864
-0.4010780463650008
-5.666416957974434
-7.459638787146105
-8.826413398608565
-2.556506473600166
-2.564433319552336
-10.709393901051953
-6.581400029885117
-0.16183257550437702
-6.863069716840982
-0.4010784121710458
-2.269147142767906
-2.269147142767906
-0.5709159626858309
-2.6286139488220215
-1.3666821901861113
-4.107421981636435
-9.004643317777663
-7.981445893645287
-3.370632914826274
-4.229845114052296
-0.5709157922537997
-2.5433045253157616
-2.269146040081978
-2.2961198836565018
-0.27622325252741575
-0.3490192669269163
-0.14686522167176008
-6.189710136502981
-0.20283574238419533
-8.41867733001709
-10.198343383141037
-7.4820323811945855
-9.61303558034706
-4.969334415451158
-17.239350905678293
-6.246568401784316
-2.549603474821197
-9.094875850481912
-0.34901879845710937
-0.1468655802309513
-6.1897102147340775
-10.817745750769973
-7.31711483001709
-20.854757961962605
-17.47040526010096
-10.478988625061902
-5.982771777256858
-10.354137474132585
-15.047498792409897
-8.364211060265006
-0.2762231482192874
-7.858146844431758
-0.4006380718201399
-5.6124572437256575
-0.34901984270254616
-0.14453202695585787
-6.189709473401308
-3.495438664482208
-11.567760872952931
-8.122020388545934
-2.063493639230728
-4.086286889156327
-12.51916778087616
-4.762624084949493
-0.16183204651315464
-0.4010774516573292
-4.892578937113285
-27.81789156438026
-0.2752549648284912
-27.199510581238428
-0.3490201550157508
-0.14686429174616933
-6.1897092163562775
-1.5895709246397018
-18.81895179807907
-4.196318094634989
-4.232368590412079
-1.2757611442357302
-0.16183257550437702
-0.4010783226622152
-0.2762231482192874
-9.150188946630806
-5.972596141160466
-1.186661422252655
-0.017559852451086044
-22.833337070478592
-14.658461451530457
-3.4018536320654675
-4.3592719277367
-1.5699838002910838
-1.6676527964737033
-0.17056368073099293
-1.4625662956386805
-0.3490191730670631
-0.14686545124277472
-6.189709719270468
-0.017559729545610026
-5.745005939563271
-8.321435480436776
-11.2539754495956
-12.538220908492804
-0.16183247119624866
-7.566785901784897
-9.26698983181268
-0.4716255720704794
-0.3490194203041028
-0.14686545822769403
-6.479315696284175
-0.20283653866499662
-12.834106275658996
-17.908755908487365
-13.782335763564333
-5.406672520795837
-0.16183204651315464
-0.16183247119624866
-1.2764657636871561
-2.602042844053358
-1.3199889575626003
-15.571144527675642
-6.340331653802423
-2.333159842994064
-1.1866611242294312
-6.432818349450827
-1.0286119513039012
-1.8468250696896575
-9.5670735090971
-9.749216824769974
-7.285999433952384
-10.59908437152626
-2.896256605279632
-1.5755976389627904
-6.667325779795647
-6.051141999545507
-3.2060006614774466
-7.577041232376359
-34.574381375918165
-12.247373191872612
-1.737303912639618
-2.1915228893922176
-14.248056026175618
-9.730410040880088
-14.854426999707357
-2.232903125230223
-34.73230579867959
-25.585959883435862
-0.34901984270254616
-0.14686499116942286
-6.189709473401308
-3.544931865762919
-23.375952054950176
-11.830831903964281
-2.602042404585518
-6.763226056471467
-16.462152804771904
-8.41867733001709
-0.4010780463650008
-0.4030371652916074
-10.101412177085876
-3.212244287133217
-20.115236841491424
-1.1866611242294312
-4.767427711049095
-5.07390428672079
-49.2678174922039
-0.4098782241344452
-7.425329158082604
-28.144130512984702
-11.91666354984045
-0.40987811982631683
-0.4716254351660609
-0.3490192669269163
-0.14686545822769403
-6.189709194004536
-6.8153996942564845
-2.791560649871826
-6.57198241376318
-8.41867733001709
-3.311230099236127
-0.16183204651315464
-3.5311531610786915
-2.602042404585518
-26.64614955644356
-6.209905583848013
-0.3490191730670631
-0.14686545124277472
-6.189709719270468
-1.5706542457919568
-0.049664361868053675
-0.502646956127137
-0.5075397729378892
-1.7472641170024872
-0.5231866589747369
-0.16183233708579792
-0.40107764566346304
-1.7472639977931976
-0.27265781100140885
-0.09795851167291403
-0.2485017068684101
-0.5352547857910395
-1.1866611242294312
-1.1866611242294312
-17.4030981229007
-1.8375651498208754
-10.40294556634035
-9.508096575737
-8.547277501835197
-0.8191181775182486
-7.643694154918194
-0.7486040005896939
-0.7486014282767428
-0.16183203906257404
-0.22449740022420883
-1.7472639977931976
-0.11254483461380005
-0.5503899486502632
-0.5140450688049896
-0.08569055958651006
-0.7071221712976694
-0.8812345679216378
-0.45311183854937553
-2.34105014661327
-0.3490192669269163
-0.14686522167176008
-6.189710136502981
-2.4981008488684893
-19.10931920260191
-2.549603534367634
-8.883333511737874
-2.3171436589909717
-9.756082881242037
-57.30686140619218
-7.959581255912781
-14.932835590443574
-2.247980572283268
-0.16183245256979717
-8.41867733001709
-0.3490201550157508
-0.14453167328611016
-6.1897092163562775
-11.029548748861998
-8.41867733001709
-6.1128794308169745
-5.130240142083494
-20.328426535008475
-0.4010779282762087
-0.16183247119624866
-4.800133179873228
-0.4010774516573292
-5.135379023849964
-2.384541100822389
-0.3490192669269163
-0.14686522167176008
-6.189710136502981
-14.383068356833974
-64.43699859992921
-3.4241369426599704
-3.1608827000891324
-9.13564680291347
-0.4010779282762087
-12.593145370454295
-8.225566713546868
-18.99873211835802
-5.758805112913251
-1.8021707311272621
-1.1720118708908558
-1.7232006900012493
-8.690315559273586
-0.3490201550157508
-0.14453167328611016
-6.1897092163562775
-0.8944636136293411
-1.678240969311446
-25.251602193457074
-8.823857534152921
-0.775842621922493
-3.518510842579417
-1.9875676131923683
-7.98995275888592
-10.634385459707119
-6.786508407443762
-11.869081192475278
-33.91528084598394
-2.9776894859969616
-10.939139416441321
-16.108072698116302
-10.763843000866473
-12.412434290046804
-2.6917685251682997
-16.90646831516642
-17.385189605411142
-1.678240969311446
-26.209069446573267
-17.55554251367721
-0.3490191730670631
-0.10864138160832226
-6.1897092163562775
-2.4981008674949408
-0.11254518572241068
-2.4813534589484334
-10.845364518463612
-8.0425306019024
-17.9292736731295
-3.084721641847864
-1.9235973224858753
-29.434699279576307
-1.9235973224858753
-3.9494109293445945
-3.8987037984188646
-5.525381773710251
-0.017559852451086044
-0.2915969289751956
-27.07724218192743
-4.7576534383697435
-5.813139443693217
-0.017559852451086044
-0.3490201550157508
-0.14453167328611016
-6.1897092163562775
-0.7054901598021388
-6.95049462094903
-2.34901854324562
-20.966444775956916
-4.723497235849209
-13.451402049453463
-6.086863998760236
-16.318391648877878
-5.915095906224451
-6.919421753307688
-28.22069958623615
-5.983529936798732
-18.830725676583825
-4.183883905410767
-2.387379214167595
-0.3490205211128341
-0.1468641529791057
-6.189709272235632
-1.5895708198659122
-14.254974807496183
-2.1115812777134124
-2.269147038459778
-2.1115812777134124
-2.269147038459778
-2.462577592523303
-2.8041057843365707
-0.27622337732464075
-0.40063830837607384
-0.7945240694098175
-1.1866611242294312
-4.4070761281764135
-18.271576387807727
-22.650895861908793
-8.769410418346524
-5.07155445771059
-6.4107824908569455
-9.367750659584999
-1.2760358524974436
-2.5185539089143276
-0.2549210477154702
-11.099163699662313
-13.832454214454629
-4.304876804351807
-8.859621801006142
-2.5626751808449626
-9.645188339054585
-11.330746650171932
-16.36338134109974
-2.579614859772846
-9.99458422884345
-1.4173295721411705
-1.448094664956443
-8.081381276249886
-1.9144922953273635
-2.7209511091932654
-8.655878036253853
-13.856800988069153
-14.674450360820629
-8.01643501885701
-3.065009117126465
-8.353469604451675
-0.5366196100185334
-19.2629870001183
-4.0574734369292855
-3.679224717838224
-0.3490201550157508
-0.14686429174616933
-6.1897092163562775
-0.9377563004381955
-2.825026162827271
-18.440922567926464
-0.12053633434697986
-20.209918660111725
-1.0227749003097415
-0.28684792314015795
-2.243770811939612
-0.16183204651315464
-7.38249682962487
-5.173806266946485
-1.1117740753106773
-11.338497691613156
-0.9061261105816811
-0.49903978307702346
-4.418203334280406
-1.9759057448245585
-0.8060398189118132
-0.8501643559429795
-0.24887971572752576
-7.97819960443303
-0.8416758676830796
-0.7790821921662427
-3.606426808211836
-1.7913249125122093
-1.1704071631465922
-0.6452804939181078
-0.1596292443573475
-9.875879215323948
-0.13362042978405952
-4.127259839820908
-1.158566025987966
-0.6371738448942779
-0.3490205211128341
-0.1468641529791057
-6.189709272235632
-4.948346147313714
-1.1994952383101918
-7.26113312097732
-2.6776691105915233
-6.364364353765268
-4.9104044461892045
-2.6046894232276827
-1.6286927176261088
-18.0400111998606
-3.260864890413359
-5.270998194813728
-9.17719889289583
-0.46257663890719414
-12.782122339587659
-3.2245368898147717
-4.215832877904177
-0.40063830837607384
-7.299141684488859
-0.40063830837607384
-5.250541648827493
-8.716212315834127
-1.771913598291576
-0.2728719711303711
-5.763975601301354
-6.7928528636693954
-5.257578711616588
-47.273453844711185
-9.505635783076286
-1.285990383476019
-1.5746014299838862
-0.044021863490343094
-5.545333549380302
-12.303009693539934
-7.299802974328486
-10.98748046439141
-2.5462837265222333
-6.398085995577276
-4.073808646353427
-5.285485913977027
-17.17065245984122
-12.65315751451999
-11.20897227525711
-16.098269772715867
-2.918123599141836
-1.4497734546894208
-0.2540087103843689
-0.3490201550157508
-0.14686429174616933
-6.1897092163562775
-2.399582849116996
-0.14266639947891235
-0.16183247119624866
-0.21415889263153076
-0.4010783226622152
-0.16183257550437702
-2.9756319965817966
-1.0641176534072656
-1.8069178868900053
-1.1832696605706587
-0.7621619198471308
-1.407962475437671
-0.8579990873113275
-0.5596577972173691
-0.7191492319107056
-2.5558896362781525
-23.71342781756539
-3.866938083432615
-1.273111917602364
-0.7159878551028669
-10.706563288345933
-8.209300737071317
-7.413972193346126
-4.343111217720434
-0.3490201550157508
-0.14453167328611016
-6.1897092163562775
-0.11254506930708885
-13.240632258559344
-23.316899010897032
-15.280505230417475
-1.0893140141270123
-0.4010777867442812
-0.40063830837607384
-13.482294110690418
-6.5712169031612575
-3.3406127912458032
-4.504963926039636
-3.349845537915826
-9.461237668991089
-4.438276639848482
-8.698586720740423
-0.1618321433707024
-1.0885366196744144
-0.46257619094103575
-0.34901879845710937
-0.1468655802309513
-6.1897102147340775
-1.9567786022089422
-0.20283618476241827
-0.16183257550437702
-5.9692481100792065
-10.513339244876988
-2.677668753400212
-6.94408695569291
-0.16183245256979717
-5.948441505432129
-0.4010783226622152
-4.5738237711339025
-5.15644401616737
-4.312265807762742
-0.11311922408276587
-15.862007041840116
-1.3400521872972604
-5.706974710483337
-26.850834319600835
-23.806926069839392
-17.942810465814546
-8.356440169212874
-22.84122022504198
-13.835022363320604
-6.351447462802753
-101.49532095721224
-21.231937808304792
-14.799983936361969
-2.8371977851202246
-11.857088962169655
-9.900977555222198
-13.157065459403384
-4.0261860461178
-10.217488530091941
-4.749261534423567
-0.3490188305877382
-0.1468658186495304
-6.1897092163562775
-0.9758960831677541
-4.075473457109183
-2.922210788325174
-7.415709283653996
-9.091214454500005
-7.697221693524625
-12.772272661328316
-5.675938608939759
-6.063642283901572
-0.40856853127479553
-3.9064380079507828
-32.37631696462631
-40.891747724148445
-18.292743280529976
-4.74986438706037
-4.398758871480823
-0.8944635391235352
-5.003635892644525
-2.496052651138598
-3.5342083991090476
-3.2669470605324022
-7.18775342468507
-4.799232712743105
-1.054610624909401
-6.483102598343976
-2.251036294561345
-16.766417093400378
-11.44459700922016
-3.3507058788090944
-6.078543521463871
-6.372503612190485
-2.467747956572566
-3.71326619759202
-19.34401449379584
-2.859591073647607
-10.662871029227972
-9.574148893356323
-4.378856658935547
-9.00462371041067
-0.6462467014789581
-7.798679884988815
-0.34901984270254616
-0.14686499116942286
-6.189709473401308
-0.20283605344593525
-16.189112122374354
-7.796528248873074
-2.6020427919283975
-13.353813307272503
-0.16183204651315464
-5.232636064291
-5.613450646400452
-13.115487671690062
-0.4716255720704794
-2.303946554660797
-0.3490194203041028
-0.14686545822769403
-6.189709194004536
-16.858350595794036
-4.8959112979937345
-3.2827921994030476
-1.2234717379324138
-0.30130931781604886
-0.6250806666794233
-5.736227142566349
-12.442647040443262
-4.042489492043387
-2.1115810392366257
-0.2762231342494488
-1.1855282918550074
-2.2787309866398573
-3.434338416373066
-0.8691134161908849
-18.34273345480142
-2.9655853678086714
-4.464154530083533
-6.028632289264351
-0.20283606741577387
-0.1562693016603589
-16.381849756871816
-2.0165691059082747
-0.409877747297287
-0.27622256334871054
-2.2691463828086853
-11.539415729232132
-2.742451772093773
-0.34901984270254616
-0.14686499116942286
-6.189709473401308
-4.883523340744432
-61.986746457158006
-13.179448588751256
-24.54895611666143
-11.265377796255052
-0.16183257550437702
-5.757491045631468
-10.120195664116181
-7.033462466206402
-0.3490194203041028
-0.10864054900594056
-6.189709194004536
-3.059841108508408
-5.818659961223602
-8.248644258012064
-24.448980391025543
-8.02685060101794
-2.5801346843654756
-8.974501522170613
-16.45613434165716
-0.16183224767883075
-26.31179477623664
-4.986269180837553
-32.96809457599011
-10.57196094468236
-31.733327721478418
-15.115058150608093
-2.0868955850601196
-0.9080721754580736
-1.952746638096869
-10.167441786266863
-0.34901879845710937
-0.1468655802309513
-6.1897102147340775
-0.11254483461380005
-3.8392840400338173
-18.229031756043696
-9.10371074435534
-6.75364933651872
-12.999921267335594
-6.931529596447945
-4.473009725654265
-7.772112923266832
-1.1866611242294312
-1.2583826942718588
-1.7136992681771517
-2.2589563876390457
-0.4010780463650008
-0.28935490641742945
-0.4010776972354506
-0.29168230295181274
-0.4010780463650008
-0.29168230295181274
-0.23985663056373596
-22.13728858716786
-5.611925003351644
-7.138797567225993
-4.32788360118866
-0.017559969404828735
-15.157587419264019
-2.995076267863624
-3.8194690663876827
-32.71832310408354
-0.34901984270254616
-0.14686499116942286
-6.189709473401308
-1.956778031308204
-16.209136956662405
-2.633309718221426
-7.849419770413078
-2.677668677526526
-4.485781174051226
-37.894332411000505
-6.8910060120833805
-4.290888022631407
-21.73946470822557
-3.058298930991441
-11.423991363262758
-4.161458879476413
-8.419531481340528
-16.534839208528865
-10.852299340825994
-0.14686545124277472
-6.189709719270468
-4.914180527441204
-6.87067773938179
-16.657136541529326
-5.60665547195822
-2.3679663836956024
-0.20400871010497212
-0.27622325252741575
-0.9292014538077638
-0.5767630599439144
-4.439916467294097
-15.91960008814931
-0.2762231482192874
-7.427155808691168
-12.725754000275629
-2.958247162401676
-0.16183257550437702
-4.360174116431153
-2.4468025541864336
-2.5755935609340668
-4.98605756694451
-5.2725785826769425
-4.4094999260269105
-0.3490194203041028
-0.14686545822769403
-6.189709194004536
-1.9567779060453176
-13.344577447860502
-4.586468633264303
-0.4098782241344452
-3.262316497042775
-0.16183247119624866
-0.4010779282762087
-0.16183247119624866
-0.4010779282762087
-2.8829247253015637
-0.4716253327205777
-0.3490188305877382
-0.1468658186495304
-6.189709559082985
-2.4981009080074728
-7.177865542372274
-18.19943679976859
-2.677669215365313
-3.071717478276696
-0.4010779282762087
-0.16183247119624866
-0.4010779282762087
-3.0393409514799714
-3.7057388072862523
-0.9634235398843884
-7.747286438243464
-6.691287321969867
-0.4006385151296854
-1.1866611242294312
-43.85896912231692
-12.68230688965923
-28.065951527663856
-10.03212182657444
-7.0884350426495075
-9.946878707036376
-0.3490201550157508
-0.14453167328611016
-6.1897092163562775
-0.5583399139577523
-0.33144874533172697
-0.9673187858425081
-2.4594728832598776
-0.5516343488707207
-1.9202199261808346
-0.9764979184838012
-0.5822124928236008
-0.1618321433707024
-4.075230337679386
-0.6877942234277725
-13.008856415050104
-0.4010774516573292
-0.6877942085266113
-0.6898678848519921
-2.3708892166614532
-0.7308429626282305
-5.628386178985238
-1.8214527489617467
-0.34901879845710937
-0.1468655802309513
-5.446519169025123
-5.357288198196329
-3.5173975341022015
-38.53231094276998
-16.042309433221817
-2.4530663825571537
-22.849671732874413
-25.945316999801435
-19.28474660916254
-21.95145594421774
-13.278389614846674
-11.759275136515498
-54.45865960489027
-2.718797279521823
-0.2762231342494488
-4.023671930655837
-27.730748586938716
-58.90458472832688
-5.37959223985672
-27.92334510036744
-20.067641271612956
-2.1422168207354844
-0.017559969404828735
-0.2028366569429636
-3.5961738621117547
-1.09801579881605
-14.648271448168089
-0.3423306891490938
-0.44471022284051287
-0.5845804007258266
-0.3490205211128341
-0.1468641529791057
-5.4465180383995175
-0.11254461761564016
-0.18344364843142102
-0.16797012090682983
-0.1618321433707024
-2.5212130325380713
-2.2221556539225276
-0.8768587764061522
-1.1245094268033426
-1.4009505257581623
-2.1493766888743266
-1.2988080871291459
-0.5656512784771621
-0.20283605344593525
-1.4009488103201875
-0.6460285362409195
-0.5967835582559928
-2.070857533282833
-0.6364159848308191
-1.5337686468510583
-1.5271577125240583
-1.3523730474298645
-0.7932343962602317
-1.3830153320086538
-1.2339925546621089
-0.5656511592678726
-5.3163198828697205
-0.3490205211128341
-0.1468641529791057
-5.4465180383995175
-2.7368963371845894
-44.4987968041969
-14.364895936567336
-2.7368963371845894
-15.285302413161844
-2.531806486195819
-0.5639764042571187
-2.6020427919283975
-3.8833195334591437
-5.332325723487884
-19.839672748923476
-31.461354344093706
-25.98258020315552
-0.4010776972354506
-1.6320528835058212
-2.28372722864151
-0.8191179977729917
-8.14502813341096
-44.31648545303324
-1.7954658679664135
-0.4716254351660609
-13.893709414216573
-0.3490191730670631
-0.14686545124277472
-5.446518515236676
-2.4981009080074728
-1.1866611242294312
-2.602043007937027
-18.817454956442816
-32.87419009426958
-26.775391042232513
-6.8179520992562175
-4.179196808021516
-0.3490191730670631
-0.14686545124277472
-5.446518515236676
-0.4467609211569652
-0.5206623846515868
-34.34412115086889
-2.677668753400212
-2.414790605136659
-0.4010779282762087
-26.651840978403925
-30.147098555229604
-0.2762226890772581
-5.682196994312108
-0.3490201550157508
-0.14453167328611016
-5.446518518961966
-2.5269998144358397
-7.270843673002673
-24.084211300654715
-8.379923522472382
-19.472946261172183
-3.3546294415718876
-25.04663417372649
-0.16183203906257404
-0.47162490151822567
-0.4010777867442812
-2.832445498497691
-7.367453037179075
-11.594103758921847
-3.6366031824145466
-0.20283606741577387
-0.3490191730670631
-0.14686545124277472
-5.446518515236676
-0.20283630210906267
-0.07308821514016017
-1.3849899930646643
-13.40311086177826
-12.519166827201843
-0.3396992404013872
-0.16183203906257404
-0.4010777867442812
-0.6243139822036028
-0.6751935621723533
-1.0675600618124008
-0.5400272014085203
-29.50554295614711
-1.1866613328456879
-3.0185941306554014
-1.3631607226016058
-13.67292246723082
-0.8191180862486362
-0.5352546460926533
-0.7690333994105458
-0.3490201550157508
-0.14686429174616933
-5.715956263244152
-2.2239773590117693
-12.274598213844001
-15.004100013524294
-12.097479850664968
-1.3451982140541077
-0.16183257550437702
-17.51355721789878
-8.219044527970254
-2.260083019733429
-31.00726978480816
-8.834836893278407
-0.3490194203041028
-0.1445309624541551
-5.715956002473831
-0.37651850283145905
-0.11254471354186535
-1.3823833356436808
-13.267142415046692
-0.3541697913897224
-0.3887297722394578
-1.7509124904172495
-1.5289308310311753
-0.24011289468035102
-0.35397222089522984
-0.6268705649999902
-1.6375422729179263
-0.09309064317494631
-0.41173140285536647
-0.5403157695909613
-0.7134437225467991
-0.4806697636231547
-1.8858061743158032
-0.18771471362560987
-1.2231289136652777
-0.9282566363108344
-0.3490205211128341
-0.14453178783878684
-5.715955648571253
-0.20283574238419533
-0.5346885383478366
-0.16183257550437702
-0.11254471354186535
-0.8696763357729651
-0.3751537725329399
-0.4010779282762087
-0.4308048579841852
-0.5352546460926533
-0.13785621151328087
-2.1108422891702503
-0.30426325369626284
-44.544200846445165
-34.80581837044883
-10.176281159998325
-0.4098779410123825
-4.628770577488467
-56.21928226284217
-2.677668782795081
-32.13385996038414
-3.4152155632764334
-14.212518942193128
-0.18223052471876144
-5.5430678864941
-16.335280844421504
-1.8110238736832116
-7.652496176669956
-10.674043531282223
-12.541468093171716
-2.0868955850601196
-6.252778075169772
-0.3490188305877382
-0.14453224930912256
-5.715955823659897
-18.46456914884766
-31.484725267859176
-57.77795736511325
-2.1115813959622756
-13.035889654420316
-39.74147606595943
-0.4098782241344452
-9.971042352146469
-3.1608828043972608
-16.194282689190004
-20.728811546607176
-5.311492985885707
-8.433741782951984
-0.4098782241344452
-11.698224877705798
-2.269147142767906
-3.6995067644747905
-0.3490201550157508
-0.14453167328611016
-5.715956263244152
-0.017559969404828735
-7.456587413267698
-5.110196515917778
-2.6020427620969713
-0.16183245256979717
-0.4010776972354506
-3.2977571170195006
-10.304737608879805
-10.197378998622298
-22.280044535524212
-0.16183233708579792
-2.872557181864977
-0.4010784121710458
-4.274347426136956
-0.4625767720863223
-9.724955908954144
-13.74346924200654
-3.7865552473813295
-16.09933778643608
-1.05986831150949
-0.3490194203041028
-0.1445309624541551
-5.715956002473831
-3.2102384828031063
-5.818659618496895
-2.9145315908826888
-11.810789533075877
-2.950619978364557
-0.2357663165894337
-0.13421920570544899
-0.4935413207858801
-2.1267611149232835
-0.16183233708579792
-0.17170705252647167
-0.4010776972354506
-1.01250159740448
-15.90496826171875
-6.930617262951273
-11.93621864169836
-5.571870773288538
-8.736218853358878
-7.602596147422446
-0.17056410913937725
-7.407375033944845
-23.53516848498839
-7.565589822535912
-11.96016815173789
-1.6956723557705118
-36.5475101521879
-5.694176542721834
-0.0440220907330513
-5.778393047847203
-7.5843564353417605
-0.3490188305877382
-0.10864067450165749
-6.189709559082985
-21.70602817944018
-2.549603415216552
-8.751754861266818
-15.106172466104908
-29.91673086117953
-0.50210545093978
-1.5700173624791205
-3.8163907273992663
-6.588843332083343
-10.287081231363118
-19.170300591737032
-0.4010784121710458
-17.112161077558994
-10.999155308119953
-2.527000051923096
-9.435024279169738
-37.94033943803515
-0.47162521351128817
-13.688321932961117
-9.28012306992241
-24.410405799746513
-4.136210767086595
-14.109045613455237
-7.3331676728557795
-0.3490192669269163
-0.14686522167176008
-6.189710136502981
-0.27622325252741575
-7.221034084359417
-0.048737298711785115
-5.361072485568002
-9.480896074324846
-2.6776686192897614
-1.3888820558786392
-0.16183204651315464
-5.948441505432129
-0.4010776972354506
-0.7246030448004603
-4.140240840613842
-6.415854588150978
-4.24882355608861
-8.28301030608418
-2.5866394490003586
-8.51904892217135
-10.329402088886127
-1.1062941416166723
-2.8867361166048795
-0.3490205211128341
-0.10864043841138482
-6.189709272235632
-1.5895708198659122
-13.032389984553447
-11.215378426073585
-2.1115809200855438
-11.548104712652275
-9.387407626549248
-3.5057452222317806
-6.496249713236466
-12.743982721120119
-19.33111362362979
-2.269147142767906
-5.906725123393699
-2.536575572565198
-13.130197975144256
-0.2762231482192874
-0.34901879845710937
-0.14453318738378584
-6.1897102147340775
-0.11254483461380005
-28.35981516574975
-9.578934066783404
-12.742648795247078
-1.469153415877372
-1.2126810550689697
-3.9836089907985297
-2.469383735471638
-13.21475578652462
-17.983823415474035
-9.4124569298001
-8.999805367318913
-14.498451684135944
-4.857334825908765
-6.074811895930907
-1.9915859283064492
-0.16183247119624866
-15.520823173807003
-5.127815314190229
-9.78897791262716
-3.5070847041279194
-7.34610110570793
-5.118861833907431
-12.228777395212092
-0.2284824401140213
-28.23984564022976
-2.278574123745784
-16.757422231137753
-9.917382761261251
-0.017560324136866257
-5.651824690401554
-4.516682893510733
-0.3490201550157508
-0.14686429174616933
-6.1897092163562775
-9.877686835825443
-2.068862205152982
-1.005381400231272
-2.798921193636488
-0.7806127201765776
-11.93621864169836
-1.6670885526618804
-4.969334415451158
-2.668260057544103
-2.0752671026129974
-0.3791327467188239
-0.6892666533822194
-3.4193095123773674
-0.47863532093469985
-0.5003260844387114
-1.3840501890517771
-0.5352543275803328
-0.545153696089983
-0.8079352172790095
-3.5449323237407953
-0.3490192669269163
-0.14453259902074933
-6.189710136502981
-13.775050913449377
-22.7808775640151
-2.549603474821197
-4.969334530876949
-9.757006740488578
-9.617494335689116
-0.4716255720704794
-1.4703266411088407
-9.072177899070084
-0.9070116551592946
-0.934262849856168
-0.3490201550157508
-0.10864079720340669
-6.1897092163562775
-0.2762226890772581
-9.750650443136692
-3.8389862460899167
-0.16183247119624866
-0.27622325252741575
-3.1975057721138
-0.34901879845710937
-0.1468655802309513
-6.1897102147340775
-12.156208430882543
-14.960378600400873
-1.938705458669574
-0.7683439145912416
-0.15499661676585674
-0.38776081800460815
-3.026621808152413
-2.184332006960176
-0.5854413381312042
-0.369951894175756
-0.3102291305185645
-1.4145649582242186
-0.2599656510865316
-0.3490194203041028
-0.1445309624541551
-6.189709194004536
-0.11254461761564016
-0.18688668502727523
-0.11254471354186535
-1.1866613328456879
-0.03654509410262108
-21.39901432039187
-6.49842136989173
-14.625268089090241
-0.16183245256979717
-0.4010776972354506
-0.16183245256979717
-0.3490205211128341
-0.10864043841138482
-6.189709272235632
-3.1190116109210066
-5.754020824155305
-4.969334650144447
-4.219446785398759
-0.43458246876252815
-0.40107764566346304
-3.1081778300722362
-8.548605616575514
-4.202763311564922
-8.45194144261768
-1.683351382613182
-0.2762231342494488
-1.1866611242294312
-27.494091207685415
-0.4010783226622152
-15.042481908616537
-6.682116158481222
-3.1394301461987197
-2.3873791247606277
-1.1866611242294312
-14.83525722369086
-15.655875511467457
-10.372903656214476
-3.0882120511232642
-6.629423435777426
-2.2600828409194946
-25.079190353746526
-1.6567061166279018
-0.40063791908323765
-0.3490201550157508
-0.14686429174616933
-6.1897092163562775
-0.20283653866499662
-4.525710760615766
-3.698732384800678
-7.426250313670607
-4.018710126110818
-14.362123534141574
-3.418022781610489
-12.984512813418405
-6.8731429278850555
-19.18723113834858
-0.16183247119624866
-5.951745440019295
-2.0233521163463593
-19.517945962426893
-8.583404163160594
-0.4098782241344452
-1.298238579183817
-0.4010784121710458
-10.489338104016497
-2.0047688837657915
-9.909675784409046
-7.840935219952371
-13.467214958742261
-4.976210958964657
-24.28231821776717
-0.8867444555507973
-12.69063819298026
-9.590576548594981
-6.408682466018945
-20.21138506522402
-5.090292057022452
-0.2762226890772581
-2.482674819417298
-0.3490188305877382
-0.1468658186495304
-6.189709559082985
-2.02080316725187
-18.380638285307214
-4.344387379474938
-2.549603474821197
-4.969334530876949
-2.6682603923545685
-0.8191181775182486
-25.9219521843479
-17.13887771766167
-8.636916977004148
-11.867822943546344
-3.091785960015841
-11.519388757646084
-6.104460367001593
-2.5496034449897707
-15.611944989708718
-10.835721338458825
-9.49219799041748
-23.35451632924378
-18.79356801137328
-10.853604925097898
-4.567716257821303
-7.003291007131338
-1.2444826137507334
-6.84330745972693
-2.007868773303926
-0.3490201550157508
-0.10864079720340669
-6.1897092163562775
-0.11254506930708885
-8.41867733001709
-0.9663432314991951
-1.6380480779116624
-3.0984261631965637
-1.01250159740448
-0.19738536831573583
-1.0160173801778
-1.5660813814029098
-1.0506382226012647
-0.5399651282932609
-0.33875808119773865
-0.08029275259468704
-0.8511857519624755
-0.16183247119624866
-0.18519057577941567
-1.0125017166137695
-0.16183203906257404
-12.519166946411133
-1.01250159740448
-0.3145906912977807
-0.5715672935425573
-0.1428087204694748
-0.061715215095318854
-1.1815175028750673
-1.20459076523548
-0.5179966263658571
-0.7209393787779845
-2.397150263132062
-0.5003466485068202
-0.12313963938504457
-0.054864928126335144
-0.6500714329013135
-1.059051213449493
-0.7684625263791531
-0.645257834396034
-2.775587638122488
-0.01756044224021025
-7.645999320084229
-0.2779766496969387
-0.7278349336702377
-0.3490201550157508
-0.14453167328611016
-6.1897092163562775
-4.749665215611458
-0.9976119186030701
-2.398225673357956
-0.6883871763129719
-2.4064467859861907
-1.3647791073890403
-0.0440220907330513
-1.230766333650763
-1.612450867643929
-0.0440220907330513
-0.3530682409182191
-0.7404411895549856
-0.04402174800634384
-2.3222276903688908
-0.0625541593253729
-5.948429442927591
-38.48257230705349
-8.24779368576128
-23.85795359138865
-2.6306099481880665
-17.377224686089903
-20.775632238015532
-19.17178517114371
-26.384795481339097
-14.633242451571277
-9.387407514732331
-0.4010776972354506
-5.948441505432129
-10.484794441937993
-25.81177933314757
-7.134227609436493
-2.269147142767906
-0.2762226890772581
-0.3490201550157508
-0.10864079720340669
-6.1897092163562775
-1.1866611242294312
-0.16212800820358098
-7.445667027379386
-1.2432900432977476
-1.3426136837806553
-0.16183245256979717
-0.4010776972354506
-0.09118532110005617
-1.3329440559900831
-1.1418637774695526
-0.718973425187869
-0.7986683275375981
-0.48621178045868874
-0.8671882420312613
-1.4378269677981734
-1.8308023982099257
-0.6819214352726704
-1.615503861437901
-0.4507857991848141
-0.7430016663856804
-0.5352546460926533
-0.7888062326237559
-0.7888052649796009
-0.8932787763187662
-0.608458352740854
-1.3710215031751432
-1.2211140977451578
-6.193372935444131
-18.59522509360977
-23.158551002619788
-9.66809456795454
-1.092709019780159
-2.313590900041163
-9.362977812590543
-0.4010779282762087
-2.381349799223244
-2.6665663598978426
-2.0868957340717316
-0.2762231482192874
-0.34901879845710937
-0.14453318738378584
-6.1897102147340775
-0.20283606741577387
-1.1866610646247864
-3.1925755590200424
-0.1822304129600525
-18.507700659436523
-6.8944350082892925
-5.743656128588555
-2.459796976763755
-11.146354106298531
-0.7492102384567261
-0.16183224767883075
-7.296960636973381
-0.4010777867442812
-25.147605328587815
-76.28316989773884
-7.876153813616838
-34.74058035870257
-8.423978290404193
-8.720844088646118
-15.016205359250307
-39.40192793402821
-8.574587825831259
-24.197038609767333
-9.658408030867577
-2.269147038459778
-6.491838724119589
-13.267350558919134
-4.880494461860508
-16.690012454986572
-0.3490188305877382
-0.10864067450165749
-6.189709559082985
-5.590757705271244
-1.7826822359056678
-15.20044676354155
-0.4098782241344452
-6.890149576123804
-10.354137123867986
-3.312498267740011
-8.145128037635004
-1.5793125592172146
-4.070795189938508
-0.1822304129600525
-3.2975569143891335
-13.056852959096432
-6.93724922639376
-9.49284890544368
-2.2691469341516495
-1.7393183950334787
-0.27622256334871054
-0.3490191730670631
-0.14686545124277472
-6.189709719270468
-0.8944636136293411
-4.666732268407941
-3.366116251796484
-7.310725533170626
-0.1618321433707024
-0.7972254659980536
-1.4370077881030738
-1.410551171284169
-0.4010779282762087
-9.722747475709184
-12.510015089937951
-11.274311732471688
-0.4010783226622152
-3.7437207724360633
-3.9829003722406924
-0.2762226890772581
-11.839750563027337
-0.2762234751135111
-0.34901984270254616
-0.14453202695585787
-6.189709473401308
-5.633383355103433
-1.3497693778190296
-0.4316200503089931
-2.5396575331687927
-0.8685093186795712
-0.42571257243980654
-3.059735103743151
-0.3490194203041028
-0.14686545822769403
-6.189709194004536
-2.368119116872549
-18.668296830863255
-16.966102571226656
-15.761572442239412
-0.16183204651315464
-0.4010774516573292
-8.348533730953932
-10.050271176733077
-1.0270961448550224
-7.127878488507122
-8.903763916270691
-2.0734953163191676
-4.927364239381859
-3.5883876280277036
-4.166848374530673
-3.3860147139057517
-3.2060001539066434
-0.3490205211128341
-0.1468641529791057
-6.189709272235632
-2.392915348056704
-34.45814150845399
-6.988746439979877
-1.7557782108196989
-12.071518422679219
-14.868448495049961
-10.734645038843155
-11.06575658917427
-0.4010780463650008
-9.961917421082035
-10.979536787170218
-5.922226733819116
-11.065756887197495
-5.298980833031237
-0.8944636881351471
-11.105268159328261
-10.354137839356554
-10.448151953351044
-9.976198596355971
-0.40987804532051086
-5.036544309929013
-28.824705533625092
-2.743905797280604
-1.15479851141572
-7.100786735187285
-3.400896997685777
-6.577100288122892
-6.767437515547499
-2.036560926353559
-9.211975369602442
-13.697829743126931
-9.249228199303616
-19.908304452896118
-0.22909175232052803
-0.4098782241344452
-0.22909155022352934
-0.3490188305877382
-0.10864067450165749
-6.189709559082985
-7.103349354059901
-0.2481596666839323
-2.870036673055438
-42.96953855133688
-0.7240613477479201
-1.8726806865306571
-0.822738063126053
-16.774551396578318
-4.624944718554616
-9.89608760853298
-0.7198492884635925
-3.027821922674775
-2.6682611064461526
-1.483352479783207
-0.16183247119624866
-0.16183203906257404
-0.16183224767883075
-3.283666428120341
-4.023873336584074
-3.2495668183546513
-4.8511821031570435
-6.35235710721463
-13.64492074950249
-4.108617592166411
-38.48776958556846
-0.4010780463650008
-3.438577998429537
-0.22909164801239967
-0.27488025836646557
-0.20283618476241827
-0.3072023331624223
-24.422637978743296
-5.279227665625513
-0.3490201550157508
-0.14686429174616933
-6.1897092163562775
-0.11254506930708885
-1.9452448636293411
-1.9494500667788088
-15.090697158128023
-6.777847447432578
-8.036260582273826
-2.0098638236522675
-2.4215257931391534
-1.7867039859411307
-18.497798422977212
-2.832340027380269
-11.491065111338685
-2.5445916447788477
-14.7669933137513
-3.534120114745747
-5.945096687180921
-5.999585471116006
-5.4371971636956005
-4.6342125199735165
-0.9425432796997484
-15.236451547925753
-0.08423368576836765
-0.20283574238419533
-0.34901984270254616
-0.14453202695585787
-6.189709473401308
-20.756198537535965
-4.470503957942128
-28.848162111302372
-10.05352692026645
-10.327987983007915
-13.518472619354725
-10.69552149437368
-26.254288786731195
-7.1337842454668134
-12.358300393505488
-0.1809510820894502
-8.895917891873978
-6.402263845317066
-13.470106974244118
-0.462577217258513
-6.554570939159021
-2.365522474050522
-5.970146106556058
-2.241446651518345
-0.34901879845710937
-0.1468655802309513
-6.1897102147340775
-2.1022409051656723
-5.458560932427645
-1.2909399843611027
-8.609889212719281
-4.680104322731495
-0.8191181160509586
-13.15085282921791
-18.952843979001045
-7.904065607319353
-1.01250159740448
-0.3490205211128341
-0.10864043841138482
-6.189709272235632
-1.3835260667838156
-0.11254461761564016
-10.694986581103876
-6.720165967941284
-0.16183204651315464
-12.240023590624332
-7.210876435041428
-0.4010774516573292
-17.7286812068196
-7.47639381152112
-10.450925888027996
-12.72320800088346
-0.34901879845710937
-0.10864091431722045
-6.1897102147340775
-3.9247706770547666
-10.10141210258007
-5.562822722364217
-1.0029418893391266
-3.1341356486082077
-0.14770453743403777
-0.5290661093604285
-1.09305739402771
-10.776705726981163
-6.103148814290762
-4.000204153358936
-5.993792751803994
-2.1331114815548062
-19.05415444538812
-8.961669520591386
-0.20283574238419533
-5.948441982269287
-0.3490188305877382
-0.1468658186495304
-6.189709559082985
-10.61691027985944
-16.9698309840187
-15.67400930574513
-2.677668455435196
-0.1618321433707024
-5.948441982269287
-0.40107764566346304
-11.066289028793108
-3.858579939114861
-14.623079202596273
-22.17239723365492
-11.491582713788375
-13.279991097660968
-23.250467859121272
-30.746327884931816
-42.77209732202755
-0.8564302744343877
-11.64450216665864
-3.9947579400613904
-8.49920982576441
-0.9488724774128059
-1.683351382613182
-0.4716246807947755
-1.1866610646247864
-6.141393242753111
-26.61886420911469
-6.971614051115466
-7.53767038177466
-0.9110861019216827
-4.665097709745169
-7.5765843307599425
-4.320601956453174
-0.34901984270254616
-0.14686499116942286
-6.189709473401308
-0.11254461761564016
-0.4058948546007741
-5.279472361144144
-5.155738566623768
-1.7500232150778174
-0.4540014239028096
-16.264368586125784
-2.6682603923545685
-8.947338177313213
-2.6682612264412455
-3.130908166989684
-0.4716255720704794
-0.37686577811837196
-1.380931875668466
-0.3490205211128341
-0.1468641529791057
-6.189709272235632
-0.11254518572241068
-8.41867733001709
-16.34714965170133
-7.370041719870642
-0.4010774516573292
-6.824093549512327
-4.749664515256882
-0.8397212075069547
-1.1330218800849252
-0.3017870756684715
-1.7175017630215734
-2.406446363107534
-1.3647793444106355
-0.044021863490343094
-1.230765903132351
-1.6124505469779251
-0.04402243345975876
-0.353067729040049
-0.7404393689357676
-0.04402174800634384
-2.3222276903688908
-0.0625541593253729
-9.804025165794883
-21.95344587462023
-9.895331835374236
-5.597229240229353
-9.071801062906161
-24.576783806085587
-2.0868957340717316
-0.4716246807947755
-7.2377599105093395
-12.11970767180901
-3.0909477565437555
-11.498538115352858
-8.033702409502439
-0.4098782241344452
-4.057473125867546
-0.40987811982631683
-19.70428450219333
-4.057473364286125
-0.9070111252367496
-0.11254471354186535
-0.3490205211128341
-0.1468641529791057
-6.1897092163562775
-8.41867733001709
-7.269808839773759
-2.6249008459271863
-6.843306419119472
-8.066022968352627
-3.328569298682851
-10.13974078852334
-2.549603445077082
-0.16183245256979717
-8.41867733001709
-0.4010780463650008
-8.41867733001709
-0.4010783226622152
-8.41867733001709
-11.779111215262674
-3.3824111970316153
-0.4716246807947755
-0.4716246807947755
-4.491249665617943
-0.8191182361915708
-5.986294420727063
-17.049887622939423
-1.746706299483776
-0.20283618476241827
-0.20283606741577387
-2.6611708131677005
-0.3490194203041028
-0.14686545822769403
-6.189709194004536
-0.04966400982812047
-1.5310779483988881
-0.7379185222089291
-1.1949788597412407
-0.9545415889588185
-0.06575115956366062
-12.519166827201843
-0.16183247119624866
-12.519166946411133
-1.1949788597412407
-0.40107764566346304
-12.519166707992554
-0.39182429091306403
-2.078667202964425
-0.40107764566346304
-0.3981694281101227
-0.34901879845710937
-0.10864091431722045
-6.1897102147340775
-0.02315647155046463
-1.6947202991432277
-12.519166946411133
-0.16183203906257404
-0.6396962715371046
-12.519166827201843
-0.4010784121710458
-7.652972221374512
-0.21415908634662628
-0.17186378687620163
-0.8383266687160358
-0.32812526979250833
-0.14958347789070103
-4.172005742788315
-4.172005742788315
-4.965285035475972
-6.013353295624256
-4.057472771033645
-2.923566762387054
-2.6677908897399902
-16.42011123127304
-0.3490201550157508
-0.14686429174616933
-6.1897092163562775
-1.9777597654610872
-0.04966389387845993
-0.3513476658554282
-0.8589728347287746
-2.1423165661253734
-0.714997437200509
-12.519166827201843
-0.3673495911061764
-12.519166827201843
-0.39365700531197945
-0.1618321433707024
-0.20372966580180218
-0.16183245256979717
-0.4010776972354506
-0.4010783226622152
-3.211699582869187
-0.24212256840110058
-0.6650944128632545
-0.28757686633616686
-0.3490188305877382
-0.14453224930912256
-6.189709559082985
-2.042615743353963
-15.953132991776329
-0.40987811982631683
-4.5448937205947
-0.1618321433707024
-0.4098779410123825
-14.823620531708002
-0.4010779282762087
-0.8191179996356368
-0.1618321433707024
-0.4010784121710458
-4.785803571343422
-3.652285343967378
-0.4006379805505276
-2.455692768096924
-8.316472090074967
-0.6195791233330965
-1.381948547801585
-7.350390051229624
-2.6226028445671545
-0.3683086590608582
-2.320619186386466
-15.06205129623413
-8.830724239349365
-3.5904725154832704
-2.5204900205135345
-0.01756044224021025
-28.841131916909944
-8.182585499249399
-0.34901984270254616
-0.14686499116942286
-6.189709473401308
-2.368119038641453
-8.817665163835045
-17.290559040702647
-2.1115812777134124
-29.813081668966333
-0.16183245256979717
-0.4010776972354506
-24.772299284755718
-5.118557495530695
-21.53590028040344
-3.8220109697431326
-0.2762229461222887
-1.804483309853822
-1.67340886592865
-0.3490191730670631
-0.14453236432746053
-6.189709719270468
-2.7146032792516053
-9.002961031988889
-7.8395275846123695
-29.819718892031233
-8.214074942283332
-10.35413678183977
-17.6632111427607
-3.528872770257294
-0.16183247119624866
-6.944579481030814
-4.055917888879776
-0.16183203906257404
-1.1866611242294312
-3.345339104067534
-0.4010780463650008
-9.69486542373852
-0.3490188305877382
-0.1468658186495304
-6.189709559082985
-1.4006246775388718
-5.571360781788826
-12.332105946188676
-15.09698174521327
-2.5801346397201996
-19.605352445149038
-13.005570051493123
-2.7320907711982727
-0.11311900056534796
-10.975624406564748
-6.918875718882191
-8.786147388629615
-14.103337016858859
-9.98286100605037
-3.942459823563695
-0.032189950346946716
-2.584766276879236
-0.1618321433707024
-0.4010784121710458
-0.3490192669269163
-0.14686522167176008
-6.189710136502981
-2.368119105696678
-2.0189576279371977
-2.118632177989639
-15.155078967130976
-7.3395990072749555
-29.39621081709629
-27.656204401315335
-13.573682591682882
-10.453595530034363
-11.317732082679868
-14.043234450393356
-10.308719098713482
-31.284170935396105
-2.0847447681153426
-16.604326542903436
-15.861877192743123
-10.191196029598359
-0.43914240319281816
-1.6770170275121927
-1.502604448935017
-11.461726028472185
-3.5591543718765024
-3.743628978729248
-7.358969361812342
-4.4792726419109385
-4.359626442193985
-4.385249577462673
-14.45921501936391
-7.265644580125809
-1.9966440630960278
-3.824182680575177
-5.7468267399817705
-3.5449320934712887
-0.34901879845710937
-0.1468655802309513
-6.1897102147340775
-21.693149713391904
-2.43163841610658
-2.3265450909675565
-2.1115809796901885
-5.889604344381951
-8.633230244973674
-4.360295199789107
-2.158441571635194
-3.071445990644861
-11.458955567912199
-5.615849435329437
-1.9270370304584503
-18.115808085538447
-14.448040261806455
-0.3490201550157508
-0.14453167328611016
-6.1897092163562775
-0.11254506930708885
-19.332740480844222
-2.3781411641830346
-2.677669215365313
-0.16183224767883075
-0.4010780463650008
-0.4010777867442812
-1.787698084488511
-8.558228308334947
-1.2774703996255994
-1.8380430825054646
-9.637199849821627
-3.894788928620983
-10.724666800146224
-4.307310873642564
-0.4010784121710458
-8.41867733001709
-47.770378044566314
-13.632559839286841
-7.418445278890431
-6.477035560179502
-3.4041836634278297
-4.885769631713629
-3.2060004649683833
-5.801497545093298
-0.34901879845710937
-0.1468655802309513
-6.1897092163562775
-2.3585964024532586
-0.11254473589360714
-11.324886848218739
-15.880790359544335
-4.712702416116372
-2.471027148014173
-1.7557775254826993
-12.519166946411133
-0.47162490151822567
-4.172005742788315
-12.519166827201843
-12.519166827201843
-3.5967188072099816
-3.9076376964803785
-17.960128250007983
-10.226014495237905
-4.172006130218506
-0.16183247119624866
-4.805430839769542
-3.3390469551086426
-0.471624874509871
-0.9989265762269497
-10.101412177085876
-0.34901879845710937
-0.1468655802309513
-6.1897102147340775
-0.20283606741577387
-0.26254822028568015
-1.7133422836777754
-12.519166827201843
-0.8376524111372419
-6.431098905857652
-0.16183204651315464
-0.16183247119624866
-1.2732263525249436
-0.09749078284949064
-0.28922871802933514
-0.3490201550157508
-0.14453167328611016
-6.1897092163562775
-0.18126460816711187
-1.600808427472657
-2.114710225549061
-0.30425480008125305
-1.0473742929461878
-0.3069262448698282
-0.22797194123268127
-0.5647187773138285
-0.40107764566346304
-0.9820791996316984
-0.6657376408111304
-0.855973657220602
-0.2225233920617029
-0.6279877589549869
-2.078667202964425
-1.074589384639694
-0.5551916720578447
-2.0209224783611717
-1.1866613328456879
-3.4067222035955638
-18.315832857158966
-2.9038259983062744
-25.110442054632585
-7.22961740125902
-0.34901879845710937
-0.10864091431722045
-6.1897102147340775
-2.7146039605140686
-6.103993403055938
-6.897752935736207
-2.677668753400212
-4.9693341863458045
-8.282823233734234
-0.4010776972354506
-16.88363118099369
-0.7449889364506816
-6.450075088068843
-0.3490188305877382
-0.1468658186495304
-6.189709559082985
-0.8944638818502426
-15.737846062562312
-10.262186251093226
-32.487986267122324
-13.595800071061603
-2.6776686644589063
-7.188471247442067
-4.525710642337799
-4.8612353581993375
-0.6317259967327118
-4.132236378034577
-18.11340179228864
-2.983345929533243
-10.945156896588742
-6.080321885121521
-0.7068158090114594
-10.183071128994925
-5.154370855540037
-11.570891334260523
-11.441271701827645
-7.578534098392993
-13.59800668247044
-11.091244686569553
-18.617648780025775
-5.585921834630426
-2.553996241185814
-4.445453084757901
-0.30456218123435974
-0.2762229461222887
-23.424313511699438
-2.4548546262085438
-1.2361130574718118
-0.08608232403639704
-11.936218313872814
-0.16183203906257404
-0.7158730141818523
-0.4010776972354506
-0.16183245256979717
-0.4010776972354506
-0.28236066584941
-0.1074259802699089
-0.14947817288339138
-0.11137249320745468
-0.05271006561815739
-2.69679196504876
-0.34901879845710937
-0.1468655802309513
-6.1897102147340775
-0.11254483461380005
-8.41867733001709
-7.135356749873608
-17.032161832787097
-0.16183224767883075
-4.387114338576794
-0.4010777867442812
-3.309262089431286
-4.487892476841807
-2.2578811086714268
-0.3490201550157508
-0.14686429174616933
-6.1897092163562775
-1.9567786077968776
-4.39956112715663
-4.619369549909607
-2.0558108522818657
-0.18736056704074144
-3.9624053463885502
-11.692433406074997
-0.17982219392433763
-2.281170464862953
-4.047529689967632
-9.387407514732331
-2.5287483845022507
-19.315542630385607
-6.875871939584613
-9.794002826791257
-2.746859475329984
-9.309040297346655
-11.959764683757385
-9.244363660982344
-4.578546479344368
-21.824498373522147
-12.237684866573545
-5.642694793292321
-15.997824962367304
-17.459527868646546
-14.803503738046857
-11.25630487051967
-1.5399694982916117
-4.966571045573801
-1.367906498722732
-7.303951167501509
-15.338437708647689
-12.100898994831368
-8.38474843185395
-5.158256625756621
-7.322229504585266
-1.7228831513784826
-2.1194844390265644
-6.034327304107137
-4.285514239920303
-11.042578361331834
-6.1944867009005975
-2.3194995036174078
-10.388012685347348
-7.413554295897484
-5.671737932600081
-4.141059875488281
-5.4512272430583835
-2.3873790353536606
-4.477327815722674
-0.3490205211128341
-0.1468641529791057
-6.189709272235632
-13.535180022474378
-5.713605783996172
-2.6776686644589063
-9.387407626549248
-1.62869224055612
-11.544119918806246
-10.354137123867986
-11.972062237171485
-2.0177231681882404
-0.8951680189929903
-4.546419249847531
-15.16138729369959
-1.9634087556041777
-3.6846566717140377
-0.40107764566346304
-5.335237473249435
-4.646514415740967
-15.05296352156438
-8.15733994729817
-3.9057713197544217
-6.376597985468834
-6.86781003465876
-7.540013065707171
-0.3490201550157508
-0.10864079720340669
-6.1897092163562775
-0.5237747210776433
-0.21850825093861204
-1.351925834780559
-2.1194155183075054
-0.5440124161541462
-0.844594064168632
-1.046572568215197
-1.5934045379981399
-12.51916778087616
-0.1618321433707024
-0.14140890713315457
-2.9768716595863225
-0.11311922408276587
-0.7448495682328939
-0.5578367528432864
-3.3853621368616587
-0.9228774755611084
-0.26071335067445034
-1.5772147531388327
-0.24138849490555003
-9.557527124881744
-0.30013977899216115
-2.406394612044096
-0.8382966257631779
-0.34877029061317444
-0.343405821477063
-1.1645179083934636
-3.416374698514119
-0.3024283908889629
-0.30425480008125305
-2.078667027875781
-0.16183224767883075
-0.4010780463650008
-1.128183919005096
-1.7282277401536703
-0.2536871773772873
-0.15382824838161469
-0.20538735743321013
-0.08575460242718691
-0.42035141635278706
-0.26808246419386705
-0.9031958434497938
-0.43178594853088725
-0.18315661473752698
-0.5978937369145569
-0.4939583568757371
-2.029167507076636
-0.6068538432009518
-1.3518543733662227
-0.39570901868864894
-1.0035858871415257
-0.3855710548814386
-0.3490192669269163
-0.14686522167176008
-6.189710136502981
-2.358595455996692
-30.79882516118232
-8.954016009636689
-2.5496034151874483
-0.16183247119624866
-2.6682613441953436
-2.66826123354258
-9.168773174285889
-0.4010780463650008
-7.953381729312241
-0.8191180862486362
-8.627465547153406
-1.097963376028929
-2.668260057544103
-1.0979628582135774
-4.382997134496691
-2.507025892380625
-0.5454253203188273
-0.19290146901039407
-0.334634921309771
-1.8166742855974007
-0.31083671319356654
-0.7217200400154979
-0.535254467278719
-0.3541720490902662
-0.3490201550157508
-0.14686429174616933
-6.1897092163562775
-0.4255182866472751
-0.9888602708670078
-0.7957147083616292
-0.4010784121710458
-0.2150416485965252
-0.8623998165130615
-1.6296289876336232
-2.0210919346427545
-0.16183245256979717
-0.4010776972354506
-0.2946000450028805
-0.7888052649796009
-3.614350971984095
-0.7601715361815877
-3.252401903271675
-6.892317157180514
-13.480613907333463
-7.378668546676636
-1.2666025182115845
-3.2524014078080654
-9.784668036736548
-3.085997221060097
-0.8255241913720965
-1.396187899634242
-6.564937078743242
-2.9307316491904203
-11.948743947956245
-24.56162512798619
-22.577409267425537
-4.721366942045279
-10.97002748943487
-1.1922736708074808
-5.168518708771444
-20.99683466629358
-0.3490194203041028
-0.14686545822769403
-6.189709194004536
-0.7534402290475555
-0.3345181152690202
-2.10598790810036
-1.1040342312662688
-0.22931870818138123
-0.22931836917996407
-0.16183247119624866
-0.16183203906257404
-1.3808810411337618
-0.4010779282762087
-0.20936231268569827
-1.0567074508871883
-2.0380180772044696
-0.5325320109259337
-0.4051701927965041
-0.07154641300439835
-4.183575758917868
-4.183576473504218
-1.1088131039359723
-2.260083258152008
-0.3490188305877382
-0.1468658186495304
-6.189709559082985
-8.670321260113269
-0.6345607400289737
-0.08082231570733711
-0.7977989106439054
-0.6207143757746962
-2.555723628087435
-2.0715354792482685
-0.40337129397084936
-0.9492461364716291
-0.2814064808189869
-0.26808192590397084
-1.3998201950453222
-8.560340737385559
-4.969334655674174
-1.9587645758874714
-0.4010777867442812
-21.28851975640282
-0.6954492439108435
-1.4047119803726673
-0.40385193994734436
-11.909853997640312
-0.2728717029094696
-6.872139858081937
-17.68450127678807
-2.6682619187922683
-8.211254291876685
-0.4010776972354506
-3.1220026756927837
-1.1541910237065167
-0.34901879845710937
-0.14453318738378584
-6.1897102147340775
-2.849288816563785
-7.7855226589381346
-11.678372424677946
-1.0942915380001068
-12.519166707992554
-0.16183233708579792
-0.40107764566346304
-2.6953952354379
-8.453543095791247
-1.796011472120881
-2.6102344840765
-15.878637851215899
-11.406243052333593
-11.11743198055774
-0.29447894589975476
-1.7171875375788659
-0.3490191730670631
-0.14686545124277472
-5.025786176323891
-0.11254472937434912
-3.801061098172795
-30.244871581162442
-1.502234764280729
-0.032189834862947464
-0.4010783226622152
-0.10035777813754976
-1.2254540833819192
-0.09729928395245224
-0.11311946623391123
-2.002793832682073
-6.077699449713691
-6.881147582549602
-0.3490191730670631
-0.14686545124277472
-6.189709719270468
-43.19149632038898
-29.61875697481446
-25.915114294039086
-20.025161726400256
-0.16183204651315464
-5.161173582077026
-2.5897618643939495
-0.42593228816986084
-10.178387072868645
-0.3490192669269163
-0.14453259902074933
-6.189710136502981
-5.544891272671521
-0.42551864159759134
-2.4373490321449935
-0.19751374697079882
-2.6677908897399902
-15.076300621032715
-0.1618321433707024
-1.0125014781951904
-0.21828064302098937
-0.4010779282762087
-0.5898029078234686
-0.19715245626866817
-0.16183224767883075
-0.4010780463650008
-0.3877607583999634
-0.3490205211128341
-0.1468641529791057
-6.189709272235632
-0.6613639320712537
-13.039626174249861
-4.408941960893571
-4.270628318190575
-0.16183245256979717
-3.2803485691547394
-5.970920853316784
-1.2253937274217606
-2.338443536311388
-4.066338915377855
-5.165613257559016
-3.9832318611443043
-2.387378975749016
-7.506481958553195
-3.7169773941859603
-0.3490201550157508
-0.14453167328611016
-6.1897092163562775
-0.3123171031475067
-2.7683297749608755
-0.16183204651315464
-1.2323434881400317
-15.519093844253803
-0.4010784121710458
-3.940561443567276
-5.487498731352389
-7.852280715480447
-10.059347735310439
-2.460303878528066
-9.203433640592266
-0.16183203906257404
-0.21312762041270616
-1.7235816977918148
-11.160839937627316
-8.831766259783763
-5.434653788805008
-1.4366973612923175
-2.2472158074378967
-0.47162490151822567
-0.4233430087042507
-0.34901984270254616
-0.14453202695585787
-6.189709473401308
-0.01756044224021025
-0.2050375398248434
-1.2599923554298584
-0.1158939553424716
-0.11684063356369734
-11.936218209564686
-0.16183245256979717
-0.4010776972354506
-11.936218209564686
-0.7049658317118883
-1.1181201628351118
-0.5024488958879374
-1.165760746500382
-0.4720144607126713
-0.3490201550157508
-0.14686429174616933
-6.1897092163562775
-2.8313093062024564
-20.310668771940982
-12.24270720774075
-7.30443792976439
-1.7596956266643247
-17.291062427015277
-2.8931683115661144
-3.750242185604293
-5.05945698177311
-3.376737952232361
-1.5842312932945788
-1.7059430554509163
-1.475149757694453
-0.3490192669269163
-0.14686522167176008
-6.189710136502981
-0.20283574238419533
-5.071743816137314
-2.477277667756425
-7.4059969947556965
-2.3258993923664093
-0.16183257550437702
-0.4010783226622152
-0.9018765464425087
-0.8630573047594225
-0.56644007563591
-5.572247148695169
-3.5876595973968506
-0.11685879249125719
-4.8402587957680225
-4.883537565758161
-3.869122951000463
-0.4344344297423959
-1.5425926968455315
-6.149275295319967
-8.67440858669579
-0.47162490151822567
-41.893390556761005
-0.4010783226622152
-8.1986407036311
-7.450494977849303
-8.536816330393776
-5.151128843019251
-1.822075042873621
-25.00146408053115
-3.6371964663267136
-0.29484711482655257
-0.8034235620762047
-13.011319303725031
-1.3714519065106288
-1.0125017166137695
-0.4010779282762087
-0.4010774516573292
-2.7014887349942
-0.26532340806443244
-0.7277393043041229
-1.25540289550554
-0.9045300950165256
-1.1930659942008788
-0.4736081059090793
-1.3298223407473415
-0.6234087217890192
-1.6670618044299772
-0.43807796062719717
-0.4277016051346436
-0.15200166104017399
-1.0007886302191764
-0.9105187511304393
-0.6256312847399386
-0.4531697786806035
-1.0116329651791602
-0.25745910295518115
-0.3490192669269163
-0.14686522167176008
-6.189710136502981
-0.20283574238419533
-8.30242259716033
-7.721463426831178
-1.345198541879654
-0.40107764566346304
-3.3275930229428923
-2.219951145350933
-4.003944248892367
-14.844247087545227
-2.113290270041034
-4.249941761605442
-0.27622256334871054
-1.6833516210317612
-0.15769131039269269
-7.105734642900643
-0.6418371917534387
-0.044021863490343094
-0.35539114428684115
-0.16183247119624866
-3.0414309463085374
-1.2594639665039722
-0.5386441309237853
-0.2799332436698023
-0.4463377399370074
-0.655822750646621
-1.0675600618124008
-0.3490205211128341
-0.14453178783878684
-6.189709272235632
-0.2581260083243251
-0.549367344356142
-0.3494419298367575
-0.11254461761564016
-11.936218209564686
-1.3451981842517853
-0.16183204651315464
-0.11254506930708885
-2.549603474821197
-11.936218313872814
-1.01250159740448
-0.627988058142364
-0.13413947622757405
-0.4010777867442812
-0.10035753273405135
-0.9346808369737118
-0.1059125893516466
-0.7090490465780022
-0.1425607712008059
-0.1373298226390034
-0.12346756109036505
-0.1373298226390034
-0.09729973075445741
-0.1131192240427481
-0.38895950534788426
-0.6954072946682572
-0.16183233708579792
-0.15555132739245892
-11.936218425631523
-1.861006589140743
-0.11311944014960318
-0.23452828917652369
-0.23964438203256577
-0.17957029830722604
-0.6975115621462464
-0.06877504583826521
-0.3490191730670631
-0.14686545124277472
-6.189709719270468
-0.16183233708579792
-2.9199919584207237
-2.5496038025885355
-17.539643943309784
-0.16183233708579792
-11.675683818757534
-18.205505252815783
-3.096527524292469
-26.75285738641105
-7.164343879558146
-8.159098778502084
-8.717761066742241
-5.86139649245888
-6.9845713204704225
-0.3490205211128341
-0.14453178783878684
-6.189709272235632
-3.702729046344757
-8.996075051487423
-0.9610130335204303
-10.958714378997684
-0.8191182361915708
-1.4913058266974986
-13.533125304384157
-5.145183100597933
-4.248142355500022
-0.16183203906257404
-5.161173582077026
-0.16183203906257404
-3.5299817323684692
-0.4010779282762087
-0.16183247119624866
-3.73652795702219
-0.4010774516573292
-0.3490205211128341
-0.1468641529791057
-6.189709272235632
-0.04966389108449221
-2.9383830949664116
-2.578054147772491
-0.808404432842508
-0.20283606741577387
-8.403850482427515
-2.5496030874783173
-2.9461634492035955
-40.07541750140081
-9.38740774570033
-1.2565283104777336
-0.4010776972354506
-1.055713419802487
-0.16183224767883075
-0.4010780463650008
-2.6336891166865826
-11.536585977301002
-0.2762231342494488
-1.2774700606241822
-14.260126313194633
-1.207298643887043
-0.27622256334871054
-0.3490191730670631
-0.14686545124277472
-6.189709719270468
-13.56355068879202
-5.5156615630257875
-0.017559729545610026
-1.1866611242294312
-4.784100990742445
-7.286232813858078
-1.7744325399398804
-6.39328663982451
-2.3612454467074713
-3.451826354023069
-6.574182663374813
-4.714413300622255
-6.920608177082613
-9.586955850762024
-11.334513187408447
-2.6682612264412455
-5.817458618965247
-8.562263390282169
-6.355520017445087
-7.7846409160410985
-0.3490188305877382
-0.10864067450165749
-6.189709559082985
-4.623457986861467
-0.11254473589360714
-0.39261660561169265
-50.00700673965184
-4.2377174944849685
-5.658792543268646
-24.068769338540733
-3.745555891189724
-9.328450548811816
-0.16183203906257404
-11.622356876701815
-6.149418874447292
-4.64347218722105
-0.6681129947464797
-4.961081527348142
-0.46257692016661167
-1.842766185043729
-10.366568762226962
-0.4010784121710458
-0.1618321433707024
-3.777005531359464
-3.1401660704650567
-0.5038268200587481
-5.874936729669571
-3.59302119637141
-17.88191983429715
-11.063792132481467
-4.985302700442844
-5.1410985839611385
-13.623763812705874
-5.071250334382057
-2.4707553386688232
-9.173405323177576
-5.741979297250509
-1.7358751464635134
-0.3490201550157508
-0.14453167328611016
-6.1897092163562775
-2.3845409713685513
-10.643694109283388
-10.871907897759229
-6.050209656459629
-41.7420150742837
-39.689844574124436
-27.682313954253914
-4.795765548944473
-5.982771928043803
-0.4010784121710458
-1.9746657526266063
-8.60032275505364
-16.514891969709424
-0.4010774516573292
-7.249459637328982
-0.969112653285265
-0.34901879845710937
-0.1468655802309513
-6.1897102147340775
-2.3681193254888058
-13.482698426356365
-0.16183247119624866
-5.161173403263092
-5.826513409614563
-5.694492851449468
-8.671602797519881
-2.387379214167595
-3.7117252349853516
-9.209005329757929
-4.783891038143338
-19.482376816886244
-0.3490194203041028
-0.10864054900594056
-6.189709194004536
-0.2581260334700346
-2.081379136070609
-0.1426665037870407
-0.16183233708579792
-0.4837483603041619
-0.4010784121710458
-0.7294837399094831
-0.4010779282762087
-0.257458834676072
-2.714980099350214
-0.37412066299293656
-1.1866611242294312
-11.771672692149878
-3.651655538007617
-24.549294799806376
-0.16183224767883075
-5.161173403263092
-12.741000483423704
-5.861396363005042
-10.84653390944004
-2.7158485994441435
-3.1212955587543547
-10.492992078885436
-7.290171288885176
-12.283234635920962
-1.2548618912696838
-5.3482336346496595
-9.991933451092336
-12.691360542550683
-13.76514495536685
-4.356780324247666
-16.49543085313053
-8.354895472060889
-8.873773533850908
-0.3490188305877382
-0.1468658186495304
-6.189709559082985
-0.20283630210906267
-0.4143007807433605
-0.5620688235503621
-12.519166707992554
-0.16183233708579792
-1.645754559081979
-0.4010779282762087
-9.55752694606781
-10.852834054792766
-1.1197369083529338
-0.3490194203041028
-0.1445309624541551
-6.189709194004536
-2.498100971803069
-5.310813342221081
-0.1450621899930411
-2.677668782795081
-21.59215466142632
-0.16183233708579792
-55.56201709438483
-12.991097081991029
-21.352182408445515
-9.608691184912459
-6.858217879664153
-0.3490192669269163
-0.10835305647924542
-6.189709559082985
-4.666732223704457
-1.3279776668641716
-0.40987811982631683
-0.1618321433707024
-0.4098779410123825
-1.9920967476209626
-0.6085337636468466
-0.4010779282762087
-0.16183247119624866
-0.4010779282762087
-0.1458704792894423
-0.6494449945166707
-1.6833512708544731
-0.4006379805505276
-0.34901984270254616
-0.14453202695585787
-6.189709473401308
-2.1022412069141865
-1.1866613328456879
-4.762624084949493
-2.634760485467268
-19.449211242084857
-18.37238672625972
-9.029466030653566
-23.715106911287876
-8.843130401655799
-6.12402653839672
-2.357844477504841
-4.048276387853548
-14.444805605569854
-2.66826123354258
-12.382910622283816
-23.126166680565802
-4.532899608835578
-12.348012801259756
-11.042923827713821
-31.483546129456954
-7.535429715178907
-14.337077381031122
-0.3490205211128341
-0.1468641529791057
-6.189709272235632
-0.3000055513548432
-0.14341527805663645
-0.1064778821892105
-0.3981694281101227
-1.591902402418782
-4.2222788475919515
-1.9053395135924802
-0.10035788989625871
-2.515675974500482
-1.021769427414256
-0.14256047317758203
-0.4010776972354506
-0.19772824225219665
-0.09729928395245224
-0.11311946623391123
-0.527964791021077
-0.9268351588398218
-0.25386193592566997
-0.8944632411003113
-0.8559531196951866
-1.8834373773424886
-6.561664447188377
-0.8191179977729917
-0.3490188305877382
-0.1468658186495304
-6.189709559082985
-2.834449546644464
-2.749137304490432
-12.344388500787318
-7.897536908101756
-2.6776686644589063
-9.387407626549248
-10.354137839356554
-10.95290769787971
-25.92973328504013
-1.6833516210317612
-6.274824947118759
-9.587597799720243
-7.231577111408114
-7.339396484720055
-9.569267259546905
-0.4010779282762087
-3.992666515885503
-0.3126412685960531
-6.1525076143443584
-1.5822526381816715
-9.297948406543583
-1.536686986219138
-0.34901984270254616
-0.14453202695585787
-6.189709473401308
-0.049664361868053675
-34.97384676709771
-3.462910928297788
-6.269018687475182
-0.16183204651315464
-1.108812984668475
-6.740941051859409
-0.40987811982631683
-7.385373187549703
-1.9270371794700623
-9.937769249081612
-2.6776686644589063
-0.462577217258513
-7.227405542751512
-11.34028967175982
-1.1866610050201416
-10.803928789198835
-1.5238245651125908
-0.3490192669269163
-0.14686522167176008
-6.189710136502981
-2.368119105696678
-6.13756758562522
-33.26561846132972
-2.6677908897399902
-0.1618321433707024
-4.713178771809908
-8.814693409578467
-13.048211087298114
-2.581477776635438
-10.937729881203268
-3.7590966179268435
-8.277795247733593
-0.4010779282762087
-2.554455816745758
-6.164399608969688
-29.015495532235946
-21.24148727953434
-2.387378841638565
-0.19736950512378826
-5.119227811694145
-2.218892120035889
-9.319577959242451
-12.24130059289746
-7.9994205720722675
-4.992442479931924
-9.995002207971993
-1.7040805310825817
-12.025541179813445
-4.171310864388943
-0.8191181775182486
-1.01250159740448
-0.07504956499178661
-0.16183203906257404
-0.4010777867442812
-0.0175599688955117
-0.9014232900299248
-0.8133668783702888
-0.3025042693479918
-0.31998128932900727
-1.088578941533342
-0.03623926732689142
-0.5980053624371067
-1.1327626695856452
-0.47307996084418846
-0.2889154435833916
-1.1956997527886415
-0.9530648670770461
-0.2148921423504362
-0.42379782440548297
-8.998224913375452
-0.05200500594219193
-1.6967039378287154
-1.0915600061416626
-1.0940332028694684
-0.13025605108123273
-0.1334483027458191
-0.1113729178905487
-0.19153930246829987
-0.3490194203041028
-0.10864054900594056
-6.189709194004536
-19.300446525216103
-3.280348300933838
-0.05470306915231049
-2.307319525629282
-11.158584815100767
-2.3700261041522026
-2.6677908897399902
-5.983145691920072
-0.4006379805505276
-3.420704365882557
-2.985525466501713
-6.498921778984368
-1.67340886592865
-0.023156942799687386
-0.34901984270254616
-0.14453202695585787
-6.189709473401308
-1.6947207826451631
-12.519166827201843
-0.34901879845710937
-0.1468655802309513
-6.1897102147340775
-2.1022409051656723
-15.285084412957076
-2.549603415216552
-0.16183224767883075
-0.4010774516573292
-6.9937599811237305
-3.9262651056051254
-15.932876874343492
-13.527717006392777
-0.47162490151822567
-0.34901984270254616
-0.14686499116942286
-6.189709473401308
-0.8944636881351471
-10.405145561438985
-9.420328341657296
-3.213080606656149
-2.6776686192897614
-0.2762231482192874
-1.6758218610993936
-11.670292236376554
-2.252216612920165
-0.2762226890772581
-4.168016664683819
-1.3998202285729349
-0.46257619094103575
-0.934262849856168
-4.62111664906115
-2.539586259823409
-2.1022410094738007
-0.3490188305877382
-0.1468658186495304
-6.189709559082985
-1.1866610646247864
-0.2028365395963192
-2.7749196487129666
-2.5496034449897707
-0.16183233708579792
-4.629809694713913
-0.4010784121710458
-4.614215924870223
-17.262016917578876
-15.698403864749707
-0.8191186492331326
-1.1866611242294312
-19.860767278587446
-10.711919863708317
-3.1268448313203407
-0.8191186492331326
-3.2060004519298673
-21.13204754909384
-14.658256527109188
-11.070083681493998
-3.0327716767787933
-14.004142495396081
-6.792352232791018
-32.277479060867336
-19.766591860163317
-30.649513065931387
-12.939167448319495
-9.401695053296862
-3.9157758681103587
-19.168455123901367
-15.894809800985968
-15.904710531234741
-8.35206025838852
-0.7424021457554772
-5.577697068103589
-0.4010784121710458
-2.760558469220996
-0.017559967236593366
-12.2755825240165
-10.455611228942871
-13.280907863168977
-11.530174446874298
-22.004887615330517
-4.030092716217041
-5.949905522167683
-0.34901879845710937
-0.1468655802309513
-6.1897102147340775
-0.4312953550834209
-10.603835927584441
-8.37720260862261
-19.877992697060108
-8.00154211372137
-11.117154354171362
-9.997415606339928
-16.150472651293967
-12.235161227581557
-0.4010774516573292
-36.24056114995619
-2.8792848996818066
-7.44833355769515
-4.84737229719758
-0.4716254221275449
-2.7680295761674643
-0.47162490151822567
-23.520608377584722
-0.34901984270254616
-0.14453202695585787
-6.189709473401308
-0.20283605344593525
-0.8944636136293411
-33.955176176998066
-10.696150615971419
-4.095654464475956
-3.0847217126283795
-2.1058798911726626
-3.799655679613352
-7.042806614656001
-0.3490194203041028
-0.10864054900594056
-6.189709194004536
-5.056310186162591
-13.13198867929168
-20.128340335097164
-28.003287729632575
-14.45450348337181
-2.690143735613674
-3.8833201275847387
-0.134139803936705
-0.4010774516573292
-0.10035765182692558
-1.3183960081078112
-0.10591205290984362
-0.8431771236682835
-0.1425607712008059
-1.1381213866989128
-0.12346677924506366
-0.15626918250927702
-0.09729917964432389
-1.5240034197431669
-2.339244221802801
-1.6583451814149157
-12.21855236729607
-5.108404505008366
-4.527373832301237
-11.980946509167552
-9.926961533288704
-10.963420620188117
-7.076095540556707
-3.3996276221005246
-12.803656230680645
-1.51722217281349
-8.305059269070625
-0.4716254221275449
-0.34901879845710937
-0.1468655802309513
-6.1897102147340775
-0.20283606741577387
-1.7252787394681945
-4.0808399226516485
-25.189122224750463
-23.261529207229614
-8.476860158145428
-0.16183203906257404
-9.261514723300934
-1.9508434236049652
-3.5185876923496835
-10.73685227423266
-2.345735013484955
-8.247588645434007
-0.6995025873184204
-4.93064730707556
-13.189325816863857
-13.18622284103185
-19.435598105192184
-17.14297055501811
-13.340704713948071
-25.264351775869727
-14.477510596334469
-0.3490192669269163
-0.14686522167176008
-6.189710136502981
-0.8944637328386307
-1.5895711546763778
-0.5060379785245459
-6.075040248513687
-4.278742350579705
-12.236556373536587
-0.3490205211128341
-0.10864043841138482
-6.189709272235632
-3.5449320934712887
-14.590616548695834
-2.602042650425574
-3.8833201275847387
-2.105879630358686
-2.149540738144424
-6.286137532442808
-3.8833201275847387
-2.105879630358686
-0.47162521351128817
-0.3490205211128341
-0.14453178783878684
-6.189709272235632
-1.9567774422466755
-12.8413237122586
-2.6776691105915233
-0.40987804532051086
-9.192549779079854
-23.963404659705702
-0.4098782241344452
-14.89838993747253
-24.205355936839624
-9.976501668497804
-2.817070639692247
-10.44466336482219
-5.265242346533341
-1.0184458314906806
-0.27622325252741575
-11.129650358576328
-42.78548721098559
-2.105878762278735
-11.80347773187168
-29.835722840201925
-2.2600830793380737
-17.94542434120376
-0.34901879845710937
-0.14453318738378584
-6.1897102147340775
-17.994899856945267
-5.559471387881786
-16.47377241263166
-2.677669215365313
-0.16183224767883075
-0.4010780463650008
-3.228416509926319
-1.8705689912312664
-6.1596370209008455
-8.608755925728474
-10.423747987952083
-0.2762229461222887
-0.3490205211128341
-0.1468641529791057
-6.189709272235632
-0.20283618476241827
-3.7347807185724378
-1.115050150717252
-5.179893321503187
-1.7472636103630066
-0.21963523293379694
-0.23549270117655396
-0.2670174879986007
-1.4512114524841309
-10.140912598923023
-4.118950528427376
-7.5993504069610935
-7.0504207945778035
-3.3931007124483585
-2.0714680693899936
-0.16183257550437702
-4.6214028608374065
-0.1778012067079544
-0.5918010845780373
-0.23985671997070312
-1.3185928761959076
-0.3490194203041028
-0.14686545822769403
-6.189709194004536
-2.223977588582784
-14.896576492996246
-3.6926823258399963
-20.303373240865767
-2.6249014269560575
-10.480269958497956
-5.8630457259350806
-12.434082165302243
-13.433355498884339
-14.763047325795924
-7.069494295108598
-6.350392256164923
-0.017560917738592252
-1.9992304630577564
-6.719916845671833
-20.953734976006672
-5.156059868109878
-11.796097385464236
-8.327416249434464
-2.1375873796641827
-19.035064855983364
-16.498594733770005
-6.822228222794365
-11.779146775814297
-13.606650332716526
-0.4010777867442812
-8.967836602940224
-3.4919337914325297
-2.0898437986616045
-4.6434721648693085
-0.6681124219830963
-29.295969639380928
-4.200132051482797
-10.16679558053147
-7.092611231491901
-0.34901984270254616
-0.14686499116942286
-6.189709473401308
-2.2239770693704486
-37.51343654248194
-46.57247280655429
-2.6776686192897614
-16.7744886551518
-1.8702284395694733
-13.448966476949863
-19.673636121238815
-6.369383320212364
-15.66534423318808
-8.41867733001709
-0.4010777867442812
-0.6466564366128296
-3.84414754685713
-1.5441997945308685
-9.527159556746483
-5.947027591988444
-113.00393491767318
-43.77564182062633
-12.883547885343432
-0.47162490151822567
-3.2170014772564173
-2.03939416538924
-0.2762229461222887
-0.2762234751135111
-13.840749674709514
-3.3592964438721538
-0.3490205211128341
-0.1468641529791057
-6.189709272235632
-0.5151144126430154
-6.417190580395982
-16.660485088825226
-0.42964246589690447
-5.379738018033095
-9.199773204512894
-94.14813711773604
-2.0025138401106233
-6.670152070000768
-10.15920175316569
-12.632661757561436
-0.39891295321285725
-6.516946667456068
-16.099970364784895
-17.23087157556074
-6.831017384305596
-4.926666907966137
-19.20430050144205
-9.360173027846031
-7.737884847498208
-9.496839634957723
-0.3490201550157508
-0.14686429174616933
-6.1897092163562775
-0.11254506930708885
-14.805895519908518
-8.352435125038028
-3.1166432413301663
-1.9803493300423725
-0.5822124890983105
-0.5822124890983105
-0.16183245256979717
-1.384954840876162
-6.261282184059382
-3.1846325506921858
-0.17056390052312054
-3.078475526534021
-2.4771289571363013
-0.4098782241344452
-3.6496615931391716
-18.814136134809814
-0.40987804532051086
-2.6403378942632116
-4.2062627845443785
-1.7900291009061675
-2.257621344178915
-5.533423474058509
-8.271694868803024
-0.4098782241344452
-6.335654429451097
-2.677668677526526
-1.8766803741455078
-2.893168479204178
-0.40987811982631683
-3.054987983967294
-8.853456323966384
-6.481682034209371
-6.042997221462429
-4.935040381737053
-16.365932140499353
-1.849874053383246
-7.203870951198041
-0.3490188305877382
-0.1468658186495304
-6.189709559082985
-3.544931743759662
-20.73927713811281
-2.6020427919283975
-3.8833195334591437
-4.095654732231196
-0.4010783226622152
-8.80302642681636
-0.7200204730033875
-5.65868196428346
-36.34220776323451
-4.59514566604048
-1.928988330066204
-0.34901879845710937
-0.1468655802309513
-6.1897102147340775
-5.11198081180919
-0.3208157269982621
-5.868688374757767
-0.5822124928236008
-3.738844120363865
-0.16183257550437702
-1.2381551265716553
-0.5822131298482418
-3.436911051510833
-0.38887404674096615
-2.5203816890716553
-3.6540603674948215
-0.16183224767883075
-1.3553074253723025
-0.4010776972354506
-1.2267771735787392
-1.3185935597866774
-0.6585513479076326
-2.187324582133442
-1.3342432007193565
-1.0675600618124008
-0.3490205211128341
-0.1468641529791057
-6.189709272235632
-0.20283618476241827
-0.20283606741577387
-12.718119147510151
-9.564737955457531
-13.870321357622743
-7.5314971302495906
-0.1618321433707024
-2.771557778120041
-3.2398290815763175
-5.371384263038635
-2.12061489361804
-0.7231798612046987
-12.866122383624315
-0.01756044224021025
-0.20283653866499662
-0.20283574238419533
-8.162489430817004
-12.751148373979959
-9.395993245998397
-25.102519370411756
-23.8924590760289
-27.091377465985715
-2.8945056945085526
-0.8975921414094046
-26.654313505394384
-7.495826342026703
-6.274946270550572
-7.776744578965008
-3.5523034119978547
-0.3490201550157508
-0.14686429174616933
-6.1897092163562775
-18.752825663048498
-1.5069848075509071
-2.6020427919283975
-0.1618321433707024
-21.82855613157153
-2.710442930459976
-0.8191179977729917
-2.3039464950561523
-0.3490188305877382
-0.14453224930912256
-6.189709559082985
-5.466599729843438
-14.633841708302498
-37.877501269002096
-9.765325878746808
-29.958929199143313
-13.768399424036033
-0.4010779282762087
-0.4010774516573292
-12.758445835381735
-10.557961145386798
-2.4959196028430597
-2.5330906116578262
-16.940148800611496
-9.317464711144567
-1.3931181740481406
-0.4006380718201399
-0.3490191730670631
-0.14686545124277472
-6.189709719270468
-0.48578349500894547
-1.0695615420117974
-3.0382117145345546
-1.9965552273206413
-0.13413990824483335
-0.4010779282762087
-0.10035765904467553
-0.9083880575271905
-0.10591205290984362
-0.25711195925669017
-1.010402956555481
-0.142560399370268
-0.6081750255543739
-0.12346677924506366
-0.6184127363376319
-0.09729973075445741
-3.4568252814933658
-3.2981039346850594
-0.17375777673441917
-1.0675594173371792
-0.03533079131739214
-0.3487703800201416
-0.996909937588498
-0.16918016734780394
-4.1908106819028035
-0.3490201550157508
-0.14453167328611016
-6.1897092163562775
-2.2239770158194005
-0.20283574238419533
-1.6508528671984095
-0.1943614205938502
-1.7472636103630066
-1.0207046184732462
-0.16183233708579792
-0.4785710573196411
-1.082603223854676
-0.017560324136866257
-0.01756044224021025
-0.4641352891630959
-1.2397461915388703
-0.8366978413032484
-3.593373032308591
-2.3782106917351484
-0.9883241299103247
-0.07835062753292732
-0.9827734447317198
-1.3805760717441444
-1.2139264785218984
-0.5822124928236008
-0.12104237964376807
-0.2951890447875485
-0.2028366569429636
-0.3490201550157508
-0.14686429174616933
-6.1897092163562775
-18.525172679452226
-11.504210248356685
-0.16183245256979717
-0.4010776972354506
-28.742701861687237
-9.836620860296534
-3.3472432795679197
-7.689245010900777
-6.094061395153403
-40.948795972333755
-2.108378605917096
-9.273766966536641
-1.1062466131661495
-27.698579626819992
-4.11014483965846
-0.1562693016603589
-1.400054674608782
-3.7522822592873126
-10.237298417836428
-0.3490188305877382
-0.1468658186495304
-6.189709559082985
-2.4981009080074728
-17.760167883170652
-9.45006855763495
-3.2259424086660147
-0.36987164057791233
-3.94110643863678
-8.185318033600197
-0.134139803936705
-0.4010774516573292
-0.10035765904467553
-0.7293718852743041
-0.28762379119689285
-18.31764410517644
-15.361409902805462
-0.11311964877313585
-19.135148322442546
-5.62354488670826
-4.510085739195347
-2.0868956446647644
-5.988482790940907
-0.11254471354186535
-0.3490205211128341
-0.1468641529791057
-6.189709272235632
-0.11311946623391123
-2.7869489695876837
-16.5798349345132
-22.573220204678364
-27.70258137066412
-22.573220204678364
-7.285225371138949
-0.11254518572241068
-39.20858673173643
-3.2102384828031063
-20.132616595801665
-14.420722640381427
-1.1867916826158762
-4.013021560385823
-14.423175323288888
-2.1115813959622756
-2.6606878638267517
-4.624708008021116
-1.4245959368481635
-3.1570452330634
-7.523055032012053
-0.2793414369225502
-0.3624598188325763
-3.4111473954981193
-1.2946200370788574
-3.7301593497395515
-0.13413947622757405
-16.24276176773128
-0.10035788989625871
-13.132137793145375
-0.1059120309073478
-14.47334198601311
-0.142560399370268
-11.219591677450808
-0.12346756109036505
-10.999490539514227
-0.09729940292891115
-12.499532269313931
-50.42008787044324
-9.773482901626267
-19.96904924843693
-15.467433156445622
-7.688662304790341
-1.0229257941246033
-0.4183769231894985
-0.3490194203041028
-0.14686545822769403
-6.189709194004536
-0.2028366569429636
-0.7821878945687786
-1.4512114524841309
-0.16183203906257404
-2.448925691232944
-0.4010784121710458
-1.4512114524841309
-1.4167027342191432
-0.4010777867442812
-0.11311922408276587
-0.1618321433707024
-0.8778960360214114
-0.16183245256979717
-1.4512114524841309
-0.5352547857910395
-0.1313119949772954
-0.5474601984024048
-6.469516975805163
-0.7891596069821389
-0.34901879845710937
-0.14453318738378584
-6.1897102147340775
-0.5799652991991024
-0.6991340739623411
-0.08161540259607136
-0.1506839580833912
-0.08550709449627902
-0.4218449217660236
-0.16183204651315464
-0.16183247119624866
-0.4010779282762087
-0.5599401239887811
-0.15990136716573033
-3.1797033064067364
-1.4512113332748413
-0.2891703119967133
-0.5201531502243597
-0.5510941782849841
-5.650142567115836
-2.323538582699257
-1.5238245502114296
-0.34901879845710937
-0.1468655802309513
-6.1897102147340775
-5.2959941937588155
-7.822052853181958
-2.6677908897399902
-0.16183224767883075
-5.616459179669619
-9.597260383307002
-8.302592179737985
-0.8910642908886075
-1.734798635217885
-16.574150997243123
-1.01250159740448
-0.34901879845710937
-0.1468655802309513
-6.1897102147340775
-5.056311162188649
-3.976128675043583
-2.5496034151874483
-2.1101513103349134
-20.72172435373068
-4.98142474173801
-3.0774209162336774
-7.629898153129034
-6.959307874552906
-0.4986561107216403
-0.802576763817342
-13.432761301999562
-0.2778757983905962
-0.16183204651315464
-0.16183247119624866
-0.16183203906257404
-0.17147130795638077
-0.16183203906257404
-2.0786673221737146
-0.40063791908323765
-15.044345155358315
-6.391197278222535
-13.172949895262718
-26.878441962740908
-0.4010777867442812
-0.8218522444367409
-4.6175258624134585
-0.5733433073619381
-0.3490201550157508
-0.14686429174616933
-6.1897092163562775
-1.5293812676682137
-19.508790118372417
-1.1804720479249227
-0.09192829381208867
-0.07848715700674802
-1.7287612408399582
-0.16183257550437702
-11.565582819888732
-2.4373043798841536
-0.09192782535683364
-0.07848786341492087
-6.701998107135296
-0.16183257550437702
-1.119137892499566
-3.5160254795628134
-2.4373047031695023
-0.09192829381208867
-0.0863819345831871
-3.5160254795628134
-2.4373047031695023
-0.09192829381208867
-0.07848715700674802
-9.089505240262952
-13.361404820578173
-13.622691507160198
-1.862955261276511
-0.1618321433707024
-0.3490194203041028
-0.14686545822769403
-6.189709194004536
-1.9567779060453176
-2.3164922082796693
-0.46086148358881474
-1.6476951954537071
-15.839749902166659
-2.58013461731025
-5.97128221206367
-13.075642818548658
-0.16183257550437702
-0.0368426920613274
-3.8723874245479237
-14.214282574830577
-1.8026697029345087
-0.4010776972354506
-14.157884867818211
-33.691464072908275
-24.30609042441938
-4.0456641633063555
-16.712251584103797
-9.974552430590848
-8.082110775168985
-13.360848192125559
-12.196489203721285
-15.28328806348145
-2.260083258152008
-0.4716253327205777
-8.29894145578146
-6.304681794717908
-6.782869106158614
-0.4716254221275449
-3.7806821642734576
-0.4716253327205777
-22.78749657102162
-0.47162490151822567
-0.34901984270254616
-0.14686499116942286
-6.189709473401308
-5.890134639572352
-2.498101145029068
-14.903965159901418
-12.16001408471493
-29.788718653842807
-4.696235928917304
-2.602043007937027
-0.7466765670105815
-0.6799810286611319
-0.4010783226622152
-5.45006400346756
-2.2624336183071136
-0.3288969200075371
-3.5173129588365555
-1.7512340352623141
-0.8942192755639553
-1.5522312616994896
-2.251289501786232
-8.263812836652505
-10.814522034022957
-10.556882895878516
-0.16183245256979717
-4.745165057480335
-0.4010780463650008
-0.47162490151822567
-26.4065749514848
-6.05677744679997
-0.3490188305877382
-0.1468658186495304
-6.189709559082985
-0.11254471354186535
-1.4859438400017098
-0.5662882324540988
-0.6364217651280342
-0.23595985025167465
-0.16183204651315464
-1.4512114524841309
-1.1511811394011602
-1.5216981822595699
-0.36128477076999843
-9.782035229516623
-0.7896721144206822
-0.950512565439567
-0.9012734787538648
-1.1558927384903654
-0.9233983109006658
-2.250554524427571
-0.2534495829604566
-1.1159665350423893
-1.4262911027763039
-0.41948762361425906
-0.3490205211128341
-0.1468641529791057
-6.1897092163562775
-0.04966389387845993
-12.448369569785427
-8.749038428068161
-4.737749514642928
-0.16183233708579792
-17.88291234569624
-6.772998830711003
-0.4625767865218222
-0.4010783226622152
-8.24798983335495
-12.552388919342775
-12.229791543446481
-3.7301598228514194
-0.8327040318399668
-0.06326126295607537
-0.14256080088671297
-0.06372618267778307
-1.0771397445350885
-0.1131192240427481
-1.13350312365219
-0.16183203906257404
-0.017560324136866257
-2.796912324574805
-3.289904818748255
-12.236088055185974
-0.08409837383078411
-1.3733105286955833
-12.23608776787296
-1.029384030502115
-0.6660577033617301
-12.236086419317871
-3.606593544500356
-12.236088055185974
-0.2762229461222887
-0.44048042078429717
-0.3490194203041028
-0.14686545822769403
-6.189709194004536
-0.11254461761564016
-1.706847304249095
-1.6693141056894092
-4.762624442577362
-0.18874698039144278
-1.7472639977931976
-0.1093575773138582
-0.4010777867442812
-1.747263878583908
-0.7386312946036924
-0.7957323804766929
-1.7472639977931976
-0.8881903039291501
-1.7472636103630066
-0.9118611661833711
-0.7502885751164285
-0.5220306739211082
-0.059233426582068205
-0.548658823594451
-0.3490201550157508
-0.14686429174616933
-6.1897092163562775
-0.1623701173812151
-0.5583391132531688
-0.5429088833916467
-0.31479613099145354
-0.29451967067143414
-1.26103711892938
-24.875714970141416
-1.4580382624844788
-0.16183233708579792
-2.0868956446647644
-0.4979015353746945
-0.01756044224021025
-0.40107764566346304
-2.5496034449897707
-0.09568543257773854
-4.540008148927882
-13.564390808343887
-10.25057735509472
-0.34901984270254616
-0.14686499116942286
-6.189709473401308
-1.956778031308204
-0.870722410036251
-2.876940345391631
-0.32857123017311096
-4.969335126806982
-4.366439200937748
-13.855270405765623
-3.301139175891876
-9.025514287277474
-2.66826123354258
-4.969334530876949
-2.6682603923545685
-1.4319120980799198
-0.47162521351128817
-0.3490205211128341
-0.1468641529791057
-6.189709272235632
-0.20283618476241827
-14.616764250633423
-14.5459367295407
-2.677669215365313
-2.7287918469519354
-0.4010779282762087
-5.706974710483337
-14.969491116702557
-3.8650452494621277
-6.997545218095183
-1.707178879296407
-10.033272676635534
-1.5206983578391373
-4.457859884016216
-0.04402243345975876
-2.3396781695773825
-2.339677871670574
-3.8894837223924696
-6.4584973230957985
-7.027005402371287
-3.378105778247118
-5.145891059655696
-0.6143678278895095
-8.495832053769846
-9.31959324516356
-3.210237842053175
-8.928376242518425
-8.036124147474766
-0.4010780463650008
-8.41867733001709
-4.275034532882273
-0.18972750008106232
-11.697283267974854
-4.734219551086426
-43.534337013959885
-2.2698154467507266
-1.982510511239525
-4.44164370931685
-6.900011695921421
-0.33138569816946983
-2.95354500412941
-2.940964813809842
-0.032189834862947464
-7.44234494457487
-5.577965117990971
-9.65265004336834
-0.0440220907330513
-6.6847730204463005
-10.100260429084301
-4.967050326260505
-0.9551314421114512
-3.437164468690753
-1.808353729895316
-0.843272507772781
-0.9854238317348063
-1.1430493177613243
-10.48525444869665
-0.00906647605312827
-0.008506892847890413
-2.6982054738036823
-0.3490192669269163
-0.14453259902074933
-6.189710136502981
-1.303875006036833
-3.653086362173781
-0.16183203906257404
-0.4010777867442812
-0.10541260280297138
-0.34901984270254616
-0.14686499116942286
-6.189709473401308
-7.8251743777655065
-1.8486870718188584
-1.1149676525965333
-0.2152292289538309
-0.16183233708579792
-0.08608256779552903
-0.4010784121710458
-0.15372657533589518
-0.46376344411692116
-1.039119671942899
-0.16183233708579792
-0.11612163693644106
-8.986520069651306
-0.49949926178669557
-0.31297806260408834
-0.25728318258188665
-0.574965556486859
-1.0087570726918784
-0.1466067861765623
-7.558626222307794
-2.4600332365371287
-2.078667087480426
-0.3490191730670631
-0.10864138160832226
-6.189709719270468
-33.97595503239427
-27.543023278500186
-0.432453541085124
-2.634760485467268
-0.16183204651315464
-8.599719621241093
-0.13413969962857664
-0.4010783226622152
-5.6957605522475205
-0.1059120309073478
-3.7743250461026037
-0.14256068179383874
-2.164745198795572
-0.12346730823628604
-0.15626921225339174
-0.09729917964432389
-16.06225048037595
-8.172715733271616
-0.3490188305877382
-0.10864067450165749
-6.189709559082985
-1.2121785809285939
-29.59195294240635
-37.14178362028906
-7.949550273704517
-0.16183257550437702
-0.4010783226622152
-16.457787771127187
-2.6794346049427986
-12.392087285872549
-5.90540688065812
-1.1866610050201416
-7.574762614931387
-38.43766171857715
-10.651510457973927
-6.390849630988669
-9.949032599688508
-6.5984946132521145
-7.983111944049597
-13.439738222165033
-2.0868957340717316
-4.057473125867546
-16.263933956623077
-0.3490201550157508
-0.10864079720340669
-6.1897092163562775
-0.20283653866499662
-8.00434294869774
-8.534701828481047
-4.771762964504887
-5.790906056761742
-6.24445628374815
-3.780677195638418
-32.5171620905021
-20.395304670164478
-2.859533644048497
-20.941788636147976
-5.471690230071545
-11.521372526651248
-10.53300557836701
-6.480960709857754
-7.127613980861497
-0.16183245256979717
-8.912351918610511
-3.2885075910016894
-14.024668878875673
-0.4010777867442812
-0.16183203906257404
-6.519157355651259
-19.36663604871137
-18.323479334823787
-6.182872223900631
-4.367343246936798
-2.0957978530568653
-6.617872690083459
-8.538933869451284
-3.8924666941165924
-13.092589055653661
-0.27622256334871054
-6.425474512623623
-0.33318100054748356
-16.794434351060772
-1.6005211336596403
-35.45523073570803
-5.448377761989832
-2.602042404585518
-14.813442827377003
-4.969334530876949
-17.34312249661889
-0.27622325252741575
-0.40107764566346304
-2.3873790353536606
-18.947816725820303
-4.247139126062393
-13.401685241609812
-1.644583615474403
-0.40618307888507843
-6.846611725137336
-9.121513571284595
-54.102214191896564
-2.9719327241182327
-5.979937938973308
-13.957736178766936
-6.515550754003925
-27.137228081694047
-10.792079199964064
-9.323126853923895
-27.230174898169935
-17.135029543511337
-8.992954799614381
-2.9994189250282943
-25.128654473432107
-0.3490194203041028
-0.14686545822769403
-6.189709194004536
-5.301783164264634
-16.713380500645144
-4.207386276684701
-1.351078998297453
-6.590819139033556
-2.549603445077082
-8.126704344060272
-0.16183233708579792
-0.40107764566346304
-26.5460859272971
-9.98993602990231
-0.24745459121186286
-8.050769716792274
-11.960291714174673
-9.372568447404774
-18.214857951854356
-27.017824747716077
-3.4861909225583076
-0.46257663890719414
-13.008885020390153
-7.890885135857388
-4.970722479745746
-2.3113065659999847
-6.6729119413066655
-3.542182088829577
-11.319869684055448
-1.1866611242294312
-0.34901984270254616
-0.14686499116942286
-6.189709473401308
-4.666732139885426
-13.04182880721055
-9.732170457020402
-16.317176067343098
-6.421031687175855
-2.6347608430078253
-0.16183247119624866
-2.6347607760399114
-1.6178534626960754
-6.835833542048931
-8.248127404600382
-0.3490188305877382
-0.1468658186495304
-6.189709559082985
-0.20283630210906267
-1.5712703096214682
-0.6779179177246988
-1.7472639977931976
-0.16183233708579792
-0.40107764566346304
-0.13413969962857664
-0.4010783226622152
-0.10035777813754976
-0.888874351978302
-0.7261763003625674
-1.6896306799608283
-1.438501997385174
-1.7472642958164215
-0.34901879845710937
-0.14453318738378584
-6.1897102147340775
-0.10157625994179398
-0.7883935098070651
-0.30576281901448965
-1.7184463881767442
-0.6095957029610872
-0.6476582813484129
-0.15401604289218085
-0.8947108623397071
-2.216726484535684
-0.5184736470400821
-0.38372692700795596
-0.5175002660835162
-0.8447083132341504
-0.4010777867442812
-0.35288614519959083
-0.4781342290661996
-0.259827339759795
-1.031013260493637
-0.5443044992862269
-0.37013632571324706
-0.4010784121710458
-0.5352547857910395
-1.0399007821688429
-4.283034544088878
-0.28414837503805757
-0.7597487531602383
-1.2185012658010237
-0.6301006934372708
-0.6235363483428955
-0.6897867259103805
-0.535254467278719
-0.34901984270254616
-0.1086407876573503
-6.189709473401308
-2.1022412069141865
-2.448605983721791
-9.608001157990657
-38.72290490263185
-2.1115810392366257
-6.633314520313434
-13.851568561978638
-8.41867733001709
-3.5504755466245115
-4.969334655674174
-0.4010774516573292
-2.6065450496971607
-17.621574038348626
-1.6160444528795779
-8.254788864869624
-0.2028365395963192
-0.3490192669269163
-0.14686522167176008
-6.189710136502981
-1.6674723360920325
-12.042442904319614
-6.1904275370179676
-2.5496034449897707
-11.956395983637776
-1.2627086138818413
-0.4010777867442812
-0.11254473589360714
-2.6020428440824617
-2.863974176463671
-0.4010777867442812
-0.5166316810718854
-4.898272275924683
-7.429808789107483
-0.16183247119624866
-4.587635883915937
-3.454937969800085
-1.8406901005655527
-3.290038720238954
-0.9581315089017153
-3.877859248314053
-9.072177655994892
-1.2715946580283344
-0.34901984270254616
-0.14686499116942286
-6.189709473401308
-2.714602923952043
-0.11254471354186535
-12.153715404740069
-1.0154262855648994
-0.2538214312517084
-0.475019478595641
-2.5718735456466675
-0.2538216761313379
-0.47501887487305794
-2.6999406907707453
-0.2762231342494488
-2.7287919624359347
-16.67876311420696
-1.4791339398361742
-16.471440317720408
-16.15487138822209
-33.71036580204964
-67.20526586606866
-2.0926920658675954
-0.9085318148136139
-6.9817757764831185
-3.0480597685673274
-9.18089538672939
-0.13413999776821584
-0.20016112153825816
-0.09671741066267714
-12.986003145575523
-1.643602842465043
-0.8876598861534148
-6.160751007428189
-8.879093789495528
-0.2762231482192874
-0.34901879845710937
-0.1468655802309513
-6.1897102147340775
-0.29373537891660817
-3.2279215964954346
-11.33408624533331
-9.751899315509945
-13.543008611537516
-9.73329874157207
-4.48371450882405
-0.7864556627464481
-1.395708579570055
-5.807020269829081
-0.4010777867442812
-13.047993610147387
-13.809178767871344
-16.776830470756977
-3.745557302958332
-11.202764998692146
-0.16183204651315464
-7.950998404994607
-12.262710376700852
-6.0713596780933585
-11.740852820803411
-2.269147142767906
-10.617316130745166
-0.9807031154632568
-11.72995751351118
-2.44053244125098
-3.6501198982296046
-23.4423816051858
-3.033105514710769
-15.014646969619207
-2.1108953645452857
-3.906165711581707
-1.1278224233537912
-3.3572683231905103
-7.906112684402615
-2.5801346397201996
-4.323970939789433
-13.390278760911315
-10.427360377274454
-5.346693724859506
-9.024004570470424
-14.54215174325509
-5.219136532396078
-2.1561047416180372
-4.603126257658005
-1.225138783454895
-1.580790604610229
-2.8669155752286315
-3.4636917114257812
-2.5682443976402283
-4.721952864201739
-0.33831735610147007
-0.3490194203041028
-0.14686545822769403
-6.189709194004536
-2.470312401710544
-0.06513787060976028
-0.1618321433707024
-0.17077221488580108
-0.8839935089636128
-0.6600464386865497
-0.014553934335708618
-0.33184105291729793
-0.39046376990154386
-0.6248028031550348
-0.46077874158800114
-0.23227654314541724
-0.2534703742712736
-0.042685564956627786
-0.34901879845710937
-0.14453318738378584
-6.1897102147340775
-0.24079440548666753
-1.139721059029398
-0.2940976917743683
-0.16183247119624866
-1.1967604426899925
-0.13723619216762017
-1.2927341455942951
-0.4310765522532165
-2.3054653957951814
-1.5695737593923695
-0.568198902066797
-0.13413999776821584
-0.4010780463650008
-0.10035788989625871
-1.5635320482351744
-0.10591205290984362
-1.399559984827647
-0.14255999703891575
-0.4010779282762087
-0.5718069770373404
-0.849174182236311
-0.16183247119624866
-1.01250159740448
-1.1866610646247864
-3.122814893722534
-2.7405197536390915
-3.3537778416648507
-0.3490191730670631
-0.10864138160832226
-6.189709719270468
-0.5583394698915072
-0.22161307267379016
-0.741700432903599
-3.2648941911756992
-4.961905951320659
-0.41115579035977134
-1.7472642958164215
-0.16183247119624866
-1.5700987122036167
-1.0125017166137695
-0.1704716831445694
-1.01250159740448
-0.16890614107251167
-0.1872863328171661
-1.3032507707830518
-2.16104069724679
-0.20848739426583052
-0.3490192669269163
-0.1086418500635773
-6.189710136502981
-4.933714388636872
-19.536052358569577
-53.553564841568004
-4.185683506540954
-2.3051701551885344
-0.27622325252741575
-0.1618321433707024
-5.948441982269287
-2.502574981728685
-4.678516185056651
-2.0141621991060674
-16.45443515190709
-5.684000808745623
-4.754202492767945
-17.11701764073223
-16.200724894180894
-2.487682342529297
-23.455032442492666
-4.695226721465588
-1.9350126232602634
-1.1866610050201416
-16.337067459506216
-4.309810583712533
-5.145795211195946
-7.774020460667089
-12.181273459267686
-1.512268677353859
-1.622672751545906
-4.793582499027252
-0.43779137290584913
-13.283471096379799
-13.283471096379799
-6.827362022642774
-1.3497995440848172
-0.07515787333250046
-1.1731039386145312
-1.4984011321212165
-0.026585351675748825
-0.6141032796003856
-0.06409502867609262
-0.20447520003654063
-0.20677694858750328
-0.011036049691028893
-10.413237887434661
-5.230932081991341
-2.3369483798742294
-6.811254599597305
-0.7681424335969496
-0.7189281452447176
-0.8437161296606064
-0.8246066083665937
-0.6492553896096069
-0.11213263694662601
-0.34901879845710937
-0.1468655802309513
-6.1897102147340775
-4.819916190579534
-16.17215452788514
-2.6677908897399902
-15.665344233129872
-8.41867733001709
-0.4010784121710458
-9.941509948374005
-10.768977217376232
-16.18260564794764
-14.109993563237367
-23.701392731745727
-4.9844173733145
-15.736510418122634
-9.561551315679935
-13.483784097945318
-8.165177475777455
-2.141300532966852
-0.16183245256979717
-0.4010776972354506
-4.077153742313385
-0.34901984270254616
-0.14686499116942286
-6.189709473401308
-0.11254461761564016
-1.5091665358049795
-1.7472643852233887
-0.16183204651315464
-0.4010774516573292
-0.48474544507917017
-0.3490191730670631
-0.10864138160832226
-6.189709719270468
-4.794601205736399
-6.874857358634472
-0.9193868217989802
-2.549603445077082
-0.491789179854095
-4.969335126806982
-7.856701303273439
-17.57888535433449
-0.40107764566346304
-0.6833493020385504
-2.349751765956171
-3.1047460734844208
-2.274862450081855
-2.8921885611489415
-8.236928164958954
-0.3490188305877382
-0.10864067450165749
-6.189709559082985
-0.11254471354186535
-0.4186980949016288
-0.5544142127037048
-0.1426665037870407
-0.1618321433707024
-1.7472639977931976
-0.4010784121710458
-0.1618321433707024
-2.6629499804694206
-0.40107764566346304
-0.25745922210626304
-0.6138405688107014
-0.3490205211128341
-0.1468641529791057
-6.189709272235632
-5.586895425105467
-12.087128704239149
-3.5145120695233345
-1.2779305816220585
-2.111581692995969
-0.1618321433707024
-1.3446076661348343
-2.9797142650932074
-3.197978955693543
-13.346445915405639
-4.332236660295166
-9.177407348135603
-5.9069997714832425
-0.4010774516573292
-0.409877747297287
-0.16183233708579792
-0.40107764566346304
-0.30283717857673764
-6.705079555511475
-8.121766512282193
-1.6833516210317612
-18.202374289161526
-0.4010774516573292
-13.334196686046198
-4.404638415202498
-0.409877747297287
-4.2920823991298676
-6.480254590860568
-4.057473452761769
-25.69309663772583
-0.3490205211128341
-0.1468641529791057
-6.189709272235632
-2.523626968730241
-5.8444859042574535
-0.3650369951938046
-1.7472640872001648
-0.16183245256979717
-0.4010776972354506
-0.017559852451086044
-0.11311964877313585
-0.7279439936392009
-1.7472643852233887
-0.4010776972354506
-1.01250159740448
-0.40573176014004275
-9.177678793668747
-0.4010780463650008
-1.2818236827733926
-6.189649034989998
-1.4719512462615967
-9.969826628584997
-2.0420684944838285
-3.2060006614774466
-1.236772642005235
-0.34901879845710937
-0.1468655802309513
-6.1897102147340775
-1.1866611242294312
-5.890134328044951
-14.279702245490626
-3.8833197122148704
-3.883319656335516
-7.8176838480867445
-1.991938701714389
-2.105879135084251
-2.91811640560627
-0.2728719711303711
-13.45974313444458
-5.045520395040512
-6.37235027551651
-0.40063830837607384
-1.0104510486125946
-0.3490192669269163
-0.14686522167176008
-6.189710136502981
-2.4981008488684893
-10.08456422884774
-2.1115812189818826
-2.7287919624359347
-0.1618321433707024
-0.4010784121710458
-30.194743742365972
-12.625106704072095
-16.98621468793135
-15.423910273762885
-40.88268765370594
-3.890975497663021
-0.27622256334871054
-3.278609939137823
-36.94970678086975
-29.981272218981758
-0.8716323243570514
-1.1866610050201416
-8.633175157010555
-5.079263990628533
-20.307888119044947
-0.3490201550157508
-0.14686429174616933
-6.1897092163562775
-2.5123060366604477
-26.7317861225456
-0.4716254221275449
-2.462789802986663
-2.387378841638565
-5.939909104257822
-23.670415677130222
-2.3687578240642324
-0.16183233708579792
-0.40107764566346304
-3.3695100385230035
-2.580310378514696
-2.387378975749016
-2.4614557027816772
-0.40063835494220257
-0.9729126542806625
-10.060495633631945
-13.773669021204114
-2.576322555541992
-0.4390385427395813
-0.3490188305877382
-0.10864067450165749
-6.189709559082985
-2.1367998940404505
-5.7517771472921595
-3.2939672098727897
-3.0994249823124846
-12.814366285689175
-10.010533424007008
-5.081791013479233
-20.5939963106066
-18.36493277624686
-9.168043865764048
-9.510512405540794
-0.1618321433707024
-0.16183257550437702
-0.16183245256979717
-0.16183204651315464
-0.16183247119624866
-0.16183203906257404
-0.16183224767883075
-8.943874344229698
-0.16183245256979717
-0.16183204651315464
-0.16183247119624866
-0.16183203906257404
-1.9300767295062542
-8.410142885055393
-0.4716254351660609
-6.723464522510767
-13.318560153245926
-0.3490192669269163
-0.14686522167176008
-6.189710136502981
-2.2239770041778684
-9.638881652936107
-2.5496034449897707
-4.511039299919503
-12.16185807914735
-8.574135703471256
-0.16183247119624866
-14.053996692178771
-0.1618321433707024
-13.735400672027026
-0.40107764566346304
-11.185728003270924
-7.11937440186739
-0.8944632411003113
-18.004511890059803
-0.0440220907330513
-13.365247260041201
-18.273288854848943
-4.15775443345774
-4.172005832195282
-18.743963031476596
-9.99972251849249
-0.040462951501467614
-1.4900380459148437
-1.0435075608547777
-22.71624755859375
-9.298728454858065
-5.244712003623135
-5.049256837693974
-1.7307650446891785
-1.6118121314793825
-2.0554698484484106
-0.35959954414283857
-5.584058641456068
-9.429038933536503
-0.4269038597121835
-0.16183247119624866
-4.758240824565291
-7.999068737030029
-7.9181239545869175
-2.4220044016838074
-0.8833072725683451
-0.16183204651315464
-4.758242191746831
-2.1196149587631226
-0.13532273686723784
-0.5125314255710691
-0.5193553814897314
-2.349957054189872
-0.5834092611912638
-1.2940762732105213
-1.7817716430872679
-0.22238863214079174
-8.523680031299591
-4.456726257281844
-4.057473216205835
-15.853214986622334
-6.490421012043953
-11.744521981105208
-8.409611532195413
-3.1175170758506283
-6.0133535116910934
-1.2301401835429715
-3.956942889810307
-0.34901984270254616
-0.14686499116942286
-6.189709473401308
-11.199141866003629
-2.549603445077082
-16.00800085719675
-24.235937688907143
-0.04402243345975876
-34.3482758164173
-5.896464824676514
-33.444591109175235
-3.883319948858116
-6.352241164073348
-6.945818440057337
-7.212189910584129
-8.319944328439306
-12.868838503141887
-6.884918282201397
-14.878537503944244
-12.39510918292217
-7.587401277356548
-5.797604788444005
-14.129179229959846
-20.16403836198151
-17.34731183387339
-6.9458172637969255
-1.4237255257903598
-0.46966397762298584
-0.5386336334049702
-3.635070732270833
-9.307023700468562
-11.198032995627727
-10.565603379392996
-15.40434942606953
-19.265217981068417
-10.907398922543507
-5.467523375526071
-13.716942671715515
-1.1485506325261667
-7.702973993495107
-3.925196895375848
-2.260082960128784
-0.2990518640726805
-1.050565499579534
-9.793069802457467
-0.017560917738592252
-19.147398512548534
-10.093868653231766
-6.40724112757016
-32.14728896777524
-49.51509486237774
-0.3490188305877382
-0.1468658186495304
-6.189709559082985
-1.5323117974330671
-2.760976891964674
-14.059637062222464
-3.162195539975073
-21.683006713865325
-15.66534423318808
-8.41867733001709
-4.440978373168036
-11.665406870073639
-21.54085613391362
-0.4010779282762087
-8.92946143867448
-0.16183203906257404
-6.556731380522251
-18.44071988016367
-20.65549005829962
-0.4010779282762087
-10.574116977804806
-2.340515409654472
-7.126428442716133
-0.34901879845710937
-0.1468655802309513
-6.1897102147340775
-0.8944635391235352
-5.195926229702309
-26.30929384805495
-20.317537531489506
-4.237934336066246
-4.246525840717368
-10.831683387048542
-0.16183203906257404
-15.956315603820258
-7.237302035049652
-1.0372410776617471
-0.1811159928329289
-0.11254461761564016
-0.11254472937434912
-0.40107764566346304
-10.631192033761181
-0.4625768596306443
-2.219897747039795
-36.54545703067561
-19.24230348295532
-3.8447725400328636
-12.035843127028784
-5.0523309687851
-1.0564883286133409
-5.052331295912154
-2.1116568797733635
-0.34901984270254616
-0.14686499116942286
-6.189709473401308
-0.049664361868053675
-11.637774946197169
-4.172005742788315
-4.569792390182556
-5.441901573431096
-3.8833194179751445
-0.40107764566346304
-8.904454455943778
-4.171864288160577
-20.56976481192396
-4.232713043689728
-13.201185166835785
-0.40063830837607384
-0.6852170508354902
-8.344739809632301
-33.54106049670372
-8.280153979547322
-2.1058798911726626
-5.05295117048081
-21.37725187997421
-12.218801627488574
-1.1866611242294312
-6.036007663431519
-4.375329244066961
-4.882308562751859
-12.310295805335045
-13.229962568118935
-36.52856087684631
-11.050462625920773
-4.579813670628937
-10.561918780207634
-0.017559852451086044
-0.9266694933176041
-0.3490191730670631
-0.14686545124277472
-6.189709719270468
-1.0455009705765406
-0.5759155177511275
-1.7472643852233887
-0.16183204651315464
-0.1233549565076828
-0.4010784121710458
-1.2178439620583958
-0.1640900416241493
-0.16183245256979717
-0.4010776972354506
-0.12335474789142609
-0.27366411278489977
-0.19123296398902312
-0.7888052649796009
-0.2716462919488549
-13.091519862413406
-0.8623998165130615
-0.31375968432985246
-2.2239778325892985
-0.3490192669269163
-0.14686522167176008
-6.189710136502981
-19.88544684299268
-20.6592486790978
-2.6252517979592085
-15.66534411397879
-8.41867733001709
-4.221443025628105
-0.40107764566346304
-2.502575094011263
-14.133519537746906
-9.458226107875817
-40.455070874872035
-17.029222739860415
-2.111581692995969
-38.527348243071174
-0.8944632411003113
-10.532552302349359
-29.63808012008667
-0.13413969962857664
-1.4049119639967103
-4.77979204361327
-0.10035765182692558
-1.404912482816144
-4.779791967186611
-0.1059120309073478
-0.34715266489365604
-4.779791834473144
-0.14255999703891575
-0.21319614031381207
-4.779792161833029
-1.684848922304809
-10.318036645665416
-22.308413426653715
-26.520703563466668
-6.001432657241821
-18.08466032659635
-2.6776686192897614
-0.04402243345975876
-5.871514917496825
-0.8888888541114284
-1.1184036443737568
-3.506563477218151
-0.4625767865218222
-3.675431316718459
-3.5740722520276904
-1.6152882790956937
-0.21082883919189044
-0.4010774516573292
-1.7580325792405347
-11.877128544350853
-2.452817879617214
-2.6020427620969713
-1.51722217281349
-0.34901879845710937
-0.10864091431722045
-6.1897102147340775
-3.5449322124477476
-3.133680322091095
-2.119634933740599
-7.249499309480598
-3.669935374171473
-22.75534886965761
-0.4010780463650008
-2.3235337750520557
-6.485569770797156
-1.9289884492754936
-4.632919802854303
-4.271914966404438
-9.243150853202678
-2.3074624817818403
-11.309337994083762
-12.44634705345743
-8.41867733001709
-11.040344544540858
-15.973167426651344
-17.189874308241997
-5.293818820267916
-4.363039550837129
-3.3244661542703398
-15.10512726433808
-4.86896319524385
-2.462789297103882
-18.271365145337768
-11.241461928933859
-0.34901984270254616
-0.14686499116942286
-6.189709473401308
-2.4809963595907902
-30.20124331706029
-14.295442357310094
-13.949224583149771
-40.89277884020703
-1.4776267372071743
-2.677668455435196
-19.956057837232947
-1.2812851867638528
-10.579894815917214
-17.78841452114284
-0.8499275897629559
-0.16183224767883075
-8.41867733001709
-4.327203389322676
-1.6630642184754834
-0.4010776972354506
-0.27622337732464075
-14.325218994141323
-0.2762226890772581
-0.3398610046133399
-7.222536512708757
-20.261651217238978
-0.6653842120431364
-0.3490201550157508
-0.10864079720340669
-6.1897092163562775
-0.017559967236593366
-1.2279046451876638
-0.1485136384726502
-0.5822131298482418
-0.3490201550157508
-0.14686429174616933
-6.1897092163562775
-7.203480430063792
-10.39980867691338
-6.087920837715501
-13.60936008580029
-10.159900109341834
-10.173637743690051
-16.276889078588283
-5.8997604146716185
-1.7472643852233887
-21.728155392134795
-3.500711077824235
-8.996621594829776
-13.539268862456083
-0.4010780463650008
-5.220367453992367
-21.058435248764
-7.0779791743989335
-4.803047060966492
-26.15461700767628
-3.4507243199041113
-0.34901984270254616
-0.14453202695585787
-6.189709473401308
-1.5552070648409426
-1.1866611242294312
-5.112815571570536
-0.16183245256979717
-0.4010776972354506
-1.3456720347166993
-0.9031960139982402
-0.5352553203701973
-2.414720877073705
-0.2598949149250984
-0.13978531688917428
-1.01250159740448
-1.0675598438829184
-1.01250159740448
-0.10539461835287511
-15.485273352573131
-13.185680084861815
-0.4010774516573292
-1.5746013303250948
-44.696924368763575
-15.709091845434159
-4.637369760610454
-12.437345276295673
-13.179892511223443
-28.966256322950358
-2.9055756204761565
-22.686717539356323
-8.358341579820262
-0.3490191730670631
-0.14453236432746053
-6.189709719270468
-2.392914406489581
-0.20283618476241827
-1.0842834362993017
-0.11886537866666913
-0.4146894220612012
-0.37653084111661883
-0.7123460825532675
-0.16183247119624866
-0.4010779282762087
-1.7472642958164215
-1.7472642958164215
-0.4064278472214937
-2.0786672085523605
-0.3490188305877382
-0.1468658186495304
-6.189709559082985
-2.9012882709503174
-0.3906593934079865
-0.9200002807192504
-0.3647982853872236
-0.2598949149250984
-0.36702443315880373
-0.16183245256979717
-0.4010776972354506
-0.7232167259790003
-1.122948409523815
-0.09757118858397007
-0.49206756916828454
-1.1866610050201416
-1.1699645705521107
-0.017560917738592252
-4.985307692782953
-2.962259108899161
-2.4039712152734865
-46.36261380411452
-0.017560917738592252
-5.071673874044791
-0.34901984270254616
-0.14453202695585787
-6.189709473401308
-9.735204352531582
-2.6356488056480885
-6.373875699937344
-1.8404783569276333
-9.528696078734356
-7.548950403550407
-3.458074244146701
-6.557423086705967
-3.0219646692276
-19.030621096491814
-6.724133738636738
-2.610172301530838
-0.16183203906257404
-0.3978206905667321
-0.16324459089082666
-0.36164925902266987
-0.260547391109867
-7.741121249215212
-4.782855512574315
-4.221934899687767
-3.492506254464388
-4.78654119966086
-3.712331785238348
-25.305788561701775
-4.709887225180864
-0.27429280802607536
-7.055074527859688
-0.2742921467870474
