-0.0002315968304174021
-0.0038599285762757063
-0.000653530121780932
-0.00481612142175436
-0.0012186489766463637
-0.0005303407087922096
-0.017984651029109955
-0.03466396778821945
-8.356221951544285e-05
-0.00027855331427417696
-0.000837571220472455
-0.00041976699139922857
-0.12416043132543564
-0.00023147765023168176
-0.005108043551445007
-0.000617432699073106
-0.00011157367407577112
-0.00032300499151460826
-0.0059130266308784485
-0.005641372874379158
-0.00021181246847845614
-0.0008591298246756196
-0.0003971264814026654
-0.004813274368643761
-0.00023135847004596144
-0.004852305166423321
-0.0005981324939057231
-0.016798818483948708
-0.00012396997772157192
-0.016704801470041275
-0.0010110987350344658
-0.00026258357684127986
-6.842378934379667e-05
-0.003037246409803629
-0.0032400989439338446
-0.01888907141983509
-0.0021349035669118166
-0.00023147765023168176
-0.005107924807816744
-0.000617551791947335
-0.00022110878489911556
-0.00045694399159401655
-3.480850500636734e-05
-7.56950321374461e-05
-0.007997632957994938
-0.0004758894501719624
-0.008826407603919506
-0.0015869655180722475
-0.001531857531517744
-7.64102369430475e-05
-8.284702198579907e-05
-0.00108159682713449
-0.001178285456262529
-0.029560858383774757
-0.00024625606602057815
-0.0020182018633931875
-0.0210865568369627
-0.007622087839990854
-0.0010420613689348102
-0.00023135847004596144
-0.0001037067049765028
-0.0006179092451930046
-0.0012844892917200923
-0.0013017522869631648
-0.01639971137046814
-4.0411134250462055e-05
-0.16036617755889893
-0.008152777329087257
-0.00023147765023168176
-0.004852305166423321
-0.000598251644987613
-0.0006671110168099403
-0.0001820160250645131
-0.006579285021871328
-0.0031506207305938005
-0.005560170393437147
-0.0002004899288294837
-0.00025519452174194157
-0.004083747509866953
-0.0043015810661017895
-0.00014220656885299832
-0.0006364941946230829
-0.0006976078147999942
-0.00019143179815728217
-0.0001292145170737058
-3.302042750874534e-05
-0.0021192014683037996
-2.062299427052494e-05
-0.04013816639780998
-0.006718190852552652
-0.003732857992872596
-0.009353152476251125
-0.00023135847004596144
-0.004852305166423321
-0.000598251644987613
-0.0011619728757068515
-0.012647774070501328
-0.000316927267704159
-7.366862701019272e-05
-0.0001774868869688362
-0.00017677174764685333
-0.005708937533199787
-0.0002315968304174021
-0.005107924807816744
-0.000617551791947335
-0.0016626594588160515
-0.0002739054325502366
-0.0008911690674722195
-0.0008594871615059674
-0.0006986799417063594
-0.004111053422093391
-0.00015710550360381603
-0.007580562029033899
-0.0002615109842736274
-0.01397055946290493
-0.012903762049973011
-0.0007231004419736564
-0.002477435627952218
-0.00023135847004596144
-0.005107924807816744
-0.0006173135479912162
-7.4741430580616e-05
-0.00012110930401831865
-0.009316186420619488
-0.0008002892718650401
-0.0008068405441008508
-0.00010430268594063818
-0.006882176734507084
-0.00023147765023168176
-0.005107924807816744
-0.000617551791947335
-0.001122440560720861
-3.683499380713329e-05
-0.01733403466641903
-4.100715523236431e-05
-0.00010895135346800089
-0.0010452766437083483
-0.0002044230350293219
-2.6225699912174605e-05
-0.00017998983094003052
-0.0002315968304174021
-0.005107924807816744
-0.000617551791947335
-0.0008593680104240775
-0.0001070442158379592
-0.005961731541901827
-0.0009629856795072556
-1.6094708442687988
-0.0008384049870073795
-0.0003301552205812186
-0.012245710007846355
-0.009073572233319283
-0.061576273292303085
-0.00023135847004596144
-0.005107924807816744
-0.0006173135479912162
-0.002680401550605893
-9.941560711013153e-05
-0.011243436485528946
-0.0006177900941111147
-0.0003763920976780355
-0.004990146495401859
-0.0013193720951676369
-0.005163903348147869
-0.00023147765023168176
-0.005107924807816744
-0.000617432699073106
-0.0006824786541983485
-0.000200609109015204
-6.222531374078244e-05
-0.0002083561266772449
-0.0004862556525040418
-0.00024589852546341717
-0.0023218835704028606
-0.00023147765023168176
-0.005108043551445007
-0.000617432699073106
-0.006381017621606588
-0.00010966652916977182
-0.001531976624391973
-6.0437283536884934e-05
-0.0005211663665249944
-0.009302486665546894
-0.0002627027570270002
-0.0012006701435893774
-0.017405033111572266
-3.6954811548639555e-06
-0.0101179089397192
-0.3753238618373871
-0.00023147765023168176
-0.005107924807816744
-0.000617432699073106
-0.00015317220822907984
-0.00019298121333122253
-0.0005477358354255557
-0.0003392120997887105
-2.3841830625315197e-06
-0.00023147765023168176
-0.005107924807816744
-0.000617551791947335
-0.21005897223949432
-0.008258243091404438
-0.003078485606238246
-0.0007827793597243726
-0.00023147765023168176
-0.005107924807816744
-0.000617432699073106
-0.0008532935753464699
-0.0007113072206266224
-0.0003108495147898793
-0.0005448763840831816
-0.01503633614629507
-0.0038285781629383564
-0.0006780709372833371
-0.0015021003782749176
-0.0002315968304174021
-0.005107806529849768
-0.000617432699073106
-0.0036459180992096663
-0.0017106198938563466
-0.0021036178804934025
-0.000671042304020375
-0.00036423723213374615
-5.054346183896996e-05
-2.586808113846928e-05
-0.004472372587770224
-0.0016224328428506851
-0.00023135847004596144
-0.005108162295073271
-0.000617551791947335
-0.00042489083716645837
-0.003219304606318474
-0.004197834059596062
-6.437094270950183e-05
-0.0007447806419804692
-0.0005880056996829808
-0.0003014348621945828
-0.00028546550311148167
-0.0017160940915346146
-0.008997609838843346
-0.0002315968304174021
-0.0038599285762757063
-0.000653530121780932
-0.0001433984871255234
-0.05497189983725548
-0.0011934071080759168
-0.024021418765187263
-0.00012981049076188356
-0.0004687402688432485
-1.2160769701004028
-0.02434583380818367
-0.0004059444472659379
-0.00023600654094479978
-0.020360516384243965
-0.00023135847004596144
-0.005107924807816744
-0.0006173135479912162
-0.0036466307938098907
-0.001666586846113205
-6.90197994117625e-05
-6.580135959666222e-05
-0.011236364021897316
-6.794698856538162e-05
-0.0002814135223161429
-9.238292841473594e-05
-0.013455063104629517
-4.6491513785440475e-06
-0.00011848701251437888
-0.03883856162428856
-0.0002315968304174021
-0.0038599285762757063
-0.000653530121780932
-0.000803505361545831
-0.00010918975021922961
-0.00016735584358684719
-0.0026299909222871065
-0.0004818470624741167
-8.225102646974847e-05
-0.00435629952698946
-0.0002348147245356813
-0.00023135847004596144
-0.005107806529849768
-0.000617432699073106
-0.0008596062543801963
-0.014040149748325348
-0.00016199229867197573
-0.0006967739318497479
-0.05438307672739029
-7.843663479434326e-05
-0.0060446783900260925
-2.407998726994265e-05
-0.0002315968304174021
-0.005107806529849768
-0.000617432699073106
-0.0009031984372995794
-0.2399202138185501
-0.000964414793998003
-0.0004942387458868325
-0.00013136000779923052
-6.806619057897478e-05
-1.6683411598205566
-0.022341696545481682
-0.15255384147167206
-0.0003134713042527437
-0.018356209620833397
-9.262132516596466e-05
-0.0002991705550812185
-0.00013529339048545808
-0.006536887027323246
-0.005268024746328592
-0.0004234609368722886
-0.004865710623562336
-0.0001397035230183974
-0.0034608489368110895
-0.0007333449902944267
-8.368142152903602e-05
-0.00010632903286023065
-0.0003134713042527437
-0.00012313561455812305
-0.00010978573118336499
-0.00017975145601667464
-8.689979586051777e-05
-0.00023147765023168176
-0.004852186422795057
-0.000598251644987613
-0.004333035554736853
-0.002022841712459922
-0.005633667577058077
-5.769562994828448e-05
-0.0003660247311927378
-0.011298365890979767
-0.000427274004323408
-0.0001546025014249608
-0.00023135847004596144
-0.005107924807816744
-0.0006173135479912162
-0.0022649129386991262
-0.0005446380819194019
-0.000841025379486382
-0.002318910090252757
-0.00027164106722921133
-0.006261730100959539
-0.00023147765023168176
-0.005107924807816744
-0.000617551791947335
-0.0004294188693165779
-0.0013367536012083292
-0.00018773700867313892
-0.09264840185642242
-0.00011181206355104223
-0.0003393312799744308
-0.002049133414402604
-9.059495641849935e-05
-0.01740831322968006
-0.00011848701251437888
-0.0007862337515689433
-0.0001677133986959234
-0.0006989181856624782
-0.0017720249015837908
-0.006415367592126131
-0.00014554394874721766
-0.0008632985409349203
-0.0007637205999344587
-0.0005220004240982234
-0.0047534797340631485
-0.0008925982983782887
-0.00027176024741493165
-0.0011219641892239451
-0.0009376181988045573
-0.01685531996190548
-0.000498289882671088
-0.00015889335190877318
-0.0006086166249588132
-0.000846027978695929
-4.279521817807108e-05
-9.7508447652217e-05
-0.00023421882360707968
-0.014325161464512348
-0.005532548297196627
-5.8053239627042785e-05
-0.01835012249648571
-0.0006437613046728075
-0.0004456242313608527
-0.02896116115152836
-0.006913786754012108
-0.00012218205665703863
-0.00023135847004596144
-0.005107924807816744
-0.0006173135479912162
-0.0004058252670802176
-0.00015758226800244302
-0.00015066919149830937
-0.0004700509598478675
-0.0016844383208081126
-0.00042298430344089866
-0.003172723576426506
-0.03726935759186745
-0.016131477430462837
-0.0019376566633582115
-0.0002315968304174021
-0.005107806529849768
-0.000617432699073106
-0.001212100381962955
-0.0001003691868390888
-0.004367693793028593
-0.004003843292593956
-0.00018630675913300365
-0.003976890817284584
-0.0003833036171272397
-0.006925506982952356
-0.010216441005468369
-0.0302448607981205
-2.3841855067985307e-07
-0.011775625869631767
-0.0064154863357543945
-0.0001456631434848532
-0.0016989572905004025
-0.0007497837068513036
-0.0001627074379939586
-0.006702205166220665
-9.858122211880982e-05
-0.00027771908207796514
-0.00021264675888232887
-0.00028725311858579516
-0.027514735236763954
-0.00013124081306159496
-0.0008125579333864152
-0.00031025364296510816
-0.006237800233066082
-0.00018690270371735096
-5.113947918289341e-05
-0.060070887207984924
-0.00023147765023168176
-0.005107924807816744
-0.000617432699073106
-0.028346851468086243
-0.19226059317588806
-3.564294092939235e-05
-5.566918844124302e-05
-3.182837463100441e-05
-0.0004801789182238281
-0.010989852249622345
-0.009086920879781246
-0.0007715824176557362
-0.004376832861453295
-0.00221055606380105
-0.008209413848817348
-0.00023147765023168176
-0.0038605222944170237
-0.000653530121780932
-0.001347944256849587
-0.00016068121476564556
-0.4441772699356079
-0.017692014575004578
-0.0002512616047170013
-0.00010990492592100054
-0.00023135847004596144
-0.005108162295073271
-0.000617551791947335
-8.463501580990851e-05
-3.266281055402942e-05
-0.00041797960875555873
-4.386805812828243e-05
-0.00011097769311163574
-0.0006474544061347842
-0.0002936885575763881
-0.000916537712328136
-0.002387294312939048
-0.0001616347290109843
-0.00011324241495458409
-0.001128275180235505
-0.0002618685248307884
-0.0018659100169315934
-0.02502445876598358
-0.008652222342789173
-0.001212576637044549
-2.8967437174287625e-05
-0.008433561772108078
-0.00016664070426486433
-0.0064356219954788685
-0.00736000994220376
-0.035083360970020294
-0.0028683494310826063
-0.00016866691294126213
-0.048316460102796555
-7.486063259420916e-05
-4.207999518257566e-05
-6.365573790390044e-05
-0.012837270274758339
-0.010712970048189163
-0.0005276002921164036
-0.0001573438785271719
-0.0012019798159599304
-0.0003280101518612355
-0.004542271140962839
-0.011047035455703735
-0.0006322053959593177
-0.0
-0.0001821352052502334
-0.021748850122094154
-0.0031677326187491417
-0.0003778220561798662
-0.0003159739135298878
-9.524368942948058e-05
-0.0017816636245697737
-0.00034957972820848227
-0.0006970121758058667
-0.00013052565918769687
-0.00027044929447583854
-0.0014142522122710943
-0.0005491655902005732
-0.003039504401385784
-0.0002728328399825841
-0.12380238622426987
-9.238292841473594e-05
-8.821098163025454e-05
-0.00036197309964336455
-0.001887565478682518
-0.0006952252588234842
-0.00037424711626954377
-0.0002456601650919765
-0.014555461704730988
-6.460934673668817e-05
-0.025711338967084885
-0.0003578022588044405
-0.00040260792593471706
-0.00017736769223120064
-0.0008737798780202866
-5.006664650863968e-05
-0.20692850649356842
-0.00011920218821614981
-0.00029118589009158313
-9.560128091834486e-05
-0.009377717040479183
-0.00017009719158522785
-0.0005722792120650411
-0.012735581956803799
-0.0009527434594929218
-0.0017018134240061045
-0.0007445423980243504
-0.006841212511062622
-1.1920928244535389e-07
-0.08761879056692123
-1.2874520507466514e-05
-0.004981605801731348
-0.0056174276396632195
-0.0020880342926830053
-0.000777776469476521
-0.002959516830742359
-0.003369727171957493
-0.0037988892290741205
-0.010797882452607155
-0.0012817509705200791
-0.0033611729741096497
-0.0002858230145648122
-0.0002047805901383981
-0.007474078331142664
-0.00989508256316185
-0.6257597208023071
-0.0028547984547913074
-0.014020401053130627
-0.002715830225497484
-0.0010162194957956672
-0.0001429217227268964
-0.0018600797047838569
-0.13503672182559967
-4.589452510117553e-05
-0.0071243769489228725
-0.0004980515805073082
-0.00846985075622797
-0.0005851463647559285
-0.09801378846168518
-0.00034397884155623615
-0.007467925548553467
-0.0016161249950528145
-0.003234514268115163
-0.01969519816339016
-1.9418972730636597
-0.008620903827250004
-0.0025927757378667593
-0.0011631635716184974
-0.000503770774230361
-0.011145948432385921
-0.1396530717611313
-0.004380512051284313
-0.002228992525488138
-0.10528416931629181
-0.017517492175102234
-0.0001510267611593008
-0.005169596057385206
-0.00016044282529037446
-0.06482686847448349
-0.0002809368306770921
-0.6527262330055237
-0.004512840881943703
-0.00028772983932867646
-9.405170567333698e-05
-6.270212179515511e-05
-0.009443140588700771
-6.961580220377073e-05
-0.002618576865643263
-0.0071360948495566845
-0.0034196253400295973
-0.09801346063613892
-0.0006023023161105812
-0.005100571550428867
-0.0003967689990531653
-0.004651915282011032
-0.00025054652360267937
-9.77468371274881e-05
-0.0004857790481764823
-0.0010453957365825772
-0.006338492967188358
-0.00857090950012207
-0.016620272770524025
-0.03610285371541977
-0.18179146945476532
-0.0005813338793814182
-0.0005712069687433541
-0.002272525103762746
-0.0001740304142003879
-0.000337305391440168
-1.847726889536716e-05
-0.0008293526479974389
-0.01861436851322651
-0.0022325608879327774
-0.08034134656190872
-0.011192512698471546
-0.00019262365822214633
-0.00948801264166832
-0.039687201380729675
-0.002569114323705435
-0.0017249004449695349
-0.00046790618216618896
-2.6464111215318553e-05
-9.178694017464295e-05
-0.07422523945569992
-0.0535515658557415
-5.495397272170521e-05
-0.0004142856632824987
-0.0011324428487569094
-0.00025149996508844197
-0.0023676715791225433
-0.0005886013968847692
-0.00026651646476238966
-0.0039054087828844786
-0.00342105096206069
-0.009505371563136578
-0.09810759127140045
-0.0012154342839494348
-0.00019369633810129017
-0.001813197392039001
-7.259582343976945e-05
-0.0005678709712810814
-0.0004371640970930457
-0.003534262999892235
-9.715084888739511e-05
-0.0004357342259027064
-0.00037925204378552735
-0.0007650309125892818
-0.001388420001603663
-0.002762313699349761
-0.003782381769269705
-0.007568849716335535
-0.0014304416254162788
-0.00047183825518004596
-0.00031728477915748954
-0.0006793813081458211
-6.985420623095706e-05
-0.005052892025560141
-0.05481109768152237
-0.008444790728390217
-0.008372445590794086
-0.008378829807043076
-0.00161160237621516
-0.0004451475979294628
-0.0029113786295056343
-0.003357727313414216
-0.0006498370785266161
-9.63164638960734e-05
-0.0005156855913810432
-0.0012969900853931904
-0.0008148210472427309
-0.0010726656764745712
-6.890059739816934e-05
-0.024373522028326988
-0.00010585224663373083
-0.01402263529598713
-1.1920928244535389e-07
-0.0027195157017558813
-0.0016553997993469238
-0.000276765669696033
-0.05518637225031853
-0.0009469077922403812
-0.06886354833841324
-0.0007292948430404067
-0.00016008525562938303
-0.001780830672942102
-0.002518816851079464
-0.008115176111459732
-0.004906992893666029
-0.012393838725984097
-0.7774649262428284
-0.0004520586517173797
-0.002486948622390628
-0.0008127961773425341
-0.00013207517622504383
-0.0005865760613232851
-0.016787214204669
-0.0013865152141079307
-0.0005159238935448229
-0.0013341344892978668
-0.00014482879487331957
-4.851700214203447e-05
-0.0016181482933461666
-0.0027638589963316917
-0.0003389737685211003
-8.737658936297521e-05
-0.0004037995240651071
-0.00013851160474587232
-0.00028975578607060015
-0.0001134808044298552
-3.361645576660521e-05
-0.0014592485968023539
-0.00037293630884960294
-0.0012149580288678408
-8.868777513271198e-05
-0.00023648326168768108
-0.021382169798016548
-0.00784116331487894
-0.22405865788459778
-0.00032181330607272685
-0.000248401309363544
-0.00012694983161054552
-0.0017402517842128873
-0.0035991196054965258
-0.00010287232726113871
-0.00013100242358632386
-0.016288181766867638
-0.01773124933242798
-0.00010358751023886725
-0.00449681980535388
-0.010880311019718647
-0.012490970082581043
-0.000310730334604159
-0.010690915398299694
-0.00019369633810129017
-0.00013207517622504383
-0.0025433117989450693
-0.00010656742961145937
-0.00033778208307921886
-0.0063256993889808655
-5.924526340095326e-05
-7.10462118149735e-05
-0.0005852655158378184
-1.1920922133867862e-06
-0.0014313939027488232
-0.00026425207033753395
-0.002396213822066784
-0.0058911023661494255
-0.0006337541271932423
-5.722029527532868e-06
-2.3841574147809297e-05
-2.2649508537142538e-05
-3.528532761265524e-05
-0.000398198957554996
-0.006189227104187012
-0.008409210480749607
-0.0980132445693016
-7.545663538621739e-05
-0.0027417470701038837
-0.0018685277318581939
-6.496695277746767e-05
-4.684815212385729e-05
-0.0003766304289456457
-0.0058023352175951
-0.00022480344341602176
-0.021576667204499245
-0.004577158950269222
-0.0046666283160448074
-0.010866514407098293
-0.060407496988773346
-0.02004649117588997
-0.00011073929636040702
-0.0014394884929060936
-0.0005943200667388737
-0.0012715120101347566
-0.0022814455442130566
-0.0010039533954113722
-0.000176652567461133
-0.0008091036579571664
-0.0031354096718132496
-0.08427315950393677
-0.0648258626461029
-0.00023469554434996098
-0.034565165638923645
-0.000226472009671852
-0.0076733119785785675
-0.007763096131384373
-9.905801562126726e-05
-2.47952248173533e-05
-0.14938458800315857
-0.0004611144249793142
-0.0017244244227185845
-0.000700466800481081
-0.00035291642416268587
-0.0019299230771139264
-0.0017394188325852156
-0.0006313714548014104
-0.0002924968139268458
-8.272782724816352e-05
-0.0001896439935080707
-0.0001174142598756589
-3.0874729418428615e-05
-0.0011648305226117373
-0.0024297498166561127
-3.755022044060752e-05
-0.003905765013769269
-7.402622577501461e-05
-0.0003502947511151433
-0.0003299168893136084
-0.00010227633902104571
-0.002086011925712228
-0.01972745731472969
-0.003083952469751239
-0.014268987812101841
-0.00013183678674977273
-0.001630882965400815
-0.00011073929636040702
-0.00664939172565937
-0.00022516099852509797
-0.0004786299541592598
-0.00038223114097490907
-6.735097849741578e-05
-0.00011181206355104223
-9.905801562126726e-05
-0.0001546025014249608
-0.0005265279905870557
-0.00021765247220173478
-0.0016444505890831351
-0.0013755630934610963
-0.0009162995265796781
-0.011950445361435413
-0.021010451018810272
-0.0876191183924675
-0.00019667598826345056
-7.045020902296528e-05
-4.303362584323622e-05
-0.9986618757247925
-0.002626899629831314
-0.00012408917245920748
-0.0006958208978176117
-3.313963316031732e-05
-0.001192454481497407
-0.006779881194233894
-0.00013958434283267707
-0.00012933371181134135
-3.683499380713329e-05
-0.0037066105287522078
-0.0006479309522546828
-0.0008630603551864624
-0.00017724849749356508
-0.0004557524516712874
-0.07422523945569992
-0.00014828535495325923
-0.0007682471186853945
-0.019790686666965485
-0.00019596086349338293
-0.005024544429033995
-0.0018836389062926173
-0.05554503947496414
-0.0003407612966839224
-4.303362584323622e-05
-0.017584143206477165
-0.002717019058763981
-0.007556899916380644
-0.000894146622158587
-0.0001161031104857102
-0.00025006983196362853
-0.0003763920976780355
-0.00013124081306159496
-7.73638384998776e-05
-9.131014667218551e-05
-0.00012408917245920748
-0.0026599522680044174
-0.002619527978822589
-0.00011205045302631333
-0.0005403488758020103
-0.0014811508590355515
-9.238292841473594e-05
-0.10314217209815979
-0.013198274187743664
-0.0061783273704349995
-0.0002669931564014405
-0.0006193388253450394
-0.05837613716721535
-0.00019047829846385866
-0.003885578364133835
-0.0007645544828847051
-0.02436828799545765
-0.0035839155316352844
-0.003864203579723835
-0.0001668790791882202
-0.0019890540279448032
-0.007503421511501074
-0.0028660909738391638
-0.0021679725032299757
-0.0018356868531554937
-0.0001408954558428377
-0.010382450185716152
-0.0008118432597257197
-0.0023160558193922043
-0.0006673493189737201
-0.0001995364436879754
-0.002405370818451047
-0.0035027835983783007
-0.00013076403411105275
-0.017788749188184738
-1.0609570381348021e-05
-0.0007152383332140744
-0.07840633392333984
-0.005784320179373026
-0.0003146630187984556
-0.00039617318543605506
-0.0869181901216507
-0.009660754352807999
-0.022248897701501846
-8.427741704508662e-05
-0.0005260513862594962
-0.00014590153296012431
-4.172238186583854e-05
-0.00011276562872808427
-2.95634672511369e-05
-5.245071224635467e-05
-0.0012041230220347643
-9.262132516596466e-05
-6.770858453819528e-05
-1.492706298828125
-0.0019518149783834815
-0.004526369273662567
-0.0020611488725990057
-0.006783433258533478
-0.0052945869974792
-0.0037839256692677736
-0.000254241080256179
-0.006847960874438286
-0.007487567141652107
-0.00022313489171210676
-4.327203714638017e-05
-0.0049077048897743225
-0.6298403739929199
-0.005296958610415459
-0.0005536930402740836
-0.0017898743972182274
-0.002310228068381548
-9.989239333663136e-05
-0.0015604236396029592
-0.0003051292151212692
-0.00016378014697693288
-0.00012885693286079913
-0.03980199620127678
-0.04955616965889931
-0.0014542490243911743
-5.07818695041351e-05
-0.0003292018664069474
-0.00012694983161054552
-0.0002991705550812185
-0.00016807096835691482
-0.002737823873758316
-0.009715179912745953
-0.00016139635408762842
-0.015325055457651615
-0.0004462200158741325
-0.0022603932302445173
-0.004541440401226282
-0.0028924793004989624
-0.00023147765023168176
-0.004852186422795057
-0.0005260513862594962
-0.004333154298365116
-0.0002026352594839409
-0.0033864788711071014
-0.00010775939153973013
-0.0002795067266561091
-8.95221673999913e-05
-5.864924969500862e-05
-0.030485399067401886
-0.00028224775451235473
-8.999896090244874e-05
-0.029730744659900665
-0.0002315968304174021
-0.005107806529849768
-0.0005536930402740836
-0.00026341783814132214
0.0
-0.00027998341829515994
-9.202533692587167e-05
-0.043057575821876526
-0.005811342969536781
-0.006415604613721371
-0.0001456631434848532
-0.0008632985409349203
-0.0007401349139399827
-0.002697046147659421
-0.000568228424526751
-0.0003541081096045673
-0.0009941878961399198
-0.00022849810193292797
-5.9126061387360096e-05
-0.03759754076600075
-0.015533178113400936
-0.010205231606960297
-0.011725199408829212
-0.0002315968304174021
-0.005107806529849768
-0.0005536930402740836
-0.0012404375011101365
-0.0001037067049765028
-0.10314324498176575
-1.022261381149292
-0.026333656162023544
-0.008643713779747486
-0.00010156115604331717
-0.003662546630948782
-0.004482697229832411
-0.0009844223968684673
-0.00019429226813372225
-0.0002315968304174021
-0.005107924807816744
-0.0005535738891921937
-0.0015624469378963113
-0.01631280966103077
-0.06647448241710663
-0.00016616393986623734
-0.00013565097469836473
-0.0013005617074668407
-0.006415604613721371
-0.0001456631434848532
-0.0008632985409349203
-0.0007401349139399827
-3.218599158572033e-05
-0.00030286493711173534
-9.536288416711614e-05
-0.0003424296446610242
-0.003452533157542348
-0.00012778419477399439
-0.00023135847004596144
-0.005107924807816744
-0.0005535738891921937
-0.0011083895806223154
-0.0002299282787134871
-0.0030893003568053246
-0.0016750366194173694
-1.4305104514278355e-06
-9.60780744208023e-05
-0.002467565471306443
-0.007775634527206421
-0.000653411028906703
-0.0002674698771443218
-0.000125281119835563
-3.516612196108326e-05
-0.012129358015954494
-0.005815017037093639
-0.0673854798078537
-0.0002315968304174021
-0.005107806529849768
-0.0005536930402740836
-0.00010585224663373083
-0.0043686432763934135
-0.000256982195423916
-0.0001839230244513601
-0.0006361367995850742
-0.0002516191452741623
-0.008386394940316677
-0.004210892133414745
-0.003801739541813731
-0.002898422535508871
-0.043750785291194916
-0.004530878737568855
-0.013051559217274189
-0.00389246572740376
-0.0033568956423550844
-0.02722313441336155
-0.006122642662376165
-0.01118225697427988
-0.00023135847004596144
-0.0038602848071604967
-0.0006113567505963147
-0.00206947629339993
-0.055532973259687424
-0.005807668901979923
-0.001652424456551671
-0.0005583396414294839
-0.001383539172820747
-5.864924969500862e-05
-5.3881147323409095e-05
-0.00023135847004596144
-0.005108162295073271
-0.0005536930402740836
-0.0008596062543801963
-0.00016437610611319542
-6.878139538457617e-05
-0.004284488502889872
-5.864924969500862e-05
-0.0030036119278520346
-0.0005852655158378184
-0.0002315968304174021
-0.005107924807816744
-0.0005535738891921937
-0.002680877223610878
-0.00010299152199877426
-0.0156880971044302
-0.017864633351564407
-0.0028477851301431656
-0.044199347496032715
-0.011427778750658035
-0.0001262346631847322
-0.00372430682182312
-0.012425157241523266
-0.002799165900796652
-0.009115507826209068
-0.05307247117161751
-0.00463874451816082
-0.00023147765023168176
-0.004852186422795057
-0.0005260513862594962
-0.004333154298365116
-2.884823152271565e-05
-5.090107151772827e-05
-0.00015341058315243572
-0.0004968600696884096
-0.0015050761867314577
-0.07175976783037186
-0.0016784878680482507
-0.00022873646230436862
-0.0011554239317774773
-0.0002315968304174021
-0.005107806529849768
-0.0005536930402740836
-0.0036457993555814028
-0.0001370812824461609
-0.0024273712188005447
-0.012387127615511417
-0.014935693703591824
-0.02401653118431568
-0.0029721155297011137
-0.000129691296024248
-0.0005915798828937113
-0.0029706894420087337
-0.00034898388548754156
-0.001329015358351171
-0.005069734528660774
-0.000849482137709856
-0.00015472168161068112
-0.0001062098381225951
-0.003744971938431263
-0.00023147765023168176
-0.0038601660635322332
-0.0006114759016782045
-0.00038914260221645236
-0.0016373097896575928
-0.010246176272630692
-0.00047124247066676617
-0.00047434045700356364
-0.0013387774815782905
-0.00019810620869975537
-0.007627884857356548
-0.0013722298899665475
-0.0002315968304174021
-0.005107924807816744
-0.0005535738891921937
-0.0034593045711517334
-1.7465323209762573
-0.0007756323902867734
-0.0001072826053132303
-0.00015817821258679032
-0.013670159503817558
-0.00010466027742950246
-8.49926145747304e-05
-0.0259831715375185
-0.0022136487532407045
-0.004363539628684521
-0.0029145879670977592
-0.006324633490294218
-0.00023135847004596144
-0.005107924807816744
-0.0005535738891921937
-0.0008593680104240775
-0.00018010901112575084
-0.0004654039512388408
-0.00039104922325350344
-0.00032944019767455757
-0.0005175919504836202
-0.000328367663314566
-0.00023135847004596144
-0.005107806529849768
-0.0005535738891921937
-0.002680401550605893
-0.00038223114097490907
-0.0005042473785579205
-0.015486345626413822
-0.0033841028343886137
-0.02846955694258213
-0.0007013006834313273
-0.0017901124665513635
-0.0005392765742726624
-0.0002315968304174021
-0.005107806529849768
-0.0005536930402740836
-0.0007271506474353373
-0.0001736728590913117
-0.00013684290752280504
-0.00015043080202303827
-0.0028568191919475794
-0.00023135847004596144
-0.005107924807816744
-0.0005535738891921937
-0.0036465120501816273
-0.09217920154333115
-0.00020346954988781363
-0.0070382049307227135
-0.0012754409108310938
-0.00014649749209638685
-0.00035506143467500806
-0.0058518750593066216
-0.0023472157772630453
-3.611976353568025e-05
-0.0004980515805073082
-0.005228654481470585
-0.005483110900968313
-0.0002806984703056514
-0.08450520783662796
-0.0031587013509124517
-0.0110928975045681
-0.0008635367848910391
-0.00033885458833537996
-0.00012134769349358976
-0.0011762612266466022
-0.0002315968304174021
-0.00386040355078876
-0.0006113567505963147
-0.00011121608258690685
-3.0636318115284666e-05
-0.003560158656910062
-8.856858039507642e-05
-6.282132380874828e-05
-0.008283071219921112
-0.00020990552729927003
-0.0004048719711136073
-0.01273193396627903
-0.011025695130228996
-0.00014101465058047324
-0.00011002412065863609
-0.001639332971535623
-0.00031835734262131155
-0.00013255194062367082
-0.0002315968304174021
-0.005107924807816744
-0.0005535738891921937
-0.0008596062543801963
-0.0025468789972364902
-0.007448875345289707
-0.0015636371681466699
-0.00027700403006747365
-0.00390944629907608
-8.49926145747304e-05
-0.000993830617517233
-0.007823420688509941
-0.0005945583689026535
-0.05782093107700348
-0.0041287424974143505
-0.0012226970866322517
-0.0007282227743417025
-0.05150734633207321
-0.0009257083875127137
-0.03382626175880432
-3.6000557884108275e-05
-0.039721690118312836
-0.00023147765023168176
-0.0038605222944170237
-0.0006114759016782045
-0.004815765656530857
-0.00012134769349358976
-5.149708886165172e-05
-0.010447453707456589
-0.4019334614276886
-0.002893192460760474
-0.026575136929750443
-6.3774932641536e-05
-0.0004941195948049426
-0.00012814177898690104
-0.00023135847004596144
-0.005107924807816744
-0.0005535738891921937
-0.0008593680104240775
-0.0006906984490342438
-0.00015090756642166525
-0.0002060916303889826
-0.01415110845118761
-0.0006081400788389146
-0.0006831934442743659
-9.63164638960734e-05
-0.00015436411194968969
-0.0004843492351938039
-0.00021526881027966738
-0.005158566869795322
-0.00023135847004596144
-0.005108162295073271
-0.0005536930402740836
-4.994744449504651e-05
-0.00034540885826572776
-0.00017391123401466757
-0.0011603058082982898
-0.005937320180237293
-0.0008627030183561146
-0.00839998945593834
-0.009883278980851173
-0.0006942722829990089
-0.007130531594157219
-0.00023135847004596144
-0.0038602848071604967
-0.0006113567505963147
-0.0007526425761170685
-0.011353762820363045
-0.014782067388296127
-0.0010661162668839097
-3.6477376852417365e-05
-6.222531374078244e-05
-0.07122082263231277
-3.397406908334233e-05
-4.851700214203447e-05
-0.0008811643347144127
-0.004868794698268175
-8.034383063204587e-05
-0.0003985564399044961
-6.389413465512916e-05
-0.00023135847004596144
-0.00386040355078876
-0.0006113567505963147
-7.188061863416806e-05
-4.7801782784517854e-05
-5.6503606174374e-05
-0.0022814455442130566
-0.00019834458362311125
-1.966933996300213e-05
-6.580135959666222e-05
-0.0002809368306770921
-0.00023147765023168176
-0.005107924807816744
-0.0005535738891921937
-0.0013892533024773002
-9.870042413240299e-05
-0.0007986216805875301
-8.916457591112703e-05
-9.893881360767409e-05
-5.8412379075889476e-06
-0.0008407871937379241
-1.1920928244535389e-07
-2.8347008228302
-0.0011014830088242888
-0.00023147765023168176
-0.0038605222944170237
-0.0006114759016782045
-0.0001113352773245424
-0.0422733873128891
-0.01997077278792858
-0.03246095031499863
-9.214453893946484e-05
-0.0002315968304174021
-0.005107806529849768
-0.0005536930402740836
-0.03256019204854965
-0.0007060657371766865
-0.0017839246429502964
-0.0008831891464069486
-0.00012039413559250534
-0.0028263882268220186
-0.00037531962152570486
-0.002309633418917656
-0.0004894727608188987
-0.6956411600112915
-0.00023135847004596144
-0.005107806529849768
-0.0005535738891921937
-0.0006388768670149148
-0.00041559641249477863
-0.4761742055416107
-0.00021801002731081098
-3.075552376685664e-05
-0.000285584683297202
-0.004558410029858351
-0.0035495867487043142
-0.0022260190453380346
-0.0002315968304174021
-0.0038599285762757063
-0.0006114759016782045
-0.0012554391287267208
-0.0002057340752799064
-0.00013243274588603526
-0.0038561285473406315
-0.00010108436981681734
-0.0004761277523357421
-0.00016532962035853416
-0.010658008977770805
-0.008760235272347927
-0.00023147765023168176
-0.005108043551445007
-0.0005534547381103039
-0.0008248264202848077
-6.031808152329177e-05
-0.00023755589791107923
-0.00822005420923233
-5.149708886165172e-05
-0.016218043863773346
-0.1357739418745041
-4.100715523236431e-05
-0.2842746376991272
-0.00025340684805996716
-0.011676892638206482
-4.005352093372494e-05
-0.033567387610673904
-0.021636515855789185
-0.00023135847004596144
-0.005108162295073271
-0.0005536930402740836
-0.0007045170641504228
-0.001927424455061555
-0.00012778419477399439
-0.0019374187104403973
-0.0002451834443490952
-0.0001479277852922678
-0.0006475735572166741
-1.764281842042692e-05
-0.0001658063702052459
-0.000120751719805412
-0.0029498895164579153
-0.0016991952434182167
-0.00023147765023168176
-0.005108043551445007
-0.0005534547381103039
-0.0006992755807004869
-0.0001267114421352744
-7.784063927829266e-05
-3.58813522325363e-05
-0.006138281896710396
-7.450303382938728e-05
-7.676783570786938e-05
-0.002777649089694023
-0.0005292683490552008
-0.00024387246230617166
-7.593343616463244e-05
-0.002261463785544038
-0.000348268891684711
-0.0019489595433697104
-0.00013433984713628888
-0.00030655929003842175
-0.0001110968878492713
-2.682172998902388e-05
-0.00020656836568377912
-3.6477376852417365e-05
-0.0012550819665193558
-0.003300340613350272
-0.00024291902082040906
-0.0003924791526515037
-0.0007370378007180989
-0.00031549722189083695
-0.0008758046315051615
-0.00114994659088552
-0.0019488405669108033
-0.0011604249011725187
-0.00017045476124621928
-0.003057212568819523
-0.006066361907869577
-0.010802717879414558
-0.00021181246847845614
-0.002427490195259452
-0.00027307120035402477
-0.0002588890492916107
-2.109982233378105e-05
-0.00025340684805996716
-0.001848180778324604
-0.07056962698698044
-0.005734065547585487
-1.3703265190124512
-0.00683600315824151
-0.0011744751827791333
-0.012674140743911266
-0.0002294515579706058
-0.00017236177518498152
-0.0003036991402041167
-9.369411418447271e-05
-0.0003389737685211003
-0.0008237544680014253
-0.0002693767019081861
-0.00012468514614738524
-0.0007407305529341102
-1.6569954823353328e-05
-0.004841984249651432
-0.0010939810890704393
-5.2569914259947836e-05
-4.339123915997334e-05
-0.0008318539476022124
-0.0006860524881631136
-0.0028426735661923885
-4.339123915997334e-05
-0.0008868813747540116
-0.09510785341262817
-0.0009532198309898376
-0.0005354639724828303
-0.0033709153067320585
-0.0012119814055040479
-0.001462343498133123
-4.7801782784517854e-05
-0.006820374168455601
-9.512448741588742e-05
-0.002662092447280884
-0.0002579356369096786
-0.0006399490521289408
-0.0011367294937372208
-0.0062719183042645454
-0.0005388000281527638
-5.376194530981593e-05
-0.0006658005877397954
-0.00010895135346800089
-0.002460311632603407
-0.7693682312965393
-0.0008239926537498832
-0.00018106251081917435
-0.001450797077268362
-0.0005720409681089222
-0.0023830130230635405
-0.0012749646557494998
-0.00046302087139338255
-0.08340001106262207
-0.008780678734183311
-7.152301259338856e-05
-0.0022991669829934835
-1.6398426294326782
-3.4227802753448486
-5.709961988031864e-05
-0.000844479538500309
-0.0007010624394752085
-0.00035696811391972005
-0.009339924901723862
-0.007757181767374277
-0.0402735210955143
-0.06904524564743042
-0.002380040008574724
-0.004799868445843458
-0.010645034722983837
-0.0011682836338877678
-0.0032606550958007574
-0.008168148808181286
-0.0007359656738117337
-0.0035153755452483892
-0.0028613361064344645
-0.00048601735034026206
-0.0017362057697027922
-0.0010827876394614577
-0.0015664937673136592
-0.0008886678842827678
-0.00048160876031033695
-0.01843251660466194
-0.02559363842010498
-0.00903954915702343
-0.004366744309663773
-0.0001954841281985864
-0.014012525789439678
-8.83301836438477e-05
-0.00016819016309455037
-0.040356531739234924
-8.987976616481319e-05
-0.0004773192631546408
-4.5298504119273275e-05
-0.01122740563005209
-0.03337036445736885
-0.00036006642039865255
-0.012858101166784763
-0.00494744349271059
-0.0002965487365145236
-0.0004135706985834986
-0.0040677194483578205
-0.0023808723781257868
-0.00011014331539627165
-0.004398433957248926
-0.08409782499074936
-0.000610999355558306
-0.004258137196302414
-5.721882189391181e-05
-6.747018051100895e-05
-0.0002153879904653877
-0.0006858142442069948
-0.00043811736395582557
-0.0009651293512433767
-0.009991749189794064
-0.00011062010162277147
-0.06017191708087921
-0.002357800491154194
-0.012263373471796513
-0.0015470929211005569
-0.0222490131855011
-0.004633641801774502
-0.0003887851198669523
-0.002867873990908265
-0.0001399419124936685
-0.007915202528238297
-0.0032048076391220093
-0.000386640167562291
-0.0027898934204131365
-0.0006663962849415839
-0.0075934575870633125
-0.08404313772916794
-0.00022718709078617394
-0.0003922408213838935
-0.012131006456911564
-0.0008051729528233409
-8.904537389753386e-05
-4.067912578582764
-0.014818127267062664
-0.00012516192509792745
-3.4927710657939315e-05
-0.0001565095444675535
-0.0010161004029214382
-0.034626081585884094
-0.004197122063487768
-0.0005222387262620032
-0.0024775543715804815
-9.238292841473594e-05
-0.036580029875040054
-4.458328112377785e-05
-0.00022289653134066612
-0.00029881304362788796
-0.00030489088385365903
-0.0030972626991569996
-0.017834186553955078
-0.0007159530650824308
-0.0003875934926327318
-0.0045362189412117004
-0.009450461715459824
-0.00022063204960431904
-0.003984251990914345
-0.0003632839070633054
-0.0006509092636406422
-8.654219709569588e-05
-0.00012134769349358976
-0.004601841326802969
-0.0008965287124738097
-0.042164821177721024
-0.00020644917094614357
-0.0020459212828427553
-0.0009298768127337098
-0.0005342725198715925
-0.014446075074374676
-3.1470757676288486e-05
-0.0010943383676931262
-0.00029380773776210845
-0.00018571082910057157
-0.008847322314977646
-9.095255518332124e-05
-0.013245332054793835
-0.0007381098694168031
-0.0028414849657565355
-0.06806960701942444
-0.020197207108139992
-6.05564855504781e-05
-0.0028519455809146166
-0.0004253674705978483
-0.0005895545473322272
-0.00030882356804795563
-0.009188508614897728
-0.0948529839515686
-0.0014779369812458754
-0.0031666632276028395
-0.002681828336790204
-0.00025412190007045865
-0.00014280252798926085
-3.302042750874534e-05
-0.0006521005416288972
-0.018975866958498955
-0.0037454471457749605
-0.0024557928554713726
-0.04219464957714081
-3.3378044463461265e-05
-0.004880302120000124
-0.00039867559098638594
-0.00016604475968051702
-0.0006449526408687234
-0.01454782485961914
-8.987976616481319e-05
-0.00030083899036981165
-0.00038842763751745224
-7.366862701019272e-05
-0.000795882020611316
-0.0001397035230183974
-0.001190311275422573
-0.0005501187406480312
-0.003968697972595692
-0.003930582199245691
-0.0020404488313943148
-0.0004586121649481356
-0.00013290952483657748
-0.2565467953681946
-0.039948735386133194
-3.349725011503324e-05
-0.00048387263086624444
-0.0041547417640686035
-0.45136553049087524
-0.029253065586090088
-0.006493539549410343
-1.9934279918670654
-0.00659183831885457
-0.03135040029883385
-0.00011181206355104223
-0.0005127069307491183
-0.007406632881611586
-0.0002603192115202546
-0.0001308832288486883
-0.00021765247220173478
-3.373566141817719e-05
-0.026003962382674217
-0.009387400932610035
-0.008465122431516647
-0.18277618288993835
-9.798523387871683e-05
-0.0019174300832673907
-0.000565249880310148
-0.0003856868715956807
-4.9470632802695036e-05
-0.0014411549782380462
-0.000727627135347575
-0.07742699235677719
-0.0017090728506445885
-0.0037114801816642284
-0.0012385324807837605
-0.0002712835557758808
-0.0005589353386312723
-0.0004593271005433053
-0.009980300441384315
-0.00023815179883968085
-0.00029345019720494747
-0.0049308366142213345
-0.005526857916265726
-0.07087861746549606
-0.03201771154999733
-0.023013876751065254
-0.008273257873952389
-0.023031234741210938
-0.0013473490253090858
-0.0014801985817030072
-0.0003748429589904845
-0.03526163473725319
-0.003912771120667458
-0.00047672350774519145
-0.0024616196751594543
-0.000993711524643004
-0.0010595666244626045
-0.012438343837857246
-0.004620589315891266
-0.0021692810114473104
-7.450303382938728e-05
-0.00020418466010596603
-0.0011632826644927263
-0.00020632999076042324
-0.00015424491721205413
-0.004069856833666563
-0.0012187680695205927
-0.0020714986603707075
-0.003853991162031889
-0.006169323343783617
-0.0005116345710121095
-0.006907986011356115
-0.0002520958660170436
-5.245071224635467e-05
-0.0015600664773955941
-0.0016747985500842333
-0.004181333351880312
-0.0027438870165497065
-0.09000150859355927
-0.0028451699763536453
-0.00022718709078617394
-0.0002113357331836596
-0.0025763672310858965
-0.0009760859538801014
-0.000161038784426637
-0.01875137910246849
-0.00029023250681348145
-0.003182467771694064
-0.009886465966701508
-0.00014673586701974273
-0.001608269871212542
-0.002478386741131544
-0.007257526274770498
-0.0019728736951947212
-0.00032729512895457447
-0.00022194306075107306
-5.245071224635467e-05
-0.0005321278586052358
-0.0010888606775552034
-0.025852374732494354
-0.00019596086349338293
-2.590439796447754
-0.00011014331539627165
-0.0023752828128635883
-0.005677645094692707
-0.016717111691832542
-0.00029738296871073544
-0.02560851164162159
-0.001465676468797028
-0.0005771639989688993
-0.0011096993694081903
-0.00016950124700088054
-0.00027640812913887203
-0.011124728247523308
-0.00010740180005086586
-0.0064360955730080605
-0.0004913791781291366
-0.0011466125724837184
-0.00016807096835691482
-0.00014983485743869096
-0.0001754606782924384
-4.732496745418757e-05
-2.4089176654815674
-0.00498789269477129
-0.0038589786272495985
-0.0009531007381156087
-1.5282148122787476
-0.0030744450632482767
-0.6479654312133789
-0.00020776021119672805
-0.0010131231974810362
-0.000286657246761024
-0.0008922410197556019
-0.0007965967524796724
-0.0007666985620744526
-0.000546425289940089
-0.00013004888023715466
-0.0040197535417973995
-0.007123903371393681
-0.001176023157313466
-0.03132394328713417
-0.00040665941196493804
-0.0003036991402041167
-0.018959490582346916
-0.0002727136597968638
-8.105902816168964e-05
-0.0033950330689549446
-4.076874756719917e-05
-0.0004929280839860439
-0.009733124636113644
-5.280832192511298e-05
-0.058137040585279465
-0.046569112688302994
-0.005603083875030279
-0.0031628606375306845
-0.0009978797752410173
-0.007665741257369518
-0.06666040420532227
-8.237022848334163e-05
-0.0022082962095737457
-0.00025900822947733104
-5.745722592109814e-05
-6.05564855504781e-05
-0.014847373589873314
-0.022456400096416473
-0.019791271537542343
-0.00011872540198964998
-0.0003967689990531653
-0.0003965306677855551
-0.00385470362380147
-0.022988364100456238
-0.14411838352680206
-0.00013493580627255142
-0.00018070495571009815
-0.00020704510097857565
-1.7239537239074707
-0.0032068276777863503
-0.14836633205413818
-0.004304311238229275
-0.005650263279676437
-0.00037269797758199275
-0.011258878745138645
-0.00043585337698459625
-0.00012218205665703863
-0.00024911639047786593
-6.842378934379667e-05
-0.0003392120997887105
-9.595887240720913e-05
-0.002222926588729024
-3.194758028257638e-05
-0.0004969792207702994
-0.00048756631440483034
-0.00039843725971877575
-7.414542778860778e-05
-0.025652896612882614
-7.354942499659956e-05
-0.006823807954788208
-0.009115626104176044
-0.000296310376143083
-0.0029948167502880096
-0.01615998148918152
-0.00212848000228405
-0.00027307120035402477
-0.00029297350556589663
-7.164221460698172e-05
-0.05808001384139061
-0.0009833505610004067
-6.09140915912576e-05
-0.02038656361401081
-3.9934315282152966e-05
-0.00011503035057103261
-0.03858316317200661
-0.0001431601122021675
-0.0001854724541772157
-0.015767307952046394
-0.0001668790791882202
-0.00045599075383506715
-0.009511156938970089
-0.03113560751080513
-0.006839791778475046
-0.005925351288169622
-0.00804056040942669
-0.026442909613251686
-0.0062592425383627415
-0.002029979834333062
-0.021026208996772766
-0.0002315968304174021
-0.004852660931646824
-0.0005260513862594962
-0.00039057256071828306
-0.00011705666838679463
-0.001899820752441883
-0.0017020514933392406
-0.0013761583250015974
-0.009096489287912846
-0.0013753250241279602
-0.0029419257771223783
-0.0016513533191755414
-0.017216164618730545
-0.011536081321537495
-0.0034692834597080946
-0.00038211196078918874
-0.01415298879146576
-0.008945389650762081
-0.0017945152940228581
-0.00023147765023168176
-0.005107924807816744
-0.0005536930402740836
-0.0008593680104240775
-0.0007327494095079601
-9.250213042832911e-05
-0.00015221867943182588
-0.00023135847004596144
-0.005108162295073271
-0.0005536930402740836
-0.0036480561830103397
-0.00010930894495686516
-6.007967749610543e-05
-0.03226763382554054
-0.0004789874074049294
-0.0009483369067311287
-1.4185804502631072e-05
-2.3245540432981215e-05
-0.0006709231529384851
-0.00023135847004596144
-0.005107924807816744
-0.0005535738891921937
-0.00041237910045310855
-0.0002343380037928
-0.007931404747068882
-0.0009036748087964952
-8.487341256113723e-05
-2.2216131687164307
-0.0010587330907583237
-0.0006114759016782045
-0.002439382253214717
-3.2097086906433105
-0.013220391236245632
-0.0005397531786002219
-0.00023147765023168176
-0.005108043551445007
-0.0005534547381103039
-0.0013685394078493118
-4.172316494077677e-06
-1.1086402082582936e-05
-0.00015901254664640874
-0.00024780540843494236
-0.0006243425305001438
-0.0006372089846991003
-0.0005293875001370907
-0.0009603655780665576
-0.0026381947100162506
-0.00023135847004596144
-0.005107924807816744
-0.0005535738891921937
-0.0017776177264750004
-0.00013267113536130637
-8.535020606359467e-05
-0.010037541389465332
-3.397406908334233e-05
-0.0004058252670802176
-0.008932511322200298
-0.04530814662575722
-0.04004586115479469
-0.008192978799343109
-0.02089172787964344
-0.0015016243560239673
-0.00023135847004596144
-0.005107924807816744
-0.0005535738891921937
-0.0008593680104240775
-9.917721035890281e-05
-0.035143785178661346
-0.005473270546644926
-9.965400386136025e-05
-0.02372169680893421
-6.615896563744172e-05
-0.0005080600967630744
-3.6000557884108275e-05
-0.0005793085438199341
-8.702239938429557e-06
-0.007629777304828167
-0.006401983089745045
-4.053033626405522e-05
-0.0006411403883248568
-0.0002315968304174021
-0.005107924807816744
-0.0005535738891921937
-0.0016655157087370753
-0.0012137673329561949
-0.008074025623500347
-5.376194530981593e-05
-0.0009765623253770173
-0.001156733720563352
-0.006398784928023815
-0.0002562671434134245
-0.0004836343287024647
-0.009175396524369717
-5.090107151772827e-05
-3.433168603805825e-05
-0.006415722891688347
-0.0001456631434848532
-0.0008636558777652681
-0.0007400158210657537
-0.0010526598198339343
-6.97350042173639e-05
-0.01930963806807995
-0.0007096394547261298
-4.60137271147687e-05
-0.01873207464814186
-0.0006865289760753512
-0.00014709345123264939
-0.0073389457538723946
-0.034308210015296936
-0.005021341610699892
-0.004303717985749245
-0.0008931938209570944
-0.00023135847004596144
-0.005108162295073271
-0.0005536930402740836
-0.0008955758530646563
-0.00014530557382386178
-0.004979945253580809
-0.013819018378853798
-2.4318398573086597e-05
-0.20987044274806976
-0.0017287085065618157
-0.03521686792373657
-0.0005411829333752394
-0.004020584747195244
-0.0045541380532085896
-0.06245243549346924
-0.005157617852091789
-0.00023147765023168176
-0.005108043551445007
-0.0005534547381103039
-0.0022034193389117718
-0.003348578931763768
-0.0143471360206604
-0.763573944568634
-0.0005737089086323977
-3.540453326422721e-05
-0.010120858438313007
-7.748573807475623e-06
-0.0033382424153387547
-0.003069334663450718
-0.06233304366469383
-0.007262141909450293
-0.0023587520699948072
-0.0023771857377141714
-0.0002315968304174021
-0.005107806529849768
-0.0005536930402740836
-0.0008593680104240775
-2.3982765674591064
-4.2676016164477915e-05
-0.0004911408759653568
-0.00011276562872808427
-0.006546953693032265
-0.061783503741025925
-0.00010489867418073118
-0.007743933703750372
-0.0032357024028897285
-0.0008023141999728978
-0.0012749646557494998
-0.003895434318110347
-0.00023135847004596144
-0.005107924807816744
-0.0005535738891921937
-0.0026805205270648003
-0.00011085849109804258
-0.004004199523478746
-0.030335068702697754
-0.012170576490461826
-0.00023147765023168176
-0.005108043551445007
-0.0005534547381103039
-0.0008596062543801963
-8.821448318485636e-06
-5.936446541454643e-05
-5.3881147323409095e-05
-4.9232225137529895e-05
-0.012215444818139076
-9.63164638960734e-05
-0.01451034564524889
-0.01571309193968773
-0.0011364913079887629
-0.0021356174256652594
-0.00023147765023168176
-0.0038602848071604967
-0.0006113567505963147
-0.00011908298620255664
-3.790783375734463e-05
-0.013515045866370201
-0.00014828535495325923
-0.0003240775258745998
-0.004061426967382431
-0.0027790756430476904
-0.004949816036969423
-0.00041333239641971886
-0.00023135847004596144
-0.005108162295073271
-0.0005536930402740836
-6.723177648382261e-05
-6.305972783593461e-05
-4.0649541915627196e-05
-0.0011707840021699667
-3.242440288886428e-05
-4.684815212385729e-05
-0.0013859200989827514
-5.9126061387360096e-05
-0.00010132275929208845
-0.10524189472198486
-0.00023135847004596144
-0.005107924807816744
-0.0005535738891921937
-0.0008593680104240775
-4.4225667807040736e-05
-0.0009263038518838584
-0.0006210067658685148
-0.007110054604709148
-0.0009608419495634735
-0.0011551857460290194
-0.002568757627159357
-0.000763363263104111
-0.011134512722492218
-0.002859077649191022
-0.013754116371273994
-0.00023147765023168176
-0.0038601660635322332
-0.0006114759016782045
-0.0015044810716062784
-0.010783377103507519
-0.00010895135346800089
-0.027831759303808212
-0.003515256568789482
-0.00303356209769845
-3.013963222503662
-0.0005691815749742091
-0.004755140747874975
-0.0127985505387187
-0.0049844528548419476
-0.0002315968304174021
-0.00485254218801856
-0.0005260513862594962
-0.0035969815216958523
-0.00013290952483657748
-0.003939844202250242
-0.002665064763277769
-0.27137288451194763
-0.00023135847004596144
-0.005107806529849768
-0.0005535738891921937
-3.862306402879767e-05
-0.00019774865359067917
-0.01694217324256897
-0.0008230397943407297
-0.00027092601521871984
-0.01271639671176672
-0.0006507901125587523
-0.012824795208871365
-0.0009588173124939203
-0.00023147765023168176
-0.005107924807816744
-0.0005536930402740836
-0.000301673193462193
-0.014554756693542004
-0.00013422065239865333
-0.001582085620611906
-0.00045468006283044815
-0.00424840347841382
-9.119095193454996e-05
-0.0027054871898144484
-0.003483182517811656
-9.679325739853084e-05
-0.0006313714548014104
-0.0038290531374514103
-0.0011625682236626744
-0.0015046000480651855
-2.455681169521995e-05
-0.003406557021662593
-3.373566141817719e-05
-0.0008306628442369401
-0.0008628221112303436
-0.016344239935278893
-0.00021240839851088822
-0.2663123309612274
-0.00023147765023168176
-0.005108043551445007
-0.0005534547381103039
-0.0008596062543801963
-0.011095255613327026
-0.00010191874753218144
-0.026620641350746155
-0.0029889929573982954
-5.6265202147187665e-05
-0.0006061147432774305
-0.0004228651523590088
-0.0034786683972924948
-0.0034892410039901733
-7.807903602952138e-05
-0.0012390087358653545
-0.000336590368533507
-0.0011147005716338754
-0.00033885458833537996
-0.00023135847004596144
-0.005107806529849768
-0.0005535738891921937
-3.802703940891661e-05
-1.3291221857070923
-0.0017307315720245242
-0.00011181206355104223
-0.00017331528943032026
-0.0002768848498817533
-0.0043470412492752075
-2.9798760414123535
-0.00031668893643654883
-0.0003398079425096512
-0.011996619403362274
-0.001369729870930314
-0.00023112009512260556
-0.0005448763840831816
-0.0033276681788265705
-0.004746004939079285
-5.090107151772827e-05
-0.010235556401312351
-0.015734216198325157
-0.00017629499780014157
-0.00023147765023168176
-0.0038605222944170237
-0.0006114759016782045
-5.6622808187967166e-05
-0.12842872738838196
-0.0001264730526600033
-0.16770745813846588
-1.0068035125732422
-0.00040904260822571814
-0.00021896349790040404
-7.378782902378589e-05
-0.023009100928902626
-0.0029554758220911026
-0.007892967201769352
-0.0020145138259977102
-0.0026263052131980658
-0.0002915434306487441
-0.00023147765023168176
-0.005108043551445007
-0.0005534547381103039
-0.0008596062543801963
-0.0058060092851519585
-0.0007068996201269329
-0.0006849803612567484
-0.022156206890940666
-0.01929151453077793
-0.001957882894203067
-0.00023147765023168176
-0.0038602848071604967
-0.0006113567505963147
-0.0005420169327408075
-0.0032258399296551943
-0.00010740180005086586
-0.0051871477626264095
-0.0008083889842964709
-0.00012289722508285195
-0.00019274283840786666
-0.00019905969384126365
-0.0017873755423352122
-0.00018404220463708043
-0.004325913731008768
-0.020410625264048576
-0.00023135847004596144
-8.725739462533966e-05
-0.0004111875023227185
-0.0016021999763324857
-0.028541158884763718
-0.009896853007376194
-0.008174770511686802
-6.437280717364047e-06
-0.011114707216620445
-0.0017460829112678766
-0.0025346316397190094
-0.002410603454336524
-0.007511940784752369
-0.0071468655951321125
-0.03678159415721893
-0.020942511036992073
-0.002020343439653516
-0.011904033832252026
-0.01836135797202587
-0.01101402286440134
-0.0010202685371041298
-0.005910774692893028
-0.0018939905567094684
-0.0007166677969507873
-0.00023147765023168176
-0.004852305166423321
-0.0005261705373413861
-0.0009317824151366949
-0.00048339602653868496
-0.010211603716015816
-0.9331772923469543
-0.0003682888636831194
-0.009152717888355255
-0.0015983913326635957
-0.0021586944349110126
-0.0014603198505938053
-0.0005881248507648706
-0.00023135847004596144
-0.005108162295073271
-0.0005536930402740836
-0.0007616956136189401
-0.0005452338373288512
-8.439661905867979e-05
-0.0001559135998832062
-0.002434982219710946
-0.0011714984430000186
-0.014628770761191845
-0.008812228217720985
-0.01157720759510994
-0.00010561384988250211
-0.00014578233822248876
-0.0029432333540171385
-0.012956717051565647
-0.00023147765023168176
-0.0038602848071604967
-0.0006113567505963147
-0.07030864804983139
-0.0014750801492482424
-0.0038254905957728624
-0.00030870441696606576
-0.003914671018719673
-0.008162828162312508
-0.5224310159683228
-0.00023147765023168176
-0.005108043551445007
-0.0005534547381103039
-0.0001333863037871197
-0.008306006900966167
-9.262132516596466e-05
-0.0001995364436879754
-0.00034707720624282956
-0.0005458295345306396
-9.870042413240299e-05
-0.0033312325831502676
-0.00031406714697368443
-0.005802216939628124
-0.0002315968304174021
-0.005107924807816744
-0.0005535738891921937
-0.00186126958578825
-0.0007126175914891064
-8.821098163025454e-05
-0.0015389991458505392
-0.0001793938863556832
-7.259582343976945e-05
-0.49858230352401733
-0.0003667397249955684
-0.0023456697817891836
-0.14549940824508667
-0.0002315968304174021
-0.005107806529849768
-0.0005536930402740836
-0.0006187431863509119
-0.009479865431785583
-0.04620129242539406
-0.001777022727765143
-0.0011214879341423512
-0.01618766412138939
-0.03167036548256874
-0.0018509175861254334
-0.00023135847004596144
-0.005107806529849768
-0.0005535738891921937
-0.0011313711293041706
-0.0008267321973107755
-9.190614218823612e-05
-0.011859269812703133
-0.0014477020595222712
-0.0007776573766022921
-0.006405181251466274
-0.009717305190861225
-0.002029741881415248
-0.022640550509095192
-0.0003923600015696138
-0.00023135847004596144
-0.004852305166423321
-0.000526289688423276
-0.009587316773831844
-0.003374716965481639
-0.0009664393728598952
-6.568216485902667e-05
-0.004785156808793545
-0.016118574887514114
-0.025873981416225433
-0.022248780354857445
-0.00026603974401950836
-0.0005872909096069634
-0.00010775939153973013
-0.010247946716845036
-0.00010978573118336499
-5.9602869441732764e-05
-0.0032458023633807898
-0.0004580163804348558
-0.00023707917716819793
-0.004631980787962675
-0.00037674958002753556
-0.04698411375284195
-0.00022623363474849612
-0.0034627497661858797
-0.00010001159535022452
-0.001847109873779118
-0.000996331567876041
-0.005189994350075722
-0.0005476167425513268
-0.004057271871715784
-0.00025900822947733104
-1.9907753085135482e-05
-0.0023563734721392393
-0.0008351890719495714
-0.0004306104383431375
-0.010934317484498024
-0.0009260656661354005
-9.894321920000948e-06
-0.00012754580529872328
-0.0005138983833603561
-0.033854495733976364
-0.0004543225804809481
-0.0001248043408850208
-0.00043525759247131646
-0.00023112009512260556
-0.002206274075433612
-0.0015330478781834245
-0.00018904806347563863
-0.025520779192447662
-8.201262971851975e-05
-0.00047946401173248887
-0.0007314390386454761
-3.0040289857424796e-05
-0.02093702368438244
-0.002247072057798505
-0.01446652039885521
-0.000331704446580261
-0.0007376333815045655
-0.00044824567157775164
-0.0010334871476516128
-0.0010080024367198348
-0.0002033503697020933
-8.630380034446716e-05
-9.738924563862383e-05
-0.0001280225842492655
-0.0013488966505974531
-0.004105829633772373
-0.03868351876735687
-0.07577623426914215
-0.0001110968878492713
-2.455681169521995e-05
-4.827859811484814e-05
-5.4238757002167404e-05
-0.0046006543561816216
-2.729855441430118e-05
-0.00030083899036981165
-0.00022980909852776676
-0.0019204046111553907
-0.0022966694086790085
-0.005386600736528635
-8.082063141046092e-05
-0.0013235389487817883
-0.005895013455301523
-0.00029059001826681197
-0.0044709485955536366
-0.0006872437661513686
-0.00025948495022021234
-0.0005660838796757162
-4.207999518257566e-05
-0.012605397030711174
-0.003606365295127034
-5.543078441405669e-05
-9.238292841473594e-05
-0.018057242035865784
-0.0003782987187150866
-0.014533726498484612
-0.0001691436773398891
-0.00012420836719684303
-0.0027045360766351223
-0.0015253110323101282
-0.0033471533097326756
-0.00830021407455206
-0.8609293699264526
-0.000506511190906167
-0.00013136000779923052
-0.00020811776630580425
-9.715084888739511e-05
-0.008004019036889076
-0.0002840353990904987
-0.0013048476539552212
-0.0014600817812606692
-0.00011681827891152352
-0.0007205988513305783
-0.01117860246449709
-0.00036900385748595
-0.0010174104245379567
-0.000418575422372669
-0.002314152894541621
-0.0016886036610230803
-0.0003392120997887105
-0.0007949291029945016
-0.011315692216157913
-0.0001892864383989945
-4.172238186583854e-05
-0.00031013446277938783
-0.0018701935186982155
-0.005144097842276096
-6.735097849741578e-05
-4.303362584323622e-05
-7.557583012385294e-05
-0.013189215213060379
-0.00020728347590193152
-2.7656173188006505e-05
-4.589452510117553e-05
-0.0033112717792391777
-0.002179748611524701
-0.005294468253850937
-5.2569914259947836e-05
-0.0019105292158201337
-0.0002896366349887103
-9.929640509653836e-05
-0.0005594118847511709
-0.0016112453304231167
-0.00010632903286023065
-0.00042846560245379806
-2.2053474822314456e-05
-0.011590876616537571
-0.00509511586278677
-0.012828444130718708
-0.0022658645175397396
-0.001178999780677259
-0.00031406714697368443
-0.0037184874527156353
-0.0008772339206188917
-0.02503887563943863
-0.00033790123416110873
-0.021754682064056396
-0.00010156115604331717
-6.353653589030728e-05
-0.0001668790791882202
-0.0034221201203763485
-0.0003601856005843729
-0.0024391443002969027
-5.030505417380482e-05
-0.000243634101934731
-0.00023803261865396053
-8.40390202938579e-05
-5.900685573578812e-05
-0.0010713557712733746
-0.0014178233686834574
-0.0332280769944191
-0.001810817513614893
-0.00224576354958117
-0.04078018292784691
-0.0021604786161333323
-0.0008681819308549166
-4.768360213347478e-06
-0.012073885649442673
-0.0018052248051390052
-0.00013171759201213717
-0.00042906138696707785
-0.009458963759243488
-0.0002444683632347733
-0.0007550249574705958
-0.0011725700460374355
-0.000663894519675523
-0.0006780709372833371
-0.0002798642381094396
-0.009462506510317326
-0.00975803378969431
-0.03590540960431099
0.0
-0.00011657988943625242
-0.0001287377526750788
-0.008566063828766346
-4.3987260141875595e-05
-0.0007846852531656623
-0.0002469711471349001
-5.245071224635467e-05
-6.365573790390044e-05
-0.0008382858941331506
-0.04447543993592262
-0.0031148509588092566
-0.0005007919971831143
-0.00017486473370809108
-0.0008897398365661502
-0.0023029730655252934
-0.00652954401448369
-0.001929566147737205
-0.00017927470616996288
-0.003999331500381231
-0.0033403809648007154
-4.291525328881107e-06
-6.806619057897478e-05
-0.00020728347590193152
-5.7338023907504976e-05
-6.580135959666222e-05
-0.25977689027786255
-0.0010118131758645177
-0.04264802485704422
-0.0008070787298493087
-0.0002516191452741623
-0.0018910160288214684
-5.1020273531321436e-05
-0.021974531933665276
-0.00272973976098001
-5.98412734689191e-05
-0.005177779123187065
-0.0042199138551950455
-0.0007926659309305251
-0.008077218197286129
-0.003589498344808817
-0.00023314618738368154
-8.463501580990851e-05
-0.00032550760079175234
-0.0006332775810733438
-0.007431126665323973
-0.01721159555017948
-0.00022802136663813144
-0.006007353309541941
-0.0028614550828933716
-0.0006237468332983553
-0.0008889061282388866
-0.0009862087899819016
-7.83174327807501e-05
-0.0011399445356801152
-0.00401642918586731
-0.002995648654177785
-0.014121136628091335
-0.024812256917357445
-0.002502407180145383
-0.00030191155383363366
-0.005234465003013611
-0.00037091050762683153
-0.0003071551618631929
-0.0012179345358163118
-1.490105023549404e-05
-0.0045217410661280155
-2.622600959512056e-06
-0.12127701193094254
-0.006056053563952446
-0.009342051111161709
-0.0026216681580990553
-0.01724393479526043
-0.002260869136080146
-0.25503015518188477
-0.009781643748283386
-0.9642288684844971
-0.0002840353990904987
-0.00015293381875380874
-0.36570635437965393
-0.0020951719488948584
-0.7911874651908875
-0.40711510181427
-0.04368973523378372
-0.0041326601058244705
-6.711257447022945e-05
-0.004262528847903013
-0.00604053121060133
-0.012382535263895988
-0.010401208885014057
-0.08406231552362442
-5.793403761344962e-05
-0.0001528146385680884
-6.949660019017756e-05
-0.00013362467871047556
-0.0014115142403170466
-0.0004752936656586826
-0.0002374367177253589
-3.099393507000059e-05
-0.02062131091952324
-0.008499992080032825
-0.03378811478614807
-0.0015210260171443224
-3.9457496313843876e-05
-0.00023993951617740095
-9.083335316972807e-05
-0.00036090059438720345
-0.0012996093137189746
-0.00015841660206206143
-8.225102646974847e-05
-1.2321754693984985
-0.03859703987836838
-0.00014661667228210717
-8.964136941358447e-05
-0.014402012340724468
-0.00016962042718660086
-0.00014220656885299832
-0.00016306500765495002
-0.21141687035560608
-0.0002951186615973711
-0.03445011377334595
-9.238292841473594e-05
-0.004762733820825815
-0.00011276562872808427
-0.013123566284775734
-0.012226632796227932
-9.775113539944869e-06
-0.002363390289247036
-0.0004892344586551189
-0.0002992897352669388
-0.000687958556227386
-0.0026386703830212355
-0.00026556302327662706
-0.0004935238393954933
-0.0013609204906970263
-0.0008254220010712743
-0.005443867761641741
-0.00017593742813915014
-0.0027684953529387712
-0.00022289653134066612
-0.003158463630825281
-0.000606710382271558
-0.0004555141495075077
-8.618460560683161e-05
-0.0009731086320243776
-0.0012724645202979445
-0.0002361257211305201
-0.001778450678102672
-0.0008557948167435825
-0.010001308284699917
-0.0002244459028588608
-0.0002320735511602834
-0.0008156548719853163
-0.00013052565918769687
-0.0020227227360010147
-0.000395815703086555
-0.003448018804192543
-0.002033667638897896
-0.0060881637036800385
-0.0004161922261118889
-0.0003081085451412946
-0.0006495987763628364
-0.0038514973130077124
-6.878139538457617e-05
-0.003075633430853486
-0.0021577426232397556
-0.005263637285679579
-0.0006001578294672072
-0.0007683662115596235
-0.0009376181988045573
-0.022205643355846405
-0.0005604841862805188
-0.0004615910293068737
-0.00023934361524879932
-0.008536633104085922
-0.00046790618216618896
-0.0001401803019689396
-1.5605844259262085
-0.009972038678824902
-0.0029646276962012053
-0.00025078488397412
-1.1444026313256472e-05
-0.0005198557628318667
-0.0005180685548111796
-0.004593771882355213
-0.0013233008794486523
-0.0036207374650985003
-0.0013381821336224675
-0.0025953915901482105
-0.00012003655137959868
-0.00035041390219703317
-0.0001646144810365513
-0.00791662186384201
-5.578839045483619e-05
-0.0007256020326167345
-0.0003978414461016655
-0.018534328788518906
-0.001795467222109437
-0.00022623363474849612
-0.002034857403486967
-0.0023396043106913567
-0.00018523407925385982
-0.0006470970110967755
-0.0006692553870379925
-0.0003995097358711064
-6.69933797325939e-05
-0.001291394466534257
-0.00029881304362788796
-5.924526340095326e-05
-5.602679812000133e-05
-9.345571743324399e-05
-0.00013076403411105275
-0.004234633408486843
-0.0024352199397981167
-0.008829834870994091
-3.790783375734463e-05
-0.0018474669195711613
-0.0025657848455011845
-0.000336590368533507
-0.04706497862935066
-0.0012030514189973474
-0.03900011628866196
-0.00354923028498888
-0.0048795901238918304
-0.00045789722935296595
-0.0006051616510376334
-2.1576648578047752e-05
-0.014554639346897602
-1.2993727978027891e-05
-0.016453418880701065
-0.0067458986304700375
-0.00103265349753201
-0.017107538878917694
-0.023500483483076096
-0.08761879056692123
-0.00011705666838679463
-0.00522557133808732
-0.00018988236843142658
-0.00017212340026162565
-0.0012374608777463436
-0.0007345362100750208
-0.0015545914648100734
-0.003607077756896615
-0.04402882233262062
-0.0019056509481742978
-0.08980843424797058
-0.00042989550274796784
-0.0001438752660760656
-0.00029666791670024395
-0.0009800160769373178
-0.0006699701189063489
-0.0007339406292885542
-5.4238757002167404e-05
-0.0007641970878466964
-0.00278371199965477
-0.005953080952167511
-0.0003968881501350552
-0.002443901030346751
-0.0005970602505840361
-0.00027378625236451626
-0.003280973294749856
-0.0024171441327780485
-0.001682177186012268
-0.0003405229654163122
-0.007119879126548767
-0.00019167017308063805
-0.012515811249613762
-0.002506212331354618
-0.0002849888114724308
-0.0002057340752799064
-0.001211624126881361
-8.11782301752828e-05
-0.0028483793139457703
-0.00030393750057555735
-0.00036054308293387294
-0.0021686863619834185
-0.016982022672891617
-0.00033766290289349854
-3.564294092939235e-05
-0.0020881532691419125
-7.557583012385294e-05
-9.858122211880982e-05
-1.6927575416048057e-05
-0.004650491289794445
-0.012844214215874672
-0.016511932015419006
-4.792098479811102e-05
-0.0008677055011503398
-1.4662635294371285e-05
-0.00022980909852776676
-0.0001984637783607468
-0.00041786045767366886
-0.0010317008709535003
-0.006507041398435831
-0.0011660212185233831
-0.0024154791608452797
-0.04972893372178078
-0.0021280040964484215
-0.00040797016117721796
-1.645074735279195e-05
-0.0033011725172400475
-0.0012019798159599304
-0.00020203932945150882
-0.0009274948388338089
-2.2411095415009186e-05
-0.017351258546113968
-0.0071388171054422855
-0.00012218205665703863
-0.00041929035796783864
-0.0007680088747292757
-0.013368729501962662
-9.60780744208023e-05
-0.0037441407330334187
-0.002533918246626854
-0.0566345751285553
-1.1232391595840454
-0.02139243669807911
-0.005774364341050386
-8.356221951544285e-05
-0.0005153281381353736
-0.010308710858225822
-0.007681829389184713
-0.015090352855622768
-0.00011705666838679463
-0.00011062010162277147
-0.00403708778321743
-0.0008792586741037667
-0.009211541153490543
-0.00010871296399272978
-9.691245941212401e-05
-0.0001685477327555418
-0.0006646093097515404
-1.7165990357170813e-05
-0.0002196785935666412
-4.565611743601039e-05
-0.009587080217897892
-1.1801649634435307e-05
-0.00011491115583339706
-1.2278481335670222e-05
-0.0012413900112733245
-0.00025412190007045865
-0.0002315968304174021
-0.005107806529849768
-0.0005536930402740836
-0.0008046964649111032
-0.014303656294941902
-0.012299170717597008
-0.0023468590807169676
-0.003653044579550624
-0.00388177833519876
-0.026857759803533554
-0.002021295018494129
-0.0014809127897024155
-0.01613922044634819
-0.00023135847004596144
-0.005107806529849768
-0.0005535738891921937
-4.966975688934326
-0.0009551253751851618
-0.0001394651480950415
-0.0010758809512481093
-0.036211047321558
-0.0022697895765304565
-0.009401808492839336
-0.00023135847004596144
-0.005107924807816744
-0.0005535738891921937
-8.546940807718784e-05
-0.00010847456724150106
-0.0003057250869460404
-0.000634111522231251
-0.0042384322732687
-0.0011994794476777315
-0.22700248658657074
-0.0017827346455305815
-0.0012036467669531703
-0.0008095800876617432
-0.0005042473785579205
-0.000639710808172822
-0.019219597801566124
-0.00023147765023168176
-0.004852423910051584
-0.0005260513862594962
-3.2824268341064453
-0.00010311071673640981
-3.45700973412022e-05
-6.210611172718927e-05
-8.189342770492658e-05
-0.000105375460407231
-0.00014447122521232814
-0.00031275625224225223
-0.00023135847004596144
-0.005108162295073271
-0.0005536930402740836
-0.0006149308173917234
-3.802703940891661e-05
-8.046303264563903e-05
-0.017817441374063492
-1.0609570381348021e-05
-0.0001113352773245424
-0.002262653084471822
-7.271502545336261e-05
-2.8132995794294402e-05
-0.000537727726623416
-0.00023147765023168176
-0.005107924807816744
-0.0005536930402740836
-4.136476854910143e-05
-0.004181927070021629
-0.003059589536860585
-4.875540980719961e-05
-0.0004065402317792177
-13.179461479187012
-0.005659864749759436
-0.00023147765023168176
-0.005108043551445007
-0.0005534547381103039
-6.115249561844394e-05
-0.00010585224663373083
-0.037093281745910645
-9.619726915843785e-05
-0.0071111200377345085
-0.029543960466980934
-0.0011363723315298557
-0.007893795147538185
-0.00023147765023168176
-0.0038601660635322332
-0.0006114759016782045
-0.0008328068652190268
-0.05584687367081642
-0.00024399164249189198
-0.011164810508489609
-0.0021779644303023815
-0.00014280252798926085
-0.0004285847535356879
-0.0012005510507151484
-0.00023135847004596144
-0.005107806529849768
-0.0005535738891921937
-0.000964533886872232
-0.001485317014157772
-0.00015317220822907984
-2.706014311115723e-05
-3.6954195820726454e-05
-0.000169382052263245
-4.458328112377785e-05
-0.00017081231635529548
-0.0005061537376604974
-0.0005159238935448229
-0.004433445632457733
-0.0008086272282525897
-0.0009764432325027883
-0.02294852025806904
-0.005131051875650883
-0.006415604613721371
-0.0001456631434848532
-0.0016984812682494521
-0.0007239343249239028
-5.507317473529838e-05
-0.017359107732772827
-4.5060096454108134e-05
-4.60137271147687e-05
-0.0005094899097457528
-3.218599158572033e-05
-0.0007266741595230997
-0.004003487061709166
-2.4676019165781327e-05
-0.05548549443483353
-0.0015605426160618663
-0.00023147765023168176
-0.005108043551445007
-0.0005534547381103039
-0.0025557968765497208
-9.190614218823612e-05
-0.0006330393371172249
-0.0006712805479764938
-0.012805847451090813
-0.0022293494548648596
-0.0002315968304174021
-0.0038600473199039698
-0.0006113567505963147
-0.000803505361545831
-0.15035146474838257
-0.10558316111564636
-0.0024442579597234726
-0.00210564024746418
-0.007580088917165995
-0.1364821344614029
-0.007811947725713253
-0.004208992701023817
-0.00014041867689229548
-0.00023147765023168176
-0.005107924807816744
-0.0005536930402740836
-0.0008593680104240775
-0.00068926892708987
-0.00020883286197204143
-0.00013016807497479022
-7.92710343375802e-05
-0.0005978942499496043
-0.02300187759101391
-0.011973532848060131
-0.0007932615117169917
-0.0002315968304174021
-0.004852305166423321
-0.0005261705373413861
-0.0016813441179692745
-0.0011878109071403742
-0.015993991866707802
-0.003545666579157114
-0.005951658822596073
-0.02604774944484234
-0.0033958645071834326
-0.020286925137043
-0.0003675738989841193
-0.0024818354286253452
-0.0002315968304174021
-0.0038600473199039698
-0.0006113567505963147
-0.002986972453072667
-0.000403084559366107
-0.015251328237354755
-0.020698847249150276
-0.21551190316677094
-0.04344458878040314
-0.00023147765023168176
-0.005107806529849768
-0.0005535738891921937
-0.0007197650265879929
-3.790783375734463e-05
-0.0071794139221310616
-0.00011038171214750037
-0.00013207517622504383
-6.258291978156194e-05
-0.05169539526104927
-0.00023135847004596144
-0.005108162295073271
-0.0005536930402740836
-0.0006959400488995016
-0.0011754278093576431
-6.401333666872233e-05
-0.00013302871957421303
-0.006744122598320246
-0.0002450642641633749
-0.00013934595335740596
-0.0003163314249832183
-1.549708758830093e-05
-0.0003156163729727268
-0.0005864569102413952
-0.003371034050360322
-0.02174406871199608
-0.006415722891688347
-0.0001456631434848532
-0.0008636558777652681
-0.0007400158210657537
-7.319182623177767e-05
-2.932505594799295e-05
-0.001982629531994462
-0.5866744518280029
-0.000356253091013059
-0.035061147063970566
-0.00023147765023168176
-0.005108043551445007
-0.0005534547381103039
-1.2768945693969727
-0.00016759421851020306
-1.585470999998506e-05
-0.9600386619567871
-3.2066785934148356e-05
-0.00233853398822248
-0.00023147765023168176
-0.005108043551445007
-0.0005534547381103039
-0.001212219474837184
-0.0020208191126585007
-0.0018032018560916185
-0.0002195594133809209
-5.471556869451888e-05
-0.005178016144782305
-6.115249561844394e-05
-0.01177668571472168
-0.00010132275929208845
-0.000337305391440168
-0.0015168600948527455
-0.00034600470098666847
-7.557583012385294e-05
-0.0016628975281491876
-0.02873183786869049
-0.008124635554850101
-0.0002315968304174021
-0.005107924807816744
-0.0005535738891921937
-0.0008156548719853163
-0.0007285801111720502
-0.0005110388156026602
-0.007136567961424589
-0.0004625442670658231
-0.002844100119546056
-0.00016330339713022113
-0.010415483266115189
-9.870042413240299e-05
-4.541770613286644e-05
-0.00023147765023168176
-0.005108043551445007
-0.0005534547381103039
-0.002680401550605893
-0.0002383901592111215
-0.0007175016799010336
-0.06296981871128082
-0.0010929093696177006
-0.0005048430757597089
-0.0052642300724983215
-0.000779205875005573
-0.0003526780928950757
-0.004554612562060356
-0.00013755806139670312
-0.0019525288371369243
-0.0008622265886515379
-0.170974999666214
-0.005018020514398813
-0.0011741180205717683
-0.00029690624796785414
-0.0024974129628390074
-4.7444173105759546e-05
-0.01199838612228632
-5.352353764465079e-05
-0.0006750926841050386
-0.00024423000286333263
-0.003041643649339676
-0.0026763593778014183
-0.002593132434412837
-0.0003499372396618128
-0.019092125818133354
-0.008457912132143974
-0.0002315968304174021
-0.005107924807816744
-0.0005535738891921937
-0.0016527815023437142
-0.0017957051750272512
-0.0004172646440565586
-0.00019071667338721454
-0.0001941730733960867
-0.00011574551899684593
-0.011602306738495827
-0.0017392997397109866
-0.0012479382567107677
-0.00039414744242094457
-0.00023135847004596144
-0.005107806529849768
-0.0005535738891921937
-0.0024661386851221323
-0.003379469271749258
-0.0008814025786705315
-0.00026079590315930545
-0.0004881620698142797
-0.004515095613896847
-0.01128457486629486
-6.508615479106084e-05
-0.00010918975021922961
-0.0005712069687433541
-0.00011359999916749075
-0.0007278653793036938
-0.0009966888464987278
-0.007130886893719435
-0.0005566716426983476
-0.004002299625426531
-0.00023147765023168176
-0.005108043551445007
-0.0005534547381103039
-0.15865406394004822
-0.0010150285670533776
-7.56950321374461e-05
-8.439661905867979e-05
-4.1960789531003684e-05
-2.109982233378105e-05
-5.340433563105762e-05
-2.8729025871143676e-05
-3.755022044060752e-05
-0.017632165923714638
-0.009509740397334099
-0.0025178655050694942
-0.0003586364327929914
-0.002767187776044011
-0.0002315968304174021
-0.005107806529849768
-0.0005536930402740836
-0.0015120989410206676
-0.00020621081057470292
-0.0003847335756290704
-0.0012535341084003448
-0.00010752100206445903
-0.00024172721896320581
-2.825220326485578e-05
-0.015006978996098042
-0.22547903656959534
-0.0002579356369096786
-0.9549694061279297
-0.0002315968304174021
-0.005107924807816744
-0.0005535738891921937
-0.00037555795279331505
-0.0031058192253112793
-0.012514162808656693
-8.153582894010469e-05
-0.0011400636285543442
-0.019838837906718254
-0.00010847456724150106
-0.0005864569102413952
-0.007943704724311829
-0.010446510277688503
-0.0005073452484793961
-0.001768454909324646
-0.03598153963685036
-0.08232729882001877
-0.008707412518560886
-0.00014768941036891192
-0.002116346498951316
-0.0007122601964510977
-5.1377883210079744e-05
-0.0011998366098850965
-7.688703772146255e-05
-0.00014137222024146467
-8.010543388081715e-05
-0.0013519919011741877
-0.00023135847004596144
-0.004852305166423321
-0.0005261705373413861
-0.004333035554736853
-0.004957526456564665
-0.0016630165046080947
-0.000697846058756113
-0.0007898071780800819
-0.0027778868097811937
-8.546940807718784e-05
-0.004733784589916468
-0.003606246318668127
-0.008691104128956795
-0.0003051292151212692
-0.00023147765023168176
-0.0038601660635322332
-0.0006114759016782045
-0.0006460248259827495
-5.8887653722194955e-05
-0.00033408781746402383
-0.004986113402992487
-0.002753516426309943
-0.007634628098458052
-0.020971694961190224
-0.01805970072746277
-0.005006871186196804
-0.03486153855919838
-0.0018544872291386127
-0.0002315968304174021
-0.005107924807816744
-0.0005535738891921937
-0.0008596062543801963
-7.629103492945433e-05
-6.031808152329177e-05
-0.0014986485475674272
-0.002226375974714756
-0.0009951406391337514
-0.00013958434283267707
-0.03591288626194
-0.0009628665866330266
-0.0002315968304174021
-0.0038599285762757063
-0.0006114759016782045
-0.0013394916895776987
-0.0014479401288554072
-5.602679812000133e-05
-0.002910784212872386
-0.04306145757436752
-0.0005023409612476826
-0.000969297660049051
-0.0020793499425053596
-0.0003721021639648825
-0.043123118579387665
-0.007428996730595827
-0.0033371730241924524
-0.00016068121476564556
-0.0006822404102422297
-0.0007282227743417025
-0.00027295202016830444
-6.603976362384856e-05
-0.00702648563310504
-0.00030751267331652343
-0.0007919512572698295
-0.00023135847004596144
-0.005107924807816744
-0.0005535738891921937
-0.0005899119423702359
-8.856858039507642e-05
-9.238292841473594e-05
-7.64102369430475e-05
-0.0030266689136624336
-0.00010156115604331717
-4.660974445869215e-05
-0.03211872652173042
-0.008369608782231808
-0.004226442892104387
-0.0003999863693024963
-0.00010573305189609528
-0.00016652150952722877
-0.005738451145589352
-0.015694785863161087
-0.019161010161042213
-0.0009969270322471857
-0.0018054627580568194
-0.25977715849876404
-6.69933797325939e-05
-0.0002936885575763881
-6.210611172718927e-05
-0.00011550712952157483
-0.004749564453959465
-0.024075884371995926
-0.0031130684074014425
-0.007548026740550995
-0.0027803832199424505
-0.002393240574747324
-0.0028688248712569475
-0.0007441850611940026
-0.0001501924270996824
-0.0029820995405316353
-0.06989531964063644
-0.00017355366435367614
-0.047833602875471115
-0.0012761552352458239
-0.002308325143530965
-0.00864217709749937
-0.004756920039653778
-0.004634116776287556
-0.0014835315523669124
-0.002079587895423174
-9.202533692587167e-05
-1.764281842042692e-05
-4.7205765440594405e-05
-3.4450891689630225e-05
-4.903227806091309
-0.0002115741081070155
-4.3748852476710454e-05
-6.246371776796877e-05
-0.013916011899709702
-2.3841855067985307e-07
-0.004689172375947237
-0.048739369958639145
-0.00019667598826345056
-0.006294070743024349
-0.00022098960471339524
-0.0016945539973676205
-0.0014384171226993203
-4.6491513785440475e-06
-0.00024232311989180744
-0.0001716466504149139
-0.00043644916149787605
-2.9444261599564925e-05
-2.109982233378105e-05
-0.0011591151123866439
-0.0031533539295196533
-4.970903682988137e-05
-0.0011531615164130926
-0.0002747396647464484
-0.000337305391440168
-0.00017307691450696439
-5.9126061387360096e-05
-0.00022492263815365732
-0.019367048516869545
-0.00014697425649501383
-0.07422523945569992
-0.00037019551382400095
-0.0004843492351938039
-0.000566203030757606
-0.01053687185049057
-0.004218608140945435
-0.0001494772732257843
-0.0006805725861340761
-0.002623570617288351
-0.009397557005286217
-0.002571611199527979
-0.08539994060993195
-0.0003810394846368581
-0.003278834745287895
-0.0004215544031467289
-0.0007083290838636458
-0.0003475538978818804
-3.755022044060752e-05
-0.00010263393050990999
-4.1960789531003684e-05
-0.007111475337296724
-0.0008144637104123831
-0.00010656742961145937
-0.010802717879414558
-0.01442433800548315
-0.011086177080869675
-0.0070146480575203896
-0.00027783826226368546
-0.016821209341287613
-0.12324504554271698
-0.004977573174983263
-0.0005326044629327953
-0.00015364897262770683
-0.001401514746248722
-0.0068254657089710236
-2.2649508537142538e-05
-0.0017814256716519594
-0.001687889569438994
-0.0013252056669443846
-0.16494253277778625
-0.004786462057381868
-0.0001551984460093081
-3.0040289857424796e-05
-0.08286961913108826
-0.10273876041173935
-0.00039521988946944475
-0.0014872215688228607
-0.10987374931573868
-0.0004990047891624272
-0.004785631783306599
-0.00011264643399044871
-0.004731530323624611
-0.0036643282510340214
-0.0005656072753481567
-0.0001463782973587513
-0.0003349220205564052
-0.023442961275577545
-6.842378934379667e-05
-0.0010456338059157133
-0.0013660395052284002
-0.007845421321690083
-7.617183291586116e-05
-0.0003121604095213115
-0.0003644755925051868
-0.0018899451242759824
-0.04472124204039574
-0.0019666869193315506
-0.025154897943139076
-0.00031382881570607424
-0.0013396107824519277
-0.015909871086478233
-0.000526289688423276
-0.000486970558995381
-0.00022230061586014926
-0.00023505308490712196
-0.043426670134067535
-8.5588610090781e-05
-0.0011480414541438222
-0.002850400283932686
-0.004870336968451738
-1.7804934978485107
-0.018605124205350876
-0.00012420836719684303
-0.0001746263587847352
-0.0019574069883674383
-0.06862082332372665
-0.0006517431465908885
-0.005280120298266411
-0.0075729903765022755
-0.006873534061014652
-0.0001776060671545565
-0.016716407611966133
-5.471556869451888e-05
-0.00010632903286023065
-0.00020680672605521977
-0.0015046000480651855
-2.109982233378105e-05
-1.2874520507466514e-05
-0.000198821333469823
-0.0002637753786984831
-0.010244406759738922
-0.0032286918722093105
-0.002438787603750825
-0.00043406602344475687
-0.004253863822668791
-0.0036301210056990385
-0.0002109781780745834
-9.190614218823612e-05
-0.06389284878969193
-0.0005635818815790117
-0.0020034497138112783
-0.003653163556009531
-0.009453060105443
-0.00024339574156329036
-0.003268853761255741
-0.0003361137059982866
-4.339123915997334e-05
-0.019831359386444092
-8.964136941358447e-05
-0.0005526207387447357
-3.6954195820726454e-05
-0.00011538793478393927
-9.77468371274881e-05
-8.237022848334163e-05
-0.00021944021864328533
-8.5588610090781e-05
-5.8410845667822286e-05
-0.0003782987187150866
-0.0003129946126136929
-0.0026534132193773985
-0.015552661381661892
-0.0026694636326283216
-0.0662783682346344
-0.00016675988445058465
-0.0005689432728104293
-0.00974729098379612
-0.0003271759778726846
-0.014580721035599709
-0.0002213471452705562
-0.0011510183103382587
-0.0009401192655786872
-0.005472203716635704
-0.006657799240201712
-0.005266127642244101
-0.0008978387922979891
-0.015400303527712822
-0.000633992429357022
-0.00018690270371735096
-0.0012238877825438976
-1.811964830267243e-05
-7.784063927829266e-05
-0.00035172473872080445
-5.6265202147187665e-05
-0.00013839241000823677
-0.0017655988922342658
-0.004408522043377161
-0.044180985540151596
-1.508989930152893
-0.002941807033494115
-0.0034646503627300262
-0.08059114217758179
-0.00020323118951637298
-0.00010442188795423135
-0.002309633418917656
-0.00033563701435923576
-0.008562518283724785
-0.29807934165000916
-0.00043811736395582557
-0.0002051381452474743
-8.594620157964528e-05
-0.012492501176893711
-0.00017975145601667464
-0.0001392267586197704
-0.11451762914657593
-0.000771939754486084
-0.0003703146940097213
-0.00758553110063076
-0.0008741371566429734
-9.035655966727063e-05
-0.22942215204238892
-0.005178727675229311
-0.0012749646557494998
-3.194758028257638e-05
-0.020739248022437096
-0.0013192531187087297
-7.56950321374461e-05
-0.007715070620179176
-0.0004140473320148885
-0.017543496564030647
-0.00023779425828251988
-0.00020776021119672805
-0.00011193125828867778
-0.0019152885070070624
-0.019556913524866104
-0.00014244495832826942
-0.0022011594846844673
-0.000271879427600652
-0.020552877336740494
-0.0006968930247239769
-0.02525998093187809
-0.0001541257370263338
-5.376194530981593e-05
-0.026281751692295074
-0.34195035696029663
-0.0021590511314570904
-0.011447577737271786
-0.00799030065536499
-0.0004397855664137751
-0.006907512433826923
-0.0003992714046034962
-0.0002431573811918497
-0.0002506657037883997
-0.00013612773909699172
-0.0004166688595432788
-0.0009072478278540075
-0.011857031844556332
-0.00014602071314584464
-0.08627133816480637
-0.028511961922049522
-1.7380399703979492
-0.015257550403475761
-0.023844273760914803
-0.003448612755164504
-0.00020132421923335642
-0.0005158047424629331
-0.0006798578542657197
-0.5311410427093506
-0.03155290335416794
-0.009013203904032707
-0.011445457115769386
-0.0032513870391994715
-0.00018225439998786896
-2.4437606043647975e-05
-0.16308118402957916
-0.0014780559577047825
-0.00021896349790040404
-0.004666509572416544
-0.00016544880054425448
-6.305972783593461e-05
-0.006553704384714365
-0.023955779150128365
-0.001178047270514071
-0.016675492748618126
-0.0024743436370044947
-0.0015066235791891813
-0.00023231192608363926
-0.0002553137019276619
-0.002613345393911004
-0.02148403227329254
-0.0003215749457012862
-0.011118361726403236
-0.0007202415145002306
-0.0009028411004692316
-0.001026103738695383
-0.0021415650844573975
-0.006221096031367779
-0.000328367663314566
-0.002605379093438387
-0.0022527810651808977
-0.014306241646409035
-0.0013608013978227973
-0.0034779557026922703
-0.00026556302327662706
-0.0011442311806604266
-0.00013815402053296566
-0.010488860309123993
-0.011918523348867893
-0.017401283606886864
-0.0037285825237631798
-0.0005936052766628563
-0.00011431517486926168
-4.2199197196168825e-05
-0.019201824441552162
-8.821448318485636e-06
-0.00035744477645494044
-2.312633478140924e-05
-0.004376714117825031
-0.05045176297426224
-5.4596363042946905e-05
-0.010843755677342415
-0.002375758718699217
-0.011027463711798191
-0.019040314480662346
-0.04882270097732544
-0.001531619462184608
-0.0002766464895103127
-0.000188332938705571
-2.7417760065873154e-05
-0.00012420836719684303
-0.005098555237054825
-6.818538531661034e-05
-0.0002836778585333377
-0.006597759667783976
-0.019767194986343384
-0.0001357701694360003
-0.005099266767501831
-0.00022384998737834394
-0.0252490546554327
-0.0030603024642914534
-0.00016783259343355894
-0.0028084381483495235
-0.0013900866033509374
-0.00014411364099942148
-0.0003058442671317607
-0.7511177659034729
-0.00019667598826345056
-0.0002553137019276619
-0.03596268221735954
-0.005212289281189442
-2.4887466430664062
-0.16213709115982056
-0.0026391458231955767
-0.00027104519540444016
-2.7417760065873154e-05
-0.004210773389786482
-0.0022191202733665705
-0.0001699779968475923
-0.0006096888100728393
-0.004374221432954073
-0.00042691652197390795
-0.006649036426097155
-0.004394042305648327
-0.0876191183924675
-0.0017409658757969737
-0.004123162943869829
-0.000987995183095336
-1.8115086555480957
-0.00012742661056108773
-0.0015726829878985882
-0.0020223658066242933
-0.3316597640514374
-0.0004552758182398975
-0.00032360086333937943
-1.7046782886609435e-05
-0.0001864259538706392
-0.006989433895796537
-0.000957150012254715
-0.00020549570035655051
-5.4596363042946905e-05
-0.00044824567157775164
-0.004474152810871601
-0.013322618789970875
-0.00044645831803791225
-0.0023070168681442738
-0.0007595514762215316
-7.068861305015162e-05
-0.2371031939983368
-0.0063127875328063965
-0.0009557208395563066
-0.014663426205515862
-0.0002996472467202693
-0.00011860620725201443
-0.005998940207064152
-0.0194924995303154
-0.005324231460690498
-0.008285789750516415
-0.0014060382964089513
-0.0019547895062714815
-0.001495791831985116
-0.0027202290948480368
-0.0025629312731325626
-0.0005273620481602848
-8.880697714630514e-05
-0.024667583405971527
-0.0026945495046675205
-0.0010186012368649244
-0.0004219118563923985
-0.0033629550598561764
-0.000567275274079293
-0.07419247925281525
-0.00027164106722921133
-0.004625929053872824
-0.4264279007911682
-0.03150508180260658
-0.02922007068991661
-0.0023248568177223206
-0.02988116629421711
-6.460934673668817e-05
-5.0424259825376794e-05
-0.010881372727453709
-0.0002944036095868796
-0.0005243833875283599
-0.00023147765023168176
-9.786603914108127e-05
-0.0001311216183239594
-0.0021778454538434744
-0.049449071288108826
-0.10437441617250443
-2.7112503051757812
-0.7346786260604858
-0.0004065402317792177
-0.19105516374111176
-0.0010143141262233257
-0.0008624648326076567
-0.0002169373765354976
-0.009820953011512756
-0.025345642119646072
-0.024566160514950752
-0.00044526674901135266
-8.976056415122002e-05
-0.0003620922507252544
-0.0003094194398727268
-0.006982094142585993
-2.9444261599564925e-05
-5.6622808187967166e-05
-0.0010024051880463958
-0.00012575789878610522
-0.007727727759629488
-0.00016044282529037446
-0.00021824838768225163
-5.566918844124302e-05
-0.0001774868869688362
-0.013109564781188965
-1.1920922133867862e-06
-3.3854863431770355e-05
-0.0038226405158638954
-0.00021360022947192192
-9.226373367710039e-05
-0.0019973821472376585
-5.531158240046352e-05
-0.004926684778183699
-0.00042703570215962827
-3.862306402879767e-05
-0.0006437613046728075
-0.00015662873920518905
-0.03758089244365692
-0.00028546550311148167
-6.878139538457617e-05
-0.07516337931156158
-0.007202256470918655
-0.0013496108585968614
-0.0005221195751801133
-0.035506147891283035
-9.285972191719338e-05
-0.0024485390167683363
-0.10976394265890121
-0.00028010259848088026
-3.439943313598633
-0.00043406602344475687
-0.00031263710116036236
-1.2544238567352295
-0.004885758738964796
-0.0008379285573028028
-0.0001392267586197704
-9.893881360767409e-05
-5.94836674281396e-05
-8.05822346592322e-05
-0.07207704335451126
-0.0010181248653680086
-0.02581613138318062
-0.0031699903775006533
-0.0008239926537498832
-0.00010859376925509423
-0.00011801023356383666
-0.0005430892342701554
-0.00019167017308063805
-9.83428253675811e-05
-0.006068021059036255
-0.0002087136817863211
-0.00032014489988796413
-0.004967608954757452
-0.013204039074480534
-0.0006504327175207436
-0.00012516192509792745
-0.0005589353386312723
-0.016657907515764236
-0.0009043894242495298
-0.002046516165137291
-0.015377413481473923
-0.018809406086802483
-0.057104986160993576
-0.04387731850147247
-0.024960745126008987
-0.005502435844391584
-6.818538531661034e-05
-0.011340916156768799
-0.009034114889800549
-0.4500722885131836
-0.230824813246727
-0.0004104725376237184
-12.236551284790039
-0.0059277210384607315
-0.046456459909677505
-0.11306841671466827
-0.0002101439022226259
-0.0216787438839674
-0.00021562635083682835
-0.009055261500179768
-0.003029045881703496
-0.05813613906502724
-0.004933446180075407
-1.2069964408874512
-0.000724887300748378
-0.013321795500814915
-0.13640765845775604
-8.776123046875
-1.1329537630081177
-3.1425628662109375
-7.688703772146255e-05
-0.09838604927062988
-0.07877571880817413
-0.1456962376832962
-0.00039307496626861393
-0.0004631400224752724
-0.3454621434211731
-0.3922279179096222
-0.060842372477054596
-0.016416950151324272
-0.00021514961554203182
-0.00994017068296671
-0.003164642956107855
-0.0018925628392025828
-0.005671362392604351
-0.035958655178546906
-0.0004905451205559075
-0.00415854062885046
-0.0015730400336906314
-0.0012698451755568385
-0.012519578449428082
-0.002020938089117408
-0.00023541064001619816
-0.007451478857547045
-0.0018868515035137534
-0.008292647078633308
-0.0006157647585496306
-0.0014118712861090899
-0.000490068516228348
-0.0046218945644795895
-0.044815514236688614
-0.0010440857149660587
-0.004217539913952351
-0.0002562671434134245
-0.0246749110519886
-0.0022999995853751898
-0.022140583023428917
-0.00017486473370809108
-2.9205850296420977e-05
-0.0003156163729727268
-0.0008228015503846109
-0.000578474544454366
-0.10499367862939835
-11.852898597717285
-0.0001311216183239594
-0.006813152227550745
-0.0015128131490200758
-20.353225708007812
-0.0003228858404327184
-0.10046461969614029
-3.3129615783691406
-0.017027027904987335
-0.001493292162194848
-0.06630849093198776
-0.0002315968304174021
-0.005107806529849768
-0.0005536930402740836
-0.01331603154540062
-0.0005496421363204718
-0.00040356122190132737
-0.00039402826223522425
-0.15537716448307037
-0.0002632986579556018
-0.00014077626110520214
-0.016178280115127563
-0.10908756405115128
-9.500529267825186e-05
-1.4066797494888306
-0.0002240883477497846
-0.0006524579366669059
-0.00011693747364915907
-0.03544309735298157
-0.0031297055538743734
-0.30983981490135193
-3.4623007774353027
-0.00021765247220173478
-0.08189057558774948
-0.0005714452126994729
-0.0007781338645145297
-3.878492832183838
-0.006553822662681341
-0.0003259842633269727
-0.18918530642986298
-0.20229031145572662
-0.1740398108959198
-0.0028186615090817213
-0.00031394799589179456
-0.2307937741279602
-3.6621670722961426
-0.001383658149279654
-0.004283064045011997
-0.00023231192608363926
-0.012293047271668911
-0.0028334015514701605
-0.00036030475166626275
-7.517019271850586
-0.000649956171400845
-0.07073401659727097
-0.006957116071134806
-0.00011288482346571982
-0.01590423844754696
-0.0032624374143779278
-0.3740079998970032
-0.033623408526182175
-0.0004587313160300255
-0.00043561504571698606
-0.0003203832311555743
-0.0001394651480950415
-0.0002650863316375762
-0.0002740246127359569
-0.0003103728231508285
-0.00010966652916977182
-0.0061203911900520325
-0.0017780937487259507
-0.00240430049598217
-0.0002460177056491375
-0.010189301334321499
-0.0003408804477658123
-0.0003586364327929914
-0.6749395132064819
-0.6020055413246155
-0.024008501321077347
-0.01676083728671074
-1.0918419361114502
-2.40293025970459
-6.401333666872233e-05
-0.014004061929881573
-0.0016202905680984259
-3.968759059906006
-0.0004207202873658389
-0.0017472729086875916
-0.0032976078800857067
-0.0005635818815790117
-0.00020859450160060078
-0.013746708631515503
-0.003186270361766219
-0.00014757021563127637
-0.00013553177996072918
-0.00032634177478030324
-0.00034791138023138046
-0.0018574618734419346
-0.0006516240537166595
-0.002579340012744069
-0.0002559096028562635
-0.022304274141788483
-0.0010451575508341193
-0.01075743231922388
-0.00047743841423653066
-0.00017820201173890382
-0.5481603741645813
-0.000460876093711704
-6.911191940307617
-0.17149542272090912
-13.570058822631836
-0.7410146594047546
-0.0005193791585043073
-0.004604926332831383
-7.319182623177767e-05
-0.01662507839500904
-0.0019026764202862978
-0.06494651734828949
-0.01703616790473461
-0.00030524839530698955
-0.1066640168428421
-0.009320556186139584
-0.0009682258241809905
-0.0030961930751800537
-0.9275258779525757
-0.0003672163875307888
-0.00022480344341602176
-0.00219818577170372
-0.0015257871709764004
-0.0001760566228767857
-0.011163041926920414
-0.0011338717304170132
-0.07523425668478012
-0.009769602678716183
-0.00025960413040593266
-0.026485169306397438
-0.0005585778853856027
-0.0006764031131751835
-0.004613351076841354
-0.0013135385233908892
-0.00013457823661156
-0.009397557005286217
-0.0017786887474358082
-0.21447254717350006
-0.012216034345328808
-0.1758429855108261
-0.041339438408613205
-0.602176308631897
-0.005320792552083731
-0.00016330339713022113
-0.00827881507575512
-0.0034950620029121637
-0.3032669425010681
-0.013096623122692108
-0.000680691737215966
-0.0043342225253582
-0.13043850660324097
-0.20211383700370789
-3.484102487564087
-1.1223840713500977
-0.7573581337928772
-0.0005345107638277113
-0.00013159839727450162
-0.019802842289209366
-0.0018724543042480946
-0.0001928620331455022
-1.6453301906585693
-0.028633838519454002
-0.00033456450910307467
-0.0032059960067272186
-0.001726209418848157
-0.001979060238227248
-0.273942232131958
-0.0002315968304174021
-0.005107806529849768
-0.0005536930402740836
-0.013630060479044914
-0.0027562507893890142
-1.0823403596878052
-0.45184898376464844
-0.1709207445383072
-0.30531325936317444
-0.46100470423698425
-0.01157991774380207
-0.23066864907741547
-0.08924838900566101
-0.0038074397016316652
-1.3877661228179932
-0.00014828535495325923
-0.01111341081559658
-0.0018992258701473475
-0.031023744493722916
-0.005270752124488354
-0.00514362333342433
-0.10159032791852951
-2.8013790142722428e-05
-0.00014041867689229548
-0.0022638426162302494
-0.0002374367177253589
-0.0016032711137086153
-0.002731166547164321
-0.0002516191452741623
-0.0006750926841050386
-0.43242552876472473
-0.05383875221014023
-0.5511896014213562
-0.13140316307544708
-0.014524796977639198
-0.004029252100735903
-0.003726207185536623
-0.010260217823088169
-3.93382906622719e-05
-0.05825996771454811
-0.14572344720363617
-0.012812555767595768
-0.08322474360466003
-0.00038378025055862963
-1.0333677530288696
-0.02246304415166378
-2.467498540878296
-0.03346686437726021
-16.070920944213867
-8.44400405883789
-0.0006432848167605698
-0.13238829374313354
-0.0017623859457671642
-0.08447881042957306
-0.013668631203472614
-0.01270933449268341
-0.004758699797093868
-0.020228281617164612
-0.01951950415968895
-0.002688367385417223
-0.09414224326610565
-0.048617079854011536
-0.3381428122520447
-0.04590347409248352
-0.011660750024020672
-0.0009260656661354005
-0.8944640159606934
-0.22884540259838104
-0.5662657618522644
-0.6523085832595825
-0.006098946090787649
-0.00013910756388213485
-0.008844132535159588
-0.003621806390583515
-0.05968644097447395
-0.030467361211776733
-0.346584290266037
-0.08947394788265228
-0.000491855782456696
-0.009524264372885227
-0.00023779425828251988
-0.00017534149810671806
-0.00047064671525731683
-0.1230112686753273
-0.00508017186075449
-0.027350734919309616
-0.0001656871900195256
-0.026369532570242882
-0.00040546778473071754
-2.6932456493377686
-0.3362683355808258
-3.85036563873291
-0.449415385723114
-0.05553184449672699
-0.1719687134027481
-0.01019992120563984
-0.014378980733454227
-0.02160128392279148
-0.00016699827392585576
-0.007086381781846285
-0.0032597046811133623
-0.007489105220884085
-0.0002809368306770921
-0.489313006401062
-0.48663896322250366
-0.008731519803404808
-0.025961218401789665
-0.7921065092086792
-0.6124266386032104
-0.0016676579834893346
-0.021244117990136147
-0.0001530530134914443
-0.008826171979308128
-0.0052848635241389275
-0.0002946419408544898
-0.0007165487040765584
-0.0003761537664104253
-0.004537168424576521
-0.013682977296411991
-0.0031255462672561407
-0.0005627478822134435
-0.0008262557676061988
-5.067519664764404
-0.0004144048143643886
-0.005165682639926672
-0.01096167229115963
-0.1243700459599495
-0.07657302170991898
-0.45019811391830444
-0.008749245665967464
-0.18307381868362427
-0.010897409170866013
-0.016922950744628906
-1.3638626337051392
-0.5417177677154541
-0.0016129115829244256
-0.05626244097948074
-0.024354327470064163
-7.033100700937212e-05
-0.008423040620982647
-0.01329344604164362
-0.00021228920377325267
-0.06447821855545044
-0.0032693292014300823
-0.01687430776655674
-0.0008697302546352148
-0.05621499568223953
-3.1762335300445557
-13.350467681884766
-0.0008503158460371196
-0.08487749844789505
-0.003773474832996726
-0.00023469554434996098
-0.005705025978386402
-0.0014891260070726275
-0.00020787939138244838
-0.012487085536122322
-0.010334432125091553
-0.0003669780562631786
-0.7452916502952576
-0.00010239553375868127
-0.010955658741295338
-0.0020477056968957186
-0.1017671450972557
-0.4203566312789917
-0.0002540027489885688
-0.07326007634401321
-0.0018786415457725525
-0.8107855916023254
-0.23082736134529114
-1.2965507507324219
-0.00020287363440729678
-0.005240868777036667
-0.0025654281489551067
-0.02405051328241825
-0.000987756997346878
-1.3137813806533813
-0.3372501730918884
-0.0003418338019400835
-6.950376987457275
-0.023560449481010437
-0.005043403245508671
-0.0005760917556472123
-0.0001394651480950415
-0.003600307274609804
-0.0022481423802673817
-0.3712207078933716
-0.3175145089626312
-0.17937587201595306
-7.916902542114258
-0.0015629230765625834
-0.0016544476384297013
-2.524379253387451
-0.011299308389425278
-0.5864663124084473
-0.0013144910335540771
-0.28259310126304626
-0.006480511277914047
-0.00014649749209638685
-0.00011693747364915907
-0.055435534566640854
-0.0035339067690074444
-0.5904038548469543
-0.0286950021982193
-0.0007820646860636771
-0.005443867761641741
-1.3380931615829468
-0.000811366830021143
-0.0003828269545920193
-0.07671026885509491
-0.005513935349881649
-0.007123429793864489
-0.17090748250484467
-0.09886379539966583
-0.00021002470748499036
-0.016079628840088844
-0.001545069506391883
-0.0294924546033144
-16.766389846801758
-0.0005229535745456815
-0.029778650030493736
-0.014025338925421238
-0.00013982271775603294
-0.013370493426918983
-0.0012469858629629016
-0.09310337156057358
-0.0006105228094384074
-1.3082571029663086
-0.10752790421247482
-0.00047231485950760543
-0.07225361466407776
-0.0009628665866330266
-0.002940618433058262
-0.00030322244856506586
-0.034887559711933136
-0.0028076060116291046
-6.195580959320068
-0.0001248043408850208
-0.006843580398708582
-0.004767835605889559
-0.06125328689813614
-0.00015078838623594493
-0.0004576589271891862
-0.00029881304362788796
-0.016363590955734253
-0.0005435658385977149
-0.0008244690834544599
-0.0003924791526515037
-0.00040558696491643786
-0.00010966652916977182
-0.007561159320175648
-0.0013494918821379542
-0.011666759848594666
-0.4004859924316406
-0.0014613912208005786
-13.529666900634766
-0.17443378269672394
-5.829164365422912e-05
-0.00614124396815896
-0.0007790867821313441
-0.0003634030872490257
-0.014071534387767315
-1.5893486738204956
-0.1020435020327568
-0.0012163867941126227
-0.023656269535422325
-9.047575440490618e-05
-0.03437640145421028
-0.0010250320192426443
-0.006450782995671034
-0.00013469743134919554
-13.604940414428711
-0.9824868440628052
-0.39464181661605835
-0.00021801002731081098
-0.00044288364006206393
-0.08905963599681854
-0.003689270233735442
-1.6196467876434326
-0.009231975302100182
-7.438383181579411e-05
-0.00814710184931755
-0.005140777211636305
-0.03989478573203087
-0.0018274764297530055
-2.0007338523864746
-0.0010976725025102496
-0.0029721155297011137
-0.0021858150139451027
-0.0010542079107835889
-0.05769198387861252
-0.0010569468140602112
-0.31340813636779785
-0.0010452766437083483
-0.0013191340258345008
-0.00024911639047786593
-0.0002051381452474743
-0.018038392066955566
-0.0022540895733982325
-0.008692994713783264
-0.018098216503858566
-0.008817309513688087
-0.0391758568584919
-0.04307447746396065
-4.537515163421631
-1.0244187116622925
-0.13333949446678162
-0.060950614511966705
-0.00027295202016830444
-0.0002810560108628124
-0.00011550712952157483
-0.011792236939072609
-0.004698901902884245
-0.00027700403006747365
-0.00046588058467023075
-0.00018809456378221512
-0.7302324175834656
-9.56143569946289
-0.0003626880934461951
-0.0934947282075882
-0.3349047601222992
-0.004221932031214237
-0.0005853846669197083
-0.00602299440652132
-0.0012537722941488028
-0.00011526874004630372
-0.01018611527979374
-0.0026409293059259653
-0.027416037395596504
-0.010790099389851093
-0.0005688241217285395
-0.03502201288938522
-0.007863990031182766
-0.16683119535446167
-0.06584641337394714
-13.284071922302246
-0.02251269668340683
-7.115991592407227
-0.056614525616168976
-0.00018666432879399508
-0.012551246210932732
-0.0015151937259361148
-0.00018106251081917435
-0.000278195773717016
-0.0002762889489531517
-0.0015811334596946836
-0.00025567124248482287
-0.0005968220066279173
-0.0001399419124936685
-0.030733857303857803
-0.0014262752374634147
-4.303362584323622e-05
-0.00407769251614809
-0.004330780357122421
-1.2950469255447388
-0.00014399446081370115
-0.00027783826226368546
-0.08681315928697586
-9.369272232055664
-0.00044371772673912346
-14.152322769165039
-0.0028397017158567905
-11.980698585510254
-0.0007146426942199469
-0.03182800114154816
-5.552652359008789
-0.00011169286881340668
-0.012217211537063122
-0.0028489737305790186
-0.010003432631492615
-5.8142476081848145
-0.10653607547283173
-0.00014172980445437133
-0.00045885046711191535
-0.03454696759581566
-0.4487089514732361
-0.06612227857112885
-0.1671360433101654
-18.72734260559082
-7.843663479434326e-05
-0.0025927757378667593
-0.0012160295154899359
-0.01986338011920452
-0.00018892886873800308
-0.03575911372900009
-4.693183422088623
-0.029106255620718002
-0.0601363331079483
-0.00029273517429828644
-0.024459609761834145
-0.002552467631176114
-0.07390355318784714
-0.0003937899600714445
-0.00013064485392533243
-0.0007518087513744831
-16.467060089111328
-0.3757529556751251
-0.0006087357178330421
-0.0001760566228767857
-0.01642926223576069
-0.0018009409541264176
-0.00228537037037313
-5.9602869441732764e-05
-0.37211304903030396
-0.6823217868804932
-9.460062980651855
-8.624812126159668
-0.001149589428678155
-1.535747766494751
-0.005323875695466995
-0.08506736904382706
-3.2066785934148356e-05
-0.008408382534980774
-0.0016763457097113132
-0.021225912496447563
-0.0016387379728257656
-0.03863007202744484
-0.28816336393356323
-0.09095969051122665
-0.00038020533975213766
-0.8469111919403076
-0.010636424645781517
-0.00928110908716917
-0.04474654793739319
-0.00017105070583056659
-0.014253710396587849
-0.0015305483248084784
-0.007745116483420134
-0.0002205128694185987
-0.0873105600476265
-8.803472518920898
-0.03275587409734726
-0.0004042761866003275
-0.0006609162664972246
-0.01117070484906435
-0.0002559096028562635
-0.02230415865778923
-0.002601455431431532
-0.001122083282098174
-0.01279348973184824
-5.964788436889648
-0.00620865635573864
-0.0004629017203114927
-0.003450394608080387
-2.6876766681671143
-0.02392388880252838
-0.0007182164117693901
-0.003598288167268038
-0.11445054411888123
-0.0004499138449318707
-0.0005323661607690156
-0.00040844682371243834
-0.002828290220350027
-0.000904032145626843
-0.3688773810863495
-0.004999635741114616
-0.9611606597900391
-0.005377708002924919
-0.0004690977220889181
-0.022931160405278206
-0.00017438798386137933
-0.008312981575727463
-0.0038015018217265606
-0.05778323858976364
-0.0004262015863787383
-0.0004970983718521893
-0.024669213220477104
-0.16515275835990906
-0.018554924055933952
-0.06071998551487923
-0.04105561599135399
-0.5752008557319641
-0.3698859214782715
-0.571151614189148
-1.2494604587554932
-0.0005679901223629713
-0.0012553200358524919
-0.00012587709352374077
-0.00752743985503912
-0.001156852813437581
-0.08052591979503632
-0.00035982808913104236
-6.128971099853516
-0.05004171282052994
-2.1880664825439453
-0.0916018858551979
-0.005228417459875345
-0.01447486225515604
-2.5540528297424316
-0.00010966652916977182
-0.012034782208502293
-0.0016050563426688313
-0.1643930971622467
-0.0003766304289456457
-0.00039748396375216544
-0.000285227142740041
-0.00024327656137757003
-0.005929972976446152
-0.10414735972881317
-4.25266695022583
-1.569787859916687
-0.16661445796489716
-8.737659454345703
-0.08500857651233673
-0.019403645768761635
-8.987976616481319e-05
-0.009216384030878544
-0.002350783674046397
-5.733504772186279
-0.17897167801856995
-0.0004086851258762181
-0.0005504761938937008
-0.0006276782951317728
-0.00032455421751365066
-15.315879821777344
-0.0056566642597317696
-0.00012909532233607024
-0.007173969876021147
-0.0018603176577016711
-0.0003152588615193963
-0.003842709818854928
-0.0008768765837885439
-1.4195082187652588
-0.003918470814824104
-0.00011848701251437888
-0.045626070350408554
-0.004208399448543787
-0.33230775594711304
-0.00041237910045310855
-0.0008136299438774586
-0.0006399490521289408
-3.6477376852417365e-05
-1.838181495666504
-0.39825403690338135
-0.03888522833585739
-0.0035511308815330267
-0.029324958100914955
-0.00014983485743869096
-0.011945498175919056
-0.0024178577587008476
-0.00037877538125030696
-0.0004297763225622475
-0.0013267532922327518
-0.020343229174613953
-0.8189334273338318
-1.768327236175537
-0.014560866169631481
-4.059342384338379
-0.000692961853928864
-3.343463897705078
-0.024235069751739502
-0.00017426878912374377
-0.00846133939921856
-0.002920055529102683
-5.766147136688232
-0.0004533693427219987
-0.0008902162662707269
-0.0003524397616274655
-10.498407363891602
-0.0023192670196294785
-0.0035217900294810534
-0.044463466852903366
-0.0002559096028562635
-0.02467432990670204
-0.0015613758005201817
-0.003912652377039194
-6.237971305847168
-0.0003066784702241421
-0.00019393471302464604
-0.0011533997021615505
-0.03510315716266632
-12.824647903442383
-8.782530784606934
-0.008208349347114563
-0.0015506636118516326
-0.00038580605178140104
-0.09044679254293442
-0.00010382589971413836
-0.012789134867489338
-0.0020524642895907164
-0.00020692592079285532
-0.179252028465271
-0.0063528260216116905
-0.19506332278251648
-0.0002127659390680492
-0.26688942313194275
-0.0007260785205289721
-0.7782484889030457
-0.00030524839530698955
-0.00014494798961095512
-0.010065747424960136
-0.0017914213240146637
-0.009589442051947117
-1.5028924942016602
-0.0003592322755139321
-0.33267056941986084
-0.16288146376609802
-0.0222553089261055
-1.512219786643982
-0.03807446360588074
-0.007719447370618582
-0.0006982034537941217
-0.00014554394874721766
-0.0032340388279408216
-0.0014771036803722382
-0.03478405624628067
-0.0014936492079868913
-0.00017557987303007394
-0.00023922442051116377
-0.24124042689800262
-0.002237556502223015
-0.5547147393226624
-0.0006587718962691724
-0.00025149996508844197
-7.509902934543788e-05
-0.013120978139340878
-0.0030551922973245382
-0.5566174387931824
-1.113014578819275
-2.7415151596069336
-0.061868224292993546
-0.40958285331726074
-0.2630726397037506
-0.014128188602626324
-0.4657480716705322
-4.901324272155762
-9.424509048461914
-0.0008697302546352148
-0.5316258668899536
-0.01976427435874939
-0.06871787458658218
-0.00016544880054425448
-0.009218864142894745
-0.0033786376006901264
-0.07144416123628616
-0.0003591130953282118
-6.320437431335449
-0.030924465507268906
-1.0840635299682617
-7.108321189880371
-0.006415604613721371
-0.0001456631434848532
-0.0016988381976261735
-0.0007239343249239028
-0.005765474867075682
-0.0002227773511549458
-0.000603493710514158
-0.00033146608620882034
-0.002294528530910611
-0.0174252986907959
-0.021789325401186943
-0.0012017417466267943
-0.0005782362422905862
-0.008175715804100037
-0.00045313104055821896
-0.00126151111908257
-0.001166140311397612
-1.7669161558151245
-4.637133679352701e-05
-0.006372963078320026
-0.0013371107634156942
-0.0001858300092862919
-0.21355517208576202
-0.022809170186519623
-0.003816227661445737
-1.2156068086624146
-0.9492798447608948
-0.08545860648155212
-0.05861000344157219
-0.8258417248725891
-0.7410146594047546
-0.0009994279826059937
-8.463501580990851e-05
-0.023155061528086662
-0.0015683980891481042
-0.3131672739982605
-0.21967819333076477
-10.513696670532227
-0.0004183370911050588
-0.00019894051365554333
-0.002067096997052431
-0.026601603254675865
-11.084325790405273
-0.00016985881666187197
-0.0002244459028588608
-0.002266340423375368
-0.003567998530343175
-0.09596769511699677
-0.0002456601650919765
-1.3905869722366333
-7.247514724731445
-1.1543926000595093
-0.7243848443031311
-0.004557223059237003
-0.5498859882354736
-12.545841217041016
-0.00026854246971197426
-0.022899121046066284
-0.025260213762521744
-0.05498645454645157
-0.00472322478890419
-0.00010847456724150106
-0.009520485065877438
-0.004118414130061865
-0.0004439560289029032
-0.004400807432830334
-0.03835374116897583
-0.20219770073890686
-0.13715292513370514
-1.934281826019287
-11.899057388305664
-0.00019774865359067917
-0.25688615441322327
-0.3732655942440033
-0.055671218782663345
-0.09119868278503418
-7.939023635117337e-05
-0.007332318928092718
-0.002930040005594492
-0.000764792668633163
-0.004930125083774328
-0.00011824862303910777
-0.0002766464895103127
-0.0006336349761113524
-19.508573532104492
-0.10972431302070618
-0.007560330908745527
-2.829038143157959
-0.0008809261489659548
-0.17945198714733124
-13.450282096862793
-0.00012587709352374077
-1.4642696380615234
-0.0001463782973587513
-0.006787458900362253
-0.0035588520113378763
-0.02911563403904438
-0.00040522945346310735
-0.7455438375473022
-0.00026723151677288115
-0.0003252692404203117
-0.004511535167694092
-0.0022903657518327236
-0.008615112863481045
-0.8611578941345215
-0.1269155591726303
-0.0004357342259027064
-0.00018892886873800308
-0.0004781533498317003
-0.017157692462205887
-0.000188332938705571
-0.00024172721896320581
-0.012596332468092442
-0.043614644557237625
-0.2187819629907608
-0.012337321415543556
-0.13863076269626617
-0.9755358099937439
-0.00019774865359067917
-0.016212647780776024
-0.015733981505036354
-0.014084229245781898
-0.0002208704245276749
-0.0003545847721397877
-0.0004979324294254184
-0.0012080521555617452
-0.02584761194884777
-0.1351589858531952
-0.2986436188220978
-0.0013154434273019433
-0.03815903514623642
-9.60780744208023e-05
-0.0032198987901210785
-0.02046143263578415
-0.00020728347590193152
-0.003528204746544361
-1.721243143081665
-0.003946850076317787
-13.185951232910156
-14.205245971679688
-1.766899824142456
-9.519182205200195
-4.657928943634033
-0.8170441389083862
-0.0002543602604418993
-0.011911808513104916
-0.0036548261996358633
-0.00014935807848814875
-5.51611852645874
-0.026395540684461594
-0.0004690977220889181
-0.0003047717036679387
-0.032882194966077805
-4.322148323059082
-0.021914705634117126
-0.00019739109848160297
-0.02719447948038578
-0.0018972031539306045
-0.0010602811817079782
-0.003909921273589134
-0.0008163695456460118
-0.002587187336757779
-0.0008253029081970453
-0.09326139092445374
-0.0634203627705574
-8.356221951544285e-05
-0.03437640145421028
-0.0015747062861919403
-0.025078753009438515
-0.00040522945346310735
-13.029129981994629
-0.00018940561858471483
-0.036568883806467056
-0.0012242449447512627
-0.13510264456272125
-0.007446272298693657
-0.2329895794391632
-7.795983401592821e-05
-0.011785522103309631
-0.0035847469698637724
-0.012884697876870632
-0.001703955582343042
-0.0001793938863556832
-0.00037508129025809467
-0.000990615226328373
-0.00032610344351269305
-0.001738466788083315
-0.0003962923656217754
-15.506306648254395
-0.00039664984797127545
-6.042069435119629
-6.329813186312094e-05
-0.006924441549926996
-0.003258991753682494
-0.00029452278977259994
-0.0006342306733131409
-0.000388665939681232
-0.7930055856704712
-0.015849797055125237
-0.0007225048611871898
-0.0009104635682888329
-0.32799914479255676
-0.0005068686441518366
-0.00028153270250186324
-0.019867120310664177
-10.339431762695312
-0.00015341058315243572
-0.050230830907821655
-0.002268837997689843
-0.6439490914344788
-0.0003328961320221424
-0.0004236992390360683
-0.0006971312686800957
-0.0002451834443490952
-0.015287958085536957
-0.00841299258172512
-0.07560968399047852
-0.031677067279815674
-4.453858375549316
-0.00042775063775479794
-0.004433801863342524
-0.030847718939185143
-0.00046171018038876355
-0.0001770101225702092
-0.014141470193862915
-0.011480105109512806
-0.02007897198200226
-0.15296967327594757
-0.0003591130953282118
-0.0010698077967390418
-0.2809925079345703
-0.0003511289251036942
-0.49958565831184387
-0.0005707303644157946
-0.005694950930774212
-0.837550699710846
-0.19327090680599213
-0.00038628268521279097
-0.3204808235168457
-2.431035041809082
-0.02117292582988739
-0.00010346830822527409
-0.006212566047906876
-0.0058147800154984
-0.004088496323674917
-0.0032949938904494047
-0.00023445718397852033
-0.010300924070179462
-0.00026913834153674543
-0.001980606932193041
-0.16416430473327637
-0.08498799055814743
-0.003734283149242401
-0.1323511153459549
-0.02688305824995041
-0.00359341804869473
-0.00028534632292576134
-0.04004700481891632
-7.223821739898995e-05
-0.005260554142296314
-0.009076997637748718
-0.060478080064058304
-0.037515103816986084
-1.8125808238983154
-0.005607469938695431
-0.024545805528759956
-0.0034103586804121733
-0.005585302598774433
-3.639035224914551
-0.010715918615460396
-0.00019834458362311125
-0.019575968384742737
-0.0031527597457170486
-0.10478769242763519
-0.00033420699764974415
-0.0007387054502032697
-0.0003493413969408721
-0.019792791455984116
-0.0013949673157185316
-0.0005949157639406621
-0.0007613382767885923
-0.07409374415874481
-0.0003695997002068907
-0.14827413856983185
-5.340433563105762e-05
-0.06247886270284653
-0.005381739232689142
-0.0001817776501411572
-0.0011897159274667501
-0.00034338299883529544
-0.01786685734987259
-0.005638883449137211
-0.005133661441504955
-0.00028772983932867646
-0.0824444368481636
-2.8848655223846436
-0.3308897614479065
-3.2344775199890137
-0.39091333746910095
-0.0005746620590798557
-8.998018264770508
-0.1294228583574295
-1.063621997833252
-0.002066859044134617
-0.5217450857162476
-0.21073578298091888
-0.15853351354599
-0.4556398391723633
-0.0001714082609396428
-0.029210343956947327
-0.0027707540430128574
-0.02463083155453205
-0.11300475150346756
-0.0006342306733131409
-0.0005268854438327253
-0.4799836575984955
-0.0004049911512993276
-0.7146063446998596
-0.01715804450213909
-0.37228235602378845
-0.06527970731258392
-0.00031442465842701495
-0.18439775705337524
-0.24550779163837433
-0.7467538714408875
-0.00538434786722064
-0.0018748340662568808
-0.6272342205047607
-0.0014256800059229136
-0.04609599709510803
-0.060679707676172256
-0.00021479207498487085
-0.01892673783004284
-0.002679569413885474
-0.02641342021524906
-0.0001691436773398891
-0.1972838193178177
-0.0013723488664254546
-0.009459909051656723
-0.06435616314411163
-0.00020787939138244838
-0.44568610191345215
-0.16205336153507233
-6.854299135738984e-05
-0.007039862219244242
-0.0669766291975975
-0.009107711724936962
-0.0005038899253122509
-0.0006336349761113524
-0.04172460362315178
-0.1688728779554367
-0.007008847780525684
-0.11297003924846649
-0.0019953595474362373
-0.0013602061662822962
-0.0019757291302084923
-0.6060935258865356
-0.5231990814208984
-8.964136941358447e-05
-0.008784341625869274
-0.0024485390167683363
-0.0030967872589826584
-2.0846526622772217
-0.0003292018664069474
-0.022682854905724525
-0.000418575422372669
-0.00032586511224508286
-0.06310446560382843
-0.09553743153810501
-0.003817890305072069
-0.6181964874267578
-0.01737070642411709
-0.00016699827392585576
-0.01460997387766838
-0.00222090445458889
-0.0005399914807640016
-0.0003812778159044683
-10.411604881286621
-0.0001839230244513601
-0.11632518470287323
-0.9341105222702026
-7.4741430580616e-05
-0.011342683807015419
-0.0023191480431705713
-0.0004522969538811594
-0.0002818902430590242
-0.000259365770034492
-0.0004076126788277179
-0.001168402610346675
-0.7044826745986938
-0.004361046943813562
-0.00025912740966305137
-0.03437640145421028
-0.0027658799663186073
-0.0002461368858348578
-0.59919673204422
-2.044576644897461
-0.0006625840906053782
-1.7787476778030396
-5.543078441405669e-05
-0.010405691340565681
-0.00017617580306250602
-0.03437640145421028
-0.0027658799663186073
-0.013632883317768574
-0.08160397410392761
-0.16218605637550354
-0.0006962973857298493
-0.02409927360713482
-0.00015496007108595222
-0.0016905077500268817
-0.000593962671700865
-0.30098283290863037
-0.017776688560843468
-0.05009829252958298
-0.00018130090029444546
-0.007291609887033701
-0.003155255224555731
-0.12988151609897614
-0.001942058908753097
-0.0010521834483370185
-0.012018880806863308
-0.22190873324871063
-0.013690385036170483
-0.03445114940404892
-0.28812089562416077
-0.00024875884992070496
-0.06734892725944519
-0.009489311836659908
-7.378782902378589e-05
-0.006680772174149752
-0.006711915135383606
-0.009980536065995693
-0.00019762947340495884
-0.0006092122639529407
-0.00039617318543605506
-0.74220871925354
-2.709582805633545
-0.008153723552823067
-1.0520726442337036
-0.05622108280658722
-0.0001433984871255234
-0.008816954679787159
-0.003834397066384554
-0.021877383813261986
-0.10081958770751953
-0.0009558399324305356
-10.567051887512207
-0.04051738232374191
-0.2169426530599594
-0.00017510310863144696
-0.3205035924911499
-0.11320681124925613
-0.5903947353363037
-0.009890125133097172
-2.3007127310847864e-05
-6.782778655178845e-05
-0.00727930199354887
-0.003155611688271165
-12.01451587677002
-0.19666296243667603
-0.02026776783168316
-0.0307871475815773
-0.021133944392204285
-0.0009715604246594012
-0.011903680860996246
-0.0013916341122239828
-0.021960187703371048
-2.7508320808410645
-18.053821563720703
-0.029320674017071724
-0.5284674167633057
-0.23893700540065765
-0.00019572250312194228
-0.010049460455775261
-0.009927541948854923
-2.2324018478393555
-0.01280690636485815
-0.0011187491472810507
-0.0007120219524949789
-0.09038526564836502
-0.2991108000278473
-0.3539045453071594
-0.0004758894501719624
-0.21732603013515472
-0.005658086389303207
-0.0002051381452474743
-0.0054259649477899075
-0.0027013260405510664
-0.0004822045157197863
-0.019684327766299248
-0.018184378743171692
-0.0291694737970829
-0.001278536394238472
-0.0009704885887913406
-0.014077646657824516
-22.90170669555664
-0.011518994346261024
-0.014806734398007393
-0.00022671037004329264
-0.009422002360224724
-0.041106417775154114
-0.021685626357793808
-0.18147356808185577
-0.5310092568397522
-0.0005007919971831143
-0.005437228363007307
-2.662048816680908
-0.03690844029188156
-0.0004418112221173942
-0.17407716810703278
-0.057399261742830276
-0.0005845506675541401
-0.700291097164154
-0.0006983225466683507
-0.0003914067056030035
-0.0513484813272953
-0.03719527646899223
-0.04669085517525673
-0.0006079017766751349
-0.0004850641416851431
-0.1680254489183426
-0.8978173732757568
-0.12434835731983185
-0.0008661571191623807
-3.575899362564087
-0.0030600647442042828
-0.00016509123088326305
-0.01802387461066246
-0.0042341588996350765
-0.012935653328895569
-1.409721851348877
-0.6854588389396667
-0.0006833125371485949
-0.3693852722644806
-0.0011411352315917611
-0.07116620242595673
-1.1881479024887085
-0.0030957176350057125
-0.6056433320045471
-2.0887982845306396
-9.345571743324399e-05
-0.017117148265242577
-0.004848746117204428
-0.0005418977816589177
-0.049840766936540604
-0.0002549561613705009
-0.13410016894340515
-0.1541881412267685
-2.8170554637908936
-0.4547611474990845
-0.3728969395160675
-0.0001308832288486883
-0.011514279991388321
-0.0015532821416854858
-0.0002348147245356813
-0.571043848991394
-0.06596527248620987
-0.0018979170126840472
-0.006431476213037968
-0.7673701047897339
-4.475428581237793
-0.1374058574438095
-0.020570512861013412
-0.265868604183197
-0.0033549948129802942
-0.028352180495858192
-0.00010001159535022452
-0.015453596599400043
-0.002959516830742359
-0.04308977723121643
-0.5523703098297119
-0.03460915386676788
-0.01763813942670822
-0.00032848684350028634
-0.040193479508161545
-0.05355766788125038
-0.010956366546452045
-0.5796058177947998
-0.34940117597579956
-8.22271728515625
-0.05115832760930061
-1.1213314533233643
-8.189342770492658e-05
-0.010174079798161983
-0.008732938207685947
-0.05739577114582062
-0.0009654866298660636
-0.00010299152199877426
-0.00028975578607060015
-0.009002807550132275
-1.080604076385498
-0.001262106467038393
-0.0016488541150465608
-0.046263437718153
-0.0012549628736451268
-0.0006658005877397954
-2.098818302154541
-0.0301753468811512
-0.000902126485016197
-0.0001984637783607468
-0.43553122878074646
-0.000285227142740041
-0.017594216391444206
-1.0090811252593994
-0.0879577174782753
-0.00028951745480298996
-7.152301259338856e-05
-0.006414538715034723
-0.005438887979835272
-0.04817128926515579
-0.4616054892539978
-0.05912971496582031
-0.10251262038946152
-0.19517052173614502
-0.0008721124031580985
-0.2766695022583008
-0.03680802136659622
-0.10109858214855194
-0.0007688426994718611
-0.00027736154152080417
-0.024675028398633003
-0.001688008545897901
-0.00029094755882397294
-0.10619127005338669
-0.00047636605449952185
-0.12986518442630768
-1.117990493774414
-0.00028761065914295614
-0.36363622546195984
-0.5934168100357056
-0.0005109196645207703
-0.0005467826849780977
-6.432971954345703
-0.010690797120332718
-0.009877494536340237
-0.09177134186029434
-0.03307193145155907
-0.04920941963791847
-8.05822346592322e-05
-0.027791758999228477
-0.005295179784297943
-0.20598457753658295
-0.022815579548478127
-0.0002540027489885688
-0.0002329078270122409
-6.667932987213135
-0.0010810013627633452
-0.24756044149398804
-0.033032603561878204
-2.4879262447357178
-0.00011443436960689723
-0.017104726284742355
-0.0026423560921102762
-0.006022046320140362
-0.7106550931930542
-0.2050011157989502
-0.6917181015014648
-0.013713785447180271
-0.8790213465690613
-0.010971341282129288
-0.20256194472312927
-0.00697972672060132
-0.24272024631500244
-0.0001839230244513601
-0.01840255595743656
-0.0017322786152362823
-0.08983948826789856
-0.474853515625
-0.3250972628593445
-0.0002592465898487717
-0.15699484944343567
-0.1308346688747406
-0.00013517419574782252
-0.0035898545756936073
-0.005607469938695431
-0.7638026475906372
-2.368079662322998
-0.034214671701192856
-0.3149756193161011
-0.022894693538546562
-0.0069601936265826225
-0.00014852374442853034
-0.007770548574626446
-0.0027969072107225657
-12.019155502319336
-0.0005860995152033865
-0.0018068907083943486
-0.5856050252914429
-0.051302503794431686
-0.010609060525894165
-0.00934405904263258
-0.317849338054657
-0.02782515063881874
-8.928377064876258e-05
-0.022843660786747932
-0.0017546509625390172
-0.00017998983094003052
-0.00040951924165710807
-7.854430198669434
-0.22191226482391357
-0.0015630420530214906
-3.697939872741699
-0.0020361661445349455
-8.844937838148326e-05
-0.008456612005829811
-0.0019271865021437407
-0.008425405248999596
-0.006332569755613804
-0.00040415700641460717
-0.00034374051028862596
-0.0002766464895103127
-0.0011713793501257896
-0.00014232576359063387
-0.03437640145421028
-0.0027656422462314367
-0.0489320233464241
-0.14642225205898285
-0.94066321849823
-0.0039018464740365744
-0.03432387486100197
-0.6384443044662476
-0.1942131668329239
-0.0009371418273076415
-0.00012766500003635883
-0.0015586382942274213
-0.0027901313733309507
-0.022269532084465027
-0.0004661188868340105
-0.9731126427650452
-0.00863284058868885
-0.004790733102709055
-4.031534671783447
-0.04063814878463745
-3.88665509223938
-0.10888081789016724
-0.0015489972429350019
-0.00014745102089364082
-0.01659342274069786
-0.0023683852050453424
-0.0007871866691857576
-0.0004503904783632606
-0.001334848813712597
-0.30221062898635864
-0.46378621459007263
-11.695653915405273
-0.00014256415306590497
-0.01175724621862173
-0.07311947643756866
-0.11306873708963394
-0.00027426297310739756
-0.009646940976381302
-0.10645730793476105
-0.0008831891464069486
-0.0005270045949146152
-0.0002479245886206627
-0.012269025668501854
-0.00019560330838430673
-0.0014786511892452836
-0.0009637002367526293
-0.01589461788535118
-5.709961988031864e-05
-0.03782885521650314
-0.00507151335477829
-0.005221302155405283
-0.0011329191038385034
-0.004415880423039198
-0.2466122955083847
-1.5030725002288818
-0.7584807276725769
-9.405170567333698e-05
-0.008879461325705051
-0.07311969995498657
-0.002607994945719838
-0.0009472650708630681
-0.0006139777251519263
-0.542389452457428
-9.16677454370074e-05
-0.0002273062855238095
-9.249336242675781
-0.00041166413575410843
-0.000270091783022508
-0.0004032037395518273
-0.032064005732536316
-0.03113109990954399
-0.0001892864383989945
-0.0041038114577531815
-0.0037124301306903362
-0.00043025295599363744
-0.00014697425649501383
-0.30728307366371155
-10.153244018554688
-0.024724571034312248
-0.03175109252333641
-0.9015122652053833
-2.589179515838623
-0.00013600854435935616
-0.0049583567306399345
-0.0016144587425515056
-2.702608585357666
-0.0028834454715251923
-0.0005654881824739277
-0.1832188367843628
-0.00025281094713136554
-4.8523945808410645
-0.00024673278676345944
-0.00011228884250158444
-0.00034445550409145653
-0.0006960591417737305
-0.00021419614495243877
-4.807971954345703
-0.012149731628596783
-0.00022468426323030144
-0.004663899540901184
-1.7461384534835815
-1.20845365524292
-5.8887653722194955e-05
-0.010860028676688671
-0.00418774364516139
-0.07032298296689987
-0.008234596811234951
-0.003221324644982815
-0.0011307757813483477
-0.14561040699481964
-8.626907348632812
-0.05629725754261017
-0.14694635570049286
-0.0006275591440498829
-0.18516288697719574
-0.05990708991885185
-0.00021944021864328533
-0.0007088055717758834
-0.24884068965911865
-0.12209102511405945
-0.17644043266773224
-0.003837009659036994
-0.0011202972382307053
-0.015313316136598587
-0.03436638042330742
-0.040532149374485016
-0.0005479741375893354
-1.6123418807983398
-0.11382275074720383
-0.0014916256768628955
-0.247634619474411
-5.392573356628418
-0.039568960666656494
-0.12053176760673523
-0.5228567123413086
-0.0012440093560144305
-0.31766316294670105
-0.0012756790965795517
-0.010089822113513947
-0.0007024919614195824
-1.5643433332443237
-11.402141571044922
-0.0045477296225726604
-1.4024263620376587
-2.3951306343078613
-0.029719404876232147
-0.9892333149909973
-0.8733586072921753
-0.37578994035720825
-0.00038211196078918874
-0.0005963454605080187
-0.0015218593180179596
-0.00282448623329401
-3.1935079097747803
-0.005891339387744665
-0.0010445620864629745
-0.34756192564964294
-0.17952382564544678
-0.0016487350221723318
-0.0020028548315167427
-19.023462295532227
-0.0013587776338681579
-0.0009683449170552194
-0.0002669931564014405
-0.027176963165402412
-0.0022436226718127728
-0.3064837157726288
-0.5434778928756714
-1.1174626350402832
-16.247879028320312
-1.9374070167541504
-22.36255645751953
-0.43485140800476074
-0.0010488491971045732
-0.010637368075549603
-0.007338236086070538
-1.9943597316741943
-16.939088821411133
-0.0006073060794733465
-0.10746120661497116
-0.6107250452041626
-0.0009598892065696418
-0.007132307160645723
-0.4867098927497864
-0.0008903353591449559
-1.4022608995437622
-0.1749822348356247
-4.0452446937561035
-4.191489219665527
-1.1279765367507935
-0.03643210977315903
-21.71531105041504
-0.06525703519582748
-0.2842686176300049
-1.336949110031128
-0.00011622230522334576
-0.0011692361440509558
-0.014503765851259232
-0.006212329026311636
-0.0008579387213103473
-0.002550921868532896
-2.68615984916687
-1.639547348022461
-2.403920888900757
-0.00152233534026891
-0.053392231464385986
-0.000342191313393414
-0.16243405640125275
-2.1626317501068115
-0.0461270734667778
-2.095637559890747
-0.054773516952991486
-0.002476603025570512
-0.0008029097807593644
-9.417090768693015e-05
-0.1657848060131073
-0.0006380429258570075
-0.117985300719738
-3.1806490421295166
-0.0002184867626056075
-0.2179758995771408
-0.002065431559458375
-0.4031100869178772
-0.005213119555264711
-1.8593201637268066
-0.0004542034293990582
-0.3788723647594452
-0.05272625759243965
-0.5163094401359558
-0.0006295844214037061
-0.0741061419248581
-0.08752366900444031
-0.5101590156555176
-0.8719684481620789
-0.03215174004435539
-0.002999451942741871
-0.3076713979244232
-0.010729363188147545
-0.019142765551805496
-21.69487762451172
-0.00045849301386624575
-0.0001892864383989945
-0.026774663478136063
-0.05305890366435051
-0.0025435497518628836
-0.31761014461517334
-0.0013775869738310575
-0.06995679438114166
-8.162616729736328
-0.02706616371870041
-0.0005031750188209116
-0.00644817715510726
-0.0003810394846368581
-0.00046564225340262055
-0.01694580726325512
-0.06863617897033691
-0.001966092037037015
-0.14436429738998413
-0.0013315153773874044
-0.04088295251131058
-0.00837185513228178
-0.051266830414533615
-11.939143180847168
-0.011311684735119343
-0.00021824838768225163
-1.4543427823809907e-05
-0.5918630361557007
-0.010743869468569756
-5.145168304443359
-1.650221586227417
-0.006362065207213163
-0.003000640543177724
-1.0406713485717773
-0.0004854215949308127
-0.013730364851653576
-0.03382337838411331
-0.007711994927376509
-0.0007394201820716262
-8.537176132202148
-0.1901564598083496
-0.12029366195201874
-0.05549541860818863
-0.0004182179400231689
-0.23665742576122284
-0.1618882119655609
-0.014023693278431892
-0.08162704855203629
-3.2075705528259277
-0.06293858587741852
-0.2556224465370178
-0.20014239847660065
-0.014719812199473381
-0.0028247239533811808
-0.48394614458084106
-1.4470103979110718
-0.653372049331665
-0.4584435820579529
-0.001384015311487019
-5.6781206130981445
-0.12410673499107361
-0.011977655813097954
-1.844389796257019
-0.0019576449412852526
-0.00163433444686234
-0.00046719127567484975
-2.875051975250244
-0.08496707677841187
-0.1558331400156021
-0.17225563526153564
-0.004067244939506054
-0.11759832501411438
-1.2249935865402222
-0.7253894209861755
-0.038288116455078125
-0.05311441048979759
-0.04627675563097
-0.006878625135868788
-19.333309173583984
-0.00016699827392585576
-9.984904289245605
-0.0013062763027846813
-0.00030071981018409133
-0.0007415643776766956
-0.000418575422372669
-0.00041952868923544884
-0.46743398904800415
-0.000494715350214392
-0.0004805363714694977
-0.0010093123419210315
-0.011456181295216084
-10.167268753051758
-0.0022858462762087584
-0.0009560781763866544
-0.00014232576359063387
-0.05635044351220131
-0.0031395689584314823
-12.638476371765137
-0.39899691939353943
-3.7754323482513428
-0.7028613090515137
-19.24390983581543
-0.0023853916209191084
-0.010816868394613266
-1.772092580795288
-0.0023999004624783993
-0.00020787939138244838
-0.004082322586327791
-0.027880799025297165
-0.002916846191510558
-0.2708264887332916
-0.004400926176458597
-0.018763428553938866
-0.007488749921321869
-6.1307573318481445
-0.0010792152024805546
-0.08294378966093063
-0.04204024001955986
-0.0072001260705292225
-0.00015901254664640874
-0.0028011868707835674
-0.003950411919504404
-0.004596145357936621
-0.11784089356660843
-0.00038092033355496824
-0.007893676869571209
-0.0033547570928931236
-0.017803974449634552
-0.03944382444024086
-2.232003688812256
-0.022517826408147812
-0.8513784408569336
-0.00375459180213511
-0.028350558131933212
-0.3611440360546112
-0.004264784511178732
-0.14129532873630524
-4.8697967529296875
-0.00032276666024699807
-0.0011945976875722408
-0.009175987914204597
-0.14780163764953613
-0.19765914976596832
-0.016894234344363213
-0.00016068121476564556
-0.0023437668569386005
-0.3964393734931946
-0.02158331871032715
-0.0010417040903121233
-0.00030524839530698955
-0.0019368238281458616
-0.004118889104574919
-0.2585248351097107
-0.08637205511331558
-0.06410742551088333
-0.002411079127341509
-0.0016794399125501513
-0.004206856247037649
-0.02005724050104618
-0.026570145040750504
-1.012865424156189
-0.0022034193389117718
-1.4867349863052368
-1.9729697704315186
-2.3755507469177246
-0.0004638549580704421
-0.9318723678588867
-0.08365759998559952
-0.002707983832806349
-0.005345456302165985
-0.00035208225017413497
-0.0011629253858700395
-0.001534238108433783
-0.0010110987350344658
-2.620645046234131
-0.005582812707871199
-11.790390968322754
-5.9040656089782715
-0.01126642245799303
-0.00031537804170511663
-0.5894667506217957
-0.28106173872947693
-0.00025781645672395825
-0.009607505984604359
-1.6824136972427368
-0.03706008195877075
-0.6198719143867493
-0.09647625684738159
-2.6530542373657227
-0.007517264690250158
-0.03450343757867813
-0.6108209490776062
-0.2695075273513794
-1.8250515460968018
-0.005999177228659391
-3.5122857093811035
-3.553953170776367
-0.28476354479789734
-0.0044521973468363285
-0.975667417049408
-2.986940383911133
-1.7165392637252808
-1.0638222694396973
-0.0057383328676223755
-0.00016699827392585576
-2.6352922916412354
-0.0018011790234595537
-0.03694508969783783
-0.06106545776128769
-0.06531030684709549
-0.010373483411967754
-0.001190430368296802
-0.10972239077091217
-0.026479829102754593
-0.01593908481299877
-0.019620973616838455
-5.806126594543457
-0.00035482310340739787
-0.007769957184791565
-0.000399033073335886
-0.7734555006027222
-0.013864283449947834
-0.001510432455688715
-0.0005597693379968405
-0.003588072955608368
-0.0007415643776766956
-0.15930964052677155
-5.8329548835754395
-0.21039777994155884
-0.33583807945251465
-0.09969829767942429
-0.052228327840566635
-1.9663777351379395
-0.028796469792723656
-3.285174608230591
-0.13180802762508392
-0.40807199478149414
-0.01627480983734131
-0.002652699826285243
-0.0025269025936722755
-5.272250652313232
-0.0027549429796636105
-0.0018634112784639
-3.9608731269836426
-0.02110336348414421
-0.5025370121002197
-0.0032204927410930395
-0.000900101731531322
-0.0006052807439118624
-0.011914047412574291
-0.0003293210465926677
-0.0002953569928649813
-0.00372644467279315
-0.0005005536950193346
-0.13546614348888397
-0.6659145951271057
-0.24239568412303925
-0.638007640838623
-21.551633834838867
-0.0006612736615352333
-0.33970674872398376
-0.0012947280192747712
-0.0004854215949308127
-0.020240314304828644
-0.5737547278404236
-0.00105408881790936
-0.003237247234210372
-0.03389909118413925
-0.000327652640407905
-0.0002461368858348578
-0.0005663221818394959
-0.0051412517204880714
-0.002640453865751624
-0.030193623155355453
-3.8686695098876953
-0.019995778799057007
-0.05577506124973297
-0.0006713996990583837
-0.12103961408138275
-0.010743515565991402
-0.009432157501578331
-0.0015768486773595214
-0.013432716019451618
-0.39740243554115295
-0.19832798838615417
-0.5604870319366455
-1.7477930784225464
-0.003272061934694648
-0.19844567775726318
-0.0007152383332140744
-0.00414643157273531
-0.0016429034294560552
-0.19326423108577728
-0.0060315257869660854
-0.001609698054380715
-1.1808006763458252
-0.0010247938334941864
-1.5737825632095337
-2.133183717727661
-0.5842692255973816
-0.1355045586824417
-14.333213806152344
-0.18584567308425903
-4.2584123611450195
-0.004332204815000296
-0.0010550415609031916
-0.07022519409656525
-0.00033778208307921886
-0.06364589184522629
-0.1233801394701004
-0.004880064632743597
-0.0003812778159044683
-0.0012915135594084859
-0.004666153807193041
-0.0770072191953659
-0.1322011500597
-0.004766411613672972
-1.1341888904571533
-0.017024800181388855
-0.0007594323833473027
-1.076305866241455
-0.0020437799394130707
-1.7604280710220337
-0.8937572836875916
-1.3188605308532715
-0.0020268866792321205
-0.006418565753847361
-0.007539863232523203
-0.8305065631866455
-2.616053581237793
-0.05025225877761841
-2.319334030151367
-6.7884202003479
-0.036867767572402954
-0.5395901799201965
-0.08070913702249527
-0.002397878561168909
-0.0012410327326506376
-0.09092311561107635
-0.0012049565557390451
-0.8318796157836914
-0.018591199070215225
-0.194875568151474
-0.002243860624730587
-0.001053255284205079
-0.0023203373420983553
-0.048170946538448334
-0.8822363018989563
-1.058608889579773
-0.025925209745764732
-3.361473798751831
-1.915743112564087
-0.12940673530101776
-0.002174039138481021
-0.07253758609294891
-0.045059867203235626
-0.00033718624035827816
-0.0031733177602291107
-0.03154886141419411
-1.4036638736724854
-0.07456342875957489
-2.6381242275238037
-2.301628589630127
-1.6658762693405151
-0.13740117847919464
-4.8900957107543945
-0.0007539528887718916
-0.006477313581854105
-0.0015021003782749176
-0.5050031542778015
-0.0009943069890141487
-15.275282859802246
-0.11716751754283905
-0.0011526852613314986
-0.09885450452566147
-4.929882049560547
-0.06384900957345963
-1.1904528141021729
-0.007883151061832905
-0.0009066523634828627
-1.398540735244751
-0.0029298022855073214
-0.25080248713493347
-0.01821937784552574
-0.0022419574670493603
-0.0001995364436879754
-0.21785740554332733
-0.0016107691917568445
-0.16638454794883728
-0.46216869354248047
-0.530411958694458
-0.020203515887260437
-5.2208123207092285
-0.43946656584739685
-0.575934112071991
-0.02493062987923622
-0.31235471367836
-0.0004328744253143668
-0.09854096919298172
-0.005312966648489237
-2.3238980770111084
-0.44258832931518555
-0.005701588466763496
-0.003201361745595932
-2.0651676654815674
-0.10160648077726364
-0.22817258536815643
-3.7090516090393066
-2.72514009475708
-0.001995121594518423
-0.04176141694188118
-0.13739131391048431
-21.023975372314453
-2.142017364501953
-0.8812525272369385
-1.266687273979187
-0.7022122740745544
-0.5604913234710693
-0.0007027302053757012
-0.44086164236068726
-0.574638843536377
-0.001557924086228013
-4.484462738037109
-5.37790060043335
-0.01229893509298563
-0.004867727402597666
-0.001685152412392199
-0.0016645636642351747
-0.0018461579456925392
-0.2529263198375702
-0.003123288508504629
-0.09828891605138779
-0.7373976111412048
-0.7611975073814392
-0.8521713018417358
-1.3440850973129272
-0.0013671108754351735
-0.0007540719816461205
-0.07085374742746353
-0.13747993111610413
-0.010417371056973934
-0.04124884307384491
-0.006911418866366148
-1.1715571880340576
-0.2528071701526642
-1.532144546508789
-0.30848240852355957
-1.9641050100326538
-12.965925216674805
-0.8069093823432922
-0.0004129749140702188
-0.000399033073335886
-0.0006521005416288972
-0.9783099293708801
-2.0223159790039062
-0.07237116247415543
-0.43838685750961304
-0.6430836915969849
-0.0006908176001161337
-0.06146765127778053
-0.00032026408007368445
-0.006494250148534775
-0.0004800597671419382
-0.0003511289251036942
-0.002325094770640135
-0.08796557784080505
-0.03128223493695259
-0.35686931014060974
-0.23604510724544525
-0.02351457253098488
-0.009538315236568451
-0.0035100297536700964
-0.0001497156627010554
-0.07591015845537186
-0.01579652540385723
-0.1425936371088028
-0.00032014489988796413
-0.004078048747032881
-2.037008762359619
-0.05719967186450958
-0.0006820021662861109
-0.0007539528887718916
-0.0003110878460574895
-5.964019298553467
-0.0004825619689654559
-0.9091196656227112
-0.00011038171214750037
-0.011287757195532322
-0.0014285369543358684
-0.028742609545588493
-0.4927440285682678
-18.741504669189453
-0.03454339876770973
-1.4792704582214355
-1.678853988647461
-0.0189858078956604
-0.00014280252798926085
-0.03437628597021103
-0.0013262771535664797
-0.0029068617150187492
-0.0005073452484793961
-0.0005621521850116551
-0.00024041623692028224
-1.8012226819992065
-1.103379249572754
-0.06755251437425613
-0.6431922912597656
-0.0002562671434134245
-0.02230404131114483
-0.001529715140350163
-0.0019069596892222762
-0.00021979777375236154
-0.1358599066734314
-1.7243517637252808
-0.017824819311499596
-4.983080863952637
-0.00025519452174194157
-0.03437640145421028
-0.0010250320192426443
-0.0007122601964510977
-0.0004245333548169583
-0.004203413613140583
-0.0020559143740683794
-0.0032503176480531693
-0.0018452061340212822
-0.012137248180806637
-0.7045679092407227
-0.016490943729877472
-0.08439762890338898
-0.08798326551914215
-0.00018142008048016578
-0.009098852053284645
-0.0025654281489551067
-0.0009491706150583923
-0.0006135011790320277
-0.0011476842919364572
-0.01156012061983347
-0.11926352232694626
-0.003737133461982012
-0.008110682480037212
-0.03736341372132301
-2.6285111904144287
-0.008369372226297855
-1.4715328216552734
-10.306565284729004
-4.303362584323622e-05
-0.018568381667137146
-0.0017301365733146667
-0.00020561488054227084
-0.0005077026435174048
-0.0008569859201088548
-0.015107144601643085
-7.695265293121338
-0.0005516675882972777
-0.003855772316455841
-0.0005055579822510481
-0.450737863779068
-0.061885032802820206
-1.1816459894180298
-7.259582343976945e-05
-0.017513392493128777
-0.0015966061037033796
-0.1886320561170578
-0.0006189814303070307
-0.0011639971053227782
-0.03153811767697334
-0.0006967739318497479
-0.056669045239686966
-0.002795005217194557
-0.0011737607419490814
-0.001188525347970426
-0.012968719936907291
-6.603976362384856e-05
-0.055916089564561844
-0.000964533886872232
-0.00034231049357913435
-0.23182424902915955
-0.0005743046058341861
-0.09211571514606476
-0.0006435230607166886
-0.0004992430913262069
-0.0656454861164093
-0.0021250303834676743
-0.0023289003875106573
-1.4805854558944702
-19.60930061340332
-9.524368942948058e-05
-0.035211920738220215
-0.0025219083763659
-0.008605066686868668
-0.6459431052207947
-0.004974251613020897
-0.5076420903205872
-0.16066153347492218
-0.15368685126304626
-0.0031771203503012657
-0.0067558446899056435
-0.00012778419477399439
-0.0023905052803456783
-0.0022103183437138796
-0.0007297713309526443
-4.152053356170654
-0.00011276562872808427
-0.0001501924270996824
-0.017824701964855194
-0.0001931004080688581
-10.73560905456543
-0.027533872053027153
-0.7937491536140442
-0.11761941015720367
-0.006564007606357336
-0.001036583329550922
-0.9146218299865723
-0.001759410952217877
-0.29737070202827454
-0.007557491771876812
-0.02156558446586132
-0.0013847296359017491
-7.575158596038818
-5.921801567077637
-0.3300687074661255
-0.10488473623991013
-1.6706781387329102
-0.28539523482322693
-1.000964879989624
-0.0840064212679863
-9.941560711013153e-05
-0.008922232314944267
-0.0024683980736881495
-0.0027990469243377447
-0.02060239389538765
-0.02245313487946987
-0.03018992207944393
-0.00014685506175737828
-0.013644995167851448
-0.00511753186583519
-0.670721709728241
-0.00242689554579556
-0.016319846734404564
-0.026976704597473145
-1.2438431978225708
-0.00020847532141488045
-0.02034182660281658
-0.02372099831700325
-0.0003995097358711064
-2.6015632152557373
-0.03079165704548359
-0.03906844183802605
-0.0004457433824427426
-0.2523750960826874
-20.148839950561523
-0.7366488575935364
-0.0003215749457012862
-0.00020704510097857565
-0.876491904258728
-0.124843530356884
-0.06938507407903671
-0.0006111184484325349
-0.00027092601521871984
-0.0004312062228564173
-0.00020597243565134704
-0.02669469639658928
-0.005147300194948912
-0.0017914213240146637
-0.1122414842247963
-1.9681439399719238
-0.15264062583446503
-0.8197697401046753
-0.0024943212047219276
-0.059723272919654846
-0.00044800734031014144
-0.0007614573696628213
-0.36874324083328247
-5.769562994828448e-05
-0.0019472938729450107
-2.477024555206299
-0.014179080724716187
-0.00023552982020191848
-0.02334851771593094
-0.13608664274215698
-0.0004766043566633016
-1.4842326641082764
-3.4825687408447266
-1.203169584274292
-1.0952024459838867
-16.98293113708496
-0.0005040090763941407
-0.001412466517649591
-4.935142715112306e-05
-0.0069707296788692474
-0.0017788077238947153
-0.02936721034348011
-0.0019376566633582115
-0.0012404375011101365
-0.5552309155464172
-0.016636686399579048
-0.0061734700575470924
-0.004847678355872631
-4.556081771850586
-0.00020323118951637298
-0.0030612533446401358
-0.00018702188390307128
-0.009538787417113781
-0.0031572754960507154
-0.018076324835419655
-1.0591630935668945
-0.0005052005290053785
-0.0024182144552469254
-1.094048261642456
-3.2180776596069336
-2.2577152252197266
-0.18575310707092285
-0.0010189585154876113
-0.00034874555421993136
-0.06954287737607956
-4.160317621426657e-05
-1.2068524360656738
-0.0004210777406115085
-0.00013469743134919554
-0.046268220990896225
-0.002463284647092223
-2.288792165927589e-05
-0.0001438752660760656
-0.001262344536371529
-0.0029318227898329496
-0.13524438440799713
-1.451278567314148
-0.046668101102113724
-0.8996179103851318
-0.029643027111887932
-0.15465129911899567
-0.0017339446349069476
-13.911319732666016
-0.00010251473577227443
-0.0052259271033108234
-0.002561147790402174
-0.00039009589818306267
-0.16776713728904724
-0.001090646837837994
-0.0014987675240263343
-0.004200801718980074
-1.2658897638320923
-0.0008934320067055523
-0.0380026251077652
-22.06230354309082
-0.0002015625941567123
-0.004852779675275087
-0.0017001472879201174
-0.04830396547913551
-0.02193698100745678
-0.8272119164466858
-8.932860374450684
-0.04708010330796242
-8.497187614440918
-0.0003367095487192273
-0.002919223625212908
-0.2804180085659027
-1.3608707189559937
-0.00023183519078884274
-0.0033503612503409386
-0.002466971054673195
-0.17213140428066254
-0.009553428739309311
-0.0016502822982147336
-0.0011079132091253996
-0.0021489402279257774
-0.28774476051330566
-0.000442407006630674
-9.48860906646587e-05
-0.2060498744249344
-0.0007830176036804914
-2.5786099433898926
-0.0007032066932879388
-0.007837023586034775
-0.7364051342010498
-1.4640616178512573
-0.0023547085002064705
-5.817244164063595e-05
-0.007079871371388435
-0.003625488607212901
-0.0005415403284132481
-0.02253763936460018
-0.006177379284054041
-0.000259365770034492
-0.006663246545940638
-0.0012779411626979709
-3.200202226638794
-0.008586984127759933
-0.9606398344039917
-0.7727795243263245
-2.8010478019714355
-0.014244308695197105
-0.00015186110977083445
-0.02079611085355282
-0.0024044194724410772
-0.039401423186063766
-0.0027336629573255777
-0.03065628558397293
-0.10889952629804611
-0.0008133916999213398
-0.6503539085388184
-0.24314239621162415
-0.018730903044342995
-0.7806832790374756
-0.9635897874832153
-1.1626611948013306
-0.00016342257731594145
-0.024203769862651825
-0.001769644906744361
-2.3197436332702637
-0.0014290130930021405
-1.1107450723648071
-1.529484748840332
-0.5642871260643005
-1.1932110786437988
-2.98118257522583
-0.03229764476418495
-0.21732641756534576
-0.00020418466010596603
-0.01778898388147354
-0.0023262840695679188
-0.024769578129053116
-0.002120985882356763
-0.0014369887067005038
-17.488418579101562
-0.4026588797569275
-0.007286284118890762
-0.6601341962814331
-0.5578402280807495
-0.0001411338453181088
-0.011606783606112003
-0.0016855093417689204
-1.7361708879470825
-0.00037329382030293345
-0.000512111175339669
-0.0005016260547563434
-0.0006469779182225466
-0.6676737070083618
-0.029713040217757225
-7.580220699310303
-0.8090983629226685
-0.9660699367523193
-0.10359583050012589
-5.367825508117676
-0.039976224303245544
-0.0016384999034926295
-0.34719184041023254
-0.8184635639190674
-1.2727859020233154
-0.09933073073625565
-0.0014892450999468565
-1.362374186515808
-2.7456912994384766
-8.749579137656838e-05
-0.0037499601021409035
-0.0006666345288977027
-0.1088281124830246
-3.477236747741699
-0.0369795523583889
-12.523521423339844
-0.0015412606298923492
-0.09877405315637589
-0.1188126876950264
-0.00031287543242797256
-1.422296166419983
-0.001649092067964375
-0.8690837621688843
-0.014519862830638885
-1.6864985227584839
-0.47178059816360474
-0.5532116293907166
-0.0003359945258125663
-7.323858261108398
-0.00017212340026162565
-0.00028939827461726964
-0.007677570916712284
-0.0017592919757589698
-0.01470959186553955
-1.4296594858169556
-0.0007163104019127786
-0.0009151084814220667
-0.0022373187821358442
-1.3123055696487427
-0.013390842825174332
-0.11312218010425568
-1.294248342514038
-0.6184969544410706
-0.00012957210128661245
-8.242154121398926
-0.0001578206429257989
-0.002079112222418189
-0.07125690579414368
-0.004438667558133602
-0.031192226335406303
-4.4225667807040736e-05
-0.0070237633772194386
-0.003473322605714202
-0.04183253273367882
-0.023569297045469284
-0.00013731967192143202
-0.45044904947280884
-0.0002790300059132278
-0.0015735160559415817
-0.0006063529872335494
-12.894903182983398
-0.47900283336639404
-0.4500039219856262
-0.002633201191201806
-0.001069212332367897
-4.8882622718811035
-5.543078441405669e-05
-0.014084581285715103
-0.0031994604505598545
-0.08779547363519669
-0.0006887924391776323
-0.0003274143091402948
-0.0015617328463122249
-1.5499992370605469
-7.915183232398704e-05
-0.001073499326594174
-0.16944441199302673
-0.0021065918263047934
-0.0001565095444675535
-0.007768182549625635
-0.0008562712464481592
-0.1037222146987915
-0.005215135402977467
-0.01888977363705635
-0.00011240804451517761
-8.853260040283203
-0.000309657771140337
-0.0006387577159330249
-0.004465845413506031
-14.844659805297852
-1.1663811206817627
-14.104618072509766
-0.00019929806876461953
-0.0007537146448157728
-0.2741262912750244
-0.00010716341057559475
-0.007667397148907185
-0.003365687560290098
-0.0004262015863787383
-1.5828763246536255
-0.0014765085652470589
-0.011540206149220467
-0.00048029806930571795
-3.3451695442199707
-1.1234301328659058
-20.466270446777344
-19.040050506591797
-1.0416224002838135
-8.83301836438477e-05
-0.007412312552332878
-0.004082797560840845
-0.0029998086392879486
-0.00358320283703506
-0.3228607177734375
-0.0005414212355390191
-0.008725728839635849
-0.00016080040950328112
-0.008035711944103241
-0.02372029982507229
-0.010719221085309982
-0.0004704084130935371
-0.002013324061408639
-0.0008278042078018188
-0.0007677706307731569
-0.07132317870855331
-0.023559750989079475
-0.001149351242929697
-8.900620460510254
-3.4664649963378906
-0.07540949434041977
-0.7097654342651367
-0.012771126814186573
-0.03571367636322975
-0.021549951285123825
-0.22484640777111053
-0.00017569905321579427
-0.008515003137290478
-0.0029389543924480677
-0.00037996700848452747
-0.0006406639004126191
-0.015453127212822437
-14.463241577148438
-0.0014040146488696337
-0.8831747770309448
-0.17431533336639404
-0.00012861855793744326
-0.01949472166597843
-0.002544144168496132
-0.004137765150517225
-0.0833740234375
-0.0002755738969426602
-0.6437555551528931
-0.000690460205078125
-2.4982728958129883
-0.020323371514678
-0.2866799831390381
-0.0005264088395051658
-0.3618100881576538
-0.00048637480358593166
-0.0001629458274692297
-2.429414749145508
-0.0013096098555251956
-2.183709144592285
-0.022112365812063217
-0.032406941056251526
-7.83174327807501e-05
-0.05191204324364662
-0.0014680571621283889
-0.0008007657015696168
-0.00044526674901135266
-0.0009463122696615756
-2.7699062824249268
-0.007818926125764847
-0.0029554758220911026
-0.20654305815696716
-3.304069757461548
-10.927894592285156
-0.0019263536669313908
-0.0001486429391661659
-0.006697113625705242
-0.0035027835983783007
-0.0013625870924443007
-0.00044955636258237064
-0.14969922602176666
-0.019399086013436317
-0.00036864637513644993
-0.01728951372206211
-0.00039104922325350344
-0.0007538337376900017
-0.008369372226297855
-0.0001292145170737058
-0.0008248264202848077
-0.0028398206923156977
-0.05489460378885269
-0.048823270946741104
-1.8332387208938599
-4.3420186042785645
-0.06448525935411453
-1.687456488609314
-0.0002047805901383981
-0.03786616027355194
-0.0003334919747430831
-0.021596267819404602
-0.1441844403743744
-0.13287930190563202
-9.62195110321045
-0.00011526874004630372
-0.01980716735124588
-0.0036800061352550983
-0.0006590101984329522
-0.024971093982458115
-8.127676010131836
-0.2011200338602066
-0.14991401135921478
-0.0012496052077040076
-0.04910886660218239
-0.016560476273298264
-0.40537935495376587
-0.06469647586345673
-0.14529891312122345
-0.0003582789213396609
-0.0004731489170808345
-8.868777513271198e-05
-0.025274859741330147
-0.003584865713492036
-0.01591550186276436
-0.0002983363519888371
-0.9014080166816711
-0.08182039111852646
-0.007145800162106752
-0.0005529781919904053
-2.033522605895996
-0.0012213874142616987
-0.0005404680268839002
-0.11180154234170914
-0.00025328766787424684
-0.0031985098030418158
-0.001462343498133123
-0.00018010901112575084
-0.0002165798214264214
-0.0004677870310842991
-0.004300631582736969
-0.11440716683864594
-0.847292423248291
-0.0009648911654949188
-0.0015679220668971539
-0.0073464009910821915
-0.05605563521385193
-0.0001627074379939586
-0.5323507189750671
-0.25197046995162964
-0.00012766500003635883
-0.013872865587472916
-0.0031572754960507154
-0.038835808634757996
-0.000662703241687268
-0.0002644904307089746
-0.0006918897270224988
-0.001412466517649591
-0.00025614796322770417
-1.4125016927719116
-0.004037918988615274
-0.00012766500003635883
-0.009900747798383236
-0.0028980658389627934
-1.0833873748779297
-0.0004953111056238413
-0.008314164355397224
-0.0004975749761797488
-0.01274452731013298
-0.03287135064601898
-0.003664209507405758
-0.0005189026123844087
-0.1783730536699295
-0.0013462775386869907
-0.0016102931695058942
-0.0022832294926047325
-0.05618738755583763
-0.00021562635083682835
-0.00923221092671156
-0.0016875325236469507
-0.043524257838726044
-0.00020108585886191577
-1.3112329244613647
-8.340213775634766
-0.0092337466776371
-0.28019922971725464
-1.4770264625549316
-0.17137672007083893
-0.7287504076957703
-0.0009090343955904245
-0.21455219388008118
-0.3219495117664337
-0.00011431517486926168
-0.010672751814126968
-0.005057754926383495
-0.000662822334561497
-0.0006730675231665373
-0.062028564512729645
-0.1011643037199974
-0.020497404038906097
-8.999896090244874e-05
-0.020385045558214188
-0.02645161747932434
-0.004208636935800314
-0.0001461399078834802
-0.00013505500101018697
-13.269403457641602
-0.0010605193674564362
-0.00016735584358684719
-0.008393014781177044
-0.02372041530907154
-0.003144441172480583
-0.00033766290289349854
-0.30362409353256226
-0.0010713557712733746
-0.5886732935905457
-0.0010546842822805047
-0.41157615184783936
-0.5285777449607849
-0.0030242919456213713
-0.00018618757894728333
-0.008073197677731514
-0.0011984078446403146
-0.028922712430357933
-0.03041289746761322
-0.0019180249655619264
-1.2744510173797607
-1.5060733556747437
-0.1702403724193573
-0.016665644943714142
-1.0785061120986938
-20.688451766967773
-0.0047143264673650265
-0.001675750594586134
-0.0005097282119095325
-0.0028790475334972143
-0.002643544925376773
-0.00034588552080094814
-2.3472185134887695
-0.00019464982324279845
-0.011652620509266853
-0.004062139429152012
-0.02333640493452549
-0.11239597201347351
-2.825732469558716
-0.00047183825518004596
-0.01432245783507824
-0.0015112657565623522
-0.03233111649751663
-0.39559289813041687
-2.223773241043091
-0.005358855240046978
-0.00033623288618400693
-0.12419065088033676
-1.257858157157898
-0.03145783767104149
-1.719832181930542
-0.5910325050354004
-0.15460698306560516
-0.036636918783187866
-4.808759689331055
-1.1911582946777344
-0.4423680007457733
-0.00024148885859176517
-0.0031008278019726276
-0.0028708456084132195
-0.004250658676028252
-7.581423415103927e-05
-0.0005024601123295724
-7.70062324590981e-05
-0.004540490917861462
-0.0004441943601705134
-0.003638910362496972
-2.109982233378105e-05
-0.0008790204883553088
-0.04167966544628143
-0.0029702140018343925
-0.0008126770262606442
-0.0024922997690737247
-0.008135396055877209
-0.0009238027851097286
-0.016250649467110634
-0.02170347422361374
-0.00028427375946193933
-0.0006328010931611061
-0.00037555795279331505
-0.0014873405452817678
-0.09780917316675186
-0.00012337400403339416
-0.05583763122558594
-0.0010306290350854397
-0.00825788825750351
-0.016716759651899338
-0.0003070359816774726
-0.02204531617462635
-0.013185333460569382
-0.004289592616260052
-0.0037319078110158443
-0.004545119125396013
-0.0001546025014249608
-0.00035339308669790626
-0.00013362467871047556
-0.014432915486395359
-0.006610194221138954
-0.002234464045614004
-0.003349767066538334
-0.00037150635034777224
-0.0006310140597634017
-0.00023493390472140163
-0.00014828535495325923
-0.0015988674713298678
-0.0006861716392450035
-0.0027558940928429365
-0.006745188031345606
-0.0035253537353128195
-0.0030366519931703806
-0.001257224939763546
-0.0002996472467202693
-0.0005660838796757162
-0.0003748429589904845
-4.851700214203447e-05
-0.03277929499745369
-0.0010207447921857238
-0.0001308832288486883
-0.0002949994814116508
-0.05096428841352463
-0.018654033541679382
-0.001765717868693173
-0.000985375139862299
-0.0014942444395273924
-6.176201820373535
-0.0003070359816774726
-0.0028496868908405304
-0.0667656809091568
-0.00031192204914987087
-0.005549856927245855
-0.006809363141655922
-0.001796538126654923
-0.00738793658092618
-0.010491455905139446
-0.0026846816763281822
-0.015262716449797153
-0.18179117143154144
-0.001515788841061294
-0.00031704644788987935
-0.000506511190906167
-0.00021491125517059118
-0.0014653194230049849
-0.00011991735664196312
-3.302042750874534e-05
-0.004918855614960194
-0.026957092806696892
-0.03473040461540222
-0.0003980797773692757
-0.0005332001601345837
-0.0002374367177253589
-0.0007861146004870534
-0.011402793228626251
-0.027084380388259888
-0.11708608269691467
-0.0005613181856460869
-0.002414052141830325
-0.04168115183711052
-0.006208064034581184
-0.01979103870689869
-0.00028772983932867646
-0.002356849145144224
-0.0011594723910093307
-0.00019167017308063805
-0.002521432936191559
-0.0002321927313460037
-1.7404405298293568e-05
-0.0006220789509825408
-0.004835696425288916
-0.9122331738471985
-0.001522573409602046
-0.0019045800436288118
-0.0015370947076007724
-0.01322062686085701
-0.00033408781746402383
-0.00028308198670856655
-0.00015960850578267127
-0.0002858230145648122
-0.0022884628269821405
-0.0012435331009328365
-0.0002225389762315899
-0.0042341588996350765
-0.0003601856005843729
-0.0003081085451412946
-0.005072818137705326
-0.003322083968669176
-0.0003516055876389146
-0.0030151403043419123
-0.0005124686285853386
-0.006380899343639612
-0.039210934191942215
-0.00045313104055821896
-0.10556352883577347
-0.0026720792520791292
-0.0001616347290109843
-0.00039188333903439343
-0.03770098090171814
-0.0029186292085796595
-0.03310272470116615
-0.007437753025442362
-0.017716141417622566
-0.13592223823070526
-0.00032729512895457447
-0.0004354958946350962
-3.194758028257638e-05
-0.013082857243716717
-7.247662142617628e-05
-0.0007521660882048309
-0.003427822608500719
-0.0031171089503914118
-0.0021679725032299757
-0.09223747253417969
-0.0042408062145113945
-0.0004080893413629383
-0.00026425207033753395
-0.00012313561455812305
-6.460934673668817e-05
-0.0014148473273962736
-8.737658936297521e-05
-0.002146323211491108
-0.007381783332675695
-0.00684784259647131
-0.15040038526058197
-0.0008081507403403521
-0.0006295844214037061
-0.0031989850103855133
-0.0002896366349887103
-0.00020668754586949944
-0.0002648479712661356
-0.006117429118603468
-0.00020787939138244838
-0.00024089295766316354
-0.0008974815136753023
-0.0006075443816371262
-0.00030489088385365903
-0.0004634975048247725
-0.001630644896067679
-0.05631134286522865
-0.008486871607601643
-0.0007286992622539401
-0.002222212729975581
-0.0024503227323293686
-0.09410198777914047
-0.00025722055579535663
-0.00163433444686234
-0.0004260824352968484
-0.00022432672267314047
-0.0001445904199499637
-0.00015579440514557064
-0.00019774865359067917
-0.00037353215157054365
-0.0010631391778588295
-0.03721250593662262
-0.0003816353273577988
-0.0015756584471091628
-0.0005613181856460869
-0.016164790838956833
-0.006906920112669468
-0.00030179237364791334
-0.00033766290289349854
-0.00043358939001336694
-0.0007114263135008514
-9.905801562126726e-05
-0.0004745787591673434
-0.0007221474661491811
-0.0025719678960740566
-0.012158211320638657
-0.004489699378609657
-0.1325376182794571
-0.0019858418963849545
-0.001001690630801022
-0.00017414960893802345
-0.01267531793564558
-0.009117634035646915
-0.00019929806876461953
-0.00028534632292576134
-0.00019739109848160297
-0.009093299508094788
-0.00023779425828251988
-0.00019178935326635838
-0.0001821352052502334
-0.00017951308109331876
-0.0694623664021492
-0.044960036873817444
-0.000105375460407231
-0.00010275312524754554
-0.0003094194398727268
-0.0005952732171863317
-0.00020728347590193152
-0.00013374387344811112
-0.00029273517429828644
-0.005000347271561623
-0.016305889934301376
-0.0037073232233524323
-0.017143748700618744
-0.004082085099071264
-0.0010013333521783352
-0.00032479254878126085
-0.0003946240758523345
-0.00022766382608097047
-0.00031442465842701495
-0.0025156063493341208
-0.0014675810234621167
-0.016277508810162544
-0.00019608005823101848
-0.0027575583662837744
-0.047378480434417725
-0.0002388668799540028
-0.0006544832140207291
-0.0014788892585784197
-0.0008634176338091493
-0.1219320148229599
-0.000824230897706002
-0.0002631794777698815
-0.025292642414569855
-0.01559362281113863
-0.004380155820399523
-0.031245840713381767
-0.0001282609737245366
-0.0010027624666690826
-0.0008122005965560675
-0.0006965356878936291
-0.001963831717148423
-0.08025971800088882
-4.005352093372494e-05
-0.00035589560866355896
-0.01857633888721466
-0.00016199229867197573
-0.0007466865936294198
-6.997340824455023e-05
-0.0003070359816774726
-0.0024802894331514835
-0.3895781934261322
-0.0024409282486885786
-0.005620865151286125
-0.0017391807632520795
-0.00040546778473071754
-0.0074592879973351955
-0.021623799577355385
-0.009541149251163006
-0.00017963226127903908
-0.009644461795687675
-0.0001774868869688362
-0.005960783455520868
-2.44049072265625
-0.000516757951118052
-0.05432560667395592
-0.03492554649710655
-0.004898214712738991
-0.004707919433712959
-0.0001896439935080707
-0.0010801678290590644
-0.005933883599936962
-0.00019965562387369573
-7.939023635117337e-05
-0.0022339883726090193
-0.006785919889807701
-0.006766974925994873
-0.005819165147840977
-0.0009781105909496546
-0.00017927470616996288
-0.005621102638542652
-0.00041845624218694866
-0.05585668236017227
-0.0002329078270122409
-1.5802923440933228
-0.000192504478036426
-0.7128381729125977
-5.280832192511298e-05
-7.510157047363464e-06
-0.010905781760811806
-7.462222856702283e-05
-0.006417973432689905
-0.0018444921588525176
-0.00044586253352463245
-0.00029202012228779495
-0.0006996329175308347
-0.007183201611042023
-0.004273449536412954
-0.0002040654799202457
-0.0006610354175791144
-0.00033539868309162557
-0.010268830694258213
-2.356553316116333
-0.013156979344785213
-1.7478915452957153
-0.0003734129713848233
-0.0003275334893260151
-0.00514338631182909
-0.01733977720141411
-0.002945372834801674
-0.025330765172839165
-0.0057459184899926186
-9.97731985989958e-05
-0.010988437570631504
-0.0015282867243513465
-0.004275585990399122
-0.0021822466515004635
-0.00014053787162993103
-0.0005415403284132481
-0.010452408343553543
-0.0005449955351650715
-0.0015193596482276917
-0.0013960388023406267
-0.014741895720362663
-0.013747883960604668
-0.003116871230304241
-0.00014923889830242842
-0.0009653675369918346
-0.0004674295778386295
-0.001960857305675745
-0.0537269152700901
-0.0035336690489202738
-0.004135390743613243
-0.0022533759474754333
-2.8967437174287625e-05
-0.0010490872664377093
-0.0005777596961706877
-0.00029523781267926097
-0.011499196290969849
-0.0002661589242052287
-0.001981796696782112
-0.005993726197630167
-0.0031571565195918083
-0.000805053801741451
-0.0013450870756059885
-0.004263003822416067
-0.008215443231165409
-0.00038723601028323174
-0.0014100857079029083
-0.0004477690381463617
-0.002130026463419199
-0.00019405389321036637
-0.09144937247037888
-0.2550298571586609
-0.0003979606262873858
-0.00012683063687290996
-0.0012886562617495656
-0.0005663221818394959
-0.0003271759778726846
-0.00014900050882715732
-0.017409835010766983
-4.088794958079234e-05
-1.966933996300213e-05
-1.847726889536716e-05
-0.008722892962396145
-5.709961988031864e-05
-0.004871404729783535
-0.0010623055277392268
-0.08278973400592804
-0.009765234775841236
-1.043756127357483
-0.006233890540897846
-0.007974216714501381
-0.0018753099720925093
-0.0026644703466445208
-0.0002611534437164664
-0.0002547178009990603
-0.000899982638657093
-0.010985254310071468
-0.0015507827047258615
-0.045012231916189194
-0.00010680581908673048
-0.00029595286468975246
-0.000713213172275573
-7.73638384998776e-05
-3.957670196541585e-05
-0.0008743754005990922
-8.618460560683161e-05
-0.012171754613518715
-7.760223525110632e-05
-0.016901619732379913
-0.002357324818149209
-0.011015201918780804
-0.00047100416850298643
-0.0002047805901383981
-1.4156508445739746
-0.00815159548074007
-0.006116955541074276
-0.00025614796322770417
-0.0007121411035768688
-0.0007489498239010572
-0.00014590153296012431
-0.12462644279003143
-0.0007843278581276536
-0.00025388356880284846
-9.679325739853084e-05
-7.068861305015162e-05
-0.0007717015105299652
-0.005066650453954935
-0.002497769659385085
-0.008042451925575733
-0.0003526780928950757
-0.0002579356369096786
-0.0002097863471135497
-4.672895011026412e-05
-0.00010489867418073118
-0.0005342725198715925
-0.0976235419511795
-0.005801861174404621
-0.01436053216457367
-0.0008238735608756542
-9.369411418447271e-05
-0.0002562671434134245
-0.0005135409301146865
-0.0007460909546352923
-0.0008569859201088548
-0.021117253229022026
-0.0012667496921494603
-0.0029306341893970966
-0.00019441144831944257
-0.005697439890354872
-0.004960373509675264
-0.012261253781616688
-0.0006482883472926915
-0.0005128260818310082
-0.0002503081923350692
-0.0003332536434754729
-0.05220343545079231
-0.004709817469120026
-0.0010683787986636162
-0.00019786784832831472
-0.0010724276071414351
-0.10065446048974991
-0.0008918836829252541
-0.0009133219718933105
-0.0027104804757982492
-0.0210348479449749
-0.0037510290276259184
-0.0010944573441520333
-0.004261698108166456
-0.0009146321099251509
-0.0008698494057171047
-0.0005298641044646502
-1.4899225234985352
-0.0005756151513196528
-0.03355101868510246
-0.007375038228929043
-0.001587560516782105
-0.0008239926537498832
-9.667406266089529e-05
-0.0002996472467202693
-0.00013159839727450162
-0.011843955144286156
-0.05501387268304825
-7.056941103655845e-05
-0.04726284742355347
-0.004880539141595364
-0.00608010683208704
-0.0024529388174414635
-0.005748644471168518
-0.0017310886178165674
-0.018211886286735535
-0.0010066924151033163
-0.00419522263109684
-0.0001677133986959234
-8.49926145747304e-05
-0.006157356780022383
-9.738924563862383e-05
-0.014036858454346657
-0.0003231241717003286
-0.00013136000779923052
-0.00011801023356383666
-8.034383063204587e-05
-8.582700684200972e-05
-0.0005198557628318667
-0.007634391542524099
-0.0019020814215764403
-0.0004456242313608527
-0.00674246484413743
-2.269092559814453
-0.010797528550028801
-0.015376473776996136
-0.023497339338064194
-0.03476954996585846
-0.005927958060055971
-0.010603870265185833
-0.005301938857883215
-0.003373172599822283
-0.0023953812196850777
-0.00010346830822527409
-8.106198947643861e-06
-0.00041333239641971886
-3.135155202471651e-05
-0.004226086661219597
-0.0014663906767964363
-0.018076207488775253
-0.015339965000748634
-0.0017257335130125284
-0.00030250742565840483
-0.0009650102583691478
-0.0007594323833473027
-0.00023052419419400394
-0.00016008525562938303
-0.0034728473983705044
-0.003184487810358405
-0.0060325926169753075
-0.0033418068196624517
-0.002107900334522128
-0.0007924277451820672
-0.010581931099295616
-0.0009140365873463452
-0.0018449680646881461
-0.0002090712368953973
-0.00024863966973498464
-0.0003589939442463219
-0.007723587565124035
-0.0007089247228577733
-0.14063529670238495
-0.0006958208978176117
-0.0017547699389979243
-0.00033885458833537996
-0.0002540027489885688
-0.000285584683297202
-0.0039020839612931013
-0.001872930210083723
-0.0003781795676331967
-0.008683658204972744
-0.008290637284517288
-0.00031025364296510816
-0.00016056202002801
-5.519237674889155e-05
-0.0003047717036679387
-0.00021395778458099812
-0.0001408954558428377
-0.018900418654084206
-0.0006092122639529407
-0.004420984070748091
-0.0023394853342324495
-0.002575653837993741
-0.0038158714305609465
-0.005834690760821104
-5.745722592109814e-05
-0.000542493537068367
-2.7417760065873154e-05
-0.0020375936292111874
-0.013399193994700909
-0.06223693862557411
-0.06654809415340424
-0.0002456601650919765
-0.0029901815578341484
-0.0001578206429257989
-0.00024077377747744322
-0.007237880490720272
-0.00021228920377325267
-0.001001571537926793
-5.2569914259947836e-05
-0.0014650813536718488
-0.00887792557477951
-0.00014983485743869096
-0.020843278616666794
-0.00034338299883529544
-0.00018130090029444546
-0.00016878610767889768
-0.00010835537250386551
-3.325883881188929e-05
-0.02428370527923107
-0.004896554164588451
-0.008214379660785198
-0.0012244831304997206
-0.00857185572385788
-0.0015173362335190177
-0.04159745201468468
-0.0008237544680014253
-0.006997365038841963
-0.011655330657958984
-0.005646944046020508
-0.0015443552983924747
-0.00013720047718379647
-0.0066194310784339905
-0.006944330409169197
-0.0028048718813806772
-0.026741353794932365
-0.016981320455670357
-0.0002734287118073553
-0.0002004899288294837
-0.0005576247931458056
-7.748303323751315e-05
-0.0001174142598756589
-0.003352975007146597
-0.00011085849109804258
-0.0011843579122796655
-0.005568705964833498
-0.0028532531578093767
-0.015597847290337086
-0.0067339395172894
-0.00942873302847147
-0.002186052966862917
-0.0008236353169195354
-0.0010826685465872288
-0.002565666101872921
-0.003956111613661051
-0.00014482879487331957
-0.005868941079825163
-0.0051302220672369
-0.0015805383445695043
-0.0002791491860989481
-0.0004001055203843862
-0.003536876291036606
-0.000325388420606032
-6.627816765103489e-05
-0.013369082473218441
-0.015086830593645573
-3.433168603805825e-05
-0.0002203936892328784
-0.006557493936270475
-6.627816765103489e-05
-0.0004379982128739357
-4.31528314948082e-05
-6.05564855504781e-05
-0.0006322053959593177
-4.23184028477408e-05
-7.426462980220094e-05
-0.0003519630990922451
-0.001005025114864111
-0.0059802173636853695
-0.0003415954706724733
-0.00045789722935296595
-0.03785020485520363
-0.004020584747195244
-0.03848807513713837
-0.002676597097888589
-0.04225281625986099
-0.005515595432370901
-0.1597747951745987
-0.11160196363925934
-0.00022015532886143774
-0.001148755894973874
-3.7431014789035544e-05
-0.0002420847595203668
-0.00010144196130568162
-1.5020257706055418e-05
-0.011643076315522194
-0.005581982899457216
-0.6599764823913574
-0.0010356307029724121
-0.0005407063290476799
-0.002633082214742899
-0.02054411917924881
-0.00024351492174901068
-0.006290753837674856
-0.00036125810584053397
-9.941560711013153e-05
-0.0004606377915479243
-0.03076518513262272
-0.00246649538166821
-0.017473330721259117
-0.04220939055085182
-0.03182649984955788
-0.056648094207048416
-0.0046243867836892605
-0.0008647278300486505
-0.05663367733359337
-0.0003296785580459982
-0.006747556384652853
-0.0080742621794343
-0.0003962923656217754
-0.003579995594918728
-0.0023443615064024925
-0.0005788319394923747
-0.018240800127387047
-0.0034097647294402122
-0.010486265644431114
-0.01705925539135933
-0.00540758715942502
-0.001527215470559895
-0.003391468897461891
-0.0003200257197022438
-0.0015831567579880357
-0.0002571013756096363
-0.00021038226259406656
-0.006222872994840145
-0.0007114263135008514
-0.007783323060721159
-0.024114519357681274
-0.001719545223750174
-0.0017488199518993497
-0.01452174223959446
-0.00021944021864328533
-0.00024053541710600257
-0.00024375328212045133
-0.009993755258619785
-0.0007508557755500078
-0.0048218159936368465
-0.0005179494037292898
-0.00752389058470726
-0.00045098623377270997
-0.0008769956766627729
-0.0023353227879852057
-0.0005781171494163573
-0.0006621075444854796
-0.06484530121088028
-0.00041797960875555873
-0.00011836781777674332
-0.00012742661056108773
-7.521823135903105e-05
-0.0919792652130127
-0.004756801761686802
-9.333651541965082e-05
-0.00029881304362788796
-0.1511508673429489
-0.00030858523678034544
-0.00027533553657121956
-0.0001062098381225951
-0.00010251473577227443
-0.00018845213344320655
-0.10877732187509537
-1.6689160474925302e-05
-0.0001282609737245366
-6.317892984952778e-05
-0.003896028036251664
