-0.05248047150841254
-0.10763253521041147
-0.37692650550577256
-0.09351591113954782
-0.6472817886232709
-0.9713966192677617
-0.017984651029109955
-1.5013559547563393
-0.4886752930106013
-0.023417228939554963
-0.10610524625517428
-0.47248853438456234
-0.8927711825817823
-0.05248045593543793
-0.1348309590747314
-0.36999236728297547
-0.38182736025604147
-0.7777670520328683
-1.8017098679207266
-0.44670955766923726
-0.4045615898387041
-0.3859986793779006
-0.40698081731732766
-0.7267647117376328
-0.05248047147930871
-0.14883217428411757
-0.36729833329029915
-0.034696449215213455
-0.26121174933029
-0.9826364852488041
-0.04945864258999271
-0.025127006995414074
-0.1836347515799571
-0.7231770288864416
-0.5407789378493492
-0.39184429915621877
-0.39670264709275216
-0.05248044712182794
-0.13483105952452337
-0.36999230285541024
-0.08833228755102027
-0.2878534155768446
-0.19109906740413862
-0.4132618694481942
-0.4098023554709341
-0.27871624653602745
-0.028238174971193075
-0.46372119735139583
-0.4831229617120698
-0.37867744029270917
-0.20930570232641393
-0.40022967172822416
-0.04875549970893189
-0.18225731002166867
-1.1680090124573326
-0.2939377110839511
-0.2582426422408649
-1.6983307533276577
-0.440306602671626
-0.05248041536227296
-0.18813513501663692
-0.34375123982317746
-0.19623909068468492
-0.22514626995932
-2.3580300994217396
-0.24479458075256844
-1.1686259090900422
-0.7956005580723285
-0.05248043096192608
-0.14883211594341056
-0.3672984322682688
-0.29278709429005784
-0.5064935040136334
-0.36349143413826823
-0.44962126578736517
-0.3641320820432156
-0.2925210605547666
-0.1673771450354252
-0.7853294177330099
-0.08240596584177443
-0.06828856321347605
-0.21600164375766845
-0.4795150852545963
-0.37581861682883755
-1.0089857867698062
-0.4471118378814642
-0.5163901609601453
-0.7259956114507986
-0.2402736549930913
-0.48638790054246783
-0.1619681225080664
-0.29361856340741116
-0.05248041536227296
-0.14883214122216618
-0.3672984056590524
-0.007144042271344612
-1.4979020161554217
-0.4382941923220642
-0.5167190195170867
-0.3725697515048803
-0.7481835961890673
-1.2521726784761995
-0.05248047150841254
-0.13483115977474622
-0.36999238908590215
-0.23138424751232378
-0.2645548799859912
-0.31443229399155825
-0.4428438617679704
-0.4098851659242064
-0.15985958690622024
-0.32444056863314474
-0.05414464892819524
-0.45188098085262546
-0.7829056452959776
-0.2352889042813331
-0.3284302280064569
-0.5957504850346595
-0.0524804669318352
-0.1348310257308185
-0.3699922932844077
-0.16409526366947425
-0.1100696832733005
-0.37938923127949237
-0.14041656209883513
-0.15219500957755372
-0.18550090603821445
-0.10044328154375155
-0.05248044712182794
-0.13483105952452337
-0.36999230285541024
-0.25770612979249563
-0.16676668917248857
-0.3487252098592845
-0.32705511163233797
-0.46291225487675547
-0.38278234091227537
-0.014130012306850404
-0.7675390758686262
-0.03980362792026426
-0.05248047150841254
-0.13483115977474622
-0.36999238908590215
-0.04153294407296926
-0.0697099956634338
-0.5862607986737902
-0.18981591702322476
-1.6094708442687988
-0.5228586794276323
-0.02355460681913731
-0.9123642274432562
-0.17755249488566602
-0.061576273292303085
-0.0524804669318352
-0.1348310257308185
-0.3699922932844077
-0.07350319476487736
-1.2447732397235995
-0.1551453908905387
-0.2857392442806269
-0.4522285499794331
-0.16938379723578692
-0.5548312975507643
-0.26006562989205123
-0.05248043096192608
-0.13483110941680415
-0.3699923358674693
-0.26621102352510206
-0.23514315975371575
-0.15587546244517267
-0.4420931512460811
-0.0983850035279627
-0.2780044006412936
-0.3444013620726764
-0.05248045593543793
-0.1348309590747314
-0.36999236728297547
-0.01161999988835305
-0.2806990657781545
-0.13726516721570597
-0.21847741293386208
-0.06475084996054647
-0.21204533660784364
-0.3108977567288093
-0.8667673421635603
-0.08454711021234591
-0.0017054375891234486
-0.10771244826416175
-2.1471154987812042
-0.05248043096192608
-0.13483110941680415
-0.3699923358674693
-0.5062033193389652
-0.12361878762917164
-0.46430287239814383
-0.43846524110579466
-0.9769987173740446
-0.05248044712182794
-0.13483105952452337
-0.36999230285541024
-1.4264810631672542
-0.37176225214664427
-0.5434011066417125
-0.3511656899853343
-0.05248043096192608
-0.13483110941680415
-0.3699923358674693
-0.8090731441802548
-0.12427103910886217
-0.3971356529134115
-1.0294503893570177
-0.5835303326603025
-0.6323120409129735
-1.0612764718389371
-0.931260253302753
-0.05248040168347264
-0.13483120913484267
-0.36999238163532155
-0.04332723553913335
-0.15287383598375268
-0.7759952704821315
-0.498375243456879
-0.15558101206746264
-0.7118742746843054
-0.2615715998535961
-0.3368679295293987
-0.3952885942533612
-0.05248041536227296
-0.13483107688703708
-0.3699923773612162
-0.16452551989244635
-0.27755763712856507
-0.47250245573620003
-0.1291368858912488
-0.6291067696810286
-0.4074862784065772
-0.24276209812960586
-0.37613252779164424
-0.6030521254676083
-0.41503077434996766
-0.05248047150841254
-0.10763253521041147
-0.37692650550577256
-0.1347043325586128
-0.3838954186066985
-0.2518518946599215
-2.5880390563979745
-0.05496235963316091
-0.08669469614687841
-1.2160769701004028
-0.4113212198551212
-0.04405317774580908
-0.012861964942809815
-0.822246300884419
-0.0524804669318352
-0.1348310257308185
-0.3699922932844077
-0.04332758206874132
-0.36858299626585317
-0.42061796257644346
-0.1730888112120178
-0.37032422292977574
-0.7198946741251088
-0.3663069881856375
-0.20951375237310652
-0.7133183644618839
-0.13010257852996196
-0.013931896680636177
-0.03883856162428856
-0.05248047150841254
-0.10763253521041147
-0.37692650550577256
-0.03242375823901966
-0.47057395904509275
-0.30808329065811174
-0.6206245150387986
-0.4250351619994035
-0.01657497835549293
-0.21422367572085932
-0.5548556736018957
-0.05248041536227296
-0.13483099226972886
-0.36999238268305945
-0.041533053445164114
-0.0715429182164371
-1.3356730314347562
-0.0830924901762046
-2.4501773876448474
-0.38735620433660434
-1.0637631862932309
-0.3267427886929952
-0.05248040168347264
-0.13483120913484267
-0.36999238163532155
-0.7002839329403027
-0.91443330347538
-0.2527121303137392
-0.6993389252245172
-0.8547631727042244
-0.6769970419956648
-1.6683411598205566
-0.3055471805855632
-0.15255384147167206
-0.01665257235678534
-0.7959153146172563
-0.2258798544979072
-0.26743768728161027
-0.41980004516988306
-0.32619791314937174
-3.0304171678144485
-0.6802423856811531
-0.006689025554805994
-0.05638823077242705
-0.5288394717832229
-0.38608864486117717
-0.1927627909161939
-0.43170020958996247
-0.6528427781886421
-0.351535309409463
-0.7015350132371002
-0.07157106717932038
-0.6345766995003942
-0.05248045593543793
-0.14883212399269855
-0.3672983886125231
-0.07820323808118701
-0.3059665697669102
-0.2869624166050926
-0.34474075223370165
-1.0289334236040304
-0.2879246494267136
-0.5233104486573471
-0.7844080457850525
-0.0524804669318352
-0.1348310257308185
-0.3699922932844077
-0.08873057763557882
-0.6477013239054941
-0.10739161522360519
-0.49697251087572014
-0.5672430098406039
-0.19465460107577118
-0.05248044712182794
-0.13483105952452337
-0.36999230285541024
-0.17171242082986282
-0.7826745562197175
-0.5222552660190558
-1.0045671302538652
-0.36874875773095744
-0.2939670822555567
-0.7265969492561583
-0.2712225860022419
-1.0446102083660662
-0.13721197142003802
-0.4121281172207091
-0.5697834773251088
-1.1035632507167368
-1.6401959577448328
-0.011229500950624546
-0.05818535322517467
-0.13259996628455287
-0.39601605022991343
-0.454793218627425
-0.7134330995656826
-0.7656205047571444
-0.11780599139059302
-0.008827591518638656
-0.8584681022621226
-0.3833357818010781
-0.04659171296093105
-0.08995502865097176
-0.08268623987013209
-0.41968088056559544
-0.31430304372447104
-0.3681897622728138
-0.014210703331627883
-0.714370133044819
-1.1368114694021643
-0.11306447429039206
-0.26739741303026676
-0.3988639967195923
-0.2024504922696256
-0.7993827181366774
-0.48538852549557177
-0.4162930797756417
-0.0524804669318352
-0.1348310257308185
-0.3699922932844077
-0.13996020052582026
-0.07761467865784652
-0.3646100261669037
-0.359822580485516
-1.0319586167913966
-0.07592067865577216
-0.14913188107311726
-0.17781698827942213
-0.8234802866354585
-0.4367639154482346
-0.05248040168347264
-0.13483120913484267
-0.36999238163532155
-0.1796860173199093
-0.34104484058424045
-0.5220139564343673
-0.5233518815288941
-0.15974636008156398
-0.37998997171719867
-0.015585307070674995
-0.023156358084330957
-0.4496978048235178
-0.5737430587410927
-0.20150147723971498
-0.5888855496421457
-0.011229540531833967
-0.0581853817263133
-0.37525860413110684
-0.39511581427151604
-0.24356347564025782
-0.14661906861389676
-0.5417028161813505
-0.377543144330654
-0.6591316450367231
-0.260058517962332
-0.6218892741948366
-0.0618905638423582
-0.47400608351348306
-0.28514952782664776
-0.15847993662787807
-0.8334048063102686
-0.5328182063737282
-3.3767869571844735
-0.05248043096192608
-0.13483110941680415
-0.3699923358674693
-0.9219923016304771
-1.218621663749218
-0.28089232542217357
-0.2531911284954291
-0.1685081406896643
-0.020190974755678326
-0.7841234082499375
-0.5500567133538425
-0.040912239062890876
-0.22878769196003026
-0.2655442648101598
-0.06878220367555817
-0.05248045593543793
-0.10763276232007359
-0.376926566174786
-0.008238700315511474
-0.6120593732305749
-0.4441772699356079
-0.017692014575004578
-0.01771642084349878
-1.2961131006562097
-0.05248041536227296
-0.13483107688703708
-0.3699923773612162
-0.21948978631082675
-0.45700746539566967
-0.4856073303119047
-0.23945574438244954
-0.4491824174532667
-0.33927808691720096
-0.4442011592433449
-0.18396018736064434
-0.30759571763753357
-0.1977145184143658
-0.5662163141001926
-0.22732468820177018
-0.20369615631749516
-0.7986887748120353
-0.5810148641467094
-0.45998021654252497
-0.47432846201783313
-0.22222622850619123
-0.5304448729647058
-0.36322616987745276
-0.2664063368458301
-0.2754358629851292
-0.3534836359322071
-0.5797619068928596
-0.06110652854583938
-0.5601506237871945
-0.15062448660000882
-0.30269056867369465
-0.2541030263322494
-1.3985892891262968
-0.4805146978738216
-0.08440060680732131
-0.018558810828835703
-0.5101778986198562
-0.4397361915531898
-1.2383680337278002
-1.8168156947940588
-0.4883164092960734
0.0
-0.2345970564172603
-0.890218292362988
-0.37176048880639045
-0.2618105264139428
-0.38724066236275523
-0.08150281477477013
-0.20955965016037226
-0.6636506654516173
-0.03253563031709442
-0.5340909018905222
-0.7007442621730401
-0.7670055473572575
-0.19286338259795835
-0.35677891690284014
-1.0936248738892442
-0.6988528780639172
-0.021311635590488247
-0.034268027087819064
-0.17020990851063592
-0.15976587046558657
-0.09402018183821136
-0.29768731966396444
-0.504957339745791
-0.12507515959441662
-0.5236545525416053
-1.6140597071498632
-0.8110531657390917
-0.2773109085284982
-0.10501732468805534
-0.21530657106389603
-0.6700344179252601
-1.0436212345957756
-0.18454223636945244
-0.06819993582515356
-0.6810933913935018
-0.4560569202294573
-0.033451617552782406
-0.17103396484162658
-0.04669888783246279
-0.10890279825649817
-0.1764807153182725
-0.38808247927954653
-0.6630892409011722
-0.27487735785490935
-0.08761879056692123
-0.5803826976389549
-0.3812012361595407
-0.11111300079418081
-0.06220447078036765
-0.7740671851833423
-0.056768023098508515
-0.7588183566307029
-1.0334178183693439
-1.0227446905337274
-0.13033441742882132
-0.24831097468268126
-0.19544219664974316
-0.08195481423293434
-0.7258993898932304
-0.9379082093724892
-1.412156105041504
-0.07884275494143367
-0.2848549576786657
-0.2827749393397459
-0.1288275133119896
-0.009030570790249234
-0.7036172751783548
-0.8375926862160364
-0.3562348155824111
-0.40093079645885155
-0.4742758445880519
-0.06809139531105757
-0.45817104302945416
-0.09801378846168518
-0.027926478539787542
-0.011738764743010202
-0.29440423190737
-0.3426630900871447
-1.54757583534552
-4.2042946219444275
-1.4989502062089741
-0.2383895596023649
-0.5619665120757418
-0.4318885156923595
-1.3828446264378726
-0.14668238162994385
-0.23592924494296313
-0.24709009245270863
-0.810632299631834
-0.25225112374339786
-0.010775318291659156
-0.2843629033304751
-0.5935486723989015
-1.4227850226064522
-0.0672507495386526
-1.1807746291160583
-0.06926072280233105
-0.08629800283233635
-0.004490932205226272
-0.0024878726762835868
-0.4356371477479115
-0.05671210732462997
-1.1898631964577362
-0.18818734388332814
-0.5231766879442148
-0.09801346063613892
-0.554216378928686
-0.09788304986432195
-0.28471809506461593
-0.9221228403704507
-0.46784144586708865
-0.4637673416718826
-0.45928686328781104
-0.004741547221783549
-0.561936468196412
-0.23459494285858595
-0.21630599246256882
-0.8634720233579477
-0.2460475042462349
-0.3052424441128479
-0.3962076175985636
-0.2120066680587255
-0.2760498876755264
-0.013147387003603702
-0.6492682649387622
-0.5466516588445908
-0.3754994051361626
-0.5361024607152033
-0.08034134656190872
-0.36814577957349165
-0.5024893342442738
-0.15486901393160224
-0.26812494695186617
-0.9107443202131739
-0.362214128448007
-0.655998975750453
-0.8763631849566221
-0.4972379218469238
-0.0773417018353939
-0.06260512210428715
-0.3543641717176136
-1.0109768602906741
-0.15054065223711616
-0.5294041012643397
-0.1118209136184305
-0.31216924385675654
-0.22864434178224585
-0.18481965499397898
-0.6444756892243666
-0.274856774834916
-0.7123492086927096
-0.4067830146329167
-0.1510168660798196
-0.565611014402855
-0.018578009339398703
-0.015084715812311819
-0.27008552365845795
-0.7636432949867513
-0.11566212982834259
-0.8647694068567944
-0.3268451793905115
-0.5312381973406965
-1.0233769587163504
-0.13689896988216788
-0.630214130916797
-0.24266377849165688
-0.7550661531700329
-0.01869916371651925
-0.33807696346048033
-0.27144846235335407
-0.279153726275581
-0.6965294576043056
-0.22605743755896887
-0.6372105060145259
-0.11561445379629731
-0.16805051282669106
-0.6235812280501705
-0.10562377008027397
-0.3961921216221526
-0.15107418598684794
-0.5274532311263361
-0.23319105012039168
-0.2505076719228075
-0.2776748839699264
-0.32770528689725326
-0.31047615614370444
-0.0626219978770347
-0.41782340460589956
-0.6979617162744814
-0.13725246923665205
-0.10432069834808136
-0.23368868338875473
-1.9703527867372723
-0.41339311680931135
-0.7897433110823234
-0.4394800651934929
-0.36861616373062134
-0.05632614940016841
-0.27851563163186743
-0.6344379705920195
-0.8490030197426677
-0.20705873162175217
-0.3385312448787902
-0.38474158092867583
-0.9843325465917587
-0.9692281843908859
-0.6525444956496358
-0.12745943574035273
-0.05038382570492104
-0.24733623668518184
-0.4307388130288858
-1.0680196191533469
-0.02757174182139958
-0.13623934887194386
-0.01049078484195181
-0.07037806395346706
-0.26963886045850816
-0.24056215258315206
-0.4557338247328656
-0.16419056675639646
-0.01466223766328767
-0.33461376618773403
-0.26260989702617127
-0.3328544329423393
-0.7053352037228006
-0.006926967219139139
-1.3938909593950182
-1.270875145861117
-0.40836594811844407
-0.33673427843556664
-0.23118406321321214
-0.3475073236040771
-3.559349074959755
-0.21791029389543623
-0.04015250282827765
-0.4960689617382741
-0.22551446189431268
-0.2635126691052897
-0.06822361585655017
-0.2807420467116489
-0.4923228762511696
-0.7786913495510817
-0.5297114746407412
-0.3052859777688152
-0.08728946947182219
-0.49370115405569476
-0.21969209108090795
-0.1363576378983756
-0.024010752594525304
-0.6624616484727345
-0.2426090779772494
-0.1775833080121499
-0.3934243007873495
-0.23664178512990475
-0.1584868343876266
-0.46729589478491107
-0.43568504297667565
-0.2224379997891573
-0.21394951427355408
-0.018041880956540506
-0.13816881754533633
-0.084404942062166
-0.3052274687332101
-0.2362299103974641
-0.20664600365363675
-0.16298203417928186
-0.07002100860563587
-0.32285842686277727
-0.09415075927972794
-0.37643250330750433
-0.0980132445693016
-0.5461937373288998
-0.35050199199467896
-0.13772606208277421
-0.09747106156889156
-0.4552659200699054
-0.34843566741801624
-0.6218235359992832
-0.5005669457598781
-0.6713251420296729
-0.9036050102758136
-0.4472587233176455
-0.5906117279082537
-0.22580362608035406
-0.390668211132288
-1.0092266926892788
-0.16388316669811806
-0.2918605505527618
-0.30406016004013103
-0.2711538746635514
-0.10229416258322696
-0.42386329671416173
-0.7168277273813146
-0.3114440745363633
-0.3286523699760437
-0.34303848445415497
-0.010637601347601352
-0.09250508248806
-0.02844645955483429
-0.49302706751041114
-0.43494010623544455
-0.3561000532208709
-0.1434916437025701
-1.5435042709112168
-0.34657924956603287
-0.6672497793545269
-0.16403375070852538
-0.47623201246218133
-0.2836783468744464
-0.7614020327338948
-0.42436437275803957
-0.24997707546766226
-0.067507377793975
-0.29373256880249493
-0.15261170437208973
-0.18509534716858153
-0.857739269558806
-0.17250498866831715
-0.06923293249838025
-0.34383311090503066
-0.39212693723796593
-1.2788164434247078
-0.04991301601209367
-0.3678578836495742
-0.13703542601433583
-0.0434004832059145
-0.7749001893680543
-1.0282136427704245
-0.44132909136856646
-0.6854606766719371
-0.27328824900566057
-0.1844030525147294
-0.21035873766382354
-0.37871518153891276
-0.03315132470258201
-0.039930804142689645
-0.007172374533547554
-0.23568516461327818
-0.6231469467346047
-0.24356424963334575
-0.05871167261696731
-0.2693854736571666
-0.051370333364632516
-0.273413804887027
-0.2609253984410316
-0.5616020783782005
-0.0876191183924675
-0.24752108653722513
-0.34040190281534294
-0.08949184050943586
-0.9986618757247925
-0.04908432113006711
-0.1479160856057812
-0.25597870247164634
-0.22247230439019663
-0.049445996094228964
-0.07554446471234162
-0.3349790785198113
-0.22397978480589562
-0.2531584802139453
-0.5858087262313347
-0.7753084230852048
-0.30206510768486905
-0.30555511181245537
-1.2870253997243708
-0.0773417018353939
-0.056222027125639014
-0.14635109948576427
-0.07367828736702602
-0.40824468553016363
-0.5133170610837018
-0.19554032552808237
-0.7636308208107948
-0.34458063431482416
-0.33270144850360917
-0.5817528236657381
-0.07344289109683953
-0.4034429815531309
-0.5741407483583316
-0.3791568432071862
-0.015034269056438157
-0.07693734782515094
-0.03413921362662222
-0.030282357567921282
-0.026988407540193292
-0.009923972992692143
-0.1730062171506385
-0.38801826051591587
-0.7229741775669166
-0.32113187769209617
-0.7649591056979261
-0.021311674085154664
-0.10365260764956474
-0.01818988798186183
-0.6746895562973805
-0.18180217762502643
-0.50666314503178
-0.1768557238392532
-0.07816449390520575
-0.09500215073617604
-0.30567155274496016
-0.0872705498089393
-0.44273038059473035
-0.1553379263329719
-0.6295588520547931
-0.08079823767766356
-0.16255795990582556
-0.7208730717732882
-0.31821220356505364
-0.862648707954213
-0.6715222274629363
-1.426100850920193
-0.5359118977212347
-0.4947407762520015
-0.8079018555082647
-0.013966253531786302
-0.2485284172289539
-1.3983851083321497
-0.260889197117649
-0.9532795462757349
-0.06082000819752956
-0.4188312670531949
-0.07840633392333984
-0.10587729141116142
-0.3368207733001327
-2.336623577546561
-0.9811838045716286
-0.10260495481391747
-0.16821621544659138
-0.008912065664348616
-0.265925521812945
-0.16568445542153704
-0.09583095721927748
-0.05059523019679965
-0.16582452252684257
-0.4305871880957663
-0.10388565016910434
-0.2621421564069281
-0.27415023978442304
-1.492706298828125
-0.5412869832827709
-0.15519373835995792
-0.5543136987502554
-0.2010952869260853
-1.1194749599865947
-0.28599960659630597
-0.34905615850834043
-0.8607185431332751
-1.279911528651913
-0.017232226600754075
-0.0035212769034842495
-0.4144346710028393
-3.0157002210617065
-0.42842521214419427
-0.6175225770809144
-1.315349135082215
-0.29121149401180446
-0.5087951727160543
-0.10543262545898971
-0.26321795443072915
-0.08026651215914171
-0.6174590565965951
-0.03980199620127678
-0.04955616965889931
-0.5417016875257509
-0.4945963365098578
-0.019755407488749672
-0.5141707615402993
-0.17563177873307723
-0.6561893687530755
-0.7948842171047416
-0.9208020364865661
-0.4735921099174824
-0.03292592475190759
-0.6318309120943013
-1.8678890961455181
-0.32071723928675056
-0.1632495243102312
-0.05248045593543793
-0.14883212399269855
-0.15392244806174527
-0.07820342108607292
-0.31939142796512565
-0.39148726177934023
-0.2703141927114403
-0.5608771241587137
-0.2580730199789168
-0.10326143456236772
-0.743276409804821
-0.3193137800783581
-0.15801001897610453
-1.1776226970056693
-0.05248040168347264
-0.13483120913484267
-0.1502958248178898
-0.09515459810629384
-0.01439484962055657
-0.36974297228152864
-0.24921456639367534
-0.6808290839195251
-1.684986812993884
-0.011229384069641432
-0.05818530958761888
-0.13260003239182488
-0.1603637583903037
-0.5114626246970146
-0.2681582641186348
-0.5607147203627392
-0.27928178857969627
-0.02658895246956187
-0.05221168053103611
-0.47774137184023857
-0.3177013243548572
-0.22868466861546038
-0.8066610733512789
-0.05248040168347264
-0.13483120913484267
-0.1502958248178898
-0.04977595196881642
-0.2713374959842084
-0.7814942469651048
-3.3590797185897827
-0.26738082617521286
-0.11902084356794755
-0.5253158704092331
-0.2050416834341983
-0.28602773579768836
-0.5144268037854798
-1.5509328747793916
-0.05248047150841254
-0.13483115977474622
-0.15029579838632012
-0.19221070748365796
-0.4230251982808113
-1.7538030371069908
-0.4045938297893609
-0.20592052863665028
-0.19537301935876408
-0.011229384069641432
-0.05818530958761888
-0.13260003239182488
-0.1603637583903037
-0.6460850815835458
-0.13050968725838175
-0.5875479866039026
-0.014511703722140131
-0.2844803757810344
-0.7864932074626267
-0.0524804669318352
-0.1348310257308185
-0.1502957599269311
-0.140854107021975
-0.2822772496771601
-0.22985519714919583
-0.7090528146816522
-0.3488307882070638
-0.13093255552958
-0.3379968408960849
-0.2850681699679366
-0.3402920568607644
-0.8981632240320323
-0.3405025162671033
-0.4314676985195547
-0.342656083094577
-0.12804929508517185
-0.459702929854393
-0.05248040168347264
-0.13483120913484267
-0.1502958248178898
-0.4146583765963442
-0.40836322624236343
-0.18638778471933237
-0.11595406960259425
-0.31127214966744016
-0.019697727325061958
-0.35881293817822424
-0.5688659168469409
-0.9038212968605674
-0.07948131426237523
-0.2717546783387661
-0.19648266894121966
-0.24765700257072845
-0.3374558637442533
-0.3471390050253831
-0.4148957524448633
-0.0913331478368491
-0.8218902418051254
-0.05248041536227296
-0.10763261038144785
-0.1506514252978377
-0.14811244021014622
-0.6113530240952969
-0.45767397806048393
-0.16859334711140642
-0.14819985835412
-0.6415454583296266
-0.36162525681694596
-0.42421401623063765
-0.05248041536227296
-0.13483107688703708
-0.15029583910522473
-0.04153293943575894
-0.16468519461987954
-0.07639985850897467
-0.7833548898601698
-0.17338377413664904
-0.3868120189016575
-0.0784012238921908
-0.05248047150841254
-0.13483115977474622
-0.15029579838632012
-0.07350340268264215
-0.4902582980745744
-0.2371468155955275
-0.5891432942201694
-0.7350526089314371
-0.6122381836175919
-1.3430971153080464
-0.5857825999814344
-1.3390270057651732
-1.23671410465613
-0.5174279611674137
-0.35308955516666174
-0.6480955870023796
-0.3689885673811659
-0.05248045593543793
-0.14883212399269855
-0.15392244806174527
-0.07820342108607292
-0.5583835847791389
-0.5857429516499079
-0.23602112236731046
-0.6662722782975135
-0.5292027791230274
-0.6700698211789131
-0.7138894610520031
-0.5724732796619979
-0.8250405087767702
-0.05248040168347264
-0.13483120913484267
-0.1502958248178898
-0.04332723072730005
-0.11957203146691124
-0.04836457998802265
-0.481803271046374
-1.2438797251157023
-1.0816500476346567
-1.2644679381667325
-0.3497963087311724
-0.3789654975553276
-0.10316358087584376
-0.7356256394257519
-0.229595981400714
-1.3494892520830035
-0.31664391784579493
-0.376828102213701
-0.10532811062366818
-0.6384751501027495
-0.05248043096192608
-0.10763260186649859
-0.1506514394528825
-0.035872044868786666
-0.9232425219845026
-0.3063452135771513
-0.02127356353836755
-0.03794390041002771
-0.4159080118794615
-0.1527859874508327
-0.8473708786768839
-0.7017132769364657
-0.05248047150841254
-0.13483115977474622
-0.15029579838632012
-0.28831044817343354
-3.8552889227867126
-0.7486473804145741
-0.6112469567903618
-0.405600352177111
-0.5622464064508677
-0.2400917766810215
-0.23226218831223377
-0.08861470160384972
-0.6306855217398455
-1.2237920865106087
-0.8714104995264539
-1.699526709659646
-0.0524804669318352
-0.1348310257308185
-0.1502957599269311
-0.0415328600211069
-0.2238769865625727
-0.4718063738485063
-0.2315580991132828
-0.17911781745497138
-0.42631455534137785
-0.05593580336634269
-0.05248047147930871
-0.13483099226972886
-0.1502958057099022
-0.07350324412497382
-0.3240950546768384
-0.2781257775442844
-0.8345141371425527
-0.5633550630623682
-0.2994036292657256
-0.1959708423925225
-0.20576309090392897
-0.42661455199205583
-0.05248040168347264
-0.13483120913484267
-0.1502958248178898
-0.08844010890295197
-0.7914721743915888
-0.44196222011634656
-0.9399652658744757
-0.5417961350467522
-0.0524804669318352
-0.1348310257308185
-0.1502957599269311
-0.043327503061542906
-0.9025647088885307
-0.15563670450109596
-0.3929972969261663
-0.27144681298747086
-0.010193359878030606
-0.2466739200433949
-0.27061453079804776
-0.1515266973292455
-0.08748017598999366
-0.3436955026088981
-0.6726187192446863
-0.20560377013559142
-0.5342665252066218
-0.20580779388546944
-0.7235891691366718
-0.40621732994914056
-0.21674476385305752
-0.2690922850288189
-0.0673218038991763
-0.5180953569444162
-0.05248040168347264
-0.10763265288967107
-0.1506514591217803
-0.22164905692504058
-0.1919922875622433
-0.3552824217622401
-0.5662316521575121
-0.6028243003485321
-0.19456900532046953
-0.06484377406983792
-0.5462826607441197
-0.15822244568594865
-0.2884787769558338
-0.5842284140453557
-0.12897792968746777
-0.19509704715372728
-0.6608448337826233
-0.18247639267792692
-0.05248047150841254
-0.13483115977474622
-0.15029579838632012
-0.04153309791581705
-1.0871449683792889
-1.3430262484277289
-0.9580613583675586
-0.04315455970936455
-0.4830479063093662
-0.041853588158523455
-0.5612490055749991
-0.0920659139752388
-0.3890114792448003
-0.42453547815481824
-0.49994625750696287
-0.4527571256357161
-0.5173561323463218
-0.3826888938035284
-0.450736539585598
-0.7322139864166578
-0.29142660387676894
-0.8768216276334392
-0.05248045593543793
-0.10763276232007359
-0.15065140298313714
-0.09351583104580641
-0.2913529682652249
-0.34983130816267693
-0.33761826747407514
-0.4019334614276886
-0.3312680334590065
-0.2252483363263309
-0.2323753099432603
-0.27950855848030187
-0.011995754728559405
-0.0524804669318352
-0.1348310257308185
-0.1502957599269311
-0.0415328600211069
-0.1550864470821883
-0.21817990670145568
-0.030993725081013206
-0.01415110845118761
-0.7171411538583925
-0.13530192424793944
-0.09313509005274952
-0.07647683620477135
-0.0547587188401459
-2.409260371231034
-0.6208100387826562
-0.05248041536227296
-0.13483107688703708
-0.15029583910522473
-0.18216592908057855
-0.5816573332667758
-0.31043005590268874
-0.2767759223788744
-0.1762587339617312
-1.2374722858755074
-0.1179830465465784
-0.110795883461833
-0.5297672759625129
-0.3155532523524016
-0.05248041536227296
-0.10763261038144785
-0.1506514252978377
-0.08974926076397034
-0.5878196600824594
-0.21658929313222566
-0.6763181308517232
-0.05847818636599792
-0.17327017984061968
-0.07122082263231277
-0.7654139502778889
-0.30819650271951105
-0.20867451962549238
-0.40675218197117957
-0.053066074193338864
-0.9991483801451977
-0.015104349221473967
-0.05248047147930871
-0.10763265288967107
-0.1506514591217803
-0.07675551549410946
-0.3182923823955001
-0.4899969581609184
-0.10083506136046101
-1.0188396140502947
-0.1695080297599166
-0.5910051400135853
-0.0868626131656735
-0.05248044712182794
-0.13483105952452337
-0.15029577209762382
-0.5772319578598919
-0.024533159008569783
-0.6730901829765311
-0.8055837815465146
-0.6648394696476316
-0.3604735378874631
-0.24393432915878846
-0.11890639502089329
-5.268689036369324
-0.6152195767305481
-0.05248045593543793
-0.10763276232007359
-0.15065140298313714
-0.38356252397904333
-0.8526772218091148
-0.2891780234252413
-0.03246095031499863
-0.06042865966567964
-0.05248040168347264
-0.13483120913484267
-0.1502958248178898
-2.0856451926132045
-0.04130703073072558
-0.39464738868320215
-0.4279108472650738
-0.16106961285404395
-0.5324794148974534
-0.2932286705248631
-0.3604143173951242
-0.6101473560071705
-0.6956411600112915
-0.05248047147930871
-0.13483099226972886
-0.1502958057099022
-0.5519899939677226
-0.5291496482807108
-0.4761742055416107
-0.4163814453810725
-0.21471901776991822
-0.32270366380253107
-1.1636665908542152
-0.19224172658869065
-0.22587483705553627
-0.05248047150841254
-0.10763253521041147
-0.15065136619589545
-0.08683188093127683
-0.23812793038225555
-0.2761044697961717
-0.45959953530691566
-0.13873287179607854
-0.6416570135786768
-0.26128121530928183
-1.7046440167352557
-0.4481523694470525
-0.05248045593543793
-0.1348309590747314
-0.15029572750526396
-0.34051355217317386
-0.08739839375092466
-0.10715629508922575
-0.6455482967430726
-0.34523388514159403
-0.5251011746004224
-4.804392670591672
-0.3473736643633553
-0.7719999253749847
-0.9398344072433247
-0.9090070897447211
-0.36962538458692507
-0.6101474594324827
-1.2680843725800515
-0.05248041536227296
-0.13483107688703708
-0.15029583910522473
-0.08618623494736052
-0.05432404533905141
-0.4120129428287328
-0.17288442596327513
-0.053835507943100915
-0.8462817547357796
-0.8553299486072949
-0.3954521682566198
-0.5808481678164257
-0.32643090454911106
-0.021938690954508882
-0.1528278455759088
-0.05248045593543793
-0.1348309590747314
-0.15029572750526396
-0.008586124508708184
-0.17603764768864494
-0.5184165777317136
-0.49792539116181916
-0.01914132758975029
-0.23649974519078873
-0.14457832021178227
-0.3363038402582918
-0.3120577431917708
-0.1318675039931097
-0.4350697015044716
-0.30004417174495757
-0.31447082460882875
-1.2930511067582604
-0.3874720186344348
-0.015519166219746694
-0.15691438097641558
-0.3469942163349818
-0.6508300207545593
-0.3362962133869587
-0.4887175445910543
-0.010412935710822543
-0.23369468948415792
-0.41237178117973433
-0.2606059191117917
-0.023980740011514474
-0.6942862680807593
-0.010096382349729538
-0.009921243608308336
-0.006665804982185363
-0.06236391685088165
-0.1810783545486629
-0.2798897238681093
-1.0410909581308563
-0.16939386635963077
-0.02571800915757194
-0.8146749113671831
-0.43364548782372603
-0.2972850070031806
-0.3260791778351025
-0.7604691468489667
-0.40380703657865524
-0.536973249581125
-2.5008119344711304
-2.0437245960347354
-0.27176248092225497
-0.21744938706979156
-0.01592242647408663
-0.07817256404086947
-0.31670488820104353
-0.050678603797981246
-0.7517246713250643
-0.03481903971017649
-0.7197864246176323
-0.2604678840583017
-0.21164384008213682
-0.04856511462717857
-0.5296786830627492
-0.3365978230649489
-0.3289134915990402
-0.854102121756858
-0.1941179767503248
-0.15045152308885007
-0.32278846479797113
-0.39613025772177934
-0.40904192407504614
-1.7525307287772496
-0.6241615819977596
-1.333040975970037
-0.26692182534477776
-0.2898903521418106
-0.2805502637871541
-0.11719548384816765
-0.8968908100255898
-0.15423652979502964
-0.051602976551900305
-0.020456425932934508
-0.28417252279016086
-0.14789359197796634
-0.04553876522307595
-0.23066828486237986
-0.0481029144673812
-0.8509654588337677
-0.19564801774270432
-0.7361331019654043
-2.582067519426346
-0.03481896698940545
-0.005972265907783165
-0.6878205472913881
-0.6337066676683857
-0.2733600390016694
-0.35866721000223023
-0.2529291408282006
-0.6537092179059982
-0.2649631074286605
-0.23867972381584182
-0.09116391563374135
-1.6398426294326782
-3.4227802753448486
-0.4443596089928178
-0.3316660433147962
-0.6508832613068919
-0.05885400237942425
-0.029085917863994837
-0.19791632995475084
-2.6000304291290894
-0.11065921187400818
-0.405546237843939
-0.08487723348662257
-2.4257124150171876
-1.6729494815226644
-0.29950422173715197
-1.6572876691352576
-0.3084172645176295
-0.17913097200322559
-0.2505046348281515
-0.08048856790992431
-0.42734243335305816
-0.6141543094418012
-0.24838388825966312
-0.29272891205942464
-0.4496447472241319
-0.9028273864338795
-0.1851357583488737
-0.17642955916623274
-0.6045824810862541
-0.23182035207128138
-1.063457035459578
-0.1871055114635965
-0.47181670813915844
-0.18235025803248087
-0.3710942400781884
-0.24360207276477014
-0.188723611216868
-1.4388561087793537
-0.5779578946530819
-0.014551514689810575
-1.2229787139222026
-0.1589300274848938
-0.24567641614143773
-0.258889437709513
-0.6027031196704642
-0.9492369100251901
-0.3372892932165996
-0.22098010417539626
-0.5325331799685955
-0.4022439965899269
-0.2905216682702303
-0.2511104296572739
-0.16908124696323953
-0.17721859092707745
-0.547766378155211
-0.7490225085930433
-0.030152199712271493
-0.13742563202977182
-0.21560774295600518
-0.8685902381936709
-0.22829323992217807
-1.5035251691251208
-0.2867310539295431
-0.16821622848510742
-0.2787429374981333
-0.4138603649173294
-0.5231536652709385
-0.29264684411145936
-0.8141525872051716
-0.6067152380604636
-0.2213463382261883
-0.31411049550991843
-0.23881670340294173
-0.2474441695958376
-0.7782202533313206
-0.3407832485061269
-0.3732463668786093
-1.4411693133879453
-0.19458395889960228
-0.18373530782264424
-4.067912578582764
-1.1735432281469305
-0.42151773221525624
-0.2381723451447518
-0.4575699225412488
-2.08465163721703
-0.1871163696050644
-0.6726750822272152
-0.32573715193679426
-0.5436051147657314
-0.021311635590488247
-1.70035145804286
-0.29822258619522773
-0.255785285006693
-0.22933317269364903
-0.336754715900707
-0.8620893937069922
-1.2818405628204346
-0.6742748581084677
-0.21775909710777341
-0.3263052966107022
-0.26587509526871145
-0.12253104364000526
-0.7138054429346489
-0.4222719002282247
-0.39595826157050107
-0.025125943272238754
-0.40201087767673016
-0.4873353766161017
-0.620044658941749
-0.5402275988211235
-0.4796053473110078
-0.1072243268135935
-0.38145378517866546
-1.6877632356481627
-0.22215619392227381
-0.2982980553102347
-0.14233948179753497
-0.05801135697693098
-0.30482587945965967
-0.7401880133483145
-0.1180425763985113
-0.5938353946432471
-0.35648022418276276
-0.2257066818031793
-0.5051447302103043
-1.472537818364799
-0.1224310053754986
-0.2661903783446178
-0.04384193906056074
-0.17167953519562545
-0.12120902886222625
-0.3941606553271413
-0.47408220171928406
-0.23309982016216962
-0.3988137482998094
-0.017560714506544173
-0.4212153671512075
-0.13282078014526633
-0.44046880481844963
-0.009227116165372232
-0.6302812810366353
-0.12530442743029976
-0.09227667590603232
-0.3132203792532285
-0.3523641752082248
-2.149644030374475
-0.0388641220779391
-0.03311437424417818
-0.16366053924430163
-1.6037306408397853
-0.3750314456674938
-0.1219859397788241
-0.3614253429113887
-0.4666295509894936
-0.47934683541289386
-0.3904327531742059
-0.31786562415904235
-0.8534750674036331
-1.079406829837423
-0.2818322206148878
-0.30854070984706694
-0.05420403401755417
-0.20009710137350745
-2.066717485586802
-0.3432844790319602
-0.0027048789270338602
-0.02526903110992862
-0.7531724436474698
-0.45136553049087524
-0.32315512001514435
-0.08741517411544919
-1.9934279918670654
-0.17510452346565822
-0.06573675386607647
-0.21915622357176434
-0.17990007878027178
-0.12589490367099643
-0.03419382423938563
-0.7718793667501394
-1.268438270588656
-0.03951902150098855
-0.41683852951973677
-0.3046716597552101
-0.4362911581993103
-0.9071738570928574
-0.8737842871127405
-0.8571468202363965
-0.019003149878699332
-0.3762250078842044
-0.023222665119101295
-0.9868051599129103
-0.39848734279965153
-0.60512600466609
-0.5390962966005591
-1.2152369836241834
-0.1762156791450894
-0.03940195605779687
-0.6147148462736772
-0.06489365187863928
-0.5965307517908514
-0.5454593007486367
-0.09009528072783723
-0.8624123662399749
-0.27297757387471694
-0.635011613368988
-0.6527946603794893
-0.3037439913799365
-0.9800116517581046
-0.07400660651425521
-0.38717083673303326
-0.1996174259344116
-0.22855250835224675
-0.312111085280776
-0.8015374143918356
-0.045968957856530324
-1.4329350268933922
-0.274500686234595
-0.2772354254072222
-0.3597184093669057
-0.6928817831600705
-0.43665089112861705
-0.3931768975371082
-0.3260087297016677
-0.025959460452819865
-0.5507984587117486
-2.1754708080698038
-3.325428503099829
-0.43032433761150707
-1.9361915212939493
-0.7487991367233917
-0.31083779255501354
-0.5643963395313432
-0.19603330768378718
-0.01842694787774235
-0.015018875837664713
-0.44487003850776496
-0.5227691680775024
-0.2525287904621412
-0.37998470733873546
-2.9944069012999535
-0.1463792808353901
-0.4329048471990973
-0.6720602425344363
-0.0490010223417942
-0.2346729708563847
-0.035920080334108206
-0.24474103897809982
-0.30826795856832645
-0.3905714767918523
-0.10789952352643013
-0.2758827556128381
-0.931041941861622
-0.491589078734008
-0.8468986153020523
-0.8208224859886936
-0.013102587457979098
-0.09541858557895466
-0.20951419549641692
-0.0973100238812289
-0.38404465632894164
-0.6591354065707752
-0.3186374871409498
-2.590439796447754
-0.5402013036393327
-0.388909456320107
-0.8353524442451695
-0.09796552546322346
-0.6895310778700514
-0.401998445764184
-0.9768626427297326
-0.022407476829054456
-0.17739702101839197
-0.21589919393667706
-0.16786431923901546
-0.6116658275946975
-0.4729095751295972
-0.6025232981191948
-0.2971844680578215
-0.0318039096503829
-0.47420336603439256
-0.061935843126515726
-0.39662051149311345
-0.024703297320229467
-2.4089176654815674
-0.6453495196765289
-0.28537602054088246
-0.40778598929422777
-2.7062973380088806
-0.22955346290837042
-1.1177169879277546
-0.3323167865938475
-0.37642586149740964
-0.4949850305565633
-0.32890558501239864
-0.015975424166147906
-0.0458219592255773
-0.45098174154554727
-1.0510807593382197
-0.10447818925604224
-0.31903976960373776
-0.45551870864195126
-0.6905065767467022
-0.27027011167559645
-0.4213110337046341
-0.15794438123703003
-0.01638072048081085
-0.005453003912407439
-0.08650854579173028
-0.007998201192094712
-0.15489838201513825
-0.36821611784398556
-0.2407477950532666
-1.0040383245795965
-3.907184721902013
-0.4885152622591704
-0.14562220656080171
-0.2791054338449612
-0.4532283123893042
-2.0997692743937173
-0.19898865213387276
-0.1686621707631275
-0.017341284071638558
-0.010450381983537227
-0.18137070405464328
-0.6684745554812253
-1.0624890146510941
-1.1727415584027767
-0.10904739036268438
-0.015447880752617493
-0.19001105053890074
-0.06108163170782583
-0.534264358558825
-0.9213463798165321
-0.3545162738504587
-0.1546826524863718
-0.3335046508373125
-1.7239537239074707
-0.29040796821936965
-2.882910668849945
-0.6113031494359558
-0.2951795811454455
-0.016023116001936916
-0.66106818895787
-0.5101047181058675
-0.24973423847669354
-0.1622700030488583
-0.1995140956903924
-0.5081454408864374
-0.2569200243812399
-0.13739733312589428
-0.15793241301227162
-0.4966024197996236
-0.45672659385470776
-0.02419107244350016
-1.3272734525817214
-1.954107766970992
-0.023826679154808517
-0.36474605401357013
-0.52569962891617
-1.022744730245904
-0.14064431563019753
-1.104503259062767
-0.33569697866385634
-0.03052474122766095
-0.44027322653528245
-0.06442518310313972
-1.2349202982150018
-0.33046245096422927
-0.2776671071652135
-0.27766124676499104
-0.23640376673241312
-0.2750463058186784
-0.13215280448397002
-0.6287254418057273
-0.5954990279193119
-0.30813830215483906
-0.009782957548547225
-0.6161547057442173
-0.8150342986142883
-1.0220299971600373
-0.4979282267158851
-0.4700245861274501
-0.38551838451530784
-0.45715812620307716
-1.0303958107806033
-0.25484618862780434
-0.9413432069122791
-0.05248047150841254
-0.14883215798597252
-0.15392237495292316
-0.0333613771007448
-0.7551032694162397
-0.746988109911659
-0.8851315248702165
-1.0009993367690455
-0.15088322646915914
-0.2844590056363655
-0.48820582694107933
-0.4763598388720614
-0.961475471034646
-0.269778597750701
-0.29937875267517355
-0.272923862648895
-0.27327030897140503
-0.14030437148176134
-0.28255580652039497
-0.05248043096192608
-0.13483110941680415
-0.15029585400638593
-0.04153293437169244
-0.1345859974654476
-0.0464481826624251
-0.39972008948097937
-0.05248041536227296
-0.13483107688703708
-0.15029583910522473
-0.44642488479924697
-0.19937187572168114
-0.5700547125074551
-0.03226763382554054
-0.6366655523044755
-0.49885042392027873
-0.09110822550762047
-0.24298096305910805
-0.44129257238819264
-0.0524804669318352
-0.1348310257308185
-0.1502957599269311
-0.5636042645756706
-0.30991247747754513
-0.6202986271192248
-0.5384432809350983
-0.6094338122520161
-2.2216131687164307
-0.6954819155236085
-0.8170386958168819
-0.48259478935506195
-3.9384171962738037
-0.13337265024892986
-0.012489700903339932
-0.05248045593543793
-0.1348309590747314
-0.15029572750526396
-0.8365607741579879
-1.5005783579365308
-0.6385217738930805
-0.43843821747141193
-0.3111315803071193
-1.3380424653328697
-2.9827017537265252
-0.4411359283571633
-0.9172767885829671
-0.41292100187391045
-0.0524804669318352
-0.1348310257308185
-0.1502957599269311
-0.2106253310505833
-0.07989616518736714
-0.9534560662381409
-0.678710599988699
-0.734903037528576
-0.21784797268628608
-0.697381463398536
-2.699314611032605
-0.180099762044847
-0.3317770582313339
-2.006661637287055
-0.6203385013854131
-0.0524804669318352
-0.1348310257308185
-0.1502957599269311
-0.0415328600211069
-0.44334961377615223
-0.4561615392565727
-0.6653520056667427
-0.405046404573612
-2.924400379881263
-0.03959358366633891
-1.088806818196501
-0.15017903314916717
-0.6891395470011048
-0.04087855372297501
-0.5083091010085561
-0.60080347340554
-0.16296121686309561
-0.754600624597515
-0.05248047150841254
-0.13483115977474622
-0.15029579838632012
-0.08861799487091887
-0.9214648151682923
-0.44899420471241075
-0.48851772792738263
-0.10836977771915761
-0.06353525860079874
-2.1348644454653063
-0.19803952014626702
-0.4118808261315708
-0.6636001936470469
-0.5040626658204322
-0.11764488121616523
-0.01122961938381195
-0.058185270714602666
-0.1326000499622231
-0.1603638263239356
-0.5025850517995423
-0.1860945568835384
-0.5726459053241544
-0.6111789054568642
-0.5619011351251174
-1.7329452029532857
-0.7239720287699518
-0.1206100028512689
-0.8930208199572834
-0.40789824227492016
-0.5591524324845523
-0.22006261576380995
-0.21162476767858607
-0.05248041536227296
-0.13483107688703708
-0.15029583910522473
-0.1539641849230975
-0.14075026563601567
-0.15427973895566538
-0.6050974864047021
-0.021393569038082205
-1.6234758585691451
-0.5644898824726364
-0.1961126128832499
-0.5505531376693398
-0.37093138915952295
-0.015316082106437534
-1.2134420156478882
-0.03809660316134492
-0.05248045593543793
-0.1348309590747314
-0.15029572750526396
-1.0876287798612163
-1.8129273408752244
-0.2806333964690566
-0.763573944568634
-0.6021974241399827
-0.34470242802142265
-0.010120858438313007
-0.012813684696880046
-0.43976377616636453
-0.6622478505596519
-1.4675690811127424
-0.36035780905513093
-0.0394608728714626
-0.03611575404647738
-0.05248040168347264
-0.13483120913484267
-0.1502958248178898
-0.04153294407296926
-4.6275874376297
-0.3963760504844044
-0.5418030912599837
-0.14461320653693596
-0.3891460507487257
-0.07972632721066475
-0.2712861629552208
-1.278487267321907
-0.7497377478178929
-0.16160685480645043
-0.35287950228137727
-0.09801213889538
-0.0524804669318352
-0.1348310257308185
-0.1502957599269311
-0.07350338793670137
-0.3194586028824536
-0.05571145057911053
-0.9399165268987417
-0.36964501575049424
-0.05248045593543793
-0.1348309590747314
-0.15029572750526396
-0.041533053445164114
-0.7690133240867292
-0.11599227606347995
-0.7351383122200094
-0.5682184391253464
-0.0413533778861165
-0.8947423036330812
-0.9279254014836624
-0.3994148793733782
-0.5883812862448394
-0.2982146827853285
-0.05248044712182794
-0.10763276970413115
-0.15065140154911205
-0.3611202158135711
-0.872159414314107
-1.4911121311597526
-0.17438477839055444
-0.3410648542103445
-0.5306628180498426
-0.17026905284728855
-1.305223645758815
-0.47948379794640156
-0.05248041536227296
-0.13483107688703708
-0.15029583910522473
-0.2836376703604141
-0.6861645669929343
-0.3245890149816713
-0.24867754216705049
-0.9695435616740724
-0.10927101959059655
-0.11952518121688627
-0.10907450478844112
-0.6325673886770217
-0.736022412776947
-0.0524804669318352
-0.1348310257308185
-0.1502957599269311
-0.0415328600211069
-0.2910527247907642
-0.5566134680578086
-0.22048340895627108
-0.42652386808767917
-0.48808314832276667
-0.4876864951918833
-0.15184025460092182
-0.15079916605027394
-0.491477086674422
-0.34135172625870575
-0.24336838287611803
-0.05248043096192608
-0.10763260186649859
-0.1506514394528825
-0.1059721828205511
-0.11841518548317254
-0.05121528671191878
-0.4846822936087847
-0.38115155914177495
-0.5562456185580231
-3.013963222503662
-0.31279687537409534
-0.7053135180613026
-0.32183286392440397
-0.18926725001074374
-0.05248040168347264
-0.14883218266602075
-0.15392241176133128
-0.28363760591795045
-0.45763222099129863
-1.6068744006333873
-0.5256499830305714
-2.3370315060019493
-0.05248047147930871
-0.13483099226972886
-0.1502958057099022
-0.6079446250466444
-0.1641599953485032
-0.8863720698282123
-0.5096209779730998
-0.3159690707487663
-0.2990014536306262
-0.14833707541798835
-0.8347811222774908
-0.3440576029475778
-0.05248043096192608
-0.13483110941680415
-0.15029585400638593
-0.18772409205557777
-0.05817054822627041
-0.37005656093472344
-0.6675610740462111
-0.8514860981376842
-0.1646221240516752
-0.00843053723947378
-0.42896804542812916
-0.3888727058734124
-0.5127107751292398
-0.4668212016877078
-0.37264870083890855
-0.5867192503314332
-0.5867372351349331
-0.0791720944706123
-0.43577401073416694
-0.27854159868533873
-0.6365238169629055
-0.4131331050616259
-0.2608304221648723
-0.37885493061548914
-0.5076519995927811
-0.05248045593543793
-0.1348309590747314
-0.15029572750526396
-0.041533053445164114
-0.38219790240483625
-0.40919059186126105
-0.21590256256361803
-0.6059336607577279
-0.12303931431531302
-0.4058690339443274
-0.44058418358840484
-0.3664314279061121
-0.09758747431139152
-0.31306964625972405
-0.24793014174792916
-0.3027995401131366
-1.3954438042613522
-0.3209669991119881
-0.05248047147930871
-0.13483099226972886
-0.1502958057099022
-0.08419396732940433
-3.5458558201789856
-0.7908404940972105
-0.35068242590554294
-0.3137105319998227
-0.3843242553230084
-0.7144088952873762
-2.9798760414123535
-0.16480086406642971
-0.33244422004790974
-0.5582111097872258
-0.08607621346600354
-2.214597925929411
-1.0055149890831672
-0.23263300546548432
-1.0865446395085503
-0.09742482846195344
-0.14435659628361464
-0.5420376013964414
-0.049548347434028986
-0.05248045593543793
-0.10763276232007359
-0.15065140298313714
-0.34349903893235023
-0.9069383472204209
-0.22925411244266963
-0.9734327644109726
-1.6203280687332153
-0.2173759915055528
-0.43072146505475856
-1.7679593723687503
-0.24760648767863
-0.43488943375026184
-0.3200117984088138
-0.47682675717470163
-0.8350889573630411
-0.5456664409624258
-0.05248045593543793
-0.1348309590747314
-0.15029572750526396
-0.041533053445164114
-0.611998587122394
-0.8196905745188071
-0.35364877766632064
-0.2945891193424662
-0.7179455372970551
-0.5356885650410101
-0.05248044712182794
-0.10763276970413115
-0.15065140154911205
-0.012649683359389504
-0.10092498437087569
-0.2003802506613803
-1.0030017986095376
-0.7010512736424889
-0.18849451340377396
-0.5085271559525738
-0.2739869170514534
-0.1307575264654588
-0.5040813411806563
-0.44112887111259624
-0.5932887106512984
-0.05248047147930871
-0.38406989318334833
-0.2042312464989002
-0.026603933118167333
-1.3376834887479032
-0.8472016158048064
-0.4849077763242854
-1.8457936064543843
-1.0213801855729385
-0.4748593612748664
-0.13533878568559884
-1.1754916931386106
-0.17045945565526685
-0.2556436353895281
-0.7114777974784374
-0.5296101178973913
-0.526483558001928
-0.05733912092234407
-0.4665071799730261
-0.5028135308995842
-1.1157798622311517
-0.3907363540492952
-0.13380268381442875
-0.18426391009415966
-0.05248043096192608
-0.14883211594341056
-0.15392236097779294
-0.024263641695142724
-0.1572174680501727
-1.7389004084148578
-1.732095867395401
-0.42258546655024737
-0.929249475964091
-0.3661663402934842
-0.34646483285177965
-1.4320657693494399
-0.732527389635586
-0.05248041536227296
-0.13483107688703708
-0.15029583910522473
-0.048307645818567835
-0.007067859231028706
-0.1664299985135111
-0.6033025958861497
-0.532935814297726
-1.193338017608039
-1.4793754264246672
-0.12814762722700834
-1.5643778555095196
-0.10774130827228552
-0.5543642959164572
-0.501126843985791
-0.715650814305991
-0.05248044712182794
-0.10763276970413115
-0.15065140154911205
-0.0731624960899353
-0.009636045782826841
-1.7783225311043982
-0.20516619118037246
-0.4102805727161467
-0.11613850428589753
-0.5224310159683228
-0.05248045593543793
-0.1348309590747314
-0.15029572750526396
-0.2998049200051403
-0.8193787595789347
-0.8065792432884337
-0.06947972722656022
-0.5517782474239357
-1.3968862667679787
-0.3210151887610361
-0.1363792362390086
-0.2608039719081717
-0.8933606144661704
-0.05248047150841254
-0.13483115977474622
-0.15029579838632012
-0.4702747871633619
-0.20882259264804556
-0.1484739278358492
-0.5034769262420014
-0.2666679767393766
-0.196876613567708
-0.5974300801753998
-0.21701899168328964
-1.3838694128595914
-1.6315123736858368
-0.05248040168347264
-0.13483120913484267
-0.1502958248178898
-0.558988560558646
-0.6186485260047696
-0.7841959565200589
-0.23338634384951243
-0.23417137593163975
-0.03891800343990326
-0.6477087251842022
-0.2144810424069874
-0.05248047147930871
-0.13483099226972886
-0.1502958057099022
-0.1665112213972448
-1.1294554842419788
-0.27581976487272186
-0.251882229372859
-1.4330644063052855
-0.33703814991749825
-0.9680643846680012
-0.24440883798524737
-0.38198366166195935
-2.8095308961346745
-0.1517516056446766
-0.05248041536227296
-0.14883214122216618
-0.15392245952336286
-0.2409094535479588
-0.3307352441895221
-0.3144166464820349
-0.2987829883078424
-0.5138258215156384
-1.449565665382478
-0.6091950585444769
-0.1682161120697856
-0.04214145867652925
-0.3790805382353331
-0.20546902817732188
-0.30318841617554426
-0.13547007537499667
-0.7247807760688696
-0.09158425584125023
-0.7022755204837138
-2.426882546807714
-0.7583894010500184
-0.026830979554991547
-0.22098307460546493
-0.6932667768714964
-0.09638006391469389
-0.40949379880566994
-0.5228201047721086
-0.6533594732921172
-0.06445459680010875
-0.38807154475025046
-0.7685626113150072
-0.28256895333955373
-0.41779312645430766
-0.09168574586510658
-0.4759259717015084
-0.025969917711336166
-0.18231293745338917
-0.34290530512710876
-0.22160875056172136
-0.17457709913119637
-0.1345879477642787
-0.3383652698248625
-0.6487684427120257
-0.7866184490989933
-0.2968702077390238
-0.1757534629762328
-0.4889172785682604
-0.4417298586922698
-0.01557156468819206
-0.025520779192447662
-0.030405581381637604
-0.07022133983749275
-0.5269344317299934
-0.250364085444744
-0.28637209441512823
-0.25195305433589965
-0.13977244372169176
-0.26794342996112797
-0.2731686950677873
-0.180633741126204
-0.30917607516643
-0.3946223855309654
-0.013173484490835108
-0.05260971175286815
-0.05242855952876978
-0.20380138696600625
-0.03497601675123654
-0.01281167333945632
-0.41883160918951035
-0.6261974647641182
-0.37112954293988876
-0.23083904328716295
-0.18422702229981952
-0.30092848744485917
-0.1636137686048945
-0.025888772848867866
-0.015020434249890968
-0.10230422190822235
-1.4273752326068159
-0.06637742804984252
-0.17869618591955966
-0.23495968109091336
-0.5199271059111477
-0.7198646647739224
-0.13618329349628766
-0.974340817797929
-0.542094643482761
-0.2865387311831
-0.9683615919129807
-0.22911965915858779
-0.23899112828075886
-0.15223471171339042
-0.5613536123357614
-0.0213117510744875
-0.2169782601829086
-0.5468990263107116
-0.20875362348225382
-0.37566368002386297
-0.49664658892134234
-0.12678899228657511
-0.3640817112172954
-0.2528421642491594
-1.4176235420939822
-0.8609293699264526
-0.14503199834919844
-0.3367499941105843
-0.08539175537734991
-0.05438591065709867
-0.7225250120141676
-0.0650054893436997
-0.03505098121240735
-0.038403007531693824
-0.2137564189646842
-0.3284402055578539
-0.506665339560381
-0.5002191102414925
-0.5342363375384593
-0.6205539849640141
-0.1068728489044588
-0.08759985417903711
-0.09118013102719984
-0.5346396404565894
-0.7876434125006199
-0.0068058883043704554
-0.07073563153012814
-0.31336131409283124
-0.12296763225458562
-0.5993924120973263
-0.5164022830923876
-0.2414714790352066
-0.23969070124439895
-0.523293940971295
-0.49354825753041287
-0.3159634220139292
-0.10292885086833849
-0.5437944491859525
-0.16227038457873277
-3.4135783445090055
-0.5588609837581836
-0.28289882130532834
-0.013759830025567984
-0.16135450077692642
-0.43021813348605065
-0.6271508834260102
-0.8405585741747927
-0.4667318184898856
-0.012904684847146401
-0.3090929604135454
-0.11004678700119257
-0.6187400869093835
-0.20742109881459989
-0.9283340500853956
-0.018347902543609962
-0.27156544789405807
-0.4738478500736304
-0.5426400037748473
-1.374526692645824
-0.09752191168566544
-0.07238770842881283
-0.2668423257121255
-0.34804178634173394
-0.4126888438541856
-0.06179593327882079
-0.9741811304747199
-1.283828030481527
-0.03323082971231391
-0.03122174431628082
-0.010380945888755377
-0.38548342508747246
-0.3468259932900158
-0.5606130758145204
-0.8183551167066281
-0.5878306307131425
-1.4241877520107664
-0.4509083768352866
-1.652487990080512
-0.2316876172063578
-0.5076405250318073
-0.9815530335264546
-1.0339254794913966
-0.9568061653747767
-0.27731946019278103
-0.5615510258823633
-0.15841873038776352
-0.06876024482439139
-0.2599149469169788
-0.19345420442308145
-0.5825053792712944
-1.1884948964490412
-0.9106175557244569
-0.1414730497635901
-0.9104303363710642
-0.407192348731769
-0.10512762457126103
-0.2064088788457037
-0.09881754791630167
-0.14040660701956606
-0.211405341498903
-0.030500138566518824
-0.036175874730609146
-0.15663394905949155
-0.23991351353470236
-0.5912447283044457
-0.06830283060359459
-0.2799522329217077
-0.4307521190792613
-0.7210449764229865
-0.253504007589072
-0.6049969514886684
-0.09952723727716754
-0.20511067236657254
-0.1532841390664024
-0.9390543923416937
-0.01715628517324928
-0.800725858496922
-0.5777005619154527
-0.3041441425525737
-0.28103220139130897
-0.25977689027786255
-1.8946190801871126
-0.42488807812333107
-0.22833947721964626
-0.5414350435734377
-0.18170670084655285
-0.1501231560873243
-0.18055282134030545
-0.07292679534293711
-0.25547226327216777
-0.7232839711518451
-0.4441051949688699
-0.4797499885003512
-0.48839176108594984
-0.6148674509604461
-0.020502476894762367
-0.01693055781850655
-0.5931181284055734
-0.24165526180149755
-0.13989648463514945
-1.4992102514952421
-0.4318812029329517
-0.6744659282655144
-0.3249830637889152
-0.33257177519128445
-0.41980582472428474
-0.0596219188591931
-0.18454890271677868
-0.6767822750949893
-0.2879825498908758
-0.2468610250070924
-0.14744609699118882
-0.7332876501604915
-0.9498585434889214
-0.14283852984625545
-0.22876501429293836
-1.239101152207392
-0.02029930841914999
-0.14913177641574293
-0.01857172824040592
-0.2143667705822736
-0.006015850710885691
-0.12127701193094254
-0.31565049523487687
-0.2727629612199962
-0.10780142146783571
-0.1234854431822896
-0.10598722188733518
-2.9743716716766357
-0.3688745295096721
-0.9642288684844971
-0.011723367400312176
-0.01694892698368575
-1.3072268664836884
-0.08346872052384748
-0.7911874651908875
-0.40711510181427
-0.20077416549126306
-0.7306627574642854
-0.2652804741677149
-0.029734659707173705
-0.2452880828641355
-0.7847616216167808
-0.3524007045198232
-0.4106387682259083
-0.3554023193194423
-0.6286195410544418
-0.07345226502608664
-0.1170275866988959
-0.2657453238369069
-0.6940760124416556
-0.3414199841936352
-0.024351336883410114
-0.0916320513933897
-0.045262071886099875
-1.4333022492272514
-0.6159220442175866
-0.5213254081027117
-0.1913151843286219
-0.9146302147286512
-0.016505839943420142
-0.1788756972662388
-0.5196985377354265
-0.08554426936201967
-1.6755191683769226
-1.7078365460038185
-0.539637464619383
-0.7339308585273102
-0.6930226406082511
-0.2164509984914912
-0.3280618224698628
-0.9240409102567355
-0.9276293218135834
-1.204574348172173
-0.8749425828456878
-0.021311828063820332
-0.13052530330605805
-0.018228338348853866
-0.020083609968423843
-1.7949204615627725
-0.04857292608097244
-0.36648643020141336
-0.4895414226921275
-1.0874297032078175
-0.4255148090111713
-0.687844029123274
-0.018133866018615663
-0.015875165324865118
-0.47457938329316673
-0.6947892155886317
-0.412084968353156
-0.6295872693493342
-0.5257670807768591
-0.35921273386450664
-0.22222065553069115
-0.2773622979730135
-0.023271944558170315
-0.17228015658353493
-0.4839160831313795
-0.5005250496853312
-0.964085874241741
-0.6836125386439057
-0.11848630784558789
-0.293555723130703
-0.08376375071384246
-0.38532365977314637
-0.21968439109200102
-0.11405984200384756
-0.9845714572875295
-0.3633992949591788
-0.49553612247109413
-0.3827776034013368
-0.5833077263087034
-0.035771866949896015
-0.23801901452679886
-0.42401491868908386
-0.9219325207107302
-0.3123751156490471
-0.5913785448231336
-0.5040556793101132
-0.03330630820710212
-0.081870838010218
-0.19734176234175851
-1.5569645167984576
-0.21267963498830794
-0.6749134929050342
-0.3036678694130387
-0.5357512051808543
-1.4826130248606204
-0.011800355724214265
-0.4019743553471926
-1.5605844259262085
-1.1242370090913028
-0.17692670398779833
-0.6509551544361536
-0.07475508617174526
-0.3323390954800953
-0.37372942847432566
-0.5074105368588459
-0.05580671472390267
-0.8606982647324912
-0.20492906693834811
-0.6068396573472354
-0.5415551318283178
-0.015510787585905442
-0.06011748308325574
-1.9246901646256447
-0.09149937060263053
-0.5448523373731101
-0.035122872563079
-0.4081228584051132
-0.6149847124548008
-0.2150718850663487
-0.3456857649919887
-0.49677852541208267
-0.2361984465936145
-0.5261901117369739
-0.32020547706633806
-0.4221907512182952
-0.4074932206733917
-0.5801474371692166
-0.01603709163221841
-0.025375559315580175
-0.9306910291929853
-0.3689531924198188
-0.08019284729671199
-0.2944380174158141
-1.116980420658365
-0.32207286978761357
-0.5800017059976069
-0.9856538002622193
-0.7884075604844838
-0.9895903493834339
-2.6036163363605738
-0.9443263207795098
-0.9957736656069756
-0.33505167812108994
-0.44862738872567814
-0.020691402693046257
-0.22860748171594672
-0.5934250752431002
-0.3122548194369301
-0.04500407239699528
-0.1461752224713564
-0.4581333815585822
-0.2937403228521968
-0.3935471698641777
-0.6080700370172659
-0.08761879056692123
-0.017622348420991328
-0.06281996465155057
-0.6503717435620134
-0.6418136382558527
-0.42069550114683807
-0.3593916319244142
-0.6096409589905912
-0.1754408050716544
-1.167184453457594
-0.24373200311674736
-0.258827805519104
-0.016136403748532757
-1.1560028578274393
-0.49250529039801966
-0.35122874663211406
-0.5099107318226463
-0.6291543636936694
-0.6548207010574905
-1.0711650502004584
-0.6046257567192826
-0.36896473728120327
-0.3502957163291285
-0.2756657915112252
-1.5666249147810352
-0.13294825462152302
-0.2924286761165907
-0.41009575669886544
-0.35847727401414886
-0.5110582543788232
-0.2886219552718103
-0.8170792634389893
-0.659846596020673
-2.236977470276708
-1.072745059466867
-0.292238419529167
-1.2919686979536589
-0.6558900612297545
-0.45972935762256384
-0.24534625839706595
-0.4988605801449416
-0.22173670234365594
-0.10536743886768818
-0.7191090627620724
-0.14206566485440167
-0.02757032448425889
-0.025134339073701994
-0.0972215604512409
-0.007374537942875274
-0.05557202392568191
-1.8023181604221463
-0.16814584657549858
-0.2752657502866593
-0.6174870522566683
-0.35761060462456434
-0.015661957251722924
-1.2355180131315138
-0.40694893277638283
-1.1386126392088565
-0.26180583484736936
-1.354154962297928
-0.057469593774941236
-1.5372110418975353
-0.5877358268480748
-1.554670478105436
-0.030017167421647173
-1.1851236738397606
-0.020073747728019953
-0.3158311897064171
-0.0039039477705955505
-1.276066835130895
-1.2316180883596342
-0.12562036964421472
-0.011146181568619795
-1.31813519479183
-1.3810258065447367
-0.4175787689164281
-0.26856498596074135
-0.3048049542121589
-0.7903752281020086
-0.09370104968547821
-2.259139358997345
-0.4888967766116063
-2.43828309335125
-0.2967493726371851
-1.09625739600077
-0.2216640861911906
-0.8402132731862366
-0.10681360960006714
-0.023487448891197953
-0.23608178712129302
-0.6936074412826981
-1.4317137118279268
-0.3564743063179776
-0.2136256793649712
-0.7652105546537944
-0.15391215795534663
-0.46554282410458353
-0.7981349859933556
-0.5440249590215639
-0.48193256959287584
-0.08885387377813458
-0.11727023587506362
-1.137344970464619
-0.24279774195834902
-0.5108903304297621
-0.24263525985588785
-0.05248040168347264
-0.13483120913484267
-0.1502958248178898
-0.03529465082101524
-1.0858443450182675
-0.7507560481982571
-0.22378476300010725
-0.48094867925943907
-0.43037473344399285
-0.49209607765078545
-0.7111574672520734
-0.5023489098119385
-0.1658191854134202
-0.05248047147930871
-0.13483099226972886
-0.1502958057099022
-6.236795663833618
-0.035944734314398374
-0.16917986641159846
-0.2392394567263852
-0.4068417495323552
-0.4329458864624886
-1.6003510313108564
-0.0524804669318352
-0.1348310257308185
-0.1502957599269311
-0.1899557462346076
-0.38253041371672225
-0.8212028875002741
-0.25563231530499514
-0.5292506536934525
-0.6283659094624454
-0.3488454148173332
-0.16894968941162986
-0.29415295989019796
-0.2973491608122872
-0.4350371595302766
-0.5297280682483688
-0.4834839105606079
-0.05248044712182794
-0.14883228338190488
-0.15392241178249771
-4.942300319671631
-0.14118605117437255
-0.32241392815058134
-0.2505389539059252
-0.01865933485400588
-0.15026222238202536
-0.19505758021152456
-0.051869633908305936
-0.05248041536227296
-0.13483107688703708
-0.15029583910522473
-0.01263090102131375
-0.044889625750958936
-0.3926384021779086
-0.41692848193148774
-0.4710948569675512
-0.8250698366074565
-1.1319628589236261
-0.8229004812846225
-0.2407873404190468
-1.3077607170213015
-0.05248043096192608
-0.13483110941680415
-0.15029585400638593
-0.4585362246105598
-0.4748825038384114
-0.23808539295957112
-0.21579842794350648
-0.32897888937602854
-13.179461479187012
-1.8857321296818554
-0.05248045593543793
-0.1348309590747314
-0.15029572750526396
-0.05827814484054334
-0.23776579381124716
-1.0711278836760256
-0.2756182115509336
-0.6361072052968666
-0.8185774940997362
-0.33598968369187787
-0.2612134675280406
-0.05248043096192608
-0.10763260186649859
-0.1506514394528825
-0.16671630391751283
-1.5398889700216907
-0.3811993171215623
-0.25100433371133274
-0.36096213112718295
-0.5366527502912504
-0.020603655333009858
-0.22031343640264822
-0.05248047147930871
-0.13483099226972886
-0.1502958057099022
-0.1333497034660964
-0.5229630069807172
-0.22901170252104444
-0.49952094140965475
-0.28967291093431413
-0.3989988648814767
-0.338559321245662
-0.4650974158154487
-0.5833970837411471
-0.3325948091107421
-0.14436387394865355
-0.6438021947618663
-0.6468356080343559
-2.660187655043873
-0.34274181304499507
-0.011229384069641432
-0.05818530958761888
-0.375258454903295
-0.16156256188829007
-0.12968900705247785
-0.017359107732772827
-0.4956856060621032
-0.614734370585915
-0.1364889876373733
-0.11957364068952944
-1.0256693629125948
-0.3881708658559041
-0.332351937900512
-0.34275532017151517
-0.2655700449665476
-0.05248045593543793
-0.1348309590747314
-0.15029572750526396
-0.521999770323887
-0.13191447532153688
-0.41847502446277457
-0.5093297391302056
-0.7633891666138714
-0.08014381527235466
-0.05248040168347264
-0.10763250979860979
-0.15065146526004272
-0.03242375823901966
-3.385734051465988
-0.9918021470308304
-1.9384312363341452
-0.6193442149087787
-0.3981248344760388
-0.1364821344614029
-1.5257196536986157
-0.4278066600090824
-0.07164617447415367
-0.05248043096192608
-0.13483110941680415
-0.15029585400638593
-0.04153293437169244
-0.3052050085259705
-0.2466017500104499
-0.614243222754928
-0.2376671704455825
-0.24798740121768786
-0.39330429811444545
-0.4702328656800091
-0.11806307078222744
-0.05248040168347264
-0.14883217428411757
-0.15392240434779192
-0.40578015196661
-0.321139423609046
-0.4739726839794053
-0.15137315879110247
-0.17860206961631775
-1.2056461506124054
-0.1261827448324766
-0.36664278362877667
-0.5170425493815856
-0.20335228968178853
-0.05248040168347264
-0.10763250979860979
-0.15065146526004272
-0.414367390651023
-1.4367121399935479
-0.558487472939305
-0.3514798212175568
-0.21787694841623306
-0.7281552861843791
-0.05248044712182794
-0.13483099226972886
-0.1502958057099022
-0.2619810969699756
-0.6450042481821063
-0.16368109197355807
-0.2795225128032722
-0.29886629378779617
-0.23010273620305574
-0.931344560533762
-0.05248041536227296
-0.13483107688703708
-0.15029583910522473
-0.1775339097155004
-1.8848100095055997
-0.2517569224884418
-0.4128310252423641
-0.5177731365630669
-0.25648727417103057
-0.14727078762856158
-0.3621494104809244
-0.019287986233393895
-0.07403602734039952
-0.24343425427214244
-0.7592702814674174
-0.09475664272904397
-0.01122961938381195
-0.058185270714602666
-0.1326000499622231
-0.1603638263239356
-0.2836089676499493
-0.225983745657868
-0.4834139963654293
-0.5866744518280029
-0.26286789506723707
-0.3615892957895994
-0.05248045593543793
-0.1348309590747314
-0.15029572750526396
-1.2768945693969727
-0.6214297914266353
-0.31450057643030505
-2.1553419828414917
-0.20867974163680897
-0.9219331485917792
-0.05248045593543793
-0.1348309590747314
-0.15029572750526396
-0.17968617897713557
-0.06682959198951721
-0.5881523791855822
-0.17448553887879825
-0.34188540335460194
-0.6476052112411708
-0.284363454210763
-4.0607384741306305
-0.5465637471279479
-0.0194904841191601
-0.6915185376525518
-0.038785760745668085
-0.11104294852298659
-0.6466519954168083
-1.0860812076263957
-0.12773384184887013
-0.05248047150841254
-0.13483115977474622
-0.15029579838632012
-0.14239365025423467
-0.4833418556372635
-0.4269807631657882
-0.4014722272598495
-0.26326701723155566
-0.21278630583547056
-0.5520790039856152
-0.23107109870761633
-0.17804075068367334
-0.20956001831135446
-0.05248045593543793
-0.1348309590747314
-0.15029572750526396
-0.0735032739272962
-0.1321082143518939
-0.28988979866941617
-1.2949175424873829
-0.2545274484178258
-0.16229346835946976
-0.15519263901348626
-0.6269701112760231
-0.9143951534606458
-0.2013507892584635
-0.07938918151436762
-0.1323902517989544
-0.1840955025347119
-1.7544045597314835
-0.4800207362776356
-0.23110816295957193
-0.07533737300946086
-0.5014294018574919
-0.17195682038998877
-0.11100857390556484
-0.4305987605915843
-0.32865396069246344
-0.3573574804860982
-1.0533933968593676
-0.2736866239768763
-0.28366671230954427
-0.39224496569595824
-1.015611695870757
-0.25826941140823895
-0.05248047150841254
-0.13483115977474622
-0.15029579838632012
-0.811102527496405
-0.22972416026251657
-0.02914780207599203
-0.014397105425208187
-0.007928346827005347
-0.008408419028758848
-0.5604052583221346
-0.8339881299762055
-0.6675451252958737
-0.20471826206686763
-0.05248047147930871
-0.13483099226972886
-0.1502958057099022
-1.4260779972653836
-0.41049650950091227
-0.21518606797908432
-0.5959686152407238
-0.6062551750813631
-0.2581645892001688
-0.5025795135647059
-0.09279235247765125
-0.12635627879280947
-0.19260056939092465
-0.4443998983306301
-0.550689045980107
-0.4213998395550464
-0.7331583662424237
-0.2175422714700779
-0.6465349429553109
-0.05248045593543793
-0.1348309590747314
-0.15029572750526396
-3.1382743567228317
-0.010154052967360864
-0.39429981604431913
-0.6923291872498292
-0.18541156947945378
-0.5431641325427076
-0.2929763482585686
-0.13938387923075493
-0.4171212481317828
-0.7396428077481687
-0.2880519175281127
-0.28039894920463365
-0.46827257837503566
-0.24745488035426075
-0.05248040168347264
-0.13483120913484267
-0.1502958248178898
-0.09186632716393267
-0.13485874640658344
-0.3940824027835893
-0.7143736508551914
-0.3376266786455138
-0.017223248452258606
-0.2624258756030217
-0.31785556705047685
-0.22547903656959534
-0.039968752365287706
-1.4580870866775513
-0.05248047150841254
-0.13483115977474622
-0.15029579838632012
-1.0049486425501528
-1.1507243734615094
-0.06880464181303977
-0.10438004646493937
-0.392494516466589
-0.1799470264125954
-0.775635014640054
-0.3367421682807617
-0.06449714199536377
-0.7497733519412577
-0.5085481017486018
-0.6078123700239563
-8.079034925748905
-1.480166282504797
-0.01009624203046163
-0.057679132726965086
-0.4630754150649799
-0.16416530102089216
-0.11280474381081669
-0.21991373556998692
-0.4619924197925554
-0.04041117876996785
-0.6030222205530584
-0.5302732734982034
-0.05248047147930871
-0.14883217428411757
-0.15392240434779192
-0.07820323808118701
-0.511424510681536
-0.2577907661092468
-0.2988906233416249
-0.8595761372707784
-0.31909455128479747
-0.43187139248803785
-0.732026004664866
-0.9665627166525357
-0.3232833568472415
-0.43853908544406295
-0.05248043096192608
-0.10763260186649859
-0.1506514394528825
-0.004855365471237085
-0.11862334266435129
-0.35191057026968336
-0.1802643150306092
-0.5364971143426374
-0.23215256188996136
-1.3944529094733298
-0.5480069901262011
-0.36167959556249635
-1.8450662652030587
-0.12720809713937342
-0.05248047150841254
-0.13483115977474622
-0.15029579838632012
-0.04153309791581705
-0.2742563669364798
-0.4711089940892239
-0.9685416992055252
-0.7622674569221479
-0.4765073662803678
-0.2960777993988207
-0.03591288626194
-0.5652736622776667
-0.05248047150841254
-0.10763253521041147
-0.15065136619589545
-0.2803942403406836
-0.24830734759840803
-0.2787094427606007
-0.33847389919295284
-0.09819748376806577
-0.23325379623565823
-0.40095326657839386
-0.05121747187028328
-0.2047053271713334
-0.5863052196800709
-0.2265034590382129
-0.023682713009683148
-0.06652470505529588
-0.1921293154009618
-0.205752326852896
-0.499432546866592
-0.9671227272283431
-0.5005052142244365
-0.020886812116562698
-0.9426927293767221
-0.0524804669318352
-0.1348310257308185
-0.1502957599269311
-0.22721993400981383
-0.5070756039763775
-2.061366411570634
-0.5063945418345005
-0.3695454704866279
-0.2695829998192494
-0.8332429735192444
-0.2593637192621827
-0.35334842081647366
-0.6466091023758054
-0.020614701041874166
-0.14470544064988644
-0.08488212178963295
-0.326390826376155
-0.38177875118951005
-0.8031702162697911
-0.6008944612549385
-0.6624078089080285
-0.25977715849876404
-0.23944934650997832
-0.13215761192453404
-0.14718859122222056
-0.2889933803397677
-0.06598054038892899
-0.5307403821498156
-0.17293117750835205
-0.27789490049084026
-0.3268006053986028
-0.6229175800690427
-0.20737324743531643
-0.4181006021616567
-0.570932449511929
-0.22115955827757716
-0.06989531964063644
-0.014317286457905235
-0.460512837395072
-0.011288482679187186
-0.6706695793869181
-0.3311338248662651
-0.3733298420492146
-0.5589583317438761
-0.28475650472267133
-1.565221279207617
-0.2743797039729543
-0.37764887050753915
-0.43933832088739355
-0.17122695238572305
-4.903227806091309
-0.7811908464122098
-0.21978433274941891
-0.13505351867206628
-0.5384694536526998
-0.19952573510817995
-0.49270537542179227
-1.3404362984001637
-0.02606803380040219
-0.12187329633161426
-0.3109868786088191
-0.28833918439756545
-0.39983834870832247
-0.2502465900112892
-0.08633694491921536
-0.1068456854991382
-0.3864473957772134
-0.1305693438110081
-0.114329081568609
-0.39138136042031246
-0.534814381439771
-0.5957950188195145
-0.11496529544820078
-0.07495522901133102
-0.03759965887487245
-0.33120794101897016
-1.0349987494882953
-0.20593711417677696
-0.3759527880698442
-0.021690199438515783
-0.07734164595603943
-0.6740230617655661
-0.807278238798608
-0.6608174076730696
-1.094557476895196
-0.6964566541835666
-0.2147904250720915
-0.17125249673913726
-0.3305043620057404
-0.11497177463024855
-0.667641915101558
-1.1590002626180649
-0.08676966005004942
-0.36867724642312777
-0.012435315671609715
-0.028861908591352403
-0.04814780911547132
-0.0155832056516374
-0.05077991349971853
-0.24421519012594217
-0.5109875548708563
-0.7670840651699109
-0.1862473314492187
-1.0277586883554857
-0.3696108194999397
-0.20514970794320106
-0.23545888608152216
-0.5688008556342018
-0.47834922711957584
-0.42101865510145825
-0.24452512602632245
-0.012615625804755837
-1.4680016193783052
-0.3944501747480697
-0.4567075349235286
-0.06988971929712307
-0.02182358728411297
-1.3806080497102813
-0.008307707568746991
-2.380179300904274
-1.2499250140972435
-0.37816628568624666
-0.3229107721760686
-0.08286961913108826
-0.10273876041173935
-0.410536375711672
-0.6778726745396852
-1.4716990900536377
-0.8942428864746554
-0.06654008626937866
-0.977405931026442
-0.46165228782532114
-0.2852228418077258
-0.10739902073207001
-0.6861346751773252
-0.022864473294854786
-0.8962372783571482
-0.05354244834961719
-0.45777385315159336
-0.059300728084053844
-0.26133768406829666
-0.4594263027133171
-0.12068637987096353
-0.22411757331428817
-0.15585693317310265
-1.7781126638874412
-0.5992661830969155
-0.6737496980155507
-1.0005027765485768
-0.7792439252516488
-0.4694410031661391
-0.42016774433432147
-0.0313810292185129
-0.29176590756396764
-0.2736591809501988
-0.7581500187516212
-0.3908094156565009
-0.23541052293564593
-0.7106378671402732
-0.23742025795703134
-1.7804934978485107
-1.4986412154341286
-0.153396890280958
-0.2043798756163927
-0.3654259921496977
-0.35721982456743717
-0.8200215802145456
-0.9442820996046066
-0.33560509339440614
-0.5220251228660345
-0.13316772611315605
-0.09796525600055854
-0.29231980497688176
-0.4121131169462883
-0.025946239950523402
-1.1023524563966527
-0.19071908274192287
-0.11360753977903316
-0.202118024274425
-0.48758649558132877
-0.2973990387593706
-0.070304504983748
-0.9328844889678294
-0.0896174142108066
-0.05995972501114011
-0.030713404034031555
-0.013038096668121094
-0.5586373580317741
-0.6241847909986973
-1.157418413310855
-0.14167821208118564
-0.5165424915806701
-0.26851949258707464
-0.21569099979292924
-0.22949076651667172
-0.02573970001928198
-0.019122042157091942
-1.2960835631404604
-0.007781149078007068
-0.342401878701316
-0.010074300401902292
-0.3078325822154346
-0.2185305592890169
-0.0791523536463501
-0.22187926787682954
-0.17005160776261619
-0.04017131684472238
-0.007280629200977273
-0.4423557269716791
-0.15909495227970183
-0.05317215225659311
-0.5176254290272482
-0.08170962333679199
-0.5095336273703391
-1.0559445753111505
-0.39058966218278957
-0.010854236946518844
-0.25470791074136895
-0.22085922858483778
-0.17661849865689874
-0.25630811623220023
-0.17844787815755064
-0.4496150641702116
-0.2205540987018209
-0.5650059584557312
-0.6598185795758452
-0.11491781146469293
-0.43086213874294815
-0.847904260708567
-0.9616604840008988
-0.543309903367319
-0.014424481138121337
-0.5854939988703336
-0.07014487668250997
-1.6080363229149952
-0.9161649959472319
-0.5680416589602828
-1.508989930152893
-0.14181972440565005
-0.6169344042427838
-0.11509601771831512
-0.06252359829790964
-0.1833781279725372
-0.24329755622893573
-0.012366102232287327
-0.12069142377004027
-1.4554380625486374
-0.43590699461249943
-0.5258820216140954
-0.11470512586723393
-0.38286473307137686
-0.006270001011822994
-0.013598570162139367
-0.12198103219270706
-0.3555228805344086
-0.5660214776774714
-0.9889904288575053
-0.9253346654833435
-0.05173820354284544
-1.7169198393821716
-0.2573980094554524
-0.10247931198682636
-0.312116136388795
-0.2646162905730307
-0.92710370358757
-0.2549557400256567
-0.22140237726271153
-0.021313536582359422
-0.2641491714864969
-0.7249482977951464
-0.44230852058717574
-0.035330214368716244
-0.8532998263493509
-0.8870541620999575
-0.2837907334710351
-0.49854795465944335
-0.019232139398809522
-0.43347737076692283
-0.03922549687143016
-1.3882044333964587
-0.17448966306619695
-0.1596397221191265
-0.46028282386916025
-0.6481089293956757
-0.2396253127080854
-0.38117393137266237
-0.6579342409968376
-0.30077549676207127
-0.23265235824510455
-0.3036991857926991
-0.016998202928031485
-0.04598604212515056
-0.38360051193969985
-0.5388492995423602
-0.48640947033951915
-0.2835925441080083
-0.02590135391140145
-0.10611983016133308
-0.35843503864651377
-1.7380399703979492
-0.45969601441174746
-0.3584894564313193
-0.3489992056773709
-0.254607025850088
-0.5158071838086471
-0.7706376458845625
-0.5311410427093506
-2.28013139590621
-2.4056059191934764
-0.8111224503566822
-0.3494996689648057
-0.009075063334118264
-0.05452014900980761
-5.696231849491596
-0.25497669541571094
-0.021019011197495274
-0.8796261342187577
-0.13187100122352907
-0.05710505467504845
-0.28989028739742934
-0.7570040736347436
-0.10193199456469822
-0.2809607855354746
-0.541026470484212
-0.27687792976697284
-0.17901062438613735
-1.4346074151806534
-0.1240165230895703
-0.5395779762830999
-0.26493322508135214
-0.44334318256005645
-0.6175405429947811
-0.2781141062016384
-0.6737591362325475
-1.0208035459897171
-0.11158997635357082
-0.36993008107917075
-0.2174115979578346
-1.0017550576012582
-0.3824717782969986
-0.7998140581529932
-0.2333371276035905
-0.37230817241652403
-0.39299681488890204
-0.2588270428740153
-0.40498779979176247
-0.9384502062263588
-0.5299820033833385
-0.17383025648693243
-0.01604188041528687
-0.06232547964744019
-0.018580559118594176
-0.36433468960846466
-0.11607172860696362
-0.4023897842585575
-0.18047225632597894
-0.2436343632977117
-0.8406910341646936
-0.17962051176436944
-0.5728560582113763
-0.1092244677245617
-0.5964380914034942
-0.38433299275736016
-0.06961870069305102
-0.19198453546656916
-1.2481461772653606
-0.42010667231364135
-0.02741896970273956
-0.14743982390999527
-0.06076704519800842
-0.25620738457655534
-0.024400219563782837
-0.972416449803859
-0.6619597487151623
-0.09971275764655729
-0.2679869974963367
-0.06529164104399064
-0.7074278267100453
-0.06968548531377954
-0.07731262306802936
-0.9826042125350796
-0.46500963799189776
-0.5167930383480174
-0.1750168255190753
-0.7511177659034729
-0.011480358812453536
-0.03127452401289096
-0.03596268221735954
-1.1951321519266527
-3.8216989040374756
-3.4447537064552307
-0.23626141155338182
-0.02699934336123988
-0.1840488646529593
-0.10004745586775243
-0.15526661271444306
-0.2715086316626791
-0.5654602075779909
-0.06728733470663428
-0.1381274131932654
-0.5917511999141425
-0.21129360692575574
-0.0876191183924675
-0.3137879416943811
-0.2135227309125993
-0.25417013049379666
-1.8115086555480957
-0.4612159694253933
-0.13725927204359323
-0.17481850778373578
-0.3316597640514374
-0.015043085056822747
-0.15549757697347863
-0.37068009054382856
-0.3837791703899711
-0.18347955173812808
-0.2636086595384404
-1.0003419671605418
-0.09214888484129916
-0.8116616137916796
-0.6098124462645501
-1.3459199531417754
-0.41278076181618456
-0.4286136932981511
-2.517812703823438
-0.025226315950567367
-1.6435508579015732
-0.4584515898355416
-0.14357498452591244
-0.1385820945724845
-0.5956625339185848
-0.2711586665874555
-0.6986936493776739
-0.7298575416207314
-0.31316328492875284
-0.4504132569526081
-0.08224071252126512
-0.7271308694482566
-0.1262675454490818
-0.4276129849604331
-0.1799175995402038
-0.029145668163740385
-0.7596617224814205
-0.4471425823867321
-0.22887400537729263
-0.23482986665330827
-0.3817403007554315
-0.2735942775487072
-0.4969922395684989
-1.2151557013392449
-0.023302000442830224
-0.04074779672858616
-0.44871631264686584
-0.7130688573751185
-0.1377062532119453
-0.5686922766268253
-3.7806787703186275
-0.5358130402685978
-0.09241417211584728
-2.17519267112948
-0.2335892888440867
-0.11200518579668521
-0.06942879757358848
-0.1057286175289644
-0.024297179889981636
-0.12211829418083653
-2.158063855022192
-0.10437441617250443
-2.7112503051757812
-2.1105384031931558
-0.5411686080740765
-1.7259607426822186
-0.39070117017254236
-0.4130192134497603
-0.35255548904108136
-1.247564415314368
-0.6391154757390419
-0.44251663486162823
-1.7268356503191171
-0.39375071313518745
-0.03336606286272096
-0.1253006661174974
-0.3239221370895393
-0.31227854919270615
-0.38050527194312
-0.2418661235133186
-0.34083229969837703
-0.4555076477505888
-0.43156785215687704
-0.1504571341611154
-0.3184638344917568
-0.6358491168502951
-0.5076394853078656
-0.08481100963485347
-0.2249342256041018
-0.5799621985837197
-0.023573082289658487
-0.20788996290866635
-0.5741408648124585
-0.09262383510455645
-0.30160467135719954
-0.2909930060213318
-0.48875342023200663
-0.40310483137727715
-0.3515599615980486
-2.796630168954531
-0.6431236421305906
-0.14819571245184746
-0.17478647083044052
-0.45522998878732324
-0.2672324939464618
-0.34814868721231407
-1.1174343126741322
-0.07109766433768527
-0.5673425407980436
-2.0250816509127616
-0.18485763308958017
-3.439943313598633
-0.008785776900670802
-0.12294815514906077
-1.2544238567352295
-0.04447935312055051
-1.364162521848422
-0.18189014263852085
-0.5490133886020582
-0.3362866288734949
-0.03085563662898494
-1.2866582907736301
-0.6188724665165258
-1.5308426336518355
-1.1763242031780206
-0.034818886895664036
-0.24771480928833817
-1.7131893332599637
-0.5292611852776081
-0.018352656091641013
-0.4792195317901739
-0.27366047084797174
-0.8157419244880657
-3.2325309317319704
-0.21857838053256273
-0.6718662047060207
-0.6667014883375183
-0.49487707356248783
-0.10420315260998905
-0.27758043293248524
-0.032505285227671266
-0.11979553165535133
-3.858466725796461
-0.6689089927822351
-0.7953720010817051
-0.9048462882637978
-0.8088755458593369
-0.3243167162872851
-2.6407881701009805
-2.898903412478311
-2.6778249015015634
-4.413610935211182
-4.372854466239612
-3.0868873761461475
-12.236551284790039
-6.873128407324354
-5.8092274473359184
-5.2815310681859655
-3.3409654309322763
-2.4710741384575763
-1.2088647401772807
-1.7284370656790478
-1.5992032325064593
-6.791453228021662
-4.400385329965502
-6.373804950714112
-3.5390312519254317
-3.3939570996537807
-4.390652572115262
-12.51274585723877
-5.297526717185974
-6.932611624399821
-2.457939097161381
-4.290774241089821
-3.2767485718835485
-8.779515450199446
-2.8640010903830198
-3.9995618627376475
-4.4028105189402895
-8.885536566376686
-2.5066064938902857
-7.0438142362982035
-1.4882939101989905
-1.4704922588009919
-1.4169197447851978
-2.8752405103794962
-3.8787984853144737
-3.495730018466711
-3.474252674557647
-3.4350250993855296
-2.939802399952896
-5.025735005406507
-3.2658138128130565
-3.054043150570413
-0.9707054051129186
-2.508600132340299
-1.389158817717213
-4.239990696104036
-4.438619181058709
-3.415648356068968
-3.2889731205775337
-3.728606459265575
-7.742958536992471
-3.8187170002687103
-3.1383396723706807
-0.3649411058189192
-1.704580485288586
-1.1944991889071057
-4.523742755874991
-4.369506154035609
-5.269742250381698
-3.902508996638723
-3.9813583737440323
-5.409362045873422
-4.4623592338628235
-11.852898597717285
-0.5817494878344102
-2.771514756139368
-0.7231032399630005
-20.353225708007812
-2.252232450800048
-5.224630911648274
-5.796686967213948
-7.4433126871784525
-3.0157684761491654
-6.099116958677769
-0.05248040168347264
-0.13483120913484267
-0.1502958248178898
-1.0855384924345546
-2.8165997644134153
-2.132053821563022
-1.7123940219477702
-4.951153097674251
-3.837445282218351
-4.438944972467392
-3.672466916697366
-4.47608674193422
-4.605938048579749
-6.727054286003113
-2.6984831887394347
-3.2562974672316787
-1.4164638722213567
-2.0077031403779984
-1.9661829850678756
-7.7816149691740675
-9.225854078928629
-1.8091093082980745
-2.309520827140659
-2.9716255654542088
-5.005399494681375
-8.841330687204996
-2.928058241131819
-3.0136289241153893
-4.1306697223335505
-4.240203904608886
-4.907852813601494
-3.1629391972868084
-2.68379354376763
-4.566224557161331
-5.941705703735352
-0.6468649361777352
-5.606130336225033
-1.8713528485701925
-3.0124085874163677
-1.6337625811680814
-3.162757753729238
-9.966198444366455
-3.029434977248976
-4.342853242797511
-3.4957049986046247
-0.9141734324051262
-2.5839019106434926
-2.1436704373918474
-6.530846198399861
-1.7669942476428473
-3.135442872035561
-4.45706171103386
-4.5833873066495965
-2.033134402412543
-3.704214147211614
-3.327468060278435
-2.6506273672246605
-0.6345998966286667
-2.1697170143680915
-1.9669729650380428
-7.990389217312138
-3.3701205403400203
-3.99251073791335
-3.9834361504981644
-3.690711467878871
-6.148626470565796
-7.852491666873296
-6.222433482042768
-5.6578692722001245
-6.810035675764084
-7.044352190835135
-1.24394017602026
-2.3315832751936147
-1.4084560013249179
-8.10734764734904
-2.830197419790784
-4.2359367807340975
-5.354466595425038
-4.485675403426285
-1.4638949995824078
-2.355404962386404
-2.0971298037223858
-2.455509429931408
-3.3815860013467804
-2.3336654917375808
-3.3116091018446774
-3.956232425116468
-5.000230145773718
-4.773644905731392
-0.3649410994039499
-0.7362486246441092
-0.9649312071481042
-2.787113110185601
-2.834699481978188
-2.296862911860242
-4.859476029872894
-2.489039375792345
-11.881507873535156
-7.950432772437732
-13.570058822631836
-6.7914552092552185
-3.1153819661412854
-4.867542069671409
-1.0572137460961433
-1.7949510839368616
-1.2633983536665752
-4.657551902035872
-5.299674519204667
-2.601954582010736
-4.867091222769684
-4.8117795320641665
-2.6071401720336222
-4.479649384639093
-5.29508301615715
-2.9447106423195994
-3.010782870659329
-4.269820557641132
-4.3272099558574455
-1.7380209304962289
-2.5056505563801954
-1.3164445489687338
-6.482882343232632
-3.9200386838573547
-3.2014269864775997
-4.060616867483726
-2.8525929717919403
-3.437995525556506
-3.1790923280641437
-6.479335628740955
-0.6269883178053229
-2.339025790004858
-1.9882182256233962
-7.016255781054497
-3.1786068915031276
-4.010329396887259
-3.906434079632163
-6.548330664634705
-3.9671078587083946
-1.3427863246506604
-2.8320319011275257
-2.1026472986294804
-6.882058680057526
-5.769890961547692
-4.394669231360736
-6.543976249681278
-6.470545669396718
-5.440316908061504
-6.893571774164836
-7.214041074117024
-5.154562483231227
-3.123692754554213
-0.9496247622798061
-2.18817557447723
-1.5420584869359366
-2.676091680453047
-5.900138825178146
-4.433166788166596
-2.870624415798095
-4.8264187046637135
-4.487466904451139
-3.4111115644752448
-6.40519734791347
-0.05248040168347264
-0.13483120913484267
-0.1502958248178898
-2.8122469609869376
-3.575435513514094
-4.053472587040493
-6.096603518724441
-6.649614737679561
-4.57272008433938
-4.778685102860133
-6.841377895791084
-5.76640732857314
-6.057656462375935
-2.77633666818858
-6.042727422714234
-1.1629028675549005
-2.4230638314038515
-1.7072632522322237
-6.208802521849672
-3.915286749446144
-3.785837529193876
-3.6040102133856102
-3.8561857478167725
-1.4227340925499448
-2.43384710567839
-1.9351825525023743
-4.107605793195861
-4.116534303466324
-2.6235127048939466
-4.083752583293244
-3.846551818980111
-6.364505139489968
-5.318134062820011
-4.651176667461793
-4.661127912219275
-3.6817080554610584
-2.963029112909799
-5.291917180176824
-3.36708696786837
-2.262046177405864
-5.774689430991809
-7.004902333486825
-4.918578743934631
-3.511885799389207
-4.538189819880894
-4.905872552256499
-7.00774199622018
-4.700692023254103
-16.070920944213867
-11.326473553975424
-4.223110838178242
-5.287739249567191
-2.6772306789256013
-3.0394609783376967
-3.0711605475199493
-7.234028949091832
-3.6895929913036527
-4.848122651223093
-3.475741950381133
-4.576683076131823
-4.369861187270055
-7.2336784054835634
-4.161244759956996
-3.8074625082314015
-4.630308574506719
-4.193440869350525
-7.758851596287319
-4.045989565551281
-5.134099066257477
-5.020419880747795
-5.112035834152873
-1.6546609250399342
-3.6991229710568274
-2.201574467736381
-5.632464618732532
-4.694499765833219
-4.805133725588139
-2.6407740310980725
-3.594883200515102
-3.220550653291866
-2.7728834740325206
-3.110917265362599
-3.598493651166791
-3.860833461232045
-3.957000872712921
-5.141452141444791
-3.48169929854767
-5.114620658497397
-3.314436920144975
-6.840810736020406
-9.23912712931633
-9.325622081756592
-4.9846559100680885
-3.98812420564619
-3.148936820216477
-3.182332348699371
-4.677237098726134
-2.6831038488696017
-1.9217461507857176
-3.4937646607868373
-2.3686328210910275
-2.1379345464520156
-3.235472496166282
-3.5043340146541597
-5.1058421184619265
-3.9780603030075627
-4.691129099018871
-4.231255738508134
-5.23418860634168
-2.293450941270705
-7.020303749168913
-1.0825704916484635
-2.0579624689583267
-1.756687588651072
-4.0894276888226155
-2.986709713453292
-3.5544823336577362
-5.237175727583235
-4.088329838095781
-5.094063261795479
-4.207058138458524
-4.104985641961685
-7.513875643412272
-3.5125157637299065
-4.993846812460106
-5.411935490323231
-4.355606478638947
-5.5804921469340725
-3.465509523948034
-3.668387590079672
-3.1464254781603813
-4.77774271205999
-6.1624350398778915
-5.0512694120407104
-5.666586848405691
-3.263996423094068
-3.561821243001355
-3.679088824428618
-2.7453116674296325
-3.0777723750631725
-3.2820288512686435
-2.8461421700479455
-5.0966921404004095
-3.4017095854505897
-2.5564545901492237
-3.8552318040913502
-4.982300047895738
-9.907371938228607
-13.350467681884766
-2.5948720348351344
-4.218933142189469
-4.367119644972263
-1.3089209682257206
-1.936559875761824
-1.7117237115427004
-4.014859239945508
-7.696150035286943
-4.827167372864026
-4.31281456007855
-4.2748005549112955
-0.853825453626996
-2.497909219270306
-1.8988569493363188
-5.770660114785035
-3.352144844830036
-2.132544428478398
-3.6479616574943066
-4.833151880651712
-6.29647343357404
-4.07077109515667
-5.6971671846177845
-1.3159620799657812
-2.6190305155302798
-1.566089504059743
-4.939619674657782
-3.4195808070101616
-6.299936816096306
-4.449959197640419
-2.935080357938118
-6.950376987457275
-6.075457081198692
-4.644023603138824
-3.1882182077155448
-0.6648132308910135
-1.9700692685187928
-2.015953030945225
-6.157444874445598
-3.6734433149298034
-5.069009429642132
-9.279845714569092
-4.18043204911877
-3.3766533788924185
-6.111773788928986
-2.58819794944591
-6.941384792327881
-3.5237794890999794
-4.601197316096379
-3.982796936813328
-3.1692019911012417
-1.124407111017111
-2.8809334247239997
-1.5419154893606901
-5.481465965509415
-6.669909919301669
-2.1458859164773267
-6.28233920832281
-5.722007617354393
-3.5493864340953425
-3.0903690497133147
-7.298152461647987
-4.556482507381588
-4.769162029307336
-3.854115290567279
-4.822367299348116
-1.1152620014036074
-2.5763029224638427
-1.2388127646832303
-3.0151994857937097
-16.766389846801758
-3.136829269684053
-4.87889583199285
-6.223412288911641
-1.5709463870637894
-3.3753408238823925
-1.6690942111996596
-6.579295881092548
-3.062755282591097
-5.896004527807236
-4.287031850562646
-5.13898581362082
-7.550856401522954
-4.172417485868209
-5.246283543063328
-3.933234423324889
-6.317554395645857
-5.327174218481078
-10.530015230178833
-0.8656680550229794
-2.8350916018576493
-2.241310913073407
-7.33075333883365
-2.1819325349413297
-3.2102615431809682
-2.5655520899753035
-4.004488928303603
-3.9989105328235643
-3.357523123813735
-3.167093468310278
-3.499387930764998
-0.6345998111410154
-3.0298673743382096
-1.7101383736166595
-7.88859382768472
-5.060108073055744
-4.488190168067568
-13.529666900634766
-4.664278196295102
-1.0148100913214269
-2.0523391693963537
-1.6135635130710646
-3.324829932859866
-5.717735028027424
-6.519168350431654
-4.836016554385424
-4.2150963379303
-6.01048450358212
-1.3028701450669662
-6.530424801898854
-2.194017321104184
-1.7301458258880302
-3.772917518263663
-15.851908683776855
-7.526617538928986
-5.239090393890034
-3.4993708565425115
-3.019353176624281
-5.078166194833242
-4.337472848264345
-4.301302296774728
-3.6638788098158934
-1.421512666600999
-2.721915106688227
-2.1699106847782703
-6.4831235992411775
-3.9397580952895805
-5.352813522020976
-3.30270776137293
-3.6108647241198923
-3.349515928537585
-3.1750238292617725
-5.873624535134206
-3.560568841302703
-7.810090494155884
-3.130038374458979
-2.528800537938618
-2.757813658843386
-1.5087036027689464
-3.001930453947612
-1.6518292388751765
-1.9265319402329624
-4.021595779637044
-2.48462056747933
-4.0516411773860455
-5.331426571481503
-8.5884850025177
-6.527278393507004
-3.0027247071266174
-7.581584088504314
-4.07218600689925
-2.6458434447768013
-1.0988561727590422
-2.2564002570829222
-2.4447403146716002
-2.677507254666125
-2.635247642620995
-2.65912130518894
-4.909310720860958
-13.260330200195312
-2.6032582076382824
-3.8609196811914446
-4.170067943632603
-2.9180736793921542
-2.514575494100641
-3.5430375934164555
-3.317587095181807
-1.2183810331256002
-2.7809716827635254
-2.3584147270726548
-2.797158718375223
-3.674172013510196
-3.3537271779646436
-5.31736078299582
-3.440521918763609
-4.190271481871605
-7.627399116754532
-13.284071922302246
-4.9517778897924085
-9.750714461008707
-8.005087735752264
-1.4365188981452472
-2.5954395508659736
-1.4487795385172253
-3.094971012027157
-3.6856880663227374
-3.8805492038193803
-3.1302682749351094
-3.4677929181842564
-3.1304692756795487
-2.681899354125822
-6.405773450154811
-4.4802114781196
-1.1072324115014756
-1.1149485421233944
-2.494309347292239
-5.249129142080035
-2.7789716652413414
-2.6195617965844575
-6.050489774690225
-12.456989288330078
-4.728257155896115
-14.152322769165039
-4.081833335912476
-12.089695930480957
-2.8213562996825203
-4.948310914138953
-8.723397731781006
-1.0054484226014513
-2.9462468569566096
-1.7496560805223205
-4.130824114595141
-10.12109112739563
-5.684421341866255
-2.697104121488034
-2.935054525364831
-4.259458857402206
-6.572041618824005
-3.499201074242592
-3.1657649061896582
-18.72734260559082
-2.855472877992952
-3.598778431522078
-3.815588926775381
-4.83622522316873
-2.190602798657648
-2.945471791550517
-9.152946710586548
-3.6766108865849674
-8.802113376557827
-1.5928448349028865
-3.021100036001631
-1.912489742781459
-3.893110889941454
-3.4672028378329496
-2.2802710505205797
-3.50124368287756
-16.467060089111328
-4.487977910500306
-3.6633469566499115
-0.3349419449259585
-0.7340261859021017
-1.1609574639005587
-5.615500453161076
-1.4600484650820198
-3.5337429563204448
-5.909109363953273
-15.158185482025146
-8.624812126159668
-5.337319614029386
-7.565958261489868
-6.8542888921995955
-4.4305110171437265
-1.036228318036289
-3.017139486436333
-1.6534804195821793
-3.720053999995192
-2.712353864405304
-5.580092377162406
-4.508149287104606
-4.628145286519277
-3.309623196161388
-3.854760952293873
-3.2033408627612516
-4.3257524868134745
-5.332682567834854
-1.2181920536349935
-1.3122871120327286
-1.214092536935244
-2.612125593664435
-2.7417127534987498
-3.1378220082683996
-14.629916191101074
-7.105858810245991
-3.0368239999410105
-4.3989993135255645
-4.788862264365889
-0.3649410496218479
-0.7362486070820263
-1.371085165513002
-2.6986726046772676
-3.317451356134067
-11.231245994567871
-3.9501351470826194
-2.8577520938670204
-4.4035792315006255
-9.409243941307068
-4.667404472827911
-4.761396734583142
-4.175942052982683
-6.507012957334519
-3.7936419543390083
-4.139964793929331
-2.8487834759340758
-3.852112256171596
-4.114548851335712
-4.798320653041204
-3.493552927909743
-5.221090719103813
-3.2614865171452685
-3.6968394356026693
-5.366346937858245
-1.598519352069464
-2.969462809285947
-1.926255092913793
-5.191636084268491
-4.551738204345384
-3.6313214168330887
-5.067792968048404
-7.87689911822478
-5.023599173640832
-5.426651806260149
-6.908815839638312
-5.253175973892212
-7.8653199672698975
-4.771877789497376
-6.1245595415433245
-5.021455058711581
-3.5046077012349004
-1.3810099956669244
-2.6542125534532324
-1.344069307966327
-8.658712243040403
-2.5664914111576556
-9.050634622573853
-5.73746603810125
-7.138329029083252
-3.2675833962857723
-5.449737554482583
-5.863427043605882
-8.558412313461304
-0.634599845755171
-2.897781992198101
-1.5627808837029575
-7.13126473625501
-2.9766256972849505
-2.6334988415922758
-2.8703328590161012
-2.6920572812106975
-3.6845278211814514
-5.443491211161017
-7.244261145591736
-6.870348811149597
-3.087177059054375
-9.520013809204102
-4.294395773456647
-5.364027403915922
-1.3470086615288892
-2.9394193154626658
-1.6987953269219196
-10.672054767608643
-2.719150647521019
-3.4524794545387314
-3.409671491885092
-3.5500848126377806
-3.669398686648088
-15.315879821777344
-4.141083547978529
-0.5765337260975988
-2.095495477784425
-1.8600044176088308
-1.9970808587784026
-2.95202611212153
-2.4100582511067237
-8.730353403091431
-2.28151192702353
-1.3895704970897593
-3.7954862069870745
-1.7816898812624542
-6.932618200778961
-3.1250905461881
-3.3770078743041
-3.243980824876006
-2.7408810701973607
-8.491384506225586
-7.7468210607767105
-5.24177653176917
-4.010252163300968
-5.630792445875704
-1.357669618345729
-2.030603880994022
-1.693642203632573
-2.2857882275932933
-2.783856587090721
-4.361835279075119
-4.322934213009748
-5.9214478731155396
-9.656479597091675
-5.847038199459868
-9.16136066118876
-3.8374725128815044
-6.304786364237468
-5.750293005257845
-1.6329743991567132
-2.639887728595308
-2.525695058114996
-10.027716159820557
-2.19871862270229
-3.2995733156752647
-4.252832161069627
-14.219368934631348
-4.989072964712977
-6.071565781021491
-4.153721145664652
-0.3649410496218479
-1.7045804906104292
-0.6905415959613905
-3.320029577007517
-9.236061096191406
-2.3581822374059507
-2.4292463226634675
-4.657634813019908
-4.125936081632972
-12.824647903442383
-10.30920934677124
-6.226457556709647
-3.6130624515838767
-2.845137355240877
-2.269753186404705
-0.942883599704146
-2.2473810806072185
-2.1292246297975495
-2.0546106262694854
-4.642607510089874
-5.269255162837605
-5.279862735006544
-1.8741394011503871
-4.006039230447066
-4.393188437621575
-4.034351247549057
-2.8358862960070836
-1.3092474578127924
-1.7323584261217289
-1.8662318617571145
-1.8353685915677085
-7.999586900075276
-3.130803112135394
-6.270846393373278
-7.108171533793211
-4.72016244692107
-6.012130343914032
-6.122015736252069
-3.38976576748038
-3.0747745501908605
-0.6660058615040422
-2.3300561359750906
-1.3171675852711566
-3.692205721778529
-3.7772474576665376
-3.3454386610544695
-2.6362410152219273
-6.135954361408949
-6.4848262277498305
-4.956367984414101
-3.6722636850004515
-3.561900583538533
-1.404868110238264
-2.6490805403196385
-1.8786749106154523
-4.255290452923093
-5.877564174788339
-8.8178984778268
-5.713533969596028
-3.8993961699306965
-4.4521485702558
-5.661620796751231
-6.326756656169891
-9.91014060974121
-16.02656650543213
-3.74658575871795
-5.962337565422058
-5.8972183639804525
-6.702099792659283
-1.2905965269795463
-3.693002517468163
-2.0661047642034562
-4.575581420958042
-2.5463382275406428
-10.76064157485962
-8.353733588010073
-5.914190610249837
-11.0014435450236
-4.948907627724111
-0.058185270714602666
-0.37525855478764114
-0.16156260127900168
-4.203675102738833
-2.263239136691795
-4.543649305137269
-3.6009186830294007
-3.381701098466292
-6.043404817581177
-8.018903498227397
-3.191728309446868
-3.8594460676092868
-5.803385550777118
-2.4187372556480113
-2.6936575384837957
-3.502663091671032
-6.267092674970627
-1.294845115828745
-2.2779073796368072
-0.7584627161056481
-2.687793903658293
-4.793754051838603
-5.001292448076937
-5.176862749969587
-8.06382367014885
-9.469079411029815
-4.752445758320391
-3.8350910960950633
-5.7835794772420615
-6.93798953294754
-3.3518715335950744
-1.5021060151484562
-2.9699094835668802
-1.2650374095061456
-7.478806714216868
-9.869903273880482
-11.926939964294434
-2.335242826600526
-3.74195026656962
-3.620507175801322
-3.6191108736675233
-11.084325790405273
-4.969214914833587
-1.2237405040662754
-1.793984655091273
-1.9410201343072748
-4.759950789809227
-4.1293853450579965
-4.979329531843012
-10.478021621704102
-7.055500790476799
-6.7735595345497135
-3.86059116858891
-6.664104262987773
-12.545841217041016
-4.180328759663098
-5.169794348999858
-5.202824285253882
-4.5977745074778795
-4.494620374093453
-1.3638113165767816
-3.123540628036218
-2.0203960023566405
-4.396616575256653
-5.193650983739644
-4.948108110162947
-5.1572119529758185
-8.735030415654183
-10.155120611190796
-11.899057388305664
-2.3033035960730297
-4.755622331053019
-3.7255858689546586
-5.413317204763492
-5.163418950779097
-1.221081558213579
-2.7298833439791843
-1.7498428655195644
-2.8943459140187455
-2.928026516187506
-2.1300506296518926
-3.383233642512399
-5.289551085273905
-19.508573532104492
-3.126199934970249
-3.878281640871945
-7.385983308156331
-3.958752403559629
-3.7856792019946233
-13.450282096862793
-3.0059933072057903
-5.3164041340351105
-1.2949051805517229
-2.437210899711187
-2.373066608730534
-2.6671864100816576
-2.7145592175253954
-4.298368444045384
-2.456913169751715
-3.191252825791404
-3.4060919800629983
-4.847113104071468
-3.20599959930405
-4.55735319852829
-4.905961227913697
-3.03606099531616
-3.0661447418834573
-2.5475602531732875
-3.528643807955086
-2.4683059317447604
-2.6456700469269743
-7.916931855492294
-3.5357107842074975
-6.890069231390953
-4.240227991482243
-5.782516070538097
-5.824642407894134
-2.835493777800972
-1.989939860733492
-2.84162370538847
-7.432604427759846
-3.3689063635617704
-2.625808802258689
-3.6792507988211582
-3.2634883328224533
-6.7591422296439605
-4.071721646934748
-5.271319456398487
-4.80043524759094
-4.745878037479189
-1.394838273604061
-2.120813397361952
-6.329878594726324
-4.052892408974003
-5.506102602844211
-10.195107316970825
-5.256836457061581
-13.185951232910156
-14.205245971679688
-8.380212247371674
-12.243955135345459
-7.439621210098267
-5.802538728713989
-1.5075652710050538
-3.010175470661904
-1.8903360159178688
-3.256068319337828
-10.774824857711792
-3.665411250665784
-4.13437595184223
-4.835146350114463
-3.316611851819537
-7.34926708539327
-5.683145400136709
-1.4541905282761338
-1.8441365438380413
-1.3794151115421713
-4.388753552688286
-3.7401446543464605
-3.1529521398111493
-4.352386555681005
-4.873793934495188
-3.954468359798193
-9.164033276339373
-0.550838494731579
-6.530424801898854
-2.1984264742244375
-4.598019584392508
-4.475994777797377
-13.029129981994629
-3.2989533183972526
-6.78717939183116
-2.9792423211038113
-9.320286963135004
-10.040975247199336
-3.9779956579208373
-1.0779698367714445
-2.049008912806
-2.2693001256028023
-2.832466729450971
-3.876420445810072
-2.995321792323375
-3.6065277194211376
-3.972366407030047
-4.3894293869328544
-4.776117737684399
-3.709337182816983
-15.506306648254395
-2.6946813531816587
-9.025075594584147
-1.1742184826828936
-3.5590485994471237
-1.9065647813364526
-4.27024933197446
-3.831810705504674
-3.5104908249839872
-4.386381423473358
-4.804324082098901
-4.129579244712231
-4.625302556044577
-8.11034012834231
-3.589581235897236
-3.9387072001076637
-4.341221221955493
-14.052389144897461
-1.432605191270947
-5.281271095786776
-1.5342477114913478
-4.09661677479744
-6.344362488094096
-2.500297618442952
-2.642928836774081
-3.042518354413005
-3.8432812785108883
-3.1172242461470887
-6.061431986945016
-3.8169291466474533
-7.9357865651448565
-3.3783689725678414
-1.7819435434519417
-4.113070707439499
-2.2410467107133867
-1.361468236057893
-1.9055258184671402
-4.0188946996682455
-3.1331459172070026
-5.154757931828499
-5.033801045418451
-5.33215752801334
-5.183764068285624
-4.698916671687039
-5.169376415014267
-5.258927565850576
-4.751338332374063
-6.027572065591812
-4.170947004730503
-3.7876558065981953
-5.497013944387436
-4.226871013641357
-6.3717163155476255
-1.4635554971852496
-2.2042622914803878
-3.310993852958615
-2.470418618949638
-3.2537680281720194
-2.2826130696357723
-5.417493313824868
-3.056758141091964
-3.352709000911809
-5.480236735608843
-5.237032184111221
-3.8628730776254088
-4.178472049179531
-4.247192902998491
-4.868392174114258
-4.358995284749921
-3.2869246288069656
-0.7128616296765055
-2.7193515318046724
-4.498739148889269
-4.477395830942052
-4.137124280134837
-5.763470411300659
-3.774338736974945
-6.73375223359714
-4.519946987362346
-4.033304539243026
-8.683247184753418
-6.829344811450158
-0.8272400339677309
-1.8664203573550497
-2.5390128048935106
-8.026970262328783
-3.417429457295489
-3.6312869269195724
-2.9328957923335603
-3.804016368049714
-3.2712585724754413
-3.2746440335723683
-3.091833886114654
-5.4938212662935255
-3.4491986708624087
-6.092162633935611
-0.9729729384440967
-2.3436950615474155
-2.645858961889254
-3.1288732701999833
-4.884426700468692
-1.7521519215030519
-3.0533646722989425
-3.142739268951118
-2.7295585314489226
-3.61597986772981
-4.107326670823729
-5.605423331260681
-5.379676377773285
-6.113130331039429
-5.513946894142363
-4.496231616520423
-9.494379043579102
-4.712075170874596
-4.395900932225314
-5.939475337509066
-6.500018306076527
-3.936857710778713
-7.82302584250768
-4.1806670885819655
-1.0168866007685817
-3.4370892431054796
-3.150598628512983
-4.1708325022565464
-5.967887987196446
-3.4094440005474578
-3.21783928019474
-5.472112637013197
-3.849105894650655
-4.966535884600419
-3.7891459002913463
-4.363640837944471
-5.273474165548881
-3.9050064861565428
-4.901191395062667
-4.901241607964039
-6.47902537882328
-5.418175695743412
-3.6708395729074255
-6.170709276199341
-4.737799340606823
-4.462091381351153
-6.035209164644281
-1.4037077838135399
-2.319567272705691
-3.888055509455236
-3.867073280736804
-2.9539264987007994
-3.749560390909513
-4.0051205187046435
-5.020473652984947
-7.873759056131045
-3.756870651038688
-5.336211711168289
-4.2755344897508625
-1.227665773467379
-2.519919701253197
-4.659305179757731
-2.851430574855344
-3.0941027578215157
-2.7968382599470005
-4.2160603528221445
-4.4377859346568584
-3.261178912084189
-3.595582117991788
-3.0067644134307137
-3.5314243670470793
-4.236604469440256
-6.370190352201462
-4.733423233032227
-1.0033699672567309
-2.5642215347449695
-2.7561982352220054
-1.8333710073281757
-4.930293607711792
-2.4518655949089276
-4.376938902240779
-3.5620182744023623
-3.4877573368139565
-7.271309797962506
-6.948093248903751
-3.185484837197388
-4.965091904004415
-4.273892641765997
-1.3012552714644698
-1.7789317007575716
-3.21746580515589
-4.8850233347824545
-4.357505411442782
-10.411604881286621
-3.6419823129945144
-4.715764542038624
-4.994109123945236
-0.6751345988717125
-3.1116614269890954
-3.567380818704675
-3.5538985894166397
-4.385660637405553
-3.7127751799796345
-2.569108829508731
-5.749508696724661
-8.693892121315002
-5.394284990179585
-1.758622906684953
-6.5304247337792605
-2.9778265560578023
-3.4820643481242852
-5.450093425810337
-6.093241895948138
-5.344499967604254
-6.7789159417152405
-6.111219823104572
-4.350530692291531
-1.6083189781675173
-6.5304247337792605
-2.9778265560578023
-2.10405778738537
-3.704895903170109
-6.848278492689133
-4.864600958826486
-4.965120012073645
-4.240596451184501
-3.3551525060126246
-4.9502275662712885
-5.1345789432525635
-4.310605724807829
-5.047737993299961
-1.4135258879432513
-1.8506817522990917
-3.5997733092600748
-4.377358534932137
-3.062114426230367
-3.404485601123959
-4.63343642023392
-5.0354444198310375
-4.358852834720165
-6.316206722387245
-5.522831276059151
-4.556046999900718
-4.474113814532757
-3.666055921232328
-0.9416287913809356
-2.561977894244982
-3.2054204706634795
-3.111417241648517
-2.6019396894894427
-3.6056533205575825
-3.569094915104991
-8.148036082585653
-4.360334260123117
-3.426124899337689
-5.7716945707798
-6.128214231133461
-0.921213667546302
-1.2889223765315754
-2.2471171745897403
-6.701629722490907
-7.280767917633057
-4.298573547289319
-10.846293926239014
-6.364418524007003
-8.27563941180706
-3.4697561149118097
-6.4739798456430435
-6.80005616620183
-4.278307638385079
-3.910657706670463
-3.7251798983178332
-1.465284160830682
-3.6234134854748845
-2.907755843929148
-12.01451587677002
-7.526562299993303
-4.239655031512181
-4.630675606119136
-7.725658189505339
-3.6586491179448783
-6.034139442940553
-3.205246719197021
-4.7191224576284485
-8.672435092926026
-18.053821563720703
-7.348380727382998
-6.970179686179528
-5.324861312285066
-1.30887091129019
-1.7262746711660708
-3.096641134071563
-7.7763237953186035
-3.513333187970732
-2.9071536189564164
-3.334279498686859
-4.4048983860347
-6.7525384202599525
-5.55565162215914
-4.038889980041528
-4.571499444544315
-4.950544654081265
-1.2931974820360967
-1.9804976536626262
-3.218249482601615
-3.147113048115548
-3.2153881040091314
-4.274083233054946
-7.5359685930113
-3.530179496233662
-4.118830136104952
-4.018905766738149
-22.90170669555664
-4.055650627240539
-3.589988743653521
-1.3587331223970978
-2.285158940457872
-4.615785379494939
-2.5953505523502827
-3.3264273311942816
-3.971435621380806
-3.9449622418683514
-4.885147639916146
-7.267029319490705
-3.9829053611439815
-3.4777348505546493
-5.071548761427403
-5.878125726160678
-4.888735150118009
-5.325300830602646
-4.091775156372665
-1.1263748735897632
-2.9168576199029173
-3.10677231369274
-2.3772051273845136
-3.6515056190883595
-3.4981656322481287
-4.624011413617567
-5.42197459084647
-3.144075110554695
-3.4685161054250786
-7.857899141311646
-3.6395573297556005
-1.4122404500291548
-2.177309799939394
-3.0813941723400995
-2.4527357891201973
-5.178190286954244
-5.1891973581579
-5.547879111720249
-5.74517847462134
-3.2821013667520935
-4.544267966515488
-4.933519388948168
-3.197191741916218
-5.208185210824013
-6.12834210395813
-1.1042391892357653
-2.87787230898227
-3.0990068398282995
-3.0337159135560796
-2.711608580624064
-4.370280421325746
-7.043748289346695
-5.183698269724846
-4.9580588681357245
-4.87572455406189
-4.311704054474831
-0.5817494768889446
-1.9620183748858315
-2.2875725041542734
-2.486327443816764
-5.229970276355743
-4.911675521025532
-7.67287168665401
-7.062037450727075
-3.8150200049082437
-10.239866415659586
-5.159275367856026
-6.528151113539934
-6.8283961074692865
-4.870300816197414
-6.733394344337285
-1.6325289003052603
-3.3670517670522844
-3.1737744208159193
-8.566520820061365
-5.335540468042547
-4.304232370447028
-6.031072391197085
-5.063272549360085
-7.133546094410121
-5.154178356544839
-5.839070187571148
-4.7870727976163225
-6.663910975058873
-11.263685862223307
-5.457463619682719
-6.879641612370809
-1.5566555767163663
-2.760400832630694
-3.9233758003850068
-2.9511794758339724
-3.0246920876158403
-5.035974492824033
-3.768893928194302
-4.9871148929143185
-10.040823698043823
-3.9250552797457203
-3.806557689575762
-5.012198499475534
-4.15023471054883
-3.1261522920242335
-4.382736887250628
-2.9793796793868146
-3.6182467917853502
-2.9228598889766055
-7.129572957754135
-2.7395796029564474
-5.607767963223159
-7.366958260536194
-4.641542784869671
-3.184055528351261
-1.336073858783493
-3.1141467347874174
-3.7030397916345725
-3.167206239886582
-4.932332626410893
-5.056881775910204
-5.569246903889709
-4.015648401776949
-2.8786507436598185
-4.3708374261856076
-5.652397337369621
-4.376393978210056
-4.421373407036299
-0.38687890723667806
-0.7361608882035527
-1.9283782624739356
-2.634588493441697
-3.7688465056320033
-3.9234462213732484
-3.9015979044712505
-4.890623993343777
-3.606984460584389
-4.031741385276501
-5.374458703729841
-3.214025949799179
-5.016934551254963
-8.787505626678467
-4.9920253906812935
-6.474275939063066
-5.712992108116548
-4.429646476637572
-7.492279426194727
-1.3167703893814178
-3.0940725848610913
-3.4111146458557675
-7.919878598302603
-3.424792532206458
-2.471634342666827
-5.771625132273095
-9.856054782867432
-4.8895572763327175
-5.28228426973025
-5.302560176079472
-7.902178466320038
-0.47106984048393014
-2.0189216637185643
-3.005987400488396
-3.3052170565351844
-5.3591275648637255
-5.918810546398163
-5.421912282705307
-2.9009233782223114
-7.914776764810085
-4.3396075192838905
-4.816588261952767
-4.8934521713138865
-3.583050768290247
-1.2593085199793375
-1.560543054714799
-2.4984761085361242
-2.4414869685258185
-7.258235931396484
-5.40632261633873
-2.525993380692089
-4.25659380214555
-4.532873862981797
-0.5450239018524977
-3.303886389492878
-2.483390456730766
-4.672630723317464
-5.460905015468597
-7.797599056114753
-3.8545287996530533
-4.182136583452423
-5.505714509325723
-2.0162359936875873
-3.637096044075276
-2.2681015384316976
-12.019155502319336
-4.41612038999416
-5.711681672636504
-7.035273718833923
-6.678571565697591
-4.41384097635746
-4.5088355821956485
-3.402084469795227
-5.123195007909089
-1.0845763607576373
-3.678450891215886
-3.01599546869485
-2.419668003904917
-4.10277039886055
-7.854430198669434
-4.190237975120544
-4.753032346527713
-9.066992282867432
-3.7852627674583346
-1.1824177015429693
-1.9209529973034347
-2.670639465529738
-3.337687675756487
-6.527789635816589
-2.7318547931613666
-2.841191675362643
-0.02061923993945432
-4.861406236753932
-1.399931733176345
-6.530424870018448
-2.977826540192057
-3.3488387942314146
-4.755763875750395
-6.561310982704162
-3.4272415565113383
-3.0797065648321924
-8.062015503644943
-4.322134707123041
-3.635740432410135
-0.5745439492335814
-0.9175290873307469
-2.4073645082368915
-2.8438154136141143
-2.93087696794716
-6.077371805906296
-4.144811386581171
-3.551014809051176
-9.7826584815979
-3.486595660802864
-9.860971093177795
-5.082196005753109
-4.400041418725676
-1.1541592961087492
-2.2678920472306863
-3.4451351892535707
-3.6704451963111446
-3.6876369897094823
-5.495399160543457
-5.001997646163492
-5.700164506832759
-11.695653915405273
-1.4411612672896201
-2.384522293162133
-4.609206931931632
-5.969597232838471
-2.2367856188883217
-3.1281666824537697
-5.015814737727244
-4.655802905237685
-2.8110921989621906
-2.5159173409037034
-4.232591282231389
-3.4948468438528697
-6.966579450420492
-4.784160164460032
-3.291090827435255
-0.9688853270163236
-2.117630699915545
-2.3619686333196506
-2.453016687057574
-3.251980458269827
-3.232656676718896
-4.151638104683823
-7.629093845685323
-4.646263129181332
-1.5656225620308153
-2.130629908958716
-4.609206963862691
-2.3907154617232402
-1.9855590965831653
-3.126226708754742
-4.8483207954300775
-2.4028493350882894
-3.059249791534482
-10.178670406341553
-3.2709484173799863
-2.7694571489126836
-4.005955624077401
-3.115589945577085
-7.232828561216593
-1.208920468242771
-2.4423005799097672
-2.754619514237025
-3.088210917235791
-4.24412948059944
-6.016816005110741
-10.153244018554688
-7.923631379380822
-3.325903382152319
-5.206214436462948
-7.01516695022583
-1.2979135801433586
-2.5951507801323066
-2.6916418916246454
-7.876854181289673
-3.9578728620628163
-3.2189352436951593
-3.7187193661928175
-2.307211864464787
-9.874658823013306
-2.6040460912019783
-3.271862719068436
-3.707001916869418
-2.985035896068439
-2.363206799761468
-7.555169582366943
-4.677556733334703
-3.404210094115776
-3.343027742113918
-5.525776237249374
-5.4620277166366575
-1.1953816071578938
-3.85388632185225
-3.350741324081485
-6.6844297622640925
-3.1723640131364976
-3.0450505518900424
-3.879651898566711
-4.482202351741169
-8.626907348632812
-2.9882742762565613
-4.399462566844055
-3.7654177489690484
-5.136575270976339
-4.3127183355391026
-3.9063938393405606
-3.820612186862854
-3.8177650928497315
-6.99111071228981
-5.10005155643996
-4.173024855644649
-4.296931762015447
-3.602006213118633
-4.620880923544367
-2.894323148937137
-2.6353277690844457
-5.498188227415085
-4.635257372011741
-4.592646943056025
-6.3666699422257285
-11.386698246002197
-3.284231577600752
-8.696524169296026
-4.303216139475505
-5.706395861844067
-3.1455372301014988
-3.8385781224351376
-8.762125633656979
-3.5047218676449523
-5.368192178862436
-11.402141571044922
-2.9996064476144966
-7.7103112697601315
-7.8495299339294435
-3.815657406217522
-6.051685594022274
-4.51752518415451
-3.6490694085756936
-2.6444302242194797
-2.836062789561812
-3.518456956540996
-8.307412852998823
-8.745881175994873
-5.811855242121965
-3.6668015845352784
-4.585464479029179
-4.157572837976309
-4.165741456177784
-3.2487610850366764
-19.023462295532227
-3.431572878709994
-2.486241134156113
-2.890791738216649
-3.5955662422813477
-3.5517693939618766
-4.158858863636851
-5.229782164096832
-4.8160253167152405
-16.247879028320312
-9.506115531921386
-22.36255645751953
-6.053241074085236
-3.299351864567143
-4.305518455415343
-4.209585982724093
-8.817411303520203
-16.939088821411133
-3.1823847124978784
-5.1551781366579235
-4.497881705110723
-3.4879196682408553
-4.7949658851372075
-4.047189869663932
-3.1516718476936645
-9.203048014640808
-4.4745236155059604
-6.203977346420288
-12.64939832687378
-5.259918183088303
-3.2085349566768855
-21.71531105041504
-3.9276643519600234
-7.35795384645462
-5.328554630279541
-3.6825005866849096
-3.7420962841948495
-4.707829545686642
-5.859419059474021
-3.3000973759335466
-3.846806549979374
-10.34575114250183
-9.515557289123535
-6.93669855594635
-3.5714162609510822
-5.5993512034416195
-2.4960478060878812
-5.335231962800026
-4.603975256284078
-3.702904270030558
-10.912334084510803
-6.022845230996609
-3.8422453968184223
-5.991406013003143
-2.5661858448157937
-3.622138348221779
-4.092656115198042
-5.393479405343532
-8.403765797615051
-3.7084149433670706
-6.677689265459776
-3.9719625000327237
-5.169407557696104
-4.422935128768943
-6.956556415557861
-4.247516702659985
-6.8045647740364075
-5.244984556299944
-4.784471659283889
-3.0873301071435986
-3.6855646645029387
-4.404841860135396
-4.842553913593292
-5.850857567042112
-6.694971257199843
-5.564478360551099
-3.8559016320440502
-4.868000685620834
-6.725226590875536
-21.69487762451172
-2.7579986501268334
-6.037079141347527
-6.80764795653522
-5.479667277740581
-5.083424883478854
-6.236155462265015
-3.3843529228819533
-3.440335657861498
-8.162616729736328
-3.3193000655840423
-2.722299251512404
-3.3884493063034657
-3.481442692575261
-3.1303037307386856
-7.2430232260376215
-6.4104751745859785
-4.752474960987456
-4.744350425899029
-3.066795582184568
-4.583818246424198
-3.4405069834153568
-6.2512659631669525
-11.939143180847168
-3.3518201663779714
-4.2101971004438905
-4.2174148609152935
-4.719185367226601
-3.4684544755145907
-9.336688359578451
-13.254093527793884
-7.91867146633255
-4.943733479434741
-3.67709881067276
-4.55308340004558
-4.041540993894968
-4.267635608464479
-5.446208084806461
-2.556307071567668
-12.657578786214193
-4.443905599415302
-6.043844270209472
-4.208910488701881
-2.62482862777607
-3.7734704073518515
-4.888008631088517
-6.3250620608450845
-6.128326972015202
-8.315261459350586
-4.949601775966585
-5.286720645427704
-4.1880101878196
-5.7458800515159965
-2.8804318875489705
-6.190213575959206
-7.68549153804779
-7.520978689193726
-7.772090181708336
-4.2097202730801655
-9.386370086669922
-3.7131221081529344
-1.175592600678404
-6.683014194170634
-4.1551441620913865
-4.487828742588006
-0.018464683496858925
-8.530136775970458
-3.632881595329805
-3.835852798361045
-4.80597710609436
-4.908786748535931
-4.67017359038194
-4.7556768996374945
-4.537562750279903
-6.404258346557617
-4.208870629380856
-3.5940533997491
-2.9800754145041783
-19.333309173583984
-2.8047077658029593
-11.387704372406006
-3.701912626158446
-1.8271995067959377
-3.1009552813588277
-3.3252512133175816
-5.137337738789419
-9.734795582294463
-3.2385550011747033
-2.550106092877686
-2.325691546978002
-5.747371252936621
-10.167268753051758
-3.0480749656950743
-3.7818857755877877
-4.958542266938214
-3.4692542335639396
-4.334781953385876
-12.638476371765137
-5.225794158875942
-5.311254322528839
-5.397275018692016
-19.24390983581543
-3.717154788330663
-2.8904865801982256
-5.869561243057251
-5.296763670953134
-3.677397468117354
-4.144988318439573
-0.027880799025297165
-3.0008077926080055
-5.374383514577692
-3.6090302589873318
-3.320886130258441
-4.603174751624465
-8.904678344726562
-3.6044530591563038
-3.140901265337187
-6.628056013335784
-5.5988483334193
-4.207275131163312
-4.753502927565326
-4.669571572957053
-4.218440340804484
-4.897395532916892
-2.87527945085003
-4.070804115584386
-3.2876765280518505
-4.766052988960462
-6.065513191434245
-5.4044102191925045
-3.5070270523428917
-4.598562002182007
-3.143762141808539
-4.86040537017915
-3.6226792365312575
-4.148867412625502
-4.516694348719385
-11.022747039794922
-3.5305594296987692
-3.457642116189084
-6.364665680099279
-6.406724393367767
-6.136790479222934
-3.7235128952722465
-3.3979693885210307
-0.02487635938450694
-4.197472378611565
-5.518787741661072
-2.6864479855983516
-1.9846921534966289
-2.7013583957353453
-1.67366357440395
-5.234120825926463
-4.356349539943039
-3.9284370355308056
-2.6286110082707768
-3.1978167562584323
-3.21960277032728
-5.058730814792216
-6.359612912560503
-4.4350424077775745
-4.491803118779969
-8.783983747164408
-8.081811952590943
-5.211017955433238
-3.4791476603755394
-6.91034839370034
-4.420801687985659
-3.6297402957840483
-5.1047090362990275
-3.5063627153111154
-2.942614738049451
-3.229673443875072
-3.8475884975050576
-6.027402639389038
-2.9418173025531527
-14.907179355621338
-6.430852651596069
-4.864073508984542
-3.317660401578501
-5.5164336785674095
-5.0014745622873304
-4.158313754804632
-6.211402718288203
-5.315461426973343
-4.1096127087419685
-5.058514334261417
-7.321544865767161
-7.801323294639587
-3.6823268915112646
-6.07479901002212
-4.888402961194515
-5.208204797336033
-3.381224274635315
-5.596037576440722
-7.776283264160156
-10.761141777038574
-5.117421768605709
-3.854252901207656
-9.31699725985527
-11.051996231079102
-11.270406663417816
-4.901575628916422
-4.010808375477791
-4.430606174342756
-8.284112763404845
-3.4549795152415754
-4.274105997383595
-7.1736226951082545
-6.781298803786437
-2.752887019280182
-3.3234096328628118
-4.783171184360981
-5.057064724512971
-3.7375505812880068
-4.800810212003333
-11.990378697713217
-2.9946950060459683
-2.6854433198185528
-3.175945752401215
-6.530111531416575
-7.134433191580077
-3.1547165853359425
-4.338572836498945
-5.257758684766789
-4.357243499699204
-5.486028927777495
-10.933409929275513
-6.2188445925712585
-4.540661565959454
-8.156440176069736
-3.1230171509087086
-6.575161457061768
-4.446922285482287
-6.349791383743286
-6.627155537406604
-5.440525710582733
-4.755600845441222
-2.6603988102260265
-3.9306103755635293
-11.351910909016928
-3.796247614780441
-3.3517746544481875
-10.988858699798584
-5.699345694109797
-6.971462170283
-4.7667855741993455
-4.013451985217846
-3.9613432101699906
-4.150626216433011
-1.7409501169871267
-2.7059265130374115
-3.637461670441553
-2.643096649495419
-4.439789733290672
-3.8615640430223372
-4.873574842299734
-8.798355960845948
-21.551633834838867
-3.4480852012079244
-3.515415760603818
-4.757286879944149
-3.175193660244113
-3.200177019373292
-4.085612964630127
-3.6015280775803453
-7.7907748221574975
-7.239487604796887
-3.3268305134784897
-3.9375489087085174
-2.7487877588463014
-3.4957410641169795
-3.351120403018565
-4.1573102703938885
-7.264993190765381
-4.04275575466454
-4.419475057721138
-2.8763433699001326
-4.786615513265133
-2.8645869794246903
-2.376491697919038
-5.4169487780503305
-2.2282583457417786
-5.229574618431238
-4.704369234187262
-8.29216160774231
-9.497326036294302
-6.051633575884625
-3.4333604590760336
-2.3770005216598897
-1.9134435803280212
-2.8527984046796337
-4.382275169094403
-4.016429110585402
-2.1737862981972285
-4.645617499947548
-4.800217465290593
-8.872253934542337
-8.605934000015258
-4.534000939130783
-4.942810170352459
-14.333213806152344
-4.297786224346894
-6.822805047035217
-4.580378737766296
-4.4237667342182245
-4.260252040218223
-3.2863859603255006
-4.948993244518836
-4.736887729416291
-3.6038520026652674
-2.860441470887357
-4.700106183726651
-3.9398900454398245
-3.933244848416911
-5.6448454931378365
-3.6424201050540432
-12.183623909950256
-5.689753781072795
-4.245936271283426
-6.558879494667053
-7.504854380552258
-5.901031006466258
-4.015462523698806
-9.539462447166443
-3.8093832672573624
-4.491041809809394
-6.880115706007928
-5.209379941225052
-7.6826718807220455
-4.754996885855992
-6.610803127288818
-10.304287672042847
-5.156053089071065
-6.0984938244024915
-4.032442612244802
-3.3756134853077433
-4.710315842837603
-7.07893743366003
-3.6125116171874105
-4.005930662155151
-4.249368186574429
-5.386867340654135
-5.656696274566154
-3.538687569787726
-3.795629611813153
-6.009568404938493
-6.180892040332158
-6.870906489236014
-3.0259585493408583
-9.58156132698059
-7.606418669223785
-4.049301136817251
-3.573923623349401
-2.811067295074463
-3.4848128289860836
-3.9938734977719528
-3.760615213153263
-4.171100356305639
-5.2235151926676435
-4.384511186182499
-5.81806070463998
-5.12961467107137
-9.915031711260477
-4.654209590383938
-7.479907353719075
-2.9991849252439446
-3.469708971902728
-3.084344850232204
-4.40241619348526
-4.25470639527258
-15.275282859802246
-3.772244139574468
-5.699944370401291
-3.6061088240572383
-8.491517066955566
-3.560618571937084
-5.022207270969044
-2.686829723629423
-2.726681625645142
-6.558140575885773
-4.208389077638276
-5.130171753466129
-5.572016014216038
-4.06171650653705
-3.9671500046970323
-4.774385152118547
-3.549957462819293
-4.95388966302077
-5.0425612678130465
-5.873091565238105
-5.685703751631081
-11.857104142506918
-5.506741339961688
-4.46459858417511
-3.218420820310712
-4.73493857275356
-4.485742767734337
-2.5030268974602223
-3.591620391389976
-12.987537264823914
-5.430494993925095
-3.4419820946283064
-3.8828814424574376
-5.870164513587952
-3.2820904767140746
-5.5059497451240365
-7.058996319770813
-9.95246148109436
-5.51738851768896
-8.00665188456575
-3.95801485478878
-21.023975372314453
-7.65947163105011
-5.340226829051971
-7.688546180725098
-4.4607899735371275
-5.8974556128184
-5.304173320104018
-6.2353713139891624
-4.241900902528029
-3.8151452535336525
-12.355486869812012
-12.211984475453695
-3.8755741416825913
-3.7307085480727253
-3.119619565493908
-5.666569613812801
-4.016019333923317
-4.079776641395357
-3.749217200485873
-3.261147767305374
-4.1925033789414625
-6.098725959658623
-4.40697706597192
-11.526117980480194
-6.390757753862999
-5.168440249669154
-6.160352161361112
-5.437948826700449
-4.579398601936798
-3.725714898922227
-3.498321275319904
-5.250122427940369
-4.7786006271839145
-7.273386120796204
-7.2644044160842896
-8.655208071072897
-14.354403018951416
-6.0770536462465925
-3.0880252955976175
-4.1715294548776
-2.245979692445447
-6.059784642287663
-7.208106160163879
-6.8351896069943905
-5.0194820532431965
-6.238346321242196
-2.8389644001201244
-7.876248360921939
-4.289898398649206
-4.680387940630316
-5.399666973019896
-5.633967725083494
-4.792245718922156
-4.856086441212231
-3.9903128962549896
-3.243677329272032
-4.434952614208062
-7.842207821086049
-5.092365724593401
-5.424625174026005
-2.670820248698874
-3.6297062454479083
-3.4333897473459896
-9.111860677599907
-2.1960897959059884
-6.393569415401934
-10.894841432571411
-4.811926832253283
-3.4444937789191803
-3.931112523260526
-3.0141185062555294
-9.144641780853272
-4.979952470319404
-5.249171739274805
-1.5098750845954783
-2.867725104758782
-2.222596607350914
-6.393430291985472
-8.018255978822708
-18.741504669189453
-4.458207859573039
-8.130521217981974
-8.975558280944824
-7.240715989044735
-1.1477107607994792
-6.530424717281546
-2.1142941153057935
-2.6718961919790933
-4.1550127751364085
-3.533989093541297
-3.022820938879574
-5.886789066450937
-6.208296140034993
-3.0225130883045495
-5.275182383401053
-0.36494110963637166
-0.7362484876066446
-1.0692829292754389
-4.226035624238041
-4.0602500785462325
-5.219211121400197
-8.48645269870758
-7.4804164652402205
-8.099226951599121
-1.469477540102768
-6.497055601328611
-2.194017278348011
-6.08491590379751
-3.7483932424972104
-5.347721056872979
-4.919030154141812
-4.558396724861507
-3.356945299105719
-3.7577229773936174
-5.468003431955974
-7.035794737438361
-3.454374447464943
-4.5274356717572495
-0.6491964069318783
-3.047832234895655
-1.8578709680587053
-3.7958221471393094
-4.563135495153256
-3.436436985446163
-5.852035817424102
-4.529990588128567
-4.736784648869864
-4.591018888788919
-3.7290345079575977
-5.176322664533343
-3.319624753565424
-6.742633056640625
-10.306565284729004
-0.7763805169770421
-1.7226528011794602
-1.4400948636995798
-2.3400963876547394
-4.80780936903102
-3.1951520966298026
-5.32174491789192
-10.170990784962973
-3.7609287555193682
-4.503819370642304
-4.11389182577841
-3.9799108020961285
-6.4683285268644495
-5.373734402656555
-1.083084447169919
-2.111610391576375
-1.1666665520434352
-4.956162875518203
-4.076464244548697
-5.002678904375485
-3.4824876089114696
-4.806317785648086
-8.620512557215989
-4.627160562667996
-3.782124943099916
-6.724677812521501
-3.2799542017488017
-1.1322880484779791
-2.6651217729917596
-1.346987656455233
-2.787459816723034
-4.348898135563907
-4.338636434931472
-10.428073351581892
-3.511803538519113
-3.286420224623206
-5.243292318923133
-6.589801455661655
-4.319480299818679
-3.7355027397473655
-19.60930061340332
-1.1678170419102873
-2.232822905693735
-1.664902063340626
-3.481456328649074
-6.168999628587202
-4.535669337841682
-5.523898083716631
-6.590419337153435
-7.341227958599727
-4.949172703150127
-4.500458722623686
-0.57454402651274
-1.260606600038175
-1.2425382994115353
-2.364563462768935
-10.482527494430542
-2.3967337420433372
-3.4089894069023248
-4.0389195871022014
-3.2602372582368844
-13.709282239278158
-5.472630943896042
-5.084476980898115
-4.387848074237506
-4.76635970052501
-3.6833929194690427
-4.315884232521057
-3.7224959862360265
-5.1342132070234845
-5.582371067022905
-4.056171371705002
-3.464515211507923
-11.417437394460043
-10.148601055145264
-6.627640128135681
-3.7126004629229246
-6.015170526504517
-3.9900540669759113
-5.475091278553009
-5.427097198863824
-1.6687262517692336
-3.0750604333089933
-1.5194997237995267
-3.639131438875295
-2.957615736871958
-4.100220297862377
-6.921407012579341
-1.7041679977228341
-3.649673523913537
-2.320110455070707
-7.120725532372792
-4.605056916180599
-4.354110134206712
-3.761453056940809
-5.288679787090847
-1.2755348678704952
-1.9958055006074054
-3.510458105667071
-3.4843327394286776
-7.548254370689392
-5.043836046941578
-4.118164218755232
-4.2420060270330096
-4.297800536666598
-20.148839950561523
-6.835412907600403
-4.0947797501285095
-3.5253308169357136
-5.30215738217036
-5.443733943626285
-5.070122364908457
-4.376530023565283
-2.618845689349109
-4.879296127068194
-1.7930232114861913
-3.703385337655033
-2.65444615453651
-3.3396937699988483
-3.484970717690885
-5.84395923614502
-4.449372156523168
-7.022689541180928
-3.753786762957187
-3.8144601974636316
-5.608282030414557
-3.5066996730872364
-5.7718463356678305
-1.429763855836427
-1.9385600485770471
-6.444486379623413
-2.133809758350253
-2.926201144573237
-4.330533667571014
-4.642805114388466
-3.0395218898613368
-5.834277772903443
-7.588216384251912
-6.9974178075790405
-9.289196491241455
-16.98293113708496
-3.099259185488336
-2.897553516310706
-1.054864260214951
-3.3798472630525276
-1.6940375840587711
-8.937100331609448
-3.3461511716932844
-3.7190545835397453
-4.315756916999817
-6.914271948548655
-3.8963510836474597
-5.101783791302958
-9.503983116149902
-3.162847730702803
-3.9560421040514484
-1.2247077121185914
-2.822832076012024
-1.4914660673715512
-3.1723999697715044
-7.394778728485107
-2.49557580438947
-6.632242260500789
-5.86669988102383
-5.211818388530186
-8.058383703231812
-4.634937757795507
-4.0522567374573555
-3.5116873382299674
-6.64914668622342
-4.956922785764618
-8.414554754892984
-4.348683977645123
-1.6719869557479494
-4.211771772908313
-1.6987223912411453
-3.3243350673805896
-3.3260286834329236
-4.180185986983002
-7.429726994518812
-4.754422646429804
-5.49844491481781
-3.755367111414671
-6.958852863311767
-4.9150368956848975
-3.6230699704451994
-2.7791959529859014
-13.911319732666016
-1.2370550609642426
-2.6245976463625476
-1.9478303848935121
-3.4490262573131725
-5.758909948170185
-4.690682497725357
-4.420110872335499
-4.587771212216467
-6.629634690284729
-4.618784490844701
-5.4515251368284225
-22.06230354309082
-0.9643797265064981
-1.7233875139084245
-1.8833305518015881
-4.223342516769965
-4.981949446526797
-5.14557521045208
-11.560428619384766
-5.103715420514345
-10.410607814788818
-4.01040924969776
-3.9898966890759766
-4.303159874677658
-6.345635831356049
-0.9883591405171804
-2.0124193566984365
-2.05621963692829
-4.529110364615917
-2.7899243464427337
-4.133260386329817
-4.613609810636262
-4.744733221735805
-5.6082994639873505
-4.464061064739427
-4.843888747906628
-6.8614606782794
-4.7121572137548355
-4.330104044505528
-5.071081410694974
-3.667041241750121
-5.751528637749808
-7.429648339748383
-2.969687713154902
-1.549103304981145
-3.667519925162196
-2.5511941650289702
-2.607662486340347
-5.157858318416402
-5.263991098119212
-2.435547309682226
-4.931854320515413
-5.264769697896554
-6.005234003067017
-3.476018608780578
-4.66363251209259
-3.8013531625270844
-4.697663402557373
-6.825491504743695
-1.7198169842425461
-2.3926037291863134
-2.5027892097449778
-4.336920056026429
-5.801540512649808
-9.0580770795544
-7.614579337338607
-4.2421288465484395
-6.065147856871287
-4.626926547288894
-3.377246742323041
-5.6304847449064255
-4.085992783308029
-7.139139850934346
-1.4109592227638739
-2.13214112924678
-1.3956395107829436
-7.726425528526306
-5.292066049095328
-7.843761483828227
-8.892438650131226
-8.709554970264435
-5.635147865613302
-6.372951825459798
-7.609708035597578
-4.571499628325303
-1.37378351902953
-1.9471880059157098
-1.918495303062214
-2.8774928071846566
-3.4345796583331234
-3.2667923705774315
-17.488418579101562
-4.826413530111313
-4.747808146157435
-5.659722606341044
-4.330863903869282
-0.5759165114735273
-1.583195277755814
-1.645361764599908
-1.7361708879470825
-5.239438297433986
-4.878169125788477
-3.537279449497314
-3.5946687472828973
-4.194251431359185
-4.408072112805464
-10.553519487380981
-7.398025304079056
-5.34834889570872
-7.094364834328492
-10.272624651590982
-6.639785165588061
-4.511552606485425
-7.018739745020866
-6.688312638889659
-6.335477113723755
-8.906047285667487
-5.525969013089447
-8.064711843218122
-7.400747925043106
-1.2743222728956123
-1.6501421364290374
-1.6920317819723012
-5.7626902138193445
-8.610338422987196
-6.865474791824818
-12.789894580841064
-4.513191500146474
-7.7036546394228935
-4.7229649582877755
-3.2084647286271015
-5.772061586380005
-4.081025249541695
-3.905343254407247
-2.917480455012992
-7.680310606956482
-6.484637508789699
-5.0403513550758365
-4.680870356522394
-11.993340492248535
-2.266335762649154
-1.640509287562357
-2.6033324893297896
-1.6734201055845583
-4.354610962048173
-5.1586447805166245
-5.109375017629645
-3.44633853308355
-5.914958966406994
-6.540075567033556
-3.9750323000053567
-6.087345747011049
-6.7303377114809475
-10.817267755667368
-3.7571922397964954
-13.75661325454712
-4.566057825778262
-6.459445258555934
-6.207163988053798
-3.2848980692437006
-6.945920759811997
-1.475416492436428
-3.5208997721783817
-2.555940404026346
-5.940566930919886
-4.065101008862257
-3.2079760784063884
-6.112653960784276
-4.295298031204416
-5.388889966998249
-4.926909530849661
-12.894903182983398
-4.6934599706104825
-4.933682119846344
-4.152250452229055
-4.850530559729252
-11.121583223342896
-1.5856296649732637
-3.199706589004823
-2.52654136992483
-7.802123340467612
-3.491281449877923
-4.13766162773148
-4.108043581596576
-6.358857022391425
-4.621120506781815
-3.461223942746239
-3.306193229556084
-4.9152155224001035
-1.1126667084196622
-2.62081726993035
-1.2410373650491238
-4.065640770155808
-3.1844190621438124
-4.744642912099759
-3.5911963399483553
-8.853260040283203
-4.291473465358936
-4.495954218388458
-4.482882421649992
-14.844659805297852
-7.409102380275726
-15.852827072143555
-6.253891193618983
-5.408200346520806
-5.969559815194872
-1.4056714753720978
-2.1087160859523073
-2.2745547783137723
-3.0662920792330457
-6.823045134544373
-4.400954338941826
-2.262663838320545
-4.429534457812014
-9.790412366390228
-6.59021098613739
-20.466270446777344
-20.08889675140381
-6.760040918986003
-1.304079694074365
-2.916133411494749
-1.9104430661113425
-6.675645388197154
-3.1198122371591768
-4.940119765021584
-3.205318099669447
-4.261757213311891
-1.4755168237898033
-1.9266649725447809
-3.510458011010831
-3.165989669660727
-3.4282157363665577
-4.304367018889429
-3.5700683704434106
-3.4738410327768445
-4.71239513438195
-4.781563752596932
-4.147160097463605
-9.141368389129639
-6.1521538098653155
-6.290687586180866
-6.711811025937398
-4.337427191087045
-4.443212858090798
-7.064955976326019
-6.333267961939176
-1.5330043957522623
-2.6807350296793238
-1.8952811692460356
-2.4878597205560338
-4.099050174379954
-4.530077203223482
-14.463241577148438
-2.9301979508344083
-7.898484508196513
-5.080354303121567
-0.15815989837089242
-0.8769791565303292
-1.5084802884693174
-2.470540578604083
-4.376605806872249
-2.4450639514080077
-3.263241092363993
-2.806158722548459
-6.459564208984375
-5.5409907650202515
-3.7547706216573715
-3.7306860066869727
-4.87354604097513
-3.6823263286239056
-5.252627414152292
-7.491346427372524
-3.405790683264578
-6.211297954831805
-4.763446771353483
-3.0920613830288253
-1.3812221208506041
-3.040038624512298
-1.429055260483768
-5.714468570278647
-3.7811003201178126
-4.437041722650174
-7.107824921607971
-7.154277400424083
-4.530820834101178
-7.0534656420350075
-7.774635136127472
-16.153809547424316
-5.3805644680479805
-1.1865721517133352
-2.9229925576863542
-1.9236331522168422
-3.805433625174272
-3.825813971030584
-5.622290295859178
-3.69419693654137
-3.6631395562502664
-6.865949430192511
-4.965396776374147
-3.8803398671443574
-4.008094505914911
-0.5765338116155666
-2.37499125695063
-1.0647506726143712
-7.069213667884469
-4.158239675951855
-7.870071470737457
-9.92526912689209
-3.397617358714342
-6.825498968362808
-3.744717476849716
-4.777338275685906
-3.6566893900773723
-3.4395292196422815
-4.8884989500045775
-4.777109919322862
-9.93437910079956
-0.9574455251101123
-1.7708990004445826
-1.8243978987447917
-3.5758659338665892
-5.888626187625858
-8.127676010131836
-4.82708347416841
-3.8728139322428476
-5.043839966016821
-4.592284824699163
-4.248066238792879
-4.415902733802795
-3.631425066213859
-4.100400647769372
-2.8691446129385825
-3.6140594680785267
-1.5206746017156547
-1.8101886423038585
-2.0867806294382634
-4.434265730902553
-3.151326529338528
-6.432544492185116
-8.309277184307575
-4.686464765308691
-3.4591150729067843
-8.479097127914429
-5.192163554233654
-3.429079541713722
-5.978441941951003
-1.4192601115816312
-2.25047504792123
-1.6583611446919597
-3.1966759556074975
-3.834241635802969
-4.729752228275174
-5.618100054562092
-5.743539121001959
-6.541812883483039
-4.121551364246342
-6.475295849066849
-4.5334474653271695
-5.392689887966428
-2.5743035063843265
-4.828730076551437
-4.160436872925077
-1.4022424808426877
-2.1297979913651943
-2.4973523864649576
-3.678084047777312
-3.991811856388166
-4.872484896865596
-3.6202996219595662
-4.156641260522884
-4.391291877149342
-5.136781652768453
-2.025991612393409
-0.5745439753251654
-1.8060998649203353
-1.4172885543243452
-7.0173516273498535
-0.3660676826839335
-3.52680486952886
-4.481298595248848
-4.203319888748228
-4.769420572979883
-2.6902124941939625
-5.69821619877309
-6.0769043291608495
-4.459023388195783
-4.3552044865306625
-3.8953881089109927
-5.013327073305845
-1.2409345648411545
-2.957918344464685
-1.5208640012636103
-4.762509626469442
-2.8563076067444992
-4.926673531532288
-8.340213775634766
-6.275669347494841
-4.709168240427971
-8.300275961558023
-5.885764243081212
-5.303802903209414
-3.037344843453656
-5.452410526573658
-7.799008458852768
-1.3226335733379528
-2.960031846272094
-2.361587247768925
-2.9566904492535757
-3.95495378841252
-3.0779886929826303
-7.987361577649911
-8.095279124875864
-1.0014603616406628
-4.076472861692309
-3.1420474126935005
-3.387441513904681
-3.969854392345844
-3.878647760640403
-13.269403457641602
-4.123961469437927
-1.3822960683246492
-2.7644453765824437
-3.5104580897499216
-1.4836600919047163
-1.8279070105644808
-3.7882520821359424
-4.754645651634783
-4.162093270908702
-3.516715468883586
-3.427963142211621
-4.058468113342921
-2.84259094331915
-1.2778125370253595
-1.8842393314199788
-1.52725299207536
-3.046754499198869
-4.183045255020261
-3.247493224895597
-5.337913990020752
-5.832762932777404
-2.910152836702764
-3.4123939026433687
-3.911888688802719
-20.688451766967773
-5.487766676915011
-4.327882704665312
-4.888385710797997
-5.085439470553495
-4.234113381161088
-4.633562547488786
-8.237757396697997
-1.4662434053316247
-3.8421671664608374
-2.543606499252333
-6.6202575744440155
-3.513613685965538
-7.804823517799377
-2.150674925482599
-3.8627516636077095
-2.980279193306342
-4.093908967077732
-6.494959825277329
-6.113449176152547
-4.948599391616881
-3.4520770376578023
-7.395179335772991
-3.9056701985272495
-7.3032715904215975
-7.743613004684448
-5.311064141137259
-3.678565911948681
-7.213597098986308
-7.883266925811768
-5.395241022109985
-3.6356633057196936
-0.26341436433722265
-0.17701983888400719
-0.4442144917945067
-0.17768555653414556
-0.8655100103692698
-0.01666281985817477
-0.01454534382210113
-0.7699623130417118
-0.7371365523625476
-0.6128302324330435
-0.17553572210476887
-0.35721350297535537
-0.7934783846139908
-0.28108946124224793
-0.29521277161838955
-1.8004576026462018
-0.957793210500053
-1.0139175904550939
-0.6079402123219692
-0.2297204490751028
-0.09731641400139779
-0.030340389348566532
-0.14543280473299092
-1.3963130600491747
-1.7231955982067368
-0.5307507220677508
-0.6138234734535217
-0.22480423108208925
-2.249398353908743
-0.09796540811657906
-0.17531844815955713
-1.2334689035152013
-0.45379469245672227
-0.3733498641688909
-0.5234136461901168
-0.30413517185176414
-0.02394591308257077
-0.11848538133615096
-0.11642324962700844
-0.6536893296676377
-0.12938553813312734
-0.6744069484411739
-0.14653542994832
-0.015340004732327847
-1.336087223397044
-0.02017281712323893
-0.05773785939672962
-0.48423771934559273
-0.22983029303246771
-0.22817977643571793
-0.18359404178853664
-0.25076545296738356
-0.3310269595323397
-0.12729910776639977
-0.8450766784882742
-0.1983365384512581
-0.05176879063947126
-0.5308022069539653
-1.8062225971370935
-0.2817101647515836
-0.6955916079938712
-0.873243992619488
-0.7160891733235784
-0.4994230896234512
-0.00597880786517635
-0.3258270936138514
-0.6429410804412328
-8.00103759765625
-1.4971120142145082
-0.882521515324091
-0.0667656809091568
-0.015086571724774936
-0.7788954519459771
-1.500847429657976
-0.4798932724399492
-0.4395953361610217
-0.5130043135024607
-0.5809403442156812
-0.8516722150379792
-0.24604731053113937
-0.5427139264786438
-0.7300453539053426
-0.03673485239657263
-1.240595006478543
-1.2229518510672885
-0.27143343198743725
-0.7080624692407582
-0.32042621802538634
-0.8438504030928016
-0.7132643597821394
-0.298945528041655
-0.40142310958536753
-0.025867743335159805
-0.26170928322244436
-1.8364074192393351
-0.7441446112038997
-0.7495807771171842
-0.42168155610082014
-0.7115974857937545
-0.6753957383334637
-0.883672057883814
-1.1727414435396593
-0.16711419309005857
-0.33980551076567045
-0.7929189529968426
-0.027844553958857432
-0.9079435066534922
-0.5999684013698822
-0.5211150659302243
-0.43839229283912573
-0.4537813952615993
-1.8872393518686295
-0.2000505551501798
-0.2553966680425219
-0.3441768411285011
-0.669810310538326
-0.011980930362672856
-1.8258799262439425
-1.1144362189879757
-0.2536408121341083
-0.20985011480903873
-0.16843772295396775
-1.236580762109952
-0.6094421672804112
-0.7600363422825467
-0.013347549373672033
-0.023305376060307026
-0.777032520555492
-0.5913639519130811
-1.1470349670465414
-0.4564296067963975
-0.44148972039110956
-1.005977085325867
-0.6374857159874713
-1.0457969928781192
-0.3328772145556286
-0.028909261018270627
-0.28247502246813383
-0.5211510331266456
-0.5548948844767768
-1.2429188271718365
-0.64990225872801
-0.7651555803604424
-0.13592223823070526
-0.2877820827625328
-0.49863870953725253
-0.14658972555200586
-0.7258908092709524
-0.4455140221947659
-1.5669779036543332
-0.48800612561171874
-0.42837617255281657
-0.26712996389583815
-0.7978039334217707
-0.3632872296083305
-0.053554030553641496
-0.019195518349685397
-0.18934827710634433
-0.41342258460038767
-0.4039189097109354
-0.32364132974980747
-0.1905960850417614
-0.7555880221538246
-0.03363074463171264
-6.6776043102145195
-0.4508341242520449
-1.9249657725566067
-0.30974137351255526
-0.5363880056102062
-0.7998363242340496
-0.3258286643789948
-0.7090810358446712
-0.4222051528474064
-0.27761211934327884
-0.40660383680712103
-0.15501424222505497
-0.538027644435975
-0.020206096475400653
-1.1434019867364051
-1.5592880118638277
-0.04164381232112646
-0.06201857266881104
-0.5436666272289585
-0.21953329630196095
-1.578956877546651
-0.01943449132377282
-0.16738560710412762
-0.9511670380441222
-0.7669916919152582
-0.3075166925094284
-0.8183967164374432
-1.5347228258033283
-1.07854224507277
-0.41974769967972586
-0.7456347992022833
-0.08861121587688103
-0.23784494285064284
-0.3918100176055709
-0.38502133870497346
-0.41834021186722176
-0.3241704371558674
-0.20502874012345274
-0.13092301288494268
-0.7444134415709414
-0.3658401303344782
-0.6200092556426258
-0.3736788064786445
-0.6710161980396757
-0.5902258862995289
-0.250444039909376
-0.8490905836224556
-0.37344950965295237
-0.031483404066724084
-0.15710027902241563
-0.9485010667704046
-0.3019271790316062
-0.001553300124942325
-0.3526346101436782
-0.32195178748738457
-1.0374371276702732
-0.014393128964002244
-0.030915286461822688
-0.1444661205872156
-1.475626335593309
-0.4307930978635947
-0.835160382091999
-0.286664627397613
-0.47491342577044493
-0.3134320662481644
-0.6804880760776412
-0.03407956530572846
-0.5518567451638066
-0.027193787197271984
-1.1859279732619012
-0.11510674779613812
-0.08968909597024322
-0.7746413554996252
-0.7173834445886313
-0.3747061212360859
-0.3314297438835063
-0.022079428774304688
-1.6320865508059796
-0.5756070932451015
-0.8253385132910418
-0.9461565102566964
-0.4580959513162573
-0.031543858771328814
-0.8166041918642198
-1.4296807150046031
-0.18180180532848075
-0.1033465783958408
-1.6718240040742482
-0.5788230789415859
-1.1398863717913628
-0.034819046404057495
-0.13984315567566746
-1.303462389856577
-1.855799145065248
-0.5859710231889039
-0.4075025056621858
-0.2296019097387519
-1.3022770637815648
-0.26483587380921975
-0.8280777890817262
-0.6804616643016094
-2.3653461292386053
-2.344977060686991
-0.012805128574837
-0.5803240314126015
-0.04983536573611976
-0.5185754549685433
-0.33165556774445576
-0.5716195272179903
-1.0048772943555377
-1.5358704775571823
-1.148554554063594
-1.6367626000816624
-0.5399129669725274
-0.16422279974689113
-0.2329433153383434
-0.16691679569582143
-1.9576234214806132
-0.6001327191452556
-2.3303195082892976
-0.03318155652959831
-0.36699567289490787
-2.532534122467041
-1.4277511901972402
-1.0151647855010297
-2.6718097161501646
-0.997950792623063
-0.8298761819799741
-0.1559199030757141
-0.2806128048032406
-0.3743697135201232
-0.015051111142383888
-0.08420661489591501
-0.8374339578207582
-0.16983979381620884
-0.6882851666305214
-0.36280023337652284
-0.43622456476177
-0.055379073609947226
-0.7516914528484145
-0.03385822939647672
-0.05585668236017227
-0.016218750411644577
-3.1510051488876343
-0.03280208749929443
-2.503658433755239
-0.3035785749264808
-0.9716485113422854
-1.258010137360543
-2.399417712214407
-0.6414121272550388
-0.3901689252234064
-1.0597984511211205
-0.016926320027171943
-0.19584320714056958
-1.002846064666907
-1.0070005581558992
-0.6242699992154874
-0.24390875169046922
-0.5070941956318596
-1.0199473819562368
-2.356553316116333
-0.6406043803319335
-2.00902658700943
-0.5119223894405878
-0.06782480528151306
-1.2792255397265155
-0.9905621332840787
-0.6298230988904834
-0.8354938805389863
-0.871700204467695
-0.42936110581583553
-0.9688282827846706
-1.4434362929631872
-0.32683006817331683
-0.46738631422631444
-0.22730980037054646
-0.1706897508818656
-0.9937628948440155
-0.39363272338960087
-1.636852012728067
-0.028233212302438915
-0.8818507410053696
-0.296029529068619
-0.2687908340400706
-0.7139900986245872
-0.5131189286793497
-0.44874659248251614
-0.5297599181843301
-2.5808909349143505
-0.36644855204503984
-0.7274705639109016
-0.31494517636019737
-0.7543718867241801
-0.42346776732963254
-0.33085929546863413
-0.330557914666133
-0.14866772927343846
-1.2174116801955581
-0.6661530458368361
-1.2483027855865658
-1.2496380986412987
-0.7201114606383877
-0.3021804221595327
-1.010591630456283
-0.3290186496451497
-0.5399914103909396
-1.4560318636774485
-0.6361831154390529
-0.6148255487734621
-0.1570931985952484
-1.2836081651704652
-2.9743712842464447
-0.21794586412919065
-0.3582256395303476
-0.6886570973687672
-0.014109482930507511
-0.0326843827653927
-0.0329983667842397
-0.7907003524402777
-2.364519343965488
-0.015981088982395402
-0.015749847788659583
-0.02804551227018237
-0.325616532061152
-0.5473596424562857
-1.5826262855359043
-0.8062918335199356
-0.0172555441968143
-1.6555097699165344
-1.2533842789319654
-0.33521698992699384
-0.3683453782494845
-0.4124318729723907
-0.018556467373855412
-2.37134302566119
-0.3695780292830684
-0.6508347888011485
-0.47739283650298603
-1.651258229278028
-1.327370829623439
-0.01800839322580335
-0.17312614261269724
-0.5980065072548314
-0.5693234645464947
-0.552346489592714
-0.3363040802580404
-0.4048012008683549
-2.267237068418651
-0.7161170641581217
-0.5663050960641928
-0.17638067761436105
-0.3046946071165924
-0.04823920052634397
-1.9752023220062256
-0.48707935053177853
-0.605209480254696
-2.30860232191723
-0.8089298867659332
-1.3947844921436627
-2.070345913877342
-2.020193544526895
-1.8382396650558803
-0.63150008657087
-0.659319269321337
-0.9728298373893267
-0.5247047786074488
-0.7868415405308562
-0.6690055063295671
-0.12091709719970822
-0.23645796048566065
-0.02376328293272915
-1.9558809946587037
-0.8997434871971131
-0.24769048147404996
-0.4066236313794636
-1.0732936635613441
-0.5872314519841563
-0.8165353735287985
-0.03481896578644713
-0.016763431572392372
-0.645030696944256
-0.42111757243077996
-0.2704657032378376
-0.1297385995858349
-0.6325789832820495
-1.0605811875546352
-0.8080298529006541
-0.9519041910449838
-0.39739473862573504
-0.3351958336425014
-0.2595108833629638
-0.35513263001613427
-0.7208847254458364
-0.010490617831237614
-0.04248477716464549
-0.0786059070378542
-0.6933741253335028
-0.7478421953661988
-0.4832139121913908
-0.4866261559945997
-2.08181087821722
-0.4894602176397765
-0.29754047335258554
-1.123307668766938
-0.6506010784457127
-0.11385266806464642
-0.6528902956148764
-0.5002077202952933
-0.7599932167523851
-0.23378946804829562
-0.24468599568742017
-1.6515780091285706
-0.6991813868290693
-0.7118498889936341
-1.1219767461298034
-0.761041034408845
-0.03481896698940545
-0.008348693407077173
-0.013288095180178061
-0.7689629810346459
-0.4673399928618561
-0.7996760241687297
-0.04367423482835875
-0.23698110040277243
-1.6499678208492696
-0.8007724267345938
-0.472469672276121
-0.5566426137229428
-0.8013830697746016
-0.42666331199663027
-0.5447588291269942
-0.05426060284177462
-0.35909736946390086
-1.0325528621667925
-1.15196251696907
-0.34803115271400503
-0.748241000143545
-0.07725068769650534
-0.8002719357250802
-0.7570599685270281
-0.08836738522424842
-0.33060802205447826
-0.6920123807956569
-0.5625393250181029
-0.3277287451034811
-0.046119957347400486
-1.7546843885599326
-3.404459555943807
-0.8332883293041959
-2.320509379170835
-0.7835323917679489
-0.8262842868765196
-0.29134677451414365
-1.3826233211439103
-0.28568007509845
-0.7577953637577594
-0.3283577949235526
-0.07812562986994938
-0.34594811887185833
-0.013303348261009281
-0.013917944866989274
-1.404191933106631
-0.2857770552172473
-0.7044577933847904
-0.8019238547421992
-0.5452719634243598
-0.32610306282003876
-0.31904560730934306
-0.15045956906978972
-0.021045768779003993
-0.40146797267225337
-0.3286544385565711
-0.2463066069342728
-0.9544806544203311
-0.4208145474290682
-0.33642225790853525
-0.6230760901650813
-0.9700300984550267
-0.5168567978641173
-0.03919397573918104
-0.014759707739964748
-0.06936781149124727
-0.5120232510422024
-1.100018518562946
-0.4985943196884667
-1.200472104880545
-0.4534421540530665
-0.1212692820893911
-0.2129778965233862
-0.026318973978050053
-0.20807205227396006
-0.13840304629411548
-0.30238797846250237
-0.1904649319922707
-0.19428443602685416
-0.5455644845031202
-0.6372036892493876
-0.08614302867742178
-0.1936197164901614
-0.15062268263864098
-0.02585468733741436
-0.6708135133376345
-0.9270671540871263
-0.1979528543248307
-0.6774714387886759
-0.3562695998910137
-0.13145294828739548
-0.4320840700161888
-2.1195865233894438
-0.6811718746153369
-0.25097538623958826
-0.5998251579179933
-0.20105246064485982
-0.5806903686995307
-0.38436578400433064
-3.8387037068605423
-0.4667246882808458
-0.2481200167676434
-0.7193912482525775
-0.10833828550918649
-0.21653285143630846
-0.2460006784255841
-0.5349042306654155
-0.3088180549228647
-0.2507061689751796
-1.878882180666551
-0.013539915268969102
-1.393779399804771
-0.10976741967024281
-0.03463815528666601
-0.6183732948986289
-0.23271201233530353
-1.2908069945392309
-0.39052216176475796
-0.7329914143774658
-1.7491526036523282
-0.7086352837116768
-0.47122142357485636
-0.7159895168733783
-0.6016155574470758
-0.03481903971017649
-1.37755711723326
-0.5743661915883422
-0.32859072748882073
-0.5149597097667592
-0.03689129440608667
-0.13115452567581087
-0.48396305833011866
-0.030548993575697143
-0.850754677131772
-0.10536713246256113
-0.29946916888972436
-0.042701293280697425
-0.02140315034193918
-0.014136904401918097
-0.2625052472270909
-0.48359610902843997
-0.11670707750363363
-0.773599831503816
-0.5368378926650621
-0.4992542535118345
-0.6669093978591263
-0.5630226138580058
-0.48273349925875664
-1.1865805121487938
-0.034818808761580534
-0.2666612127998277
-0.13341078840728318
-0.8859588790064057
-0.5209377285767308
-0.40604861340086373
-1.93245371687226
-0.9241353078759857
-0.5381324579153443
-0.33343459284179305
-0.26094665149083507
-0.013413561246125028
-0.004173874437401537
-0.8829345136880875
-0.07142494712024927
-0.08427350768979522
-0.5734386707069158
-0.6846545680426062
-0.3274412956525339
-0.10998953242752967
-0.28348076083936274
-0.18951148299155257
-1.0032026120461524
-0.19527375845342856
-0.8877116557228991
-0.35693487861297196
-0.7547494362686472
-0.21419022032059729
-0.026065864086073514
-0.6496952987638198
-0.8605306993883389
-0.5722400088691049
-1.0307219848036766
-0.50602072586592
-0.8414673991501331
-0.4321199458402892
-0.5081655631462733
-1.5859809592366219
-0.4394884720519151
-0.22072843555361032
-0.3579836161983482
-0.00727286035544239
-0.036946182915016834
-0.3307979601779607
-1.6016044639317053
-0.6937128734266893
-0.6599764823913574
-0.0834335844963789
-0.16144726518541574
-0.20826391810551287
-0.2033219403690762
-0.33852714610111434
-0.48284594117042917
-0.026679947952895116
-0.007736039518022153
-0.40753978743386043
-0.3563655065372586
-0.4835207091444837
-0.8950622035190463
-0.3901325324550271
-1.4941298980265856
-2.8378476295620203
-0.3210300108185038
-0.7190479513155879
-0.8361375697634437
-0.02545383003113481
-0.741647595500884
-0.32195214591920374
-0.6437938813687651
-0.011999611742794514
-0.11994093833491207
-0.2853071548937199
-1.1590102441035783
-0.4110188416671008
-0.9261149810006221
-0.5926905818856679
-0.14758240070659667
-0.2866961691232229
-0.3085210927883568
-0.33594635756011926
-0.6307855807923867
-0.01676778355613351
-0.05860730728309136
-0.2726403816531484
-0.3244738594512455
-0.706504821130592
-1.0048038139939308
-0.801619828143157
-0.1901299133663997
-0.8215192019501153
-0.054255980421051696
-0.051151924747197576
-0.016243708826368674
-0.8603303557675746
-0.5851183150225552
-0.6429985884751659
-0.7646549578947837
-1.3825758735516243
-0.46818815105426537
-0.5011603235082779
-2.206534361420199
-0.5035456294547961
-0.5387618418867027
-0.3736318856477737
-0.015632033406291157
-0.5120048283984943
-0.32648901070206193
-0.36189289725080015
-0.47714242960015935
-0.8989558396860957
-0.23974318584805587
-0.582898525549381
-0.8220066807486794
-0.012368366704322398
-0.9463860519645095
-0.367023072792108
-0.14353089788866263
-0.4329149997713764
-0.10877732187509537
-0.4327775313960147
-0.3698240179973337
-0.20162368586291754
-1.4143519211977131
