-0.6297656581009505
-0.7534277464728802
-2.638485538540408
-0.2805477334186435
-9.709226829349063
-14.570949289016426
-0.017984651029109955
-9.008135728538036
-7.818804688169621
-0.0702516868186649
-1.5915786938276142
-5.669862412614748
-3.5710847303271294
-0.6297654712252552
-0.9438167135231197
-2.5899465709808283
-11.454820807681244
-7.777670520328684
-18.017098679207265
-3.573676461353898
-4.045615898387041
-4.245985473156907
-4.476788990490604
-3.6338235586881638
-0.6297656577517046
-1.041825219988823
-2.571088333032094
-0.10408934764564037
-8.61998772789957
-4.9131824262440205
-0.346210498129949
-0.07538102098624222
-4.590868789498927
-5.062239202205092
-3.7854525649454445
-1.567377196624875
-2.380215882556513
-0.6297653654619353
-0.9438174166716635
-2.5899461199878715
-0.8833228755102027
-2.590680740191601
-7.070665493953129
-7.85197551951569
-5.737232976593077
-2.508446218824247
-0.05647634994238615
-13.447914723190479
-9.662459234241396
-13.253710410244821
-5.86055966513959
-5.202985732466914
-0.09751099941786379
-0.7290292400866747
-4.67203604982933
-1.7636262665037066
-1.8076984956860542
-5.094992259982973
-3.522452821373008
-0.6297649843472755
-2.257621620199643
-2.406258678762242
-1.5699127254774794
-2.70175523951184
-16.506210695952177
-5.8750699380616425
-5.843129545450211
-11.934008371084929
-0.629765171543113
-1.041824811603874
-2.571089025877882
-1.756722565740347
-13.6753246083681
-3.9984057755209506
-3.1473488605115563
-3.6413208204321563
-3.5102527266571997
-0.836885725177126
-6.282635341864079
-0.576841760892421
-0.8194627585617127
-1.5120115063036792
-3.356605596782174
-9.019646803892101
-17.152758375086705
-13.86046697432539
-5.163901609601453
-31.94380690383514
-1.6819155849516392
-3.404715303797275
-0.9718087350483984
-1.761711380444467
-0.6297649843472755
-1.0418249885551631
-2.571088839613367
-0.04286425362806767
-5.991608064621687
-6.574412884830963
-40.820802541849844
-4.843406769563444
-5.237285173323471
-10.017381427809596
-0.6297656581009505
-0.9438181184232235
-2.589946723601315
-2.7766109701478854
-7.142981759621762
-5.030916703864932
-3.985594755911734
-10.24712914810516
-1.1190171083435416
-6.488811372662894
-0.2707232446409762
-3.1631668659683783
-3.914528226479888
-0.9411556171253324
-2.955872052058112
-2.9787524251732975
-0.6297656031820225
-0.9438171801157296
-2.589946052990854
-4.430572119075805
-2.861811765105813
-1.896946156397462
-1.123332496790681
-1.065365067042876
-2.782513590573217
-0.3013298446312547
-0.6297653654619353
-0.9438174166716635
-2.5899461199878715
-2.061649038339965
-4.66946729682968
-3.8359773084521294
-9.81165334897014
-7.4065960780280875
-8.421211500070058
-0.04239003692055121
-26.86386765540192
-0.3184290233621141
-0.6297656581009505
-0.9438181184232235
-2.589946723601315
-0.12459883221890777
-1.742749891585845
-7.621390382759273
-1.518527336185798
-1.6094708442687988
-7.320021511986852
-0.07066382045741193
-10.036006501875818
-1.2428674641996622
-0.061576273292303085
-0.6297656031820225
-0.9438171801157296
-2.589946052990854
-0.22050958429463208
-19.916371835577593
-0.9308723453432322
-6.000524129893165
-5.426742599753197
-1.6938379723578691
-4.993481677956879
-1.300328149460256
-0.629765171543113
-0.943817765917629
-2.5899463510722853
-2.1296881882008165
-9.40572639014863
-2.1822564742324175
-8.841863024921622
-0.8854650317516644
-4.448070410260698
-1.722006810363382
-0.6297654712252552
-0.9438167135231197
-2.5899465709808283
-0.0464799995534122
-14.31565235468588
-0.9608561705099419
-2.1847741293386207
-0.5180067996843718
-0.4240906732156873
-1.5544887836440466
-7.800906079472043
-0.5072826612740755
-0.013643500712987588
-0.32313734479248524
-6.441346496343613
-0.629765171543113
-0.943817765917629
-2.5899463510722853
-11.136473025457235
-1.6070442391792312
-8.35745170316659
-3.0692566877405625
-6.8389910216183125
-0.6297653654619353
-0.9438174166716635
-2.5899461199878715
-4.279443189501762
-2.6023357650265098
-5.977412173058838
-2.4581598298973404
-0.629765171543113
-0.943817765917629
-2.5899463510722853
-18.60868231614586
-0.4970841564354487
-12.311205240315758
-21.61845817649737
-2.33412133064121
-10.74930469552055
-8.490211774711497
-3.725041013211012
-0.6297648202016717
-0.9438184639438987
-2.589946671447251
-0.12998170661740005
-2.1402337037725374
-10.86393378674984
-7.475628651853185
-1.8669721448095515
-9.966239845580276
-4.185145597657538
-1.6843396476469934
-3.9528859425336123
-0.6297649843472755
-0.9438175382092595
-2.5899466415285133
-1.80978071881691
-2.4980187341570854
-2.8350147344172
-2.453600831933727
-11.323921854258515
-4.074862784065772
-1.2138104906480294
-4.889722861291375
-7.2366255056113005
-1.245092323049903
-0.6297656581009505
-0.7534277464728802
-2.638485538540408
-1.347043325586128
-1.535581674426794
-1.5111113679595292
-5.176078112795949
-0.32977415779896546
-0.5201681768812705
-1.2160769701004028
-2.8792485389858484
-0.35242542196647264
-0.038585894828429446
-7.400216707959771
-0.6297656031820225
-0.9438171801157296
-2.589946052990854
-0.12998274620622396
-6.265910936519504
-13.45977480244619
-4.500309091512463
-3.703242229297757
-20.157050875503046
-2.5641489172994625
-6.913953828312515
-5.706546915695071
-1.1709232067696576
-0.04179569004190853
-0.03883856162428856
-0.6297656581009505
-0.7534277464728802
-2.638485538540408
-0.09727127471705899
-9.882053139946947
-7.08591568513657
-9.929992240620777
-9.350773563986877
-0.08287489177746465
-1.7137894057668746
-7.213123756824643
-0.6297649843472755
-0.943816945888102
-2.5899466787814163
-0.12459916033549234
-0.5723433457314968
-32.05615275443415
-0.41546245088102296
-14.701064325869083
-4.260918247702648
-11.701395049225539
-6.861598562552899
-0.6297648202016717
-0.9438184639438987
-2.589946671447251
-4.901987530582119
-4.5721665173769
-3.03254556376487
-7.692728177469689
-13.67621076326759
-14.216937881908962
-1.6683411598205566
-1.833283083513379
-0.15255384147167206
-0.04995771707035601
-4.775491887703538
-2.258798544979072
-6.1510668074770365
-7.136600767888012
-1.304791652597487
-6.060834335628897
-23.80848349884036
-0.020067076664417982
-0.6766587692691246
-3.7018763024825603
-2.70262051402824
-4.240781400156266
-6.9072033534393995
-7.834113338263705
-4.569959022323019
-7.716885145608103
-0.21471320153796114
-12.691533990007883
-0.6297654712252552
-1.0418248679488897
-2.571088720287662
-0.23460971424356103
-3.3656322674360126
-1.1478496664203703
-6.894815044674033
-16.462934777664486
-2.3033971954137087
-14.652692562405718
-10.981712640990736
-0.6297656031820225
-0.9438171801157296
-2.589946052990854
-0.8873057763557881
-10.363221182487905
-1.0739161522360519
-4.472752597881481
-5.672430098406039
-2.141200611833483
-0.6297653654619353
-0.9438174166716635
-2.5899461199878715
-1.3736993666389026
-18.78418934927322
-10.445105320381117
-13.059372693300247
-5.162482608233404
-5.585374562855577
-5.086178644793108
-4.610783962038113
-4.178440833464265
-0.6860598571001901
-4.121281172207091
-2.848917386625544
-13.242759008600842
-18.04215553519316
-0.033688502851873636
-0.698224238702096
-0.92819976399187
-2.772112351609394
-8.641071153921075
-19.26269368827343
-14.546789590385742
-1.2958659052965231
-0.03531036607455462
-3.4338724090484902
-3.4500220362097025
-0.5125088425702415
-1.079460343811661
-0.5788036790909246
-2.937766163959168
-8.486182180560718
-9.204744056820346
-0.04263210999488365
-2.143110399134457
-5.684057347010821
-0.6783868457423523
-0.8021922390908003
-7.977279934391845
-1.4171534458873793
-10.391975335776806
-3.3977196784690022
-2.0814653988782084
-0.6297656031820225
-0.9438171801157296
-2.589946052990854
-1.119681604206562
-1.5522935731569305
-6.562980471004266
-7.556274190195836
-27.862882653367706
-0.22776203596731648
-0.44739564321935177
-0.5334509648382664
-1.646960573270917
-5.67793090082705
-0.6297648202016717
-0.9438184639438987
-2.589946671447251
-1.4374881385592744
-8.867165855190251
-8.874237259384245
-7.850278222933412
-1.1182245205709478
-2.279939830303192
-0.04675592121202499
-0.06946907425299287
-2.248489024117589
-2.8687152937054634
-1.8135132951574349
-2.944427748210728
-0.0336886215955019
-0.6982245807157597
-2.6268102289177477
-2.7658106999006122
-2.1920712807623204
-0.8797144116833806
-13.542570404533762
-2.265258865983924
-21.092212641175138
-2.340526661660988
-3.109446370974183
-0.8664678937930148
-5.214066918648314
-4.847541973053012
-1.4263194296509027
-18.33490573882591
-7.992273095605924
-20.260721743106842
-0.629765171543113
-0.943817765917629
-2.5899463510722853
-11.063907619565725
-4.874486654996872
-7.02230813555434
-7.848924983358302
-2.5276221103449643
-0.06057292426703498
-10.193604307249188
-5.500567133538425
-0.327297912503127
-5.262116915080696
-0.5310885296203196
-0.412693222053349
-0.6297654712252552
-0.7534293362405151
-2.638485963223502
-0.04943220189306885
-7.956771851997473
-0.4441772699356079
-0.017692014575004578
-0.053149262530496344
-16.849470308530726
-0.6297649843472755
-0.9438175382092595
-2.5899466415285133
-3.731326367284055
-19.651321012013796
-9.712146606238093
-5.50748212079634
-6.737736261799
-5.767727477592416
-4.886212751676794
-4.5990046840161085
-4.30634004692547
-2.174859702558024
-15.2878404807052
-3.409870323026553
-2.2406577194924466
-2.396066324436106
-2.3240594565868378
-3.2198615157976747
-6.640598468249664
-4.888977027136207
-3.71311411075294
-9.08065424693632
-2.664063368458301
-1.652615177910775
-1.7674181796610355
-4.058333348250017
-1.0388109852792695
-4.481204990297556
-2.409991785600141
-2.1188339807158627
-7.368987763635232
-20.978839336894453
-6.246691072359681
-0.25320182042196393
-0.09279405414417852
-3.571245290338993
-10.553668597276555
-13.622048371005803
-21.801788337528706
-13.672859460290056
0.0
-2.345970564172603
-1.780436584725976
-7.0634492873214185
-5.498021054692799
-6.583091260166839
-1.222542221621552
-2.514715801924467
-3.9819039927097037
-0.09760689095128328
-4.272727215124178
-4.905209835211281
-3.06802218942903
-2.3143605911755003
-5.351683753542602
-7.65537411722471
-1.3977057561278343
-0.06393490677146474
-0.06853605417563813
-2.5531486276595388
-1.917190445587039
-1.0342220002203248
-2.3814985573117156
-4.544616057712119
-0.37522547878324986
-3.1419273152496316
-3.2281194142997265
-4.86631899443455
-5.268907262041466
-0.9451559221924981
-0.6459197131916881
-12.730653940579941
-6.261727407574654
-7.012604982039193
-0.2045998074754607
-7.49202730532852
-3.6484553618356586
-0.16725808776391204
-1.8813736132578924
-0.23349443916231394
-1.1979307808214799
-2.6472107297740877
-3.1046598342363723
-4.641624686308205
-3.023650936404003
-0.08761879056692123
-17.411480929168647
-3.0496098892763257
-0.7777910055592656
-0.18661341234110296
-10.06287340738345
-0.3406081385910511
-6.829365209676325
-11.367596002062783
-4.09097876213491
-0.6516720871441066
-1.98648779746145
-4.104286129644606
-0.9834577707952121
-6.533094509039074
-19.696072396822274
-4.236468315124512
-0.5518992845900357
-1.7091297460719943
-7.63492336217314
-0.3864825399359688
-0.0812751371122431
-8.443407302140258
-2.5127780586481094
-2.849878524659289
-3.2074463716708124
-6.165585979644675
-0.2042741859331727
-3.207197301206179
-0.09801378846168518
-0.16755887123872526
-0.03521629422903061
-3.82725501479581
-5.82527253148146
-13.92818251810968
-8.408589243888855
-2.9979004124179482
-1.1919477980118245
-8.991464193211868
-5.1826621883083135
-2.7656892528757453
-0.2933647632598877
-2.3592924494296312
-5.930162218865007
-3.242529198527336
-1.765757866203785
-0.03232595487497747
-1.9905403233133256
-2.9677433619945077
-8.536710135638714
-0.672507495386526
-3.542323887348175
-0.4155643368139863
-0.7766820254910272
-0.02245466102613136
-0.0049757453525671735
-3.485097181983292
-0.5104089659216697
-4.759452785830945
-0.7527493755333126
-2.092706751776859
-0.09801346063613892
-4.433731031429488
-0.6851813490502536
-5.124925711163087
-6.454859882593155
-4.678414458670886
-3.710138733375061
-3.2150080430146772
-0.009483094443567097
-3.3716188091784716
-3.0497342571616173
-1.9467539321631193
-5.180832140147686
-0.4920950084924698
-5.79960643814411
-8.320359969569836
-2.7560866847634315
-8.833596405616845
-0.039442161010811105
-11.037560503958957
-6.55981990613509
-4.130493456497788
-13.938663978595287
-0.08034134656190872
-2.5770204570144415
-8.03982934790838
-0.619476055726409
-1.3406247347593307
-5.464465921279043
-2.173284770688042
-8.527986684755888
-11.392721404436088
-14.917137655407714
-0.1546834036707878
-0.1252102442085743
-7.796011777787498
-29.318328948429553
-1.9570284790825099
-9.529273822758114
-1.118209136184305
-3.4338616824243218
-5.944752886338392
-1.293737584957853
-4.511329824570566
-1.099427099339664
-2.137047626078129
-2.4406980877975
-2.869320455516572
-9.615387244848534
-0.09289004669699352
-0.045254147436935455
-4.861539425852243
-6.872789654880762
-2.3132425965668517
-6.918155254854355
-3.2684517939051148
-3.7186673813848756
-9.210392628447153
-0.8213938192930073
-10.71364022558555
-2.6693015634082258
-8.305727684870362
-0.056097491149557754
-1.3523078538419213
-1.9001392364734784
-2.233229810204648
-6.2687651184387505
-0.6781723126769066
-3.1860525300726295
-0.23122890759259462
-1.0083030769601464
-2.494324912200682
-1.5843565512041096
-7.9238424324430525
-1.8128902318421751
-3.692172617884353
-5.5965852028894005
-2.2545690473052673
-3.8874483755789697
-1.6385264344862662
-6.209523122874089
-0.6888419766473817
-2.9247638322412968
-14.65719604176411
-0.8235148154199123
-1.460489776873139
-1.1684434169437736
-41.37740852148272
-8.267862336186226
-4.73845986649394
-3.5158405215479434
-2.5803131461143494
-0.33795689640101045
-3.620703211214277
-9.516569558880292
-11.03703925665468
-2.484704779461026
-2.3697187141515315
-3.0779326474294066
-3.937330186367035
-15.507650950254174
-5.220355965197086
-0.8922160501824692
-0.2519191285246052
-6.925414627185091
-5.599604569375515
-10.680196191533469
-0.08271522546419874
-1.6348721864633262
-0.0944170635775663
-1.4075612790693413
-2.6963886045850813
-0.9622486103326082
-11.849079443054507
-6.239241536743066
-0.04398671298986301
-4.015365194252809
-4.726978146471083
-2.9956898964810534
-26.09740253774362
-0.020780901657417417
-8.363345756370109
-13.979626604472287
-5.308757325539773
-4.040811341226799
-1.618288442492485
-2.780058588832617
-7.11869814991951
-3.704474996222416
-0.12045750848483294
-3.9685516939061927
-2.029630157048814
-2.3716140219476074
-0.34111807928275084
-3.088162513828138
-3.4462601337581873
-3.1147653982043266
-7.9456721196111175
-2.747573799919337
-0.5237368168309331
-1.4811034621670842
-3.734765548375435
-0.8181458273902535
-0.07203225778357591
-9.274463078618282
-1.9408726238179952
-2.4861663121700985
-5.901364511810243
-1.893134281039238
-6.814933878667944
-8.87862200091331
-7.406645730603486
-20.019419981024157
-1.0697475713677704
-0.054125642869621515
-2.6252075333613902
-0.759644478559494
-4.578412030998152
-21.024462025374305
-2.6863980474972777
-2.770694581047792
-0.560168068845087
-3.5514426954905502
-0.2824522778391838
-2.63502752315253
-0.0980132445693016
-4.915743635960098
-7.0100398398935795
-2.892247303738259
-1.1696527388266986
-10.92638208167773
-5.57497067868826
-2.487294143997133
-11.513039752477198
-2.6853005681186914
-9.93965511303395
-5.367104679811746
-2.9530586395412683
-0.6774108782410622
-1.95334105566144
-9.083040234203509
-0.49164950009435415
-4.377908258291427
-2.7365414403611794
-5.965385242598131
-1.5344124387484044
-12.29203560471069
-5.734621819050517
-1.8686644472181797
-1.6432618498802185
-1.7151924222707748
-0.031912804042804055
-0.18501016497612
-0.14223229777417146
-3.944216540083289
-3.044580743648112
-2.1366003193252254
-0.8609498622154206
-7.717521354556084
-5.198688743490493
-7.339747572899796
-2.4605062606278807
-1.428696037386544
-3.12046181561891
-7.614020327338949
-3.8192793548223563
-3.749656132014934
-1.8902065782313002
-4.112255963234929
-3.510069200558064
-4.072097637708794
-3.430957078235224
-1.8975548753514886
-0.553863459987042
-7.220495329005644
-9.411046493711183
-16.6246137645212
-0.14973904803628102
-3.310720952846168
-1.0962834081146866
-0.086800966411829
-11.623502840520814
-12.338563713245094
-11.915885466951295
-13.023752856766805
-4.0993237350849085
-2.212836630176753
-6.1004033922508825
-4.544582178466953
-0.09945397410774603
-0.3593772372842068
-0.03586187266773777
-9.427406584531127
-13.086085881426698
-2.4356424963334575
-0.8806750892545097
-5.387709473143332
-0.3595923335524276
-4.648034683079459
-1.0437015937641263
-5.054418705403805
-0.0876191183924675
-6.930590423042304
-3.744420930968772
-0.4474592025471793
-0.9986618757247925
-0.29450592678040266
-2.662489540904062
-4.351637942017987
-3.114612261462753
-0.34612197265960276
-0.22663339413702488
-6.029623413356603
-7.3913328985945554
-1.518950881283672
-4.686469809850678
-5.427158961596433
-3.9268463999032974
-6.4166573480615625
-2.5740507994487416
-0.1546834036707878
-0.5059982441307511
-1.4635109948576428
-0.44206972420215607
-14.288563993555726
-6.159804733004421
-2.5420242318650708
-3.818154104053974
-6.54703205198166
-3.659715933539701
-4.072269765660167
-0.954757584258914
-5.648201741743833
-4.593125986866653
-5.308195804900606
-0.045102807169314474
-0.3846867391257547
-0.1706960681331111
-0.1514117878396064
-0.13494203770096647
-0.049619864963460714
-2.076074605807662
-2.328109563095495
-9.398664308369916
-5.138110043073539
-4.589754634187557
-0.06393502225546399
-0.20730521529912949
-0.03637977596372366
-5.397516450379044
-2.54523048675037
-4.05330516025424
-1.4148457907140255
-0.1563289878104115
-1.2350279595702887
-2.139700869214721
-0.2618116494268179
-2.213651902973652
-2.1747309686616063
-11.332059336986276
-0.4039911883883178
-0.6502318396233022
-4.325238430639729
-5.7278196641709656
-4.313243539771065
-8.729788957018172
-11.408806807361543
-4.823207079491112
-5.936889315024018
-16.96593896567356
-0.04189876059535891
-1.9882273378316313
-8.390310649992898
-4.696005548117682
-9.532795462757349
-0.7906601065678842
-2.931818869372364
-0.07840633392333984
-0.9528956227004528
-3.368207733001327
-25.702859353012173
-1.9623676091432571
-0.30781486444175243
-0.33643243089318275
-0.09803272230783477
-7.9777656543883495
-3.4793735638522776
-1.5332953155084397
-0.6577379925583955
-1.989894270322111
-6.458807821436494
-0.5194282508455217
-6.815696066580131
-7.950356953748269
-1.492706298828125
-5.41286983282771
-0.7759686917997897
-3.8801958912517875
-2.2120481561869383
-13.433699519839138
-2.5739964593667537
-12.216965547791915
-9.467903974466026
-3.839734585955739
-0.051696679802262224
-0.017606384517421247
-2.901042697019875
-12.062800884246826
-7.283228606451303
-7.410270924970973
-2.63069827016443
-1.7472689640708268
-10.175903454321087
-0.9488936291309074
-4.737923179753125
-0.8026651215914171
-5.557131509369356
-0.03980199620127678
-0.04955616965889931
-9.750630375463516
-7.418945047647867
-0.05926622246624902
-5.141707615402993
-1.4050542298646178
-10.499029900049209
-11.128379039466381
-4.60401018243283
-13.73417118760699
-0.06585184950381517
-5.0546472967544105
-11.207334576873109
-2.245020675007254
-0.6529980972409248
-0.6297654712252552
-1.0418248679488897
-1.693146928679198
-0.23461026325821877
-3.5133057076163823
-5.4808216649107635
-4.865655468805926
-16.265436600602698
-5.935679459515086
-1.3423986493107805
-2.229829229414463
-6.066961821488803
-2.8441803415698814
-7.065736182034016
-0.6297648202016717
-0.9438184639438987
-1.6532540729967877
-1.712782765913289
-0.12955364658500912
-3.6974297228152864
-3.9874330622988055
-3.4041454195976257
-5.054960438981652
-0.033688152208924294
-0.6982237150514266
-0.9282002267427742
-1.7640013422933407
-7.67193937045522
-3.2178991694236174
-4.485717762901913
-3.072099674376659
-0.07976685740868561
-0.5221168053103611
-1.4332241155207157
-0.6354026487097144
-1.143423343077302
-3.2266442934051156
-0.6297648202016717
-0.9438184639438987
-1.6532540729967877
-0.14932785590644926
-6.240762407636794
-17.192873433232307
-6.718159437179565
-2.139046609401703
-0.35706253070384264
-9.455685667366197
-0.6151250503025949
-2.8602773579768836
-4.629841234069318
-3.101865749558783
-0.6297656581009505
-0.9438181184232235
-1.6532537822495215
-1.1532642449019477
-2.1151259914040565
-3.5076060742139816
-9.3056580851553
-5.559854273189558
-1.7583571742288768
-0.033688152208924294
-0.6982237150514266
-0.9282002267427742
-1.7640013422933407
-13.567786713254463
-2.088154996134108
-11.16341174547415
-0.08707022233284079
-2.56032338202931
-15.729864149252535
-0.6297656031820225
-0.9438171801157296
-1.653253359196242
-0.8451246421318501
-6.774653992251842
-1.608986380044371
-12.762950664269738
-5.930123399520085
-1.3093255552957999
-1.6899842044804245
-3.9909543795511127
-6.125257023493759
-16.16693803257658
-6.129045292807859
-7.766418573351984
-1.027968249283731
-0.3841478852555156
-2.298514649271965
-0.6297648202016717
-0.9438184639438987
-1.6532540729967877
-4.146583765963442
-2.0418161312118173
-3.541367909667315
-3.246713948872639
-3.4239936463418417
-0.05909318197518587
-2.5116905672475696
-3.4131955010816455
-8.134391671745107
-0.7948131426237524
-1.0870187133550644
-0.5894480068236589
-0.7429710077121854
-2.6996469099540263
-1.3885560201015323
-2.9042702671140432
-0.1826662956736982
-9.040792659856379
-0.6297649843472755
-0.7534282726701349
-1.6571656782762147
-0.8886746412608773
-3.0567651204764843
-3.6613918244838715
-1.0115600826684386
-2.66759745037416
-8.340090958285145
-5.062753595437243
-5.938996227228927
-0.6297649843472755
-0.9438175382092595
-1.6532542301574722
-0.12459881830727682
-2.9643335031578317
-1.2987975946525694
-7.050194008741528
-2.600756612049736
-6.575804321328178
-0.2352036716765724
-0.6297656581009505
-0.9438181184232235
-1.6532537822495215
-0.22051020804792643
-7.3538744711186155
-1.422880893573165
-3.5348597653210163
-7.350526089314371
-3.673429101705551
-6.715485576540232
-5.27204339983291
-12.051243051886559
-17.31399746518582
-4.13942368933931
-2.824716441333294
-4.536669109016657
-2.9519085390493274
-0.6297654712252552
-1.0418248679488897
-1.693146928679198
-0.23461026325821877
-12.284438865141055
-6.443172468148987
-9.440844894692418
-8.661539617867675
-3.704419453861192
-3.3503491058945656
-22.130573292612098
-12.021938872901956
-11.550567122874781
-0.6297648202016717
-0.9438184639438987
-1.6532540729967877
-0.12998169218190014
-1.7935804720036685
-0.29018747992813587
-7.708852336741984
-21.14595532696694
-14.061450619250536
-18.96701907250099
-7.345722483354621
-7.579309951106552
-1.341126551385969
-9.563133312534774
-2.525555795407854
-8.096935512498021
-5.066302685532719
-4.145109124350711
-1.0532811062366818
-2.553900600410998
-0.629765171543113
-0.7534282130654901
-1.6571658339817077
-0.43046453842543997
-23.081063049612567
-1.5317260678857565
-0.06382069061510265
-0.30355120328022167
-6.238620178191923
-2.139003824311658
-6.778967029415071
-6.315419492428191
-0.6297656581009505
-0.9438181184232235
-1.6532537822495215
-1.7298626890406013
-7.710577845573425
-11.229710706218611
-20.171149574081937
-12.573610917490441
-1.686739219352603
-2.6410095434912364
-3.7161950129957404
-0.2658441048115492
-9.460282826097682
-7.342752519063652
-12.199746993370354
-5.098580128978938
-0.6297656031820225
-0.9438171801157296
-1.653253359196242
-0.1245985800633207
-3.5820317850011634
-8.96432110312162
-4.862720081378939
-0.8955890872748569
-2.557887332048267
-0.7831012471287977
-0.6297656577517046
-0.943816945888102
-1.6532538628089242
-0.22050973237492144
-5.5096159295062535
-6.118767105974257
-10.848683782853186
-5.0701955675613135
-1.7964217755943537
-2.1556792663177475
-3.2922094544628635
-5.972603727888782
-0.6297648202016717
-0.9438184639438987
-1.6532540729967877
-0.6190807623206638
-13.455026964657009
-9.281206622443278
-10.339617924619233
-4.334369080374017
-0.6297656031820225
-0.9438171801157296
-1.653253359196242
-0.12998250918462873
-4.512823544442654
-2.0232771585142473
-5.501962156966329
-3.528808568837121
-0.030580079634091817
-2.466739200433949
-2.706145307980478
-1.212213578633964
-0.787321583909943
-6.873910052177962
-8.071424630936235
-0.6168113104067743
-13.356663130165543
-0.4116155877709389
-7.95948086050339
-2.0310866497457027
-3.4679162216489203
-4.305476560461102
-1.0771488623868208
-7.2533349972218275
-0.6297648202016717
-0.7534285702276975
-1.6571660503395833
-2.659788683100487
-3.839845751244866
-5.684518748195842
-6.794779825890146
-16.8790804097589
-1.1674140319228172
-0.3890626444190275
-3.823978625208838
-1.1075571198016405
-3.7502241004258394
-8.17919779663498
-1.676713085937081
-1.365679330076091
-8.590982839174103
-1.4598111414234154
-0.6297656581009505
-0.9438181184232235
-1.6532537822495215
-0.12459929374745116
-5.435724841896445
-4.029078745283186
-5.748368150205351
-0.6473183956404682
-4.347431156784296
-0.3766822934267111
-3.9287430390249938
-0.460329569876194
-3.890114792448003
-1.2736064344644547
-3.999570060055703
-4.9803283819928765
-8.27769811754115
-2.6788222566246986
-7.6625211729551665
-2.1966419592499733
-5.245678869781841
-7.8913946487009525
-0.6297654712252552
-0.7534293362405151
-1.6571654328145087
-0.2805474931374192
-6.118412333569722
-7.346457471416215
-3.0385644072666764
-0.4019334614276886
-3.975216401508078
-0.9009933453053236
-2.7885037193191238
-3.3541027017636225
-0.035987264185678214
-0.6297656031820225
-0.9438171801157296
-1.653253359196242
-0.1245985800633207
-1.8610373649862595
-1.309079440208734
-0.09298117524303962
-0.01415110845118761
-14.34282307716785
-1.7589250152232125
-2.514647431424237
-0.9177220344572561
-0.38331103188102134
-21.683343341079308
-3.104050193913281
-0.6297649843472755
-0.9438175382092595
-1.6532542301574722
-5.100646014256199
-9.306517332268413
-7.760751397567219
-2.214207379030995
-0.3525174679234624
-7.424833715253044
-0.589915232732892
-0.332387650385499
-9.00604369136272
-2.524426018819213
-0.6297649843472755
-0.7534282726701349
-1.6571656782762147
-0.6282448253477924
-2.9390983004122972
-0.649767879396677
-3.3815906542586163
-0.35086911819598754
-2.599052697609295
-0.07122082263231277
-6.1233116022231115
-3.6983580326341325
-2.086745196254924
-2.847265273798257
-0.6898589645134052
-4.995741900725989
-0.12083479377179174
-0.6297656577517046
-0.7534285702276975
-1.6571660503395833
-1.6118658253762987
-16.869496266961505
-12.249923954022961
-0.6050103681627661
-9.169556526452652
-4.746224833277665
-14.775128500339633
-1.0423513579880819
-0.6297653654619353
-0.9438174166716635
-1.653253493073862
-4.040623705019243
-0.24533159008569783
-4.711631280835718
-20.94517832020938
-18.615505150133686
-3.9652089167620943
-5.610489570652135
-0.5945319751044664
-10.537378072738647
-3.6913174603832886
-0.6297654712252552
-0.7534293362405151
-1.6571654328145087
-11.123313195392257
-5.968740552663803
-1.7350681405514479
-0.03246095031499863
-0.3625719579940778
-0.6297648202016717
-0.9438184639438987
-1.6532540729967877
-6.256935577839613
-0.12392109219217673
-5.130416052881628
-5.990751861711033
-1.6106961285404395
-4.792314734077081
-3.8119727168232203
-3.2437288565561175
-7.321768272086047
-0.6956411600112915
-0.6297656577517046
-0.943816945888102
-1.6532538628089242
-18.215669800934847
-9.524693669052795
-0.4761742055416107
-2.498288672286435
-3.864942319858528
-6.454073276050622
-13.963999090250582
-1.5379338127095252
-1.5811238593887538
-0.6297656581009505
-0.7534277464728802
-1.65716502815485
-0.8683188093127683
-5.000686538027367
-6.074298335515778
-4.595995353069156
-1.5260615897568641
-5.7749131222080905
-2.3515309377835365
-17.046440167352557
-2.2407618472352624
-0.6297654712252552
-0.9438167135231197
-1.6532530025579035
-2.383594865212217
-2.010163056271267
-1.0715629508922575
-5.1643863739445806
-5.17850827712391
-4.200809396803379
-14.413178011775017
-3.1263629792701977
-1.5439998507499695
-7.518675257946597
-12.726099256426096
-5.914006153390801
-3.6608847565948963
-12.680843725800514
-0.6297649843472755
-0.9438175382092595
-1.6532542301574722
-0.6033036446315236
-0.923508770763874
-8.240258856574656
-0.6915377038531005
-0.3230130476586055
-12.694226321036695
-11.119289331894834
-5.140878187336057
-12.778659691961366
-8.813634422825999
-0.13163214572705328
-0.9169670734554529
-0.6297654712252552
-0.9438167135231197
-1.6532530025579035
-0.06010287156095728
-2.816602363018319
-29.549744930707675
-8.962657040912745
-0.07656531035900116
-2.8379969422894646
-2.4578314436002984
-2.3541268818080425
-2.808519688725937
-1.1868075359379873
-8.701394030089432
-3.9005742326844484
-8.805183089047205
-7.758306640549563
-5.812080279516522
-0.04655749865924008
-2.981373238551896
-6.2458958940296725
-3.9049801245273557
-7.062220481126133
-4.887175445910543
-0.031238807132467628
-2.103252205357421
-9.072179185954155
-3.1272710293415003
-0.07194222003454342
-5.554290144646075
-0.05048191174864769
-0.029763730824925005
-0.03332902491092682
-0.6236391685088165
-0.9053917727433145
-1.1195588954724371
-6.246545748785138
-3.8960589262715075
-0.10287203663028777
-16.29349822734366
-19.947692439891398
-4.459275105047709
-0.9782375335053075
-4.5628148810938
-1.615228146314621
-9.66551849246025
-5.001623868942261
-6.131173788104206
-5.97877458028961
-1.3046963224187493
-0.04776727942225989
-1.0944158965721726
-3.4837537702114787
-1.8244297367273248
-9.020696055900771
-0.10445711913052946
-7.197864246176323
-13.283862086973386
-4.0212329615605995
-1.6997790119512501
-3.7077507814392447
-5.385565169039182
-10.196318239570246
-18.790246678650874
-2.3294157210038975
-3.0090304617770016
-3.873461577575654
-7.922605154435587
-8.589880405575968
-10.515184372663498
-6.241615819977596
-17.32953268761048
-2.402296428103
-3.478684225701727
-2.805502637871541
-2.2267141931151855
-6.278235670179129
-3.3932036554906517
-0.30961785931140184
-0.06136927779880352
-2.5575527051114477
-1.331042327801697
-0.2732325913384557
-2.7680194183485582
-0.48102914467381197
-12.764481882506516
-2.7390722483978607
-6.625197917688638
-5.164135038852692
-0.10445690096821636
-0.05375039317004848
-10.317308209370822
-8.8718933473574
-3.0069604290183634
-5.021340940031223
-2.023433126625605
-2.614836871623993
-5.03429904114455
-4.057555304869311
-0.8204752407036722
-1.6398426294326782
-3.4227802753448486
-6.665394134892267
-4.311658563092351
-8.461482396989595
-0.17656200713827275
-0.11634367145597935
-0.7916653198190033
-18.200213003903627
-0.22131842374801636
-7.299832281190902
-0.42438616743311286
-7.277137245051563
-13.383595852181315
-2.3960337738972157
-6.62915067654103
-3.7010071742115542
-1.9704406920354813
-3.006055617937818
-0.24146570372977294
-7.692163800355047
-6.141543094418012
-5.216061653452925
-5.269120417069644
-2.6978684833447915
-5.416964318603277
-1.2959503084421158
-0.5292886774986982
-3.6274948865175247
-7.418251266281004
-3.190371106378734
-4.677637786589912
-7.549067330226535
-1.0941015481948853
-2.2265654404691304
-2.4360207276477013
-6.416602781373513
-10.071992761455476
-2.8897894732654095
-0.07275757344905287
-3.6689361417666078
-0.794650137424469
-6.387586819677381
-4.142231003352208
-6.629734316375107
-6.64465837017633
-2.0237357592995977
-0.883920416701585
-1.065066359937191
-11.262831904517952
-1.4526083413511515
-2.5111042965727393
-3.2125436923015513
-0.8860929546353873
-5.47766378155211
-4.49413505155826
-0.09045659913681448
-0.687128160148859
-3.234116144340078
-7.817312143743038
-2.5112256391439587
-28.566978213377297
-1.1469242157181725
-0.33643245697021484
-3.066172312479466
-3.7247432842559647
-17.264070953940973
-9.3646990115667
-8.141525872051716
-6.673867618665099
-6.6403901467856485
-3.455215450609103
-2.865800440835301
-1.9795533567667007
-5.447541773319244
-11.586630449208315
-16.796086509537417
-5.764677253551781
-1.945839588996023
-3.123500232984952
-4.067912578582764
-3.5206296844407916
-7.587319179874612
-2.143551106302766
-5.490839070494985
-20.8465163721703
-1.1226982176303864
-4.036050493363291
-4.560320127115119
-3.8052358033601195
-0.06393490677146474
-5.10105437412858
-14.314684137370932
-1.7904969950468512
-1.6053322088555433
-4.377811306709191
-8.620893937069923
-2.563681125640869
-7.417023439193144
-1.7420727768621873
-3.589358262717724
-2.1270007621496916
-1.7154346109600738
-6.42424898641184
-1.266815700684674
-7.523206969839521
-0.22613348945014877
-3.2160870214138413
-3.8986830129288137
-4.340312612592243
-3.2413655929267406
-2.398026736555039
-0.5361216340679675
-3.4330840666079894
-10.126579413888976
-1.7772495513781905
-6.264259161514929
-0.8540368907852098
-0.5801135697693098
-5.1820399508142145
-6.6616921201348305
-4.721703055940452
-2.9691769732162356
-2.495361569279339
-1.3542400908190757
-1.0102894604206085
-8.835226910188794
-1.1018790483794874
-1.5971422700677067
-0.13152581718168221
-2.231833957543131
-1.3332993174844887
-1.9708032766357064
-1.4222466051578522
-2.3309982016216964
-2.791696238098666
-0.035121429013088346
-12.215245647385018
-0.5312831205810653
-12.773595339735039
-0.027681348496116698
-3.7816876862198114
-0.8771309920120984
-0.4613833795301616
-1.879322275519371
-2.4665492264575732
-8.5985761214979
-0.0777282441558782
-0.3311437424417818
-1.6366053924430162
-6.414922563359141
-7.125597467682383
-0.9758875182305928
-5.78280548658222
-8.865961468800378
-9.107589872844983
-4.294760284916265
-4.4501187382265925
-17.069501348072663
-14.0322887878865
-1.127328882459551
-5.553732777247205
-0.16261210205266252
-1.800873912361567
-6.2001524567604065
-2.059706874191761
-0.013524394635169301
-0.10107612443971448
-5.2722071055322886
-0.45136553049087524
-1.2926204800605774
-0.5244910446926951
-1.9934279918670654
-1.0506271407939494
-0.13147350773215294
-4.163968247863522
-3.9578017331659794
-0.6294745183549821
-0.10258147271815687
-10.034431767751812
-16.48969751765253
-0.355671193508897
-0.8336770590394735
-1.8280299585312605
-2.617746949195862
-1.8143477141857147
-16.60190145514207
-6.000027741654776
-0.057009449636098
-1.881125039421022
-0.11611332559550647
-9.868051599129103
-3.586386085196864
-1.21025200933218
-9.164637042209506
-10.937132852617651
-2.99566654546652
-0.11820586817339063
-5.532433616463095
-1.103192081936868
-8.351430525071919
-7.0909709097322775
-0.6306669650948606
-2.5872370987199247
-1.6378654432483017
-2.540046453475952
-1.9583839811384678
-0.9112319741398096
-5.880069910548627
-0.22201981954276562
-5.807562550995499
-0.9980871296720579
-4.113945150340442
-1.8726665116846561
-4.809224486351013
-0.13790687356959097
-14.329350268933922
-3.84300960728433
-3.326825104886666
-3.237465684302151
-8.314581397920847
-2.619905346771702
-20.838375569466734
-4.890130945525016
-0.07787838135845959
-1.652395376135246
-21.754708080698038
-9.976285509299487
-3.0122703632805496
-7.744766085175797
-2.995196546893567
-4.040891303215176
-7.337152413907461
-1.3722331537865102
-0.05528084363322705
-0.16520763421431184
-8.00766069313977
-2.0910766723100096
-1.5151727427728474
-1.1399541220162064
-5.988813802599907
-0.5855171233415604
-10.389716332778335
-18.817686790964217
-0.3430071563925594
-0.704018912569154
-0.28736064267286565
-1.2237051948904991
-9.55630671561812
-2.734000337542966
-0.5394976176321507
-5.517655112256762
-2.793125825584866
-14.74767236202024
-13.550377844832838
-5.745757401920855
-0.039307762373937294
-0.7633486846316373
-1.8856277594677522
-0.6811701671686023
-8.448982439236715
-4.613947845995426
-7.965937178523745
-2.590439796447754
-2.701006518196664
-3.500185106880963
-5.012114665471017
-0.29389657638967037
-34.47655389350257
-2.00999222882092
-11.72235171275679
-0.06722243048716336
-1.9513672312023118
-4.102084684796864
-1.3429145539121237
-6.116658275946975
-4.729095751295972
-4.8201863849535584
-2.377475744462572
-0.09541172895114869
-4.267830294309533
-1.3006527056568302
-5.552687160903588
-0.370549459803442
-2.4089176654815674
-5.162796157412231
-1.997632143786177
-2.854501925059594
-5.412594676017761
-1.8364277032669634
-3.353150963783264
-7.310969305064646
-2.258555168984458
-8.414745519461576
-6.578111700247973
-0.04792627249844372
-0.1832878369023092
-10.823561797093134
-7.3575653153675376
-0.5223909462802112
-2.2332783872261643
-8.199336755555123
-3.452532883733511
-5.945942456863122
-5.898354471864877
-0.7897219061851501
-0.04914216144243255
-0.027265019562037196
-0.34603418316692114
-0.04798920715256827
-0.9293902920908295
-2.577512824907899
-1.9259823604261328
-2.008076649159193
-7.814369443804026
-0.9770305245183408
-0.5824888262432069
-2.23284347075969
-2.7193698743358254
-6.299307823181152
-4.7757276512129465
-1.34929736610502
-0.05202385221491568
-0.052251909917686135
-1.4509656324371463
-8.021694665774703
-7.437423102557659
-3.51822467520833
-1.0904739036268438
-0.04634364225785248
-4.180243111855816
-0.4275714219547808
-3.7398505099117756
-9.213463798165321
-7.0903254770091735
-0.9280959149182308
-5.336074413397
-1.7239537239074707
-1.742447809316218
-5.76582133769989
-15.89388188533485
-4.427693717181683
-0.04806934800581075
-4.62747732270509
-5.101047181058675
-2.747076623243629
-2.4340500457328744
-1.9951409569039242
-2.0325817635457497
-6.166080585149757
-0.4121919993776828
-6.633161346515408
-6.4558314573951066
-4.11053934469237
-0.07257321733050048
-22.563648693889263
-3.908215533941984
-0.2859201498577022
-1.0942381620407104
-3.6798974024131894
-6.136468381475424
-1.1251545250415802
-2.209006518125534
-7.385333530604839
-0.09157422368298285
-7.044371624564519
-1.0308029296502355
-9.879362385720015
-6.278786568320356
-3.6096723931477754
-2.498951220884919
-2.8368452007889573
-4.675787198917533
-0.79291682690382
-5.0298035344458185
-20.246966949256603
-3.0813830215483904
-0.029348872645641677
-7.393856468930608
-9.78041158337146
-3.066089991480112
-1.9917129068635404
-7.050368791911751
-3.0841470761224627
-3.2001068834215403
-21.63831202639267
-0.764538565883413
-4.706716034561396
-0.6297656581009505
-1.0418251059018075
-1.6931461244821548
-0.3002523939067032
-30.95923404606583
-10.457833538763225
-18.587762022274546
-27.02698209276423
-0.7544161323457956
-6.542557129636407
-3.4174407885875553
-14.290795166161843
-5.768852826207876
-2.158228782005608
-2.0956512687262148
-4.36678180238232
-1.0930812358856201
-0.5612174859270453
-1.412779032601975
-0.629765171543113
-0.943817765917629
-1.6532543940702453
-0.12459880311507732
-1.4804459721199237
-0.46448182662425097
-8.793841968581546
-0.6297649843472755
-0.9438175382092595
-1.6532542301574722
-2.678549308795482
-3.189950011546898
-17.671696087731107
-0.03226763382554054
-12.733311046089511
-2.9931025435216725
-0.8199740295685842
-4.859619261182161
-5.295510868658312
-0.6297656031820225
-0.9438171801157296
-1.653253359196242
-12.399293820664752
-4.338774684685632
-8.063882152549922
-17.230184989923146
-11.579242432788305
-2.2216131687164307
-10.432228732854128
-8.17038695816882
-0.9651895787101239
-7.876834392547607
-0.5334906009957194
-0.0374691027100198
-0.6297654712252552
-0.9438167135231197
-1.6532530025579035
-6.692486193263903
-42.01619402222286
-31.926088694654027
-8.768764349428238
-2.4890526424569543
-24.084764375991654
-32.80971929099178
-5.734767068643123
-7.338214308663737
-10.32302504684776
-0.6297656031820225
-0.9438171801157296
-1.653253359196242
-1.474377317354083
-1.4381309733726084
-9.53456066238141
-3.393552999943495
-10.288642525400064
-2.614175672235433
-10.46072195097804
-5.39862922206521
-0.720399048179388
-2.985993524082005
-14.046631461009383
-3.1016925069270656
-0.6297656031820225
-0.9438171801157296
-1.653253359196242
-0.1245985800633207
-18.17733416482224
-2.2808076962828636
-5.9881680510006845
-12.556438541781972
-8.773201139643788
-0.5147165876624058
-20.68732954573352
-3.6042967955800123
-7.580535017012153
-0.5314211983986752
-5.591400111094117
-3.0040173670277
-2.60737946980953
-12.07360999356024
-0.6297656581009505
-0.9438181184232235
-1.6532537822495215
-1.1520339333219454
-14.743437042692676
-4.040947842411697
-22.4718154846596
-0.7585884440341033
-0.19060577580239624
-6.404593336395919
-3.1686323223402724
-14.003948088473408
-1.9908005809411407
-13.60969197715167
-2.8234771491879656
-0.03368885815143585
-0.698223248575232
-0.9282003497355618
-1.7640020895632915
-4.020680414396338
-2.0470401257189224
-10.30762629583478
-7.945325770939235
-11.238022702502349
-15.59650682657957
-5.067804201389663
-1.8091500427690335
-9.823229019530118
-1.2236947268247604
-3.3549145949073136
-1.9805635418742895
-3.385996282857377
-0.6297649843472755
-0.9438175382092595
-1.6532542301574722
-0.7698209246154875
-3.518756640900392
-1.234237911645323
-4.8407798912376165
-0.04278713807616441
-8.117379292845726
-3.951429177308455
-0.5883378386497498
-6.0560845143627375
-4.451176669914275
-0.12252865685150027
-6.067210078239441
-0.22857961896806955
-0.6297654712252552
-0.9438167135231197
-1.6532530025579035
-14.139174138195813
-21.755128090502694
-1.1225335858762264
-0.763573944568634
-7.2263690896797925
-7.928155844492721
-0.010120858438313007
-0.10250947757504036
-4.3976377616636455
-3.973487103357911
-2.935138162225485
-2.8828624724410474
-0.43406960158608854
-0.1444630161859095
-0.6297648202016717
-0.9438184639438987
-1.6532540729967877
-0.12459883221890777
-9.2551748752594
-6.738392858234874
-9.752455642679706
-2.1691980980540393
-2.3348763044923544
-0.23917898163199425
-3.2554339554626495
-5.113949069287628
-8.247115225996822
-2.585709676903207
-3.88167452509515
-0.58807283337228
-0.6297656031820225
-0.9438171801157296
-1.653253359196242
-0.22051016381010413
-7.667006469178887
-0.44569160463288426
-7.519332215189934
-3.3268051417544484
-0.6297654712252552
-0.9438167135231197
-1.6532530025579035
-0.12459916033549234
-23.839413046688605
-0.9279382085078396
-15.437904556620197
-11.932587221632275
-0.20676688943058252
-31.315980627157842
-7.423403211869299
-3.594733914360404
-8.825719293672591
-1.192858731141314
-0.6297653654619353
-0.753429387928918
-1.6571654170402326
-6.861284100457851
-20.93182594353857
-5.96444852463901
-3.13892601102998
-5.457037667365512
-5.837290998548269
-1.0216143170837313
-5.22089458303526
-7.192256969196023
-0.6297649843472755
-0.9438175382092595
-1.6532542301574722
-5.956391077568696
-17.84027874181629
-5.518013254688412
-3.481485590338707
-3.8781742466962896
-2.185420391811931
-0.47810072486754507
-2.726862619711028
-4.427971720739151
-5.888179302215576
-0.6297656031820225
-0.9438171801157296
-1.653253359196242
-0.1245985800633207
-8.731581743722927
-3.89629427640466
-3.9687013612128794
-4.2652386808767915
-4.8808314832276665
-4.876864951918833
-1.67024280061014
-0.7539958302513696
-2.948862520046532
-2.3894620838109404
-0.7301051486283541
-0.629765171543113
-0.7534282130654901
-1.6571658339817077
-0.6358330969233066
-0.47366074193269014
-0.5633681538311066
-2.908093761652708
-2.28690935485065
-4.449964948464185
-3.013963222503662
-3.440765629115049
-2.8212540722452104
-0.965498591773212
-0.757069000042975
-0.6297648202016717
-1.0418252786621451
-1.6931465293746442
-1.7018256355077028
-8.237379977843375
-6.427497602533549
-14.192549541825429
-9.348126024007797
-0.6297656577517046
-0.943816945888102
-1.6532538628089242
-20.670117251585907
-1.9699199441820383
-7.090976558625698
-6.115451735677198
-4.107597919733962
-1.495007268153131
-1.6317078295978718
-6.678248978219926
-1.7202880147378892
-0.629765171543113
-0.943817765917629
-1.6532543940702453
-0.9386204602778889
-0.5235349340364337
-7.031074657759746
-6.0080496664159
-16.178235864616
-0.9877327443100512
-0.042152686197368894
-3.0027763179969043
-11.666181176202372
-15.894034029006434
-7.469139227003325
-3.7264870083890855
-8.214069504640065
-4.693897881079465
-0.8708930391767353
-8.715480214683339
-7.242081565818808
-8.274809620517772
-5.370730365801137
-2.0866433773189783
-3.030839444923913
-1.0153039991855621
-0.6297654712252552
-0.9438167135231197
-1.6532530025579035
-0.12459916033549234
-2.6753853168338537
-5.728668286057655
-1.2954153753817081
-3.6356019645463675
-1.3534324574684433
-4.870428407331929
-7.489931121002883
-4.3971771348733455
-0.29276242293417454
-4.382975047636137
-3.9668822679668665
-6.358790342375869
-16.745325651136227
-3.8516039893438574
-0.6297656577517046
-0.943816945888102
-1.6532538628089242
-0.9261336406234477
-7.091711640357971
-2.3725214822916314
-8.767060647638573
-6.274210639996454
-3.074594042584067
-9.28731563873589
-2.9798760414123535
-1.153606048465008
-3.3244422004790977
-2.7910555489361286
-0.4303810673300177
-17.716783407435287
-17.093754814413842
-2.093697049189359
-13.038535674102604
-1.2665227700053947
-0.4330697888508439
-2.7101880069822073
-0.24774173717014492
-0.6297654712252552
-0.7534293362405151
-1.6571654328145087
-4.465487506120553
-4.534691736102104
-5.043590473738732
-4.867163822054863
-3.2406561374664307
-2.8258878895721864
-8.183707836040412
-28.287349957900005
-1.73324541375041
-3.9140049037523568
-2.56009438727051
-6.198747843271121
-6.680711658904329
-6.547997291549109
-0.6297654712252552
-0.9438167135231197
-1.6532530025579035
-0.12459916033549234
-5.507987284101546
-18.033192639413755
-6.365677997993771
-1.7675347160547972
-11.487128596752882
-6.9639513455331326
-0.6297653654619353
-0.753429387928918
-1.6571654170402326
-0.11384715023450553
-0.9083248593378812
-2.805323509259324
-14.042025180533528
-7.711564010067377
-1.3194615938264178
-14.238760366672068
-5.753725258080522
-0.5230301058618352
-9.57754548243247
-3.52903096890077
-3.55973226390779
-0.6297656577517046
-3.456629038650135
-2.2465437114879023
-0.21283146494533867
-9.363784421235323
-3.3888064632192254
-4.364169986918569
-57.21960180008591
-11.235182041302323
-7.597749780397862
-1.3533878568559885
-18.80786709021777
-1.022756733931601
-5.36851634318009
-7.114777974784374
-1.588830353692174
-3.158901348011568
-0.4013738464564085
-2.7990430798381567
-5.028135308995843
-12.273578484542668
-3.1258908323943615
-0.6690134190721437
-0.7370556403766386
-0.629765171543113
-1.041824811603874
-1.6931459707557224
-0.1941091335611418
-1.8866096166020725
-12.172302858904004
-3.464191734790802
-5.916196531703463
-10.221744235605001
-8.421825826750137
-5.543437325628474
-18.616855001542717
-8.057801285991445
-0.6297649843472755
-0.9438175382092595
-1.6532542301574722
-0.19323058327427134
-0.042407155386172235
-3.827889965810755
-18.099077876584488
-15.455138614634052
-11.93338017608039
-5.917501705698669
-0.38444288168102503
-4.693133566528559
-1.831602240628854
-6.652371550997486
-7.516902659786865
-7.156508143059909
-0.6297653654619353
-0.753429387928918
-1.6571654170402326
-0.1463249921798706
-0.057816274696961045
-10.66993518662639
-2.4619942941644695
-2.4616834362968802
-0.8129695300012827
-0.5224310159683228
-0.6297654712252552
-0.9438167135231197
-1.6532530025579035
-5.6962934800976655
-5.735651317052543
-8.065792432884336
-0.9032364539452828
-13.794456185598392
-5.587545067071915
-4.815227831415541
-0.2727584724780172
-2.6080397190817166
-2.6800818433985114
-0.6297656581009505
-0.9438181184232235
-1.6532537822495215
-5.643297445960343
-2.923516297072638
-3.2664264123886824
-8.055630819872022
-2.400011790654389
-2.756272589947912
-1.1948601603507996
-1.7361519334663171
-8.303216477157548
-3.2630247473716736
-0.6297648202016717
-0.9438184639438987
-1.6532540729967877
-2.235954242234584
-6.805133786052465
-8.626155521720648
-3.5007951577426866
-3.2783992630429566
-0.07783600687980652
-1.9431261755526066
-1.2868862544419244
-0.6297656577517046
-0.943816945888102
-1.6532538628089242
-1.8316234353696927
-7.9061883896938525
-6.619674356945325
-1.259411146864295
-30.094352532410994
-8.425953747937456
-6.776450692676008
-1.4664530279114842
-3.437852954957634
-5.619061792269349
-1.2140128451574128
-0.6297649843472755
-1.0418249885551631
-1.6931470547569916
-3.3727323496714234
-4.630293418653309
-3.7729997577844188
-4.4817448246176355
-8.221213144250214
-13.046090988442302
-3.655170351266861
-0.3364322241395712
-0.29499021073570475
-4.5489664588239975
-5.136725704433047
-3.0318841617554426
-2.1675212059999467
-12.321273193170782
-0.27475276752375066
-9.831857286771992
-33.976355655308
-5.308725807350129
-0.08049293866497464
-1.1049153730273247
-11.092268429943942
-0.19276012782938778
-9.827851171336079
-4.182560838176869
-9.14703262608964
-0.19336379040032625
-7.373359350254759
-14.602689614985138
-10.172482320223935
-4.177931264543076
-0.8251717127859592
-4.759259717015084
-0.0779097531340085
-0.5469388123601675
-4.114863661525305
-4.653783761796149
-2.269502288705553
-1.2112915298785083
-2.030191618949175
-3.2438422135601286
-23.598553472969797
-5.343663739302428
-2.636301944643492
-4.889172785682604
-2.6503791521536186
-0.04671469406457618
-0.025520779192447662
-0.15202790690818802
-0.21066401951247826
-4.742409885569941
-1.5021845126684639
-0.5727441888302565
-2.015624434687197
-0.4193173311650753
-2.4114908696501516
-1.912180865474511
-3.0707735991454683
-3.40093682683073
-4.735468626371585
-0.039520453472505324
-0.4734874057758134
-1.4679996668055537
-1.63041109572805
-0.3847361842636019
-0.02562334667891264
-2.512989655137062
-1.2523949295282364
-18.55647714699444
-6.001815125466237
-7.36908089199278
-5.416712774007465
-1.4725239174440503
-0.2847765013375465
-0.045061302749672905
-1.227650662898668
-8.564251395640895
-0.19913228414952755
-1.608265673276037
-2.8195161730909604
-6.75905237684492
-5.758917318191379
-1.0894663479703013
-4.871704088989645
-11.383987513137981
-4.5846196989296
-7.746892735303845
-3.8950342056959926
-2.3899112828075886
-1.2178776937071234
-7.297596960364899
-0.0639352532234625
-1.5188478212803602
-6.56278831572854
-1.8787826113402843
-9.391592000596575
-16.389337434404297
-1.3946789151523262
-4.3689805346075445
-1.0113686569966376
-8.505741252563894
-0.8609293699264526
-2.1754799752379768
-7.745249864543439
-0.8539175537734991
-0.48947319591388805
-5.0576750840991735
-0.39003293606219813
-0.10515294363722205
-0.23041804519016296
-2.992589865505579
-5.255043288925663
-3.546657376922667
-3.501533771690447
-4.273890700307675
-14.89329563913634
-0.8549827912356704
-0.788398687611334
-1.0029814412991982
-8.55423424730543
-3.9382170625030994
-0.020417664913111366
-0.7780919468314096
-5.327142339578131
-0.6148381612729281
-4.195746884681284
-13.426459360402077
-5.553844017809752
-4.793814024887979
-3.1397636458277702
-10.858061665669084
-6.003305018264655
-2.573221271708462
-2.17517779674381
-1.2981630766298622
-6.827156689018011
-19.560134431536426
-5.0921787834959105
-0.04127949007670395
-2.9043810139846755
-3.441745067888405
-11.288715901668184
-11.767820038447098
-4.20058636640897
-0.11614216362431762
-3.0909296041354537
-0.5502339350059628
-3.712440521456301
-2.281632086960599
-23.20835125213489
-0.055043707630829886
-1.9009581352584064
-12.320044101914391
-3.798480026423931
-9.621686848520767
-0.5851314701139927
-0.9410402095745667
-2.935265582833381
-5.220626795126009
-3.7141995946876705
-0.18538779983646236
-12.664354696171358
-70.61054167648399
-0.09969248913694173
-0.1561087215814041
-0.05190472944377689
-14.26288672823648
-4.16191191948019
-5.045517682330683
-10.638616517186165
-2.35132252285257
-5.696751008043066
-1.8036335073411465
-11.567415930563584
-4.402064726920798
-3.553483675222651
-6.870871234685183
-6.203552876948379
-11.48167398449732
-5.26906974366284
-2.8077551294118166
-1.1089311127143446
-0.48132171377073973
-2.0793195753358305
-2.3214504530769773
-4.077537654899061
-15.450433653837536
-3.6424702228978276
-0.8488382985815406
-1.8208606727421284
-6.515077579708304
-2.943573487995309
-3.5089509403769625
-0.6917228354141116
-2.386912319332623
-2.536864097986836
-0.09150041569955647
-0.3979346220367006
-2.03624133777339
-2.1592216218123212
-2.364978913217783
-0.20490849181078374
-3.0794745621387847
-8.615042381585226
-23.794484221958555
-1.774528053123504
-10.284948175307363
-0.2985817118315026
-4.307324119698023
-1.0729889734648168
-10.32959831575863
-0.12009399621274497
-22.420324037913815
-7.510107304900885
-9.428468419129786
-3.6534186180870165
-0.25977689027786255
-30.3139052829938
-2.5493284687399864
-3.8817711127339862
-10.828700871468754
-0.9085335042327642
-1.3511084047859185
-1.2638697493821383
-0.656341158086434
-2.043778106177342
-7.956123682670295
-7.1056831195019186
-6.236749850504566
-3.9071340886875987
-4.918939607683569
-0.0615074306842871
-0.18623613600357203
-1.7793543852167204
-3.8664841888239607
-0.8393789078108966
-4.497630754485726
-11.660792479189695
-8.093591139186174
-3.5748137016780674
-4.323433077486698
-3.7782524225185625
-0.2384876754367724
-1.8454890271677868
-7.444605026044883
-2.879825498908758
-3.9497764001134783
-1.1795687759295106
-1.466575300320983
-8.548726891400293
-4.427994425233919
-1.6013551000505686
-11.151910369866528
-0.06089792525744997
-0.29826355283148587
-0.1671455541636533
-0.4287335411645472
-0.05414265639797122
-0.12127701193094254
-1.2626019809395075
-2.1821036897599697
-0.3234042644035071
-0.4939417727291584
-0.5299361094366759
-5.9487433433532715
-5.164243413135409
-0.9642288684844971
-0.035170102200936526
-0.15254034285317175
-3.921680599451065
-0.7512184847146273
-0.7911874651908875
-0.40711510181427
-0.6023224964737892
-5.114639302249998
-1.5916828450062894
-0.05946931941434741
-0.490576165728271
-1.5695232432335615
-1.4096028180792928
-0.8212775364518166
-2.487816235236096
-26.402020724286558
-0.6610703852347797
-0.9362206935911672
-2.3917079145321622
-4.164456074649934
-1.0242599525809055
-0.24351336883410113
-0.1832641027867794
-0.362096575088799
-10.03311574459076
-3.0796102210879326
-5.734579489129828
-2.678412580600707
-15.548713650387072
-0.049517519830260426
-2.3253840644611046
-7.2757795282959705
-1.1976197710682754
-3.351038336753845
-5.1235096380114555
-7.554924504671362
-18.348271463182755
-3.4651132030412555
-5.41127496228728
-5.248989159517805
-3.696163641026942
-2.78288796544075
-13.250317829893902
-4.374712914228439
-0.063935484191461
-0.2610506066121161
-0.18228338348853868
-0.04016721993684769
-5.384761384688318
-0.7285938912145866
-5.130810022819787
-3.91633138153702
-17.39887525132508
-6.382722135167569
-4.127064174739644
-0.05440159805584699
-0.14287648792378604
-2.372896916465834
-10.421838233829476
-3.296679746825248
-9.443809040240012
-2.1030683231074363
-4.669765540238586
-2.2222065553069115
-4.437796767568216
-0.06981583367451094
-3.101042818503629
-6.290909080707934
-5.5057755465386435
-25.066232730285265
-6.152512847795151
-2.0142672333749942
-1.4677786156535149
-0.1675275014276849
-6.935825875916635
-2.4165283020120114
-2.395256682080799
-15.753143316600472
-8.358183784061112
-2.973216734826565
-3.0622208272106946
-6.999692715704441
-0.10731560084968805
-0.9520760581071954
-2.968104430823587
-6.453527644975111
-1.8742506938942824
-4.139649813761935
-7.560835189651698
-0.13322523282840848
-0.573095866071526
-1.3813923363923095
-17.126609684783034
-1.0633981749415398
-5.399307943240274
-4.555018041195581
-16.608287360606482
-7.4130651243031025
-0.0354010671726428
-8.039487106943852
-1.5605844259262085
-4.496948036365211
-2.12312044785358
-7.16050669879769
-0.9718161202326883
-4.320408241241239
-7.474588569486514
-5.581515905447304
-0.6138738619629294
-10.328379176789895
-3.893652271828614
-5.461556916125119
-8.664882109253085
-0.04653236275771633
-0.36070489849953447
-5.774070493876934
-3.293977341694699
-3.269114024238661
-0.140491490252316
-2.040614292025566
-9.224770686822012
-2.795934505862533
-1.0370572949759662
-4.471006728708744
-3.0705798057169886
-4.735711005632766
-2.2414383394643664
-3.3775260097463615
-5.704905089427484
-10.442653869045898
-0.04811127489665523
-0.25375559315580176
-7.445528233543882
-2.2137191545189125
-0.40096423648355994
-2.355504139326513
-6.701882523950189
-1.9324372187256813
-4.060011941983248
-22.670037406031042
-7.884075604844838
-15.833445590134943
-5.2072326727211475
-19.830852736369707
-4.978868328034878
-1.3402067124843597
-1.3458821661770344
-0.06207420807913877
-2.514682298875414
-6.527675827674102
-2.498038555495441
-0.5850529411609386
-0.2923504449427128
-0.9162667631171644
-1.7624419371131808
-3.935471698641777
-1.8242101110517979
-0.08761879056692123
-0.1762234842099133
-0.43973975256085396
-25.364497998918523
-21.82166370069899
-4.206955011468381
-2.5157414234708995
-1.8289228769717738
-1.0526448304299265
-3.5015533603727818
-2.9247840374009684
-0.517655611038208
-0.04840921124559827
-10.404025720446953
-21.670232777512865
-1.7561437331605703
-6.628839513694402
-9.437315455405042
-4.5837449074024335
-25.707961204811
-8.464760594069958
-4.427576847374439
-9.10768862455734
-4.961984247202054
-4.699874744343106
-2.3930685831874143
-2.6318580850493163
-4.921149080386385
-2.867818192113191
-9.710106833197642
-1.4431097763590515
-17.975743795657763
-9.237852344289422
-24.606752173043787
-13.945685773069272
-2.92238419529167
-15.503624375443906
-19.020811775662878
-2.758376145735383
-2.6988088423677254
-8.979490442608949
-1.9956303210929036
-0.21073487773537636
-11.505745004193159
-1.9889193079616234
-0.08271097345277667
-0.25134339073701994
-0.5833293627074454
-0.04424722765725164
-0.33343214355409145
-3.6046363208442926
-0.5044375397264957
-6.606378006879822
-7.40984462708002
-5.006548464743901
-0.04698587175516877
-12.355180131315137
-4.883387193316594
-7.970288474461995
-1.8326408439315856
-28.43725420825649
-0.5172263439744711
-4.611633125692606
-9.403773229569197
-99.4989105987479
-0.9605493574927095
-16.59173143375665
-0.06022124318405986
-4.737467845596257
-0.007807895541191101
-29.349537208010588
-7.3897085301578045
-0.37686110893264413
-0.033438544705859385
-13.181351947918301
-33.14461935707368
-1.6703150756657124
-1.6113899157644482
-2.4384396336972713
-11.855628421530128
-0.18740209937095642
-4.51827871799469
-5.866761319339275
-14.6296985601075
-3.264243099009036
-15.34760354401078
-1.9949767757207155
-2.52063981955871
-0.74769526720047
-0.07046234667359386
-0.9443271484851721
-4.855252088978887
-30.065987948386464
-2.851794450543821
-5.127016304759309
-19.895474420998653
-1.231297263642773
-6.983142361568753
-27.13658952377409
-7.616349426301895
-2.891595417557255
-0.17770774755626917
-0.7036214152503817
-11.373449704646191
-6.312741290917074
-6.641574295586906
-0.9705410394235514
-0.6297648202016717
-0.9438184639438987
-1.6532540729967877
-0.21176790492609143
-16.287665175274014
-5.2552923373878
-1.5664933410007507
-9.138024905929342
-2.582248400663957
-2.4604803882539272
-9.245047074276954
-8.539931466802955
-1.658191854134202
-0.6297656577517046
-0.943816945888102
-1.6532538628089242
-12.473591327667236
-0.287557874515187
-4.737036259524757
-4.5455496778013185
-3.661575745791197
-7.360080069862306
-8.001755156554282
-0.6297656031820225
-0.9438171801157296
-1.653253359196242
-8.358052834322734
-6.120486619467556
-7.390825987502467
-1.7894262071349658
-4.23400522954762
-10.053854551399127
-0.6976908296346664
-2.196345962351188
-2.9415295989019796
-3.270840768935159
-4.785408754833043
-10.594561364967376
-7.735742568969727
-0.6297653654619353
-1.0418259836733341
-1.6931465296074748
-9.884600639343262
-2.823721023487451
-10.317245700818603
-5.010779078118503
-0.20525268339406466
-2.4041955581124057
-3.7060940240189666
-0.15560890172491781
-0.6297649843472755
-0.9438175382092595
-1.6532542301574722
-0.11367810919182375
-0.5835651347624662
-4.711660826134903
-2.5015708915889263
-8.00861256844837
-23.101955425008782
-12.451591448159888
-9.051905294130847
-2.648660744609515
-19.61641075531952
-0.629765171543113
-0.943817765917629
-1.6532543940702453
-10.087796941432316
-3.32417752686888
-2.8570247155148536
-2.589581135322078
-2.960810004384257
-13.179461479187012
-5.657196389045566
-0.6297654712252552
-0.9438167135231197
-1.6532530025579035
-1.3403973313324968
-4.99308167003619
-9.64015095308423
-3.5830367501621367
-5.088857642374933
-4.092887470498681
-2.687917469535023
-3.3957750778645277
-0.629765171543113
-0.7534282130654901
-1.6571658339817077
-1.1670141274225898
-10.779222790151834
-5.336790439701872
-2.2590390034019947
-2.5267349178902805
-10.733055005825008
-0.06181096599902958
-3.5250149824423715
-0.6297656577517046
-0.943816945888102
-1.6532538628089242
-1.4668467381270602
-5.752593076787889
-4.1222106453788
-8.49185600396413
-6.952149862423539
-9.176973892273963
-6.0940677824219165
-13.487825058648014
-11.084544591081794
-4.988922136661131
-0.4330916218459606
-13.519846089999191
-7.7620272964122705
-29.262064205482602
-2.7419345043599606
-0.033688152208924294
-0.6982237150514266
-2.626809184323065
-1.7771881807711907
-1.6859570916822122
-0.017359107732772827
-10.409397727304167
-19.056765488163364
-0.4094669629121199
-4.065503783444001
-8.205354903300758
-6.987075585406274
-3.988223254806144
-1.0282659605145454
-1.8589903147658333
-0.6297654712252552
-0.9438167135231197
-1.6532530025579035
-17.22599242068827
-1.8468026545015164
-10.04340058710659
-4.58396765217185
-8.397280832752585
-0.5610067069064826
-0.6297648202016717
-0.7534275685902685
-1.65716611786047
-0.09727127471705899
-6.771468102931976
-4.959010735154152
-19.38431236334145
-3.716065289452672
-3.981248344760388
-0.1364821344614029
-12.205757229588926
-3.4224532800726593
-0.7881079192156903
-0.629765171543113
-0.943817765917629
-1.6532543940702453
-0.12459880311507732
-5.493690153467469
-2.466017500104499
-10.442134786833776
-6.179346431585145
-1.2399370060884394
-3.5397386830300093
-4.702328656800091
-0.7083784246933647
-0.6297648202016717
-1.041825219988823
-1.6931464478257112
-6.49248243146576
-4.495951930526644
-4.265754155814648
-0.6054926351644099
-1.6074186265468597
-8.439523054286838
-1.0094619586598128
-2.9331422690302134
-4.1363403950526845
-1.6268183174543083
-0.6297648202016717
-0.7534275685902685
-1.65716611786047
-9.944817375624552
-18.67725781991612
-4.46789978351444
-2.1088789273053408
-0.4357538968324661
-5.097087003290653
-0.6297653654619353
-0.943816945888102
-1.6532538628089242
-2.095848775759805
-13.545089211824234
-0.6547243678942323
-3.0747476408359944
-2.3909303503023693
-5.522465668873338
-4.65672280266881
-0.6297649843472755
-0.9438175382092595
-1.6532542301574722
-1.9528730068705045
-13.193670066539198
-3.5245969148381846
-9.907944605816738
-3.6244119559414685
-5.386232757591642
-2.6508741773141082
-1.4485976419236977
-0.21216784856733284
-0.6663242460635956
-2.4343425427214243
-8.351973096141592
-0.4737832136452198
-0.03368885815143585
-0.698223248575232
-0.9282003497355618
-1.7640020895632915
-6.806615223598783
-2.25983745657868
-5.317553960019723
-0.5866744518280029
-1.8400752654706594
-0.7231785915791988
-0.6297654712252552
-0.9438167135231197
-1.6532530025579035
-1.2768945693969727
-5.592868122839718
-5.032009222884881
-6.466025948524475
-5.634353024193842
-9.219331485917792
-0.6297654712252552
-0.9438167135231197
-1.6532530025579035
-1.4374894318170846
-0.33414795994758606
-10.58674282534048
-1.395884311030386
-3.7607394369006215
-14.247314647305757
-11.090174714219756
-12.182215422391891
-16.396912413838436
-0.0584714523574803
-15.21340782835614
-0.3102860859653447
-0.9993865367068793
-7.759823945001699
-9.774730868637562
-0.38320152554661036
-0.6297656581009505
-0.9438181184232235
-1.6532537822495215
-1.1391492020338774
-6.283444123284426
-4.69678839482367
-2.408833363559097
-4.2122722757048905
-3.1917945875320584
-28.15602920326637
-1.8485687896609306
-1.06824450410204
-5.867680512717925
-0.6297654712252552
-0.9438167135231197
-1.6532530025579035
-0.2205098217818886
-2.510056072685984
-3.4786775840329938
-5.1796701699495316
-2.2907470357604325
-0.9737608101568185
-1.0863484730944037
-13.793342448072508
-7.3151612276851665
-1.8121571033261716
-0.9526701781724114
-0.9267317625926808
-2.025050527881831
-3.508809119462967
-3.3601451539434493
-3.235514281434007
-1.2053979681513738
-6.518582224147394
-5.674575072869629
-0.8880685912445188
-9.04257397242327
-5.258463371079415
-7.147149609721964
-9.48054057173431
-3.284239487722516
-2.5530004107858986
-9.02163421100704
-5.0780584793537855
-2.3244247026741505
-0.6297656581009505
-0.9438181184232235
-1.6532537822495215
-4.055512637482025
-1.608069121837616
-0.08744340622797608
-0.04319131627562456
-0.02378504048101604
-0.025225257086276542
-4.483242066577077
-7.50589316978585
-5.34036100236699
-2.661337406869279
-0.6297656577517046
-0.943816945888102
-1.6532538628089242
-14.260779972653836
-8.620426699519157
-2.1518606797908433
-11.323403689573752
-14.550124201952713
-2.5816458920016885
-5.0257951356470585
-1.3918852871647687
-1.2635627879280946
-1.9260056939092465
-10.665597559935122
-4.405512367840856
-2.9497988768853247
-7.3315836624242365
-2.828049529111013
-4.525744600687176
-0.6297654712252552
-0.9438167135231197
-1.6532530025579035
-6.2765487134456635
-0.060924317804165184
-11.828994481329573
-13.154254557746754
-5.191523945424706
-15.208595711195812
-4.980597920395667
-3.763364739230383
-10.010909955162788
-2.958571230992675
-0.8641557525843382
-2.5235905428417027
-7.492361254000571
-3.4643683249596506
-0.6297648202016717
-0.9438184639438987
-1.6532540729967877
-1.0105295988032594
-2.0228811960987514
-5.123071236186661
-37.86180349532515
-10.128800359365414
-0.05166974535677582
-10.234609148517848
-2.860700103454292
-0.22547903656959534
-0.23981251419172622
-2.9161741733551025
-0.6297656581009505
-0.9438181184232235
-1.6532537822495215
-10.049486425501527
-12.657968108076602
-0.3440232090651989
-1.0438004646493937
-4.709934197599068
-1.9794172905385494
-14.737065278161026
-5.051132524211425
-0.5804742779582739
-4.498640111647546
-8.136769627977628
-8.509373180335388
-24.237104777246714
-2.960332565009594
-0.030288726091384888
-0.692149592723581
-3.241527905454859
-1.8058183112298138
-1.5792664133514336
-3.078792297979817
-9.701840815643664
-0.5657565027795499
-13.869511072720343
-9.014645649469458
-0.6297656577517046
-1.041825219988823
-1.6931464478257112
-0.23460971424356103
-4.091396085452288
-2.5779076610924676
-7.1733749601989985
-10.314913647249341
-3.190945512847975
-16.842984307033475
-10.248364065308124
-8.699064449872822
-2.586266854777932
-1.7541563417762518
-0.629765171543113
-0.7534282130654901
-1.6571658339817077
-0.053409020183607936
-2.135220167958323
-3.5191057026968338
-2.3434360953979194
-6.437965372111648
-1.3929153713397682
-5.577811637893319
-3.8360489308834076
-2.5317571689374745
-7.380265060812235
-0.5088323885574937
-0.6297656581009505
-0.9438181184232235
-1.6532537822495215
-0.12459929374745116
-6.307896439539036
-10.83550686405215
-4.842708496027626
-5.335872198455036
-10.48316205816809
-5.3294003891787725
-0.03591288626194
-6.2180102850543335
-0.6297656581009505
-0.7534277464728802
-1.65716502815485
-2.243153922725469
-2.9796881711808965
-4.459351084169612
-4.061686790315434
-0.5891849026083946
-2.7990455548278987
-2.806672866048757
-0.15365241561084986
-1.4329372901993338
-3.5178313180804253
-3.1710484265349805
-0.16577899106778204
-0.7982964606635505
-1.3449052078067325
-2.263275595381856
-12.4858136716648
-15.47396363565349
-3.503536499571055
-0.0626604363496881
-14.140390940650832
-0.6297656031820225
-0.9438171801157296
-1.653253359196242
-1.5905395380686969
-11.662738891456684
-30.920496173559513
-9.115101753021008
-5.912727527786046
-2.965412998011743
-14.165130549827154
-2.0749097540974617
-2.8267873665317893
-2.5864364095032215
-0.061844103125622496
-2.315287050398183
-0.6790569743170636
-1.30556330550462
-2.29067250713706
-1.6063404325395823
-9.614311380079016
-2.649631235632114
-0.25977715849876404
-8.38072712784924
-1.9823641788680106
-2.2078288683333085
-8.669801410193031
-0.9237275654450059
-2.1229615285992622
-1.2105182425584644
-1.6673694029450417
-3.268006053986028
-2.491670320276171
-1.0368662371765822
-3.76290541945491
-9.134919192190864
-1.9904360244981945
-0.06989531964063644
-0.042951859373715706
-0.921025674790144
-0.07901937875431031
-6.036026214482263
-3.3113382486626506
-3.359968578442931
-3.353749990463257
-3.9865910661173984
-7.826106396038085
-5.76197378343204
-15.483603690809105
-9.665443059522659
-5.479262476343138
-4.903227806091309
-7.811908464122098
-9.011157642726175
-0.5402140746882651
-3.2308167219161987
-2.992886026622699
-6.4051698804832995
-4.021308895200491
-0.2606803380040219
-0.2437465926632285
-7.774671965220477
-4.0367485815659165
-3.5985451383749023
-4.254192030191916
-1.0360433390305843
-1.068456854991382
-3.864473957772134
-3.655941626708227
-3.772859691764097
-5.087957685464062
-3.743700670078397
-15.490670489307377
-0.9197223635856062
-0.5246866030793171
-0.11279897662461735
-6.292950879360433
-16.559979991812725
-1.6474969134142157
-1.8797639403492212
-0.1518313960696105
-0.15468329191207886
-12.806438173545757
-8.07278238798608
-3.9649044460384175
-7.661902338266373
-6.964566541835666
-6.014131902018562
-2.9112924445653334
-0.9915130860172212
-0.2299435492604971
-3.33820957550779
-5.795001313090324
-1.3015449007507414
-4.424126957077533
-0.037305947014829144
-0.28861908591352403
-0.2407390455773566
-0.0934992339098244
-0.25389956749859266
-1.9537215210075374
-6.131850658450276
-12.273345042718574
-1.1174839886953123
-3.083276065066457
-2.217664916999638
-1.0257485397160053
-2.5900477468967438
-19.908029947197065
-5.261841498315334
-1.2630559653043747
-0.7335753780789673
-0.03784687741426751
-26.424029148809495
-3.5500515727326274
-5.480490419082344
-2.236471017507938
-0.06547076185233891
-6.903040248551406
-0.06646166054997593
-4.760358601808548
-6.249625070486218
-6.8069931423524395
-2.2603754052324803
-0.08286961913108826
-0.10273876041173935
-5.336972884251736
-3.3893633726984262
-8.830194540321827
-12.519400410645176
-0.3327004313468933
-19.54811862052884
-5.539827453903854
-3.1374512598849833
-1.28878824878484
-12.350424153191852
-0.06859341988456436
-3.5849491134285927
-0.21416979339846876
-7.324381650425494
-0.23720291233621538
-1.8293637884780765
-3.2159841189932195
-2.293041217548307
-1.7929405865143053
-2.3378539975965396
-7.112450655549765
-7.191194197162986
-4.042498188093305
-15.007541648228653
-6.23395140201319
-5.6332920379936695
-7.142851653683465
-0.0941430876555387
-4.3764886134595145
-2.736591809501988
-5.307050131261349
-2.3448564939390053
-3.295747321099043
-8.527654405683279
-2.136782321613282
-1.7804934978485107
-16.485053369775414
-4.141716037585866
-4.49635726356064
-8.404797819443047
-1.4288792982697487
-11.48030212300364
-11.33138519525528
-1.3424203735776246
-2.6101256143301725
-2.7965222483762773
-0.2938957680016756
-9.93887336921398
-4.533244286409172
-0.0778387198515702
-19.842344215139747
-5.530853399515763
-1.5905055569064643
-3.840242461214075
-8.776556920463918
-1.7843942325562239
-0.421827029902488
-14.92615182348527
-1.2546437989512924
-0.6595569751225412
-0.24570723227225244
-0.039114290004363284
-8.938197728508385
-1.2483695819973946
-6.94451047986513
-1.2751039087306708
-3.0992549494840205
-2.148155940696597
-4.960892995237373
-5.966759929433465
-0.07721910005784594
-0.21034246372801135
-9.072584941983223
-0.08559263985807775
-3.081616908311844
-0.05037150200951146
-3.3861584043697803
-3.2779583893352537
-1.5830470729270019
-3.5500682860292727
-1.3604128621009295
-0.522227118981391
-0.014561258401954547
-1.3270671809150372
-0.4772848568391055
-0.21268860902637243
-2.0705017161089927
-0.16341924667358398
-7.133470783184748
-15.839168629667256
-5.077665608376265
-0.03256271083955653
-0.7641237322241068
-2.6503107430180535
-0.8830924932844937
-4.613546092179604
-1.962926659733057
-2.2480753208510578
-2.867203283123672
-11.300119169114623
-9.237460114061832
-0.9193424917175435
-11.202415607316652
-14.414372432045639
-36.54309839203415
-4.889789130305871
-0.04327344341436401
-7.025927986444003
-2.5252155605703592
-24.12054484372493
-2.7484949878416955
-2.272166635841131
-1.508989930152893
-0.5672788976226002
-4.93547523394227
-0.23019203543663025
-1.1879483676602831
-0.9168906398626859
-1.2164877811446786
-0.03709830669686198
-0.4827656950801611
-2.910876125097275
-2.6154419676749967
-11.043522453896003
-1.7205768880085088
-2.2971883984282613
-0.05643000910640694
-0.13598570162139367
-0.24396206438541412
-5.688366088550538
-6.792257732129656
-1.9779808577150106
-30.536043960950337
-1.0347640708569088
-5.150759518146515
-0.7721940283663571
-0.9223138078814372
-3.12116136388795
-1.0584651622921228
-10.19814073946327
-9.17840664092364
-1.1070118863135576
-0.06394060974707827
-1.3207458574324846
-15.948862551493221
-3.538468164697406
-0.3179719293184462
-14.506097047938965
-1.774108324199915
-8.229931270660018
-7.976767274551094
-0.05769641819642857
-3.4678189661353827
-0.5491569562000223
-6.941022166982293
-4.187751913588727
-3.512073886620783
-3.2219797670841217
-1.2962178587913513
-1.9170025016646832
-1.1435217941179872
-2.6317369639873505
-3.6093059611448552
-2.7918282989412546
-5.162886158475885
-0.05099460878409445
-0.13795812637545168
-7.288409726854297
-9.699287391762482
-11.673827288148459
-3.4031105292961
-0.28491489302541595
-0.21223966032266617
-3.9427854251116514
-1.7380399703979492
-2.7581760864704847
-4.301873477175832
-2.4429944397415966
-2.800677284350968
-3.6106502866605297
-12.330202334153
-0.5311410427093506
-4.56026279181242
-9.622423676773906
-2.4333673510700464
-2.096998013788834
-0.027225190002354793
-0.5997216391078837
-11.392463698983192
-9.689114425797015
-0.06305703359248582
-14.95364428171888
-1.978065018352936
-2.055781968301744
-2.8989028739742935
-3.7850203681737185
-0.7135239619528875
-1.6857647132128477
-3.7871852933894843
-4.9838027358055115
-0.537031873158412
-21.5191112277098
-0.7440991385374218
-4.856201786547899
-3.7090651511389297
-1.7733727302402258
-9.263108144921716
-3.615483380621299
-8.08510963479057
-12.249642551876605
-0.4463599054142833
-3.3293707297125366
-1.3044695877470076
-8.014040460810065
-2.67730244807899
-21.594979570130818
-1.1666856380179524
-2.9784653793321922
-9.82492037222255
-3.6235786002362147
-5.264841397292912
-5.630701237358153
-1.059964006766677
-0.5214907694607973
-0.048125641245860606
-0.8102312354167225
-0.3530306232532894
-4.372016275301576
-1.3928607432835634
-10.059744606463937
-2.346139332237726
-2.679977996274829
-7.566219307482243
-5.388615352931083
-6.874272698536515
-1.092244677245617
-3.5786285484209657
-4.611995913088322
-0.20885610207915306
-0.5759536063997075
-26.211069722572574
-9.662453463213751
-0.2741896970273956
-2.064157534739934
-0.6076704519800842
-4.0993181532248855
-0.07320065869134851
-6.806915148627013
-2.647838994860649
-0.7977020611724583
-4.287791959941387
-0.5876247693959158
-4.244566960260272
-0.4877983971964568
-2.39669131510891
-7.8608337002806365
-3.2550674659432843
-6.201516460176208
-1.0501009531144518
-0.7511177659034729
-0.03444107643736061
-0.2814707161160186
-0.03596268221735954
-15.536717975046486
-7.643397808074951
-10.334261119365692
-3.3076597617473453
-0.08099803008371964
-3.680977293059186
-0.20009491173550487
-2.01846596528776
-1.6290517899760744
-10.743743943981826
-0.20186200411990285
-1.7956563715124503
-3.550507199484855
-2.1129360692575574
-0.0876191183924675
-7.217122658970766
-1.9217045782133937
-2.7958714354317635
-1.8115086555480957
-6.918239541380899
-2.1961483526974916
-1.5733665700536221
-0.3316597640514374
-0.07521542528411373
-0.46649273092043586
-8.896322173051885
-6.140466726239538
-1.8347955173812807
-6.59021648846101
-3.0010259014816256
-0.46074442420649575
-10.551600979291834
-6.098124462645501
-12.113279578275979
-9.493957521772245
-6.429205399472266
-5.035625407646876
-0.12613157975283684
-3.2871017158031464
-3.209161128848791
-1.7228998143109493
-0.277164189144969
-9.530600542697357
-3.796221332224377
-2.7947745975106955
-6.568717874586582
-4.071122704073787
-12.161157937720418
-1.1513699752977118
-18.905402605654672
-1.5152105453889817
-1.7104519398417324
-0.5397527986206114
-0.08743700449122116
-9.115940669777046
-0.8942851647734642
-1.6021180376410484
-1.1741493332665414
-8.780026917374926
-2.4623484979383647
-5.963906874821987
-6.075778506696224
-0.06990600132849067
-0.24448678037151694
-0.8974326252937317
-6.417619716376066
-1.1016500256955624
-2.8434613831341267
-18.903393851593137
-3.2148782416115864
-0.5544850326950836
-8.70077068451792
-3.737428621505387
-2.688124459120445
-0.20828639272076543
-0.9515575577606796
-0.3644576983497245
-0.4884731767233461
-8.632255420088768
-0.10437441617250443
-2.7112503051757812
-6.331615209579468
-5.411686080740765
-6.903842970728874
-1.9535058508627117
-4.543211347947363
-4.5832213575340575
-8.732950907200575
-3.834692854434252
-2.6550998091697693
-24.17569910446764
-5.118759270757437
-0.10009818858816288
-1.8795099917624611
-2.5913770967163146
-7.806963729817653
-6.46858962303304
-1.6930628645932302
-4.089987596380524
-5.466091773007065
-4.3156785215687705
-1.8054856099333847
-7.00620435881865
-3.8150947011017706
-4.568755367770791
-5.088660578091208
-3.598947609665629
-13.919092766009271
-0.09429232915863395
-2.0788996290866635
-5.167267783312127
-0.833614515941008
-3.0160467135719955
-10.766741222789278
-10.263821824872139
-2.418628988263663
-9.140559001549263
-8.389890506863594
-10.93310191622004
-4.594067086007271
-0.34957294166088104
-3.641839910298586
-1.8706274576252326
-3.1333381849108264
-12.291777439415455
-0.5687813147014822
-7.94279557117261
-10.125408254563808
-2.5880068632541224
-3.439943313598633
-0.026357330702012405
-0.49179262059624307
-1.2544238567352295
-0.08895870624110103
-19.098275305877905
-1.6370112837466877
-6.5881606632246985
-2.0177197732409695
-0.18513381977390964
-2.5733165815472603
-7.4264695981983095
-10.715898435562849
-8.234269422246143
-0.10445666068699211
-4.706581376478425
-23.984650665639492
-11.114484890829772
-0.05505796827492304
-5.750634381482087
-2.189283766783774
-13.051870791809051
-29.092778385587735
-2.1857838053256273
-5.374929637648165
-8.00041786005022
-20.78483708962449
-0.5210157630499452
-3.0533847622573376
-0.0975158556830138
-0.35938659496605396
-23.150800354778767
-4.013453956693411
-3.9768600054085255
-1.8096925765275955
-3.2355021834373474
-1.6215835814364254
-31.689458041211765
-20.292323887348175
-29.456073916517198
-13.240832805633545
-26.237126797437668
-67.91152227521525
-12.236551284790039
-41.23877044394612
-34.85536468401551
-31.68918640911579
-86.86510120423918
-51.892556907609105
-14.50637688212737
-12.099059459753335
-17.591235557571054
-40.74871936812997
-13.201155989896506
-31.869024753570557
-106.17093755776295
-84.84892749134451
-26.343915432691574
-25.02549171447754
-21.190106868743896
-20.797834873199463
-108.14932027510076
-34.32619392871857
-36.04423429071903
-26.338546350598335
-63.00802398842643
-107.98817029391648
-52.83372622728348
-17.771073132753372
-12.533032469451427
-21.13144270889461
-17.859526922387886
-10.293445811606944
-15.586117192637175
-60.380050717969425
-77.57596970628947
-87.39325046166778
-55.58804279292235
-17.17512549692765
-91.13387439853977
-30.154410032439046
-45.72139337938279
-33.59447465627454
-11.648464861355023
-17.560200926382095
-15.280746994889341
-38.15991626493633
-48.82481099164579
-71.72861547744833
-46.04562368808547
-37.28606459265575
-23.22887561097741
-68.73690600483678
-21.968377706594765
-4.379293269827031
-11.932063397020102
-13.139491077978164
-13.571228267624974
-74.28160461860534
-36.88819575267189
-42.92759896302596
-43.794942111184355
-48.6842584128608
-40.161233104765415
-11.852898597717285
-6.980993854012922
-19.400603292975575
-7.954135639593005
-20.353225708007812
-49.54911391760106
-26.123154558241367
-17.390060901641846
-22.32993806153536
-57.29960104683414
-18.297350876033306
-0.6297648202016717
-0.9438184639438987
-1.6532540729967877
-9.769846431910992
-36.6157969373744
-63.961614646890666
-32.53548641700763
-39.609224781394005
-49.88678866883856
-31.072614807271748
-25.70726841688156
-26.85652045160532
-55.271256582956994
-33.635271430015564
-40.47724783109152
-42.331867074011825
-16.99756646665628
-14.053921982645988
-21.62801283574663
-23.3448449075222
-27.67756223678589
-30.754858241067268
-36.952333234250546
-53.489260178175755
-35.03779646276962
-26.52399206161499
-26.35252417018637
-57.2589495581924
-33.045357778668404
-25.441223427653313
-49.07852813601494
-37.9552703674417
-32.20552252521156
-45.66224557161331
-17.825117111206055
-5.174919489421882
-28.030651681125164
-22.45623418284231
-21.086860111914575
-17.971388392848894
-44.278608552209334
-19.93239688873291
-106.03022420371417
-30.399972699582577
-118.85396995255724
-10.970081188861514
-18.087313374504447
-23.58037481131032
-19.592538595199585
-22.970925219357014
-65.84430031274678
-57.94180224344018
-59.58403498644475
-32.530150438600685
-62.97164050259744
-76.531765386404
-26.506273672246607
-7.6151987595440005
-15.18801910057664
-21.63670261541847
-23.971167651936412
-57.29204918578034
-59.887661068700254
-79.66872300996329
-77.50494082545629
-30.74313235282898
-47.11495000123978
-68.44676830247045
-79.21016981080174
-54.48028540611267
-49.31046533584595
-14.92728211224312
-16.321082926355302
-15.493016014574096
-24.32204294204712
-42.45296129686176
-72.01092527247965
-85.6714655268006
-89.7135080685257
-17.566739994988893
-16.487834736704826
-23.068427840946242
-24.555094299314078
-30.434274012121023
-35.00498237606371
-56.29735473135952
-31.649859400931746
-35.00161102041602
-28.641869434388354
-4.379293192847399
-5.153740372508764
-10.614243278629147
-22.296904881484807
-104.88388083319296
-82.68706482696871
-43.73528426885605
-39.82463001267752
-23.763015747070312
-23.851298317313194
-13.570058822631836
-33.95727604627609
-12.461527864565141
-34.072794487699866
-12.68656495315372
-12.564657587558031
-13.897381890332326
-83.8359342366457
-37.09772163443267
-33.82540956613957
-87.60764200985432
-43.3060157885775
-70.3927846449078
-31.35754569247365
-21.1803320646286
-88.34131926958798
-57.20487454252725
-29.88874390348792
-38.94488960271701
-20.856251165954745
-17.539553894661367
-14.48089003865607
-19.448647029697895
-35.280348154716194
-51.222831783641595
-56.84863614477217
-102.69334698450984
-72.19790603668662
-38.149107936769724
-25.91734251496382
-7.523859813663876
-16.373180530034006
-21.87040048185736
-21.04876734316349
-41.32188958954066
-44.11362336575985
-7.812868159264326
-19.644991993904114
-27.76975501095876
-16.113435895807925
-19.82422330789268
-23.129120284924284
-20.646176040172577
-17.309672884643078
-48.341361544968095
-71.98373874649405
-19.411637008190155
-21.761267632246017
-20.680715322494507
-21.642123222351074
-30.92737489938736
-12.494771018216852
-11.395497147357673
-15.317229021340609
-16.962643356295303
-72.25447537223226
-47.20111060142517
-79.79700218699872
-37.31811740537523
-43.437768341973424
-44.87466904451139
-23.877780951326713
-44.83638143539429
-0.6297648202016717
-0.9438184639438987
-1.6532540729967877
-19.685728726908565
-100.11219437839463
-28.374308109283447
-60.966035187244415
-79.79537685215473
-36.58176067471504
-43.008165925741196
-27.365511583164334
-63.43048061430454
-78.74953401088715
-24.987030013697222
-30.213637113571167
-13.954834410658805
-16.96144681982696
-18.77989577455446
-37.25281513109803
-23.491720496676862
-53.001725408714265
-61.26817362755537
-73.26752920851868
-17.072809110599337
-41.37540079653263
-9.67591276251187
-45.183663725154474
-115.26296049705707
-65.58781762234867
-61.256288749398664
-34.618966370821
-19.093515418469906
-47.863206565380096
-55.81412000954151
-51.272407034412026
-58.907328887376934
-68.14966959692538
-31.751503081060946
-43.77213058228881
-18.096369419246912
-17.324068292975426
-14.00980466697365
-44.26720869541168
-45.65451539205969
-31.76732873916626
-34.34110786579549
-49.05419397354126
-42.30622820928693
-16.070920944213867
-33.97942066192627
-97.13154927809956
-63.45287099480629
-32.126768147107214
-21.276226848363876
-33.78276602271944
-21.702086847275496
-36.895929913036525
-38.784981209784746
-62.5633551068604
-64.07356306584552
-113.61639086902142
-21.70103521645069
-24.967468559741974
-38.074625082314014
-87.97586291562766
-134.1901078192168
-54.31196117401123
-40.45989565551281
-35.93869346380234
-40.16335904598236
-30.672215004917234
-19.85593110047921
-25.893860797397792
-24.21731914510019
-16.897393856197596
-28.166998594999313
-62.4667384326458
-34.33006240427494
-82.68231361184735
-38.646607839502394
-33.27460168839025
-52.88559351116419
-93.56083493033657
-65.63416884094477
-43.52700959984213
-56.555973555892706
-59.18888807531039
-66.49006856046617
-62.97430148275453
-41.04486441612244
-27.71738138794899
-18.651244163513184
-44.86190319061279
-87.73873252421618
-50.38298912346363
-28.64099113829434
-14.0317112961784
-24.147934639826417
-23.06095380942861
-24.45635262550786
-26.0549610320013
-36.344887289684266
-97.06417488498846
-70.08668029308319
-61.27010542154312
-59.670904545113444
-46.91129099018872
-88.8563705086708
-31.40513163805008
-48.16246976668481
-21.060911247506738
-12.990845899781561
-14.405737282708287
-19.32356347516179
-40.89427688822616
-92.58800111705204
-67.53516433949699
-83.79481164133176
-69.50160724762827
-30.56437957077287
-63.10587207687786
-82.09971283923369
-22.541626930236816
-59.71276798340841
-39.95077449968085
-43.295483922585845
-34.844851829111576
-66.96590576320887
-20.793057143688202
-33.015488310717046
-88.09991338849068
-76.44388339295983
-49.29948031902313
-25.256347060203552
-73.66562902927399
-32.63996423094068
-32.056391187012196
-14.716355297714472
-32.94374000915559
-21.544406625442207
-36.10231736395508
-68.30741208115069
-50.9669214040041
-54.427353367209435
-25.564545901492238
-53.973245257278904
-69.75220067054033
-39.62948775291443
-13.350467681884766
-41.51795255736215
-59.06506399065256
-34.9369571597781
-15.707051618708647
-13.555919130332768
-18.828960826969706
-80.29718479891017
-23.08845010586083
-62.75317584723234
-64.69221840117825
-64.12200832366943
-10.245905443523952
-17.485364534892142
-20.887426442699507
-17.311980344355106
-26.81715875864029
-110.8923102808767
-21.88776994496584
-28.998911283910275
-37.778840601444244
-40.707710951566696
-51.27450466156006
-15.791544959589373
-18.333213608711958
-17.22698454465717
-14.818859023973346
-99.16784340329468
-50.39949452877045
-44.49959197640419
-61.636687516700476
-6.950376987457275
-30.37728540599346
-41.79621242824942
-15.941091038577724
-7.977758770692162
-13.79048487963155
-22.175483340397477
-18.472334623336792
-44.08131977915764
-35.48306600749493
-18.559691429138184
-54.345616638544016
-81.03968109341804
-24.447095155715942
-23.29378154501319
-41.648308753967285
-24.666456423699856
-59.81556510925293
-35.84517243131995
-95.07605973303725
-13.492885332205333
-20.166533973068
-16.96107038296759
-10.96293193101883
-20.009729757905006
-81.54366482613841
-100.51742733316496
-45.776060938835144
-95.83343372057425
-43.26516669598641
-21.894457384943962
-27.33889504428953
-71.53743043961003
-30.83292232453823
-19.289469197392464
-13.38314401684329
-18.0341204572469
-13.626940411515534
-15.075997428968549
-16.766389846801758
-43.91560977557674
-39.0311666559428
-31.117061444558203
-18.851356644765474
-23.627385767176747
-18.360036323196255
-19.737887643277645
-76.56888206477743
-47.168036222457886
-55.731414057314396
-41.11188650896656
-22.652569204568863
-33.37933988694567
-62.95540251675993
-43.26557865657378
-37.90532637387514
-90.56196171417832
-21.060030460357666
-10.388016660275753
-19.845641213003546
-24.654420043807477
-21.99226001650095
-98.18696407235984
-64.20523086361936
-94.92542732908623
-124.1391567774117
-55.9847474595299
-26.86018499050988
-66.50896283451584
-62.98898275376996
-7.615197733692185
-21.209071620367467
-18.811522109783255
-23.66578148305416
-40.48086458444595
-85.27561319328379
-13.529666900634766
-69.96417294442654
-12.177721095857123
-14.366374185774475
-17.74919864378171
-83.12074832149665
-40.02414519619197
-58.67251515388489
-29.016099326312542
-63.22644506895449
-18.03145351074636
-15.634441740803595
-45.71297361329198
-24.13419053214602
-13.841166607104242
-67.91251532874594
-31.70381736755371
-75.26617538928986
-57.629994332790375
-73.48678798739274
-90.58059529872844
-66.01616053283215
-52.04967417917214
-30.109116077423096
-21.98327285889536
-17.058151999211987
-19.05340574681759
-23.869017532560974
-19.44937079772353
-98.49395238223951
-32.116881132125854
-62.751447466085665
-86.66075337887742
-93.78644599905238
-47.625357438926585
-76.35711895674467
-103.25649639777839
-39.05045247077942
-59.4707291147206
-70.8064150622813
-24.820322929590475
-18.104443233227357
-21.013513177633286
-18.17012162762694
-15.412255521863699
-88.47510715201497
-101.86944326665252
-93.18774707987905
-69.30854542925954
-17.1769700050354
-78.32734072208405
-81.07356709241867
-22.744752265512943
-36.649674062093254
-84.66699023285764
-13.186274073108507
-15.794801799580455
-26.892143461387604
-64.260174111987
-68.51643870814587
-79.7736391556682
-39.274485766887665
-26.520660400390625
-91.11403726733988
-19.304598405957222
-16.68027177453041
-37.93495783209801
-85.4955667994218
-63.7746766814962
-53.08139352290891
-14.620572397507203
-19.466801779344678
-25.942561997799203
-19.58011102862656
-77.15761228371412
-103.96554251690395
-63.80832939594984
-79.13200413156301
-33.52217185497284
-22.882197350263596
-13.284071922302246
-69.32489045709372
-58.504286766052246
-24.015263207256794
-17.238226777742966
-18.168076856061816
-15.936574923689477
-114.51392744500481
-40.54256872955011
-50.447139649651945
-59.47509722376708
-48.54910085457959
-53.21797768655233
-93.86647739440377
-51.24618760123849
-35.8416918249568
-13.286788938017708
-7.8046397948637605
-27.43740282021463
-36.74390399456024
-25.010744987172075
-104.7824718633783
-78.65636707097292
-37.370967864990234
-66.1956001825456
-14.152322769165039
-61.22750003868714
-24.179391860961914
-45.141700794920325
-59.379730969667435
-17.44679546356201
-12.065381071217416
-20.623727998696268
-19.246216885745525
-28.915768802165985
-20.24218225479126
-22.73768536746502
-32.36524945785641
-117.40218101459322
-42.594588574022055
-32.860208094120026
-24.494407519698143
-34.82341396808624
-18.72734260559082
-91.37513209577446
-57.580454904353246
-95.38972316938452
-24.181126115843654
-89.81471474496357
-11.781887166202068
-18.305893421173096
-29.41288709267974
-52.81268025934696
-19.114138018834637
-21.14770025201142
-21.03738717059605
-38.93110889941454
-38.13923121616244
-98.05165517238493
-49.01741156028584
-16.467060089111328
-58.34371283650398
-73.26693913299823
-4.019303339111502
-5.138183301314712
-12.770532102906145
-16.846501359483227
-16.060533115902217
-53.00614434480667
-70.90931236743927
-30.316370964050293
-8.624812126159668
-48.035876526264474
-37.82979130744934
-20.562866676598787
-22.15255508571863
-12.434739816435467
-21.11997640505433
-18.188284615403973
-11.160161999985576
-40.68530796607956
-78.12129328027368
-90.16298574209213
-87.93476044386625
-86.05020310019609
-30.838087618350983
-25.626726902090013
-47.58327735494822
-26.66341283917427
-14.618304643619922
-9.1860097842291
-13.355017906287685
-31.34550712397322
-74.02624434446625
-34.516042090952396
-29.25983238220215
-21.317576430737972
-66.81012799870223
-35.191994508204516
-38.31089811492711
-4.379292595462175
-5.153740249574184
-15.081936820643023
-13.493363023386337
-19.904708136804402
-22.462491989135742
-63.20216235332191
-45.72403350187233
-110.08948078751564
-37.63697576522827
-84.0132805109024
-90.46653795707971
-121.10231953649782
-32.53506478667259
-87.25376494979719
-57.95950711501064
-96.85863818175858
-69.33802061108872
-65.8327816213714
-71.97480979561806
-160.70343468384817
-41.768725752830505
-101.10608203150332
-59.14943096964271
-59.0298163164407
-19.18223222483357
-20.78623966500163
-21.188806022051722
-31.149816505610943
-72.82781126952614
-72.62642833666177
-60.813515616580844
-47.26139470934868
-40.18879338912666
-32.55991083756089
-20.726447518914938
-52.53175973892212
-55.05723977088928
-23.859388947486877
-73.4947144985199
-50.21455058711581
-77.10136942716781
-16.572119948003092
-18.579487874172628
-14.784762387629598
-25.976136729121208
-133.45755338019808
-36.20253849029541
-51.63719434291124
-21.414987087249756
-19.605500377714634
-38.148162881378084
-76.22455156687647
-34.233649253845215
-7.615198149062053
-20.284473945386708
-17.190589720732532
-21.39379420876503
-50.60263685384416
-63.203972198214615
-86.10998577048304
-78.06966115511023
-62.63697296008468
-43.54792968928814
-28.977044582366943
-75.57383692264557
-15.435885295271873
-19.040027618408203
-55.82714505493641
-16.092082211747766
-16.16410393834667
-20.57593520823866
-18.686748596141115
-32.01616430282593
-27.19150647521019
-89.76446581800701
-92.06113028089749
-31.950763313740026
-66.04917635966558
-15.315879821777344
-57.975169671699405
-6.918404713171185
-14.668468344490975
-20.460048593697138
-59.912425763352076
-53.13647001818754
-43.38104851992102
-43.65176701545715
-11.40755963511765
-16.67484596507711
-26.56840344890952
-19.598588693886995
-48.52832740545273
-56.2516298313858
-57.4091338631697
-100.56340557115618
-87.70819424631554
-25.474153518676758
-61.974568486213684
-47.17598878592253
-44.11277379631065
-56.30792445875704
-16.29203542014875
-14.214227166958153
-18.6300642399583
-57.144705689832335
-47.32556198054226
-52.34202334890142
-47.55227634310722
-71.05737447738647
-19.31295919418335
-40.929267396219075
-54.96816396713257
-15.349890051526017
-18.914359092712402
-46.00234404206276
-19.59569278988056
-18.479214100167155
-27.782645639264956
-30.08314847946167
-131.92311736213742
-72.59061294485582
-80.80381106032291
-28.438737869262695
-24.945364823564887
-30.357828905107453
-24.922326873987913
-4.379292595462175
-11.932063434273005
-7.595957555575296
-26.560236616060138
-27.70818328857422
-28.29818684887141
-34.00944851728855
-88.49506144737825
-49.51123297959566
-12.824647903442383
-20.61841869354248
-49.81166045367718
-43.35674941900652
-28.451373552408768
-11.348765932023525
-11.314603196449752
-15.731667564250529
-23.421470927773044
-57.52909753554559
-51.06868261098862
-47.42329646553844
-47.5187646150589
-59.97246083681239
-76.11474537849426
-79.07739187718835
-40.34351247549057
-70.8971574001771
-15.71096949375351
-12.126508982852101
-20.52855047932826
-16.518317324109375
-23.99876070022583
-40.70044045776012
-56.4376175403595
-56.86537227034569
-56.641949363052845
-60.12130343914032
-30.610078681260347
-47.45672074472532
-21.523421851336025
-7.9920703380485065
-16.310392951825634
-14.488843437982723
-25.845440052449703
-49.10421694966499
-70.25421188214386
-81.72347147187975
-24.543817445635796
-45.393783594248816
-19.825471937656403
-47.73942790500587
-67.67611108723213
-16.858417322859168
-18.54356378223747
-20.665424016769975
-59.57406634092331
-41.14294922351837
-61.7252893447876
-102.84361145272851
-62.390338718891144
-48.9736342728138
-56.61620796751231
-31.633783280849457
-49.550703048706055
-32.05313301086426
-63.691957898205146
-59.62337565422058
-53.07496527582407
-20.106299377977848
-15.487158323754556
-25.85101762227714
-22.72715240623802
-45.75581420958042
-76.39014682621928
-32.28192472457886
-25.061200764030218
-35.48514366149902
-33.0043306350708
-29.693445766344666
-0.698223248575232
-2.626809883513488
-1.7771886140690185
-46.24042613012716
-65.63393496406206
-59.06744096678449
-86.42204839270562
-84.5425274616573
-18.13021445274353
-24.056710494682193
-38.30073971336242
-50.17279887892073
-87.05078326165676
-38.69979609036818
-45.79217815422453
-52.53994637506548
-25.068370699882507
-15.53814138994494
-15.94535165745765
-8.343089877162129
-61.81925978414074
-33.556278362870216
-45.01163203269243
-15.53058824990876
-32.2552946805954
-47.34539705514908
-38.01956606656313
-42.1860020570457
-40.48505634069443
-48.56592673063278
-63.68555913830642
-18.025272181781475
-20.78936638496816
-13.9154115045676
-22.436420142650604
-39.47961309552193
-23.853879928588867
-81.7334989310184
-37.4195026656962
-21.72304305480793
-28.952886989340186
-11.084325790405273
-54.66136406316946
-14.684886048795306
-12.55789258563891
-21.351221477380022
-23.799753949046135
-53.68200948575395
-54.77262485027313
-31.434064865112305
-56.44400632381439
-33.867797672748566
-146.70246440637857
-39.984625577926636
-12.545841217041016
-50.163945115957176
-82.71670958399773
-72.83953999355435
-91.95549014955759
-13.48386112228036
-16.365735798921378
-21.864784396253526
-22.224356025923043
-57.156015478336485
-31.161905902437866
-44.53297299146652
-72.20096734166145
-43.67515207827091
-20.310241222381592
-11.899057388305664
-32.24625034502242
-38.04497864842415
-37.255858689546585
-16.239951614290476
-36.14393265545368
-14.652978698562947
-19.10918340785429
-19.248271520715207
-66.56995602243114
-76.12868942087516
-55.38131637094921
-81.19760742029757
-58.18506193801295
-19.508573532104492
-68.77639856934547
-34.90453476784751
-22.157949924468994
-79.17504807119258
-79.49926324188709
-13.450282096862793
-60.119866144115804
-42.531233072280884
-15.538862166620675
-17.060476297978312
-26.103732696035877
-29.339050510898232
-35.28926982783014
-51.58042132854462
-39.31061071602744
-57.44255086424528
-44.27919574081898
-43.62401793664321
-32.0599959930405
-18.22941279411316
-29.435767367482185
-51.613036920374725
-88.91819751462026
-40.7609640507726
-70.57287615910172
-91.32731947455613
-113.76381201785989
-23.75079556647688
-49.49995097890496
-48.23048461973667
-33.92182393185794
-52.04264463484287
-87.36963611841202
-34.02592533361167
-13.929579025134444
-31.25786075927317
-22.297813283279538
-74.11593999835895
-42.01294083613902
-58.86801278113853
-97.9046499846736
-40.554853377863765
-32.57377317547798
-63.255833476781845
-76.80696396145504
-42.7129023373127
-16.73805928324873
-36.05382775515318
-18.989635784178972
-60.793386134610046
-60.56712863128632
-50.975536584854126
-42.05469165649265
-13.185951232910156
-14.205245971679688
-33.520848989486694
-24.487910270690918
-29.758484840393066
-29.012693643569946
-18.090783252060646
-21.07122829463333
-20.793696175096557
-52.09709310940525
-21.549649715423584
-21.992467503994703
-82.6875190368446
-62.85690255148802
-36.482730370014906
-44.09560251235962
-22.732581600546837
-17.450286339313607
-12.908955806866288
-15.173566226963885
-48.27628907957114
-82.28318239562213
-59.906090656411834
-21.761932778405026
-48.73793934495188
-79.08936719596386
-27.492099829018116
-6.610061936778948
-45.71297361329198
-24.18269121646881
-13.794058753177524
-102.94787988933967
-13.029129981994629
-65.97906636794505
-20.36153817549348
-68.52257338538766
-37.281147852540016
-30.12292574159801
-59.66993486881256
-12.935638041257334
-14.343062389642
-24.962301381630823
-16.994800376705825
-19.38210222905036
-59.9064358464675
-72.13055438842275
-51.64076329139061
-74.62029957785853
-23.880588688421994
-77.89608083915664
-15.506306648254395
-53.893627063633176
-27.07522678375244
-14.090621792194725
-42.708583193365484
-20.972212594700977
-55.51324131566798
-72.80440340458881
-49.146871549775824
-43.86381423473358
-86.47783347778022
-70.20284716010792
-69.37953834066866
-24.33102038502693
-64.61246224615024
-55.14190080150729
-34.729769775643945
-28.104778289794922
-17.191262295251363
-36.96889767050743
-16.876724826404825
-8.19323354959488
-38.06617492856458
-75.00892855328857
-52.85857673548162
-97.36058734121616
-57.649219177663326
-49.87558793835342
-42.43002390861511
-15.267716586589813
-23.80735969543457
-70.94574842392467
-16.037491891067475
-69.9222020264715
-42.579887503554346
-16.337618832694716
-13.338680729269981
-28.13226289767772
-18.798875503242016
-36.08330552279949
-70.47321463585831
-42.65726022410672
-77.75646102428436
-46.989166716870386
-25.846882075071335
-47.330348092655186
-42.762044991366565
-36.16543239355087
-100.10272811353207
-60.602492905571125
-54.97013944387436
-16.90748405456543
-19.115148946642876
-17.562665966222994
-15.429836040362716
-23.176956970710307
-27.17460480844602
-42.298984366236255
-54.782713671258534
-92.09738633502275
-140.61087449023034
-127.40294203464873
-49.322130620479584
-73.31845057755709
-61.80596924200654
-87.74791303277016
-46.7191219329834
-189.86729479045607
-74.10291984074865
-46.01694480329752
-8.554339556118066
-19.035460722632706
-31.491174042224884
-31.341770816594362
-37.23411852121353
-40.344292879104614
-22.646032421849668
-40.40251340158284
-36.159575898898765
-56.466263549402356
-43.41623592376709
-47.805413680151105
-9.92688040761277
-13.064942501485348
-17.773089634254575
-24.08091078698635
-44.42658294484136
-76.25702546531102
-108.51714431634173
-68.47229462489486
-78.5102057394106
-108.06325310788816
-114.3978537862422
-82.40731899440289
-120.72195348018431
-18.27648790180683
-11.675675261329161
-16.40586543083191
-18.52101273322478
-46.93309905299975
-43.95984030421823
-21.02582305803662
-21.373552706092596
-21.999174882657826
-30.025143845938146
-119.32733563508373
-139.64910680800676
-11.210846662521362
-26.898381888866425
-12.226260662078857
-49.625522047281265
-62.94724263128592
-18.988758087158203
-47.120751708745956
-48.354910254478455
-59.39475337509066
-52.00014644861221
-39.36857710778713
-23.46907752752304
-54.34867215156555
-12.20263920922298
-24.059624701738358
-22.05419039959088
-29.195827515795827
-29.839439935982227
-129.5588720208034
-54.70326776331058
-43.776901096105576
-50.038376630458515
-64.56496649980545
-79.57206390611827
-56.72733089327812
-63.28168998658657
-85.91014269544394
-63.71548813581467
-49.01241607964039
-25.91610151529312
-27.09087847871706
-22.025037437444553
-30.853546380996704
-56.85359208728187
-26.77254828810692
-36.211254987865686
-16.844493405762478
-16.23697090893984
-27.21638856618665
-27.069512965157628
-100.43350095582718
-33.746043518185616
-16.020482074818574
-40.163789223879576
-23.621277168393135
-52.59618911454163
-64.03454053401947
-21.37767244875431
-14.731989281608548
-17.63943790877238
-32.61513625830412
-31.365736323408782
-68.07026067207335
-64.32727997878101
-63.24090529233217
-88.75571869313717
-101.09654627460986
-75.50722447782755
-39.08793737459928
-60.03421423980035
-50.83925363328308
-25.480761408805847
-18.933692932128906
-12.04043960708077
-17.949550743214786
-19.293387646554038
-20.167081080609933
-24.65146803855896
-85.81529582181247
-61.2771446313709
-71.24036548804725
-97.65720543079078
-21.81392939388752
-34.74046624451876
-19.11290902318433
-29.79055142402649
-34.191141134127975
-15.615063257573638
-12.452521905303001
-22.522260636091232
-97.70046669564908
-191.7302381034824
-10.411604881286621
-29.135858503956115
-61.30493904650211
-19.976436495780945
-8.101615186460549
-21.78162998892367
-24.971665730932727
-88.847464735416
-48.24226701146108
-85.39382913953159
-79.64237371477066
-74.74361305742059
-43.46946060657501
-86.30855984287336
-21.103474880219437
-45.71297313645482
-20.844785892404616
-38.30270782936714
-43.6007474064827
-42.65269327163696
-48.10049970843829
-13.557831883430481
-36.66731893862743
-47.85583761520684
-19.299827738010208
-45.71297313645482
-20.844785892404616
-14.72840451169759
-37.04895903170109
-20.544835478067398
-48.64600958826486
-69.51168016903102
-67.84954321895202
-60.392745108227246
-34.65159296389902
-35.942052602767944
-17.242422899231315
-15.143213979899883
-16.962310655319015
-12.954772266093642
-25.198413164820522
-21.886792674660683
-39.80748754099477
-112.34802483709063
-55.60123704280704
-20.14177767932415
-43.588528347201645
-44.21344705671072
-11.045662552118301
-45.56046999900718
-17.896455258131027
-14.664223684929311
-11.299545496571227
-17.93384525971487
-22.437943294644356
-34.225589658133686
-75.45625099519384
-104.56394629616989
-107.07284745314973
-24.444108247756958
-30.522339820861816
-20.556749396026134
-23.0867782831192
-30.641071155667305
-11.054564010555623
-9.022456635721028
-15.729820222128183
-20.10488916747272
-21.84230375289917
-128.95720641867956
-21.692587852478027
-19.093255572021008
-41.3781970590353
-100.62292733244249
-51.79183876514435
-68.0005616620183
-47.06138402223587
-43.017234773375094
-119.20575674617066
-17.583409929968184
-25.36389439832419
-20.354290907504037
-12.01451587677002
-67.73906069993973
-25.437930189073086
-55.56810727342963
-30.902632758021355
-73.17298235889757
-90.5120916441083
-51.283947507152334
-28.314734745770693
-43.36217546463013
-18.053821563720703
-44.090284364297986
-90.61233592033386
-42.598890498280525
-15.70645093548228
-12.083922698162496
-21.67648793850094
-15.552647590637207
-24.593332315795124
-119.19329837721307
-40.011353984242305
-39.644085474312305
-27.01015368103981
-38.88956135511398
-44.427789780456806
-27.428996667265892
-14.851633962243795
-15.518369784433162
-13.863483575638384
-22.527746378211305
-122.73740887650638
-19.29232862405479
-72.65941496193409
-22.6079057790339
-52.95269244350493
-102.97075340262381
-52.245774967595935
-22.90170669555664
-44.612156899645925
-57.439819898456335
-16.304797468765173
-15.996112583205104
-32.31049765646458
-7.786051657050848
-26.611418649554253
-15.885742485523224
-67.06435811176198
-68.39206695882604
-50.86920523643494
-67.70939113944769
-20.866409103327896
-50.715487614274025
-64.65938298776746
-39.10988120094407
-53.25300830602646
-69.5601776583353
-13.516498483077157
-20.41800333932042
-21.74740619584918
-19.01764101907611
-69.37860676267883
-139.92662528992514
-50.86412554979324
-75.90764427185059
-59.73742710053921
-34.685161054250784
-39.28949570655823
-83.70981858437881
-16.946885400349856
-15.241168599575758
-21.569759206380695
-14.716414734721184
-155.34570860862732
-93.4055524468422
-127.60121956956573
-63.19696322083473
-22.974709567264654
-81.79682339727879
-69.06927144527435
-22.380342193413526
-20.83274084329605
-30.64171051979065
-13.250870270829182
-20.14510616287589
-21.693047878798097
-48.539454616897274
-48.80895445123315
-48.07308463458321
-21.131244868040085
-25.91849134862423
-34.70641207695007
-24.37862277030945
-8.623408108949661
-6.9809937226673355
-13.734128624200821
-16.013007529079914
-22.376946994350874
-31.37982165813446
-93.32183489948511
-46.03723011992406
-42.37222470436245
-11.445060014724731
-30.71959924697876
-56.75202904641628
-19.584453340619802
-47.798772752285004
-97.40601632394828
-13.46678868867457
-19.590346803663124
-23.56936236936599
-22.216420945711434
-25.699562460184097
-117.38189029693604
-94.69311214983463
-48.24857912957668
-91.13890588848153
-28.534184377640486
-46.38760520890355
-17.517210562713444
-28.722436785697937
-39.98346585035324
-33.79105758666992
-92.77688153460622
-20.638924837112427
-18.679866920596396
-19.322805828414857
-27.463630602695048
-35.41415371000767
-75.617302190396
-95.68351536365662
-52.76451499472023
-64.83249360788614
-20.081647396087646
-47.100663356948644
-87.55082686024252
-65.15858049318194
-66.40375536878128
-65.6491981325089
-30.679158210754395
-71.50511230528355
-36.1824679178535
-75.99435711339174
-35.647864788770676
-76.70822888278053
-56.07767963223159
-14.733916521072388
-13.924628354609013
-38.20866634021513
-16.032886305401917
-21.79902714351192
-25.921278541442007
-25.337649919092655
-34.52632838487625
-111.25139907002449
-50.12322213500738
-60.23472602665424
-74.84491933515528
-43.70837426185608
-67.82876804843545
-74.39869762957096
-44.21373407036299
-4.642546886840137
-5.1531262174248695
-13.498647837317549
-28.98047342785867
-22.61307903379202
-129.4737253053172
-50.72077275812626
-44.015615940093994
-119.03048719928483
-52.41263800859451
-48.37012833356857
-102.84883039357373
-60.20321461505955
-35.15002250671387
-44.92822851613164
-58.26848345156759
-34.277952648699284
-35.437171813100576
-29.96911770477891
-15.801244672577013
-21.65850809402764
-23.87780252099037
-31.67951439321041
-58.22147304750979
-118.6384484480077
-75.03112671955023
-29.568164348602295
-136.9076037373161
-31.6937056183815
-63.63072211295366
-31.60871386528015
-5.652838085807161
-14.13245164602995
-21.04191180341877
-29.74695350881666
-58.95040321350098
-23.67524218559265
-43.375298261642456
-34.81108053866774
-63.31821411848068
-43.39607519283891
-62.61564740538597
-29.36071302788332
-50.16271075606346
-15.111702239752049
-10.923801383003592
-17.48933275975287
-17.09040877968073
-58.065887451171875
-54.0632261633873
-63.149834517302224
-29.796156615018845
-22.66436931490898
-6.540286822229973
-23.127204726450145
-17.38373319711536
-70.08946084976196
-43.68724012374878
-23.39279716834426
-15.418115198612213
-37.63922925107181
-16.51714352797717
-24.194831924251048
-25.459672308526933
-15.876710769021884
-12.019155502319336
-83.90628740988905
-62.828498399001546
-35.17636859416962
-20.03571469709277
-44.1384097635746
-31.561849075369537
-23.81459128856659
-40.985560063272715
-13.014916329091648
-25.749156238511205
-21.111968280863948
-38.71468806247867
-69.74709678062936
-7.854430198669434
-20.951189875602722
-42.77729111874942
-36.26796913146973
-11.355788302375004
-14.189012418515631
-13.446670981124043
-18.694476258708164
-36.71456443332136
-26.111158543266356
-62.83266024271143
-42.61787513043964
-0.061857719818362966
-34.029843657277524
-16.79918079811614
-45.71297409012914
-20.8447857813444
-33.48838794231415
-61.824930384755135
-32.80655491352081
-82.25379735627212
-40.0361853428185
-32.24806201457977
-51.865616485476494
-101.80073210748378
-6.894527390802978
-6.422703611315228
-16.85155155765824
-8.531446240842342
-38.10140058331308
-36.464230835437775
-45.59292525239289
-131.38754793489352
-48.9132924079895
-73.21850887686014
-19.72194218635559
-35.57537204027176
-79.20074553706218
-13.849911553304992
-15.875244330614805
-24.115946324774995
-132.1360270672012
-95.87856173244654
-65.94478992652148
-85.03395998477936
-17.100493520498276
-11.695653915405273
-17.293935207475442
-16.69165605213493
-32.26444852352142
-17.908791698515415
-58.156426091096364
-103.2295005209744
-60.189776852726936
-79.14864938904066
-67.46621277509257
-72.9616028862074
-114.27996462024748
-115.3299458471447
-83.5989534050459
-52.62576180906035
-39.49308992922306
-11.626623924195883
-14.823414899408817
-16.533780433237553
-26.98318355763331
-42.27574595750775
-87.2817302714102
-74.72948588430882
-45.77456307411194
-41.81636816263199
-18.787470744369784
-14.914409362711012
-32.26444874703884
-16.735008232062683
-9.927795482915826
-93.78680126264226
-43.6348871588707
-112.9339187491496
-91.77749374603445
-20.357340812683105
-49.0642262606998
-102.4699145097693
-68.10124560931581
-37.38707934692502
-21.69848568364978
-14.507045618913253
-17.096104059368372
-19.282336599659175
-80.29348384813056
-67.90607168959104
-36.100896030664444
-10.153244018554688
-23.770894138142467
-43.236743967980146
-72.88700211048126
-35.07583475112915
-15.574962961720303
-18.166055460926145
-18.84149324137252
-15.753708362579346
-27.705110034439713
-64.37870487390319
-37.18719366192818
-124.5894406810985
-19.74931764602661
-59.8930600976455
-35.990489909752796
-48.191024919302436
-77.61093329777941
-54.353756394513766
-15.110339164733887
-32.74289713334292
-74.89262207054708
-26.744221936911345
-22.103104948997498
-27.31013858318329
-14.344579285894724
-26.97720425296575
-23.455189268570393
-20.05328928679228
-22.206548091955483
-88.30646600481123
-93.11164556560107
-103.09065409004688
-8.626907348632812
-20.91791993379593
-61.592475935816765
-56.481266234535724
-35.95602689683437
-64.69077503308654
-89.8470583048329
-38.20612186862854
-19.088825464248657
-20.97333213686943
-86.70087645947933
-75.11444740160368
-34.375454096123576
-10.806018639355898
-27.725285541266203
-78.1467250213027
-63.24786645802669
-21.99275290966034
-27.811544232070446
-13.777940829168074
-89.1333791911602
-22.773396492004395
-22.98962104320526
-69.57219335436821
-38.72894525527954
-57.063958618440665
-34.600909531116486
-30.7086249794811
-26.286376900970936
-31.54249680880457
-37.57734525203705
-11.402141571044922
-47.993703161831945
-38.55155634880066
-39.24764966964722
-34.3409166559577
-48.41348475217819
-45.175251841545105
-21.894416451454163
-81.97733695080387
-110.60644879291067
-38.70302652195096
-49.84447711799294
-43.729405879974365
-17.435565726365894
-132.00485704327002
-91.70928958058357
-54.04844689369202
-33.32593164942227
-25.99008868029341
-19.023462295532227
-17.15786439354997
-54.69730495143449
-57.815834764332976
-71.91132484562695
-31.96592454565689
-66.54174181818962
-31.378692984580994
-28.896151900291443
-16.247879028320312
-47.530577659606934
-22.36255645751953
-42.37268751859665
-52.78962983307429
-51.66622146498412
-33.67668786179274
-17.634822607040405
-16.939088821411133
-25.459077699983027
-82.48285018652678
-49.47669875621796
-97.66175071074395
-95.89931770274416
-44.51908856630325
-34.66839032463031
-46.01524007320404
-40.27071253955364
-12.407954692840576
-25.29879665374756
-21.03967273235321
-102.67311861366034
-21.71531105041504
-82.48095139116049
-29.43181538581848
-31.971327781677246
-58.920009386958554
-37.420962841948494
-70.61744318529963
-17.578257178422064
-36.30107113526901
-38.46806549979374
-51.728755712509155
-19.03111457824707
-41.6201913356781
-85.71399026282597
-27.9967560172081
-24.960478060878813
-26.67615981400013
-55.247703075408936
-29.623234160244465
-21.824668169021606
-18.068535692989826
-92.21388952364214
-47.931248104025144
-17.963300913710555
-54.33207522332668
-40.92656115198042
-26.967397026717663
-16.807531595230103
-100.1272034709109
-26.710757061839104
-226.40186250186525
-82.71052092313766
-225.56969156721607
-34.78278207778931
-118.93046767447959
-68.04564774036407
-62.93981467559934
-90.90496152639389
-179.0651462143287
-22.11338798701763
-79.28715348243713
-48.42553913593292
-93.6137210726738
-20.08491377159953
-83.46717540826648
-69.40622937679291
-82.75601165555418
-53.80181272700429
-21.69487762451172
-79.98196085367817
-54.33371227212774
-40.84588773921132
-38.357670944184065
-71.16794836870395
-31.180777311325073
-33.843529228819534
-30.96302092075348
-8.162616729736328
-56.42810111492872
-51.72368577873567
-37.272942369338125
-48.740197696053656
-56.34546715329634
-21.729069678112864
-19.231425523757935
-47.52474960987456
-37.95480340719223
-21.467569075291976
-22.91909123212099
-24.083548883907497
-31.25632981583476
-11.939143180847168
-60.33276299480349
-58.94275940621446
-50.60897833098352
-37.753482937812805
-34.68454475514591
-28.01006507873535
-26.50818705558777
-47.5120287979953
-79.09973567095585
-29.41679048538208
-54.63700080054696
-36.37386894505471
-42.676356084644794
-59.90828893287107
-15.33784242940601
-37.97273635864258
-35.55124479532242
-36.26306562125683
-197.81879296898842
-70.87037294995389
-30.18776325881481
-53.768094941973686
-101.20099297352135
-49.026615776121616
-41.57630729675293
-79.19362841546535
-105.73441290855408
-33.5040815025568
-11.491760103031993
-106.57597983931191
-24.760854303836823
-38.42745769023895
-22.562936067581177
-31.088360726833344
-33.677762184641324
-46.93185043334961
-25.99185475707054
-3.5267778020352125
-20.049042582511902
-95.56831572810188
-125.65920479246415
-0.055394050490576774
-42.650683879852295
-39.96169754862785
-49.86608637869358
-57.671725273132324
-34.36150723975152
-28.02104154229164
-33.28973829746246
-36.30050200223923
-32.021291732788086
-58.92418881133199
-28.7524271979928
-32.780829559545964
-19.333309173583984
-44.87532425284735
-22.77540874481201
-33.317213635426015
-31.06239161553094
-86.82674787804717
-49.878768199763726
-71.92272834305186
-48.67397791147232
-87.44098503171699
-63.75265232194215
-55.81659712747205
-17.242113758809865
-10.167268753051758
-36.57689958834089
-26.473200429114513
-44.62688040244393
-20.81552540138364
-104.03476688126102
-12.638476371765137
-20.90317663550377
-21.245017290115356
-26.986375093460083
-19.24390983581543
-74.34309576661326
-66.48119134455919
-29.347806215286255
-68.85792772239074
-69.87055189422972
-12.43496495531872
-0.027880799025297165
-18.004846755648032
-59.118218660354614
-57.74448414379731
-16.604430651292205
-18.41269900649786
-26.714035034179688
-82.90242036059499
-53.395321510732174
-19.884168040007353
-111.97696666838601
-58.90185183628637
-14.260508782695979
-51.36528730252758
-71.71348579367623
-53.87135086208582
-92.00894242720096
-56.99125761818141
-69.04120708908886
-81.02290081232786
-72.78615829721093
-27.022051095962524
-45.59135168045759
-22.992810010910034
-53.44395641074516
-43.74364833161235
-36.226792365312576
-12.446602237876505
-40.650249138474464
-33.068241119384766
-56.48895087518031
-79.52576867234893
-25.458662720397115
-25.62689757347107
-18.4103714376688
-52.12918053381145
-30.581724496689276
-0.07462907815352082
-50.369668543338776
-11.037575483322144
-53.728959711967036
-11.908152920979774
-64.83260149764828
-11.715645020827651
-15.702362477779388
-34.850796319544315
-23.570622213184834
-36.800554115790874
-41.57161783135962
-9.65880831098184
-50.58730814792216
-38.157677475363016
-39.91538166999817
-58.393440544139594
-26.351951241493225
-40.40905976295471
-57.321197509765625
-24.354033622628776
-76.01383233070374
-79.57443038374186
-148.81935212714598
-81.67534458078444
-35.063627153111156
-29.426147380494513
-103.3495502040023
-46.17106197006069
-18.082207918167114
-32.35999032808468
-29.814358711242676
-12.861705303192139
-136.19405825156718
-89.57683084261953
-44.131469428539276
-50.014745622873306
-29.108196283632424
-18.63420815486461
-21.26184570789337
-45.20573979616165
-40.46811467409134
-21.964634597301483
-62.4105863571167
-33.14094202360138
-66.82278911024332
-39.10722368955612
-36.457433581352234
-6.76244854927063
-16.788112729322165
-23.32884979248047
-32.28342533111572
-81.87874829769135
-134.89885154226795
-18.63399451971054
-33.155988693237305
-22.540813326835632
-73.52363443374634
-20.054041877388954
-70.8896987894841
-82.84112763404846
-55.27967224386521
-42.741059973835945
-21.520868085324764
-61.03168923407793
-63.31640144344419
-69.79160229011904
-47.83171184360981
-65.74184141866863
-33.63795523159206
-33.60567148402333
-35.97113609313965
-68.87798513905727
-45.6525364369154
-47.63918628601823
-39.18066918849945
-21.40329957474023
-37.85659902403131
-56.40144687448628
-15.773276054300368
-65.35865249548806
-76.80440498888493
-21.866819858551025
-49.75075674057007
-72.65058505535126
-24.46932052820921
-9.369051452726126
-19.725484371185303
-22.234611427411437
-31.74895691871643
-19.88146661221981
-32.6431542634964
-57.067210145294666
-55.86837501474656
-43.23671413119882
-34.05573272705078
-22.777485688682646
-20.110647926689126
-54.94429349899292
-56.993456941097975
-20.914386510849
-61.96821246459149
-52.174875807831995
-67.34283457288984
-33.20500973146409
-41.78280280769104
-8.117779539112234
-36.37461670441553
-37.00335309293587
-22.19894866645336
-81.09284490346909
-34.11502389609814
-43.991779804229736
-21.551633834838867
-89.65021523140604
-38.669573366642
-47.572868799441494
-79.37984150610282
-67.20371740683913
-61.284194469451904
-21.60916846548207
-23.37232446647249
-36.19743802398443
-16.634152567392448
-82.68852708287886
-68.71969397115754
-41.948892769403756
-43.56456523924135
-74.83158486708999
-36.324965953826904
-64.68409207463264
-22.09737528860569
-57.52686739800265
-28.719693079590797
-48.69797865021974
-21.38842528127134
-16.250846334150992
-22.282583457417786
-67.9844700396061
-32.93058463931084
-41.46080803871155
-56.98395621776581
-30.258167879423127
-30.900244131684303
-28.52400625991868
-30.61509728524834
-71.31996011699084
-39.44047652184963
-12.049287331756204
-21.737862981972285
-74.32987999916077
-86.40391437523067
-26.616761803627014
-43.029670000076294
-45.34000939130783
-29.656861022114754
-14.333213806152344
-55.87122091650963
-54.58244037628174
-13.741136213298887
-44.23766734218225
-93.72554488480091
-62.44133324618451
-29.693959467113018
-56.84265275299549
-100.90785607462749
-85.8132441266207
-14.100318551179953
-55.15846063615754
-70.7984072715044
-79.02783690392971
-131.12712378194556
-24.367247819900513
-91.03606049716473
-84.91872542566853
-32.794397473335266
-52.533980663865805
-64.91134107112885
-40.15462523698807
-57.23677468299866
-38.093832672573626
-89.82083619618788
-20.640347118023783
-20.837519764900208
-38.41335940361023
-28.529981315135956
-26.443212509155273
-20.608575344085693
-41.24842471256852
-36.59096294641495
-68.55152440816164
-10.12684045592323
-51.813474271213636
-14.15787486732006
-90.31279042968526
-48.071167945861816
-33.994945492595434
-43.09493872523308
-16.97008882369846
-38.925563267664984
-56.93444417719729
-42.066978834569454
-37.08535224199295
-48.0963454246521
-51.44129533879459
-28.744683980941772
-30.42567467689514
-28.345107957720757
-57.18277797359042
-98.3873553276062
-59.241818092763424
-11.981620493315859
-45.127382557839155
-25.026602137833834
-31.34109115600586
-43.84511186182499
-40.72642493247986
-15.388844013214111
-29.745095133781433
-32.57946713268757
-22.439722061157227
-56.98451357963495
-86.7427242975682
-9.253034550696611
-88.0483238697052
-38.292357557453215
-15.275282859802246
-60.35590623319149
-79.79922118561808
-75.72828530520201
-25.4745512008667
-10.681855715811253
-55.244279980659485
-59.11025391984731
-8.180044876935426
-26.23256230354309
-42.08389077638276
-61.56206104159355
-72.43620818480849
-20.30858253268525
-19.83575002348516
-33.420696064829826
-17.749787314096466
-29.72333797812462
-30.25536760687828
-52.857824087142944
-68.22844501957297
-35.57131242752075
-33.040448039770126
-22.32299292087555
-6.436841640621424
-52.084324300289154
-35.88594214187469
-25.030268974602222
-10.774861174169928
-25.975074529647827
-21.72197997570038
-44.745767230167985
-38.828814424574375
-11.740329027175903
-26.256723813712597
-60.5654471963644
-28.235985279083252
-19.90492296218872
-27.5869425884448
-24.019955653697252
-19.7900742739439
-21.023975372314453
-30.63788652420044
-21.360907316207886
-61.50836944580078
-53.529479682445526
-17.6923668384552
-106.08346640208038
-49.8829705119133
-55.14471173286438
-45.78174304240383
-37.066460609436035
-36.635953426361084
-62.00918626692146
-93.26771370181814
-96.70820653031114
-118.99796189006884
-92.36844468023628
-36.71798977255821
-119.97495041554794
-35.872625440359116
-54.502543926239014
-24.39490383863449
-30.848839461803436
-23.052235960960388
-70.298335292493
-113.70568549272139
-55.443169452250004
-43.50359061360359
-13.738195805810392
-40.98286388814449
-17.49160637659952
-47.25110185146332
-23.89300313591957
-29.093544483184814
-36.32202208042145
-25.96562421321869
-28.708806037902832
-18.231160938739777
-49.40840472956188
-25.0291767292656
-33.689695386681706
-42.41849249601364
-28.832424640655518
-41.01113764196634
-65.25326669216156
-43.66842424869537
-88.00789640372386
-23.628745082765818
-38.609085587842856
-93.60775881260633
-91.79433854133822
-90.1434836013359
-57.50694862706587
-43.70477797091007
-35.91281606629491
-25.949418634176254
-26.609715685248375
-15.684415642172098
-25.461828622967005
-10.84925034805201
-32.04984298438649
-25.407943718135357
-37.76728722080588
-27.33558203279972
-61.49051428536768
-89.50997181562707
-21.789682865142822
-52.93119515478611
-51.6674066837877
-39.311125232605264
-69.32472564387717
-45.72320890426636
-59.759429643832846
-57.74088913202286
-18.11850101514574
-20.074075733311474
-24.44856268086005
-19.180290875956416
-16.036511957645416
-18.741504669189453
-49.04028645530343
-48.783127307891846
-35.9022331237793
-50.68501192331314
-13.77252912959375
-45.71297302097082
-23.25723526836373
-18.703273343853652
-54.01516607677331
-63.61180368374335
-42.31949314431404
-41.207523465156555
-18.62488842010498
-48.36020941287279
-36.92627668380737
-4.37929331563646
-5.153739413246512
-11.762112222029828
-12.678106872714125
-48.72300094255479
-46.972900092601776
-25.45935809612274
-44.88249879144132
-24.297680854797363
-17.633730481233215
-45.47938920930028
-24.13419006182812
-103.44357036455767
-44.98071890996653
-106.95442113745958
-63.94739200384356
-86.60953777236864
-83.92363247764297
-22.546337864361703
-32.80802059173584
-21.107384212315083
-17.271872237324715
-76.96640641987324
-7.79035688318254
-21.334825644269586
-20.43658064864576
-45.54986576567171
-68.44703242729884
-140.89391640329268
-40.96425072196871
-67.9498588219285
-52.104631137568504
-13.773056666366756
-134.2452422864735
-36.2342586517334
-29.876622782088816
-33.713165283203125
-10.306565284729004
-9.316566203724506
-12.05856960825622
-15.841043500695378
-37.44154220247583
-76.92494990449632
-76.68365031911526
-58.539194096811116
-30.512972354888916
-22.56557253311621
-90.07638741284609
-37.02502643200569
-31.839286416769028
-19.404985580593348
-26.868672013282776
-12.997013366039027
-14.781272741034627
-12.833332072477788
-39.64930300414562
-40.76464244548697
-55.02946794813033
-55.71980174258351
-28.837906713888515
-34.482050228863955
-37.017284501343966
-45.38549931719899
-40.34806687512901
-29.519587815739214
-13.58745658173575
-18.655852410942316
-14.816864221007563
-100.34855340202921
-73.93126830458641
-73.75681939383503
-31.284220054745674
-63.212463693344034
-92.01976628944976
-36.70304623246193
-32.94900727830827
-69.11168479709886
-22.413016438484192
-19.60930061340332
-14.013804502923449
-15.629760339856148
-18.313922696746886
-27.85165062919259
-67.85899591445923
-108.85606410820037
-88.3823693394661
-46.13293536007404
-22.02368387579918
-34.64420892205089
-13.501376167871058
-6.894528318152879
-8.824246200267226
-13.667921293526888
-26.01019809045829
-20.965054988861084
-35.95100613065006
-64.77079873114417
-36.35027628391981
-39.12284709884261
-41.12784671783447
-49.25367849506438
-45.76029282808304
-39.49063266813755
-52.42995670577511
-29.46714335575234
-43.15884232521057
-44.66995183483232
-71.87898489832878
-66.98845280427486
-36.50554234534502
-65.82578901865054
-34.25231218338013
-20.297202110290527
-39.76584076881409
-70.53940879553556
-30.075852632522583
-59.85081100463867
-43.80073022842407
-16.281291596591473
-20.024715021230804
-21.52542303316295
-16.714496961794794
-98.25654884963296
-26.61854163184762
-28.701542085036635
-41.52844207547605
-20.45001597267401
-25.547714667394757
-25.521215005777776
-21.362176597118378
-64.47079682652839
-43.54110134206712
-60.18324891105294
-37.020758509635925
-15.306418414445943
-13.970638504251838
-38.61503916233778
-80.13965300685959
-15.096508741378784
-50.438360469415784
-74.12695593759418
-25.452036162198056
-30.084603756666183
-20.148839950561523
-34.177064538002014
-28.663458250899566
-59.93062388790713
-31.812944293022156
-21.77493577450514
-30.42073418945074
-43.76530023565283
-13.094228446745547
-82.9480341601593
-21.516278537834296
-25.923697363585234
-29.19890769990161
-66.79387539997697
-27.87976574152708
-29.219796180725098
-71.18995450437069
-42.13613724708557
-63.81437497027218
-30.515681579709053
-28.041410152072785
-49.09379542322131
-75.0340023636818
-17.157166270037123
-32.9555208258098
-12.888972759246826
-12.802858550101519
-81.93363204805064
-38.97480300813913
-37.14244091510773
-82.0670910262561
-29.171388864517212
-45.529298305511475
-41.98450684547424
-18.57839298248291
-16.98293113708496
-40.290369411348365
-40.56574922834989
-12.65837112257941
-23.65893084136769
-18.634413424646482
-26.811300994828343
-63.5768722621724
-70.66203708725516
-69.05211067199707
-41.48563169129193
-77.9270216729492
-56.11962170433253
-47.51991558074951
-75.90834553686727
-23.73625262430869
-14.696492545423098
-19.759824532084167
-16.406126741087064
-28.55159972794354
-14.789557456970215
-44.92036447901046
-19.896726781502366
-52.80029892921448
-36.482728719711304
-32.233534812927246
-50.98431533575058
-16.209026949829422
-35.11687338229967
-73.14061354845762
-24.78461392882309
-25.243664264678955
-21.743419888225617
-20.063843468975392
-29.48240241035819
-18.6859463036526
-56.51369614547002
-53.21645893492678
-79.42353375267703
-22.289180983556435
-42.78980381786823
-49.48600423336029
-56.330506671220064
-34.79426431655884
-49.15036895684898
-39.853769674897194
-16.67517571791541
-13.911319732666016
-14.844660731570912
-18.37218352453783
-21.426134233828634
-48.286367602384416
-69.10691937804222
-46.906824977253564
-17.680443489341997
-13.7633136366494
-33.148173451423645
-23.093922454223502
-49.0637262314558
-22.06230354309082
-11.572556718077976
-12.063712597358972
-20.71663606981747
-25.340055100619793
-94.65703948400915
-61.74690252542496
-23.12085723876953
-25.518577102571726
-20.821215629577637
-72.18736649455968
-91.76762384874746
-21.51579937338829
-38.07381498813629
-11.860309686206165
-14.086935496889055
-22.61841600621119
-9.058220729231834
-19.529470425099134
-74.3986869539367
-73.8177569701802
-47.44733221735805
-56.082994639873505
-40.17654958265484
-58.12666497487953
-41.1687640696764
-75.39451542007737
-30.310728311538696
-65.92405833903467
-36.67041241750121
-40.26070046424866
-14.859296679496765
-35.636252557858825
-18.58923965977374
-25.672639476135373
-28.063135815318674
-96.48351199459285
-41.262866547331214
-36.847937686834484
-90.11525045824237
-39.4548345641233
-42.11815758317243
-30.026170015335083
-41.71222330536693
-32.64542758464813
-38.01353162527084
-23.488317012786865
-20.476474514231086
-20.637803810910555
-16.748226104304194
-27.530681307194754
-34.69536044821143
-23.206162050599232
-27.174231238663197
-22.84373801201582
-33.937030772387516
-36.39088714122772
-23.134632736444473
-16.886233711615205
-45.043877959251404
-49.03191339969635
-21.41741955280304
-16.931510673166486
-14.924987904727459
-15.352034618612379
-61.81140422821045
-58.21272654004861
-23.53128445148468
-35.5697546005249
-26.128664910793304
-84.52721798419952
-38.23771095275879
-121.75532856956124
-27.42899776995182
-16.48540222835436
-13.63031604140997
-21.103448333684355
-17.26495684310794
-72.12617282499559
-68.60263978212606
-17.488418579101562
-48.26413530111313
-33.234657023102045
-16.979167819023132
-47.6395029425621
-6.910998137682327
-11.082366944290698
-18.098979410598986
-1.7361708879470825
-94.30988935381174
-92.68521338998107
-91.96926568693016
-53.92003120924346
-37.748262882232666
-48.488793240860105
-21.107038974761963
-29.592101216316223
-32.09009337425232
-21.283094502985477
-30.81787395477295
-19.919355496764183
-58.650183884310536
-42.1124384701252
-73.57143902778625
-50.68381690979004
-62.34233099967241
-77.36356618325226
-56.452982902526855
-59.20598340034485
-15.291867274747347
-11.550994955003262
-18.612349601695314
-103.7284238487482
-77.49304580688477
-68.65474791824818
-25.57978916168213
-63.18468100205064
-23.11096391826868
-37.783719666302204
-77.00315348705044
-63.492677450180054
-89.78255548991729
-35.14808928966522
-46.67968728020787
-53.76217424869537
-38.90782505273819
-75.60527032613754
-102.97914784349268
-23.98668098449707
-40.794043727684766
-19.686111450748285
-18.223327425308526
-18.407621161430143
-43.54610962048173
-41.269158244132996
-40.87500014103716
-44.80240093008615
-59.149589664069936
-58.860680103302
-59.62548450008035
-42.61142022907734
-87.49439024925232
-32.451803267002106
-30.057537918371963
-27.51322650909424
-45.66057825778262
-32.29722629277967
-31.035819940268993
-68.98285945411772
-20.837762279435992
-17.704997909237136
-24.64629840524867
-28.115344444289804
-17.821700792759657
-28.4557070620358
-83.4073780385661
-36.67592376470566
-55.83887440565741
-64.66667960397899
-73.90364296274493
-12.894903182983398
-32.85421979427338
-24.66841059923172
-33.21800361783244
-33.95371391810477
-22.24316644668579
-19.027555979679164
-22.397946123033762
-27.791955069173127
-23.406370021402836
-48.87794029829092
-49.65193953277776
-20.54021790798288
-57.22971320152283
-50.83232557459996
-38.07346337020863
-33.06193229556084
-49.152155224001035
-13.352000501035945
-18.34572088951245
-13.651411015540361
-117.90358233451843
-19.106514372862875
-14.233928736299276
-168.7862279775727
-8.853260040283203
-81.5379958418198
-53.95145062066149
-22.414412108249962
-14.844659805297852
-29.636409521102905
-31.70565414428711
-50.03112954895187
-59.49020381172886
-107.45207667350769
-16.868057704465173
-14.761012601666152
-25.020102561451495
-67.45842574312701
-34.11522567272186
-79.21717810095288
-15.838646868243814
-57.58394795155618
-39.16164946556091
-32.95105493068695
-20.466270446777344
-40.17779350280762
-60.84036827087402
-15.648956328892382
-20.412933880463243
-21.014873727224767
-53.40516310557723
-84.23493040329777
-54.34131741523743
-67.31168009305838
-51.14108655974269
-17.70620188547764
-13.486654807813466
-38.61503812111914
-9.497969008982182
-44.56680457276525
-38.73930317000486
-46.41088881576434
-59.05529755720636
-37.6991610750556
-66.94189253635705
-70.50172165688127
-18.282736778259277
-55.36938428878784
-50.325500689446926
-40.27086615562439
-34.69941752869636
-66.64819287136197
-56.51964781060815
-18.999803885817528
-18.39605274902715
-18.765145207755268
-20.84809286170639
-54.73291385223274
-98.3772041851189
-90.60154406446964
-14.463241577148438
-73.25494877086021
-23.69545352458954
-50.80354303121567
-1.8979187804507092
-6.138854095712304
-16.59328317316249
-27.175946364644915
-35.01284645497799
-66.0167266880162
-29.36916983127594
-72.96012678625993
-19.378692626953125
-27.704953825101256
-22.52862372994423
-48.498918086930644
-63.3560985326767
-95.74048454422154
-36.768391899066046
-52.439424991607666
-23.840534782852046
-43.47908568382263
-23.817233856767416
-18.55236829817295
-16.57466545020725
-21.280270371586084
-15.71960786532145
-85.7170285541797
-83.18420704259188
-110.92604306625435
-14.215649843215942
-21.46283220127225
-72.49313334561884
-84.64158770442009
-31.098540544509888
-32.30761909484863
-37.663951276335865
-14.238865820560022
-20.46094790380448
-21.159964674385265
-102.74670787970535
-45.90976765236701
-33.73374177515507
-25.85937855578959
-47.62081423125346
-20.59784829057753
-94.3425387511088
-27.162379070010502
-44.08903956506401
-6.918405739386799
-21.37492131255567
-11.712257398758084
-28.276854671537876
-29.10767773166299
-15.740142941474915
-29.77580738067627
-54.361877739429474
-27.301995873451233
-56.17076215274574
-85.99208896234632
-36.56689390077372
-27.516233757138252
-24.442494750022888
-42.993989273905754
-19.86875820159912
-11.489346301321348
-12.396293003112078
-20.06837688619271
-71.51731867733179
-52.99763568863273
-8.127676010131836
-62.75208516418934
-81.3290925770998
-25.219199830084108
-32.145993772894144
-59.47292734310031
-57.40673553943634
-68.99707625806332
-49.20480777323246
-54.513747645833064
-75.89524882964906
-18.248095220587857
-12.67132049612701
-22.954586923820898
-26.605594385415316
-135.5070407615567
-51.46035593748093
-24.927831552922726
-32.80525335716084
-58.80495623941533
-33.916388511657715
-62.30596265080385
-99.44330670969794
-41.84909359365702
-17.031121338979574
-15.753325335448608
-18.241972591611557
-95.90027866822493
-65.18210780865047
-75.67603565240279
-28.09050027281046
-22.974156484007835
-58.87631595134735
-37.09396227821708
-38.85177509440109
-63.46826451458037
-37.748829215765
-54.06037363407086
-48.287300765514374
-29.12305811047554
-16.826909770112252
-14.90858593955636
-27.470876251114532
-25.746588334441185
-35.926306707493495
-29.234909381193575
-72.40599243919132
-41.566412605228834
-35.13033501719474
-30.820689916610718
-10.129958061967045
-6.894527703901986
-12.642699054442346
-15.590174097567797
-14.034703254699707
-2.196406096103601
-42.32165843434632
-49.294284547737334
-84.06639777496457
-104.92725260555744
-110.29871226195246
-79.77502678282326
-36.461425974965096
-22.295116940978914
-52.262453838367946
-46.74465730693191
-25.066635366529226
-14.891214778093854
-20.705428411252797
-16.729504013899714
-66.67513477057219
-37.13199888767849
-39.4133882522583
-8.340213775634766
-18.827008042484522
-56.51001888513565
-24.900827884674072
-47.086113944649696
-74.2532406449318
-39.48548296489753
-21.809642106294632
-23.397025376558304
-15.871602880055434
-20.720222923904657
-25.977459725458175
-85.7440230283537
-102.82879849872552
-33.85787562280893
-23.962084732949734
-24.28583737462759
-12.017524339687952
-28.535310031846166
-34.562521539628506
-10.162324541714042
-67.48752466987935
-58.179716409606044
-13.269403457641602
-41.23961469437927
-16.58755281989579
-19.351117636077106
-38.615038987249136
-13.352940827142447
-63.97674536975683
-34.09426873922348
-118.86614129086956
-45.78302597999573
-45.71730109548662
-44.56352084875107
-48.70161736011505
-36.95368226314895
-15.333750444304314
-13.189675319939852
-16.79978291282896
-24.37403599359095
-33.46436204016209
-159.12716801988427
-37.365397930145264
-29.163814663887024
-46.562445387244225
-88.72224146872759
-31.295109510421753
-20.688451766967773
-38.41436673840508
-112.52495032129809
-43.99547139718197
-137.30686570494436
-59.27758733625524
-106.57193859224208
-41.18878698348999
-17.594920863979496
-26.895170165225863
-27.97967149177566
-19.860772723332047
-35.13613685965538
-15.609647035598755
-53.76687313706498
-65.66677828133106
-14.901395966531709
-20.46954483538866
-32.47479912638664
-18.34034752845764
-14.845798174850643
-134.63100446865428
-36.975896678864956
-42.962372183799744
-21.90981477126479
-23.230839014053345
-37.177448987960815
-29.428527295589447
-43.28158259391785
-15.766533851623535
-43.16192817687988
-21.81397983431816
-7.375602201442234
-1.4161587110720575
-5.3305739015340805
-1.243798895739019
-11.251630134800507
-0.08331409929087386
-0.07272671911050566
-4.619773878250271
-11.057048285438213
-6.128302324330434
-5.617143107352604
-2.857708023802843
-5.5543486922979355
-3.9352524573914707
-5.9042554323677905
-9.00228801323101
-6.704552473500371
-8.111340723640751
-7.903222760185599
-1.6080431435257196
-0.6812148980097845
-0.0910211680456996
-1.745193656795891
-12.566817540442571
-18.955151580274105
-6.369008664813009
-1.2276469469070435
-1.1240211554104462
-15.745788477361202
-0.29389622434973717
-2.2791398260742426
-16.035095745697618
-4.537946924567223
-7.840347147546709
-1.5702409385703504
-0.9124055155552924
-0.0718377392477123
-0.8293976693530567
-2.5613114917941857
-3.9221359780058265
-0.9056987669318914
-5.395255587529391
-0.87921257968992
-0.09204002839396708
-10.688697787176352
-0.060518451369716786
-0.2886892969836481
-9.200516667566262
-2.5281332233571447
-1.1408988821785897
-3.3046927521936595
-3.259950888575986
-2.3171887167263776
-1.145691969897598
-38.02845053197234
-1.3883557691588067
-0.1553063719184138
-11.146846346033271
-3.612445194274187
-4.789072800776921
-16.69419859185291
-10.478927911433857
-6.444802559912205
-2.497115448117256
-0.0119576157303527
-2.9324438425246626
-2.571764321764931
-16.0020751953125
-7.485560071072541
-10.590258183889091
-0.0667656809091568
-0.13577914552297443
-7.010059067513794
-4.5025422889739275
-7.198399086599238
-3.0771673531271517
-5.130043135024607
-6.971284130588174
-6.8133777203038335
-0.49209462106227875
-11.396992456051521
-18.981179201538907
-0.11020455718971789
-12.40595006478543
-14.675422212807462
-1.6286005919246236
-14.161249384815164
-1.6021310901269317
-1.6877008061856031
-4.279586158692837
-11.658875593624543
-3.612807986268308
-0.07760323000547942
-2.355383549001999
-31.2189261270687
-9.673879945650697
-5.24706543982029
-7.168586453713942
-7.115974857937545
-7.4293531216681
-3.534688231535256
-3.5182243306189775
-2.1724845101707615
-7.81552674761042
-6.3433516239747405
-0.13922276979428716
-11.8032655864954
-6.599652415068704
-6.774495857092916
-5.260707514069509
-4.991595347877592
-7.548957407474518
-2.4006066618021578
-4.086346688680351
-2.753414729028009
-4.688672173768282
-0.035942791088018566
-14.60703940995154
-13.373234627855709
-2.029126497072866
-1.2591006888542324
-1.1790640606777743
-25.968196004308993
-6.703863840084523
-3.8001817114127334
-0.0400426481210161
-0.06991612818092108
-5.439227643888444
-4.139547663391568
-6.882209802279249
-6.846444101945963
-4.414897203911096
-8.047816682606936
-3.8249142959248275
-3.1373909786343575
-3.328772145556286
-0.08672778305481188
-3.9546503145538736
-4.690359298139811
-6.103843729244545
-8.700431790202856
-7.7988271047361195
-3.0606223214417696
-0.13592223823070526
-9.20902664840105
-3.4904709667607676
-1.9056664321760763
-5.081235664896667
-8.910280443895317
-7.834889518271666
-5.856073507340625
-4.283761725528166
-1.8699097472708672
-2.393411800265312
-3.269585066474974
-0.42843224442913197
-0.11517311009811237
-3.408268987914198
-2.480535507602326
-3.635270187398419
-3.236413297498075
-1.5247686803340912
-3.777940110769123
-0.2017844677902758
-13.355208620429039
-5.410009491024539
-19.249657725566067
-3.4071551086381078
-7.509432078542886
-16.79656280891504
-2.2808006506529637
-8.508972430136055
-5.0664618341688765
-5.274630267522298
-6.9122652257210575
-1.8601709067006595
-3.7661935110518243
-0.060618289426201954
-8.003813907154836
-3.1185760237276554
-0.12493143696337938
-0.4341300086816773
-4.349333017831668
-1.7562663704156876
-11.052698142826557
-0.19434491323772818
-0.5021568213123828
-12.365171494573588
-22.242759065542486
-12.915701085395995
-39.28304238899727
-18.41667390963994
-30.19918286203756
-9.654197092633694
-2.2369043976068497
-0.7975009428919293
-1.9027595428051427
-10.578870475350413
-3.0801707096397877
-2.9283814830705523
-6.15923830596148
-3.2804598419752438
-1.7019991675042547
-8.188547857280355
-4.755921694348217
-13.02019436849514
-8.220933742530178
-12.078291564714164
-6.4924847492948174
-2.2539963591843843
-1.6981811672449112
-5.601742644794285
-0.09445021220017225
-1.8852033482689876
-1.8970021335408092
-4.226980506442487
-0.007766500624711625
-9.168499863735633
-5.473180387285538
-8.299497021362185
-0.04317938689200673
-0.15457643230911344
-1.7335934470465872
-17.70751602711971
-2.584758587181568
-1.670320764183998
-9.173268076723616
-6.173874535015784
-2.1940244637371507
-9.526833065086976
-0.17039782652864233
-4.9667107064742595
-0.08158136159181595
-8.30149581283331
-0.3453202433884144
-0.4484454798512161
-3.098565421998501
-3.586917222943157
-9.367653030902147
-6.297165133786621
-0.06623828632291406
-19.585038609671756
-13.814570237882435
-5.777369593037292
-9.461565102566965
-5.497151415795088
-0.09463157631398644
-9.799250302370638
-8.578084290027618
-3.2724324959126534
-1.1368123623542488
-10.030944024445489
-16.785869289305992
-2.2797727435827255
-0.10445713921217248
-1.9578041794593446
-2.606924779713154
-5.567397435195744
-5.859710231889039
-2.8525175396353006
-2.755222916865023
-14.325047701597214
-5.826389223802835
-8.280777890817262
-9.526463300222531
-11.826730646193027
-7.034931182060973
-0.064025642874185
-1.160648062825203
-0.5980243888334371
-14.520112739119213
-8.291389193611394
-13.718868653231766
-8.039018354844302
-3.0717409551143646
-9.188436432508752
-19.641151200979948
-4.859216702752747
-1.8064507972158026
-1.164716576691717
-0.5007503870874643
-13.703363950364292
-16.2035834169219
-20.972875574603677
-0.09954466958879493
-2.568969710264355
-5.065068244934082
-12.849760711775161
-9.136483069509268
-5.343619432300329
-5.987704755738378
-7.468885637819767
-3.43023786766571
-4.489804876851849
-4.118066848721355
-0.045153333427151665
-0.5894463042714051
-4.187169789103791
-1.019038762897253
-5.506281333044171
-1.0884007001295686
-4.7984702123794705
-0.27689536804973613
-4.5101487170904875
-0.10157468818943016
-0.05585668236017227
-0.08109375205822289
-15.755025744438171
-0.16401043749647215
-15.021950602531433
-1.821471449558885
-11.659782136107424
-10.064081098884344
-33.5918479710017
-7.055533399805427
-3.901689252234064
-6.358790706726722
-0.050778960081515834
-1.5667456571245566
-3.008538194000721
-6.0420033489353955
-8.739779989016824
-3.9025400270475075
-9.634789717005333
-7.139631673693657
-2.356553316116333
-3.2030219016596675
-4.01805317401886
-10.238447788811754
-0.20347441584453918
-19.188383095897734
-8.915059199556708
-3.7789385933429003
-10.861420447006822
-16.562303884886205
-4.722972163974191
-5.8129696967080235
-15.877799222595058
-4.2487908862531185
-11.68465785565786
-1.5911686025938252
-1.7068975088186562
-5.962577369064093
-6.298123574233614
-27.82648421637714
-0.1693992738146335
-6.172955187037587
-1.184118116274476
-3.225490008480847
-12.85182177524257
-5.644308215472847
-5.8337057022727095
-1.5892797545529902
-7.7426728047430515
-3.6644855204503983
-7.2747056391090155
-3.7793421163223684
-13.578693961035242
-4.658145440625958
-4.301170841092244
-3.30557914666133
-0.7433386463671923
-18.261175202933373
-3.9969182750210166
-12.483027855865657
-9.99710478913039
-6.48100314574549
-1.8130825329571962
-19.201240978669375
-2.9611678468063474
-4.3199312831275165
-10.19222304574214
-5.089464923512423
-6.763081036508083
-1.2567455887619872
-8.985257156193256
-5.948742568492889
-3.2691879619378597
-6.448061511546257
-14.461799044744112
-0.04232844879152253
-0.4248969759501051
-0.29698530105815735
-2.372101057320833
-14.187116063792928
-0.0958865338943724
-0.0944990867319575
-0.05609102454036474
-1.953699192366912
-4.378877139650285
-14.243636569823138
-5.644042834639549
-0.0345110883936286
-3.311019539833069
-7.520305673591793
-5.028254848904908
-5.156835295492783
-18.559434283757582
-0.055669402121566236
-14.22805815396714
-4.065358322113752
-7.810017465613782
-3.8191426920238882
-6.605032917112112
-22.565304103598464
-0.05402517967741005
-2.077513711352367
-11.960130145096628
-9.67849889729041
-4.971118406334426
-11.770642809031415
-3.643210807815194
-29.47408188944246
-4.2967023849487305
-7.361966248834506
-1.7638067761436105
-2.742251464049332
-0.1447176015790319
-3.950404644012451
-5.357872855849564
-7.8677232433110476
-13.85161393150338
-7.2803689808934
-13.947844921436626
-12.422075483264052
-12.12116126716137
-7.352958660223521
-22.73400311655132
-19.120258810318774
-7.782638699114614
-12.068209907971323
-5.507890783715993
-11.373093607602641
-0.9673367775976658
-5.202075130684534
-0.07128984879818745
-23.470571935904445
-18.894613231139374
-6.439952518325299
-3.6596126824151725
-2.1465873271226883
-6.459545971825719
-4.8992122411727905
-0.10445689735934138
-0.18439774729631608
-11.610552544996608
-7.580116303754039
-3.516054142091889
-1.297385995858349
-1.8977369498461485
-5.3029059377731755
-4.04014926450327
-11.422850292539806
-3.5765526476316154
-2.681566669140011
-1.0380435334518552
-6.037254710274283
-22.34742648882093
-0.03147185349371284
-0.21242388582322747
-0.1572118140757084
-13.867482506670058
-8.974106344394386
-11.113919980401988
-5.839513871935196
-10.409054391086102
-8.3208236998762
-4.165566626936197
-11.233076687669381
-3.9036064706742764
-1.1385266806464642
-7.834683547378518
-8.003323524724692
-11.399898251285776
-2.1041052124346606
-3.6702899353113025
-3.303156018257141
-12.585264962923247
-12.813298001885414
-8.975813969038427
-3.805205172044225
-0.10445690096821636
-0.0918356274778489
-0.0664404759008903
-13.841333658623626
-5.140739921480417
-7.996760241687298
-0.2620454089701525
-0.9479244016110897
-16.499678208492696
-8.808496694080532
-8.504454100970179
-8.906281819567084
-9.61659683729522
-2.986643183976412
-7.081864778650925
-0.16278180852532387
-2.1545842167834053
-37.17190303800453
-11.519625169690698
-8.352747665136121
-5.237687001004815
-0.231752063089516
-12.004079035876202
-7.570599685270281
-3.181225868072943
-4.297904286708217
-6.228111427160911
-3.3752359501086175
-4.588202431448735
-0.13835987204220146
-10.528106331359595
-10.213378667831421
-6.6663066344335675
-11.602546895854175
-6.268259134143591
-4.957705721259117
-1.748080647084862
-5.530493284575641
-1.7140804505907
-3.7889768187887967
-7.880587078165263
-0.9375075584393926
-26.292057034261234
-0.03991004478302784
-0.13917944866989274
-5.616767732426524
-5.429764049127698
-6.340120140463114
-3.2076954189687967
-3.2716317805461586
-3.913236753840465
-7.33804896811489
-1.5045956906978972
-0.06313730633701198
-4.014679726722534
-4.601162139791995
-1.7241462485399097
-19.089613088406622
-3.787330926861614
-3.700644836993888
-4.361532631155569
-7.760240787640214
-3.101140787184704
-0.1959698786959052
-0.044279123219894245
-0.4162068689474836
-3.5841627572954167
-9.900166667066514
-7.478914795327
-10.804248943924904
-6.34819015674293
-0.7276156925363466
-8.093160067888675
-0.07895692193415016
-4.785657202301081
-0.27680609258823097
-3.0238797846250236
-2.85697397988406
-1.3599910521879792
-5.455644845031202
-9.558055338740814
-1.0337163441290613
-6.195830927685165
-1.2049814611091278
-0.07756406201224308
-3.3540675666881725
-3.708268616348505
-1.979528543248307
-9.484600143041462
-3.918965598801151
-0.9201706380117685
-8.209597330307588
-4.2391730467788875
-17.71046873999876
-0.5019507724791765
-79.17692084517512
-1.6084196851588786
-5.226213318295777
-0.7687315680086613
-15.35481482744217
-17.268813466391293
-2.9774402012117207
-11.51025997204124
-0.32501485652755946
-1.5157299600541592
-6.8880189959163545
-8.023563459981233
-6.485179153380159
-3.2591801966773346
-22.546586167998612
-0.040619745806907304
-5.575117599219084
-0.5488370983512141
-0.17319077643333003
-12.36746589797258
-2.559832135688339
-27.10694688532385
-2.733655132353306
-16.12581111630425
-17.491526036523283
-6.377717553405091
-9.895649895071983
-4.29593710124027
-3.609693344682455
-0.10445711913052946
-12.398014055099338
-5.743661915883422
-3.943088729865849
-8.754315066034906
-0.3689129440608667
-1.049236205406487
-0.9679261166602373
-0.09164698072709143
-4.25377338565886
-0.21073426492512226
-12.577705093368422
-0.21350646640348714
-0.06420945102581754
-0.12723213961726287
-3.937578708406363
-3.8687688722275198
-2.800969860087207
-3.8679991575190797
-4.294703141320497
-4.49328828160651
-6.669093978591263
-3.941158297006041
-2.89640099555254
-9.49264409719035
-0.10445642628474161
-6.133207894396037
-0.9338755188509822
-13.289383185096085
-3.1256263714603847
-2.8423402938060462
-30.91925946995616
-14.786164926015772
-5.381324579153443
-8.66929941388662
-3.3923064693808556
-0.04024068373837508
-0.020869372187007684
-4.414672568440437
-0.35712473560124636
-0.8427350768979522
-3.440632024241495
-3.4232728402130306
-5.566502026093076
-0.7699267269927077
-6.803538260144705
-2.653160761881736
-12.038431344553828
-5.8582127536028565
-27.519061327409872
-3.2124139075167477
-21.887733651790768
-2.141902203205973
-0.07819759225822054
-5.847257688874379
-11.186899092048407
-5.150160079821944
-2.061443969607353
-6.57826943625696
-1.6829347983002663
-3.8890795125626028
-1.5244966894388199
-3.1719619184732437
-14.942608049765113
-6.180396195501089
-4.653787010578526
-0.02181858106632717
-0.2955694633201347
-5.292767362847371
-11.211231247521937
-7.630841607693583
-0.6599764823913574
-0.4171679224818945
-1.1301308562979102
-1.0413195905275643
-1.8298974633216858
-4.739380045415601
-2.897075647022575
-0.08003984385868534
-0.061888316144177224
-7.335716173809487
-0.7127310130745173
-3.384644964011386
-1.7901244070380926
-1.5605301298201084
-2.988259796053171
-5.675695259124041
-1.2841200432740152
-5.752383610524703
-9.19751326739788
-0.07636149009340443
-8.899771146010607
-1.6097607295960188
-5.150351050950121
-0.03599883522838354
-1.1994093833491206
-2.567764394043479
-15.06713317334652
-1.6440753666684031
-13.891724715009332
-7.704977564513683
-0.5903296028263867
-3.1536578603554517
-7.095985134132206
-9.742444369243458
-7.5694269695086405
-0.050303350668400526
-0.2930365364154568
-3.544324961490929
-2.9202647350612096
-12.717086780350655
-4.019215255975723
-4.008099140715785
-0.9506495668319985
-13.96582643315196
-0.16276794126315508
-0.15345577424159274
-0.08121854413184337
-7.742973201908171
-9.361893040360883
-10.287977415602654
-12.999134284211323
-9.67803111486137
-4.2136933594883885
-6.013923882099334
-11.032671807100996
-12.085095106915105
-9.697713153960649
-1.8681594282388687
-0.04689610021887347
-5.120048283984943
-3.917868128424743
-3.6189289725080016
-2.862854577600956
-2.696867519058287
-3.596147787720838
-19.235651343129575
-9.042073488235474
-0.03710510011296719
-7.571088415716076
-2.936184582336864
-2.0094325704412768
-9.52412999497028
-0.10877732187509537
-7.789995565128265
-8.136128395941341
-1.2097421151775052
-26.87268650275655
