-2.4594087302684784
-0.9938848024906044
-0.8572654935063232
-0.5198192768110554
-1.8559761890210211
-1.0769806383177638
-0.35401228510918686
-0.12126186900199488
-0.48003863046459827
-0.7420752773229796
-0.37525313060965954
-0.3052972452604384
-0.056982820033082054
-0.11475012337314183
-0.11056389019517077
-0.15222053786938314
-0.17282829186879098
-1.58372853028415
-0.6875754432018403
-0.3813262103877302
-0.23583858711053834
-0.8221332130404855
-0.765215380464843
-0.2963047506428893
-0.08547623730009946
-0.2257972013105592
-0.31337090659019995
-0.3742736067500888
-0.23571469924685776
-0.37187793885702075
-0.431527278843921
-0.10514236103563235
-0.30605712939658053
-0.38084969700624544
-0.3732986851102396
-0.21443205255518477
-0.051789504006072615
-0.11640307970600533
-0.28839212332241004
-1.2775131083742184
-0.6805577997723818
-0.6442911561133415
-0.28243506159442816
-0.333722365037886
-0.2256853082399175
-0.3680429094499088
-1.0224801893070252
-0.025965192943476722
-0.30411005663468543
-0.49082367140850264
-0.32177931037522983
-0.44653750616771504
-0.3523108570341719
-0.06097103158415187
-0.3856949861279833
-1.0867610686716787
-0.2200631008996755
-0.6426647428606185
-0.12785017518771466
-0.4993102181790703
-0.930958263354114
-0.8706449874776548
-0.1600024389284954
-0.06243716036883804
-0.2531240119767517
-0.7966209175050002
-0.11553622179503366
-0.629477095288894
-0.45233805951095374
-0.5558190011575789
-0.8050706942412944
-0.26796570050054175
-0.18604218507307024
-0.28673452822768014
-0.4033866426280667
-0.9929124284917634
-0.18171266940165273
-0.3259118803784182
-0.12710414682616197
-1.8930575075404097
-0.38145096059173844
-0.31024776461490544
-0.5331857457020777
-0.18599117769335863
-0.6385244704595405
-0.42211243843065255
-0.5277830015942387
-0.15458454885454104
-0.4648922831910407
-0.13992199509885136
-0.615891675246126
-1.1273975606634243
-0.048155928923127554
-0.27809114123341383
-0.47013977707877835
-0.6510636902724704
-0.2711465413934396
-0.6998291263919074
-0.47832607870748234
-0.3194117030197563
-0.2958814694546163
-0.12852047408361816
-0.2241699803715415
-0.23369939285542138
-0.9430810560255244
-0.7646622342802257
-0.7968967592723857
-1.0716335475589556
-0.11762794763490092
-0.22464390143223822
-0.061488669753695525
-0.09135847687664661
-0.49823803843820413
-0.3824443916612308
-0.1336543468380394
-1.075827095257705
-0.7960389392146681
-0.19043990874375927
-0.12546009966183647
-0.2310824443128555
-0.08177315674779842
-0.24513389296553215
-0.2359774915176667
-0.18145229153215042
-0.337170062159809
-0.3063301076918833
-0.46361674039326317
-0.38418982992455614
-0.696060827214323
-0.025122232735157013
-0.5118978509197492
-0.3202583147199675
-0.2856212258177134
-0.03261414001462981
-0.210035146851005
-0.2529734112669303
-0.17641648439651667
-1.0490688138233963
-1.0761317493499676
-0.2476418193059761
-0.31236148788169277
-0.60802428108121
-0.21078734050649434
-0.32434669948044503
-0.6658493573000295
-0.5230613464324657
-0.5269848224426303
-0.1993386060451788
-0.15416462622052182
-0.12703317036114944
-0.15089720427187103
-0.38965387515123867
-0.17402623702939005
-0.24860753043220837
-0.49695587480182085
-0.655818148745008
-0.04432456809445284
-0.1991495379416197
-0.28288183879783446
-1.339153988389366
-0.8812086794921197
-1.4942384255486634
-0.2725338023005679
-0.14915497057253643
-0.404376386385411
-0.3748760057409843
-0.5036350293417142
-0.026248309761285782
-0.503340100234213
-0.4516724846179946
-0.36975928432696037
-0.4603750596759255
-0.06542456255339771
-0.264849954434177
-0.10397432628997194
-0.2052641097761971
-0.12295946525233407
-0.41660559094270866
-0.0928766797083075
-0.17692979607328688
-0.06359823259854618
-0.31353998858458
-0.24941811051181517
-0.2840879664726041
-0.23705416572435448
-0.1996618132545791
-0.45287551402215986
-0.6228969123068155
-0.19707187978415544
-0.4916287939339512
-0.4237371436728983
-0.08581841751072802
-0.17340590076190665
-0.7039779172549218
-0.2767886593937874
-1.371698067872785
-0.4240355108629007
-0.10345469223102555
-0.22673551536448058
-0.652179383818293
-0.39858094339794714
-0.2627718453122292
-0.13849027034666506
-1.0454857390880836
-1.3891692399707218
-0.028905803337693214
-0.2066872176173523
-0.38958875829615264
-0.4253866952644568
-0.27250565894549555
-0.36636995893165175
-0.14466211323135078
-0.049418112202816056
-0.5834732218499994
-0.11292156106151197
-0.28438997951971035
-0.09533733013586243
-0.2983279312074198
-0.21515184570992169
-2.430327069479972
-0.45759132696548477
-0.20301508620721181
-0.13360598421027212
-0.5462068336834337
-0.5774470693137724
-0.9620649390092313
-0.6081985345986141
-0.30177489601192065
-0.1412703337298487
-0.7906936096540449
-1.4629326779931944
-0.568969235920728
-0.20772653552120346
-0.21054748814731283
-0.537358888410381
-0.12020074257088709
-0.5297385443548137
-0.8499256416049213
-0.02747669629752636
-0.41220114058168766
-0.9181027960705886
-0.7147936423399481
-0.39380009423681034
-0.029846109449863434
-0.5702898068320792
-1.0990514817205943
-0.8440062373949331
-1.8054730892181396
-0.43414053171640954
-0.49540409773635474
-0.87225257643565
-0.48705085261244674
-0.4380772320001951
-0.12065635611361358
-0.31708125138955195
-0.2547162809567132
-0.21941364974903385
-0.43853647959006664
-0.5730892931124589
-0.33843896983231997
-0.6980750025056957
-0.5931762636630863
-0.9550250152957839
-0.41756465503788476
-0.2678036130065183
-4.501972606502629
-0.6009425705269678
-0.2070156688349388
-0.27100676780699473
-0.7746214238328061
-0.8963655670327584
-0.04389837294972191
-0.22505036148758759
-0.25383132597798974
-1.5600917564150525
-0.5343014705070511
-0.5500713783327161
-0.17334247504108877
-0.21544450569504797
-0.27771637937700383
-0.4408729323894723
-2.6249428324129744
-0.2879672663001592
-0.21526814173363545
-0.12369599732058607
-1.3582725411979482
-1.302492780528458
-0.1893151330712664
-1.2115980483130053
-0.043752667678927534
-0.6937154344685144
-0.49434034496807727
-0.48189839772731785
-0.33473215613533586
-0.3709661712187385
-0.3841222157907829
-0.34072558571206174
-1.3396526984496242
-0.5871750954779095
-0.13731386848139665
-0.3515420426971837
-0.8274894578446818
-0.261753575853268
-0.15344886179664172
-0.12789500849127458
-0.38993755227632665
-0.6370355327940539
-0.34648328404000495
-0.09743963780733604
-0.2567991622178738
-0.5091097219805674
-0.20388469145982527
-0.13858366800532926
-0.24793445977265946
-0.2111145524230846
-0.42520823821942033
-1.150177136396191
-0.13506512556455164
-0.25778662617585285
-0.7016370811349285
-0.5246364275549958
-0.5170054259971428
-0.44008054333478086
-0.28333856360259235
-0.49747208722791664
-0.597000770929526
-0.1307184785078789
-0.3398182592980447
-0.24873117548704612
-0.07024515558724818
-0.22273725582734336
-0.1015790371969739
-0.6899632713547261
-0.30456224487190614
-0.340276291877337
-1.2250757160280565
-0.7446886624743961
-0.13089453026223055
-0.06775366986367069
-0.8293795424553017
-0.21036684695189017
-0.10018632854917087
-0.14706508110086564
-0.5448720204794474
-0.5350649463285537
-0.43628239070449126
-0.6307890484567906
-0.042565366996859665
-0.4489381691171155
-0.0761964387500484
-0.756744770632713
-0.02826732350513339
-0.48005371360122806
-0.180515012129595
-0.7550183597453394
-0.760514963593199
-0.09519450314484554
-0.4345134721348026
-0.6689111354062334
-1.6637667849831308
-0.10636427309376424
-0.8922132472893686
-0.571973789932296
-0.6080622703787716
-0.1664636751839064
-0.09739853295104695
-0.4784232276082397
-0.11283370105206458
-0.08067890733134565
-0.6029215673291258
-0.29406066952894133
-0.13618469537614147
-0.24149078868019083
-0.34912700328429275
-0.5694032744407499
-0.8454927304446755
-0.5670354761665294
-0.31593700714266504
-0.42240529628648243
-0.4819190554285342
-1.3957161194575747
-0.10880587142415524
-0.48625343062537596
-1.4694778429875441
-0.1476001964880235
-0.6485637136402905
-0.49380744759345263
-0.5805007686594089
-1.5307449499001637
-0.25928485533222556
-0.36267314228231184
-0.360238751448277
-1.0053184214345072
-0.4884723012863914
-0.17579154748478973
-0.16461374848123947
-0.05015316978096962
-0.27161511189164805
-0.12856285056113848
-0.5582304188012586
-0.39731433619866807
-0.4095717814293277
-0.6937860231701052
-0.4810969237257589
-0.32904370246629616
-0.5930225868597787
-0.3422949207390502
-0.39180771080118576
-0.42663538725537364
-0.4691391912051172
-0.4289342892684049
-0.782003314302689
-0.27808500090313
-0.13142046014199119
-0.29585002990997966
-2.161975153359688
-0.8194453928018144
-0.3703348644130892
-1.9647032193440412
-0.4814005250057865
-0.1486855569087311
-0.20684384381318177
-0.42774573061945953
-0.9145511876770342
-0.9949881954817101
-0.21519913538763072
-1.317797794046452
-0.287009039098848
-1.3751988337212424
-0.20656266974974014
-0.12311839528410928
-0.08602267242531525
-1.0051233837761433
-0.24627903422133385
-0.0834930442522905
-0.24303842523901645
-0.2921866762073478
-0.21081388512227153
-0.15717293932584653
-0.12802582097112697
-0.14666066790327426
-0.07734378864211067
-2.581955522298813
-0.11003951430891327
-0.1574911582782382
-0.4056371485717353
-0.5146921853522872
-0.20165353130081107
-0.2585271512957358
-2.27379818042391
-0.5691834375960787
-0.9208918353030061
-1.6816068302636267
-0.009703145988169126
-0.07307988923474279
-0.3920492251394535
-0.5540437736835111
-0.22960266861965314
-0.29903723472161803
-0.2859254751474509
-0.08589146085130944
-0.6384176130874948
-0.022139299660921097
-0.011245086789131165
-0.8494716254922423
-0.09210188536420762
-0.06758154839796286
-0.02295056511926911
-1.5850581713253633
-0.5075818477971836
-0.4666958033395632
-0.48046633365362745
-0.12900097507974265
-0.6924122390018965
-0.3660091885103611
-0.33100931792207466
-0.29490231089293956
-1.8576062554493546
-0.2671654163951248
-0.25251882935096476
-0.11996876590159158
-0.30184900367185913
-0.7742265307600178
-0.3266919740953215
-0.2449188339529881
-0.385710264311759
-0.5321935350641525
-1.0094426374167338
-0.2812338035031644
-0.07324791891445867
-0.9747548313959365
-1.510268989764154
-0.26803558731919674
-2.056298349836759
-0.20383522225628523
-0.5486018826253712
-1.0312129901310527
-5.5661351680755615
-0.20245538800751697
-0.011588153429329395
-0.3944915491472463
-0.11006837163066459
-0.6102632449302392
-1.8920920482293393
-1.1092271634763164
-0.13222945473223394
-0.14479444864688654
-0.06152513966639039
-0.07079891138374916
-0.2694761646607252
-0.5732641490133877
-0.16105648466812758
-1.5061717391638012
-0.3083649222928216
-0.5165347342845052
-0.08240988296395135
-0.24064703343684263
-0.29318184302464945
-0.985588343215308
-0.3860284725597012
-0.5358830758109847
-0.06775490119059668
-0.07030131197930958
-0.1636263924393279
-0.22697538330384048
-1.18574140544888
-0.44089737971233645
-0.5031154286517676
-0.23377012292161342
-0.26701549414290293
-0.3200745397934952
-0.09103095338514322
-0.46889213816357367
-0.6242174611187087
-0.39763125890749507
-0.6104388829550468
-0.060074248186775876
-1.1930340762271097
-0.20243556734712342
-0.19521922890544374
-0.16675353112077573
-0.43570256718215017
-0.12019874180908421
-0.15956578031223975
-0.2656764391306895
-0.31020927209530264
-1.0996611692407245
-0.20842068432981856
-0.27995019140134475
-0.7592257784093212
-0.07541635166636787
-0.6481854046661384
-0.06815697724960046
-0.23324977246542353
-0.2510161163080113
-0.40655962373906124
-0.10305076612057747
-0.4192870323854899
-0.40479347393591464
-0.08683482277592702
-0.5049391187145374
-0.5505426105592728
-0.8651738517474996
-0.0181075818836689
-0.4685683320076349
-0.28246636855051294
-0.7479930652093159
-0.059444126522066654
-0.6683302690829872
-0.39910331877950966
-0.8383973053108397
-0.07074078976717663
-0.12588106571693328
-0.3220203622497418
-0.2064778874694509
-0.4775492758461041
-0.8445132327200928
-0.7047540695571394
-0.46504056539053334
-0.34449556049207786
-0.5550063779992342
-0.1353696636155064
-0.08534269180420649
-0.20286325772235614
-0.08159843060771198
-0.3888817855020079
-0.45587869234077516
-0.1444211235734656
-0.05490539230340181
-0.2850002829109144
-0.3049818016345748
-0.7383578283737506
-0.33956524206115546
-0.43629589856621015
-0.16507797026497428
-0.2703649779363332
-0.5554649800275607
-0.27699897390824657
-0.29888707098533424
-0.2978917289117817
-0.2567852506957327
-0.23578413571383705
-0.333808362113632
-0.2599132274184409
-0.4487191461230711
-0.27291144273665313
-0.16690974747925225
-0.3484819632250103
-0.126895088970813
-0.3814205836852125
-0.5297692498452307
-0.06135994721045433
-0.9817572112384797
-0.21521416008472444
-0.1266811556488392
-0.3978496161841031
-0.35301919908236484
-0.9681097216301767
-0.29458145666539665
-0.14004456940529053
-0.22685143680114536
-0.6441582193615432
-0.4718874780663782
-0.27370758007628654
-1.0390850915233993
-0.30634173772026924
-0.09017694204036768
-0.21325758393860186
-0.4238036704801904
-0.4026200381330556
-0.3292577124750551
-0.3113154090263249
-0.9738648056772945
-0.4667748619373621
-0.2808007298412496
-0.4042340065263597
-0.0872218400084724
-0.17180900950916111
-0.5224352363002254
-0.2732895372561325
-0.45561576261858056
-0.797064603012081
-0.06290815198015438
-0.1676683550395292
-0.32643974597746445
-0.2520961246412368
-1.0320765432654297
-0.20441048470187842
-0.36828155706161025
-0.07845820821187642
-0.4840420842317599
-1.201424019469414
-0.19135781955046696
-0.07358606411544728
-0.7055575109193645
-0.09087269882364682
-0.1933693458828202
-0.4161258726604539
-0.23501536391916528
-0.49283817293724586
-0.36911229850870264
-0.4567636023700568
-0.42703621999622887
-0.1757500525405033
-0.17536859643102312
-0.09057063391394747
-0.5723915867400061
-0.20792439949559594
-0.8777429292453766
-0.5300381054044313
-0.16860624462339427
-0.3410402829958912
-0.08512982463608668
-0.534530270793593
-0.07679824866536364
-0.5127000147664754
-0.5118028037550849
-0.5562415934035667
-0.09006520285625659
-0.223088268141672
-0.22683226714798366
-0.44834278410226036
-2.1708161023478687
-0.597636346479299
-1.391322400439094
-0.054554911459573224
-0.7859203865593372
-0.480666693538131
-0.10956466176058281
-0.181135731904457
-1.3235931857172545
-0.20380853743656188
-0.06406356138686534
-0.6017408711630878
-0.5356342305121871
-0.4196510393958306
-0.1253619894100666
-0.9651511383644075
-1.2254118521145756
-0.5292692920193076
-0.30088146393488086
-0.519961635160189
-0.09472753544320188
-0.19572039440642514
-0.39593891985714436
-0.1965181339839676
-0.08333946976136715
-0.12884798523530586
-0.06832365370439675
-0.5858182940919505
-0.8688313056939349
-0.14291856919802134
-0.06013427786877979
-0.4940876660895204
-0.25905446261167525
-0.5615779471777119
-0.3576707863358024
-0.33969314234952563
-0.15417302445338996
-0.07018076878739521
-0.45814329531388537
-0.19467053877603271
-0.28664262596867046
-0.5374897983654793
-0.628111878764125
-0.371883481558181
-0.39886000717015124
-0.1314359344632976
-0.9896967066701369
-0.5468342859480799
-0.07608803759285365
-0.2253053345606098
-0.11883054804515863
-0.5117676127087907
-0.4874174634363584
-0.030388372484594584
-0.1792691464929198
-0.15522189377010365
-0.4423666084942306
-0.4667083162930794
-0.3051266351811041
-0.2837063915584521
-0.2544002393082701
-0.6836440755993992
-0.25582467760592836
-0.36798672499533397
-0.48157615009877336
-0.49840393270854594
-0.5966786665434484
-0.15003926848334637
-0.5357015067165776
-0.05941942310476277
-1.2198782012662075
-0.7313923656951778
-0.06609993312581124
-0.30339917334317257
-0.2173946304543211
-0.21110239889129148
-0.009736559296243286
-0.16889773896976598
-0.20655379333537235
-0.02436293661594391
-0.16465379854707862
-0.3907295939529182
-0.10306511298305547
-0.06785909684392456
-0.22939537737124183
-1.0589026332447993
-0.07514204898461685
-1.9084498639167577
-1.197289355831505
-0.7623066952321703
-0.5571652796266842
-0.42273726779967546
-1.3211603953968734
-0.09321847948408306
-0.09019911339661728
-0.444323522335393
-0.40543831957290877
-0.1493597279014163
-0.1955155985645888
-0.2977506492585522
-0.49275731965972225
-0.398661167365581
-0.4104894483629583
-0.2997588673655021
-1.1662185991195397
-0.8041140005427425
-0.8001133370707326
-0.065364568456878
-0.08921817363607261
-0.6057090287338782
-2.3923850562423468
-0.657647125028938
-0.5638027758775479
-0.1621362771109034
-0.8090506496839225
-1.8299869095929104
-0.38881642623634133
-0.2084354201881731
-0.4342676843006409
-0.2167980771855047
-0.40443074457432104
-0.49286983892579883
-0.46922034388342126
-0.17100744562478873
-1.4333133575467703
-0.8847094236108306
-0.14577776706018994
-0.06081843502075075
-1.1209213329649563
-0.29695429559742
-0.6136615382019954
-0.17917453711622025
-0.08873563581841667
-2.0928155581126098
-0.21882430769832487
-0.6036260291812141
-0.18728072344839303
-0.6931811748020534
-1.6695184497103241
-0.34027180560484077
-0.055875217796710785
-0.16271000382058495
-0.18142692818396428
-0.635618468415411
-0.5936783794739507
-0.3171208532829903
-0.5418887000230097
-0.4212892568753245
-0.1669292972913657
-0.2848798641339272
-0.08410984191418504
-0.4006936722998944
-0.5565115993376821
-0.28433806029352127
-1.4677295937531198
-0.47296372606911063
-0.30029263262986206
-0.7270111232355703
-0.8934877630271265
-0.4444949674264838
-0.2084110054008003
-0.3378609150533723
-0.3438744276835577
-0.26986641957835544
-0.415433887817926
-0.6330552323391506
-0.6882354278338122
-0.0695936765985359
-0.33171995106456964
-0.381882175120796
-0.31333301403085845
-0.709560416613905
-0.09475443549541751
-0.40733599468916915
-0.24574883211146328
-0.7506167916902856
-0.2233709474967327
-0.3606565342459362
-0.26908840897553804
-0.5179591458926911
-0.38485781791830637
-0.13709727722642936
-0.3618650247115056
-0.46368651666125515
-0.48410572517923356
-0.1554550776283577
-0.7382993835835805
-0.6929621631458688
-0.5450304467248088
-0.09627124870894477
-0.14749647712867175
-0.19420883156750565
-0.1535743126927467
-0.05064700623582515
-0.01510059776713509
-1.615641076117754
-0.15899536469006156
-0.41895311803818913
-0.8896785201245367
-0.3627205962706057
-0.17907362584505987
-0.16817541670081063
-0.5898192943382453
-0.423928271932823
-0.2832251738756895
-0.19526426642220363
-0.7042536078733974
-0.13686678915597772
-0.41740195381209394
-0.17563345535027589
-0.4232385690850151
-0.06881822927162931
-0.21306390083767232
-0.6270958220014412
-0.36471489877592167
-0.46564401188648347
-0.25043502555134484
-0.1660845836938986
-0.3400737743393165
-1.174486825693748
-1.1747676548337849
-0.16046707876957952
-0.06797531065069506
-0.46153450444014327
-0.804953683030882
-0.23909918675058983
-0.17198195637338773
-0.11664764588219138
-0.5107739191693587
-0.1424171372911284
-0.06545014879386392
-0.3356796201200189
-1.034730416130978
-0.40785255882074123
-0.40169148315642034
-0.19680753036445658
-0.6139650123659521
-0.5318586124069106
-1.0056600332378445
-0.6744109465138396
-0.07480024733638402
-0.22871919896363618
-0.2174950316188592
-0.1286646865800404
-0.3310915750345365
-0.2131395333386276
-0.15223062846740099
-0.9934791798392931
-0.2734044240264834
-1.0164895347968144
-0.41854348451276263
-0.09058820806783136
-0.3580128311037381
-0.8188399704204957
-0.24667975384982715
-0.13102747354423627
-0.384201482548703
-0.15730127105052816
-0.37629934618273964
-0.3121209075393381
-1.7686041556298733
-0.339856856054818
-0.19380401688153248
-0.657742620819287
-0.23014456863538726
-0.6957719325058861
-0.5234142896415842
-0.38926587421931746
-0.11728320251876583
-0.7898568617652018
-0.42381280405485694
-0.09990238876889634
-0.3991762689492394
-0.42362496010220796
-0.7860617552388551
-0.5431209364081345
-0.527812591877652
-0.055242279710280576
-0.39252403011050774
-0.13314294640182803
-0.5170577872645986
-1.0111338392956168
-0.4234905086758028
-1.2550625216829705
-0.23736892075268973
-1.5275738688082388
-0.09018436526513837
-0.18842020097387527
-0.47895258069602276
-0.07758306181312946
-0.8668090372210083
-0.4396818057502969
-0.2946545364920894
-0.9898657300536098
-0.3834488877822547
-0.9534619582496816
-0.46211648758911067
-0.1507759191300992
-0.2118249145407592
-0.0732156931265887
-0.1990760766164385
-0.9317511919597007
-0.5196753755223075
-0.06218747057937435
-0.22801014579149112
-0.2698474537353377
-0.46088211849765404
-0.24173317262007596
-0.10774291331806714
-0.6537069957306206
-0.20262510872826547
-1.0260982648116945
-0.13196746399849613
-0.5193272354713625
-0.2738345476308268
-0.2241764327096013
-0.29472659481518804
-0.09494599223654361
-0.928428292128956
-0.3005756710078799
-0.07529350001321043
-0.5152071186617427
-0.11468127557236585
-0.39801293006752636
-0.0013803992271732568
-0.24944203279748803
-0.2559390814507323
-0.49001831738860346
-0.07708458668390802
-0.19965857982256588
-0.5645163296034661
-0.21773573408427183
-0.26704644350044104
-0.2879023869521916
-0.2484358753027968
-0.6975704592943834
-0.18204765405213
-0.6745055858180942
-0.300958645970603
-0.3589971206016765
-0.2084029021740399
-0.6141192102440447
-0.10801301923493156
-0.43367775232123945
-0.08443874515216976
-0.6981933649868055
-0.5893187366425992
-0.24385433165459997
-0.3891174445684133
-0.42910360399400815
-0.26967123768473455
-0.2723404720655809
-0.38605219628181087
-1.192187343067157
-0.41520347305893
-1.151124209305029
-0.40823165883193724
-0.03459145046248783
-0.38123158844547805
-0.029325883835554123
-0.4660995334068668
-0.8738155034807278
-0.5822689065296598
-0.5293098329815621
-0.17271167221819764
-0.40930550996260234
-0.798948536195212
-0.22125294313248864
-0.1524604200529211
-0.2722250145340116
-0.45015348828686885
-2.6934068351984024
-0.9045422800717926
-0.5724398364655857
-0.5082337197037405
-0.5845417151648084
-0.8289988395172259
-0.35749629628973406
-0.5758534938017524
-0.43904724266603806
-0.4212561673735359
-0.5641226079713798
-0.4516855590045452
-3.107863807119429
-0.17811427272230362
-0.2979170989375234
-0.7265426794095956
-0.42035722953929167
-0.44566042203077816
-1.1019655310546543
-0.5146820341726652
-0.03595566749572754
-0.09041004273693229
-0.26995227405165373
-0.1683034540635123
-1.0534237159724096
-0.37054994250977985
-0.5735476638509681
-0.7806626062312716
-0.3862352064726211
-0.3012631933192357
-0.6506487751419627
-0.2108644122169339
-0.34630087766303264
-0.4810191808101649
-0.7198346356550852
-0.06247819192212774
-0.2857307968767021
-0.47033833096866146
-0.38328974653435327
-0.792275128574411
-0.6521904891952309
-0.4413632912542198
-0.312262990993986
-0.5438409734415472
-0.18501518141001724
-0.2992797859370776
-0.058075650449609384
-0.07739810946695798
-0.4676963745559744
-0.4335527209171535
-0.1599464905531325
-0.6978849585417871
-0.43645920147243256
-0.2575042478142264
-0.662942010994518
-0.8979777925217867
-1.4086936301631654
-0.22995177585206925
-0.6268621280157406
-0.5509873539442196
-1.4063514845169265
-0.3299041773942817
-0.36824992610472407
-0.4070194592210759
-0.39430984348499415
-0.5808325933633439
-1.126495020063303
-0.29341989133579427
-0.5345697761866697
-1.0196755404245779
-0.3057223570209923
-0.6274078414191232
-0.3226666964921086
-0.8857507773985466
-0.5866450792271735
-0.8768570477953593
-0.3474070562546861
-0.9115204403503661
-1.1705793895070542
-0.5224407532806044
-2.3361396368347767
-0.2047085918840584
-0.22840072650069487
-0.0017336057680950034
-0.3262243415075666
-0.15532908667569245
-0.46885210014033873
-0.6301994536674101
-0.8557976887497792
-0.6796562851924959
-0.46976664846475036
-0.19900255939728595
-1.2678907722234727
-0.7572533504499006
-0.3304801329160264
-0.3395259844321397
-0.47709222436161425
-0.7311719044881215
-0.07994211521740495
-0.3578863520837331
-0.15389441665709974
-0.23506863795528135
-0.1798433061777886
-0.37036592728594164
-0.4730216068629589
-0.4254993727183319
-0.3057530421470195
-0.46913810605959344
-0.7352408296226511
-0.08712067312025543
-0.23297625544788994
-0.36073122760935805
-0.09998514184674907
-0.23788699287782947
-0.1502434804456243
-0.4001286096208787
-0.07670750698525808
-0.4482086754884583
-0.3816346567643541
-0.9055700223900549
-0.39969433409610894
-0.6034004313511435
-0.32383137031155745
-1.1256491900930996
-0.4725805737466241
-0.11097949446150324
-0.5233242335036314
-0.45601944385354043
-0.12198323659939499
-0.422061941764983
-0.41223179719716224
-0.2121210286107643
-0.20228598474311252
-0.1932372432008075
-0.9052388042636301
-1.6513719369346898
-0.33021026707420886
-0.3449658846595412
-0.5433175517550368
-1.4420990427068319
-0.47585921582612384
-0.29362649797894846
-0.4408195006997933
-0.1896813640519429
-0.2717811213667682
-0.11376291691849474
-0.32088979477033835
-1.3659789939592883
-0.669999878415611
-0.38280450097788515
-0.7898223613539167
-0.33213475519588587
-0.01573222130537033
-0.01907341368496418
-0.005664132069796324
-0.7638512817633749
-0.8218443249198754
-1.5473360294563463
-0.4229334570598191
-2.850360545945781
-0.27392339346876654
-0.14334741228867642
-0.4775104838809183
-0.5554805766324058
-0.13203989910081354
-0.6357095252881033
-0.038218812590154506
-0.28159346533685375
-0.6300783043386764
-0.3558979596328711
-0.3099038588005049
-0.0496724746284171
-0.46761463048340246
-0.09075402303451915
-0.4380563226892765
-0.46533813881075636
-0.21150586814000386
-0.30056616796907665
-0.2724600355599212
-1.104153983235798
-0.31804253146674455
-0.991917643617775
-0.9623001329600811
-0.2090041936216249
-0.37648304598027
-0.22273128797090835
-0.8169520757745397
-0.4232753207957103
-0.23607207626464433
-0.4219782631820029
-0.1375991131308183
-0.3600746703182826
-0.06652141756785568
-0.2447668370313018
-0.4550972013759747
-0.06283546928316355
-0.6653071967716642
-0.3387248797595627
-0.5057072829951005
-1.109142111546524
-0.01816373225301504
-0.5178933471078463
-1.0363304508665399
-0.5630948770278683
-0.6037817484483093
-1.0892482432767185
-0.2133463307764032
-0.3952502665027437
-0.18717396984526202
-0.5507879327577636
-0.03713355553918518
-0.46762471345127105
-0.19207118825951078
-0.6655279944337573
-0.5697008470447145
-0.11703543463372626
-1.0888583329534445
-0.06750982048342022
-0.3425821816353538
-0.4083078542857298
-0.23720281710972668
-0.4027921667754487
-0.5084352444494774
-0.16187694582622497
-0.3877921505442373
-0.6483534178630515
-0.33145066561782305
-0.856713148655347
-0.06227520598596519
-0.2121869727066951
-0.46035854478941474
-0.9169842543014965
-0.11598160281897031
-0.11193807461194183
-0.2116505629429513
-0.27965111261900283
-0.14446244723143942
-0.25899077750929994
-0.667817239060304
-0.7610696511708537
-0.4640672220072399
-0.7789950096256796
-0.36443160789141466
-0.30393340531873037
-0.5386393438836118
-0.7443597335512957
-0.4936112799916406
-0.6590328590632866
-0.4449742458449236
-0.47965954584481096
-0.5187110087917972
-0.15786365875028424
-0.36117819565905457
-0.023224996868520975
-0.5162611119952129
-0.005968547620341269
-0.2965862081692605
-0.30525764680587597
-0.15665420710502076
-0.1500642713187647
-0.674727828990269
-0.8261156548299672
-0.14063989855349063
-0.2533719951588864
-0.21565338928867278
-0.10280453544692136
-0.4568620343353056
-0.5488469890551642
-0.7286185964844013
-0.34995074798459125
-0.6304624700278509
-1.2084671498897175
-0.7799973259998296
-0.5109156035562137
-0.15440399713816078
-0.19893854344234735
-0.6768593630742823
-0.6949948637886791
-0.877717695164227
-0.08789537663535847
-0.3389717527431706
-1.7692403037633215
-0.5890807294730015
-0.18457874244112255
-0.5795775361402775
-0.18025063224812046
-0.28521808670154103
-0.338879306580235
-0.7251420145234748
-0.3292300180511864
-0.96679136660688
-0.40432335808873177
-0.20611918702343246
-0.8066284721466078
-0.23229119059775863
-0.29328323914614884
-1.0814387134429966
-0.684363774172703
-0.42476839765618024
-0.1696405566159361
-0.7963259327593732
-1.0488764406419995
-0.2029677731488639
-0.6858946399166338
-0.3776762659445012
-0.1883229001643182
-0.8182508215151798
-0.007501246256288141
-0.4613738144006675
-0.6154103580463145
-1.0242289347729399
-0.033505550022549443
-0.4034859103788767
-0.24147076250309232
-0.8618145239930267
-0.6248928387843383
-0.18079084509263443
-0.3663488235324621
-0.38013795775286446
-0.976919159944373
-0.14532636733711116
-0.9281866358250852
-0.48137873053178737
-0.2441828071311482
-0.17883731235197048
-0.8183891267427926
-0.13549315820263905
-0.3609791115201612
-0.3621176775236563
-0.2711463831171083
-0.6998291297024681
-0.07968026512545683
-0.17142341028242794
-0.6010294639982653
-0.8279472646069664
-0.23183429413911655
-0.17455751783060036
-0.18897767236830987
-0.24276463871889903
-0.29621470680943757
-0.3598803768851212
-0.18169769521943058
-0.44250097331798316
-0.2745841729833046
-0.4742356389221571
-0.5552145297711831
-0.2381762976827607
-0.1232604122632481
-0.4121172532237064
-0.23093352567016626
-0.25759961559171124
-0.5552117522542436
-0.26120988903444825
-0.22748694227084343
-0.15238998723237224
-0.6303610923623637
-0.2835027501595332
-0.3188352300558108
-0.6500171901975323
-0.4748254942070768
-0.49857789671023056
-0.0671046560992506
-0.17264368026800575
-0.19504096177018124
-0.6281891798503239
-0.13128714264309696
-0.24415072449012365
-1.0149408852630586
-0.23230215287210945
-0.4766927121247757
-0.6878430094439485
-0.4229900960535815
-0.2747054975479841
-0.31027768835729846
-0.3218943083011254
-0.20881254962536
-0.1720635558158392
-0.7657647039151405
-0.12370598469066443
-0.39265705606885604
-0.45655135967538174
-1.1363465475816545
-0.9402667940626593
-0.1501244557568498
-0.18290585389149783
-0.30626605027276627
-0.04368798443738342
-2.431858316063881
-0.2195673018532034
-0.310480760437915
-0.3097553834683752
-0.49997679614607476
-0.6727738355887096
-0.7806265005499426
-2.566608676686883
-0.4302383026330432
-0.27235745062090927
-0.27706201912808054
-0.5570483009930235
-0.44567979580169775
-0.7285577093829387
-0.346944653429091
-0.12734580290063086
-0.1588587308914222
-0.6502683153682339
-0.5225370677868497
-0.7219489051283083
-0.6531370708973554
-0.18456238747381287
-0.744947619364731
-0.34433482437599167
-0.06456371507303109
-0.12966180845614872
-0.243286805064682
-0.3280476262184998
-0.1889818789040267
-0.5273262368114956
-0.46159688557478756
-0.019205331802368164
-0.6056885718659032
-0.8078567904607553
-0.7105842783361864
-0.7965512637971327
-0.3640187927003353
-0.244501084378307
-0.41155554505296876
-1.0187487279174092
-0.21447878457893238
-0.10926898407160479
-0.437416306783619
-0.25745336840807265
-0.33547433646645813
-0.2998761680931352
-0.5600489272048772
-0.3618240771868614
-0.28892193397587107
-0.3222699091690682
-0.19451539993090963
-0.39142875330031124
-0.4932527409353996
-0.41069767330352785
-0.276301607883502
-0.21286896100350028
-0.41749999007879524
-0.6035587957184068
-0.1581103022944919
-0.6164413869809251
-0.41534728790394065
-0.2361580257739451
-0.12894597138683822
-0.7222551294185501
-1.050261815189443
-0.18854119664382035
-0.17113090453131008
-0.24256589937277795
-0.32032392788607755
-0.23709096556647088
-0.15084018054965947
-0.2561978452159324
-0.10613643279470529
-0.6540708900196478
-0.2605484166712043
-0.47310241595592883
-0.4069049089755156
-0.1551238807748708
-0.15041859086804835
-0.2375775046447026
-0.43488485532296794
-0.23008166213548975
-0.26573940917333777
-0.12363302462617867
-0.8192553398851791
-0.6250668019844116
-0.07463013552015499
-0.11272694620004131
-0.8866288961847507
-0.5244329147957442
-0.23974027625439476
-0.382162947942561
-0.09640946897561661
-0.25160422993576503
-0.08634896230657318
-0.2670075875028468
-0.5805979301659363
-0.669165979361135
-0.2882857020808842
-0.15866854691156615
-0.4803192431129825
-0.37276838493955894
-0.48603382456764976
-0.4898129708926239
-0.012538761831820011
-0.882482071139488
-0.3681661887770436
-0.6236281802357553
-0.5716922133499338
-0.3973331078459523
-0.3449844835687145
-0.17541283470601146
-0.8790283455173873
-0.21108383125957794
-0.3682739189537945
-0.1323527458624747
-0.302549530984497
-0.9292427185732777
-0.3161865268161919
-0.5339735855231993
-0.3537454588976305
-0.42004677427198306
-0.43665511656301814
-0.15965760153640077
-0.03238801285624504
-0.2644294036163046
-0.008673880249261856
-0.1333745097360241
-0.6399353802825707
-1.1257238522957778
-0.24290819449210074
-0.28341339352934075
-0.18938807842524902
-0.15261976449013037
-0.7449619375656766
-0.3935835765209049
-0.016904574232914735
-0.580608134596423
-0.49551912412534876
-0.4779336001744344
-1.7075700042565587
-1.2591680048633582
-0.4148579661559779
-0.3886840507147473
-0.5513896302270951
-0.19164402310869635
-1.2063348842377308
-0.23085353729547933
-0.2017471533250791
-0.781610644964727
-0.022893366093436878
-0.010585432341031265
-0.42579813087513085
-0.30278495622152823
-0.9252130630126365
-0.6548505070381907
-0.1272852558132789
-0.6583228578851958
-0.3511321582857363
-0.6665367694692507
-0.2940266898531263
-0.6799285302942831
-0.49782279305245164
-0.2828494280817722
-0.6329110987135209
-0.6580105047246532
-0.2808798197846031
-1.4777546904945613
-0.18059124287335887
-0.22520776483400803
-0.1622191735610944
-0.5380958477118318
-0.21076243187508226
-0.1688072993179958
-2.6968881487846375
-0.23928285944787472
-0.07270607666578144
-0.3390717241007678
-0.46520663985172306
-0.5056104300064201
-0.2060979719649884
-0.39102247694634684
-0.10222450301880599
-0.11697668197302846
-0.3308803553215209
-0.40648264040126897
-0.09472124320927833
-0.14991870318044676
-0.14141567573980346
-0.02383146993815899
-0.48313122809035813
-0.5724340227090159
-0.19290827307850122
-0.33189713092023715
-0.19679610123178423
-0.28444954842151754
-0.3514026493696747
-0.1342674791434547
-0.41062348008543503
-0.20329337509493825
-1.2081906390062964
-0.09247601741952849
-0.4996162433895127
-0.5403607014484522
-0.7327102915555601
-0.44888974280149796
-0.3342587339483458
-0.3552590124667664
-0.571339816067036
-0.8849668088555821
-0.4565347461190307
-0.8808653738757736
-0.4172056568397559
-0.13658492565921027
-0.2614617226188979
-0.1928041520638241
-1.1036227406153558
-1.454638281808002
-0.33561140706328646
-0.21234803431434557
-0.15170105465809824
-0.5816354233925813
-0.8238970044327619
-0.34621033811769547
-1.6247629864788906
-0.9622434843318346
-0.29621469586377586
-0.13922534484172502
-0.19643966104301439
-0.9706820586515912
-0.2715521976351738
-0.35603604452626314
-0.2593800981328968
-0.4595655756296765
-0.05630813285747969
-0.19857652159427225
-0.23129010736194006
-0.45172513084108495
-0.949118374325432
-0.36826095949484927
-0.8015867507945587
-0.5012697454342762
-0.6131957507024468
-0.9978649747790769
-0.4742130706930376
-0.44958222804707476
-0.48651301809263714
-0.1853696887202694
-0.3696906949937609
-0.2926753449951518
-0.01588089019060135
-1.134844535299139
-0.23888340726489332
-0.5415888778035358
-0.306918055232245
-0.7618834319250406
-0.3835040659760125
-1.099041417085876
-0.41621188500430434
-0.17980493306638642
-0.011732594829254595
-0.3415003015228461
-0.7807486743404297
-0.43158427180133
-0.1486658027220983
-0.4103072577388957
-0.9250151437856221
-0.769851518663927
-0.37519301381558356
-0.11867641526623629
-0.6439437599503435
-0.5255648011955903
-0.97570995334622
-0.38333268619707644
-0.1367599712437368
-0.3235309986638458
-1.6744689143791522
-0.7796252083985564
-0.12459713532836596
-0.6253556327488877
-0.7692803670525149
-0.23791096115827612
-0.23280622160091297
-0.4618309539593091
-0.07680020131888074
-0.7307684635328341
-0.48186287930398064
-0.48638086225037114
-0.20104652596613837
-0.5291964134901608
-0.7357678055763245
-0.09415663034269528
-0.4841837312585579
-1.069604948013269
-1.5901870338251256
-1.187659462038937
-0.5236928736865272
-0.32333201228592273
-0.6248289236763412
-0.3306630426535169
-0.22924352940171958
-0.4555049227749875
-0.12415441352498131
-0.776450153524719
-0.14940951266908087
-0.15691351474997645
-0.6223353351718252
-0.05362867356764885
-0.43159207438085495
-0.2948358705788269
-0.3552068057767883
-0.16593855788669315
-0.6264465474625084
-0.4696351901682192
-0.08826207945821807
-0.2867663894815905
-0.4376709818185935
-0.6336909233996266
-0.4347144953555792
-0.34027664985515005
-0.20696176923725448
-0.16110121866844648
-0.4845144950805762
-0.37612780206732166
-0.3009144538634538
-0.1906914293754653
-0.7923251727834971
-0.3720301668072352
-0.887492169726371
-0.6119498993813726
-0.6239194072961816
-0.4500376673563551
-0.18666934361667448
-0.4657280258834362
-0.5612498247650924
-0.26377390988988336
-0.2145355887503456
-0.17513739046407864
-0.10697264854070454
-0.43289578925801975
-0.03554012273283055
-0.20182483797170264
-1.3010814029892737
-0.9383737397147343
-0.27954968495799093
-0.17098426287217686
-0.05088048901344874
-0.22414803936165129
-0.26708083647245073
-0.7642931228527652
-0.5812522780272047
-0.27802694028745195
-0.5959751921137013
-0.6423343018175426
-0.5846892545902207
-0.7542287849096788
-1.0379901731420043
-0.5347981436245592
-0.12695744522507085
-0.3329450272127967
-0.5864684754570113
-0.30903289481866525
-0.5230598234878638
-0.32456281272288123
-0.6027274823652988
-0.4408213774064825
-0.2107661356491377
-0.6070136709765801
-0.378854913149632
-0.30619977767641743
-0.6105389570248835
-0.46221162706351604
-0.7774553411743708
-0.07671663256931222
-0.3329295479751475
-0.13768559486034065
-0.18504871463954425
-0.15756253575172094
-0.38074336004319775
-0.09730310064514924
-0.03339458867776557
-0.28539426607653695
-0.348756350882104
-0.2058287484687753
-0.21027014893080404
-0.2660834393976529
-0.13837712993180112
-0.16797712922925712
-0.1782289833801604
-0.3766641663058635
-0.5810053763386046
-0.39018509291109266
-0.42886206524935916
-0.29415313630280643
-1.4350659600070987
-1.3136203087762826
-0.1335624587645725
-0.08875120602315292
-0.07328552096259955
-0.46460063885019953
-0.0579169147349603
-0.20571114921327383
-0.3536744734004363
-0.049955005532319775
-0.7765528563256695
-1.5054393170479063
-0.44150846436403096
-0.8503702029051697
-0.5748411819295143
-0.7362106351178227
-0.30075621838641003
-0.452708463188883
-1.2071994164623903
-0.5760952451985629
-0.3653435406105508
-0.5509666020207078
-0.7232258915119019
-1.2078182251716498
-0.34318545345902546
-0.15213818311458455
-0.3839672312318462
-0.2535850911954185
-0.3482995620135972
-0.5311751172916653
-0.34407359615311417
-0.8625921404633957
-0.35328381373242984
-0.1441365074706915
-0.25129145908365236
-0.5646732015161888
-0.26688202360164726
-0.48094440065324306
-0.4456041614253081
-0.60158654018378
-1.2536210296384525
-0.48295232708493896
-0.3398822078148669
-0.2200197264203532
-0.1527891047300823
-0.21231052631725333
-0.47041550104233043
-0.03814342990517616
-0.2354588123127022
-0.45560353635273015
-0.6244932805044555
-0.28166436343660245
-0.7347007932479149
-0.3352553467449643
-0.08610792675712478
-0.9607946029697944
-0.37748743595346407
-0.15919527963251312
-0.27677991865637824
-0.4516197815424675
-0.48275328605975826
-0.453892461551258
-0.42154092501366125
-0.1840066322212806
-0.15247825221781064
-0.4489682767786639
-0.2384323815345447
-1.2919803265623548
-0.6477624501130776
-0.1995951762437058
-0.4323629393733185
-0.1792658890250133
-0.8454235860092292
-0.3439771017484645
-0.38400706349888686
-0.2881451277877204
-0.770636852323013
-0.38996974313876737
-1.574401124378898
-0.41576588076886767
-0.35968747112392085
-0.5419459712607022
-0.41590796434482197
-0.48910365146399604
-0.36672598097698905
-0.24768352055920592
-0.4183152626389687
-0.129512686666349
-0.081546950964856
-0.6396817138855113
-0.12906537286362435
-0.16733049102820338
-0.5458186114583248
-0.3603901732105442
-0.3700297641018248
-0.5717830071826564
-0.06040352543035018
-0.8606187015790662
-0.4489825838327306
-0.3693943969862195
-0.024091478437185287
-0.12878129289413778
-0.6623889878454672
-0.49322037840235
-0.468683765046792
-0.16971195859726626
-0.5740888148944386
-1.857154442986939
-0.6575818443210059
-0.14714778736070003
-0.1878176718649601
-2.0844045281410217
-0.710733610437755
-0.44850132941784565
-0.33790907395921427
-1.1247576567276458
-0.3965152879018598
-0.24944139485331526
-0.02947983890771866
-0.7311114311011372
-0.5912464859356987
-0.3635817946406481
-1.9595607267692685
-0.38966603194109795
-0.08782506734132767
-0.19548323807757698
-0.7761642755045614
-0.48313472212344993
-0.6116122565102106
-0.22858667314447437
-0.13856550009067553
-0.07639546373353699
-0.4945996715105103
-0.5209403131278123
-0.43515354545078205
-0.35458203651407266
-0.12198315647322527
-0.6632919504918391
-0.59530978865223
-0.382109674414747
-0.6031348677482707
-0.710895091767833
-0.08124064613537571
-0.3973350857530704
-0.5896909186772331
-0.1527623588914139
-0.17483002618363033
-0.27896919628052275
-0.07304377731634304
-0.21364402451144998
-0.05621743583458283
-0.21268510543793834
-0.15276777261220154
-0.1951345149358041
-0.3908249251220089
-0.21469241090248528
-1.1855776536852187
-0.08836641302859789
-0.5564692832138292
-0.20993653586910196
-0.18418571794336458
-0.09203323586027384
-0.2024744293500611
-0.1595061687288156
-0.3698948084487461
-0.197854271636326
-0.3378842518637839
-0.3671300057726512
-0.2007975376123391
-0.4641036353454183
-0.5473109865391631
-0.4232309389026341
-1.1855776366636357
-0.08836637646927556
-0.5564692372300044
-1.1506941443078955
-0.07170488159560288
-1.9134762033848216
-0.1292923960754706
-0.7877371995174464
-0.2641793576734452
-1.1712602949369284
-1.6114964803894378
-1.1676162380775037
-0.347201561480772
-0.42842308803144785
-0.6559108158064798
-0.0817904338085403
-0.21796839843227644
-0.3284190483434335
-0.20000023286189617
-0.08209026340045966
-0.21139173635254757
-0.08605973428170315
-0.028905833916117746
-0.5485097033806772
-0.3668187232350636
-0.5419046200482547
-0.17454950156311635
-1.1543580728738514
-3.0824233073120317
-0.06155376894821529
-0.29835065779594805
-0.20762938924966953
-0.2867988659204457
-0.2516947870691573
-0.5574819255343755
-0.27598579572213566
-0.055255993411978205
-0.010596068578934137
-0.6418222528915204
-0.5078574807536954
-1.2105998949240198
-1.1927476649436812
-0.3067190454030424
-0.2313752249891877
-0.20960128595005598
-0.037608572747558355
-0.40057502893250785
-0.5874055774253065
-0.1689229172964891
-0.32835420934158416
-0.24912654521689215
-0.2268460139817421
-1.089431415272754
-0.14254451194522386
-0.44818728815880604
-0.6101859614080039
-0.281811876330039
-0.05837388648311306
-0.009964544107560869
-0.2988169063429185
-0.4243484800668375
-0.2346627335836859
-0.13609784004949474
-0.28848407420889544
-0.027332639321684837
-0.17911185996557227
-0.22780867031586882
-0.8630191495601994
-0.8706450715295172
-0.5817167592122132
-0.27653705007742246
-0.06001061350821146
-0.08178422624601248
-0.17781598014730093
-0.2592381214953524
-0.6529152459221955
-0.5081458789768826
-0.2155082621776663
-0.43140033367447306
-3.3658009050413966
-0.6538829754619135
-0.28083460208030636
-0.06316233863290108
-0.18932669724471224
-0.14417944382497203
-0.8762190270625235
-0.2945895598508147
-0.12938479859258223
-0.1607617265440745
-0.14865644156664834
-0.27383649167604746
-0.16001114844827194
-0.48321927354727984
-0.0710076152343504
-0.3851883114861078
-0.2858699563731211
-0.6804717853791099
-0.6030909130890753
-0.3936519224222138
-0.16821977010234454
-0.17014685168232974
-0.05725058970877357
-0.11936351697283953
-0.357282558200826
-1.6442801722167881
-2.2965073981916553
-0.16739775823830785
-0.3364685579522302
-0.3590450859330921
-0.12298925263872834
-0.27599245320824495
-0.576284204657289
-1.1662185906420095
-0.6506487544898846
-0.06325553482444816
-0.0899981718230265
-1.0118307226032033
-0.17437286214140735
-0.45921513157993427
-0.003481255887891166
-0.14221664874341497
-0.6044951378846437
-0.5463644683768507
-0.07560982578566143
-0.23794524778120377
-0.29513356542447583
-0.7224146944691711
-0.8738154598166668
-0.5822688146423994
-0.15274723606598856
-0.06321470353630461
-0.11339503241379134
-0.810015637718152
-0.10717532469931773
-0.23148891812009728
-0.7829640880162414
-0.4757168989106669
-0.45358170499431955
-0.02790433168411255
-0.4012776878284967
-0.14402778471103375
-0.19633546986617034
-0.7526025875129108
-0.20383834113885382
-0.33564423080630756
-0.15238018932723207
-0.8645077828467558
-0.13813629901315236
-0.3309083489457225
-0.09212414838646055
-0.8222357881766129
-0.07751155952993079
-0.19993845708692484
-0.7446325389787994
-0.28869403910888153
-0.49722980665840927
-0.9477011248984907
-0.5909175838320758
-0.14830570516405714
-0.06216325442471771
-0.10515092375703716
-0.8046891805311134
-0.383151365815138
-0.1461388313910902
-0.4573683124035597
-0.3145417076146259
-0.30268208473272046
-4.992840488751729
-0.0638895522319558
-0.3927441192727875
-1.9492198304117967
-0.6375147227028921
-0.6006358113050737
-0.1781645670355994
-1.6346414983272552
-0.37537897849382384
-0.200185823267335
-0.18518428830745842
-0.6843771688621928
-0.5577117006360697
-0.8415899484643887
-1.710936821032495
-0.8582102821528679
-0.2975248151640244
-0.695680181715943
-0.42074993759791446
-0.725883385364961
-0.18018279433930728
-1.1509727586203553
-1.2585429173656546
-0.17673438351835102
-0.7751867144466814
-0.5095505919554218
-0.3068480337042274
-0.05255225347355008
-0.21575271886392397
-0.35116068196501465
-0.23173191858255782
-0.2980725764852347
-0.2942112904929546
-1.0733689938982327
-0.491154610534295
-0.8350632311984165
-0.3856203840537505
-0.21083416590554407
-0.030604898929595947
-1.6742255989775003
-0.1581241256142014
-1.0155091524745028
-0.31865473918835396
-0.1605451724745446
-0.3938523126376276
-0.5524994006806019
-0.04395922260785786
-0.14149383595213294
-0.1822788926027291
-0.36583245030169564
-1.075826884938309
-0.5690793246030807
-0.5571076726871524
-1.1178156082848243
-0.6058088697730758
-0.34973220110844927
-0.42826402774941624
-0.04594541479253149
-0.43508622986882983
-0.48074764774444323
-0.0879219142079819
-0.5465569481587712
-0.2088479055884914
-0.05840785822378859
-0.22464116488117725
-0.14724054760501365
-0.19052019529016723
-0.09358269219956128
-0.19032650557048988
-0.10384185211195371
-0.22845419348712312
-0.25177400836077546
-0.42778176306837457
-0.49104148972300266
-0.47000232517137575
-0.6793714687116031
-0.9428600620470077
-0.09051457867735735
-0.3735492359347461
-1.2573368027806282
-0.48746111804627745
-1.0200790388745797
-0.43994343479668413
-0.09726790059929565
-0.10085751468224251
-0.7405099048212703
-1.147063543399175
-0.4105869012746157
-0.18520219305086674
-1.0785421343534836
-0.4740537801912004
-0.06127044997256235
-0.5746998839978394
-0.5195228915368716
-0.4628797764889896
-0.4782598951790078
-0.645959461061284
-0.1500566010508919
-0.737524090108181
-0.39598564027782673
-0.0922487164994631
-0.4909360469551757
-0.6021780207832178
-0.545768817435158
-0.2335998961345922
-0.1622694780198799
-1.0467738483674442
-0.37986884066554516
-2.6547554566932376
-0.18705713279850897
-0.29889669095670496
-0.35107770796638454
-0.6259598981382118
-0.7884443311304494
-0.3932283590186423
-0.31105572674181936
-0.5418522526272094
-0.2123750727544327
-0.23749783873996486
-0.5688987402621094
-1.215333268046379
-0.2893380933974565
-0.3545431633192493
-0.5247075419484872
-0.15414055097507015
-0.4742014448253361
-0.13342032371729146
-0.880401291315177
-0.7400885039103845
-0.2239730545000963
-0.0730674677829989
-1.9454819425757575
-0.15438969098759117
-0.06447196816374014
-0.13016332370079908
-0.13831455291862463
-0.25795656817003226
-0.483220533336862
-0.7129584166702573
-0.12701333942459314
-0.21665631724559004
-0.3871994247303384
-0.15424479199646157
-0.31360954004048835
-0.28834940372391316
-0.8532136877280815
-0.5012219402102346
-0.2553630504659168
-1.6277184560603928
-0.3491890243464392
-0.29627257678242
-1.8006885701013908
-0.4218153577750335
-0.24356431226690553
-3.479983444724764
-0.4595708430526429
-0.37087638326593153
-0.4837471324019134
-0.17055112259402663
-0.20116955797554206
-0.7458337964424371
-0.44979147325456753
-0.42906026506820555
-0.9384555554996461
-0.10330705420104398
-0.7922348560920606
-0.7245745813367345
-0.38093168193842075
-0.2705357821245603
-0.30786219127476216
-0.19277536221488845
-0.18185521128907567
-0.1597427755082208
-0.24399592373853618
-0.4548641997243976
-0.20261129305193512
-0.4563023486716702
-0.15672866438053462
-0.19055098015792282
-0.3479973720372632
-0.6129345734437017
-0.31942037454075783
-0.1239958443796384
-0.2762682407388322
-0.45130750433076
-0.8944474929968627
-0.3161140934892842
-0.051217581298611876
-0.5285553678229061
-0.2403624409538073
-0.2330863269568864
-0.22519316357001118
-0.4799198488638337
-0.4119836783517157
-0.3406034444137236
-0.7244680784690651
-0.6150229576241503
-0.13225550894219787
-0.16897919558211547
-0.4057687388131377
-0.09345454675180268
-0.8550494475768775
-0.5455165523430332
-0.5328452183197498
-0.27401461116417636
-0.17953671151924883
-0.4561674899799112
-0.2683523364102257
-0.5840213544812286
-0.32363132013432505
-0.3395273095801612
-0.1438162378193331
-0.4825822436758884
-0.44642165988486393
-0.09646566902466432
-0.49609843187386105
-0.5272684913566081
-0.06130613699825848
-0.5999606292727451
-0.11306736708211247
-1.5337848286408189
-0.37600330799735576
-0.33792369597664984
-0.1047871184524638
-0.06693608181764527
-0.8787484503492513
-0.6740177189775649
-0.5654955054404127
-0.1916911436601574
-1.6239084303379059
-0.364284965149742
-0.6171943271512226
-0.23054360510407595
-0.2281881048559063
-0.14089546112356605
-0.08775871080057793
-0.43488672630303427
-1.018488756652611
-0.1881287465740056
-0.46575056501947426
-0.4717398566681368
-0.8881103042567697
-0.18817495490875444
-0.41179419934314865
-0.2777239202244246
-0.1887164617684383
-0.16525875370837942
-0.4523725374662966
-0.1600085512115333
-0.15021576865449157
-0.20033785660088574
-0.21040053228596428
-0.519480628968897
-0.4467865096462731
-0.6143249242382948
-2.9076257245196757
-0.19687981413754524
-0.30164606340876826
-0.5642672423804866
-0.3488347908648728
-0.501594389724752
-1.052633497867646
-0.9141571801945767
-0.3959820850074969
-0.5819092925630684
-0.17630088628266094
-0.48290301789931717
-0.22432623973327281
-0.12287376734679532
-0.3618595710351521
-0.17667355277584507
-0.2044384463278113
-0.4379572393765037
-0.36926268151553815
-0.19227157914133386
-0.019791436985867352
-0.188850108646964
-0.1218347642570734
-0.4427835484048581
-0.6413795638834034
-0.23027100660005495
-0.8279334631577513
-0.14369783545615583
-0.8738155045617272
-0.5822688609987381
-0.15028405372631823
-0.18132399527361154
-0.3543345204817482
-0.6248083365160431
-0.23398141726466384
-0.25503076066611574
-0.13270141188533874
-0.10127232302374978
-0.7196059146224701
-0.5886444188663913
-0.6819486583355263
-0.4978764370771387
-0.8751696647186686
-0.26577954465574294
-1.1231138104298484
-1.1747674925766962
-0.14068281058171123
-0.35013350392432585
-0.6372001498836782
-0.25994820486879083
-0.1420467849202396
-0.404452307298818
-0.6138776571679045
-0.30494716452916953
-0.3736429335800949
-0.12769119331122575
-0.32436782368079714
-0.16520175695487946
-0.27490706428304745
-3.4276124661167464
-0.3558162821200976
-0.22076493368087158
-0.2392986049875617
-0.09964145455918663
-0.25717436989015413
-0.40886485823170915
-0.21898644328071926
-0.28771718413199776
-1.2214391215072413
-0.4925087788458768
-0.4358323670489881
-0.09637274627311854
-0.4629038403660228
-0.23826620363394113
-0.34723314868718563
-0.041160526452586055
-0.5555190539828465
-0.265038366963078
-1.1147294846741715
-0.10526767077058707
-0.07356457766223395
-0.3624400838123984
-0.1796387301179921
-0.5850696887512498
-0.2027319215326965
-0.41515206739637595
-0.5757593314046971
-1.341021569784581
-0.15781162992752798
-0.7516605902683295
-0.46147016267825264
-0.1578605381138914
-0.23114259124486125
-0.3299222706696633
-0.31563454905553956
-0.26609757541725937
-0.4338629523636408
-0.3465743207663761
-0.6336322979750548
-0.4022225462401063
-0.3585865054457078
-0.7185632619106896
-0.37988574188481533
-2.1978882536495803
-0.34760751188514405
-0.009928671527859478
-0.21422455954130523
-0.18513225353284646
-0.18401136301690713
-0.12834363005831584
-1.0967463435408717
-0.32912580142122655
-0.12587333918483118
-0.3970250244232716
-0.05491268282712554
-0.0212219450622797
-0.09240815394774962
-0.4792076688327749
-0.19887531622130747
-0.03409488413512918
-0.06691308836789608
-0.3429250044613986
-0.8258624205399039
-0.2997590505692642
-0.8595543224563909
-0.08937175619162603
-0.6761842512008885
-0.08687888302195763
-0.032138476902420936
-0.798675931312015
-0.14479880817650934
-0.3525807829932496
-0.3651176760147984
-0.10793458615346306
-0.2180166128117972
-0.5751662211958319
-2.05287884122559
-0.26501066365163495
-0.5239227855057607
-0.14652170510130832
-0.1403692763704417
-0.0824861119617708
-0.23911685781803904
-0.3823463013437244
-0.22536934082559887
-0.5933195154893838
-0.4840002124343907
-0.4183201006312629
-0.19679614842230173
-0.08741899307199713
-0.05802953698040416
-0.5114512964152566
-0.8271918690638813
-0.379952446033051
-0.3787691312630462
-0.3332497344946695
-0.9843644144545708
-0.5734157071900781
-0.18825271015469464
-0.27428292665651743
-0.26086512416507257
-0.09554576572863879
-0.14106791972960006
-0.019650312140583992
-0.6010865270897435
-0.19886648784981495
-0.9020235532853721
-0.44492223148927224
-0.5465871896594763
-0.3453641303276527
-0.21524778807420733
-0.06658808263168794
-0.5138811191057661
-0.14352209301356803
-0.16442210443632577
-0.5614243818514902
-0.38589028981945933
-0.34768276734601905
-0.01392933601164259
-0.5253788742993493
-0.6939571917948207
-0.2168093085865001
-0.4549934206612306
-0.3929996969023445
-0.4717024016168807
-0.5089301419407443
-0.22312649807588514
-0.0670935330772202
-0.39618103489010537
-0.2591527170035235
-0.38546553662256755
-0.26509454052924813
-0.7905221023664213
-0.7305227345973633
-0.6811892692419764
-0.05503961199065088
-0.266736155814466
-0.3589430674193344
-0.5351580607587755
-0.25174118016660335
-0.5622749542817473
-0.8786192297226411
-1.436376458646555
-0.1971558241105165
-0.7509391791494769
-0.48273314232525877
-0.20529792639632027
-0.09465141261462122
-0.5030062193732605
-0.7926405398863607
-0.18292440104625712
-1.8955163369662063
-0.430449859301133
-0.2156776172184891
-1.2274485220631404
-0.1576664603780955
-0.24433336550877852
-0.1020561008794175
-0.2884923455804871
-0.4201252364092887
-0.08228879093142248
-0.0318647710090166
-0.035718970000743866
-0.11712220853951294
-0.13922534544056026
-0.5475540502097829
-0.21418668175393968
-0.3745669082580559
-0.3054020454728743
-0.20037511586063061
-0.26181016720015576
-0.10311017936328426
-0.09849815302327948
-0.26295172148287144
-0.27240126384131147
-0.42004949358136706
-0.7372099683943816
-0.7230962393810981
-0.46987975035917773
-0.09410231057197714
-0.9005031033660859
-0.1103508206883403
-0.30424754954377503
-0.6800792687123476
-0.23814774911536082
-1.0668163454018733
-1.147030675146703
-0.34598982260409217
-0.14907496381583768
-0.4073155966234481
-1.604074517885844
-0.5704245859937752
-1.2477188150930618
-0.14582621804517906
-0.2750665333730285
-1.1231333285882101
-0.16584748369400587
-0.1967001048773227
-0.8435410112142563
-0.2081370492770152
-0.51238643550217
-0.4064629009714649
-0.09401844492146795
-0.295475693885237
-1.0655504111022713
-0.5652064397967479
-0.4006555043717143
-0.7223664178931027
-0.4218506321978696
-0.5988413881602285
-0.6363289494501342
-3.0187292098659477
-0.4476388709568469
-0.04184450035338827
-0.1492052073797822
-0.21151012617922266
-0.31562542157973017
-1.3252723813056946
-0.449658579534466
-0.35123380611780214
-0.6619203877955897
-0.2648425649329676
-0.8615264658562864
-0.4882932843288472
-0.1608630526579173
-0.4663865127347569
-0.39817434663170087
-0.7299280489262726
-0.397875349738487
-0.07889567820257071
-0.06813969888472374
-0.1893507594350408
-0.16849436805811516
-0.15575658665127573
-0.5353189155359056
-1.0461952742211555
-0.6013345337036299
-0.42837215631144926
-0.6043511852428006
-0.3148509312201592
-0.34755542301015585
-1.4510476666677277
-0.1840023605072929
-0.14356775784010375
-0.421082801015973
-0.2131002097608611
-0.8289219971689125
-1.8955163369662063
-0.5795775680101846
-0.18025077068710454
-0.22003143098188754
-0.22942691079664324
-0.13792173323467563
-0.5629715036685037
-0.02084176056087017
-1.7569871396782608
-0.2425550521009427
-0.07224430133046553
-0.34848964000945093
-0.10851156944432738
-0.4109949472882442
-0.38281166838714853
-1.1724864290497083
-0.1845385262797663
-0.0753329060773788
-0.08771459431145559
-0.3898370693137167
-0.19019920330902096
-0.34526886420720376
-0.600135052265862
-0.924941244439348
-2.5261139656455875
-0.12600950483174528
-0.26473792324153084
-0.3959976355885471
-0.1365181944389323
-0.23399118426742133
-0.3097191935668745
-0.3370222893528876
-0.0505110537942528
-0.954297386231095
-0.22112111608223964
-0.609761513422086
-0.48623730247858377
-0.6813832312306788
-0.7515466208091716
-1.3205330989633997
-0.19138292435966583
-0.20658769525737494
-0.18139528787261433
-0.4168152280565534
-0.20338616933015147
-0.10764735717748408
-0.16510314047754945
-0.3717334448800362
-0.4432322523091671
-0.9268729392206296
-0.07619869122509045
-0.516051668133254
-1.0835468469682383
-0.36544350085023325
-2.7925593212712556
-0.1253401683865377
-0.29929887612039846
-0.37383602077371086
-1.1490839429815034
-0.33690189473822507
-0.2904754650196992
-0.3347322603284637
-0.097504870482832
-0.34671145843685736
-0.11552723820580013
-0.23346352854580094
-0.4640401700493915
-0.24760416450388426
-1.4598504982190206
-0.7330457527107228
-0.3914572068449868
-0.21141228959674696
-0.1757644101567816
-0.09817895931129376
-0.08737414365948228
-0.10949985358699148
-2.084998555481434
-0.06276438386425741
-0.9389816203942106
-0.3892351006543322
-0.04616943314904347
-0.12171989500856815
-1.6222978686899296
-0.1723414217827985
-0.181736107416172
-0.15739356737363283
-0.48299421676660537
-0.1601957754758824
-1.7368712599078815
-0.33604513380689444
-1.3450407888032232
-0.4083940439357407
-0.423551085212542
-0.8357107936200237
-0.4366456058944658
-0.20101550346444128
-0.19041899402224194
-0.06383806584926788
-0.43945896796067246
-2.3036087919026613
-0.4051689597863221
-0.21763467835990014
-0.5470142210090542
-0.3204723555758796
-0.08141694622454884
-0.3868642121762807
-0.20489820944825018
-0.13053814243409892
-0.17713205199688672
-1.6746440164461092
-0.6729396738963643
-0.38169308698399584
-0.0884133596002637
-0.36920960449697304
-0.21956085412687873
-0.2045244550030879
-0.6983403155269722
-0.2281775189210748
-0.28347347884538854
-0.31155407887539693
-0.3526662523985351
-0.47779941582120955
-0.5749485670342958
-0.6425636362517253
-1.0323231888736093
-0.61529106166563
-0.15554335094004107
-1.0053054266609251
-0.40151286791115126
-0.6701284878266355
-1.1537603275168553
-1.3541253564310156
-0.12737049928400665
-0.3262105567695184
-0.4081168166453806
-0.5504528632591246
-0.3792813403537287
-0.5313378826455601
-0.08419772822052589
-0.8384717407919068
-0.19866526205587434
-0.06687898711080917
-0.3418938294572172
-0.2532274925033562
-0.4175486035655295
-0.1300534681499509
-0.30702502710541274
-0.07568446796600863
-0.5784916828611398
-0.06521156122554572
-0.49122570044294533
-0.4293037763390679
-0.9584560946045713
-0.22598907397530804
-0.21770696248859167
-0.2265619836526596
-0.3927189373536511
-0.1412256299474932
-0.07327023417747114
-0.3857802938983923
-0.3728334333658755
-0.21286514696354666
-0.31239986470695036
-0.6821563986789746
-0.42784495307049447
-0.4736572929607064
-0.12409628151921094
-0.1392750145523678
-0.4932157518924214
-0.6646724726563207
-0.4539970902080634
-0.15028416923960322
-0.5290744619342149
-0.30777219815867923
-0.4709506374884685
-1.9593294320366113
-1.1677491111596199
-1.1402512000462997
-0.1732225450223268
-0.6622556548170704
-0.3719695845645257
-0.5082853288909064
-0.1653623541285924
-0.5313630413086988
-0.36634836369421464
-0.15223473621563244
-0.18974814560675035
-0.09076106859792445
-3.093666011467576
-0.13126645694460926
-0.44358325872604515
-0.2361418155632388
-0.18984830605287092
-0.6256719005807778
-0.03429991751909256
-0.16388547601272876
-0.26423415026072233
-0.8254649742642263
-0.3779825629274937
-0.09636174205603412
-0.36005745529993355
-0.4773198697893991
-0.4965478850946751
-0.5737470518510142
-0.45412204896225644
-0.38557411926841967
-0.11003119027260427
-0.47110994956619834
-0.3110067981760949
-0.8575564190983781
-0.49877636740096093
-0.17426626061737457
-0.3095507984912461
-0.842813509205007
-0.07686996586215339
-0.4401346571918111
-0.2299389396287518
-0.8631395344484851
-0.09610320071815674
-0.24270226939282752
-0.2370102177684828
-0.9927755855023861
-0.3721089284180279
-0.25705707811374107
-0.11984020805503741
-1.0469604912123704
-0.05935320847202093
-0.42828612193613935
-0.7812487011958312
-0.411348861453007
-0.0965733835625377
-0.6074939472898819
-0.5497757680020722
-1.8419644930399954
-0.14656071619810973
-0.16306403503085676
-0.07919103127096605
-0.1659751465125737
-0.21767439238360217
-1.2899832379844156
-0.605674942260925
-0.49926818578052234
-0.18618426701464663
-0.21465926650514466
-0.1649946228662264
-0.2910525089281643
-0.6645305441996925
-0.29033448080523766
-2.419217512011528
-0.39488765335363496
-0.2973007912547863
-0.15633202252593037
-0.8399221938383389
-0.47331279860645736
-0.40942935437813976
-0.20146107622359624
-0.6489042666507885
-0.2403109205031883
-0.11312734767125221
-1.3853127866103832
-0.3762515273735687
-0.6159141511611366
-0.4911725293904965
-0.5242888512768331
-0.32282829728986445
-0.11195624981557255
-0.17173684334189993
-0.44671069358514615
-0.595056939956766
-0.554771878584385
-0.07104755334408505
-0.13494605496186654
-0.7190306660473545
-0.19800262151458062
-0.4875890709063242
-0.14836224560458505
-0.15001728206017664
-0.32611301800527925
-0.008993318537250161
-0.2435073113165319
-0.540051137639704
-0.8860264184574286
-0.17759295726849617
-0.0638846862830178
-1.6498413197671955
-1.5227293695982855
-0.18575204225102093
-0.15782351084089896
-0.7193276231813192
-0.07090322404369195
-0.18007236755415257
-0.02074018307030201
-0.14359425283548524
-0.2868858747882769
-0.3645252495731449
-0.2265996242441242
-0.8451446154480933
-1.2568161346346394
-1.5339814513048622
-0.9317186802135049
-0.09637020920335464
-0.4118593083527561
-0.15166654375331168
-0.6374808922224929
-0.321836725219381
-1.487456366730233
-0.4085259278429021
-0.2674093467211302
-0.4075765110646072
-0.28427336109109547
-0.44922107974940445
-0.1764443060803015
-0.11316334372997972
-0.38357621159681504
-0.5475229268642781
-0.02730920910835266
-0.33271218383415335
-0.8603307486036499
-0.7924952079252762
-1.3147155871817329
-0.03426883865540731
-0.43541966996351467
-0.5395862813777057
-0.7705615322997296
-0.550695170937688
-0.202511513521434
-0.33318568873882115
-0.3652198521794465
-0.26013897549634446
-0.39261644947483937
-0.572903891540461
-0.9306361427464124
-0.3023591563105583
-0.15519259642152258
-0.7196076492967904
-0.2775519656848205
-0.3871136864365636
-0.23472861935854578
-0.1769948802262661
-0.7354049048076514
-0.5628457693848758
-0.04775374848395586
-0.5185816729082338
-0.4842140631035363
-0.7372470915173757
-0.5626497754364469
-0.6912463824119186
-0.2403541941155345
-0.37554866177694446
-0.42486250494684574
-0.8423030279175995
-0.5556788343870596
-0.8400836444048108
-0.4754545483738184
-1.2434306201757863
-0.505850634430177
-0.3970851444767504
-0.14675311270366365
-0.15361125714611668
-0.23277917155670366
-0.03342545105260797
-0.31950847664711546
-0.4850055484144832
-0.05941175764205907
-0.22167586338185752
-0.49943693440374254
-0.281602932849637
-0.34889192667742835
-0.1631087412028552
-0.20199718136034556
-0.5720950301611083
-0.12662027552644423
-0.19031812548356747
-2.2426309536676854
-1.5660149976611137
-0.3032908207806005
-0.21220698322425355
-0.6766102149208564
-0.058522067408262046
-0.22556633727914838
-0.2998746531081811
-0.4931701803675837
-0.35375720895106844
-0.07263373887882255
-0.7314944742317493
-0.011090150568634272
-0.02325411030324176
-0.016678424304700457
-0.005409152230380901
-0.07958544093500157
-1.0072754355829343
-0.21043896132578083
-0.0643336549556104
-0.7402516412631182
-0.12835183146162307
-0.3722367359073987
-0.4515424550571121
-0.3893124938606109
-0.027235253039179952
-0.4659564568063009
-0.19748835754580796
-0.9767079012277203
-0.18552413055258513
-0.07077806674718348
-0.24169775420523365
-0.12247223365848185
-0.3818638017352488
-0.1999839955117611
-0.61457581223941
-0.44425546575341823
-0.06356958389452434
-0.4654183511572358
-0.4436351240529759
-0.8249815943043359
-0.4848589778703172
-0.7311199433654649
-0.12403582958116506
-0.1235485706870082
-0.3443662853365091
-0.06850067942962466
-0.24100242025853827
-0.3974676894431468
-0.1947593384801187
-0.17468888660088946
-0.29487022580015254
-0.5303555059291674
-0.21878902404354708
-0.5170781520603972
-2.8729242609115317
-0.133736312523979
-0.37868237456617254
-0.3676411672037716
-0.5296095358906314
-0.6066900912604373
-0.043413811490939806
-0.6460283662891015
-0.6087461930168762
-0.28512911665978513
-0.30245482473562263
-0.045696113258600235
-0.354453500972042
-1.5216014446445374
-0.13178236895344692
-0.4000367743894458
-0.5769498609018532
-0.11005651983432471
-0.7125046768859258
-0.05363571022110136
-0.13349518296713037
-0.2922040722321646
-0.3160675732724485
-0.190886199273016
-0.1943513471370453
-0.19717202725264038
-0.09514100750837112
-0.21572709698186068
-0.4332470188637258
-0.20383327094279075
-0.5313446327234653
-0.47169394535199954
-0.17886437882916653
-0.5002739515267186
-0.40317939444262535
-0.10509672874117573
-0.707356407657926
-0.2940267506073724
-0.5085817755743197
-0.3400651730029267
-0.09966088973669684
-0.4701279271732626
-0.2963484395453836
-0.4185132707225421
-0.2534146945131932
-0.2057687950558115
-1.0136427838837594
-0.5127556748149346
-0.3020107138647998
-0.6062465423938193
-0.2753429323105593
-0.1475148056565908
-0.516633920115257
-0.46505199729290325
-0.5306372523903065
-0.7622057892862918
-0.44435280771392627
-0.5616477042203769
-0.09690298327569465
-0.21456844788788962
-0.5102233326332579
-0.5773944881465899
-0.3914110480536692
-0.20749699894314172
-0.15536004560878305
-1.2888546751700536
-0.030918803066015244
-0.2910211898345324
-0.6469479364138238
-0.03339538350701332
-0.010555272921919823
-0.39960295649139865
-0.4720413771112817
-0.33323633549904724
-0.18999745951983782
-1.4194754622585606
-1.2273578110325616
-0.1338609993878587
-0.19318097527104783
-0.4854366583143789
-6.481030213763006
-0.39824918385359825
-0.2580103564679395
-0.15346324467100203
-0.6156759727742156
-0.3976812007551251
-0.14335975787501162
-0.1794930744277331
-0.4003507226545707
-0.2331855191461962
-0.15860469614712844
-0.10205568801072384
-0.3191232852308531
-0.1169094994816381
-0.3945666536990855
-0.08695209009833434
-0.4994713314855471
-0.2005856730623034
-0.20664736093143196
-0.11594547088114066
-0.12416519088312616
-0.48503499179963094
-0.2042471975440892
-0.08937168001743885
-0.42738556519346144
-0.10216527058852685
-0.03168977051973343
-0.3626505212584743
-0.21425708315747727
-0.30854236657760337
-0.10609945166652324
-0.2645787102766836
-0.17568838441200016
-1.6265184729825706
-0.6309229739809332
-0.17935003535822033
-0.2210688648871029
-0.21609537174749172
-0.291249396367823
-0.38349871381160483
-0.39817884378135204
-0.1732305713050794
-0.059098679927624666
-0.11859079713292431
-0.28881199433116883
-0.11766694780960409
-0.5864540456350369
-0.204810244976914
-0.3035280837877963
-0.31432256121687324
-0.15860887407361587
-0.16986588564341012
-0.1888150367184759
-0.7457637055264231
-0.22896235423788658
-0.3377973097106377
-0.4396678035056019
-0.0470944344997406
-0.3281657089737564
-0.8065099443042224
-0.2184574328451003
-0.24869695518350438
-0.298604163083423
-0.13895774888806045
-0.6328496604970042
-0.06766630050333333
-0.23307038289367482
-0.07420333588614043
-0.13301909635562256
-0.39401059819665535
-0.2569085181912666
-0.02471851254849753
-0.017673159018158913
-0.3105586198241023
-0.2122928671614814
-0.15175473387984084
-0.27861033241848304
-0.628548745091154
-0.14087002784043973
-0.3715113557985603
-0.6814911521905378
-0.10243843897114857
-0.35571789496454465
-0.24914561434348023
-0.41713660823561005
-0.6165268347425581
-0.6716102179429981
-0.13964470119562974
-0.18475822268277914
-0.1491720156482188
-1.0609775140437705
-0.3996449790579123
-1.1702201502533474
-0.3560709459970195
-2.0342040325825415
-0.14230734030809344
-0.37117627567141215
-0.33920642262472983
-0.5053090865523734
-0.20976029397341053
-0.4777144840586516
-0.10624750473652966
-0.6176930152805653
-0.1729750686285115
-0.058142297177669534
-0.20304485144381268
-0.2074232447351698
-0.0537874661386013
-0.25906904360336586
-0.09570015105782659
-0.23713377258281426
-0.10561536097360485
-0.6979029632399261
-1.0962043007699929
-1.124776937213331
-0.22114691455215507
-0.4898789057411553
-1.1167207716498524
-0.08752508759013315
-0.2296202850327753
-0.21726326275918176
-0.261041717720218
-0.23551025411961746
-0.058952597943425646
-0.1868581678731971
-0.4665731457334123
-0.27802317349223815
-0.26476677069440485
-1.6438411871320568
-0.8224699039386717
-0.16060108107485577
-0.19711195636380682
-0.32329302898724566
-0.38478376318040924
-0.3050697410324751
-0.2961207393642699
-2.7584158509465246
-1.1372869374245056
-0.16732435812864424
-1.546501567773521
-0.4807053005680473
-0.4404796416937853
-0.7359130486235396
-0.21756458027018447
-0.3149564744484569
-0.18474384048201553
-0.4284733659524136
-0.4147371362246149
-0.13610034344317404
-0.7206147777028759
-0.3004971580913889
-0.2117412934660861
-0.14608758566909172
-1.6305901614756901
-0.17659481115682865
-0.39393399804830553
-0.03701182932127267
-0.1660367311463428
-0.33028359628742365
-0.20924553633823434
-0.26153109482188486
-0.24118520029151114
-0.44065868642008776
-0.2050861998325742
-0.0569266341109369
-0.18935676176602914
-0.25624057469230654
-0.19339493591087376
-0.0521536548210563
-0.11659709575451416
-0.1252023670543587
-0.17338199987375447
-0.4385493856854737
-0.4551090933449312
-0.21065664828082928
-0.25664524653489984
-0.09527440933743492
-0.16882908261565413
-0.17420490942286318
-0.12019849000425893
-0.20826658397541345
-0.23711797321411232
-0.2077865596306765
-0.40352673556824814
-0.14493435122954465
-0.12391971141032627
-0.19438347159820507
-0.08634750694132197
-0.7212278970608688
-0.29173870394309537
-0.5929969559861598
-0.5456280052254442
-0.282895845280294
-0.1826284839980045
-0.0582670466392301
-0.08040517794350828
-0.00657067890278995
-0.911930788531464
-0.010560513939708471
-0.39627809048761264
-0.01758306077681482
-0.31270873753132944
-0.010834867716766894
-0.10741072216135308
-0.011240539606660604
-0.6729793910926674
-0.007425312651321292
-0.7182837962185052
-0.6449545820036696
-0.3387996130685982
-0.5039670136582572
-0.22141953758707061
-0.1241066217598688
-0.47782910955810154
-0.17075277996523905
-0.1430987401924
-0.3790274183650451
-0.19842631336068733
-0.2531144602505955
-0.053591699751580436
-0.34785352034823597
-0.8686956415719275
-0.34654234029125697
-0.35270924119039493
-0.3566817325546354
-0.4271652744708782
-0.1203033211924615
-0.09372805107285295
-0.24555499017515103
-0.9418662449543962
-0.26053790236215313
-0.4730433813063593
-0.09121565296954941
-0.22693399470117584
-0.19733004236135648
-0.13057606569620678
-0.07420065464766594
-0.4138947354833363
-0.12854434101148268
-1.3532361337071053
-0.3499492941238655
-0.607085764820719
-0.4161436688154936
-0.1782845880570676
-1.7646763920783997
-0.34155390468653685
-0.2581962966532956
-1.163348052969273
-0.13445109549411427
-0.653521017167562
-0.3386878535565302
-0.4954019213364518
-0.3470493254576468
-0.16127613003178945
-0.5482201866413358
-0.2746177622348493
-1.0922777630693792
-0.4035322510532164
-0.1796141311466878
-0.24038176196359018
-2.496244091943178
-0.5515204722295104
-0.46945090193856653
-1.5880431784898974
-0.19527327918422088
-0.20249506002521508
-0.471188848367395
-0.2526445582872944
-1.588878800152088
-0.194692139198609
-0.09555892888853962
-0.9033670299728068
-0.9970130056122238
-0.48757823353870816
-0.5226026183405256
-0.049435670590320606
-1.0498963494319469
-0.144237540134903
-0.20841422608065951
-0.11874924131345851
-0.2595484200205793
-0.19802092037724509
-0.035840516211465
-0.254400709352402
-0.4726615314779489
-0.21674623358312534
-0.3948869140122336
-0.2887065383157535
-3.144486195213782
-0.6184976026594925
-0.008747209736611694
-0.5751961804588277
-0.26477394338609994
-0.4514134036867795
-1.0864526192381163
-0.6168144820552054
-0.10178027767331234
-0.23100143625344485
-0.5322141232357424
-0.5956431858609134
-0.42821942413737896
-0.07445941950938434
-0.7380128015871864
-0.19040112205645224
-0.1793891604016398
-0.5332599153698105
-0.3665486254224864
-0.47914984681701756
-0.1860719936837692
-0.07103619099456814
-0.011171628924785182
-0.07055570903988458
-0.0017369583219988272
-0.3429808990916001
-0.004003946611192077
-0.126835246460505
-0.004470323270652443
-0.14583724695590458
-0.004573065729346126
-0.12648253130095732
-0.008822389703709632
-0.3398634223267436
-0.3675680568946215
-0.11744061416478264
-0.005755307443905622
-0.07934294638835127
-0.0023417491756845266
-0.34212634614632975
-0.0029048464202787727
-0.10996741350777028
-0.0037211558083072305
-0.11497450977809162
-0.003633933316450566
-0.13699536419283134
-0.0030303716484922916
-0.3194086519236277
-0.32028661523429125
-0.1237986454507336
-0.9492822523914373
-0.0012718770012725145
-0.24272908334010962
-0.0053660450503230095
-1.1365811517720834
-0.002787200326565653
-0.8900304401712185
-0.00809982034843415
-0.12396004511780727
-0.0520797916688025
-0.35117109668226476
-0.5432994400454542
-0.06707769853528589
-0.9523830316255852
-0.005034625763073564
-0.3328883172696333
-0.00696325785247609
-1.1487188273652766
-0.006584883900359273
-0.5705388558749941
-0.004063754982780665
-0.19124209088574087
-0.13842913474449325
-0.4412525632485215
-0.6671030955619492
-0.20594828948378563
-0.28093168306319666
-0.13813112908690073
-0.40874671961015946
-0.39159553477073006
-0.2902300450844033
-0.3391302434120462
-0.8397295578033663
-0.6758038013279226
-0.26298645771654267
-0.3282671549650331
-0.11942453353549354
-0.3844138533498023
-0.3643280146561898
-0.36142755354308065
-0.1283660265069461
-0.13775379721705386
-0.38876778093092274
-0.27332709774297353
-0.39869217491782777
-0.2234886532088088
-0.07608962013314753
-0.3456855922570237
-0.21016772908993242
-0.0883400300108633
-0.7658867753678351
-0.4372928862090551
-0.46645583022230613
-0.4864869744412906
-0.4618828682592569
-0.14505353238382668
-0.40814796421731864
-0.4483389604790457
-0.15322012042721325
-0.10934706431278475
-1.2327791317107364
-0.2981024312207915
-0.6980273821811186
-0.2589350980524614
-0.2889985401961894
-0.4848441292332219
-1.139912657880424
-0.2280976710369162
-1.2282244934499937
-0.5720403381443854
-0.11044370685054414
-0.07163891063573828
-0.6382520042196264
-0.6471226036742986
-0.2324939438205795
-0.6839318059168623
-0.35349712053357507
-0.13897035837348276
-0.34761174800967803
-0.01953072362812236
-0.08420835582486082
-0.0033412339398637414
-0.19462959133485735
-0.006012746598571539
-0.1267043842618867
-0.004255600622855127
-0.16110158042003883
-0.176803908684503
-0.01237367998692207
-0.04843459476251155
-0.25556220519460265
-0.1356038430974021
-0.13317442192769516
-0.0909715270333366
-0.019534252972031634
-1.700777490933736
-0.9814440490689986
-0.6628469262660863
-0.36824962322781274
-0.6632823069114238
-1.253323641140014
-0.13979879998253006
-0.3411600650540683
-0.5412020929761638
-0.2395013117147755
-0.36315889371326193
-0.7369066377480825
-0.993737801382344
-0.2647959971457275
-0.3276453141889356
-0.16839188591351875
-0.36361578602497957
-1.640335803385824
-0.3654120984813614
-1.070885956287384
-0.4758397909205693
-0.5336507741391443
-0.08424631668486444
-0.38887735083699226
-1.012984665489057
-0.9701673695055713
-0.6932980291644344
-2.04574050133427
-0.08147500603648522
-0.46035848685967623
-0.2014076549248318
-0.2972210508995227
-0.5017255169702737
-0.019229331985116005
-1.3158896492823189
-0.0021988716325722635
-0.6431947981041374
-0.006313988415058702
-1.3469158344170344
-0.005725590657675639
-1.4193697119286905
-0.007162674039136618
-0.923055075213467
-0.16652169069520006
-0.013118537317495793
-0.06630751595366746
-0.9100597113775216
-0.8816819129070999
-1.0514265343712954
-0.9167922856449877
-0.06460605210122594
-0.45340561201437524
-0.37120673179236724
-0.2943080095346744
-0.5022333660324042
-0.05038023093948141
-0.47583945454343707
-0.001730835676426068
-1.180852796213002
-0.006429150351323187
-0.7818490370030153
-0.007819450634997338
-1.309898017053326
-0.015680747746955603
-0.766773405609028
-0.013027627137489617
-0.08512698826338497
-0.5032371162774072
-0.009472443984122947
-1.2527366175781927
-0.010386358248069882
-0.6079040896129057
-0.0059599485248327255
-1.1969862332334742
-0.005277699208818376
-0.05413744890271346
-0.004467382270377129
-0.5411355360302695
-0.00497101474320516
-0.05477596805515835
-1.1778112910978962
-0.9222248226287775
-0.34178663571361134
-1.3609995954320766
-0.48496416059596315
-1.2110993796876366
-0.6941696259855235
-1.122665662808534
-0.22072583098739074
-0.525236821809085
-0.2784319248873241
-0.7375078862660303
-0.44658754696138203
-0.13347004857632783
-0.22269109480403132
-0.26268920751107755
-0.564961021682393
-0.16129052262446444
-0.49430527561533383
-0.5739007033129155
-0.21204768724814568
-0.08084698490907052
-0.09558594630470907
-0.2205893094353289
-0.5384132839273661
-0.11271120439885314
-0.3644419245927058
-0.39182192046220216
-0.1544651212680037
-0.3745686828916895
-0.18197016937564411
-0.313429956499931
-0.3519255373807937
-0.4000679008572855
-0.17917509687124591
-0.5281389209938132
-0.2650177638166614
-0.08183844356487195
-0.13256876517352795
-0.27011739492445486
-0.8561941092687518
-0.6336055830083448
-0.7213684674244921
-0.33877754939398813
-0.23385892057785895
-0.13039018981876324
-0.23265007394265444
-0.19927757503755855
-0.3506433236107114
-0.263382027151854
-0.3413649462343039
-0.03122717802762054
-0.03779396684385539
-0.002051735616987571
-0.08812176814535544
-0.008904958376660943
-0.21103391220406412
-0.008346786140464246
-0.12446198804121066
-0.014404501125682145
-0.26685828612527773
-0.02372624457348138
-0.04423372329464265
-0.31086064438157957
-0.027858567074872553
-0.029383140075242054
-0.009144186624325812
-0.08000646269647316
-0.007985216798260808
-0.1858526640810716
-0.00758690491784364
-0.1416187032924167
-0.004375492571853101
-0.43639224414255295
-0.008610562421381474
-0.036224593070788354
-0.33450896318026935
-0.8732684342986221
-0.1727618476814551
-0.17824714383914397
-0.34110268773548413
-0.2594854590518962
-1.2482842495863389
-0.5678973108200202
-0.06118182527061435
-0.02135970227660285
-0.8285289700367002
-0.3336409021098007
-0.6956449265354812
-0.3620826369151473
-1.6666743315096635
-0.25118609163391736
-1.3901614833332132
-0.0738480000138886
-0.30031249121143716
-0.3687232547838773
-0.053415592733739796
-0.06781708379130577
-0.26305248295217387
-0.262863807325175
-1.5893964320421219
-0.12710424431406864
-0.172550182563201
-0.23748756240092916
-0.3383024267589207
-0.7824431519282451
-0.3577145814649864
-0.4566861668392903
-0.3117428649564912
-0.3894444508550805
-0.6069480939158258
-0.32939000780766037
-1.809264830381835
-0.2855057580073061
-0.5014283240710099
-0.34244982061174295
-0.5702751286023056
-0.17588357678615402
-0.033143206159365945
-0.17921740223991947
-0.30138157448444264
-0.2621802022127167
-0.05104812791118589
-0.38493080855742945
-0.2539613249123663
-0.31712529133085576
-0.5906140569995841
-0.9871061387700593
-0.39087291753584824
-0.3576810013781561
-0.19301590808460306
-0.21289924475422595
-0.11417765345618136
-0.26365738257954946
-0.40199720731802896
-0.7676654654574772
-0.8560136719800835
-0.1901339875209184
-0.16580787701240174
-1.1009520883372816
-0.6232454214956046
-0.21546096447612703
-0.1826487975156373
-0.4514744531126261
-0.9845180889436355
-0.028249578714735435
-0.2610979547082804
-0.15626914789609145
-0.762301725467166
-0.10244494228027179
-0.4179976872672139
-0.10601347682934734
-0.04695452934902278
-1.2074513993041667
-0.430624386482729
-0.4608422108301511
-0.5296128928661347
-0.018882453159676515
-0.9788923724887094
-1.2040828044317515
-0.5263729488155257
-0.6411216126598447
-3.4171809623283997
-0.36718760891843966
-0.4594865815241873
-0.17786171093672132
-2.5921151316724718
-0.4580318587957019
-0.014746311819180846
-0.4507008963969369
-0.001101165806176141
-1.2145970838755593
-0.0039049546467140317
-0.7980640236351552
-0.0032753252889961004
-1.4117817988486163
-0.0025270792830269784
-0.8063951914525527
-0.005044428282417357
-0.07753837487793394
-0.8179932624259689
-0.43887501130084544
-0.7354212760594516
-0.48093917224507043
-0.148142454369804
-0.037059113367124356
-3.931754958583042
-0.3463675523655279
-0.39763666471117176
-0.16535646724150865
-0.8705682158973874
-0.17061527640852056
-0.054971549283607146
-0.15361654368169592
-0.15441676259431666
-0.6009753326665488
-0.2493492805962536
-0.3680751975701022
-0.20935925182995718
-0.014562567812390625
-0.2156699578318997
-0.0012048217322444543
-0.2797216876285265
-0.001986847026273608
-0.05404661683444699
-0.0036269720876589417
-0.11207207383410998
-0.0025011470424942672
-0.30803656087300624
-0.08002299973539569
-0.17346878765965812
-0.16343434075684588
-0.18115180556354743
-0.18733101698521573
-0.352040254955581
-0.32658252434854756
-0.32159394981863443
-0.6861110043436466
-0.09941765627333249
-0.6089555215556175
-0.5943913572536985
-0.15606164226371927
-1.378844501596177
-0.8737441239956368
-0.5417980067895769
-0.23538842483756323
-0.5422390690721133
-0.39728502980636093
-0.4271306133397437
-0.7885723431005923
-0.32789699291606667
-0.3672192530357279
-0.03288722214832281
-0.041341837243992687
-0.5550714718956442
-0.0754710906761223
-0.8548821724325535
-0.01607718708766015
-0.07904301518764816
-0.34039968562622863
-0.1508732153074911
-0.9916683686722536
-0.7156323567658092
-1.9556161399426248
-0.24633019188331673
-0.4668054768802764
-0.3341716391900823
-0.31848477957803634
-0.19847755134105682
-0.6099471022607759
-0.18425283671240322
-0.6421631540404503
-0.10110679136096223
-0.1422348665058962
-0.9834616238687885
-2.6002471704656878
-0.6652028741913715
-0.10386116713602354
-0.4463366929252516
-0.02069651210331358
-0.15284247018371389
-0.3734585919152475
-0.12929148389126985
-0.0802615248840084
-0.24009058195940725
-0.09343215262573981
-0.7299897755910933
-0.16620317904744297
-0.2703816940059672
-0.2637009487625619
-0.10935439632176942
-1.7253210325725377
-0.4001549372068522
-0.31313294114552265
-0.3577548090695886
-1.7931362721137702
-0.09876773841850602
-0.2895685507295032
-0.7182446511442322
-0.3558047013655979
-0.3375577816297866
-0.29439548309892416
-0.49264684680298904
-0.608973370550666
-0.0793690133614291
-0.5979101286946725
-0.7483237265006437
-0.09654264961136505
-1.3271745792298972
-0.0034293969511054456
-0.6754646152858024
-0.0034631037851795554
-1.34049715918705
-0.004091128066647798
-0.8443605750978804
-0.004944274260196835
-0.4462038903660599
-0.009818223654292524
-0.0578934900085086
-0.29023606681730596
-0.28032454270720814
-0.8299349249702774
-1.9848139845344122
-0.14505870856212894
-0.8334395799780135
-0.7873333444074226
-0.2389773797228827
-0.5730392577991422
-0.26776206891736365
-0.7384547133987536
-0.08155135723328992
-0.08788469152239906
-0.24204972320718038
-0.38809549528179393
-0.14460521677432325
-0.3670355168263389
-0.2974403127626222
-0.3227513360442182
-0.5862190221225319
-0.27170020287320024
-0.8326806513778138
-0.1494707100064261
-0.31647358338516696
-0.8276192881182851
-0.3173832001824242
-0.2709213000780437
-0.37957860916552677
-0.5989321608900685
-0.1810482242726721
-1.6816501023867545
-0.19045370581287507
-1.1483791672314207
-0.41229549581343733
-0.1340884165634255
-0.08360065007568315
-0.21969824215193512
-0.874608718935913
-0.32982473533502343
-1.0576625748897361
-0.22217660797670963
-0.16806460864179623
-0.2043853829135887
-0.26879916491400635
-0.06724167550384577
-0.16953494522664414
-0.4424486979842186
-0.8208428466293428
-0.3127776404987041
-0.17311699964648142
-0.23458922898613596
-0.38094948847056004
-0.3297188198374074
-0.20027704406959862
-0.17714602624562303
-0.23632494813367183
-0.08806661952726594
-0.46724880862997714
-0.42384127766126767
-0.5418357913189269
-1.2443821032842
-0.9203723670427855
-0.37455173057533103
-0.4536791331150501
-0.27233887000479357
-0.2152380126353819
-0.699804626938961
-1.6511319406199618
-0.8839387084229072
-0.38805186173054346
-1.2782816796492624
-0.33837218151893467
-1.1104551770646747
-0.7150192504812367
-0.3223281171086114
-0.34082842839416116
-0.9410975303224405
-1.4424419791127245
-0.203259839344355
-0.5523068952609363
-0.5582755251683315
-0.307569132341996
-0.16316096781520173
-0.5290294550231054
-0.30395559440224434
-0.36218861406669023
-0.17275705094167884
-0.04108957384369205
-0.29688902331431916
-0.14530352767097712
-0.5133687188237672
-0.004417268180986866
-0.3187903153139915
-0.016400056503092248
-0.017659438968015213
-0.23694820832234756
-0.4097354115828091
-0.32783985999412835
-0.3039078418912595
-0.44607179274052294
-0.3235682381200604
-3.179977297579171
-0.3412837264418052
-0.534539637141279
-0.9341327125189959
-0.6333161909115356
-0.4875665304059415
-1.4915301727887709
-0.43405870875843294
-0.2090996151764557
-0.1899439539246097
-0.2332434055815132
-0.9859826825559139
-0.17964415704262074
-0.16826932303316872
-0.3252564192342409
-0.292796923236187
-0.7852430609986186
-0.20712399791997227
-0.17849967520740911
-0.22853150377113707
-0.31726382881086673
-0.05803696881048381
-0.42045864160952207
-0.14138887882904783
-0.3992416026548038
-0.17106664131042446
-0.20781767322330325
-0.25828648769675056
-0.9543065661506401
-0.48444757793241966
-0.348258649152841
-0.4420360854880831
-0.5362043801793183
-0.020796901517314836
-0.23473708349046518
-0.0016149393050000072
-0.04081450650265391
-0.006134078896138817
-1.1199942646716308
-0.0042149306973442435
-0.03610709651062886
-0.003761147876502946
-0.11213677664584663
-0.17254528518609824
-0.006826119759352878
-0.2684894075694804
-0.8581897495547309
-2.6099524945020676
-0.5821684997984752
-0.32583467692398294
-0.5019140149478127
-0.4802501637691084
-0.6144087890469668
-2.082091763615608
-0.13825835370223033
-0.02289943356117874
-0.4460538870131131
-0.7847349157317205
-0.6663015610616779
-0.14311776477516755
-1.046775050696245
-1.978202747181058
-0.27988838460545856
-0.2816831414038124
-0.10455325711167272
-0.1852718826616183
-0.33232551959476303
-2.409468961879611
-0.3197114327714579
-1.0330516978632658
-0.3427922915096347
-0.5055706912052383
-1.02447667872475
-0.22728416855958736
-0.19951240671798587
-0.5551601753759314
-0.2212681053231129
-0.10640385436114835
-0.23019709233776098
-0.5084183402850613
-0.8317837119102478
-0.3703376639671963
-0.05934449652765276
-0.11752606457298181
-0.2521645348671066
-0.3966058450227138
-0.6681322883814573
-0.13166906790613414
-0.5584586802953189
-0.576713423649463
-0.18743762500040853
-0.21372186787394298
-1.6009589318186044
-0.26381572541973297
-0.29684376400150037
-0.174056512033631
-0.33893010022330017
-0.36658389971801497
-0.18306099630896244
-0.10988136745122161
-0.7498227931791916
-0.07778142927263616
-0.07708235036485007
-0.2105503396349247
-0.13739904714389634
-0.34733618364164914
-0.350594647788796
-0.3460229850403266
-0.2930285213720641
-0.5354733467102051
-0.03498033370124176
-0.17322861796127853
-0.0015856919344514608
-0.036207812676224194
-0.006841047259513289
-0.10086832974463635
-0.008719439501874149
-0.05413354708642828
-0.016721292631700635
-0.10845074382982253
-0.019899248145520687
-0.06565376595143688
-0.13897813934145234
-0.3501884217321811
-0.6949866850849806
-0.018543792190030217
-0.1031521112172868
-0.1817604297759447
-0.12503808927795035
-0.006856607797089964
-0.12645303605461322
-0.4520519531513509
-0.15011140190634048
-0.28437596433771734
-0.2851237272043363
-0.971006119528843
-0.19081100821495056
-0.09259567675492993
-0.217019161264897
-0.16739275842074347
-0.35941388953453196
-0.2583548320503074
-0.2805142972867543
-0.391396999597949
-0.958152481812119
-0.30267913712915334
-0.3132948861535641
-0.3548989306850322
-0.3994378819517098
-0.4116434808389992
-0.06446023351499106
-0.05237115261843428
-0.3823881513505642
-0.0023785980010870844
-0.3075217354497113
-0.008540036040358245
-0.20145085163864243
-0.009508711518719792
-0.8198106313642105
-0.008592942787799984
-0.12391633039123917
-0.016863051510881633
-1.7185358355054632
-0.22220823822707253
-0.49386556620885874
-0.4658146851988232
-0.4582221591086362
-0.20855829588279967
-0.27393644978292286
-0.6783516727507178
-0.3976713829054764
-0.058378167708212914
-0.08220637111186252
-0.15187889575590338
-0.1915045403293334
-0.41134083101202296
-0.151366333737883
-0.6309095329082964
-0.03747455088887364
-0.04173987220042328
-0.003157047787681222
-0.1127781215182031
-0.00975273095536977
-0.22308971975092057
-0.007772047072649002
-1.086258833109039
-0.013940706267021596
-0.7674692147926073
-0.01801283156964928
-0.07320689663382447
-0.28297278285396843
-0.44769215601094664
-1.0931048247439321
-0.4381356324364181
-0.374433475289455
-0.5553685713092515
-1.2208869787074426
-0.2003670984892769
-0.08214230392345948
-0.30370505534665426
-0.7811240589599038
-0.2144779116640096
-0.06693822694876417
-0.2803861884777479
-0.33294129811161255
-0.08714664653530235
-0.45591301053031785
-1.0603418790282872
-0.9154585314263386
-0.1713738382286465
-0.08886186141171493
-0.15359485978933662
-0.7895555547554978
-0.15143755262821892
-0.33945721587149363
-0.3711467092269004
-0.019309234339743853
-0.49013106076225604
-0.002082177175907418
-0.4102003502757441
-0.009775892365723848
-0.48422314158286156
-0.008513616630807519
-0.11331022909105286
-0.009063329780474305
-0.31915594333288483
-0.009772956254892051
-0.3074914444207223
-1.408424627936357
-0.9049146214762843
-0.6931397064591692
-0.1601476676578386
-0.71250775729173
-0.38282183406447357
-0.4185170323940416
-0.06487578347154714
-0.10600504307378446
-0.4631987997940509
-0.5034663473270484
-0.29801515831672076
-0.15318289065123736
-0.24974097261972772
-0.6771413005392874
-0.4045558920546942
-0.6629538254805084
-0.8147884905153081
-0.714300766439313
-0.8658644935573344
-1.0189149394312456
-0.2729005013778372
-0.362748941746676
-0.14876809255736134
-0.48998508954317793
-0.13607241825957317
-2.2340580439195037
-3.4423816998799643
-0.10940986727040707
-0.6107220435126995
-0.049625806959478984
-0.3815471427515149
-0.5310213501808343
-0.5482240546363452
-0.34271968621760607
-0.8760388773510158
-0.3355658105299047
-0.5147625902044766
-0.5650307003851979
-0.3403211603242773
-0.32762093009197696
-0.8416368137344156
-1.6494530574418604
-2.745421872474253
-1.0636829613746765
-0.23282601222763288
-0.27403002704796686
-0.12879631053753351
-0.1615762008515438
-0.45593013359714807
-0.1890550268971393
-0.09916565119670849
-0.36347824813371216
-0.2258088321974583
-0.22080051912278578
-0.10256351518263626
-1.065591955189302
-1.1563109721901128
-0.13706054414312044
-0.0924281458418201
-0.8949612160213292
-0.6688107054324064
-0.12478116846062524
-0.34430282367175097
-0.9568847289441952
-0.27287636360658024
-0.6525720472466977
-0.05628733321833579
-0.10580878469574434
-0.2796933914614783
-0.07685419875141027
-0.02687797776889056
-0.22339236277877297
-0.3230679986598059
-0.2528996642517238
-0.49786760972771543
-0.5457642788533121
-0.24399462666863958
-0.11552800953821941
-0.3334102694661346
-0.3084246155446731
-0.8759995648514531
-0.3134291062431455
-0.3608540234407782
-0.17540704619959702
-0.09081238555937979
-0.5382877053135416
-0.1017269636264973
-0.19550794242618533
-0.3530679576421843
-0.08688667337986544
-0.24770922621246427
-0.5268327611295617
-0.14689736077575202
-0.1567830845798076
-0.024375544453505427
-0.011226232107219403
-0.0027414659271016717
-0.5360965733804429
-0.022075366810895503
-0.4144175745700325
-0.016074128448963165
-0.056168442165648
-0.008063222980126739
-0.13396053904547703
-0.020347559708170593
-0.1378117827036756
-0.278942680535023
-0.23375875889012052
-0.27524372110718487
-0.4001583553190964
-1.1930577787326697
-0.18207455932497396
-0.30134033741840793
-0.3840981460907642
-0.22519725958409254
-0.9216537293155292
-0.10435298235279333
-0.3654823415436812
-0.10816241258397405
-0.31069250823077854
-0.1462913514987889
-0.030268920934492162
-1.4269289622704189
-0.804591224547109
-0.6140317268218496
-0.06071790228896942
-0.13684553040129685
-0.3526317768256002
-3.4998841881752014
-3.615229736547917
-0.4295769416181656
-1.564802961870252
-2.5934655722230673
-0.04880974638321537
-0.6342813539730694
-1.3569635373326794
-2.4655852019786835
-2.578439841978252
-1.1960320708652337
-0.33051404245310956
-0.28754363637396757
-0.4519879959030236
-0.23429346965415712
-0.13588647603330628
-0.2905778323656705
-0.5161422338943129
-0.29396291408978104
-0.06842282890723557
-0.03545865003252402
-0.09050132513281521
-0.0019099888450000435
-0.27675015586817153
-0.007260878570377827
-0.20292438211530997
-0.008050479926168919
-0.14405774567005988
-0.0069540427648462355
-0.1274772500944184
-0.013850844581611454
-1.6996226950141136
-0.13598981933111126
-0.25871253262715926
-0.11099191320337078
-0.3530175196766712
-0.2756574596927142
-0.21664982194885274
-0.22638742410371407
-0.746847765571051
-0.13561256566511778
-0.4675633307197131
-0.1928247422692948
-0.26685456066743996
-0.3231668635082201
-1.1917966568393499
-1.0141738463426009
-0.4260249782391139
-0.06031552129491047
-0.2352512589053314
-0.3360530262133352
-0.29274026564867955
-0.21963170279958308
-0.3617688997848226
-0.7594355896338694
-2.349876343086362
-0.36910606925473005
-1.1534009055467322
-0.6893398394558234
-0.9229738769977303
-0.541864438482607
-1.1708716867433395
-0.8792519151289265
-1.4089561820030199
-0.3127403477957282
-0.3157537372881052
-0.6218713243082782
-2.1747806219384076
-0.32441337244469537
-0.5171021260897473
-0.8195234454663781
-0.3583658657171832
-1.3634243623237126
-0.4844176109429807
-0.3557742314769712
-0.5476645108315704
-0.07842015591561974
-0.1927365063866091
-0.33710273269747404
-0.26484373416678864
-0.9327821816856298
-0.1827747005177116
-0.3756403037820443
-0.3090959253910996
-0.3538068298182528
-0.37301845674178563
-0.27449059925010305
-0.012497001851443201
-0.040880729620811
-0.0018486518529243767
-0.11719024626654484
-0.008714762632735074
-0.23386949875774324
-0.006530753045808524
-1.070300694690862
-0.01172357116593048
-0.26194610117026434
-0.011064721446018666
-0.08488876034971327
-0.4918895348896356
-0.189548472618259
-0.0413968752992722
-0.15827953021112584
-0.028451175610046318
-0.5346044066480483
-0.4617387987948152
-0.18567709950723574
-0.09146195065120712
-1.0244348901573435
-1.119358795467773
-0.22414455760626878
-0.12224951702076699
-0.22280047529299432
-0.21417495391221195
-2.4010689733549953
-0.46609690371982043
-0.1396273215622863
-0.13974956350929543
-0.13190631996258162
-1.9638524972833693
-0.19790545720995092
-0.18613848890971404
-1.1819218577700668
-0.17841104070521396
-0.3802445241344929
-0.19423167927836651
-0.3235746401490399
-0.17849757150756415
-0.16920436344419917
-0.020700126799056306
-1.3677992326556634
-0.00390603463165462
-0.7596607875334972
-0.010123602114617825
-1.775744217385571
-0.009603219339624047
-1.2068398771120883
-0.013861814863048494
-0.5477218133605843
-0.0211626710370183
-0.5816382502776428
-0.37343864740195504
-0.4204871629675229
-0.5325295968936609
-0.3873717223067225
-0.2750061174756411
-0.8839660348958205
-0.39820897120049875
-0.05787264507841883
-0.2582079808652291
-0.5641483404684456
-0.1883361536103238
-0.3456330047744597
-0.16476359136868268
-0.04005224812062771
-0.002910578594310209
-0.12367261032340959
-0.007205018890090287
-0.2181025159056174
-0.007753731886623427
-0.2379682671817136
-0.01655547774862498
-0.5539598494525914
-0.019813213031738997
-0.8649275372464444
-0.5225279092748837
-0.8320394881884567
-0.4477542309113637
-0.3637543522426212
-0.4100680857162615
-0.3285394608974457
-0.06661359640293085
-1.0691058120033372
-0.3311653625355878
-0.2036492232966712
-1.2979028067493132
-0.6759909030374079
-1.9470129855326377
-0.8618390796446792
-1.1158549110901235
-0.1589166736332779
-0.2383928884871125
-0.1712211960975375
-0.09869057653668278
-1.5133810140541755
-0.14708688689534027
-0.052294600502885744
-0.029405302833765745
-0.03689385814608873
-0.2511593554638519
-0.4794530477374792
-0.2365779472774011
-0.39209093209585544
-0.01298011491599027
-0.4673245779851843
-0.5395506438126958
-0.09326738750230736
-0.23322221744456328
-0.9545079924137099
-0.8766735309397821
-0.1344480006155777
-0.1620225962137563
-0.11297329529710017
-0.21254324526937127
-0.39102372021543197
-0.4635820720965664
-0.13379108934895712
-0.6725857757725558
-0.5701737766815111
-0.9011962000014526
-0.14946696687547956
-0.28999595838346676
-0.0803874305906902
-0.31443946241473564
-0.6015435197386443
-0.4675916486285132
-0.19698211900495152
-0.3064347836147695
-0.28418929121107706
-0.1969618580829433
-0.017602553156848444
-1.1446619060362637
-0.0412552595056089
-0.1428267275802812
-0.17679689351097969
-0.04438909907670071
-0.2973662372228716
-0.16790499571337136
-0.7196834004605009
-0.378822599541957
-0.4291121495887584
-0.1176243123204014
-0.5198478677374396
-0.04450853859403945
-0.0399730382742486
-0.4731350419826413
-0.23613240424838294
-0.17706861946556932
-0.3109821117600404
-0.5249723067158558
-0.7335347800627849
-0.4393858313560486
-0.0647205300629139
-0.9039855996306869
-0.5164188410465916
-0.33728109581988974
-0.611287761056883
-0.20703168676851835
-0.09204259165058969
-0.7342289452062687
-0.020540374056033463
-0.6127311322830232
-0.7028733500280525
-0.7457963124538115
-0.93513776367867
-0.05502216765898993
-0.4334001087082318
-0.09013041836442426
-0.4248834390673437
-0.530561900771731
-0.4399817394441925
-0.6631865948123353
-0.6845300688612042
-0.3465109480410161
-0.4982350735087547
-0.27731412276625633
-1.1683227523016437
-0.18402470295550302
-0.740808688618381
-0.16622745455297264
-0.501307655376597
-0.5812512902481493
-0.4819274842739105
-0.288188460442391
-0.5362579588548735
-0.3425091238586451
-0.7302135683559234
-0.6417843987464706
-0.4356426032654781
-0.2731204243411342
-0.5781908634271531
-0.27933214139193296
-0.18961675465106964
-0.28056504870833565
-0.6469012771655495
-0.7401872784258557
-0.26844179438948385
-0.4031901349690825
-0.7225626766604282
-0.5168044858188036
-0.2614760248941041
-0.5472152312209029
-1.3604148140826013
-0.6394771258152538
-0.45488069662360237
-0.21551852119869422
-0.6388939010944074
-0.8446568750633129
-0.20218442765622746
-0.4785053607129157
-0.28155016448484577
-0.22559815939732175
-0.42149771999817176
-0.6811416748857179
-0.6156943293928331
-0.40550111835545977
-0.3553920929542073
-0.5525964535315454
-0.24407027099710832
-0.38759088068484115
-0.24795079626528604
-0.416041739739012
-1.3425605708306345
-0.3344400528949336
-0.2768353487425446
-0.40339309737570267
-0.6577391548953528
-0.6204498680399411
-0.5737645837871241
-0.5408790521381889
-0.25591764155535657
-0.3099635268179554
-1.1340715719432208
-1.7346843704678274
-0.24126559396420466
-0.8966791129601915
-0.20299264008480122
-0.32675981050354796
-0.20515962559412318
-0.3790919891794652
-0.3200069091282785
-1.1959912322083255
-0.427812760469484
-0.5792802929136087
-0.5015577097092319
-1.0195763670878175
-0.1317687369315709
-0.4664073749052329
-0.14352957587483428
-0.29295067983083656
-0.17935562942047786
-0.2767504419553575
-0.8586052616152301
-0.25273264587162886
-0.2106445697703693
-0.4368787460487056
-0.5519362126028032
-0.24560860801773288
-0.2145680882707893
-0.2799551911763653
-0.3122289262727918
-0.01397206261754036
-0.28220456493027785
-0.29820205217863704
-0.380420370762143
-0.37086556444486823
-0.21658244831724005
-0.053533191201495356
-0.06879538925464398
-0.17793792044470969
-0.5334574569585457
-1.38715712172052
-0.3259959309801801
-0.3003654939322426
-1.4464405304544405
-0.1693800744185085
-0.6367923396095908
-0.5167565867401814
-0.2764590592165761
-0.2915677292061989
-0.19048615508252528
-0.41569570117247745
-1.354867581494253
-0.6545984217940107
-0.4739191091619432
-0.9053652445569847
-0.25313054224034204
-0.20581815772431417
-1.474578179601167
-0.08339318636128402
-0.5665729806376996
-0.3269562279035323
-0.224111400384948
-1.6439581207398857
-0.21290261822420958
-0.6325034444841245
-0.5074913555678601
-0.6982980548094323
-0.0865009241115331
-0.7607664411134465
-0.24222643510635386
-0.34601867667049646
-0.08039076790483898
-0.33695112177774716
-0.21698245219092563
-0.4274321157071326
-0.2709215080787544
-0.03832964935605156
-0.23271156022931588
-0.4290321522520268
-0.43087095141438486
-0.06543673594296706
-0.21007232444552706
-0.2641445017512314
-0.29095572233200073
-1.6707551869330928
-0.08682367801793589
-0.33998921244951547
-0.16069828738479622
-0.3561567488103595
-1.7555550336837769
-0.3301042961949179
-0.05391148689450071
-0.3784119769010431
-0.2079940256821415
-0.2505219869773201
-0.41261936929713555
-0.0547411587447439
-0.1939893119148716
-0.24774848386632584
-0.19613293385972694
-1.5092649601042467
-0.9666224324235893
-0.46952187626295394
-0.7107158233281283
-0.8146485044213617
-0.7347792295848714
-2.172307083416464
-0.2774130020672759
-0.37142707777093165
-0.4468452773183923
-0.43768796987509023
-0.45723772894840903
-0.38531124770088354
-0.8503462208546376
-0.21407530047701695
-0.45751608887940165
-0.1711987114654221
-0.248205518183857
-0.23483418499507602
-0.3107061232995792
-0.4283996036453788
-0.010604024654639943
-0.010594438132829963
-0.42550928038486746
-0.16154151926118424
-0.20473809589737935
-1.7347040390903885
-0.03484708512041834
-0.2741216731107367
-0.16694449761217658
-1.3703272032241027
-0.19544480026870567
-0.28210873635977934
-0.19697834396113953
-0.6823812843843674
-1.9831266984874674
-0.5761873297493106
-0.7313031081212752
-0.26350293271777375
-1.3955504298990145
-0.7480568419331817
-0.27305651712958934
-0.7560051213054416
-0.30644922549518844
-0.13489590117751504
-0.13673969103850445
-0.8124403170551366
-0.6087539864893902
-0.4192567934878087
-0.2859142068769177
-0.25644698168234753
-0.3927651353523922
-0.9872103826655803
-0.4652871055655209
-0.15159081217522422
-0.5284580815406605
-0.6060140732054909
-0.3919893287141652
-0.12387049159071921
-0.3741588890552521
-0.10750022287636186
-0.3816773861957093
-0.15210314262375227
-0.4209366515562302
-0.31637655415974825
-0.838440074136391
-2.3491215987154908
-0.19879654733085772
-5.040654182434082
-0.3599321295885602
-0.2782297134399414
-0.21484954281781524
-0.059907745043441034
-0.35011259676976714
-1.383069797702774
-1.411712797358632
-1.4226856701619301
-0.8399052376723546
-0.6295953689711352
-0.43474829746301463
-0.2670253585774018
-0.9191564248564342
-0.43869413140151375
-0.3322559776809259
-0.3451195360440703
-2.5786580642064414
-0.20841488498723676
-0.4855456521569674
-0.46924862554296853
-0.23260290794617808
-0.024367115770777065
-0.31156689566684137
-0.3037672575157086
-0.6280999699774839
-0.2360765608121399
-0.6929386691132094
-0.10688146965528106
-0.3486513127769425
-0.16339781122751637
-0.07460767093702585
-0.3431214276206447
-0.399784994072864
-0.29249656356046216
-0.4247156011778986
-0.4104744325441596
-0.0799307161300021
-0.7890605022735794
-0.6365676627471354
-0.6481502186747093
-0.16812304127755012
-0.6931971347269913
-0.10034786471787811
-1.6321325758472085
-0.16104083291561852
-0.5405732240107378
-0.3544683391228318
-0.048951654045595205
-0.12256271264050156
-1.5226113935859757
-0.2638586879453821
-0.32430390129047737
-0.3250873185213036
-0.5425279126227658
-0.44368684086366555
-0.5288929570479013
-0.14786778505658732
-0.7460723849009809
-0.1615455143498366
-0.468614743082211
-0.3839196626025417
-0.2686246335506439
-0.28348094730542717
-1.1408825989029454
-1.161071688202875
-0.9872525241714659
-0.10541520989499986
-0.6979646672494709
-0.8028716816568574
-0.6134767675456512
-0.10597034740521849
-0.11052495031617582
-0.45665294986611116
-0.8109973421578616
-1.4693094272279268
-0.1508946838785036
-0.14114161700126715
-0.8277589678764343
-0.3624642815751334
-1.2105964709350832
-0.39773669838905334
-0.22565003418834143
-0.3965432707959496
-0.6481192274303816
-0.8629467095756396
-0.37705767154693604
-0.20423719586688094
-0.058281478048122476
-0.11070194970666307
-0.14625705377073114
-0.15748851973562109
-0.14265537207185325
-1.962428664167722
-0.7432248843406342
-0.23240545233819007
-0.21461973193647116
-0.3424120802961764
-1.063249825189511
-0.7214626762482632
-0.2253275426327846
-0.19984738488191348
-0.2934143059803993
-0.29748744088067675
-0.5330724880445359
-0.2891765648353364
-0.6684040183666488
-0.28988638374612996
-1.0723257777634672
-1.1730307127226232
-0.6680664593741312
-0.2581662717774179
-0.20647092821301763
-1.4003893913708225
-0.18362803693019356
-1.2108536953552782
-0.8263115819599162
-0.2152675915944697
-0.520940208601021
-0.2642599114604688
-0.21990281255928398
-0.07038193993503228
-0.2415107276693855
-0.41257042439588076
-1.0787518304839199
-1.795536779266383
-0.22388166901784054
-1.1903447488162784
-0.07515358944719579
-0.4337703426513971
-0.414192839465007
-0.4127347767353058
-0.9754543527087662
-0.49176665413801857
-0.5380810569627161
-0.022882465350657338
-0.6196594193216798
-0.6022171155557371
-0.264626595863471
-0.5484688165015541
-0.6941775958371181
-1.0114587102264243
-0.5443419070297447
-0.08159577431136546
-0.040304690598688846
-0.0451547697173535
-0.5325612444481117
-0.7792601555361456
-0.22500255867457367
-0.4937373950837127
-1.5983223988829802
-0.3261010873888558
-0.4356837570667267
-0.3597663826766393
-0.6086177383392799
-0.6540177004482959
-0.3361821244208841
-0.4822169854729013
-0.24450622053369775
-1.2528024893109149
-0.48971321318566136
-0.9774538207097438
-0.30000224709510803
-0.2818350772868017
-0.35031914710998535
-0.796737489674706
-0.3165760934352875
-0.7443767932985523
-0.7596985030748329
-0.3840576708316803
-0.08910548051353544
-0.3696892559528351
-0.4038747630620703
-0.24194291457698114
-0.6313375999064496
-0.39625564217567444
-2.093134050257504
-0.36657203961487994
-0.0964423093246296
-0.9002335741151173
-0.27775427238531425
-0.6185076848572797
-0.1258698395410723
-0.664386101521034
-0.36061899165583927
-0.20181657738880054
-0.1633224376716195
-0.14752007212762341
-0.5766522402184111
-0.1395032320418218
-0.4724948284085007
-0.1653490005151861
-0.17754147827063907
-0.5289111093907116
-0.11178943812288625
-0.795721822390542
-0.40241247157811916
-0.3546529340165929
-0.677740690027349
-0.2408961426953738
-0.1921765437667394
-0.5400372105802944
-0.8521914815397135
-0.15976587753630156
-0.06568657638471946
-0.28616574658992083
-0.4305244148012767
-0.3274214196251705
-0.16389347676045996
-0.4731449334900677
-0.33683210633832916
-0.21400031944115958
-0.46105988063038694
-0.1823571035709462
-0.660427716987518
-0.4674023057201079
-0.08246469480699099
-0.3555692732334137
-0.5025074912230664
-0.43372922194932817
-0.2728777360701185
-0.4838385285824188
-0.16535598939805954
-0.6602290058692787
-0.35373050337458256
-1.1369743868375128
-0.15178366475265648
-0.3809914515536134
-0.1907472653846195
-0.5501769462080119
-0.4471833716213171
-0.5806350822599294
-0.20162820196032713
-0.4033729207588476
-0.134680620481259
-0.32327078939796106
-0.18046491938473672
-0.4959620806166072
-0.39922093212127313
-0.6088822255910867
-0.4229804906145936
-0.4778172468907087
-0.30958861843475916
-0.052063000509536196
-0.02870134329399055
-0.04754483497235924
-0.15624227831722237
-0.2668026224864943
-0.34451194612951214
-0.20135727242498097
-0.11621643903358943
-0.18589947896180092
-0.38702258589263594
-0.35005308703660953
-0.047575262977261445
-0.2795270733732558
-0.40583474356194177
-0.8587875501844192
-0.27248969492711694
-0.630908609367907
-0.3376765825452793
-0.3961662653212746
-0.5210420846333865
-1.345907306506706
-0.8074342853788574
-0.878658335798615
-0.028750729283274268
-0.4801405187766196
-0.434835542565856
-0.10126459063000133
-0.5089518294708861
-0.6732970659427843
-0.1275302637083349
-0.1556170110993662
-0.2467909086166444
-0.2812821737543345
-0.2257795345583986
-1.8468250889951985
-0.0760848190014561
-0.9767288770308369
-0.39592915810109325
-0.057571866973982345
-0.4839646674708175
-0.2899127409003768
-0.23963362705556696
-0.25080828855279835
-0.19878111308116786
-0.27949038887245703
-0.6505566473289517
-0.2514101646115575
-1.3404514222758892
-0.7924683831321696
-0.6144564048540815
-0.18136562615990653
-0.6903896548707659
-0.5382675273964802
-0.8230077720420468
-0.4438248872756958
-0.167426521118816
-0.33521040516502076
-0.5085656642913818
-0.7508459093633891
-1.3434417589204923
-0.18160535754304874
-0.24308946067558282
-0.20896120067909302
-1.3890989084129615
-0.24235679534831434
-1.031525350339886
-0.4330047948941893
-0.3355005324746554
-0.3897729722739314
-0.24545908943724093
-0.39925888184552605
-0.35112526901815877
-0.5187176533390812
-1.2250014197946126
-1.3489970067959347
-1.8713114486142461
-0.2234815637328659
-0.6166925492892561
-0.027212207729462534
-0.17239672293361963
-0.004517326946370304
-0.24340418396362415
-0.15630021297691987
-0.006287476629950106
-0.5545620607694478
-0.005464926245622337
-0.2020595670926923
-0.005876754585187882
-0.28175587657644235
-0.007064499252010137
-0.501319274232325
-0.19322911447670776
-0.35824642118164135
-0.16490792591880912
-0.5262354487271296
-0.007356350077316165
-0.1994420871342264
-0.004228636622428894
-0.15936828580743168
-0.15502573276832396
-0.00561686372384429
-0.5071900960008081
-0.007295968942344189
-0.19092848445325217
-0.004447869258001447
-0.2382017898016784
-0.18602593542633628
-0.005701553774997592
-0.8069903672088307
-0.2661263712550188
-0.4344229819440183
-0.17585615547723138
-0.21818917315301536
-0.2857576434303505
-0.13323446319761637
-0.05598023750781067
-0.08837501552757616
-0.2989798605232241
-0.04896787891468395
-0.049982328459413514
-0.11688898464545554
-0.31139948060490497
-0.15693026944062893
-0.09244299623969303
-1.1107069275587693
-0.9148041781373439
-0.5693015497946801
-0.05015808911290757
-0.1589588530177328
-0.35157827883952397
-0.2865717520540142
-0.6605228355486664
-0.9775969074290433
-0.12979846916146015
-0.6235141355671658
-1.399603518177173
-0.09433523049766437
-0.02358062062648969
-0.19038652903459893
-0.596677585344878
-0.5514567443628599
-0.06934565239456399
-0.21079267492313392
-0.2078823577950329
-1.126876629559168
-0.0322154776631578
-0.08508657463711902
-0.16241064623318321
-0.0347033254802227
-0.4005381002565021
-6.160709381103516
-1.1543278694152832
-0.0494881179717797
-0.23699890659190714
-0.2501302374497148
-0.13404416844775824
-0.44808852862016385
-0.5983548642998358
-0.11334536884316625
-0.09407584991542815
-0.1592448851121541
-0.9410937067337467
-0.6386651811327073
-0.05794203014279663
-0.09983221323921043
-1.5030563041412581
-0.14762112847529352
-0.26290949290741994
-0.28213848716695794
-2.2960405663155448
-0.5578017729469138
-0.3023855680708948
-0.3735753117154538
-0.08903144235773543
-0.7064909542426298
-0.19173627510098612
-0.02970467653358355
-0.1627713416569918
-0.0013341314916033298
-0.6852407531902523
-0.009494272992014885
-0.591467240313452
-0.010613045771606266
-0.11311157448835729
-0.00877060554921627
-0.12496439494361766
-0.5925765574466766
-0.2965017631890078
-0.09808427887037396
-0.4853223048782768
-0.07011678282637566
-0.9335886676963955
-0.36779327641387705
-0.5384961463860236
-0.3245259548201284
-0.28074392686793154
-0.24609156359102968
-0.5388672132377486
-0.26407956187904347
-0.6784773471484868
-0.4194544334184482
-0.2781882969175058
-0.17137845500943322
-0.502348188812069
-1.1671279045306922
-0.23286742702979468
-0.5910608802751085
-0.17743655989860682
-0.960849137220066
-0.25818815727186684
-0.7427775811827034
-0.6259895129663234
-0.3288029648745376
-0.2802505685217006
-2.4117208713044724
-0.7532087213670214
-0.6589683780869867
-1.1001317991363717
-0.44650905225716997
-0.04889819879223835
-0.28106881885245316
-0.46962598828044066
-0.16715274446178227
-0.07074796992451568
-0.030536281585227698
-0.29152362728497766
-0.002101150050293654
-0.7233085859905779
-0.010762199526652694
-0.4950060310014578
-0.018070165067911148
-0.7817227451263794
-0.19736269593898517
-0.07939168092723646
-0.21366474124261003
-0.1539862562415444
-1.048056357250451
-0.7312971602024679
-0.5324460328814288
-0.15827903546160088
-0.14505048879073001
-1.391976967620091
-0.3173972638080613
-0.14892553914507836
-1.081301653722351
-0.3377425991444537
-0.32537392859740066
-0.04249572870094198
-1.4812033621856244
-1.511746552458817
-0.3207175147603266
-0.3848879756842507
-0.25291058872816546
-0.08840508384373606
-0.45867472024509653
-0.06971155942975119
-0.3767045485205017
-0.6781409998968063
-0.506150025527495
-0.22654370620009157
-1.2629072778159753
-0.09803159285729635
-0.3116997723658902
-0.22420736643511596
-0.1394235310793633
-0.4436568156641442
-0.09633990405906362
-0.1400262916539842
-0.22236314607872978
-0.04812391358670235
-0.1608667763169251
-0.10396722171594774
-0.10439987447807475
-0.14185692309788936
-0.0335975357636471
-0.22411697702461122
-0.10504177967086434
-0.4497953467330912
-0.24294930375835708
-0.794939964220733
-0.011919604614377022
-0.17123004964863262
-0.0037690666504204273
-0.16552571280029346
-0.008335275808349252
-0.25980351679005426
-0.006252534221857786
-0.507063797038147
-0.00650533614680171
-0.2741655810072079
-0.008470932953059673
-0.10186045688897138
-0.12435582017732827
-0.30315825600183943
-0.12284425765101332
-0.2931954706982651
-0.8956160680915602
-0.21848052757182554
-0.12429543036347468
-0.16165915900395098
-0.22141969052738406
-0.38990351378713967
-0.10782742936862633
-1.0925110173023609
-0.0021479845454450697
-0.2329996045140643
-0.006223569391295314
-0.6514067005718971
-0.0037142554647289217
-0.879837894359038
-0.0049633667804300785
-0.24595765162266617
-0.16536752646781316
-0.005635116569465026
-0.6755523280984822
-0.17802385322664158
-0.3467589136368285
-0.10370159402373247
-0.1485123071029406
-0.4256757230056489
-0.320049812493077
-0.09294833804595441
-0.087509345345517
-0.440038959535741
-0.3675575145211085
-0.15274462911472222
-0.09559201209920805
-0.3615283026430613
-0.39357082054178083
-0.2009621327587021
-0.13150658095370696
-0.02510064384422059
-0.1723285624496804
-0.4284571809685611
-0.04659498794618147
-0.13449154408590402
-0.2583604366054885
-0.13319546651109704
-0.10578524403039409
-0.5129899918669025
-1.471295905689476
-1.3657323171695073
-0.24079684926774853
-1.0789038739167154
-0.21879241405679295
-1.3392067715816665
-0.29444809657360127
-0.1954323068572481
-1.1475604633482621
-0.34141452678025364
-0.27585054083252464
-0.29353791438695354
-0.711625602431468
-0.15466554212980554
-0.14725085528034884
-0.2061621949941105
-0.2701153013185831
-0.8758149941742466
-0.22375813560323038
-0.06644144742239178
-0.1598735468923342
-0.1873826932510383
-0.12263653386753504
-0.21773753892974876
-0.47740869593966495
-0.3158632394207156
-0.04944060088018887
-0.05304916164350004
-0.0012669441930484027
-0.11036597049678587
-0.006588115589693189
-0.20476685020704619
-0.005918161885347217
-0.1340749854155417
-0.023474540968891233
-0.2679846399819058
-0.019865957263391465
-0.08662614791787096
-0.5075243789398796
-0.21509365106322603
-1.148632958514749
-1.0585326259719154
-0.4260674050583475
-0.22103994372446323
-0.9735188889175864
-0.021074358082842082
-0.47315863169623923
-0.0007481063512386754
-1.176566119509502
-0.004510264901909977
-0.7875887945935379
-0.005507371592102572
-1.3574581329511213
-0.006456980278016999
-0.7738835575735666
-0.005901143420487642
-0.08398900455462613
-0.3979682856269002
-0.2957472408227659
-0.4861345601864741
-0.16142142602765425
-0.44592102309889015
-2.1828917788807303
-2.5052894726395607
-4.542322635650635
-1.1505978179962508
-0.8917314581281971
-2.011551645632911
-0.4680651056913575
-0.9155113427957986
-0.05522038980653373
-0.9916461833095777
-2.255653364273409
-0.3118101029313266
-0.8634602694073692
-0.18730220254340868
-0.17910530728910928
-1.8292925655841827
-0.2186071461151005
-0.3613368746558626
-0.8018133389883587
-0.492231628092916
-0.4986993049367049
-0.3491125401997124
-0.17960019234383903
-0.22932642068245615
-0.42212632115898974
-0.03807540237903595
-0.43195920144750166
-0.3072922300611202
-0.4944056024154027
-0.4563640668503257
-0.43123050314898137
-0.23129181369343618
-0.15235343593910025
-0.5176566277212058
-0.5094350189671359
-0.08558719673587453
-1.2767083513123605
-0.32045638116388936
-0.3387656271556302
-0.24938610797523456
-0.29451171648124175
-0.739187341183424
-0.1530088754661847
-0.5503763284189821
-0.5138025541571551
-0.4376310629003355
-1.1603852473963343
-0.10722782092534544
-0.37900506572643483
-1.84724986419169
-0.27420229839541815
-0.09214655700876999
-0.18472891892248727
-0.33816729213895785
-0.9707245221179619
-1.2816310594265814
-0.4539131563312064
-0.1498591683804989
-0.4470363073768273
-0.4879989687218437
-0.6747276304346996
-0.3165203775233143
-0.7158625856247514
-0.26465356863935896
-0.5707318854841525
-1.0431663839685825
-0.5575071295555366
-0.2603074631333584
-0.8533181972385276
-0.2566566309391526
-0.404930137192423
-0.045432803076749906
-0.026947852224111557
-1.4043529033660889
-0.21234157113341703
-0.4559266455901032
-0.6216926633085843
-0.3366818214446741
-0.26334595446340764
-0.02549846743931994
-0.09976286716348388
-0.00848571490496397
-0.18814682510685543
-0.018962474423460662
-1.0491222087681915
-0.02428210328798741
-0.37112470217137644
-0.009135646861977875
-0.3272513630947742
-0.1354083863567635
-0.011870373564306647
-0.2155615982582617
-0.003625830519013107
-0.20076644065852634
-0.007410130987409502
-0.2218767142866294
-0.026281963335350156
-0.24659301403719908
-0.010133221338037401
-0.12004383602925373
-0.6910489712165806
-0.5237352837986893
-0.7319953524262018
-0.7385273941383477
-0.1451279284819867
-0.37922974992966957
-0.2978093457945171
-0.24680021879590286
-0.21867444943200098
-0.6795688101106365
-0.48721659389934757
-0.4046209027854179
-0.6301662138922116
-0.4913839392701566
-0.6001863601844019
-0.4800935194682377
-0.011489877593703568
-0.2664742108796645
-0.0035144236753694713
-0.698782055445961
-0.016882529016584158
-0.5291482495522359
-0.01619116368237883
-0.24320628372637051
-0.01889844669494778
-0.21512298127903964
-0.733630065581285
-0.010236132424324751
-0.8403725880586231
-0.15442757659658518
-0.5625628657187918
-1.0005237725417828
-0.08184423303464428
-0.773914821910148
-0.4000494138025325
-0.15758569298772532
-0.3747352578078183
-0.21778282336708799
-0.6205577818594747
-0.3990170216283192
-0.3370260333092454
-0.2066510719075603
-0.41677265835148447
-0.217313118494049
-0.387447002424832
-0.4231146070815157
-0.2636285480629974
-0.27018552722970174
-0.29177375051509985
-0.08049001057515852
-0.1707331275322556
-0.2982836204969711
-0.10318810868065498
-0.0888511751054466
-0.5531342200327865
-0.25174198804232195
-0.13091749058144664
-0.101888119479554
-0.2597759180243884
-0.4614709946163902
-0.19937183270555509
-0.06049988085686664
-0.3783626223950686
-0.651100847951966
-0.7039497490896953
-0.5078736790688708
-0.5595920429377411
-0.3272910919199603
-0.26143356477384333
-0.20296824812882389
-0.2869228153653085
-0.15802417799075386
-0.3790032937482465
-0.31145158799071476
-0.21012341842056823
-0.1462957978417055
-0.26847127422764416
-0.34647386960174725
-0.12998631034324148
-0.07618076220373601
-0.31017991753469687
-0.8670836582699709
-0.19120420861339274
-0.5489827704685178
-0.01257069232583774
-0.10932436558687186
-0.12683497129546595
-0.16247981230310415
-0.3866723012179136
-0.17982711316744826
-0.4424700851047419
-0.10852516560953518
-0.1442539900350918
-0.14721605445737668
-0.1177544065916057
-0.10510577654669297
-0.3109604792205346
-0.07639689636380353
-3.0594031237997115
-0.021824401139471976
-0.2359316675865557
-0.4176049417727578
-0.22795734154933597
-0.25916603652609305
-0.09033406941655456
-0.13392481043107787
-0.14151993651926903
-0.6950725653181767
-0.31436272148275746
-0.6836945306313282
-0.23481906475819414
-0.22957011878861522
-0.09896856366018862
-0.13289887447863294
-0.15609186008600773
-0.006256382662655824
-1.1508754928800045
-0.19728533985014943
-0.13732130436481663
-0.01599745944258757
-0.14363738882032825
-0.0014151606446830556
-0.13970696150499773
-0.0042036295344587415
-0.1884741779358592
-0.09965101484097734
-0.004228582518408075
-1.1104207745067671
-0.012972121010534465
-0.6262992667252547
-0.009282030747272074
-0.45283099899792695
-0.2541420349485785
-0.179077052733538
-0.40025761105073343
-0.1706453954958651
-0.24895965929681552
-1.1007145423097124
-0.4600645481608808
-0.19783406397158007
-0.6923277129826602
-0.03564197866944596
-1.0977706898454325
-0.0039008307503536344
-0.008574142004363239
-0.7849013295220045
-0.005354962311685085
-0.3947745211257597
-0.007770749740302563
-0.625827171956189
-0.27173456924161127
-0.021937029901891947
-0.3447202458215581
-0.28734630731392485
-0.27191626534272473
-0.23550443350723071
-1.178514006939243
-0.27904452675530983
-0.10968074628226532
-0.3301129966746051
-0.4363710124451375
-0.46809022311460396
-0.30872732166220457
-0.24145401408168254
-0.9724281924199414
-0.252297053762894
-0.013999591479660012
-0.4670485311530683
-0.003083176095969975
-0.29417248044263844
-0.006719977827742696
-0.5873722306152392
-0.00646374945063144
-0.37295204052279585
-0.2082419839425711
-0.303311539279424
-0.2929667566543988
-0.2211653041410856
-0.49625114462126546
-0.40066929529166373
-0.24218355116590828
-0.12325616953963213
-0.1310980676243749
-0.0715237233933714
-0.15599558598280608
-0.4195651484326915
-0.17122298268576083
-0.20091121352743357
-1.2793844544212263
-0.005656644236296415
-0.7225130125051058
-0.006200304836966097
-1.8238261705846526
-0.005392825871240348
-1.2671313015794525
-0.005524729262106121
-0.2470354443941384
-0.009474592050537467
-0.5356248067251322
-0.2498159862977142
-0.4670678292483596
-0.3263816741069288
-0.4875210339797425
-0.898259567977675
-0.7054579384852192
-1.0409279694291247
-0.1755538266996761
-0.2817812689684377
-0.1431335379858116
-0.2201882252885241
-0.2371192682379741
-0.3456396068011765
-0.42518111243003254
-0.11639068105947468
-0.3219209001181298
-0.5730046047879417
-0.01724211615510285
-0.473606961015314
-0.20842499725389008
-0.02921741094905883
-0.4648761014424281
-0.0061298474902287126
-0.5781819072646037
-0.01031824096571654
-0.23459796706083308
-0.3271480367121622
-0.7019895130215446
-0.3724851336745003
-0.7083604221251638
-0.4460157879380998
-1.6521866122812543
-0.5753020509581515
-0.5851210132370599
-0.40530375153321074
-0.5025339594261079
-1.388157403736841
-0.44848987835891874
-0.4608952308759478
-0.43184658087336303
-0.4001652466456327
-0.01508814439876005
-1.399775761573619
-0.000927330504055135
-0.5198079762999188
-0.00488879851764068
-0.11459396430291235
-0.0027389315946493298
-0.04877191727559875
-0.0027799832460004836
-0.16485172097083706
-0.005650338920531794
-0.05846767144652808
-1.0444629952037627
-1.4032562447765875
-0.362362350318855
-1.1057415397216876
-1.2950109931573803
-0.8887085647612756
-0.7369795814371584
-0.16369351875619031
-0.6308269267779346
-0.21040241685643515
-0.3114849009172758
-0.5051676692678484
-0.14210704409697428
-0.3776564930303721
-0.5155119271585136
-0.030767479646935197
-0.4133252847503172
-0.27700379868545905
-0.1846695948002889
-0.2190750236716537
-0.2511162272024793
-0.44920319665528924
-0.022911306470632553
-0.19571953275468937
-0.0011306653323117644
-0.18029948592669218
-0.0038723289617337286
-0.18282480848628915
-0.002835431310813874
-0.4249288412581033
-0.004547192016616464
-0.05656242046643456
-0.006866003153845668
-0.11967398285438928
-0.16076036697216164
-0.20466723515285898
-0.15458556292905037
-0.24192421711400025
-0.4962524770723576
-0.18630144223023612
-0.4057643033156637
-0.5393694818356178
-0.3108645109706433
-0.4767556521426955
-1.3886194992810488
-0.386397183542158
-0.22556825534528846
-1.2188387012574822
-0.19586915834895535
-1.306245383922942
-0.1978215500245369
-0.03788175393735097
-0.21461948602441944
-0.2618600037016082
-0.5273450889923955
-0.08069970769528564
-0.22221381027748066
-0.5431851521975154
-0.09322609423163711
-0.4583770411089006
-0.08761553314495056
-0.1378411263479696
-0.07255046021301122
-0.34670179918606436
-0.028257077356910385
-1.2497447887435555
-0.3220579980779197
-0.35052148620282725
-0.12103006022249853
-0.24702118224447459
-0.3253830402084077
-0.43796938083197834
-0.6034770170732112
-0.09056491555384127
-0.008519767798134126
-0.12096304128830195
-0.21520689726912678
-0.15719554526731372
-0.08923961222639523
-1.2188069676049054
-0.22728177403405425
-0.7572334149691692
-0.06916410970561629
-0.5026155540469972
-0.2551488531753421
-0.049266306713252564
-0.5124168277096033
-1.065458095271606
-0.18808394734544373
-0.24795849560541683
-0.2618555475030462
-0.4605940478646112
-0.4939099081764099
-0.3787669840992328
-0.00630769514827989
-0.19641764072002132
-0.0018594259454403073
-0.347890751976561
-0.006644928304012865
-0.5184947357975034
-0.008151605783496052
-0.7341078916568742
-0.009070048341527581
-0.27158937383404314
-0.17118096880070213
-0.005487556918524206
-1.1440623413259996
-0.28219737564640873
-0.6176856517238776
-1.082571606695031
-0.4899795891222311
-0.3528903484784678
-0.40962241706292846
-0.13319667669422955
-0.655117064474074
-0.6736278915195726
-0.08012636227795156
-0.9444672410609201
-1.0656147110135303
-0.6258985709178281
-0.7164297773146742
-0.34751799882203405
-0.5522807444643502
-0.15674501136891195
-1.0461822134675458
-0.5956123203922765
-0.21630981070080046
-2.041725704446435
-0.4271433493116888
-0.32477373642637086
-0.6829375381785212
-0.34549008046718277
-0.1495692753910084
-0.41281381686470314
-0.44011245674582855
-0.15095056759365924
-0.15966804701536824
-0.13021037482957143
-0.0831264708451474
-0.38437961268645987
-0.16420977008179988
-0.3300947835307113
-0.14730707941483254
-0.15086627204420272
-0.7388756006731877
-0.09495659341929527
-0.2794562546719265
-0.4320952979226907
-0.46250798679299504
-0.5351917118171216
-0.09015466898934112
-0.4323550329011466
-0.2563696967699798
-0.7732548568448272
-0.3300335272229976
-0.031592067040037364
-0.08453128468924358
-0.003144501824863255
-0.4393283796360805
-0.006601929431781173
-0.2690766945145621
-0.007790280738845468
-0.3033332625563183
-0.006974665680900216
-0.39087231802097283
-0.016517728101462126
-1.1910002232994885
-0.01667269505560398
-0.9054977830410693
-0.19212456718216547
-0.0367613274558442
-0.5356610700269407
-0.21019186807916412
-0.21938620458555447
-0.9029837072266673
-0.16930960791726718
-0.038472558973681875
-0.32558737505742635
-0.2654914070037352
-0.6057123104677885
-0.6134059758961712
-0.1661797174315143
-0.7072875874899183
-0.8067522640808704
-0.774325642909389
-0.020758157363161445
-0.4554932824939679
-0.005854530609212816
-0.7466504630524882
-0.011108737671747804
-0.37317420888575725
-0.011059177340939641
-0.949729097235294
-0.6079189870969972
-1.2300131396235277
-0.8452783846139937
-0.15808303171348492
-0.32047107856975676
-0.30115110398679784
-1.2595374697033548
-0.4077387261247829
-0.5333992869060682
-0.23516554660328132
-0.18309749031937828
-0.1399423874090265
-0.09030758779961336
-1.3548398554826586
-1.064176992616292
-0.642778401369599
-0.4068280300269345
-0.5102363420771914
-0.15382935277496776
-1.1999664735523679
-0.8243882926487155
-0.1500038920366933
-0.6125352123633222
-0.4053837261342778
-0.8514696584543645
-0.16256272853615883
-0.7074692972760994
-0.5202998497188673
-0.2886937794711078
-0.444322835591566
-0.253934574680645
-0.30768713413510795
-0.26816841841675915
-0.7627775723880511
-0.5704957700089986
-0.5136954636786489
-0.5520349000704631
-0.46441926421692353
-0.2730767712341081
-0.24099430123314675
-0.530567003363376
-0.13309153009468783
-0.41242036699122764
-0.12174745781275785
-0.42833531428424554
-0.5849250835576227
-0.34518435381049156
-0.1236730134858874
-0.3753219636736113
-0.2809940943843685
-0.8794166500271016
-0.11409729369832913
-0.15367874026833306
-0.20286615566037652
-0.39176857759593986
-0.25807201724528567
-0.07587281983321897
-0.040579955209977925
-0.09147813832290315
-0.00269344772095792
-0.24716557871238365
-0.00647853926056996
-0.19254277656617216
-0.005665469856467098
-0.15035017760081765
-0.00444287876598537
-0.12586173591942632
-0.005147772142663598
-1.5555467252755382
-0.272143413463491
-0.708809141346137
-0.16139505349565297
-1.7591731969732791
-0.488578858869409
-0.491522121388698
-2.1754236550768837
-0.04761435490612106
-0.06616620800377859
-0.01699648877079848
-0.1642059399108313
-0.08344579849072034
-0.16113553295809138
-0.3787436602374833
-3.453278496861458
-0.05920153882361774
-0.20329263184368074
-0.39819860187598505
-0.3885100527091304
-0.01675090279604774
-0.22749625254418787
-2.183795213699341
-0.486767052059911
-1.2342721226717306
-1.2043089203793247
-2.148142910754541
-1.4246862860939775
-1.801543686063572
-0.24879020307342076
-0.10508579285096158
-0.38475466862623453
-0.7482184504362521
-0.13785055297633114
-1.2433187333517708
-0.30997075843062477
-0.18625874641458556
-0.3222118294197571
-0.34752849071325426
-0.3733494471131659
-0.8631042028078809
-0.3530979619582994
-0.540358404707256
-0.193879505950227
-0.26288123456241264
-0.15607789749174117
-0.49800477523308473
-0.20968793019063822
-0.9842661954013378
-0.12147952229897782
-0.8469233031355543
-0.4844970032096915
-0.13011719636024618
-0.048217762257861195
-0.4657346436381431
-0.009024484835936163
-0.1865398109245689
-0.5623059497660279
-0.3850722263208202
-0.2655257145504168
-0.17221878546464722
-0.6491370048881637
-1.0360741287119086
-0.24159452877938747
-0.3655046697972769
-0.7305918937136822
-0.3693527671683114
-1.1884094603093607
-0.5554641071936969
-0.2295184991403053
-0.12260846465042877
-0.11905034897573877
-0.14988435171802517
-0.12075168052751906
-0.22685766080670203
-0.028051797321040794
-0.30385304271580665
-0.30559311970953273
-0.31573391506546095
-0.09786064435432379
-0.8985008503077552
-1.562964767217636
-0.3587165362072743
-0.1756379192914832
-0.05585064373897492
-0.13335306011261613
-0.22601998625912695
-0.9944155523054568
-0.5797846651160702
-0.46834710286258185
-0.12297431008805275
-0.1584183006751118
-0.37983678056823716
-0.4654234449222071
-0.16562980146951045
-0.11437696908529174
-0.41450087194860835
-0.23260894523723677
-0.6405019806770724
-0.010801656171679497
-0.13172002595969445
-0.3629456188943247
-0.18534778034587648
-0.547443752828076
-0.41465113577275287
-0.270784178284045
-0.2074195052462945
-0.08799463947420569
-0.37173627042570195
-0.16627767112160136
-0.291568180291506
-0.8409322035740843
-0.4635558474742888
-0.1507412562109144
-0.3170357584046239
-0.5405952462781117
-0.37091254310787636
-0.0626162412809208
-0.465112142020906
-0.4555562711720995
-0.006910238473210484
-0.5244103472324381
-0.038222367542402935
-0.3489759915978311
-1.191420003870735
-0.15693380016233752
-0.6108271417275924
-0.20494480887039876
-0.07936124044645113
-0.22134478180790515
-0.4935453192165369
-0.2575608910968255
-0.15462242894273004
-0.5150269887652309
-0.005849322667927481
-0.3232193807149694
-0.007750857388600707
-0.21179239745677997
-0.3066985739841628
-0.014016471337527037
-0.22889947019505477
-0.012269065016880631
-0.20498084978912215
-0.23259543680294884
-0.022884842149953608
-0.014268287224695086
-0.246330573439768
-0.2639230009688815
-0.23839237996666765
-2.746277050115168
-0.5515921416787819
-0.31499560245720204
-0.08618852399151365
-0.165265973663918
-0.25392749415200133
-0.3512071568596487
-0.23598810478886828
-0.5682592069128684
-0.7375927168081294
-0.2863953040165749
-0.34876286569939613
-0.15434149196153157
-0.19778326819652228
-0.38546436573513065
-0.1707855180889705
-0.2336491178860039
-0.07394153815739123
-0.009682237461674958
-0.08264577742890349
-0.001554036876768805
-0.26048775413104863
-0.0036904621229041368
-0.2073225823574514
-0.0030332996393553913
-0.1439596147390278
-0.004355798533651978
-0.14034729855013212
-0.0059961642837151885
-0.36259137931795393
-0.29156168591968407
-0.005926930681848067
-1.191311120951165
-0.3610112812656996
-1.3399250394674407
-1.0034973557282814
-0.9692874631561738
-1.0348170399282446
-0.878942985500461
-0.20373618598290477
-0.6023508990060691
-0.2824563780700373
-0.4837788575162752
-0.7746595179624877
-1.1180335565642543
-0.4336996657567887
-1.122465925554732
-1.7486600486768618
-0.9197125436670225
-0.5235937086016004
-1.1092185561396035
-0.27688339677115437
-0.26262200709506417
-0.6732256889267269
-0.534433821613978
-0.7696831175016996
-0.7013102575228913
-0.42393902721069027
-0.40337324294925664
-0.2295638585365807
-0.5208392253522106
-1.0453077419145604
-0.5445687465196968
-0.421708496364871
-2.390605114167556
-0.862883859941121
-0.25530702979813213
-0.9124545424473791
-0.18703591497303154
-1.9091327614150941
-0.2074565237586308
-0.16321378417480792
-0.17290624806820334
-0.24895067532457743
-0.2000035986726895
-0.3103991017592812
-0.4098469646062586
-0.06041058921505282
-0.18129256987548034
-0.4097894899030942
-0.0965711204964329
-0.125744422687967
-0.10652678932819981
-1.5248470479345997
-0.18169923323929046
-1.5011277642721932
-0.21348805006962646
-0.11204263418599461
-0.21581357876129914
-0.8550998847721041
-0.3833793958894343
-0.3931761739271636
-0.48390143643843925
-0.42430534489013744
-0.11519505699020795
-0.1380409200162409
-0.3875725810175191
-0.15376920692992826
-0.2563375125355672
-0.3504957881388203
-0.8734656087063366
-0.42227415319838557
-0.26318298541209517
-0.03155255469027907
-0.01833967852871865
-0.21067439546711214
-0.0048399599036201835
-0.6079265901749631
-0.011717364424839616
-0.30352527248337535
-0.005554516101256013
-0.13201165560208625
-0.006227862671948969
-0.1621790256682029
-0.00927201216109097
-0.14458878492678195
-0.008295085397548974
-0.025905388107405867
-0.015427518170326948
-0.520723788152332
-0.10603312245511916
-0.009396942798048258
-0.25997654367832485
-0.016814374442522723
-0.2591745779380667
-0.012835462810471654
-0.15078963117835542
-0.22918143368738478
-1.0822519101668149
-0.3840271972131969
-0.2313608434118438
-0.24499897813677762
-0.0998715179883471
-0.28948262000660013
-0.18096372304135003
-0.7166759525309316
-0.29160459112079645
-0.41491605053567276
-0.33707754342414703
-1.0641307653485066
-0.3002109816443408
-0.9360531283941782
-0.621835529577284
-0.019329233444295824
-0.1474561788563733
-0.5417968957023428
-0.33471579100175103
-0.05425154209874213
-0.49516991995133813
-0.9929306065257931
-0.24342078440822662
-0.40314430348976554
-0.17053683355169158
-0.19400690058985978
-0.10758870076144623
-0.24113308288382254
-0.29506372311880114
-0.340521758257384
-0.2985862040854247
-1.113074323470937
-0.44567314609884645
-0.37446356659557783
-0.3335884247180303
-0.2679374214574706
-0.4207462723541539
-0.39566379035143956
-0.3387317317186996
-0.3419333124273524
-0.2926039002804828
-0.45339184292874457
-0.1824099322182883
-0.06981011775011818
-0.14650467898963862
-0.07016273047423738
-0.39792366503509885
-0.4704949956519288
-0.08953026187494591
-0.26870770859500226
-0.08237635484072277
-0.5304948447103015
-0.24411371787819067
-0.6172959950082306
-0.012600119685278818
-0.42679652868968593
-0.135605611317142
-0.5015079017198681
-0.12445763307810662
-0.16580983282827627
-2.6533175203931023
-0.4611324375367379
-0.16534889025893384
-0.18971100203755972
-1.1448323767574038
-0.004227698313505763
-0.5152387601395283
-0.44735079519261944
-0.5889881355243082
-0.801923995998212
-0.5906590754166245
-0.6729671695188396
-0.10589105145542514
-0.4430909876032274
-0.9405461655919413
-0.1885824059651592
-0.46801998425355446
-0.5067908488087726
-0.37194711083334586
-0.23315114514206747
-1.115136612439528
-0.15411312605938293
-0.2630714936197116
-0.6083952275482891
-1.1538949962705374
-0.36146346684897657
-0.1938257733901359
-0.037630582607865413
-0.2841330638227373
-0.1553933205708745
-0.41606106076990557
-0.6200742215189425
-0.11168784564002775
-0.25597419131619453
-0.4552566761412217
-0.15858222124937
-0.28216844479599484
-1.3750821631401777
-0.2374325411945948
-0.1244454802821906
-1.4183205752633512
-0.10530483734652307
-0.06508626537834061
-0.34526027150192523
-0.06890152458618104
-0.0929395077619688
-0.35954555963263163
-0.08121187072310931
-0.20597315004063907
-0.5519903148931917
-0.4003329719616095
-0.12598136043595787
-0.31927398607361585
-0.38174074575086364
-0.9349490121980621
-0.7951404612454901
-0.3441079434435648
-0.163754181537245
-0.27664921206760484
-1.1040471157228404
-0.13416795294532285
-0.30570438917341863
-0.42719747702622873
-0.15661588552817798
-0.4747725904743237
-0.13897821269006272
-0.5021590292448915
-0.5812624005150362
-0.10131101290699007
-0.24257788760587573
-0.35892153694294393
-0.9621244777711652
-0.43194965048370737
-0.4772634669944761
-0.1745218747342733
-1.0980210225074447
-0.08318016647050779
-0.32906258756393864
-0.5274704385394996
-0.8063501935713097
-0.6777742270370998
-0.19572355467597963
-0.5663768761498633
-0.8122332939738044
-1.261530576225482
-0.31737655714553115
-0.32513070541478684
-0.9551730550348498
-0.01341024831708637
-0.10128777182862078
-0.5213821872548579
-0.9370985555958343
-0.4197679353498667
-1.1304029233207464
-0.25532182395487063
-0.3439662131909894
-0.19255601453674875
-1.569832395835465
-1.3745515723292354
-0.05899225689159051
-0.2796976143217762
-0.791891375278441
-0.20371451604811036
-0.5516211656593861
-0.23361987079312843
-0.3882845290174653
-0.7644095811032457
-0.6309198712357708
-0.24540504109336325
-0.8903786469600163
-0.21372337521045534
-0.019079104502452537
-0.15634324529443452
-0.013550686184316874
-0.11205610666479515
-0.23470222647706074
-0.6982050547005301
-0.1696590450592339
-0.6847456222296588
-0.1087797748077719
-0.43495792535973393
-0.0679521946780369
-0.32035525515675545
-0.25195103672904223
-0.2810700150316734
-0.5443920711986721
-0.6511754305168076
-0.33026043518317844
-0.23492857625205943
-0.7100606087339353
-0.15110877226106822
-0.07702847140535596
-0.014438633108511567
-0.42716757432198654
-0.01665318908635527
-0.22556857581002987
-0.01794118876568973
-0.43049142627940457
-0.32509569096065305
-0.2310345712330066
-0.14767971076732714
-0.403911322762724
-0.3058281041945024
-0.14788783609986922
-0.25107387541799614
-0.7532474558872005
-0.25793322323555073
-0.42530488905807334
-0.025955410674214363
-0.118003292081994
-0.10778009290515911
-0.1223595376346566
-0.21955808896673262
-0.3055391837135955
-0.0075693063748379545
-0.041692030452395556
-0.5386564678628929
-0.37760908485889116
-0.3079623141208063
-0.5857639690266633
-0.23140379893463128
-0.41576135105398343
-0.3011112791872093
-0.4936754309124548
-0.101052523949385
-0.23594963173479755
-0.26233951715215653
-0.2254947320030927
-0.21110645695886585
-0.24969415123778163
-0.47004654152438974
-0.06327084306212782
-0.3784028982155523
-0.25467798101721306
-0.07751552221016027
-0.2718865308198264
-0.342168122503998
-0.4822924785442029
-0.18387198157466222
-0.06995031474126825
-0.24056195734275124
-0.4587536767612619
-0.2267864299877312
-0.21956071354725282
-0.2528269506484811
-0.38843956101643723
-0.3192131494482358
-0.9353193840700745
-0.24505056637510853
-0.06855017691771081
-0.5342006226225445
-0.15133171597434822
-0.13218252850763537
-0.7356313741430702
-1.1739926025795284
-0.4434972990821808
-2.5539715631409003
-3.772188320942223
-0.17870340884621025
-0.459329049716763
-0.2922859833070106
-0.217664311260083
-0.2992750236956691
-0.08640812571760392
-0.030793174752034247
-0.08410526579245925
-0.09981600969349023
-0.0012824102741433308
-0.548854924564044
-0.013288785587064922
-0.48779509610118876
-0.379328689128306
-0.00872633617836982
-0.20956146254091787
-0.01156032586004585
-0.20363779855988468
-0.016674083308316767
-0.1428386852287152
-0.01579005445819348
-0.18355209444201556
-0.0158371077850461
-0.12316409329083437
-0.2639008813421242
-0.13776613771915436
-0.10928472717336414
-0.034144369114073925
-0.011251359479501843
-0.17683560729542827
-0.009276773314923048
-0.09108892118129575
-0.007427894917782396
-0.12942801733552187
-0.006787236663512886
-0.6162148026284273
-0.13301787634247597
-0.006035663071088493
-0.13044266883193245
-0.3660388811502719
-0.007447103096637875
-0.15622622917607032
-0.30969178138396575
-0.25125325863043907
-0.19055987649335293
-0.5566519468494562
-0.18367027334150204
-0.5699509047175607
-1.8614454800176379
-0.32755190550866514
-1.0697799563761994
-0.042017266688286654
-0.1679548303712251
-0.2171086482026658
-0.2401413662129926
-0.06208295960441319
-0.5722749832426042
-0.5174016171861998
-0.09568822857326993
-0.21005860665955056
-0.1087366658175597
-0.05426938124020082
-0.09472598515630555
-0.37980080037938313
-0.3330480527958051
-0.2588503623678248
-0.4174048017497019
-0.33866400610996705
-0.22961731195557702
-0.23383026115632013
-0.06982082644764079
-0.29838445899913496
-0.1548776610288769
-0.22421185383907982
-0.18285420778799258
-0.2199744602724536
-0.23349983692035797
-0.22960395606910425
-0.29662379800423944
-0.5403557916392115
-0.6288504315163624
-0.6177479609016805
-0.13400187815596684
-0.09143434677704275
-0.5641824996841024
-0.4173412283125799
-0.7584190883741869
-0.6937335443060595
-1.2771829745992471
-0.1509641338884451
-0.5206443262415988
-0.48532378973674856
-0.5962765947284057
-0.36069842498717564
-0.3003393970565997
-0.33607522106585214
-1.8203420955687761
-1.9502686403154965
-1.3586332334879054
-0.38845881158471085
-0.14056485827164997
-0.5372820334112995
-0.6305963439247838
-0.10277765654014577
-0.18614125819161786
-0.15877248740959177
-0.09520059644736731
-0.03518080641515553
-0.13230937444556426
-0.3417977662550887
-1.2793884660478887
-0.05567612172589262
-0.40442416860964336
-0.137655144401225
-0.3532993472888068
-0.876607756127487
-0.4457927895215107
-1.1231942974189644
-0.7978547006142824
-0.2910775765668708
-0.18915203511737913
-0.05325860547048933
-0.2289297244850996
-0.6955082331651283
-0.18015429892634796
-0.257845721020937
-0.24165635199865537
-0.3724307291631703
-0.33837536910572225
-0.059471298791322624
-0.13172602301330932
-1.4948967201635242
-0.3993524068334539
-1.5757861334830523
-0.6767373572482029
-0.3978169400652405
-0.6921089758892777
-0.4620485527906567
-0.23392658549441342
-0.3861491830636458
-0.4147785923214542
-0.6212686366725393
-0.4352052345739139
-0.2467190949486293
-0.0896787826225461
-0.3788929537380075
-0.07309292223024794
-0.26431556353418273
-0.8617666651288556
-0.220352776189919
-0.6649611690234665
-0.5139989518048869
-0.5489240571540439
-0.5318767937375284
-0.09443789405158895
-0.8132401937247258
-0.13635868428961354
-0.7985617239339626
-0.1266556534334692
-0.10896983832766896
-0.3882059201127344
-0.14774443510638471
-0.9699499966955045
-0.4667174625210464
-0.4614150671492392
-0.4298805847402515
-1.2812993308665075
-0.47092994285839557
-0.34585730763868394
-0.42381569114397044
-0.17528574750758708
-0.3379443519272302
-0.26434591645012295
-0.1849057316929585
-0.1597020783128073
-0.3125634967689341
-0.35827063292470906
-0.16642489717763537
-0.5255515105676
-0.10167397191617056
-0.6293596212953372
-0.4320766134251244
-1.1699029174689914
-0.7703279941769627
-0.33497860486860914
-0.4937048472671398
-0.5943933461163485
-0.7414342246152299
-0.5135323816612527
-0.7416840287856757
-0.27966494031362443
-0.2261155860760482
-0.1635006109638198
-0.466868307187724
-0.1729901462354433
-0.04508323194438292
-0.44557254541248564
-0.11436775566498152
-0.09605311031149401
-0.29169683463987894
-0.8801738520418999
-0.21798703872555053
-0.13394818707638478
-0.08793102880008519
-0.051514364778995514
-0.16768711298936267
-0.004144881502725184
-0.17604151590472433
-0.005922209355048835
-0.5342554311064305
-0.005106359254568815
-0.9373741896036406
-0.010962109896354377
-0.14175349550382285
-0.014362517278641462
-0.5677416023156385
-0.1554007516244442
-0.00831453432328999
-0.17323424957794487
-0.0067111102398484945
-0.2983726526981627
-0.048996249584693174
-0.019050983362831175
-0.8418603441459709
-0.2913538114207068
-3.7745910584926605
-0.21998459175765675
-0.07672395733553375
-0.3011153250247564
-0.08323988517403685
-0.13238303687380962
-0.8001027019321959
-0.24774723367081605
-0.13956039917605734
-0.1351901434827596
-0.34410770292813847
-0.5368671345798551
-0.28568631469170214
-0.9933408416040598
-0.12290881951194814
-0.43034336773945886
-0.129430641008715
-0.18673186631076533
-0.0950303459078441
-0.20009567899045388
-0.24760825453948504
-0.21620663546075644
-0.2504007356243771
-0.15041194967546434
-0.25990604944993667
-0.2088070310128387
-0.3504969338425023
-0.14489684863430488
-0.06741594625782454
-0.35150559525404373
-0.42258032045210714
-0.20139263189311554
-0.04640614053619174
-0.3066055469132607
-0.2338723758581883
-0.16548548669682836
-0.2444274976676472
-0.43910939060151577
-0.14036032488923555
-0.1824349338724763
-0.09876125350547227
-0.20819057151675224
-0.14717460942423108
-0.3579807217176329
-0.3817133754323136
-0.9932825846184036
-0.11796040963963605
-1.7271763385506347
-0.3856701673648786
-0.36128395463498464
-0.21970500594985565
-1.9583094864831057
-0.2896074923465837
-1.2702237541920371
-0.15141289728937105
-0.11171023482221734
-0.36475754364734614
-0.3490724606523262
-0.36011738874709837
-0.32625474473487964
-1.0663324695895426
-0.7130918670727624
-0.2959475471094872
-0.12914925893609405
-0.48844804338307735
-0.5970371469617431
-0.3298919510785633
-0.3168907253065776
-0.7429124742089114
-0.22312407819514293
-0.3049640655399723
-0.33273431342666304
-0.19974058550806975
-0.23402651680233247
-0.025110291004798804
-0.2594338665976155
-0.09468996734778834
-0.7169617094552978
-0.5812151487645513
-1.4964711608618018
-0.6346693023224361
-0.4313851846345642
-0.741782381025121
-0.42705153434589094
-0.49023827165324796
-0.1928316373396683
-0.4917737345293202
-0.4407703116812627
-0.4667416132233484
-0.14404394507326085
-0.4756766334009756
-0.18782202030615736
-0.2589994163462604
-0.33092713214297137
-0.20233767900494903
-0.1898809222432123
-0.15755298829692493
-0.16623307041273722
-0.24495120751678964
-0.2802901541508618
-0.8734425777255148
-0.2066218475203921
-0.06707743599093874
-0.3561423858245689
-0.15983565586672435
-0.36417846095535267
-0.14487724773207825
-0.6666087839287987
-0.4542178228636124
-0.17965857976711655
-0.06611500433450423
-0.20700865866809395
-0.3799242241671891
-0.22703851748321374
-0.30417132349877746
-0.1797082029748773
-0.3078076902909189
-0.04433964284180547
-0.2939475561717302
-0.3333376561453666
-0.49627722302587546
-0.42905878831877686
-0.3207954444823211
-0.3164456388384451
-0.33360544060392655
-0.16023373622228324
-0.6096106483160924
-0.571365880019583
-1.0452975926147903
-0.4580044175236253
-0.4167053554506239
-0.9803147885242853
-0.03776251673519125
-0.8864388830649356
-0.3555411120495491
-0.3729434141019333
-0.33486314107883824
-0.35957210219799485
-0.12979741912622558
-0.11168601404495768
-0.2445202984206844
-0.6964859974756948
-0.6695421533703876
-0.23509005205505673
-1.4740665753682454
-0.17664050517498167
-1.4523071558214724
-0.41512146749288636
-0.0507475537285375
-0.5000738383732823
-0.1783690411414552
-0.2191933477230729
-0.22549667056591716
-1.0190936081732314
-0.4639399667093213
-0.41099509367486464
-0.36266438332683265
-0.16833087260206137
-0.11632959744625689
-0.3708092972794475
-0.13484261207318363
-0.4993403018446749
-3.836141243111342
-0.01849973150706319
-0.09049183268573623
-0.04716939816223832
-0.13041901892528265
-0.23039830297447375
-0.466289062939868
-0.17184234261023448
-0.32039302235625655
-0.2606635470761361
-0.43227089910071687
-0.12607602487101796
-0.5192432792635893
-0.3970774828561332
-0.27614531052386154
-0.9169785280591896
-0.5652136823666131
-0.17030560164129582
-0.19025572385483733
-0.1938795124168041
-0.11929636977895695
-0.03913877968564824
-0.1023124139815731
-0.16484958749022796
-0.03795663504085193
-0.10291074340585948
-0.3439353363261034
-0.36571053898380623
-0.14096928248825083
-0.2753767254291296
-0.4586774364718342
-0.35257223538876414
-0.18997103491924464
-0.1469017055152025
-0.9356994778223452
-0.21105428822610756
-0.4548369681773086
-0.7021709424725486
-0.9032361285271691
-0.050208195923005405
-0.09348057512468383
-0.6153531465824926
-0.2492933943740833
-0.4649169384826899
-0.15502500516683237
-0.04174158403960367
-0.14384502308656819
-0.14873202111652972
-0.23882342334484116
-0.35114523010193466
-0.5219857376278014
-0.42947515921514423
-1.0962202883092687
-0.01345301787036338
-0.2247609637836583
-0.3937128031082536
-0.2623466579498632
-0.19529114249799023
-0.2555038522132236
-0.27862118861086954
-0.19696521760013752
-0.08240733295679092
-0.2769837132829707
-0.41377355805282906
-0.21232716809072372
-0.11459870742839065
-0.4442413467262603
-0.04937707390529665
-0.12507030794495222
-0.9732057437164701
-0.35065298952810864
-0.7272964696800651
-0.18225761990918019
-0.5678108470594452
-0.7054758338145963
-1.582113603698114
-0.029116752014184993
-0.2981059989576655
-0.3815205197170144
-1.094185072928667
-0.8224998184660863
-0.2961333649703674
-0.18688296727091452
-0.2865688636775303
-0.9741846982248646
-0.015459397794472807
-0.31936191284050136
-0.6479275301098824
-0.2730454710181545
-0.3304353497936245
-0.77588141318034
-0.7511183701135451
-0.16581819356096114
-0.19878045092668356
-2.461912927683443
-0.21278092333874343
-0.14548602664000201
-0.07014033160777655
-0.029435438592643203
-0.3152019090747395
-0.43683803900283164
-0.8476719675074693
-0.35723765941975216
-0.20407874666534107
-0.09119278564128308
-0.12430685590902613
-0.1801412576191069
-0.8656461240486047
-1.2532896122662351
-0.2864809563179733
-2.0336610908082418
-0.3808518678063895
-0.12341797198328094
-0.6309328131028451
-0.17592743730519392
-0.6420853069451239
-0.2050355270705768
-0.1396120035860804
-0.6293147726290045
-0.1691088887771548
-0.2672050392306119
-0.17787523553389306
-0.010243642376735806
-0.13163540908134763
-0.002447723876684904
-0.04436139072483262
-0.010402511339634657
-1.0994908170089022
-0.007601847057230771
-0.8818430296867239
-0.009988555335439742
-0.2115007767213683
-0.007991393387783319
-0.061665765757223
-0.29411151508490246
-0.1273969513432733
-0.22365118310117396
-0.49729583959415324
-0.326624831472482
-0.019333526332047768
-0.1635440733798882
-0.3794088127288769
-0.21108901115512613
-0.10364815126369929
-0.32987619171035476
-0.8570407808657854
-0.6587316737921776
-1.2740337445538898
-0.5667697406877323
-0.12277506975732422
-0.4166370080428611
-0.4674542680802939
-0.31317022220411583
-0.017653075192356482
-0.04473174720387618
-0.0029307667864486575
-0.10494697454850765
-0.006669076276011765
-0.22859956435759646
-0.005969844583887607
-1.0830983282713633
-0.024523978820070624
-0.39904190123724625
-0.010942080931272358
-0.29802666073373985
-0.12346523470858467
-0.14930567814742193
-0.15990383921043758
-0.2362781900181248
-0.7805504794726982
-0.08099801238859072
-0.7489378850600175
-0.7378132215388986
-1.0668321585948506
-0.3442116379747976
-0.11219255261983108
-0.26992795708440553
-0.7707038065927918
-0.7768860437047098
-0.38524896229656164
-1.0063799818356831
-0.5747493541268796
-0.27310463551920194
-0.31515528479163146
-0.3484796381211102
-0.13344027512392245
-0.1755871042715853
-0.6440287070664843
-0.23068635294839623
-0.6313591013090795
-0.20755728546791943
-0.5634815065409977
-1.0174332575149423
-0.7860993702410529
-0.0795848869939988
-0.13484420838417024
-0.6192528084188197
-0.2035147223711982
-0.16871785144932497
-0.5429175008603659
-0.4366801952954981
-0.2774863469993971
-0.22094718926297852
-0.4395095577582282
-0.691616062009676
-1.2323796200878199
-0.16017983762671256
-0.20357674476277185
-0.70135696377547
-0.1116949076029717
-0.5369400980900688
-0.5985659221704636
-0.028468062780715488
-0.343630272878481
-0.1440870623614785
-0.36628135999338457
-0.13486910713079775
-0.09227585918030784
-0.5356299606305078
-0.388667872150888
-0.25097970275269094
-0.19156180109008952
-0.2914846517154014
-0.2408761149769134
-0.16451017382803457
-0.3096146334011372
-0.45192425378341533
-0.671208100617514
-0.28285714560620867
-0.3664312359527685
-0.21571307223946082
-0.43498683335477134
-0.373605067758295
-0.25824822248510565
-0.2841443549989587
-0.30846381423268265
-0.6168445731019624
-0.33003521077965464
-0.8229823537233946
-0.44174857744155815
-0.44795954487914663
-0.08023203582562626
-0.6609486934066808
-0.18504219071491548
-0.08758213894004886
-0.22767954219671083
-0.9060809301948981
-0.14935589013881176
-0.23911997216886707
-0.23935016394484088
-0.07883398303842373
-0.13799796346791027
-0.33189893965598977
-0.27759223342580697
-0.1632367208658252
-1.1226539078181506
-0.914074032078623
-0.20627411175631166
-0.16223236114121783
-1.2338659379049204
-0.15954882177831678
-0.03686193980507192
-0.09730879173498422
-0.11503218394264794
-0.13640428445027433
-0.15993851266102865
-0.14496922875212345
-0.5590635914218467
-0.2666738228473973
-0.20809467026263917
-0.11943506691022776
-1.1206160213656
-0.8181719510914542
-0.6430229784434361
-0.04486152439332929
-0.16344910689870934
-0.34553425968004053
-0.24887445671192138
-0.14131217995817844
-0.49042243832009264
-0.38227402848595676
-0.2477765400494658
-0.25332491311750205
-0.2947615833549094
-0.19152777927950432
-0.35124890717443125
-0.1235272203889167
-0.08779036267130252
-0.36777913266560064
-0.7283736979817067
-0.9861334620582056
-0.21072199762105542
-0.4898175057288318
-0.2871442682635124
-0.19725643136861554
-0.175124769269522
-0.118326875082049
-0.5921366732854231
-2.6267878959576287
-2.027119994163513
-0.1680878750896013
-0.2788646795220302
-0.5523717267413438
-0.19667924748573568
-0.2766245322870548
-0.21135021723694955
-0.17855955142317725
-0.13333742401676463
-0.1818250790072073
-0.02513560013176175
-0.5212361859797966
-0.09724771889079875
-0.09704883720307687
-0.14461365597783418
-1.2326105505810119
-0.5160603311841524
-0.47924323509505484
-0.6355069380057708
-0.1512812849918112
-0.14132417096366492
-1.0228622555732727
-0.1338774916059511
-0.5985108962429097
-0.21193099759329925
-0.8683355240986063
-0.21137618924246288
-0.0538346639041265
-0.061231824280615625
-0.12351424529109724
-0.2571112583228138
-0.09100729266399792
-0.2495076230901759
-0.2543494573017597
-0.08260056921123275
-0.12496163018009351
-0.1372528436010422
-0.4160429210518487
-0.24473523221396526
-0.024429081415291876
-0.6146121915589902
-0.8988038260166888
-0.0018006822501774877
-0.4034052509836025
-0.005261846352368593
-0.3573228968253672
-0.5630282107124633
-0.008749863132834435
-0.22969215836777343
-0.006980628735618666
-0.45170737981467635
-0.005802247964311391
-0.3880197906060047
-0.00668270664755255
-0.17026696396847416
-0.26647074199241616
-0.024457490927558796
-0.015028120833449066
-0.25335397052033126
-0.42649649987433613
-0.10021110320703883
-0.3461240064670221
-0.006793610489694402
-0.3474149426364736
-0.5223854140337304
-0.31741175968136304
-0.0025970293499995023
-0.5015782521782292
-0.004924681619741023
-0.8159267442060809
-0.003995243634562939
-0.5839918731126702
-0.004989197652321309
-0.2774812362956534
-0.010311649064533412
-1.0741365334004513
-0.25567316767984133
-0.4057691478921506
-0.25053711830744024
-0.23893411036988255
-0.8321031140680694
-0.1820776919245729
-0.2931350549975162
-0.3244853072067469
-0.2957586027162185
-0.43205172767346994
-0.3855564593762513
-0.2741484947695701
-0.4492498635530764
-0.5301593609705529
-0.3467623285774607
-0.511077638218012
-0.23703868472749695
-0.14508784653301926
-0.23802887528914984
-0.1626836644281795
-0.26191125988614977
-1.1368802198170063
-0.8438688382395692
-0.5632477124177967
-0.47228168987261265
-0.30340099823921
-0.200915403222704
-0.3181175312625367
-0.5785019170090493
-0.2638590654319614
-0.5581143394719371
-0.24632064051052907
-0.7284913295381557
-0.594039445707748
-0.44701539327236506
-0.7862010518016177
-0.2791793287102416
-0.2618830102720521
-0.2401340780501003
-0.2430385700441288
-0.7405399532315793
-0.9124821115208154
-0.23662359138890882
-0.6825477853136703
-0.5092698855896742
-0.4258727066614318
-0.3324499209506434
-0.2942780210833007
-0.8600496157560673
-0.199953540626526
-0.06441384985055265
-0.23034098696772767
-0.6370459976268259
-0.2853016470594255
-0.09520767454077941
-0.24311573858160365
-0.1934819000436821
-0.5242309458267869
-0.035439189232420176
-0.272423391026407
-0.0019522429211065173
-0.7722460434680605
-0.008347131893970072
-0.06749026709478585
-0.008023759291972965
-0.07759133290632494
-0.27483831364043
-0.007065337791573256
-0.25325454754838433
-0.29798850722470044
-0.3289142883076077
-0.1864836822620808
-0.8875701311335433
-1.4421363592147827
-0.3175754214753397
-0.224153431454822
-0.43241925948219573
-0.009893910493701696
-0.44480607861987664
-0.0037784830201417208
-0.26296813913249356
-0.006095530290622264
-0.043406214977811226
-0.007192575139924884
-1.1199534110977158
-0.0034673160989768803
-0.4947607903547275
-0.008949206094257534
-0.04000727790407836
-0.053534328041981404
-0.35428980086645523
-0.17392089972636882
-0.45782849274804804
-0.2672222073782298
-0.2993602588405618
-0.5326146073538915
-0.4298168350454944
-0.33212333254838694
-0.32364377590382554
-0.273926891181223
-1.2557546883821487
-0.17241824853954313
-1.33825903236866
-0.333189449624981
-0.25220976622853486
-0.34412768873537264
-0.6971147679723799
-0.8800756346123914
-0.21872753159441344
-0.34000009766249506
-0.36120041601578934
-0.12164924736057021
-0.09121116132057348
-0.2380101134549477
-0.8355813680514425
-0.20987996627081884
-0.06467817813927468
-0.2906392644116522
-0.25253862846459796
-0.08853403630366136
-0.4831384969322244
-1.059046548691965
-0.09643574007309831
-0.41816664196048803
-2.5614502686075866
-0.37204538041844576
-0.04295678295996671
-2.65654662437737
-0.34394256108498666
-0.3186231157601314
-0.3890888680983561
-0.2968911426693756
-0.09575293818124919
-0.11287222571792636
-0.46741820561692293
-0.3334118763740922
-0.14258289187273476
-0.34194447936142924
-0.4722900569483028
-0.20469358291510226
-0.08760952845091197
-0.2933631464898798
-0.3742966743679195
-1.8593350648880005
-0.21772143282643291
-0.2101324504605145
-0.07673548720777035
-0.11118590256113461
-1.4057156406455287
-0.3502003995963605
-0.44988102704519406
-0.1294888950069435
-0.45308307828922395
-0.35292770243192234
-0.4206075795615713
-0.18150659027430396
-0.3347404609834405
-0.34095250498112073
-0.19174126841729353
-0.26462926125290326
-0.3749011176292293
-0.19186648585719013
-0.1630945375067446
-0.25743216869886965
-0.7226599883763563
-0.22623464821831127
-0.06256568760585424
-0.29810777677687383
-0.8215151728523779
-0.36806775278943893
-0.38487156724440863
-0.3939488201304985
-0.4791933973018369
-0.1881989585023033
-0.5814167156562392
-0.8802094928105362
-0.22626522676624258
-0.44539251845906885
-0.08378224226089515
-0.27712537330668197
-0.08390474668703973
-0.5386171771758276
-0.15584634950027976
-0.368084790342693
-0.3785143413905684
-0.29184112152238195
-0.027934585336576372
-0.2119058864796898
-0.387169345010534
-0.9571771005948335
-0.23647426931060742
-0.15146835362672087
-0.06801620416808873
-0.1572436359274363
-0.0066212930250912905
-0.04042270661061106
-0.01841044134926051
-0.1200812716519327
-0.017923544044606388
-0.05659131548479005
-0.012283734511584044
-0.09507168835209866
-0.15309729518601736
-0.016151548246853054
-0.044676020508632064
-0.1869961388278806
-0.19658268766354012
-0.213518210882512
-0.3440855045683975
-0.17150489321211354
-0.3347101699124323
-0.22445352253258194
-0.4371094356821838
-0.1631005968613787
-0.05686519229422392
-0.28602398664224893
-0.8821064129249583
-0.09884866848768156
-0.18982388949832188
-0.634274890794245
-0.16315447677052794
-0.28128233151734383
-0.14691340500374078
-0.22061543253249738
-0.4249952896672767
-0.17382616611634205
-0.1593136765077361
-0.16439589927934625
-0.3198514225005847
-0.13658743700216291
-0.5952543796622194
-0.08574154034431558
-0.20500320773736838
-0.4241669250419363
-0.3982805544510484
-0.646739484003956
-0.25194828994216023
-0.5237416141701813
-0.16757622829124255
-0.4033850863182427
-0.1718370755468186
-0.25750271806060077
-0.1404619989237593
-0.6090022571667137
-0.20917440759458258
-2.754460441385163
-0.9287440681176425
-0.3276091090034849
-0.3079884964504994
-0.06745427340904196
-0.6113687752908277
-0.16850895665411922
-0.2946143765002489
-0.18782347044369394
-0.20561374444514513
-0.1903537581979785
-1.0919633931125645
-0.4676906657953168
-0.5406635749505833
-0.17559465265704913
-0.2659772995393723
-0.45828263958992466
-0.3394762729140967
-1.1456565875560045
-0.6241233352903919
-0.22532179470322766
-0.38139846903419206
-0.015949314984027296
-0.4911383983466343
-0.01593418640550226
-0.13273233907188867
-0.18291742487645024
-0.22654200967008364
-0.16422652684302413
-0.18606522287272503
-0.5616748675890805
-0.38209159135918264
-0.4398296495325797
-0.1432568224233061
-0.20606083332705355
-0.21152907553011943
-0.03277952608617852
-0.5028364255344059
-0.0797682492993772
-0.06819238641700005
-0.33554208142646125
-0.20671954791747527
-1.574041228275746
-0.35701841526050965
-0.20297083591285628
-0.361824724914046
-0.261905806634042
-0.04645954707406678
-0.33953639516501727
-0.3623541295528412
-0.15080642979694125
-0.6150503315579116
-0.09659633499904885
-0.2122926414866106
-0.21194222974006124
-1.5923439240556263
-1.6493912171960499
-1.0117844489773027
-0.41503141756525924
-0.6965379124097748
-0.46399430632350386
-0.23208610111323652
-0.16111601063709136
-1.4434714480227058
-0.06801516106150468
-0.3061207538308476
-0.1535960826173323
-0.06731685554492917
-0.4122543633386613
-0.3189227002722042
-0.14862479598500045
-0.393887781003936
-0.9861007082705934
-0.12527291120323059
-0.20887276806725805
-0.8526047762488815
-0.20754757092941872
-0.20236536661722118
-0.49398834144255943
-0.8754304785349328
-0.10821957159244751
-0.518740378187171
-0.40220600026395914
-0.18087627656266736
-0.39035628955771245
-0.15878756337832994
-2.3451924964707964
-0.18312915999175808
-0.7420657292267505
-0.22524288297004205
-0.20007093833446837
-0.5068974583221006
-0.5922030870985638
-0.04317993715384156
-0.36086326343938707
-0.24442792207769848
-0.24742505037120283
-0.2084384640480411
-0.3663389314253891
-0.5365926893816019
-0.25893925723133127
-0.11769038656154862
-0.08205361855851317
-0.04214917548597441
-0.04916414128517014
-0.6019358326285934
-0.22797130163094154
-0.16840004593594435
-0.38695914755044214
-0.10741479941649838
-0.17405119902804683
-0.0954137785744125
-0.07144282382992145
-0.08265174628061123
-0.3444189631596384
-0.5102821659734568
-0.03685959363584906
-0.1250208434122375
-0.6004264771472663
-0.3172475364602481
-0.36988170090990025
-0.34035420024807345
-0.03952580849484851
-0.01139652591276293
-0.6900366850197315
-0.2984575531198336
-1.2000727282535435
-0.09067980090549099
-0.23293019122170336
-0.2060482061869097
-0.49819987423563816
-0.2588233055134424
-0.1696699455796506
-0.43147040662256586
-0.5401935378654993
-0.4578029264894212
-0.3610911328322752
-0.590722013306125
-0.09425854331251078
-0.35667688088847677
-0.17921356146043654
-0.11078730574809015
-2.53228903375566
-0.7972226201481104
-0.6528842582429206
-0.17413561960323093
-0.673488466689984
-0.29229212460567006
-0.12956668217384504
-0.1440910738522441
-0.4766421656757908
-0.41117835776374606
-0.4247344306283186
-0.46217986549406004
-0.6364209033522295
-0.2913763209904573
-0.762578022714365
-0.25846536921984475
-0.39552654402158577
-0.43090770424088176
-0.21894694461915756
-0.2775286204578584
-0.4603271392386934
-0.23211840140429557
-0.5733387712345634
-0.40528834454715124
-0.16274659125682384
-0.3767881550952552
-0.6341034951506622
-0.2713677801440581
-0.4359968403196382
-0.1938528492198537
-1.382160070838706
-0.48475134997510716
-0.2053804054150842
-0.2978641540047773
-0.3320418378456587
-1.4117355625448909
-0.2784377890415183
-0.630807207885002
-0.6515132608474724
-1.3054339797713708
-0.2064490978935802
-0.2794240887086744
-0.8015102923847734
-0.40832452647940526
-2.264567130652722
-0.5680883526802063
-0.7700245021184552
-0.4921417050034899
-0.17390013339519628
-0.4494425347528807
-0.14403020022655255
-1.2011646032333374
-0.43107403293574215
-0.27335667610168457
-0.900623549103481
-0.17866396145955848
-0.6104605003492907
-1.9808840344048804
-0.2494819164276123
-2.037509130430408
-0.23377974510501526
-0.6713067306292941
-0.10432428905778579
-0.21361091602663387
-0.3115732697364625
-0.25564742778778965
-0.2190027973783248
-1.3366524449912731
-0.1735524279078373
-0.19062417664302783
-0.3398375761790493
-0.18446004612343225
-0.06364422142667955
-0.07003557938542947
-0.10509443011071949
-0.5198474089284518
-0.21305642465292826
-0.12882382439413329
-0.720502083884071
-0.2540492046593855
-0.667453782582172
-0.2445701609124378
-0.1187961140524294
-0.10460791635280539
-0.26106468954587936
-0.21029467837790447
-7.108396530151367
-0.03541951213264838
-0.582049872557532
-0.0045256647281348705
-0.11942241928288322
-0.017002520035021007
-0.32840307720238704
-0.027974842116236687
-0.17405915048311252
-2.0378854274749756
-0.01793495612218976
-0.28497128191454313
-0.010245706769637764
-0.16887847489053487
-0.008888936543371528
-0.24613580073975727
-0.010399733029771596
-0.3072819775998899
-0.1711211801051501
-0.2843322347817773
-0.4540986851507851
-0.18909171506857092
-0.5545708984136581
-0.4877805541327364
-0.2507269894874633
-1.4320585252484306
-0.1760297971777618
-0.6669107248708315
-0.13515285539918598
-0.20224884933434492
-0.13020689083207668
-0.444452073190268
-0.3344605715889114
-0.16364167990415418
-0.2760047525138513
-0.17473686936165223
-0.049417079150981195
-0.327465823746752
-1.6261103465155677
-0.275695889847763
-0.23820011047744763
-0.17607877340732989
-0.42813945579400753
-0.3349176476615938
-0.5079704310510436
-0.12512139008830067
-0.18167667627169395
-0.44207826234143044
-0.17486549673233878
-0.33959693933138624
-0.2728652567751572
-0.2261244961111578
-0.2607188514340578
-0.20522244731011707
-1.6727314479127244
-2.023640151756505
-1.7190552979409404
-0.4844391942024231
-0.19645535646373383
-0.2583787486575882
-0.4928485030222722
-0.4270882072596578
-0.41894846081557163
-0.21675916460398267
-0.15093528754967642
-0.15037578132777385
-0.17915323123974017
-0.45834860930950955
-0.18530699816545637
-0.3233374408300733
-0.3798160564239197
-0.09097033785656095
-0.1796102476439176
-0.20180709716884937
-0.5097681116082337
-0.11339578581973911
-0.4246263884584074
-0.9215995507935683
-0.6673213069664143
-0.5302210450172424
-0.6503082053372594
-0.2868740049929065
-0.4830735921859741
-0.31662805933347044
-0.2813702668082182
-1.8933222717605531
-0.45428305864334106
-0.12805179805998115
-0.31925324492682705
-0.19923024312741658
-0.38888221873218715
-0.18911050169208451
-0.4992029651997048
-0.11017228400252112
-0.18542972810945896
-0.5360526229795065
-0.23726090717225037
-0.9045334313608464
-0.11247922205317688
-0.21841530654662872
-0.412019882929092
-0.08765735841006972
-0.24617641430671194
-0.2170625962166256
-0.941956227977193
-0.8493443812476471
-0.4555558506937814
-0.25521987191141954
-0.5544642163440585
-0.6836194648354389
-0.41137641490124516
-0.39550302986790603
-0.18671239517075613
-0.7886216952465475
-3.4667411098877587
-0.2302640889375248
-0.3941002065538508
-0.6358755727473181
-0.21726299778556496
-0.5410800649494698
-1.9186146477175043
-0.028984088367516442
-0.36968485203882057
-0.3887649728914169
-0.47788869138716883
-0.2188977617358129
-0.038099357765133846
-0.2576512234020811
-0.5308971963692971
-1.97957536813783
