-9.837634921073914
-10.932732827396649
-10.287185922075878
-7.797289152165831
-7.4239047560840845
-6.461883829906583
-10.266356268166419
-2.7890229870458825
-15.361236174867145
-8.162828050552775
-4.503037567315914
-3.663566943125261
-0.6268110203639026
-0.9180009869851347
-2.5429694744889275
-4.109954522473345
-0.8641414593439549
-44.3443988479562
-17.189386080046006
-5.719893155815953
-4.716771742210767
-5.754932491283398
-16.834738370226546
-7.111314015429343
-0.8547623730009946
-4.741741227521743
-5.954047225213799
-4.865556887751154
-6.600011578912017
-8.925070532568498
-13.37734564416155
-1.6822777765701176
-6.733256846724771
-1.1425490910187364
-3.732986851102396
-2.144320525551848
-1.0875795841275249
-3.841301630298176
-2.8839212332241004
-8.942591758619528
-8.847251397040964
-5.798620405020074
-6.21357135507742
-10.679115681212352
-0.90274123295967
-13.985630559096535
-25.562004732675632
-0.2596519294347672
-3.34521062298154
-9.32564975676155
-4.183131034877988
-7.144600098683441
-3.5231085703417193
-0.6706813474256705
-11.185154597711517
-24.995504579448607
-2.4206941098964307
-8.35464165718804
-1.4063519270648612
-13.481375890834897
-17.688207003728166
-6.094514912343584
-1.600024389284954
-0.6868087640572185
-8.099968383256055
-4.779725505030001
-1.6175071051304712
-6.294770952888939
-12.213127606795751
-11.116380023151578
-6.440565553930355
-13.934216426028172
-5.953349922338248
-5.734690564553603
-8.067732852561335
-7.943299427934107
-3.270828049229749
-11.081003932866217
-2.923395377001725
-5.679172522621229
-6.484666330059554
-6.204955292298109
-14.396015133956098
-1.8599117769335862
-5.746720234135864
-18.995059729379363
-13.722358041450207
-3.0916909770908205
-7.903168814247692
-3.9178158627678386
-11.086050154430268
-16.910963409951364
-0.2889355735387653
-3.0590025535675522
-7.052096656181675
-3.906382141634822
-0.8134396241803188
-6.298462137527167
-3.8266086296598587
-7.346469169454394
-1.4794073472730815
-1.1566842667525634
-6.500929430774704
-5.1413866428192705
-2.829243168076573
-33.64513830832993
-12.75034814835817
-25.719205141414932
-0.9410235810792074
-5.840741437238194
-0.18446600926108658
-0.8222262918898195
-8.968284691887675
-11.855776141498154
-1.737506508894512
-21.5165419051541
-12.736623027434689
-2.094838996181352
-1.0036807972946917
-6.008143552134243
-1.0630510377213795
-3.677008394482982
-5.427482304906334
-3.6290458306430082
-5.057550932397135
-3.063301076918833
-6.490634365505684
-4.610277959094674
-23.666068125286984
-0.025122232735157013
-10.749854869314731
-6.405166294399351
-5.426803290536554
-0.19568484008777887
-5.46091381812613
-5.059468225338605
-1.0584989063791
-10.490688138233963
-24.751030235049257
-14.61086733905259
-2.811253390935235
-9.12036421621815
-4.84810883164937
-9.406054284932907
-11.3194390741005
-10.98428827508178
-7.377787514196825
-2.990079090677682
-1.69581088842574
-1.5243980443337932
-6.186785375146712
-13.248231755142115
-2.0883148443526807
-4.474935547779751
-25.344749614892862
-7.869817784940096
-0.26594740856671706
-5.177887986482112
-5.657636775956689
-18.748155837451122
-44.060433974605985
-35.86172221316792
-6.813345057514198
-1.6407046762979007
-4.04376386385411
-8.62214813204264
-23.167211349718855
-0.026248309761285782
-5.536741102576343
-11.743484600067859
-8.874222823847049
-6.445250835462957
-1.3739158136213518
-3.7078993620784786
-0.8317946103197755
-5.336866854181125
-3.565824492317688
-6.6656894550833385
-1.0216434767913825
-2.3000873489527294
-1.526357582365108
-9.09265966895282
-7.9813795363780855
-17.045277988356247
-5.689299977384508
-3.1945890120732656
-19.926522616975035
-11.21214442152268
-3.3502219563306426
-13.273977436216683
-7.203531442439271
-1.8021867677252885
-1.3872472060952532
-18.303425848627967
-0.5535773187875748
-5.48679227149114
-9.752816749846716
-0.6207281533861533
-7.482272007027859
-9.130511373456102
-6.7758760377651015
-5.518208751556813
-1.1079221627733205
-50.18331547622802
-48.620923398975265
-0.028905803337693214
-3.9270571347296936
-14.8043728152538
-8.933120600553593
-3.270067907345947
-8.792879014359642
-3.905877057246471
-0.840107907447873
-3.5008393310999963
-1.8067449769841915
-5.6877995903942065
-0.5720239808151746
-7.159870348978075
-6.024251679877807
-7.290981208439916
-3.660730615723878
-5.2783922413875075
-3.8745735420978917
-9.285516172618372
-6.92936483176527
-29.82401310928617
-4.257389742190298
-7.2425975042860955
-2.401595673407428
-7.9069360965404485
-11.703461423945555
-13.655261662097473
-6.647249136678511
-3.579307298504318
-5.37358888410381
-1.6828103959924192
-4.23790835483851
-14.448735907283663
-0.02747669629752636
-8.656223952215441
-80.7930460542118
-12.151491919779119
-28.747406879287155
-0.029846109449863434
-6.84347768198495
-18.683875189250102
-8.440062373949331
-5.416419267654419
-9.1169511660446
-3.963232781890838
-6.10576803504955
-9.741017052248935
-3.9426950880017557
-0.9652508489089087
-12.049087552802973
-4.330176776264125
-3.949445695482609
-5.700974234670866
-7.450160810461966
-16.245070551951358
-30.71530011025061
-8.304467691283207
-8.595225137662055
-8.76885775579558
-2.9458397430717014
-27.01183563901577
-7.211310846323613
-2.2771723571843268
-8.672216569823831
-5.422349966829643
-19.720042474720685
-0.2633902376983315
-6.301410121652452
-10.15325303911959
-18.72110107698063
-11.754632351155124
-14.851927214983334
-4.680246826109396
-4.093445608205911
-4.165745690655058
-10.580950377347335
-7.874828497238923
-8.063083456404456
-5.5969716850745215
-2.2265279517705494
-8.149635247187689
-15.629913366341498
-2.0824664637839305
-33.92474535276415
-0.8750533535785507
-36.76691802683126
-4.943403449680773
-10.119866352273675
-6.025178810436046
-4.080627883406123
-8.06656653160644
-3.4072558571206173
-9.37756888914737
-5.284575859301185
-1.3731386848139664
-3.1638783842746534
-11.584852409825544
-6.805592972184968
-0.7672443089832086
-1.1510550764214713
-9.35850125463184
-15.288852787057294
-7.622632248880109
-1.1692756536880324
-8.217573190971962
-10.691304161591916
-1.0194234572991263
-3.326008032127902
-3.719016896589892
-5.4889783630002
-8.504164764388406
-8.051239954773337
-1.6207815067746196
-6.7024522805721745
-6.314733730214357
-9.96809212354492
-7.23807596396
-9.241691410030398
-5.666771272051847
-5.472192959507083
-9.552012334872416
-1.307184785078789
-1.6990912964902236
-2.4873117548704613
-0.7726967114597301
-10.914125535539824
-2.234738818333426
-6.209669442192535
-5.48212040769431
-18.03464346949886
-8.575530012196396
-6.702197962269565
-1.3089453026223055
-0.7452903685003776
-11.611313594374224
-6.521372255508595
-0.5009316427458543
-1.3235857299077907
-16.34616061438342
-15.516883443528059
-6.98051825127186
-6.307890484567906
-0.42565366996859666
-8.529825213225195
-0.761964387500484
-30.26979082530852
-0.05653464701026678
-4.800537136012281
-2.346695157684735
-8.305201957198733
-16.73132919905038
-1.427917547172683
-5.648675137752434
-4.0134668124374
-14.973901064848178
-1.4890998233126993
-8.029919225604317
-13.727370958375104
-7.296747244545259
-5.160373930701098
-0.3895941318041878
-14.35269682824719
-1.8053392168330333
-1.0488257953074935
-13.867196048569895
-0.8821820085868239
-2.7236939075228292
-1.448944732081145
-4.887778045980099
-8.541049116611248
-6.763941843557404
-17.011064284995882
-5.054992114282641
-5.491268851724271
-6.2649477205709445
-18.14430955294847
-2.3937291713314153
-6.807548028755264
-4.408433528962632
-3.542404715712564
-7.782764563683486
-8.888534056682147
-15.673520753804041
-44.39160354710475
-1.0371394213289022
-9.429501699340108
-6.4842975260689855
-52.27655791459438
-4.3962507115775225
-3.340039402211005
-3.9507299635497475
-0.05015316978096962
-7.333608021074497
-1.5427542067336617
-22.8874471708516
-5.165086370582685
-8.601007410015882
-6.937860231701052
-8.178647703337901
-7.238961454258515
-16.011609845214025
-6.845898414781004
-7.836154216023715
-3.413083098042989
-5.1605311032562895
-16.72843728146779
-13.294056343145712
-3.05893500993443
-3.1540910434077887
-8.87550089729939
-19.457776380237192
-24.583361784054432
-9.25837161032723
-13.752922535408288
-4.332604725052079
-1.784226682904773
-4.343720720076817
-9.41040607362811
-9.145511876770342
-10.944870150298811
-7.747168873954706
-14.495775734510971
-4.018126547383872
-27.503976674424848
-5.990317422742464
-3.077959882102732
-0.688181379402522
-14.071727372866007
-2.4627903422133386
-1.7533539292981004
-7.291152757170494
-2.9218667620734777
-1.4756971958559006
-1.8860752719101583
-3.9688004501049363
-6.599730055647342
-1.2375006182737707
-7.745866566896439
-2.0907507718693523
-2.8348408490082875
-8.51838012000644
-12.86730463380718
-3.629763563414599
-7.755814538872073
-27.285578165086918
-14.798769377498047
-30.389430564999202
-33.632136605272535
-0.038812583952676505
-0.8038787815821706
-7.84098450278907
-29.36432000522609
-6.888080058589594
-2.99037234721618
-4.574807602359215
-0.9448060693644038
-25.536704523499793
-0.022139299660921097
-0.011245086789131165
-6.7957730039379385
-1.197324509734699
-0.40548929038777715
-0.13770339071561466
-31.701163426507264
-16.242619129509876
-12.600786690168206
-7.206995004804412
-2.7090204766745956
-5.539297912015172
-9.150229712759028
-6.951195676363568
-1.4745115544646978
-5.572818766348064
-6.946300826273244
-3.282744781562542
-2.27940655213024
-6.640678080780901
-13.93607755368032
-9.147375274669002
-9.796753358119524
-8.099915550546939
-8.51509656102644
-7.066098461917136
-2.812338035031644
-0.8057271080590453
-2.9242644941878098
-22.65403484646231
-5.6287473337031315
-34.957071947224904
-2.2421874448191375
-8.229028239380568
-16.499407842096844
-11.132270336151123
-4.858929312180408
-0.02317630685865879
-6.706356335503187
-2.3114358042439562
-5.492369204372153
-17.028828434064053
-5.5461358173815825
-0.9256061831256375
-1.7375333837626386
-0.6767765363302942
-1.9115706073612273
-5.120047128553779
-3.439584894080326
-1.9326778160175309
-15.061717391638012
-3.0836492229282157
-4.132277874276042
-1.7306075422429785
-7.219411003105279
-2.9318184302464942
-6.899118402507156
-1.5441138902388047
-5.894713833920832
-1.084078419049547
-0.7733144317724054
-4.0906598109831975
-8.852039948849779
-18.97186248718208
-8.377050214534393
-7.043616001124747
-11.454736023159057
-11.214650754001923
-2.880670858141457
-1.274433347392005
-4.688921381635737
-11.235914300136756
-2.7834188123524655
-7.325266595460562
-0.6608167300545347
-40.56315859172173
-3.238969077553975
-2.7330692046762124
-0.6670141244831029
-18.735210388832456
-3.6059622542725265
-1.914789363746877
-5.0478523434831
-2.1714649046671184
-15.395256369370145
-3.751572317936734
-12.037858230257825
-9.110709340911853
-0.9804125716627823
-11.667337283990491
-0.5452558179968037
-6.764243401497282
-7.530483489240339
-1.2196788712171838
-1.0305076612057746
-10.901462842022738
-11.739010744141524
-0.3473392911037081
-5.049391187145375
-7.157053937270547
-27.685563255919988
-0.0181075818836689
-24.83412159640465
-5.6493273710102585
-8.227923717302474
-0.47555301217653323
-18.044917265240656
-11.17489292582627
-7.545575747797557
-0.7781486874389429
-2.139978117187866
-8.372529418493286
-5.781380849144625
-9.550985516922083
-28.713449912483156
-34.53294940829983
-5.5804867846864
-7.578902330825713
-6.105070157991577
-4.331829235696205
-1.7921965278883363
-4.868718185336547
-1.7135670427619516
-3.1110542840160633
-7.294059077452403
-1.7330534828815871
-0.6039593153374199
-2.280002263287315
-7.9295268424989445
-5.906862626990005
-5.433043872978487
-8.289622072757993
-1.3206237621197943
-5.407299558726663
-1.6663949400826823
-8.03297024333915
-4.184418993794679
-4.468375933676725
-2.3110672562615946
-5.423035121418252
-5.00712543170448
-2.85904550160285
-16.15388926043056
-7.368608953889634
-2.670555959668036
-12.893832639325382
-2.411006690445447
-6.1027293389634
-6.357230998142768
-0.8590392609463606
-16.689872591054154
-1.0760708004236221
-1.1401304008395527
-19.892480809205153
-9.178499176141486
-39.692498586837246
-6.480792046638726
-1.2604011246476148
-6.578691667233215
-10.30653150978469
-3.7750998245310257
-3.558198540991725
-12.469021098280791
-7.352201705286461
-0.541061652242206
-2.3458334233246205
-14.409324796326473
-18.1179017159875
-25.35284386057924
-2.179207863184274
-10.71251286245024
-5.601298343248345
-4.773612407301243
-18.594764300212546
-0.5233310400508344
-2.2335171236190945
-9.403834253404057
-6.8322384314033116
-10.023546777608772
-7.173581427108729
-0.6919896717816982
-4.527045586067288
-7.181674411504218
-3.277249620336079
-30.962296297962894
-4.7014411481432035
-12.52157294009475
-1.6476223724494048
-3.872336673854079
-8.409968136285897
-1.9135781955046696
-0.8094467052699201
-10.583362663790467
-3.2714171576512854
-2.900540188242303
-9.987020943850894
-5.405353370140801
-10.349601631682162
-6.644021373156647
-11.875853661621477
-18.78959367983407
-3.339250998269563
-2.1044231571722776
-1.2679888747952646
-13.737398081760148
-2.495092793947151
-10.532915150944518
-15.90114316213294
-2.529093669350914
-5.456644527934259
-0.9364280709969535
-22.450271373330906
-1.5359649733072729
-3.0762000885988527
-13.818675701387292
-20.58093895593197
-3.2423473028252374
-3.1232357539834084
-1.8146581371838693
-8.966855682045207
-15.195712716435082
-5.378727118313691
-5.565289601756376
-0.6001040260553054
-15.718407731186744
-5.287333628919441
-2.0817285734510733
-2.173628782853484
-39.707795571517636
-5.095213435914047
-0.6406356138686533
-9.627853938609405
-8.570147688194993
-5.455463512145798
-1.880429841150999
-10.616662522008482
-12.254118521145756
-2.1170771680772305
-1.805288783609285
-10.39923270320378
-2.0840057797504414
-2.544365127283527
-0.7918778397142887
-1.3756269378877732
-1.7501288649887101
-3.0923516456473408
-1.093178459270348
-14.059639058206812
-6.081819139857544
-1.715022830376256
-0.6614770565565777
-14.822629982685612
-1.2952723130583763
-9.546825102021103
-5.365061795037036
-9.511407985786718
-3.237633513521189
-1.1228923005983233
-5.95586283908051
-3.504069697968589
-1.4332131298433524
-13.97473475750246
-16.33090884786725
-8.925203557396344
-7.977200143403024
-1.0514874757063808
-6.927876946690958
-4.374674287584639
-0.6087043007428292
-6.533854702257685
-3.4460858933096006
-12.794190317719767
-3.899339707490867
-0.06077674496918917
-1.6134223184362781
-3.880547344252591
-11.059165212355765
-1.8668332651723176
-5.797406068440978
-5.106715048052138
-12.720011965413505
-9.57101705839159
-4.349019519300782
-6.991747774911346
-14.928860653061975
-2.9904235962512757
-5.966786665434483
-1.3503534163501172
-12.321134654481284
-0.41593596173333935
-7.3192692075972445
-6.5825312912566005
-0.7270992643839236
-8.191777680265659
-5.86965502226667
-3.588740781151955
-0.07789247436994629
-5.066932169092979
-5.990060006725798
-0.02436293661594391
-0.9879227912824717
-2.735107157670427
-2.473562711593331
-0.7464500652831703
-9.405210472220915
-41.297202696547174
-0.6011363918769348
-22.901398367001093
-20.353919049135584
-11.434600428482554
-14.48629727029379
-0.8454745355993509
-5.284641581587493
-2.1440250281339104
-0.5411946803797036
-5.776205790360109
-6.48701311316654
-2.2403959185212443
-3.910311971291776
-11.314524671824984
-9.855146393194445
-15.149124359892078
-8.620278415622124
-3.5971064083860256
-8.163530193836777
-7.237026004884683
-11.201586718990256
-0.7190102530256581
-1.7843634727214521
-18.776979890750226
-7.17715516872704
-20.387060875897077
-9.020844414040766
-1.9456353253308407
-8.090506496839225
-20.129856005522015
-4.665797114836096
-2.292789622069904
-14.76510126622179
-3.68556731215358
-8.493045636060742
-4.928698389257988
-11.26128825320211
-1.881081901872676
-4.299940072640311
-7.962384812497476
-1.4577776706018994
-0.6690027852282583
-7.8464493307546945
-5.64213161635098
-4.909292305615963
-2.150094445394643
-2.0409196238235836
-6.278446674337829
-8.97179661563132
-4.829008233449713
-3.932895192416254
-19.409072894457495
-16.69518449710324
-4.763805278467771
-0.22350087118684314
-3.091490072591114
-3.6285385636792853
-24.78912026820103
-16.62299462527062
-12.050592424753631
-13.547217500575243
-7.161917366880516
-2.5039394593704856
-8.261516059883888
-1.7663066801978857
-3.205549378399155
-3.3390695960260928
-2.27470448234817
-20.548214312543678
-7.56741961710577
-1.2011705305194482
-5.816088985884562
-12.508828682379772
-1.3334849022794515
-3.7513980972144054
-6.081496470960701
-12.379479396608076
-7.556259748193952
-15.786487737081188
-1.8991656970174517
-8.258825134005747
-0.7655304425838949
-8.29299877661424
-6.491996977053532
-10.653322477049187
-9.93384583259467
-1.5160709679266802
-7.332047904405044
-6.6352184670095085
-9.758018291973713
-2.903822317457525
-3.606565342459362
-6.189033406437375
-17.092651814458804
-6.5425829046112085
-2.4677509900757286
-2.894920197692045
-1.8547460666450206
-7.745691602867737
-1.5545507762835769
-20.672382740340254
-9.008508120896295
-10.900608934496177
-0.38508499483577907
-5.162376699503511
-3.6899677997826075
-5.221526631553388
-0.3038820374149509
-0.09060358660281054
-6.462564304471016
-3.3389026584912926
-10.473827950954728
-8.007106681120831
-11.607059080659383
-4.118693394436377
-2.186280417110538
-16.514940241470867
-6.782852350925168
-1.4161258693784475
-2.1479069306442398
-9.155296902354166
-1.5055346807157548
-4.591421491933033
-3.337035651655242
-6.771817105360242
-0.6193640634446638
-3.8351502150781016
-5.6438623980129705
-12.035591659605416
-10.244168261502637
-6.0104406132322765
-2.989522506490175
-2.720590194714532
-7.046920954162488
-10.572908893504064
-1.6046707876957953
-0.7477284171576457
-16.153707655405015
-22.538703124864696
-4.064686174760027
-1.8918015201072649
-0.6998858752931483
-3.5754174341855105
-1.709005647493541
-0.7199516367325032
-7.720631262760435
-26.90299081940543
-4.0785255882074125
-5.623680764189885
-8.265916275307177
-3.683790074195713
-15.423899759800406
-23.130180764470424
-8.767342304679914
-0.8228027207002242
-5.260541576163632
-5.872365853709198
-1.4153115523804445
-18.541128201934043
-2.983953466740786
-1.370075656206609
-2.9804375395178795
-7.381919448715053
-7.1154267435777
-5.022521814153151
-0.8152938726104821
-8.234295115385976
-9.007239674625453
-7.647072369344642
-0.3930824206327088
-9.989238546266279
-1.4157114394547534
-10.53638169311671
-5.306055428168747
-7.074416622519493
-6.117423408986724
-3.2946682869860524
-7.892911449831445
-6.904337059061618
-3.4788596625294304
-14.132185820322775
-6.617519861728397
-2.4629472528940823
-6.318854894121614
-1.2714384121645708
-0.9990238876889634
-11.176935530578703
-9.743374082350783
-47.16370531433131
-8.146814046122017
-7.9171888781647795
-0.7181496362336475
-6.280384481768124
-1.5977153568219364
-4.653520085381388
-25.27834598239042
-4.658395595433831
-42.672125737220995
-2.1363202867742075
-10.693017081657672
-1.5331342095073524
-3.391563617529755
-4.789525806960228
-1.3964951126363303
-9.534899409431091
-1.7587272230011877
-4.71447258387343
-12.868254490696927
-12.653813296814405
-4.767309791248408
-12.015028677316877
-2.8647424634718845
-1.9064242308668327
-1.6107452487849514
-4.976901915410963
-28.88428695075072
-5.716429130745382
-0.4974997646349948
-6.612294227953242
-5.396949074706754
-13.365581436431967
-5.559862970261747
-1.8316295264071414
-25.494572833494203
-5.470877935663168
-17.443670501798806
-4.618861239947364
-18.69578047696905
-7.667367333663151
-6.5011165485784375
-5.894531896303761
-1.9938658369674158
-6.498998044902692
-6.011513420157598
-0.8282285001453147
-13.910592203867054
-0.4587251022894634
-13.532439622295897
-0.011043193817386054
-10.975449443089474
-4.606903466113181
-10.290384665160673
-0.6937612801551722
-2.5955615376933565
-14.112908240086654
-0.8709429363370873
-6.943207531011467
-1.439511934760958
-9.192127386203481
-28.600388831069722
-8.55623974045011
-23.607695503633295
-11.135469900912312
-16.872864668278794
-6.668892869569277
-20.88005314829752
-0.8641041538794525
-11.709299312673465
-0.7599487063695278
-30.720508059419444
-2.9465936832129955
-2.1946889848913997
-13.619110559894466
-14.160418931802269
-2.427041139162611
-4.902128497180456
-19.688662010372354
-8.345311401470099
-9.13447640729646
-13.813490511660348
-6.123474882479059
-0.48428030647482956
-18.299116245382947
-0.029325883835554123
-5.127094867475535
-6.1167085243650945
-5.240420158766938
-5.293098329815621
-1.8998283944001741
-6.139582649439035
-6.391588289561696
-5.310070635179727
-3.049208401058422
-2.9944751598741277
-45.465502316973755
-5.386813670396805
-37.0862334829435
-16.600755257501987
-9.14820695466733
-10.52175087296655
-13.263981432275614
-7.507422222084415
-14.972190838845563
-10.976181066650952
-3.791305506361823
-13.538942591313116
-0.9033711180090904
-12.431455228477716
-4.630971090779894
-5.958341978750468
-15.257396267601507
-13.451431345257333
-4.456604220307781
-41.87469018007687
-14.411096956834626
-0.03595566749572754
-0.632870299158526
-4.049284110774806
-3.870979443460783
-25.282169183337828
-14.821997700391194
-11.470953277019362
-11.709939093469075
-6.95223371650718
-2.1088423532346496
-6.506487751419627
-2.319508534386273
-9.003822819238849
-7.696306892962639
-2.1595039069652557
-1.2495638384425547
-3.1430387656437233
-4.703383309686615
-16.48145910097719
-24.56052898580674
-17.609143208271234
-7.061812660067517
-3.1226299099398602
-2.7192048672077362
-1.8501518141001725
-9.277673364049406
-0.17422695134882815
-0.7739810946695798
-6.547749243783642
-7.803948976508764
-4.798394716593975
-8.374619502501446
-18.7677456633146
-5.6650934519129805
-20.55120234083006
-58.36855651391613
-36.6260343842423
-5.058939068745524
-4.3880348961101845
-5.5098735394421965
-21.0952722677539
-2.969137596548535
-11.78399763535117
-23.607128634822402
-11.040675617579836
-8.131656307086814
-28.162375501582574
-6.1618177180516795
-11.225965299920063
-20.393510808491556
-3.6686682842519076
-7.528894097029479
-4.51733375088952
-2.6572523321956396
-11.73290158454347
-15.783426860316467
-8.337769350112467
-10.026724843854026
-18.729270232112867
-13.583459585295714
-25.697536005182542
-4.708297613333343
-1.1420036325034744
-0.013868846144760028
-10.765403269749697
-2.4852653868110792
-7.50163360224542
-6.301994536674101
-20.5391445299947
-14.272781989042414
-19.260432587054765
-6.36808190071315
-6.339453861117363
-8.329786854948907
-10.244884120396819
-4.413837797617816
-12.881490057763585
-23.39750094361989
-0.8793632673914544
-7.1577270416746615
-2.1545218331993965
-4.231235483195064
-3.4170228173779833
-5.555488909289124
-4.25719446176663
-8.509987454366637
-4.586295632205292
-1.4074143181787804
-6.61716746660386
-0.609844711841788
-4.193572598062019
-1.8036561380467901
-0.8998662766207417
-5.947174821945737
-3.605843530694983
-7.602443582796695
-0.6136600558820646
-15.239094966607581
-19.081732838217704
-19.016970470191154
-2.7978603386727627
-6.637404744862579
-3.562145073427132
-3.376947570279299
-14.177417212398723
-0.8878359556920259
-7.326539269050841
-18.240777754141618
-3.4155306247830595
-8.019176893534677
-7.4201723495489205
-2.333331314718407
-8.293725374467613
-1.7391351888072677
-47.07241782170877
-9.908231621608138
-2.97189240366788
-6.899317693190824
-14.126256345630956
-7.210495213534159
-6.18616980573961
-2.9362649797894846
-10.57966801679504
-3.9833086450908013
-5.707403548702132
-0.5688145845924737
-7.380465279717782
-5.463915975837153
-22.779995866130776
-8.804503522491359
-24.484493201971418
-11.29258167666012
-0.01573222130537033
-0.01907341368496418
-0.005664132069796324
-28.262497425244874
-20.546108122996884
-6.189344117825385
-18.60907211063204
-8.551081637837342
-3.561004115093965
-1.4334741228867642
-17.19037741971306
-11.665092109280522
-0.9242792937056947
-16.528447657490688
-0.22931287554092705
-6.476649702747636
-15.75195760846691
-7.473857152290293
-3.408942446805554
-0.8444320686830906
-13.093209653535268
-1.9058344837249024
-12.70363335798902
-13.494806025511934
-5.076140835360093
-8.115286535165069
-6.5390408534381095
-7.729077882650586
-3.1804253146674455
-34.717117526622125
-2.8869003988802433
-2.7170545170811238
-9.03559310352648
-2.8955067436218087
-10.620376985069015
-6.772405132731365
-8.262522669262552
-8.86154352682206
-2.4767840363547293
-21.96455488941524
-0.8647784283821238
-5.629637251719942
-4.550972013759747
-0.31417734641581774
-10.644915148346627
-5.080873196393441
-16.688340338838316
-15.527989561651339
-0.03632746450603008
-11.393653636372619
-19.690278566464258
-11.824992417585236
-15.094543711207734
-16.33872364915078
-2.5601559693168383
-13.043258794590542
-4.679349246131551
-8.261818991366454
-0.2228013332351111
-12.625867263184318
-4.225566141709237
-18.634783844145204
-9.115213552715431
-1.1703543463372625
-31.576891655649888
-0.7426080253176224
-5.823897087801015
-2.8581549800001085
-4.506853525084807
-9.26421983583532
-7.626528666742161
-0.8093847291311249
-15.511686021769492
-12.318714939397978
-7.62336530920993
-11.993984081174858
-0.8718528838035127
-1.0609348635334754
-7.365736716630636
-7.335874034411972
-1.0438344253707328
-1.2313188207313601
-1.9048550664865616
-7.830231153332079
-1.3001620250829546
-4.661833995167399
-19.366699932748816
-6.849626860537683
-4.176604998065159
-26.485830327273106
-7.653063765719708
-3.6472008638247644
-14.54326228485752
-14.142834937474618
-13.327504559774297
-14.498722899392305
-8.899484916898473
-3.8372763667584877
-8.299376140668755
-1.5786365875028423
-5.056494739226764
-0.04644999373704195
-11.874005575889896
-0.04774838096273015
-6.228310371554471
-10.68401763820566
-1.253233656840166
-2.100899798462706
-4.723094802931882
-7.435040893469704
-0.7031994927674532
-2.0269759612710914
-8.62613557154691
-0.41121814178768545
-6.852930515029584
-4.390775912441313
-10.200660350781618
-5.249261219768869
-5.6741622302506585
-18.127007248345762
-6.239978607998637
-8.174649656899419
-1.5440399713816078
-2.188323977865821
-8.79917171996567
-5.559958910309433
-19.309789293612994
-2.5489659224253955
-7.457378560349753
-12.38468212634325
-7.0689687536760175
-1.2920511970878579
-5.216197825262498
-1.9827569547293251
-4.848707473926197
-3.7276723723825853
-13.777698275946022
-7.243060397126101
-27.070158264992642
-2.4259401485323906
-1.6489534961874597
-10.486170137905901
-11.149977148692415
-4.6925318263383815
-14.058703274758955
-6.159273967554327
-6.796294362498884
-5.089216698478083
-12.741214924149972
-11.537640847061994
-2.232645504637503
-19.205049917665747
-3.0214101275560097
-5.649687004929547
-18.001518073333955
-0.037506231281440705
-9.22747628801335
-4.307872506324202
-38.920699521371716
-0.5695943503833405
-10.087147759471918
-5.553827537571124
-6.032701667951187
-5.624035549059045
-1.9886992960189787
-0.7326976470649242
-10.26372485932734
-4.884595799721865
-2.1798955100566673
-29.701972346402727
-23.106179065525794
-2.68601087844263
-1.7883731235197047
-27.82523030925495
-2.5743700058501418
-11.91231068016532
-5.793882840378501
-0.8134391493513249
-6.298462167322214
-0.5577618558781978
-1.8856575131067075
-21.63706070393755
-21.52662887978113
-1.1591714706955827
-2.2692477317978046
-3.4015981026295776
-6.311880606691375
-5.035650015760439
-3.5988037688512122
-1.9986746474137362
-11.062524332949579
-1.372920864916523
-12.330126611976084
-2.7760726488559158
-5.716231144386256
-2.5884686575282103
-8.654462317697835
-6.697072244434821
-1.8031973091419786
-7.77296453155941
-5.746617558757862
-2.729843307250121
-6.400379463759634
-14.498305124334365
-11.907115506700393
-4.463693220781352
-11.05029223335805
-5.6979059304849216
-8.47582424407392
-0.4697325926947542
-2.4170115237520804
-5.461146929565075
-3.769135079101943
-1.8380199970033573
-19.287907234719768
-12.179290623156703
-5.342949516058518
-19.544401197115803
-20.635290283318454
-5.075881152642978
-0.8241164926439524
-4.03360994864488
-3.218943083011254
-2.29693804587896
-1.720635558158392
-21.441411709623935
-3.216355601957275
-4.319227616757416
-4.565513596753817
-7.954425833071582
-8.462401146563934
-1.5012445575684978
-2.7435878083724674
-9.494247558455754
-0.4368798443738342
-7.295574948191643
-4.830480640770475
-2.794326843941235
-8.053639970177755
-4.999767961460748
-34.31146561502419
-15.612530010998853
-7.699826030060649
-17.209532105321728
-6.808936265522732
-10.52835672686706
-10.026869417874423
-2.228398979008489
-13.114038768892897
-0.693889306858182
-3.5656824812176637
-5.5600555811997765
-12.355097991996445
-16.72118616917919
-7.9414379564113915
-6.531370708973554
-2.0301862622119415
-10.429266671106234
-8.608370609399792
-0.9038920110224353
-0.5186472338245949
-2.676154855711502
-2.9524286359664984
-2.834728183560401
-5.273262368114956
-2.7695813134487253
-0.019205331802368164
-12.113771437318064
-12.11785185691133
-15.6328541233961
-20.71033285872545
-3.276169134303018
-4.645520603187833
-14.404444076853906
-10.187487279174093
-3.217181768683986
-0.43707593628641916
-11.372823976374093
-7.981054420650253
-11.741601776326036
-9.596037378980327
-16.24141888894144
-9.045601929671534
-3.755985141686324
-5.47858845587416
-2.139669399240006
-3.5228587797028013
-15.290834968997387
-3.6962790597317507
-7.183841804971053
-3.831641298063005
-3.339999920630362
-10.260499527212914
-2.8459854413008543
-13.561710513580351
-9.552987621790635
-3.070054335061286
-1.289459713868382
-19.500888494300852
-39.90994897719883
-4.147906326164048
-1.3690472362504806
-5.821581584946671
-22.102351024139352
-5.690183173595301
-3.3184839720925083
-4.355363368670851
-1.9104557903046953
-6.540708900196478
-3.3871294167256565
-6.150331407427075
-5.696668725657219
-3.722973138596899
-1.5041859086804834
-1.6630425325129181
-7.393042540490455
-1.840653297083918
-5.84626700181343
-0.6181651231308933
-7.373298058966611
-13.126402841672643
-0.8209314907217049
-0.9018155696003305
-10.639546754217008
-11.013091210710627
-9.58961105017579
-6.878933062966098
-0.4820473448780831
-2.0128338394861203
-0.6907916984525855
-12.549356612633801
-9.28956688265498
-17.39831546338951
-4.6125712332941475
-4.9187249542585505
-8.645746376033685
-7.4553676987911786
-3.4022367719735485
-9.306446446959853
-0.025077523663640022
-12.354748995952832
-8.835988530649047
-8.107166343064819
-9.147075413598941
-5.16533040199738
-3.449844835687145
-1.929541181766126
-13.18542518276081
-4.854928118970292
-13.257861082336603
-4.23528786759919
-8.168837336581419
-14.867883497172443
-10.750341911750525
-20.824969835404772
-7.42865463685024
-10.92121613107156
-5.676516515319236
-1.5965760153640076
-0.03238801285624504
-2.6442940361630463
-0.017347760498523712
-1.467119607096265
-22.397738309889974
-18.011581636732444
-4.372347500857813
-8.218988412350882
-5.302866195906972
-3.662874347763129
-5.959695500525413
-1.9679178826045245
-0.21975946502789157
-11.61216269192846
-4.9551912412534875
-10.514539203837558
-17.075700042565586
-16.369184063223656
-1.6594318646239117
-6.607628862150705
-5.51389630227095
-2.10808425419566
-6.031674421188654
-2.3085353729547933
-7.262897519702847
-28.9195938636949
-0.06868009828031063
-0.06351259404618759
-8.090164486627486
-6.964053993095149
-12.952982882176912
-10.477608112611051
-1.7819935813859047
-13.166457157703917
-8.427171798857671
-8.66497800310026
-4.704427037650021
-25.837284151182757
-36.34106389282897
-8.485482842453166
-6.96202208584873
-19.082304637014943
-11.235192791384122
-25.12182973840754
-1.6253211858602299
-5.179778591182185
-3.5688218183440767
-3.766670933982823
-2.1076243187508226
-0.8440364965899789
-5.393776297569275
-3.3499600322702463
-0.5816486133262515
-6.7814344820153565
-13.025785915848246
-8.595377310109143
-2.2670776916148725
-12.512719262283099
-0.51112251509403
-0.46790672789211385
-5.9558463957873755
-5.690756965617766
-0.3788849728371133
-2.998374063608935
-1.9798194603572483
-0.02383146993815899
-10.145755789897521
-14.883284590434414
-3.472348915413022
-5.642251225644031
-2.1647571135496264
-6.257890065273386
-6.325247688654144
-0.6713373957172735
-9.444340041965006
-4.065867501898765
-15.706478307081852
-1.4796162787124558
-7.494243650842691
-10.807214028969042
-19.783177872000124
-8.97779485602996
-5.348139743173533
-7.460439261802094
-7.998757424938503
-26.549004265667463
-12.78297289133286
-31.71115345952785
-7.0924961662758506
-1.2292643309328923
-7.320928233329141
-1.735237368574417
-22.072454812307114
-8.727829690848012
-7.719062362455588
-1.0617401715717278
-1.972113710555277
-14.540885584814532
-9.062867048760381
-4.154524057412345
-8.123814932394453
-10.584678327650181
-5.035649829684189
-1.3922534484172502
-2.1608362714731584
-32.03250793550251
-0.8146565929055214
-4.984504623367684
-5.187601962657936
-4.595655756296765
-1.1824707900070734
-5.560142604639623
-4.625802147238801
-17.165554971961228
-5.694710245952592
-5.523914392422739
-8.015867507945586
-6.0152369452113135
-14.103502266156276
-3.9914598991163075
-19.91694896910758
-2.2479111402353738
-7.784208289482194
-4.819611906727005
-9.611958069837783
-6.731532934888492
-0.01588089019060135
-24.966579776581057
-1.9110672581191466
-11.373366433874253
-7.366033325573881
-11.428251478875609
-1.1505121979280375
-6.594248502515256
-4.1621188500430435
-1.9778542637302508
-0.09386075863403676
-9.903508744162536
-3.122994697361719
-8.6316854360266
-0.7433290136104915
-4.103072577388957
-23.12537859464055
-6.158812149311416
-6.753474248680504
-1.0680877373961266
-12.87887519900687
-12.613555228694167
-18.53848911357818
-6.516655665350299
-1.367599712437368
-8.088274966596146
-5.023406743137457
-6.237001667188451
-4.734691142477907
-15.633890818722193
-13.077766239892753
-2.141198650424485
-2.3280622160091298
-6.465633355430327
-1.3056034224209725
-12.42306388005818
-9.637257586079613
-7.782093796005938
-2.211511785627522
-17.463481645175307
-3.6788390278816223
-0.3766265213707811
-14.041328206498179
-12.835259376159229
-27.033179575027134
-23.753189240778738
-8.902778852670963
-10.993288417721374
-3.124144618381706
-6.943923895723856
-1.1462176470085979
-11.843127992149675
-5.090330954524234
-6.988051381722471
-1.045866588683566
-1.5691351474997646
-11.824371368264678
-0.6435440828117862
-6.042289041331969
-7.370896764470672
-2.8416544462143065
-1.6593855788669316
-11.90248440178766
-3.7570815213457536
-0.7060966356657445
-5.7353277896318104
-14.443142400013585
-7.6042910807955195
-7.390146421044847
-3.4027664985515003
-2.276579461609799
-3.5442268107058226
-4.360630455725186
-7.522556041346434
-8.425604708176706
-5.720742881263959
-7.130926555051474
-1.4881206672289409
-23.962288582612018
-35.49309416411961
-49.913552583694525
-11.700979351265232
-1.6800240925500702
-0.9314560517668724
-14.592495443892403
-7.9132172966965015
-4.290711775006912
-0.8756869523203932
-1.9255076737326817
-5.627645260354257
-0.21324073639698327
-2.6237228936321344
-14.311895432882011
-2.8151212191442028
-3.913695589411873
-1.0259055772330612
-0.5596853791479361
-5.379552944679631
-2.6708083647245076
-9.935810597085947
-11.625045560544095
-7.506727387761202
-11.919503842274025
-9.635014527263138
-15.786609873935959
-6.7880590641871095
-7.26593121199403
-4.813183292621034
-1.2695744522507084
-7.99068065310712
-24.631675969194475
-6.1806578963733045
-9.938136646269413
-5.1930050035661
-12.054549647305976
-22.041068870324125
-3.3722581703862033
-29.743669877852426
-8.713663002441535
-5.205396220499097
-13.431857054547436
-9.244232541270321
-6.997098070569336
-0.69044969312381
-5.659802315577508
-1.3768559486034064
-2.0355358610349867
-1.4180628217654885
-11.80304416133913
-1.9460620129029849
-0.1001837660332967
-4.566308257224591
-6.97512701764208
-2.2641162331565283
-5.467023872200905
-5.321668787953058
-0.9686399095226079
-1.6797712922925712
-1.9605188171817645
-11.299924989175906
-3.486032258031628
-7.41351676531076
-12.865861957480774
-2.059071954119645
-4.305197880021296
-11.822582778986543
-1.3356245876457251
-0.4437560301157646
-0.2931420838503982
-9.75661341585419
-0.2316676589398412
-12.34266895279643
-5.3051171010065445
-0.49955005532319774
-17.8607156954904
-4.516317951143719
-7.947152358552557
-14.456293449387886
-6.323253001224657
-11.04315952676734
-9.022686551592301
-26.257090864955217
-18.107991246935853
-4.03266671638994
-4.74946602793716
-4.407732816165662
-14.464517830238037
-8.454727576201549
-3.088669081131229
-1.5213818311458454
-11.902984168187231
-2.028680729563348
-14.628581604571082
-7.96762675937498
-6.5373983269091696
-22.42739565204829
-9.891946784508036
-3.026866656884522
-2.764206049920176
-11.293464030323776
-5.337640472032945
-0.9618888013064861
-8.020874905655546
-12.0317308036756
-10.02896823710762
-9.17609421461384
-5.43811532503787
-2.420216990623885
-5.805985979743127
-10.19090526322816
-12.230803027100592
-0.03814342990517616
-3.2964233723778307
-5.922845972585492
-19.35929169563812
-13.801553808393521
-8.816409518974979
-7.71087297513418
-0.6027554872998735
-6.725562220788561
-4.152361795488105
-1.5919527963251312
-6.642718047753078
-13.548593446274026
-4.344779574537824
-21.786838154460384
-14.753932375478144
-0.920033161106403
-2.7446085399205913
-24.24428694604785
-4.291782867621805
-9.043862285936484
-5.829862051017699
-2.1955469386807636
-8.64725878746637
-6.453572004900479
-32.97151985435994
-5.503633627975432
-2.688049444492208
-2.881451277877204
-36.990568911504624
-7.40942511963658
-45.657632606988045
-8.315317615377353
-7.553436893602338
-4.335567770085618
-3.7431716791033978
-5.380140166103956
-9.534875505401715
-8.668923219572207
-9.62125104069628
-3.8853805999904694
-1.0601103625431278
-6.396817138855113
-1.2906537286362436
-1.8406354013102373
-25.653474738541263
-1.8019508660527208
-11.100892923054744
-19.440622244210317
-0.7248423051642021
-20.65484883789759
-8.530669092821881
-16.992142261366098
-0.024091478437185287
-1.9317193934120667
-29.807504453046022
-19.728815136094
-10.779726596076216
-5.0913587579179875
-10.907687482994334
-5.571463328960817
-5.918236598889052
-1.4714778736070002
-2.065994390514561
-8.337618112564087
-24.16494275488367
-31.843594388667043
-5.744454257306643
-16.871364850914688
-9.119851621742775
-6.485476266186197
-0.02947983890771866
-16.815562915326154
-9.45994377497118
-6.180890508891018
-7.838242907077074
-5.4553244471753715
-0.08782506734132767
-2.9322485711636546
-7.761642755045614
-5.797616665481399
-10.39740836067358
-6.171840174900808
-2.355613501541484
-0.840350101068907
-3.9567973720840826
-10.418806262556245
-20.017063090735974
-6.737058693767381
-2.8056125988841814
-3.9797517029510345
-2.38123915460892
-8.406412837124435
-6.634483545230978
-14.928796927124495
-1.70605356884289
-3.1786806860245633
-10.024745617512963
-1.527623588914139
-1.9231302880199337
-6.974229907013068
-0.21913133194902912
-2.1364402451144997
-0.8994789733533253
-3.82833189788289
-1.374909953509814
-5.073497388330907
-9.379798202928214
-7.084849559782015
-8.299043575796532
-0.8836641302859789
-4.451754265710633
-6.927905683680365
-3.3153429229805624
-1.656598245484929
-4.251963016351283
-3.828148049491574
-18.86463523088605
-2.374251259635912
-9.46075905218595
-8.076860126998326
-7.228711354044208
-9.282072706908366
-6.020420851930794
-3.3858475112210726
-8.29904345664545
-0.8836637646927556
-4.451753897840035
-24.164577030465807
-0.21511464478680864
-40.183000271081255
-0.3878771882264118
-29.146276382145516
-6.076125226489239
-9.370082359495427
-11.280475362726065
-8.173313666542526
-9.374442159980845
-3.8558077922830307
-19.677324474194393
-0.4907426028512418
-1.7437471874582116
-16.092533368828242
-4.800005588685508
-0.492541580402758
-2.7480925725831185
-1.8933141541974692
-0.17343500349670649
-14.261252287897605
-15.406386375872671
-14.089520121254623
-5.76013355158284
-21.932803384603176
-9.247269921936095
-0.49243015158572234
-5.6686624981230125
-5.398364120491408
-5.735977318408914
-1.761863509484101
-5.017337329809379
-4.415772731554171
-0.6078159275317603
-0.0847685486314731
-16.68737857517953
-10.665007095827605
-13.316598844164218
-19.0839626390989
-4.907504726448678
-6.941256749675631
-5.6592347206515115
-0.11282571824267507
-2.403450173595047
-14.685139435632664
-0.5067687518894672
-4.925313140123762
-2.7403919973858137
-7.259072447415747
-15.252039813818556
-3.9912463344662683
-1.3445618644764181
-5.491673652672034
-4.508990021280624
-0.6421127513142437
-0.07971635286048695
-6.573971939544208
-10.608712001670938
-4.9279174052574035
-2.3136632808414106
-4.615745187342327
-0.027332639321684837
-5.373355798967168
-6.606451439160196
-14.671325542523391
-6.0945155007066205
-5.235450832909919
-4.424592801238759
-0.6601167485903261
-1.0631949411981623
-2.845055682356815
-4.9255243084116955
-11.75247442659952
-6.6058964266994735
-3.0171156704873283
-7.333805672466042
-6.731601810082793
-9.15436165646679
-3.9316844291242887
-0.6316233863290108
-2.8399004586706837
-3.4603066517993284
-9.638409297687758
-7.6593285561211815
-1.5526175831109867
-1.4468555388966706
-1.78387729879978
-1.3691824583802372
-2.880200672068895
-8.214727650303757
-1.1361218437496063
-11.170461033097126
-8.861968647566755
-15.650851063719529
-9.04636369633613
-7.873038448444277
-2.0186372412281344
-1.7014685168232973
-0.6297564867965093
-0.9549081357827163
-7.860216280418172
-27.9527629276854
-6.889522194574965
-4.8545349889109275
-2.6917484636178415
-12.566578007658222
-2.5827743054132952
-2.4839320788742043
-6.915410455887468
-8.163530134494067
-6.506487544898846
-0.6958108830689298
-0.719985374584212
-28.33126023288969
-2.9643386564039247
-7.806657236858882
-0.027850047103129327
-4.124282813559034
-10.880912481923588
-4.370915747014806
-1.58780634149889
-7.138357433436113
-2.951335654244758
-7.224146944691711
-6.116708218716667
-5.240419331781595
-1.5274723606598855
-0.6953617388993507
-1.8143205186206615
-6.480125101745216
-2.35785714338499
-5.5557340348823345
-7.046676792146172
-20.931543552069343
-28.122065709647813
-0.02790433168411255
-6.420443005255947
-1.4402778471103375
-3.1413675178587255
-6.020820700103286
-5.503635210749053
-5.034663462094613
-4.41902549048973
-6.05155447992729
-3.038998578289352
-8.272708723643063
-1.4739863741833688
-6.577886305412903
-1.472719631068685
-4.798522970086196
-6.701692850809195
-20.497276776730587
-14.916894199752278
-6.633907874289434
-5.318258254488683
-1.4830570516405714
-0.6837957986718948
-1.6824147801125946
-6.437513444248907
-10.728238242823863
-2.922776627821804
-1.372104937210679
-3.145417076146259
-30.873572642737486
-14.978521466255188
-1.1500119401752045
-10.604091220365262
-5.84765949123539
-5.7376325043260294
-6.006358113050737
-1.9598102373915935
-6.538565993309021
-12.387506290296187
-10.40966280990142
-3.51850147784171
-13.687543377243856
-16.17363931844602
-13.46543917543022
-10.26562092619497
-6.865682257222943
-5.950496303280488
-16.696324361182633
-6.311249063968717
-7.9847172390145715
-4.504569858482682
-11.509727586203553
-7.551257504193927
-2.8277501362936164
-7.751867144466814
-6.114607103465062
-4.909568539267639
-0.10510450694710016
-8.845861473420882
-4.916249547510205
-2.549051104408136
-3.5768709178228164
-5.295803228873183
-3.2201069816946983
-7.85847376854872
-5.845442618388915
-4.241824224591255
-2.1083416590554407
-0.061209797859191895
-31.810286380572506
-1.7393653817562154
-15.23263728711754
-6.691749522955433
-3.692538966914526
-19.69261563188138
-47.51494845853176
-0.26375533564714715
-0.5659753438085318
-4.374693422465498
-5.487486754525435
-29.047325893334346
-1.1381586492061615
-8.913722762994439
-6.706893649708945
-10.904559655915364
-14.33902024544642
-6.423960416241243
-0.5972903923029094
-3.4806898389506387
-14.90317708007774
-0.7033753136638552
-13.117366755810508
-7.9362204123626725
-1.2265650226995604
-1.3478469892870635
-1.6196460236551502
-2.0957221481918396
-0.3743307687982451
-4.187183122550778
-1.8691533380151668
-5.711354837178078
-2.265966075246979
-9.838980550572614
-15.713327671136085
-8.93004417825614
-12.228686436808857
-6.600020434329053
-0.9051457867735735
-2.9883938874779687
-3.7720104083418846
-10.236683478971827
-12.240948466494956
-3.959490913170157
-2.0426259125852084
-1.4120052055513952
-5.183569333748892
-3.441190630197525
-18.886997458632322
-4.259650440169935
-10.785421343534836
-13.273505845353611
-0.6127044997256235
-4.022899187984876
-10.390457830737432
-1.8515191059559584
-7.652158322864125
-6.4595946106128395
-0.7502830052544596
-11.800385441730896
-15.443439970835243
-1.9372230464887252
-4.909360469551757
-16.860984581930097
-20.739215062536005
-3.737598338153475
-1.9472337362385588
-17.795155422246552
-6.837639131979813
-7.964266370079713
-3.7411426559701795
-1.7933801457402296
-4.915087911529383
-5.6336390832439065
-6.307554649043595
-8.65102389841013
-2.799501540676374
-9.211488294662558
-4.672251600597519
-10.924900582038383
-7.395683623407422
-3.6459998041391373
-5.208085681154216
-5.672690613107989
-8.395320671175796
-5.5490598351025255
-10.432431786157395
-0.6671016185864573
-41.378860691813315
-42.18504472289192
-2.463703599501059
-1.3152144200939802
-13.618373598030303
-1.5438969098759117
-0.7091916498011415
-0.5206532948031963
-4.564380246314613
-7.222783908760903
-1.932882133347448
-14.972126750075404
-1.0161067153967451
-4.983095296648571
-10.454384467719137
-1.3882031279681541
-5.64497172072879
-6.343686881926089
-2.5596410631842446
-10.024438804204692
-4.085808807454669
-8.138592280301964
-7.332969511275223
-4.14781607495388
-19.8075742711153
-8.858122513275703
-2.679207434935961
-24.35988411307335
-11.489271076316072
-9.271909581648288
-2.418735662009567
-2.8993690840984527
-4.2245607174863835
-46.98752917587353
-8.546037991836783
-8.152145036295906
-12.199922221495399
-1.2396846504125278
-2.376704568276182
-6.5211712320306106
-3.047453455507366
-5.681251424615766
-1.5393109563738108
-1.5422028977191076
-1.2729864790235297
-2.2363988571150912
-3.6599388560780426
-7.277827195590362
-0.6078338791558053
-7.300837578746723
-1.567286643805346
-2.096060781737151
-4.523965836484422
-6.742280307880719
-12.457394607089554
-2.3559210432131295
-6.35416953699314
-9.47745759094596
-6.261132450978039
-6.322281869785684
-0.5633933942847307
-17.970882505978807
-2.1632619685842656
-9.556539405232343
-5.629829089250279
-6.718877884093672
-7.415706210330882
-23.501637664546926
-15.938297726319433
-10.455390279610555
-3.8354097593237384
-5.57631345420981
-8.521143515075892
-1.3083636545252375
-7.695445028191898
-13.637913808575831
-4.262761746557999
-4.384233778626822
-6.642858326212206
-10.491852269537958
-10.734093456409028
-5.840213544812286
-5.178101122149201
-6.111491572442901
-5.465017037134658
-13.029720579248988
-7.589168218042687
-2.0257790495179506
-3.9687874549908884
-8.43629586170573
-0.6743675069808432
-22.198543283091567
-0.5653368354105623
-6.1351393145632755
-6.768059543952404
-6.420550223556347
-1.6765938952394208
-1.004041227264679
-6.151239152444759
-6.066159470798084
-5.654955054404127
-2.1086025802617314
-6.4956337213516235
-15.664253501438907
-8.023526252965894
-17.290770382805697
-4.791950201974032
-1.2680591501120944
-1.3163806620086689
-9.567507978666754
-12.221865079831332
-4.326961171202129
-12.10951469050633
-7.5478377066901885
-14.209764868108316
-1.8817495490875444
-6.588707189490378
-8.887165447181587
-2.642030464758136
-2.4788813056256913
-9.952195824258524
-4.640247985134465
-1.9528049925083906
-3.806419275416829
-6.522416500864892
-6.753248176595662
-8.935730192925462
-7.986224015097832
-23.261005796157406
-4.52823572516354
-11.160904346124426
-17.492284513795084
-13.255722052865167
-10.533482184219793
-10.52633497867646
-6.399100261362037
-4.355802935082465
-16.875369484328985
-1.9393097491092703
-9.175157340087026
-5.159503513865275
-2.211727812242316
-9.770208417949107
-2.296756186085986
-5.315399604523094
-9.197102026906578
-9.231567037888453
-2.1149873705546725
-0.13854005890107146
-4.343552498880172
-0.4873390570282936
-15.054640645765176
-16.67586866096849
-4.144878118800989
-8.279334631577512
-1.0058848481930909
-6.11670853193209
-5.240419748988643
-1.5028405372631823
-1.994563948009727
-9.212697532525453
-8.12250837470856
-19.186476215702434
-5.35564597398843
-1.1943127069680486
-1.2152678762849973
-13.672512377826934
-13.538821633927
-17.730665116723685
-7.966022993234219
-14.002714635498698
-1.5946772679344576
-7.861796673008939
-10.572907433190267
-1.4068281058171124
-7.702937086335169
-8.920802098371496
-7.798446146063725
-1.1363742793619167
-13.751378448159812
-8.594287200350664
-4.269260303408373
-7.472858671601898
-1.7876767063571606
-7.136092120977537
-6.7732720351500575
-5.4981412856609495
-10.282837398350239
-6.404693078161756
-4.19453373993656
-1.1964930249378085
-5.280997091636891
-5.4006617676932365
-8.177297164634183
-5.693647525298701
-5.754343682639956
-8.550073850550689
-9.850175576917536
-3.922491303440893
-0.7709819701849483
-21.293576656837047
-3.812259258143058
-8.333595568492456
-0.24696315871551633
-10.554862025674083
-1.5902302017784677
-10.032565362067544
-1.2632120492470449
-0.8092103542845734
-9.06100209530996
-3.053858412005866
-18.137160351288742
-2.838246901457751
-17.021234763251414
-1.7272779942140914
-9.387150988492067
-1.5781162992752797
-6.013284722146636
-8.7679330908868
-3.1572107622778276
-1.84914072995889
-5.938600872053939
-3.1563454905553954
-26.343659966308678
-21.2592846658184
-10.397229622991283
-11.405381363550987
-9.65334110976255
-6.095970592577032
-7.904195881017586
-4.558628902617784
-8.791553014598321
-5.561720190162305
-0.07942937222287583
-5.998287667156546
-4.258041831255468
-0.9200568150845356
-2.5668726011663168
-3.2902390306226152
-4.936887021318398
-4.405566871469091
-6.352400390772345
-0.823690242406883
-0.0212219450622797
-2.40261200264149
-7.188115032491623
-4.574132273090072
-0.2727590730810334
-1.405174855725818
-6.172650080305175
-5.781036943779327
-2.3980724045541137
-11.17420619193308
-1.9661786362157727
-8.79039526561155
-1.0425465962634917
-0.28924629212178843
-17.57087048886433
-4.054366628942262
-6.346454093878492
-10.223294928414354
-1.4031496199950197
-2.3981827409297694
-8.627493317937478
-14.37015188857913
-19.080767782917718
-14.669837994161298
-3.223477512228783
-1.9651698691861839
-0.3299444478470832
-4.3041034407247025
-2.676424109406071
-5.408864179814373
-4.74655612391507
-8.712003823819032
-6.6931216101002065
-2.164757632645319
-2.010636840655934
-0.9865021286668707
-9.717574631889875
-6.6175349525110505
-4.179476906363561
-7.95415175652397
-4.332246548430703
-6.890550901181996
-5.160741364710702
-2.070779811701641
-9.051336579665076
-2.869516365815798
-2.866372971859164
-2.116018795944001
-0.019650312140583992
-5.409778743807692
-2.5852643420475943
-9.922259086139093
-3.559377851914178
-2.186348758637905
-5.525826085242443
-6.242185854152012
-1.9976424789506382
-3.083286714634596
-2.5833976742442246
-8.221105221816288
-3.3685462911089417
-10.033147535305943
-4.867558742844267
-0.05571734404657036
-18.388260600477224
-18.73684417846016
-9.539609577806004
-4.549934206612306
-8.252993634949235
-3.7736192129350457
-6.6160918452296755
-2.6775179769106217
-0.7380288638494221
-9.112163802472423
-8.292886944112752
-5.3965175127159455
-11.929254323816167
-16.600964149694846
-16.802022895739356
-12.942596115597553
-0.44031689592520706
-10.13597392094971
-2.5126014719353407
-14.449267640486937
-7.5522354049981
-2.2490998171269894
-9.664811526949052
-14.36376458646555
-2.1687140652156813
-30.788506345128553
-15.44746055440828
-1.8476813375668826
-1.4197711892193183
-11.066136826211732
-15.852810797727216
-4.573110026156428
-13.268614358763443
-3.8740487337101968
-4.313552344369782
-11.047036698568263
-0.7883323018904775
-2.687667020596564
-2.04112201758835
-9.80873974973656
-5.461628073320753
-1.8103534004912945
-0.3823772521081992
-0.035718970000743866
-0.5856110426975647
-2.645281563370645
-8.760864803356526
-2.9986135445551554
-11.611574155999733
-3.6648245456744917
-12.82400741508036
-5.2362033440031155
-0.41244071745313704
-2.659450131628546
-3.944275822243071
-1.3620063192065572
-6.3007424037205055
-13.269779431098868
-9.400251111954276
-4.698797503591777
-1.0351254162917485
-11.706540343759116
-2.4277180551434867
-10.344416684488351
-5.440634149698781
-5.7155459787686596
-7.467714417813113
-10.323276076320326
-10.725684500726857
-2.981499276316754
-10.59020551220965
-4.812223553657532
-8.556368789906628
-8.734031705651432
-1.6040883984969696
-6.876663334325713
-17.970133257411362
-1.6584748369400586
-5.901003146319681
-2.530623033642769
-6.4522485275874715
-7.6857965325325495
-8.535720920400763
-1.3162582289005513
-1.7728541633114219
-9.589953699920443
-22.608257591869915
-7.612454583062572
-7.94603059682413
-11.811817701540349
-7.784938046082971
-6.999618443951476
-9.056187629597844
-7.609860806266397
-1.3390240113084246
-7.460260368989111
-6.979834163914347
-4.1031304805364925
-2.650544762611389
-5.845561533948057
-9.83454657129846
-5.295363102364718
-2.9132682142626436
-27.568846907401166
-14.16050524553657
-2.091219684552925
-15.857141432981734
-5.972615199475513
-5.109496342483908
-4.3766288471233565
-1.2623308512411313
-0.7495366877319611
-4.355067467005938
-6.5712803542664915
-2.8036185597229633
-6.423826986430868
-13.600538564875023
-6.013345337036299
-3.855349406803043
-3.626107111456804
-7.556422349283821
-3.8231096531117146
-14.510476666677278
-4.600059012682323
-7.465523407685396
-8.42165602031946
-2.9834029366520554
-17.407361940547162
-13.268614358763443
-5.216198112091661
-1.98275847755815
-3.960565757673976
-2.5236960187630757
-1.517139065581432
-19.141031124729125
-0.02084176056087017
-36.89672993324348
-2.425550521009427
-0.7224430133046553
-3.83338604010396
-2.49576609721953
-9.452883787629617
-1.1484350051614456
-8.207405003347958
-2.0299237890774293
-1.2806594033154397
-1.7542918862291117
-15.593482772548668
-3.99418326948944
-6.214839555729668
-13.202971149848963
-5.549647466636088
-7.578341896936763
-2.520190096634906
-1.5884275394491851
-5.54396689823966
-3.0034002776565103
-9.827629739231696
-5.8846646777706155
-5.392356629646201
-0.2020442151770112
-5.7257843173865695
-5.3069067859737515
-4.878092107376688
-8.752271444614507
-4.769682618614752
-6.763919587282544
-3.961599296890199
-4.2104243359126485
-5.784455467206499
-5.079068060433201
-8.753119789187622
-5.0846542332537865
-0.43058942870993633
-1.6510314047754946
-13.010670570801267
-11.080806307729176
-3.7074917568825185
-0.7619869122509044
-3.612361676932778
-10.835468469682382
-1.461774003400933
-8.377677963813767
-2.506803367730754
-1.7957932567223907
-5.233704290831952
-8.043587600870524
-3.0321170526440255
-2.904754650196992
-6.025180685912346
-2.047602280139472
-3.120403125931716
-3.0037081933508034
-4.202343513824417
-11.136964081185397
-15.351458199240824
-21.89775747328531
-5.8643660216857825
-3.5231148616048813
-5.708131819112168
-2.460701742194942
-2.061758145537169
-1.8348570168491278
-1.9709973645658465
-8.339994221925735
-1.1925232934208907
-24.413522130249476
-7.784702013086644
-0.4616943314904347
-4.503636115317022
-8.111489343449648
-3.7915112792215666
-7.451180404063052
-3.462658482219922
-8.693895901798896
-3.6845028359452954
-5.210613779723644
-3.02440620426205
-22.865693409654796
-8.576274922650555
-6.35326627818813
-20.057059046880568
-9.169557723783782
-4.020310069288826
-2.094608934244661
-0.510704526794143
-4.3945896796067245
-9.214435167610645
-12.560237753375986
-1.741077426879201
-11.487298641190137
-11.537004800731665
-1.7097558707155258
-10.445333728759579
-2.458778513379002
-3.6550679881547694
-0.8856602599844337
-13.397152131568873
-12.785853804030921
-11.069099522535879
-1.149373674803428
-5.907353671951569
-3.293412811903181
-3.681440190055582
-2.0950209465809166
-4.563550378421496
-16.724935251877923
-7.788851971884924
-11.285320076753123
-2.8667964949272573
-20.12319984620035
-6.425636362517253
-18.58181739972497
-4.92232849332504
-3.4219537206809036
-8.042443413287401
-8.431770226134176
-4.020770926959813
-8.076322292617988
-12.187128207879141
-1.2737049928400666
-6.198000578620849
-9.386686782843753
-6.605434359109495
-8.72347082813576
-20.722177423176845
-1.0103727386463106
-5.869302185543347
-1.9866526205587434
-0.7356688582189008
-13.675753178288687
-1.266137462516781
-12.108909503400355
-3.9016040444985265
-8.596700758951556
-1.1352670194901293
-9.834358608639377
-0.7825387347065487
-3.4385799031006172
-9.015379303120426
-7.66764875683657
-4.971759627456777
-2.8301905123516917
-4.757801656705851
-9.032535559133976
-3.8130920085823163
-0.5861618734197691
-12.344969404748554
-5.219668067122257
-1.91578632267192
-5.310797700018156
-4.092938392073847
-2.9949146714934614
-4.736572929607064
-1.3650590967113203
-5.7102755966470795
-1.9728630075696856
-5.317379781250565
-7.717950533537078
-3.0056833847920643
-6.877968005144794
-5.232127368697547
-10.360914024746307
-15.67463545629289
-12.84524022275582
-10.262260800416698
-1.0393352701339609
-5.960300893353633
-11.159087536935772
-8.132565262254502
-1.6536235412859241
-9.564534743556578
-2.930786909553717
-1.8268168345875893
-3.4154666209215065
-2.632070989339809
-6.187332022935152
-1.1813981125014834
-13.7510810205074
-5.667403573517731
-6.26499409974474
-44.422704941235224
-0.03429991751909256
-1.6388547601272876
-5.284683005214447
-7.429184768378036
-12.851407139534786
-3.4690227140172283
-5.04080437419907
-16.22887557283957
-8.441314046609477
-9.753699881467242
-12.261295321980924
-6.554760027563134
-2.31065499572469
-3.7688795965295867
-2.488054385408759
-11.148233448278916
-6.484092776212492
-2.2654613880258694
-5.262363574351184
-8.42813509205007
-0.8455696244836872
-11.003366429795278
-6.208351369976299
-9.494534878933337
-1.1532384086178809
-6.552961273606343
-18.960817421478623
-2.9783267565071583
-6.697960711524502
-8.482883577753455
-2.7563247852658606
-28.267933262734005
-0.8902981270803139
-6.85257795097823
-5.468740908370819
-3.702139753077063
-1.0623072191879146
-9.71990315663811
-15.393721504058021
-7.367857972159982
-2.9312143239621946
-3.261280700617135
-1.663011656690287
-1.659751465125737
-2.829767100986828
-7.739899427906494
-10.90214896069665
-3.9941454862441788
-1.6756584031318198
-4.507844596608038
-1.8149408515284904
-5.529997669635122
-15.94873306079262
-3.4840137696628517
-7.257652536034584
-10.267078987194509
-4.162211077567008
-0.6253280901037215
-17.638366070605116
-7.573004777703318
-9.007445796319075
-3.6262993720247323
-2.595617066603154
-5.046529330566955
-0.9050187813700177
-12.467815079493448
-12.040048875954199
-6.775055662772502
-3.929380235123972
-10.485777025536663
-0.9684848918695934
-1.3434749977868705
-2.404315806786599
-7.147371097362338
-15.471480438875915
-3.3286312715063104
-0.9946657468171907
-1.8892447694661314
-12.223521322805027
-6.732089131495741
-7.801425134501187
-1.4836224560458504
-4.6505357438654755
-6.848373378110864
-0.017986637074500322
-5.3571608489637015
-23.222198918507274
-2.658079255372286
-6.570939418934358
-0.7666162353962136
-9.899047918603173
-13.70456432638457
-2.0432724647612304
-1.4204115975680907
-17.26386295635166
-0.9217419125679953
-1.620651307987373
-0.02074018307030201
-5.600175860583924
-1.4344293739413843
-12.029333235913782
-5.211791357614857
-9.296590769929026
-13.824977480981033
-7.669907256524311
-6.522030761494534
-1.638293556457029
-4.530452391880317
-1.6683319812864283
-12.749617844449858
-10.942448657458954
-8.924738200381398
-7.353466701172238
-4.011140200816953
-4.483341621710679
-6.822560666186291
-11.230526993735111
-1.9408873668833166
-0.9053067498398377
-11.123710136307636
-9.855412683557006
-0.02730920910835266
-14.639336088702748
-4.3016537430182495
-7.924952079252762
-15.776587046180794
-0.3426883865540731
-4.7896163695986615
-10.791725627554115
-6.935053790697566
-13.767379273442202
-3.645207243385812
-2.99867119864939
-5.478297782691698
-3.902084632445167
-5.496630292647751
-4.010327240783226
-6.514452999224886
-1.5117957815527916
-5.121355681910245
-5.7568611943743235
-3.053071622533025
-18.194343262518487
-4.225115148453824
-3.539897604525322
-24.268361858652497
-2.8142288469243795
-0.09550749696791172
-7.778725093623507
-7.747425009656581
-16.95668310489964
-15.754193712220513
-2.7649855296476744
-6.008854852888362
-5.633229926654167
-8.922112603883761
-5.053818167505597
-16.114686197224728
-15.121505599286593
-0.9509090967476368
-4.973722480703145
-13.1521164951846
-7.941702889535009
-2.2012966905549547
-2.7650026286301
-11.638958577835183
-0.2005527063156478
-5.112135626353847
-4.850055484144832
-0.8317646069888269
-4.876868994400866
-10.488175622478593
-2.252823462797096
-42.913706981323685
-3.75150104766567
-6.261912622170712
-21.167516115961007
-2.4057852350024405
-2.6644537567699444
-17.941047629341483
-4.698044992983341
-6.672398057173211
-2.5464837986910425
-6.766102149208564
-0.6437427414908825
-3.3834950591872257
-7.196991674596347
-10.849743968086841
-13.089016731189531
-0.6537036499094029
-14.629889484634987
-0.05545075284317136
-0.16277877212269232
-0.08339212152350228
-0.03786406561266631
-1.114196173090022
-7.0509280490805395
-2.1043896132578084
-0.7076702045117145
-11.103774618946773
-2.5670366292324616
-10.794865341314562
-13.546273651713364
-10.900749828097105
-0.1634115182350797
-11.182954963351222
-0.7899534301832318
-6.836955308594042
-1.8552413055258512
-0.7785587342190183
-6.284141609336075
-0.6123611682924093
-11.074050250322216
-7.1994238384233995
-11.062364620309381
-11.994897575342293
-0.7628350067342922
-3.2579284581006505
-9.316337605112494
-8.249815943043359
-12.12147444675793
-19.740238470867553
-1.4884299549739808
-4.200651403358279
-17.562680552161964
-0.9590095120147453
-4.579045984912227
-6.359483031090349
-2.1423527232813058
-3.3190888454169
-6.192274741803203
-7.4249770830083435
-3.063046336609659
-3.102468912362383
-8.618772782734595
-2.67472625047958
-2.2720942473970354
-5.146976340852802
-7.944143038359471
-7.280281095125247
-0.47755192640033783
-5.168226930312812
-21.306116755590665
-4.276936749896777
-7.8638254431261885
-0.045696113258600235
-5.671256015552672
-10.651210112511762
-1.449606058487916
-4.000367743894458
-20.770194992466713
-1.1005651983432472
-19.95013095280592
-0.8581713635376218
-1.2014566467041732
-11.103754744822254
-5.057081172359176
-2.099748192003176
-3.4983242484668153
-3.5490964905475266
-1.7125381351506803
-4.5302690366190745
-9.531434415001968
-2.8536657931990703
-5.844790959958118
-15.565900196615985
-3.5772875765833305
-13.507396691221402
-6.8540497055246306
-2.2070313035646905
-5.658851261263408
-4.704428009717958
-14.240289716080952
-5.441042768046827
-0.7972871178935748
-12.223326106504828
-13.33567977954226
-3.3481061657803366
-4.308049806724284
-2.880763130781361
-7.095499487186316
-10.25511349629869
-5.436192849566396
-14.549917017451662
-5.506858646211185
-3.8353849470713612
-4.649705281037313
-3.2553639810503228
-6.898284281073984
-19.817350521443586
-3.55482246171141
-4.493181633763015
-2.0349626487895875
-6.437053436636688
-4.592009993699321
-10.970495274785208
-16.439264018254107
-4.772430975692259
-2.330400684131746
-19.332820127550804
-0.030918803066015244
-2.910211898345324
-5.17558349131059
-0.03339538350701332
-0.010555272921919823
-22.377765563518324
-3.7763310168902535
-5.99825403898285
-4.939933947515783
-8.516852773551363
-11.046220299293054
-1.2047489944907284
-2.124990727981526
-18.932029674260775
-19.443090641289018
-11.947475515607948
-6.192248555230549
-0.6138529786840081
-6.1567597277421555
-4.374493208306376
-1.576957336625128
-3.230875339699196
-10.008768066364269
-7.2287510935320825
-2.6962798345011834
-1.7349466961823055
-6.382465704617061
-1.7536424922245715
-14.598966186866164
-2.1738022524583585
-12.486783287138678
-7.221084230242923
-2.4797683311771834
-1.043509237930266
-5.214938017091299
-14.066014762189297
-10.008112679660371
-3.574867200697554
-14.95849478177115
-3.064958117655806
-0.03168977051973343
-9.066263031461858
-6.856226661039273
-1.542711832888017
-0.42439780666609295
-6.879046467193774
-4.0408328414760035
-8.132592364912853
-20.189535167389863
-1.7935003535822034
-7.958479135935704
-3.8897166914548507
-5.82498792735646
-4.601984565739258
-0.7963576875627041
-1.2126139991355558
-1.418368318262992
-2.8461791311901834
-7.797923846941558
-1.6473372693344572
-9.38326473016059
-5.325066369399764
-6.0705616757559255
-2.2002579285181127
-1.5860887407361588
-1.8685247420775113
-4.531560881243422
-15.661037816054886
-4.808209438995618
-6.755946194212754
-6.1553492490784265
-0.0470944344997406
-7.219645597422641
-12.097649164563336
-5.679893253972608
-10.942666028074193
-4.180458283167923
-0.5558309955522418
-6.3284966049700415
-0.40599780302
-2.3307038289367483
-0.8162366947475448
-2.5273628307568288
-5.91015897294983
-5.395078882016598
-0.37077768822746293
-0.017673159018158913
-3.7267034378892276
-2.3352215387762953
-2.4280757420774535
-6.129427313206627
-11.942426156731926
-1.8313103619257163
-5.944181692776965
-17.037278804763446
-0.8195075117691886
-23.83309896262449
-4.235475443839164
-8.759868772947812
-4.932214677940465
-10.74576348708797
-1.3964470119562975
-2.0323404495105706
-3.4309563599090325
-12.731730168525246
-6.793964643984509
-3.5106604507600423
-4.628922297961253
-12.205224195495248
-1.1384587224647476
-9.650583167456716
-7.123334875119326
-13.64334533691408
-4.824486761388442
-3.8217158724692126
-1.0624750473652966
-9.883088244489045
-1.729750686285115
-0.8139921604873734
-7.309614651977256
-2.6965021815572072
-0.0537874661386013
-6.217657046480781
-0.7656012084626127
-18.496434261459513
-2.217922580445702
-5.5832237059194085
-6.577225804619957
-13.497323246559972
-5.528672863803877
-5.878546868893864
-4.46688308659941
-1.2253512262618642
-6.658988265950484
-7.169687671052998
-6.787084660725668
-4.710205082392349
-0.5895259794342564
-1.4948653429855767
-10.731182351868483
-5.560463469844763
-1.3238338534720242
-8.219205935660284
-23.85162721422148
-1.6060108107485576
-9.658485861826534
-3.2329302898724563
-11.543512895412277
-10.982510677169103
-11.548708835206526
-8.275247552839573
-11.372869374245056
-1.6732435812864423
-7.732507838867605
-15.382569618177513
-11.452470684038417
-13.246434875223713
-2.393210382972029
-7.24399891231451
-3.140645288194264
-6.855573855238617
-9.124216996941527
-3.5386089295225247
-12.25045122094889
-8.413920426558889
-5.505273630118239
-2.629576542043651
-39.13416387541656
-4.414870278920716
-1.9696699902415276
-0.22207097592763603
-2.324514236048799
-9.247940696047863
-5.4403839447940925
-5.230621896437697
-1.929481602332089
-5.728562923461141
-2.6661205978234648
-0.9108261457749904
-5.301989329448816
-5.89353321792305
-3.09431897457398
-1.5124559898106327
-0.6995825745270849
-1.627630771706663
-5.201459996212634
-2.1927469284273684
-13.198163707003005
-2.317223131089122
-8.212647889116795
-0.5716464560246095
-1.0129744956939248
-2.961483460188674
-1.2019849000425893
-5.41493118336075
-8.773365008922156
-9.350395183380442
-10.088168389206203
-2.463883970902259
-1.2391971141032627
-5.0539702615533315
-1.8132976457677614
-5.048595279426081
-8.752161118292861
-10.673945207750876
-2.728140026127221
-12.164521347052641
-4.017826647956099
-0.1165340932784602
-0.5628362456045579
-0.0131413578055799
-10.943169462377568
-0.021121027879416943
-8.718117990727478
-0.03516612155362964
-4.690631062969942
-0.021669735433533788
-1.0741072216135308
-0.02248107921332121
-2.6919175643706694
-0.014850625302642584
-17.238811109244125
-5.8045912380330265
-5.0819941960289725
-2.519835068291286
-5.756907977263836
-2.358025813437507
-31.5367212308347
-1.1952694597566733
-4.5791596861568
-2.653191928555316
-1.9842631336068735
-7.340319347267268
-0.37514189826106303
-14.609847854625912
-2.6060869247157825
-6.237762125242625
-3.174383170713554
-6.420271185983438
-2.9901569212961476
-3.6090996357738447
-1.2184646639470884
-1.9644399214012083
-12.24426118440715
-4.6896822425187565
-10.406954388739905
-1.8243130593909882
-2.2693399470117583
-3.7492708048657732
-2.350369182531722
-1.4840130929533188
-2.0694736774166813
-1.7996207741607577
-6.766180668535526
-10.84842811783983
-9.106286472310785
-0.8322873376309872
-1.0697075283424056
-5.294029176235199
-4.7817546656115155
-3.098355559839547
-40.71718185392456
-1.0756087639529142
-9.80281525751343
-10.160635606695905
-1.9816076853458071
-4.858690556407055
-0.9676567801907368
-10.41618354618538
-6.590826293636383
-37.13744394435889
-9.684774025277193
-1.077684786880127
-2.884581143563082
-22.466196827488602
-7.721286611213145
-6.102861725201365
-6.35217271395959
-1.562186233473767
-2.6324357803277962
-8.48139927061311
-3.2843792577348268
-12.711030401216703
-5.84076417595827
-1.242266075551015
-6.323569209809648
-12.96116907295891
-11.701877604928995
-11.497257603491562
-0.6426637176741679
-8.399170795455575
-2.163563102023545
-6.877669460661764
-3.681226480717214
-8.04600102063796
-11.68323430225746
-0.179202581057325
-3.5616099309336278
-11.343876755470774
-7.152625708243136
-12.24149433437924
-11.259554994314385
-9.433458585641347
-8.040468834573403
-0.034988838946446776
-9.778335067800072
-8.737540131741298
-8.125441266362031
-4.345810476952465
-18.50443446165616
-1.3231436097530604
-9.702060322644684
-6.91878360206465
-7.743361416191874
-9.420827331022338
-1.935944907243993
-16.2362816349181
-4.569626929354854
-4.664118170442634
-22.396916445532042
-3.2989376288023777
-9.58299693634035
-5.582159810513076
-1.2786514379022265
-0.022343257849570364
-0.4233342542393075
-0.0034739166439976543
-5.487694385465602
-0.008007893222384155
-3.170881161512625
-0.008940646541304886
-2.041721457382664
-0.009146131458692253
-6.830056690251695
-0.017644779407419264
-2.379043956287205
-2.205408341367729
-2.1139310549660877
-0.011510614887811244
-0.4760576783301076
-0.004683498351369053
-5.474021538341276
-0.005809692840557545
-2.749185337694257
-0.007442311616614461
-1.6096431368932826
-0.007267866632901132
-7.397749666412892
-0.006060743296984583
-2.235860563465394
-9.928885072263029
-0.2475972909014672
-8.543540271522936
-0.002543754002545029
-4.126394416781864
-0.010732090100646019
-10.229230365948752
-0.005574400653131306
-11.57039572222584
-0.0161996406968683
-3.346921218180796
-0.104159583337605
-3.5117109668226476
-13.0391865610909
-0.13415539707057178
-8.571447284630267
-0.010069251526147127
-5.326213076314133
-0.01392651570495218
-10.33846944628749
-0.013169767800718546
-3.9937719911249587
-0.00812750996556133
-2.868631363286113
-1.661149616933919
-3.0887679427396506
-7.3381340511814415
-1.4416380263864994
-0.8427950491895899
-2.2100980653904116
-4.904960635321913
-12.139461577892632
-4.35345067626605
-6.782604868240924
-9.23702513583703
-7.433841814607149
-6.574661442913566
-15.428556283356556
-1.1942453353549354
-5.381793946897233
-14.208792571591403
-2.891420428344645
-2.438954503631976
-3.306091133209293
-6.997820056756609
-3.279925172915682
-4.385613924096106
-2.6818638385057056
-0.8369858214646229
-8.987825398682617
-9.037212350867094
-0.883400300108633
-15.317735507356701
-5.247514634508661
-4.198102472000755
-8.27027856550194
-6.928243023888854
-2.320856518141227
-11.428142998084923
-12.105151932934234
-3.8305030106803315
-1.4215118360662018
-11.095012185396627
-2.6829218809871236
-15.35660240798461
-3.107221176629537
-4.623976643139031
-3.3939089046325535
-23.9381658154889
-3.1933673945168266
-22.108040882099885
-6.864484057732625
-1.5462118959076179
-0.7163891063573828
-12.1267880801729
-13.589574677160272
-2.5574333820263746
-4.787522641418036
-2.1209827232014504
-2.6404368090961725
-7.647458456212917
-0.03906144725624472
-0.5052501349491649
-0.006682467879727483
-2.91944387002286
-0.012025493197143078
-2.660792069499621
-0.008511201245710254
-2.094320545460505
-2.475254721583042
-0.04949471994768828
-0.1937383790500462
-3.0667464623352316
-2.3052653326558357
-3.9952326578308544
-1.1826298514333757
-0.0586027589160949
-5.1023324728012085
-12.758772637896982
-9.279856967725209
-3.314246609050315
-3.316411534557119
-5.013294564560056
-1.817384399772891
-5.799721105919161
-5.412020929761638
-3.353018364006857
-2.9052711497060955
-2.2107199132442474
-8.943640212441096
-3.7071439600401845
-5.897615655400841
-3.873013376010931
-17.45355772919902
-6.561343213543296
-10.23153875747812
-3.212657868862152
-8.565116236570248
-15.475872450035183
-1.0952021169032378
-2.722141455858946
-7.0908926584233996
-12.612175803572427
-17.33245072911086
-6.1372215040028095
-1.3850751026202488
-8.746811250333849
-7.85489854206844
-8.61941047608616
-13.54658895819739
-0.03845866397023201
-10.527117194258551
-0.004397743265144527
-9.004727173457923
-0.012627976830117404
-9.428410840919241
-0.011451181315351278
-8.516218271572143
-0.014325348078273237
-12.922771052988537
-1.9982602883424008
-0.026237074634991586
-0.39784509572200477
-16.38107480479539
-6.171773390349699
-13.668544946826842
-11.001507427739853
-1.033696833619615
-14.508979584460008
-8.537754831224447
-9.41785630510958
-10.546900686680488
-0.10076046187896281
-9.516789090868741
-0.003461671352852136
-9.446822369704016
-0.012858300702646375
-10.945886518042215
-0.015638901269994676
-9.169286119373282
-0.03136149549391121
-13.035147895353475
-0.026055254274979234
-0.5958889178436948
-9.05826809299333
-0.018944887968245894
-10.021892940625541
-0.020772716496139765
-8.510657254580678
-0.011919897049665451
-8.37890363263432
-0.010555398417636752
-0.5413744890271346
-0.008934764540754259
-13.52838840075674
-0.00994202948641032
-0.49298371249642514
-9.42249032878317
-2.7666744678863324
-6.152159442845004
-10.887996763456613
-8.729354890727336
-8.477695657813456
-8.330035511826281
-13.47198795370241
-3.531613295798252
-5.252368218090851
-8.352957746619722
-7.3750788626603025
-1.7863501878455281
-1.601640582915934
-2.226910948040313
-6.829919395288016
-2.259844086729572
-4.838715678733934
-12.357631890383345
-4.591205626503324
-6.149382930196225
-1.051010803817917
-1.1470313556565088
-3.97060756983592
-2.6920664196368307
-1.9160904747805034
-15.671002757486349
-5.48550688647083
-1.2357209701440297
-14.60817863277589
-1.637731524380797
-2.507439651999448
-7.390436284996667
-15.20258023257685
-4.121027228038656
-7.393944893913385
-8.215550678316504
-0.7365459920838475
-2.6513753034705587
-2.160939159395639
-11.130523420493773
-9.504083745125172
-15.870106283338828
-9.14699383363768
-4.677178411557179
-2.607803796375265
-4.420351404910434
-1.9927757503755856
-2.805146588885691
-10.008517031770452
-11.265043225732029
-0.06245435605524108
-0.7558793368771077
-0.004103471233975142
-0.7049741451628435
-0.017809916753321886
-2.9544747708568977
-0.016693572280928493
-0.8712339162884746
-0.02880900225136429
-4.536590864129721
-0.04745248914696276
-0.3096360630624986
-11.812704486500024
-0.05571713414974511
-0.5876628015048411
-0.018288373248651624
-0.6400517015717853
-0.015970433596521616
-2.6019372971350023
-0.01517380983568728
-0.9913309230469167
-0.008750985143706203
-6.109491417995741
-0.017221124842762947
-0.2535721514955185
-2.676071705442155
-11.352489645882088
-3.9735224966734677
-2.8519543014263036
-12.620799446212914
-4.411252803882235
-27.462253490899457
-3.4073838649201207
-0.9177273790592153
-0.2563164273192342
-6.628231760293602
-3.3364090210980066
-9.739028971496737
-1.8104131845757365
-5.00002299452899
-3.767791374508761
-6.950807416666066
-0.8123280001527746
-15.315937051783294
-2.581062783487141
-0.9080650764735765
-0.3390854189565289
-4.997997176091303
-5.2572761465035
-3.1787928640842438
-1.016833954512549
-1.552951643068809
-3.3248258736130083
-19.28323832525848
-26.603067165560333
-3.219431233184878
-3.6534893347143225
-8.105314488868771
-1.557777803420322
-26.098768038380513
-5.270240124922566
-14.47411864305468
-10.278207288263019
-19.555704638769384
-10.273494618352288
-30.224581815922193
-7.562993801804623
-0.39771847391239135
-3.5843480447983893
-3.616578893813312
-26.218020221271672
-0.5615294070230448
-20.78626366210119
-2.793574574036029
-16.173389857873644
-5.906140569995841
-7.896849110160474
-7.426585433181117
-4.64985301791603
-3.281270437438252
-2.7676901818049373
-1.8268424552989018
-1.3182869128977472
-9.245935768314666
-10.74731651640468
-7.704123047820751
-0.5704019625627552
-1.823886647136419
-9.908568795035535
-4.362717950469232
-3.2319144671419053
-2.1917855701876476
-3.1603211717883823
-5.9071085336618125
-0.45199325943576696
-1.8276856829579629
-3.125382957921829
-16.008336234810486
-1.8440089610448922
-3.7619791854049254
-2.0142560597575994
-0.7512724695843644
-10.8670625937375
-10.334985275585495
-3.6867376866412087
-2.648064464330673
-0.07552981263870606
-6.852246607420966
-15.65307645761277
-8.948340129863936
-5.1289729012787575
-23.9202667362988
-4.0390636981028365
-4.135379233717686
-3.023649085924262
-7.776345395017415
-10.992764611096845
-0.029492623638361692
-9.014017927938738
-0.002202331612352282
-9.716776671004475
-0.007809909293428063
-11.172896330892172
-0.006550650577992201
-9.882472591940314
-0.005054158566053957
-13.708718254693395
-0.010088856564834714
-0.5427686241455376
-22.08581808550116
-14.921750384228744
-9.560476588772872
-9.137844272656338
-2.370279269916864
-0.3335320203041192
-11.795264875749126
-6.5809834949450305
-3.9763666471117176
-1.3228517379320692
-11.317386806666036
-2.2179985933107673
-0.8795447885377143
-4.4548797667691815
-6.794337554149934
-71.5160645873193
-13.714210432793948
-10.674180729532964
-4.815262792089015
-0.02912513562478125
-3.2350493674784957
-0.0024096434644889086
-5.034990377313477
-0.003973694052547216
-0.3783263178411289
-0.0072539441753178835
-4.146666731862069
-0.0050022940849885345
-1.5401828043650312
-0.9602759968247483
-1.387750301277265
-3.758989837407455
-1.8115180556354744
-9.553881866246002
-3.168362294600229
-5.878485438273856
-2.5727515985490754
-7.547221047780113
-1.4912648440999874
-3.0447776077780873
-9.510261716059176
-2.809109560746947
-5.515378006384708
-16.6011383559171
-9.210566115422807
-2.118495823538069
-9.76030324329804
-2.7809952086445264
-5.979828586756412
-9.462868117207108
-3.9347639149928
-1.8360962651786394
-0.19732333288993686
-0.5787857214158976
-6.105786190852086
-0.22641327202836692
-9.403703896758088
-0.2572349934025624
-1.3437312581900187
-1.021199056878686
-1.9613517989973843
-19.83336737344507
-5.725058854126473
-11.73369683965575
-1.9706415350665338
-6.068471199443593
-8.68846261894214
-7.006665150716799
-0.19847755134105682
-3.659682613564655
-1.4740226936992258
-13.485426234849456
-2.932096949467905
-0.711174332529481
-4.917308119343943
-7.800741511397064
-4.6564201193396
-0.9347505042242119
-2.2316834646262578
-0.14487558472319506
-4.890959045878844
-6.722254654474455
-3.878744516738095
-1.0433998234921091
-5.762173967025774
-1.9620752051405361
-8.029887531502027
-1.6620317904744297
-7.300305738161114
-4.21921518020099
-2.077733530113619
-6.901284130290151
-4.401704309275374
-3.1313294114552264
-11.805908699296424
-7.172545088455081
-1.3827483378590841
-0.8687056521885097
-5.7459572091538575
-6.76028932594636
-6.076040069336159
-0.8831864492967725
-5.4191153148328794
-6.08973370550666
-0.3174760534457164
-25.71013553387092
-23.9463592480206
-0.1930852992227301
-10.617396633839178
-0.006858793902210891
-9.456504614001233
-0.006926207570359111
-9.38348011430935
-0.008182256133295596
-8.443605750978804
-0.00988854852039367
-12.047505039883617
-0.019636447308585048
-0.5210414100765774
-1.45118033408653
-6.4474644822657865
-37.34707162366249
-11.908883907206473
-1.885763211307676
-23.33630823938438
-17.321333576963298
-3.823638075566123
-4.011274804593995
-2.142096551338909
-9.599911274183796
-1.957232573598958
-1.1425009897911877
-8.471740312251313
-4.269050448099733
-3.470525202583758
-4.404426201916067
-7.138567506302934
-2.2592593523095275
-5.862190221225319
-2.9887022316052025
-6.66144521102251
-0.5978828400257044
-4.430630167392337
-13.241908609892562
-0.9521496005472727
-1.6255278004682623
-4.934521919151848
-6.588253769790754
-0.7241928970906883
-26.906401638188072
-2.666351881380251
-3.445137501694262
-4.5352504539478105
-4.022652496902765
-1.086808450983881
-1.757585937215481
-11.369913346166868
-2.6385978826801875
-13.74961347356657
-1.9995894717903866
-3.0251629555523323
-22.07362135466758
-3.7631883087960887
-1.4120751855807612
-5.4251182472526125
-0.8848973959684372
-5.7458999264054
-3.753331685984449
-1.3849359971718513
-4.457195350736583
-7.6189897694112005
-6.924095216585556
-7.410250630575149
-5.84581886610556
-7.089748444010155
-1.1448660538544573
-3.27074166040984
-3.3907302212901413
-14.629566365611026
-3.7331463098526
-17.487074973812923
-1.872758652876655
-10.888299194761203
-4.629760790081491
-2.7980941642599646
-8.397655523267531
-13.209055524959695
-18.56271287688105
-5.432726064227609
-6.391408398246313
-1.6918609075946733
-13.325462124776095
-14.300385009624733
-10.314499747475566
-1.3633137135766447
-14.116462954836607
-4.327325937338173
-2.84563775082097
-12.703058591001536
-21.772745481564925
-6.15138264683992
-1.3052877425216138
-11.109618555485213
-1.8237335664134662
-3.621886140666902
-3.1096269169502193
-0.3287165907495364
-3.8595573030861487
-2.615463498077588
-5.133687188237673
-0.017669072723947465
-5.738225675651847
-0.04920016950927675
-0.05297831690404564
-2.132533874901128
-17.61862269806079
-1.3113594399765134
-4.862525470260152
-9.813579440291505
-0.9707047143601812
-9.539931892737513
-14.675200236997625
-3.2072378228476737
-6.538928987632971
-8.233110481849963
-14.626995912178245
-2.9830603455775417
-5.2087045051011955
-2.5091953821174684
-6.648038387361339
-4.431624706048751
-1.9719653651118279
-5.209680554236002
-9.591351412890617
-7.806154061621783
-14.347049238573163
-7.852430609986186
-8.077835918878918
-3.7484931793555916
-5.941819098049564
-9.835178693136868
-0.23214787524193525
-8.829631473799964
-1.1311110306323826
-13.57421449026333
-5.131999239312734
-3.325082771572852
-2.0662919015740044
-12.405985359958322
-6.297818513121456
-3.134327842375569
-6.630541282321246
-12.868905124303637
-0.04159380303462967
-1.8778966679237215
-0.0032298786100000143
-0.5714030910371548
-0.012268157792277634
-10.079948382044677
-0.008429861394688487
-0.21664257906377316
-0.007522295753005892
-1.5699148730418528
-2.070543422233179
-0.013652239518705755
-1.6109364454168826
-4.290948747773655
-7.829857483506203
-3.493010998790851
-5.865024184631693
-7.026796209269378
-12.966754421765927
-3.6864527342818008
-4.164183527231216
-1.7973585981289943
-0.09159773424471496
-2.2302694350655656
-10.201553904512366
-8.661920293801813
-2.0036487068523456
-12.56130060835494
-7.912810988724232
-1.9592186922382098
-7.605444817902935
-3.032044456238509
-1.852718826616183
-2.326278637163341
-9.637875847518444
-2.2379800294002052
-5.165258489316329
-5.8274689556637895
-5.561277603257622
-5.12238339362375
-1.3637050113575242
-1.396586847025901
-2.2206407015037257
-2.433949158554242
-1.5960578154172254
-7.366306954808351
-2.033673361140245
-2.4953511357307434
-6.666077951409534
-0.35606697916591656
-2.1154691623136728
-8.573594185481625
-1.9830292251135688
-4.008793730288744
-2.3700432223104144
-3.9092107620672323
-6.3438476601440925
-2.2492515000049025
-3.4195498859830877
-8.004794659093022
-13.454601996406382
-10.686375504054013
-4.525469312874407
-4.745021403126202
-5.132174596052209
-10.068354796992935
-3.626085125890313
-5.2487595522543415
-0.7778142927263616
-3.083294014594003
-2.947704754888946
-6.0455580743314385
-3.1260256527748425
-5.609514364620736
-1.730114925201633
-7.91177007704573
-0.5354733467102051
-0.06996066740248352
-1.3858289436902282
-0.0031713838689029217
-0.5069093774671387
-0.013682094519026577
-0.7060783082124544
-0.017438879003748298
-0.5413354708642828
-0.03344258526340127
-2.8197193395753857
-0.039798496291041374
-0.5908838935629319
-2.084672090121785
-5.953203169447079
-31.274400828824128
-0.07417516876012087
-1.547281668259302
-2.5446460168632257
-2.125647517725156
-0.027426431188359857
-2.0232485768738115
-9.493091016178369
-1.3510026171570644
-3.4125115720526082
-3.421484726452036
-12.623079553874959
-0.19081100821495056
-1.1111481210591592
-12.804130514628923
-7.867459645774943
-17.251866697657533
-12.659386770465062
-5.610285945735086
-7.045145992763082
-6.707067372684833
-11.501807210907828
-8.45896192614623
-13.841058296716255
-17.974704687826943
-7.409582655101985
-1.160284203269839
-0.10474230523686856
-2.6767170594539493
-0.004757196002174169
-4.920347767195381
-0.01708007208071649
-4.633369587688776
-0.019017423037439585
-9.837727576370526
-0.01718588557559997
-6.691481841126915
-0.033726103021763265
-10.311215013032779
-1.5554576675895078
-10.865042456594892
-6.055590907584701
-15.57955340969363
-2.9198161423591955
-2.191491598263383
-9.49692341851005
-4.772056594865717
-0.9340506833314066
-1.726333793349113
-2.885699019362164
-1.1490272419760004
-8.638157451252482
-1.816396004854596
-12.618190658165929
-0.07494910177774727
-0.8347974440084656
-0.006314095575362444
-0.9022249721456248
-0.01950546191073954
-3.123256076512888
-0.015544094145298004
-9.77632949798135
-0.027881412534043193
-13.046976651474324
-0.03602566313929856
-0.5124482764367713
-11.884856879866675
-9.401535276229879
-3.2793144742317963
-7.8864413838555265
-3.369901277605095
-8.330528569638773
-8.546208850952098
-6.011012954678307
-1.0678499510049733
-2.429640442773234
-10.154612766478749
-2.7882128516321245
-1.0710116311802267
-3.6450204502107226
-9.322356347125151
-1.3943463445648376
-9.574173221136675
-34.99128200793348
-14.647336502821418
-1.028243029371879
-0.7108948912937194
-0.9215691587360197
-7.895555547554977
-0.9086253157693136
-13.578288634859746
-5.567200638403506
-0.038618468679487705
-3.4309174253357924
-0.004164354351814836
-6.563205604411905
-0.019551784731447697
-15.010917389068709
-0.017027233261615038
-1.1331022909105286
-0.01812665956094861
-12.766237733315393
-0.019545912509784102
-5.534845999573001
-12.675821651427214
-23.527780158383393
-51.98547798443769
-0.9608860059470317
-4.98755430104211
-4.976683842838156
-11.718476907033164
-2.205776638032603
-4.876231981394085
-25.93913278846685
-13.593591377830307
-7.450378957918019
-4.289120938234646
-5.744042370253737
-28.43993462265007
-5.663782488765719
-6.629538254805084
-8.96267339566839
-8.571609197271755
-10.390373922688013
-12.226979273174948
-11.188920556491325
-23.941430155280614
-2.3802894809177815
-15.189537775838517
-1.3607241825957317
-8.936232175678015
-10.327145099639893
-3.172886150841805
-3.664332261076197
-0.3473806487163529
-0.7630942855030298
-3.71714945126584
-13.157377311272285
-1.0281590586528182
-35.04155509404063
-12.08036917907657
-8.236201443271625
-29.38159642003029
-12.932204092322536
-15.725804644414893
-10.099641764812986
-11.546171402093023
-10.981687489897013
-6.382097768248059
-3.725216195642126
-12.057321190110542
-1.1591667948378017
-2.2620668119216134
-7.750812271151517
-4.1592105917370645
-2.4791412799177124
-4.361738977604546
-3.6129413151593326
-5.520012978069644
-0.9230716366437264
-5.3279597759465105
-5.781554860950564
-0.41118163242936134
-1.2939940417854814
-3.5798448640853167
-5.350485643459251
-1.8717175269093786
-3.4430282367175096
-6.698193102609366
-4.093145454098703
-5.873148425220279
-0.9005973314933726
-2.3277932633063756
-2.2375471316918265
-0.4611251925084616
-0.10751191107556224
-8.712302148372146
-5.815223975876506
-6.06959194204137
-5.974411316732585
-2.1830571154132485
-10.979758200088781
-5.198760429219874
-6.001384850390423
-11.720135390697578
-7.883996083663078
-5.641723912376619
-6.495372421934007
-5.262211385987911
-1.1805610122719372
-10.765754106270833
-2.5431740906624327
-6.451762100064116
-6.002155279917133
-1.390186774077847
-1.4862553572747856
-23.707474250830273
-1.6158709685332724
-2.038180099537499
-0.04875108890701085
-0.05613116053609701
-0.005482931854203343
-1.6082897201413289
-0.044150733621791005
-9.531604215110747
-0.03214825689792633
-1.12336884331296
-0.016126445960253477
-1.8754475466366785
-0.040695119416341186
-3.583106350295566
-10.041936499260828
-5.376451454472772
-10.459261402073025
-6.002375329786446
-20.281982238455385
-1.4565964745997917
-8.73886978513383
-3.840981460907642
-1.8015780766727403
-11.98149848110188
-1.7740006999974867
-4.751270440067856
-1.4061113635916627
-5.903157656384792
-1.1703308119903113
-0.6961851814933198
-12.84236066043377
-10.459685919112417
-17.19288835101179
-0.5464611206007248
-2.052682956019453
-5.994740206035203
-13.999536752700806
-7.230459473095834
-6.87323106589065
-4.6944088856107555
-10.37386228889227
-0.34166822468250757
-12.051345725488318
-4.070890611998038
-9.862340807914734
-10.313759367913008
-3.588096212595701
-5.949252764155972
-7.763678182097124
-14.915603864799778
-7.028804089624714
-2.1741836165329005
-2.324622658925364
-6.709849040626068
-5.5852953677058395
-1.2316109203302403
-0.07091730006504804
-0.5430079507968912
-0.003819977690000087
-4.4280024938907445
-0.014521757140755653
-4.667260788652129
-0.016100959852337837
-2.0168084393808385
-0.013908085529692471
-6.8837715050985935
-0.02770168916322291
-10.197736170084681
-1.9038574706355575
-8.537513576696256
-3.8847169621179773
-4.942245275473397
-4.961834274468856
-2.38314804143738
-14.036020294430273
-14.190107545849969
-0.8136753939907067
-3.272943315037992
-1.5425979381543584
-8.539345941358079
-15.512009448394565
-8.34257659787545
-13.184260002453811
-5.53832471710848
-0.9650483407185675
-5.646030213727954
-6.048954471840034
-10.538649563352465
-5.930055975588743
-2.532382298493758
-22.023632099382212
-11.74938171543181
-9.596757800622981
-9.227207244373858
-25.505574059865467
-7.383791015981842
-17.88152646992603
-9.366973493946716
-6.154763405902486
-7.044780910015099
-11.884133216237672
-2.5260298983048415
-10.57181251324073
-10.873903109692037
-10.381227918230252
-9.824940395705198
-2.4585703363991342
-6.450585582909298
-10.9073948985897
-8.719516996973653
-2.8461938518157694
-15.882270814115543
-1.0194620269030565
-8.67314278739741
-13.484109307898962
-2.118749873334309
-12.126168361913187
-2.9243952082833857
-11.26920911346133
-10.200165537906287
-5.307102447273792
-8.57942450506107
-5.764302584252164
-0.024994003702886403
-0.8176145924162199
-0.0036973037058487535
-0.9375219701323587
-0.017429525265470147
-3.2741729826084054
-0.013061506091617048
-9.632706252217758
-0.02344714233186096
-4.453083719894494
-0.022129442892037332
-0.5942213224479929
-14.264796511799432
-4.359614870219957
-0.28977812709490536
-2.8490315438002654
-0.19915822927032423
-5.880648473128531
-8.311298378306674
-5.570312985217072
-1.1890053584656926
-7.171044231101405
-14.55166434108105
-4.482891152125376
-2.933988408498408
-1.336802851757966
-14.778071819942625
-4.8021379467099905
-2.7965814223189227
-2.932173752808012
-1.5372451986022497
-0.5276252798503265
-7.855409989133477
-1.1874327432597056
-2.4198003558262826
-11.819218577700667
-2.8545766512834234
-10.6468466757658
-4.273096944124063
-7.442216723427919
-5.176429573719361
-1.015226180665195
-0.04140025359811261
-10.942393861245307
-0.00781206926330924
-10.63525102546896
-0.02024720422923565
-12.430209521698998
-0.019206438679248095
-13.275238648232971
-0.027723629726096988
-14.788488960735776
-0.0423253420740366
-5.2347442524987855
-8.589088890244966
-1.2614614889025688
-15.443358309916164
-5.4232041122941155
-2.2000489398051286
-7.955694314062384
-4.778507654405985
-0.9259623212547012
-4.389535674708895
-22.00178527826938
-3.578386918596152
-7.603926105038113
-0.32952718273736537
-0.8010449624125542
-0.005821157188620418
-0.9893808825872767
-0.014410037780180573
-3.053435222678644
-0.015507463773246855
-1.9037461374537088
-0.03311095549724996
-9.971277290146645
-0.03962642606347799
-6.9194202979715556
-12.018141913322324
-3.328157952753827
-8.059576156404546
-3.2737891701835906
-6.561089371460184
-0.3285394608974457
-0.8659767532381011
-7.48374068402336
-4.967480438033817
-2.851089126153397
-10.383222453994506
-9.463872642523711
-15.576103884261101
-9.480229876091471
-12.274404021991359
-1.748083409966057
-7.6285724315876
-5.992741863413812
-0.5921434592200967
-4.540143042162526
-1.4708688689534029
-0.8890082085490576
-0.11762121133506298
-0.2582570070226211
-3.2650716210300743
-1.4383591432124376
-5.914448681935028
-15.291546351738361
-0.05192045966396108
-8.411842403733317
-15.646968670568178
-1.2124760375299957
-1.8657777395565063
-12.408603901378228
-13.150102964096732
-2.1511680098492434
-2.106293750778832
-1.355679543565202
-5.313581131734281
-12.12173532667839
-2.781492432579398
-1.070328714791657
-4.035514654635335
-5.1315639901336
-6.3083734000101686
-1.1957357350038365
-3.479951500601601
-0.6430994447255216
-3.458834086562092
-20.452479671113906
-6.546283080799185
-3.9396423800990306
-3.9836521869920034
-2.2735143296886164
-2.7574660131612063
-0.14082042525478755
-10.301957154326374
-0.24753155703365337
-1.9995741861239367
-2.121562722131756
-0.26633459446020424
-6.5420572189031745
-1.343239965706971
-9.355884205986513
-10.22821018763284
-7.294906543008892
-2.5877348710488306
-6.2381744128492755
-0.7566451560986707
-0.2798112679197402
-9.462700839652825
-4.722648084967659
-5.3120585839670795
-9.951427576321294
-18.89900304177081
-5.134743460439495
-0.8787716627120972
-0.2588821202516556
-10.847827195568243
-1.5492565231397748
-6.071059724758015
-6.11287761056883
-6.210950603055551
-1.196553691457666
-5.8738315616501495
-0.2259441146163681
-7.965504719679302
-9.840226900392736
-10.44114837435336
-13.09192869150138
-0.8803546825438389
-2.600400652249391
-0.5407825101865456
-4.248834390673437
-5.836180908489041
-5.27978087333031
-7.9582391377480235
-6.845300688612042
-7.969751804943371
-8.46999624964883
-0.831942368298769
-28.039746055239448
-3.6804940591100603
-7.40808688618381
-1.6622745455297263
-6.516999519895762
-8.13751806347409
-0.4819274842739105
-3.170073064866301
-15.015222847936457
-16.440437945214967
-20.445979913965857
-30.16386674108412
-14.376205907760777
-7.101131032869489
-6.938290361125837
-0.8379964241757989
-0.18961675465106964
-8.697516509958405
-3.881407662993297
-14.803745568517115
-6.442603065347612
-14.918034993856054
-23.84456832979413
-3.617631400731625
-3.6606643485174573
-18.058102630289795
-14.964562954908615
-65.22666683315589
-26.383080404168936
-4.09485190277519
-10.861196318604925
-16.048480626202945
-6.672086112655506
-3.8280428857033257
-1.6893009869090747
-7.6703374195089395
-13.487927039941496
-8.173700098628615
-9.235414940892497
-4.866013420265517
-3.5539209295420733
-3.868175174720818
-6.101756774927708
-5.038681448902935
-2.2315571663875744
-2.08020869869506
-20.138408562459517
-4.013280634739203
-7.474554416048704
-12.505186018646782
-21.04765295665129
-4.9635989443195285
-5.737645837871241
-2.7043952606909443
-6.909776321994627
-7.749088170448886
-10.206644147488987
-10.408106222806964
-7.9617646008187535
-13.450186694402873
-6.495764482713639
-4.90139715755322
-2.256755881535355
-3.4118279026151868
-3.200069091282785
-11.959912322083255
-17.540323179248844
-4.63424234330887
-4.012461677673855
-3.0587291012634523
-2.767143475562989
-23.786776120166877
-4.162357700370194
-7.909668355432586
-6.636158288557681
-6.642010606928579
-17.172105232304602
-5.054652917432577
-6.9512708024221865
-3.4950299683896446
-3.8635534882196225
-3.929737728283726
-2.145680882707893
-6.718924588232767
-6.244578525455836
-0.02794412523508072
-3.668659344093612
-3.876626678322282
-4.5650444491457165
-7.0464457244524965
-1.7326595865379204
-0.6423982944179443
-0.48156772478250787
-4.092572170228323
-9.602234225253824
-5.54862848688208
-8.801890136464863
-7.208771854373822
-10.125083713181084
-2.371321041859119
-8.915092754534271
-4.650809280661633
-26.816528744007883
-17.202496023165736
-3.6192369465679803
-9.145305425794504
-9.484073070459772
-7.855181061528128
-2.369595545809716
-10.864382934683817
-5.062610844806841
-6.791999204902368
-11.796625436809336
-0.9173250499741243
-11.89803259339169
-17.982592534694277
-10.309124417707608
-11.5077068451792
-7.877396874295755
-3.7950206669047475
-3.0449481334071606
-8.379576657713187
-1.4705157098960626
-10.65073017558825
-7.993472358509678
-5.536298826727943
-2.6528953408596863
-5.054266826666208
-2.386806974100182
-3.846889041364193
-2.709215080787544
-0.344966844204464
-4.188808084127686
-19.306446851341207
-24.559644230619938
-0.6543673594296706
-3.9913741644650145
-3.4338785227660082
-0.29095572233200073
-6.683020747732371
-1.3891788482869742
-5.779816611641763
-1.7676811612327583
-11.753172710741865
-1.7555550336837769
-5.281668739118686
-1.7790790675185235
-5.676179653515646
-2.2879342825035565
-2.254697882795881
-4.126193692971356
-0.49267042870269506
-2.3278717429784592
-4.954969677326517
-6.472386817370989
-12.074119680833974
-6.7663570269651245
-24.415137565673604
-31.271496226437648
-31.771291672433108
-10.2869092141882
-15.206149583915249
-6.380499047547346
-3.7142707777093165
-4.915298050502315
-5.252255638501083
-5.486852747380908
-4.6237349724106025
-16.156578196238115
-7.064484915741559
-3.660128711035213
-3.595172940773864
-5.460521400044854
-7.749528104837509
-3.4177673562953714
-8.139592469262197
-0.0742281725824796
-0.05297219066414982
-10.637732009621686
-3.553913423746053
-6.756357164613519
-13.877632312723108
-0.4181650214450201
-2.46709505799663
-6.176946411650533
-4.110981609672308
-11.531243215853635
-9.873805772592277
-0.5909350318834186
-4.094287706306204
-15.865013587899739
-4.033311308245175
-5.1191217568489265
-6.851076250662118
-29.306559027879302
-25.433932625728175
-3.8227912398142507
-9.828066576970741
-6.741882960894145
-0.9442713082426053
-0.4102190731155133
-17.06124665815787
-31.046453310958896
-17.189528533000157
-6.004198344415272
-2.5644698168234754
-12.961249466628942
-10.859314209321383
-7.909880794613855
-0.4547724365256727
-13.739910120057175
-3.6360844392329454
-3.527903958427487
-1.8580573738607882
-0.3741588890552521
-0.7525015601345331
-1.145032158587128
-3.4983722803463024
-23.572452487148894
-13.920568383028922
-25.15320222409173
-16.443851191008434
-2.3855585679702926
-10.081308364868164
-1.799660647942801
-0.2782297134399414
-2.3633449709959677
-1.73732460625979
-11.203603096632548
-11.064558381622192
-9.881989581510425
-4.268057010485791
-13.438483802757673
-11.96231201045157
-5.65172786701919
-2.9372789443514193
-16.544815647415817
-9.651270890833302
-22.261150504622037
-11.38894468945432
-7.735974192619324
-6.46086143460434
-8.739821738825412
-2.3462431277148426
-2.0934261715156026
-0.0731013473123312
-5.608204122003144
-8.201715952924133
-10.049599519639742
-4.485454655430658
-17.323466727830237
-2.7789182110373076
-4.532467066100253
-3.9215474694603927
-0.8206843803072843
-2.4018499933445128
-5.596989917020096
-8.18990377969294
-16.139192844760146
-6.978065353250713
-1.5986143226000422
-5.523423515915056
-7.638811952965625
-3.2407510933735466
-4.371199073216303
-4.1591828083619475
-1.003478647178781
-6.528530303388834
-1.7714491620718036
-6.486878688128854
-0.7089366782456636
-0.29370992427357123
-0.7353762758430094
-6.090445574343903
-3.166304255344585
-8.756205334842889
-10.077706874160413
-11.935614077700848
-2.218434204318328
-8.46228731276642
-2.957355701131746
-7.46072384900981
-1.615455143498366
-6.091991660068743
-5.7587949390381254
-0.2686246335506439
-3.118290420359699
-12.5497085879324
-8.127501817420125
-29.61757572514398
-0.6324912593699992
-3.4898233362473547
-22.480407086392006
-28.833408074645604
-2.5432883377252438
-0.4420998012647033
-3.6532235989288893
-9.731968105894339
-10.285165990595488
-0.754473419392518
-1.5525577870139387
-0.8277589678764343
-1.0873928447254002
-16.948350593091163
-0.39773669838905334
-3.3847505128251214
-7.534322145123042
-26.572888324645646
-9.492413805332035
-0.37705767154693604
-1.6338975669350475
-0.9907851268180821
-2.2140389941332614
-4.095197505580472
-5.197121151275496
-3.9943504180118907
-5.887285992503166
-8.91869861208761
-4.8805144991019915
-7.082451153903548
-4.451357043850294
-3.189749475568533
-20.20095493495137
-9.238429247944168
-7.594200625512713
-9.095843485392379
-8.329648344658949
-5.330724880445359
-12.723768852754802
-24.062544661199354
-10.435909814860679
-34.31442488843095
-8.211214989058362
-8.016797512489575
-5.163325435548359
-6.813540631029582
-11.20311513096658
-2.57079251702271
-14.530244344263338
-9.089427401559078
-2.3679435075391666
-51.052140442900054
-3.9638986719070317
-4.178153438626396
-0.2815277597401291
-7.245321830081565
-7.8388380635217345
-7.551262813387439
-12.56875745486468
-8.2836217536601
-11.903447488162783
-0.8266894839191536
-19.085895076661473
-4.970314073580084
-0.4127347767353058
-4.877271763543831
-14.752999624140557
-10.223540082291606
-0.13729479210394402
-16.730804321685355
-25.293118853340957
-6.351038300723303
-3.2908128990093246
-33.32052460018167
-52.59585293177406
-16.33025721089234
-3.5086182953887146
-1.1688360273619764
-0.4063929274561815
-9.58610240006601
-14.805942955186765
-7.425084436260931
-3.949899160669702
-4.79496719664894
-5.869819572999404
-0.4356837570667267
-8.634393184239343
-7.912030598410638
-5.886159304034663
-1.6809106221044203
-5.304386840201914
-2.689568425870675
-36.331272190016534
-10.77369069008455
-8.797084386387695
-0.30000224709510803
-2.5365156955812154
-0.35031914710998535
-11.95106234512059
-0.3165760934352875
-20.098173419060913
-22.790955092244985
-0.3840576708316803
-0.4455274025676772
-0.3696892559528351
-17.366614811669024
-3.871086633231698
-3.788025599438697
-0.39625564217567444
-8.372536201030016
-11.730305267676158
-0.5786538559477776
-24.306306501108168
-3.6108055410090856
-25.97732276400575
-3.020876148985735
-13.952108131941714
-11.179188741331018
-3.4308818156096095
-1.959869252059434
-3.245441586807715
-10.3797403239314
-4.324600193296476
-13.70235002384652
-3.803027011849281
-11.54019608759154
-15.338422172330638
-4.918735277406995
-39.7860911195271
-20.925448522062197
-20.215217238945797
-8.132888280328189
-4.817922853907476
-6.3418259443024
-4.320297684642355
-5.965340370777994
-1.5976587753630156
-0.7225523402319141
-3.147823212489129
-11.193634784833193
-1.6371070981258526
-7.2113129774602385
-17.979507472622572
-13.473284253533166
-0.6420009583234787
-7.376958090086191
-4.7412846928446015
-3.962566301925108
-3.2718161400407553
-1.1545057272978738
-0.3555692732334137
-6.532597385899862
-9.108313660935892
-3.820288304981659
-2.419192642912094
-2.3149838515728334
-30.37053426998682
-18.04025567210371
-6.8218463210250775
-1.2142693180212518
-8.381811934179495
-6.294659757692443
-4.4014155696640955
-3.1302836013492197
-8.709526233898941
-3.8309358372462157
-10.08432301897119
-3.501696132512734
-4.202520262173493
-3.067903629540524
-7.935393289865715
-9.182081438789282
-10.350997835048474
-2.960863434302155
-7.645075950251339
-6.191772368695183
-0.7288820071335067
-0.4305201494098583
-0.7131725245853886
-1.249938226537779
-25.879854381189944
-20.670716767770728
-3.8257881760746386
-2.672978097772557
-1.4871958316944074
-3.4832032730337232
-7.70116791480541
-1.5224084152723663
-8.944866347944185
-10.551703332610487
-37.78665220811445
-3.2698763391254033
-1.8927258281037211
-6.753531650905586
-1.1884987959638238
-8.85771543876757
-13.45907306506706
-13.726382851440576
-9.665241693784765
-0.1725043756996456
-16.324777638405067
-15.654079532370815
-4.658171168980061
-28.50130245036962
-18.179020780455176
-3.3157868564167075
-4.357276310782254
-5.182609080949533
-11.532569123927715
-13.546772073503917
-11.08095053397119
-0.2282544570043683
-10.744017647339206
-5.543008213415305
-0.3454312018438941
-5.323611342178992
-4.638603854406028
-7.189008811667009
-2.5080828855279833
-2.584154470055182
-11.459105943770737
-23.42003930384226
-8.799355761404513
-30.830382712345454
-2.377405149396509
-7.373476858248978
-4.71550628015757
-4.142337929224595
-1.6148025821894407
-13.168124352672749
-0.4438248872756958
-3.013677380138688
-9.05068093945556
-0.5085656642913818
-8.25930500299728
-17.4647428659664
-1.45284286034439
-4.861789213511656
-6.89571962241007
-11.112791267303692
-1.9388543627865147
-12.378304204078631
-5.629062333624461
-4.36150692217052
-3.8977297227393137
-4.418263609870337
-6.388142109528417
-5.266879035272382
-4.149741226712649
-8.575009938562289
-13.489970067959348
-13.099180140299723
-7.59837316691744
-11.10046588720661
-0.05442441545892507
-1.379173783468957
-0.009034653892740607
-0.7302125518908724
-1.7193023427461185
-0.012574953259900212
-3.8819344253861345
-0.010929852491244674
-2.020595670926923
-0.011753509170375764
-7.889164544140385
-0.014128998504020274
-4.511873468090926
-2.8984367171506165
-6.090189160087903
-2.1438030369445187
-7.893531730906943
-0.01471270015463233
-1.5955366970738112
-0.008457273244857788
-0.478104857422295
-1.7052830604515634
-0.01123372744768858
-3.550330672005657
-0.014591937884688377
-1.145570906719513
-0.008895738516002893
-3.3348250572234974
-2.2323112251160353
-0.011403107549995184
-4.841942203252984
-5.854780167610414
-3.040960873608128
-2.6378423321584705
-3.054648424142215
-3.7148493645945564
-2.93115819034756
-0.7837233251093494
-0.9721251708033378
-11.361234699882516
-0.4407109102321556
-0.44984095613472164
-2.6884466468454775
-2.8025953254441447
-1.2554421555250315
-1.2942019473557025
-9.996362348028924
-11.892454315785471
-15.37114184445636
-0.45142280201616813
-2.384382795265992
-5.976830740271907
-4.871719784918241
-7.926274026583997
-21.50713196343895
-2.5959693832292032
-12.470282711343316
-4.198810554531519
-0.8490170744789793
-0.33012868877085566
-2.094251819380588
-4.773420682759024
-7.168937676717178
-0.9708391335238957
-1.6863413993850713
-2.9103530091304606
-10.141889666032512
-0.1932928659789468
-1.1912120449196664
-1.9489277547981985
-0.2082199528813362
-2.4032286015390127
-6.160709381103516
-1.1543278694152832
-0.44539306174601734
-1.4219934395514429
-3.001562849396578
-2.144706695164132
-4.928973814821802
-2.393419457199343
-3.4003610652949874
-1.222986048900566
-0.9554693106729246
-6.587655947136227
-8.302647354725195
-1.2167826329987292
-2.3959731177410504
-4.509168912423775
-0.7381056423764676
-2.629094929074199
-5.642769743339159
-20.6643650968399
-11.156035458938277
-4.535783521063422
-10.086533416317252
-2.314817501301121
-8.477891450911557
-3.067780401615778
-0.0594093530671671
-1.1393993915989427
-0.0026682629832066596
-4.111444519141514
-0.01898854598402977
-5.323205162821068
-0.021226091543212533
-1.0180041703952156
-0.01754121109843254
-0.9997151595489413
-5.925765574466766
-4.447526447835116
-0.39233711548149586
-3.3972561341479377
-2.5943209645759
-20.5389506893207
-15.079524332968958
-7.000449903018307
-8.11314887050321
-3.9304149761510416
-3.937465017456475
-7.005273772090732
-2.1126364950323477
-10.85563755437579
-7.550179801532067
-2.2255063753400464
-3.256190645179231
-12.056356531489655
-10.50415114077623
-3.027276551387331
-4.728487042200868
-1.951802158884675
-3.843396548880264
-5.4219513027092034
-10.398886136557849
-8.137863668562204
-5.918453367741677
-2.5222551166953053
-7.235162613913417
-2.259626164101064
-7.90762053704384
-7.700922593954601
-3.5720724180573598
-0.9290657770525286
-3.653894645081891
-11.740649707011016
-0.8357637223089114
-2.0516911278109546
-0.061072563170455396
-7.288090682124441
-0.004202300100587308
-5.063160101934045
-0.021524399053305387
-4.950060310014578
-0.036140330135822296
-5.472059215884656
-2.9604404390847776
-1.6672252994719656
-4.273294824852201
-1.6938488186569884
-14.672789001506317
-8.044268762227148
-3.1946761972885724
-0.7913951773080043
-1.4505048879073001
-16.70372361144109
-1.2695890552322453
-2.5317341654663323
-15.138223152112914
-4.3906537888778985
-3.904487143168808
-0.16998291480376793
-19.255643708413118
-9.070479314752902
-3.207175147603266
-3.0791038054740056
-3.0349270647379853
-1.7681016768747213
-9.17349440490193
-0.7668271537272631
-3.767045485205017
-7.45955099886487
-5.06150025527495
-3.8512430054015567
-6.314536389079876
-0.9803159285729635
-2.1818984065612312
-2.0178662979160435
-4.600976525618989
-2.218284078320721
-1.6377783690040815
-3.0805784163876524
-2.6683577529447575
-0.2887434815202141
-1.608667763169251
-1.247606660591373
-1.670397991649196
-4.113850769838791
-0.2687802861091768
-3.361754655369168
-1.0504177967086434
-9.445702281394915
-8.26027632778414
-11.924099463310995
-0.023839209228754044
-1.0273802978917956
-0.007538133300840855
-2.482885692004402
-0.016670551616698503
-5.455873852591139
-0.012505068443715572
-6.591829361495911
-0.01301067229360342
-15.901603698418057
-0.016941865906119347
-0.6111627413338283
-1.9896931228372523
-5.760006864034949
-1.2284425765101332
-2.345563765586121
-11.643008885190284
-3.0587273860055575
-1.9887268858155949
-3.3948423390829703
-9.963886073732283
-9.747587844678492
-0.21565485873725265
-9.832599155721248
-0.004295969090890139
-6.057989717365672
-0.012447138782590628
-5.211253604575177
-0.007428510929457843
-6.1588652605132665
-0.009926733560860157
-3.6893647743399924
-1.984410317613758
-0.011270233138930053
-4.728866296689375
-3.916524770986115
-3.120830222731456
-1.762927098403452
-3.118758449161753
-5.108108676067786
-5.760896624875386
-2.7884501413786325
-1.1376214894917211
-3.520311676285928
-7.7187078049432785
-5.346062019015278
-1.1471041451904966
-8.67667926343347
-6.690703949210274
-2.813469858621829
-2.3671184571667254
-0.3263083699748677
-2.240271311845845
-7.283772076465539
-0.5125448674079962
-1.2104238967731362
-10.334417464219541
-1.3319546651109704
-2.6446311007598524
-4.10391993493522
-7.35647952844738
-4.097196951508522
-3.3711558897484792
-7.552327117417008
-7.001357249817374
-6.696033857908333
-7.950098607487234
-3.713213830287714
-16.06584648687567
-5.804046955264312
-12.137423796631083
-6.164296202126025
-5.693004819451744
-0.6186621685192222
-6.4790376323353485
-8.45264999475853
-2.1609224105486646
-11.385594924265206
-2.908855762841995
-1.0630631587582684
-3.6770915785236866
-2.9981230920166126
-2.3300941434831657
-3.701538161805729
-6.2063130472156445
-6.633128027835028
-0.09888120176037773
-1.0609832328700008
-0.0025338883860968053
-0.882927763974287
-0.013176231179386377
-2.8667359028986468
-0.011836323770694435
-0.9385248979087919
-0.046949081937782466
-4.555738879692399
-0.03973191452678293
-0.6063830354250968
-10.658011957737472
-7.098090485086459
-8.040430709603243
-13.760924137634902
-5.964943670816865
-1.7683195497957058
-23.364453334022073
-0.042148716165684164
-9.463172633924785
-0.0014962127024773508
-9.412528956076017
-0.009020529803819954
-11.02624312430953
-0.011014743184205145
-9.502206930657849
-0.012913960556033999
-13.156020478750634
-0.011802286840975285
-0.5879230318823829
-5.571555998776603
-2.957472408227659
-4.861345601864741
-2.2598999643871593
-3.567368184791121
-8.731567115522921
-5.010578945279121
-4.542322635650635
-8.054184725973755
-13.375971871922957
-6.034654936898733
-9.36130211382715
-13.732670141936978
-0.38654272864573613
-6.941523283167044
-20.30088027846068
-6.236202058626532
-3.453841077629477
-2.8095330381511303
-2.3283689947584207
-7.317170262336731
-5.465178652877512
-9.033421866396566
-16.036266779767175
-5.414547909022076
-18.451874282658082
-2.792900321597699
-2.5144026928137464
-4.127875572284211
-5.487642175066867
-0.11422620713710785
-9.503102431845036
-9.526059131894726
-2.9664336144924164
-11.865465738108469
-6.037227044085739
-2.775501764321234
-0.4570603078173008
-4.658909649490852
-14.77361555004694
-1.1126335575663688
-3.8301250539370812
-4.486389336294451
-6.097781288801343
-1.7457027558266418
-9.718886643880978
-5.174311388283968
-1.8361065055942163
-9.906773911541677
-2.5690127707857755
-7.877359132206038
-9.283081979170674
-1.5011894929548362
-13.644182366151654
-18.4724986419169
-2.467820685558763
-0.27643967102630995
-3.1403916216822836
-4.396174797806452
-1.9414490442359238
-6.408155297132907
-5.446957875974476
-1.4985916838049889
-7.599617225406064
-5.36798865594028
-6.747276304346997
-4.747805662849714
-12.885526541245525
-2.3818821177542304
-7.419514511293983
-22.949660447308815
-16.725213886666097
-2.082459705066867
-11.09313656410086
-4.363162725965594
-3.239441097539384
-1.453849698455997
-0.053895704448223114
-1.4043529033660889
-5.096197707202009
-14.133726013293199
-13.677238592788854
-6.060272786004134
-5.530265043731561
-0.05099693487863988
-1.8954944761061938
-0.01697142980992794
-3.010349201709687
-0.037924948846921325
-9.442099878913723
-0.04856420657597482
-8.906992852113035
-0.01827129372395575
-2.6180109047581936
-3.9268432043461416
-0.023740747128613293
-3.4489855721321874
-0.007251661038026214
-1.6061315252682107
-0.014820261974819005
-3.7719041428726996
-0.05256392667070031
-3.205709182483588
-0.020266442676074803
-1.4405260323510447
-7.601538683382387
-4.713617554188204
-7.319953524262019
-13.293493094490259
-6.095372996243441
-14.789960247257113
-8.040852336451962
-10.118808970632017
-1.7493955954560079
-7.475256911217002
-7.795465502389561
-7.68779715292294
-19.53515263065856
-11.301830603213602
-13.804286284241243
-12.48243150617418
-0.022979755187407136
-2.131793687037316
-0.007028847350738943
-14.67442316436518
-0.033765058033168316
-3.7040377468656516
-0.03238232736475766
-1.459237702358223
-0.03779689338989556
-3.011721737906555
-9.537190852556705
-0.020472264848649502
-5.042235528351739
-3.2429791085282886
-2.8128143285939586
-3.0015713176253485
-0.3273769321385771
-11.60872232865222
-11.20138358647091
-2.2061997018281545
-6.74523464054073
-2.613393880405056
-34.751235784130586
-10.374442562336299
-6.403494632875663
-3.9263703662436455
-5.834817216920783
-3.694323014398833
-6.586599041222144
-6.769833713304251
-8.699742086078913
-7.024823707972246
-8.461438764937895
-0.8049001057515852
-3.073196295580601
-17.00216636832735
-3.0956432604196493
-1.1550652763708058
-3.871939540229505
-9.314453557565912
-1.1782574152330199
-0.407552477918216
-2.078207344195107
-5.999122930013073
-2.591833825172216
-0.9679980937098662
-27.24210881244494
-9.115411871327524
-11.96714573452482
-2.539368395344354
-20.70490558869642
-5.8912396545592856
-6.27440555457224
-7.509825180766484
-8.894607276324564
-5.056773695704123
-1.8950164687412325
-10.277902403693588
-4.832838623673069
-1.3166621805753493
-7.517195678374037
-6.23652965283145
-3.8995893102972445
-0.9903499086485681
-2.481439340277575
-11.272087557509622
-2.868063129200891
-12.077620950307391
-0.20113107721340384
-1.7491898493899498
-1.0146797703637276
-2.5996769968496665
-0.7733446024358273
-2.877233810679172
-4.424700851047419
-1.844927815362098
-0.8655239402105508
-3.09153714360491
-0.7065264395496342
-3.468490626040868
-9.328814376616037
-1.145953445457053
-12.237612495198846
-0.3928392205104956
-1.1796583379327785
-6.2640741265913675
-1.13978670774668
-4.405822620943582
-2.077683596580755
-0.8035488625864673
-1.8397591747504976
-9.731015914454474
-3.143627214827575
-7.520639836944611
-5.870476618954854
-1.3774207127316913
-2.375245527844527
-1.993483117179494
-1.8731023210320927
-0.10010212260249318
-5.754377464400022
-2.3674240782017932
-8.10195695752418
-0.03199491888517514
-1.723648665843939
-0.002830321289366111
-1.1176556920399818
-0.008407259068917483
-0.5654225338075776
-0.5979060890458641
-0.00845716503681615
-9.993786970560905
-0.02594424202106893
-8.768189734153566
-0.01856406149454415
-3.1698169929854885
-3.812130524228678
-3.760618107404298
-6.404121776811735
-4.948716469380088
-1.9916772743745241
-13.208574507716548
-4.600645481608808
-2.9675109595737013
-5.538621703861281
-0.07128395733889192
-34.030891385208406
-0.007801661500707269
-0.017148284008726478
-5.494309306654031
-0.01070992462337017
-3.9477452112575975
-0.015541499480605125
-4.380790203693323
-6.52162966179867
-0.043874059803783894
-11.375768112111416
-9.195081834045595
-4.350660245483596
-1.8840354680578457
-14.142168083270917
-3.9066233745743375
-1.754891940516245
-5.942033940142892
-15.272985435579812
-6.085172900489852
-10.496728936514955
-1.9316321126534604
-12.641566501459238
-1.766079376340258
-0.027999182959320024
-5.60458237383682
-0.00616635219193995
-2.6475523239837457
-0.013439955655485392
-6.461094536767632
-0.01292749890126288
-5.594280607841938
-6.871985470104846
-3.336426932073664
-1.757800539926393
-5.086801995244969
-6.451264880076451
-4.006692952916637
-1.9374684093272663
-5.546527629283446
-3.9329420287312473
-0.9298084041138281
-3.58789847760454
-10.90869385924998
-9.930932995774128
-0.40182242705486715
-10.23507563536981
-0.01131328847259283
-10.115182175071482
-0.012400609673932195
-12.766783194092568
-0.010785651742480695
-13.938444317373978
-0.011049458524212241
-5.928850665459322
-0.018949184101074934
-4.82062326052619
-1.4988959177862853
-8.407220926470472
-7.506778504459362
-9.262899645615107
-7.1860765438214
-9.17095320030785
-12.491135633149497
-5.266614800990283
-5.917406648337192
-2.4332701457587973
-5.284517406924579
-4.268146828283534
-7.604071349625883
-7.653260023740586
-4.5392365613195125
-10.301468803780153
-8.595069071819125
-0.0344842323102057
-11.84017402538285
-5.002199934093362
-0.05843482189811766
-9.297522028848562
-0.012259694980457425
-18.50182103246732
-0.02063648193143308
-4.926557308277495
-9.487293064652704
-3.5099475651077228
-13.781949945956512
-10.625406331877457
-5.798205243195298
-21.478425959656306
-21.861477936409756
-5.2660891191335395
-4.053037515332107
-11.055747107374373
-15.26973144110525
-8.969797567178375
-10.6005903101468
-12.091704264454165
-11.604792152723348
-0.0301762887975201
-13.997757615736191
-0.00185466100811027
-9.35654357339854
-0.00977759703528136
-0.8021577501203865
-0.0054778631892986596
-0.48771917275598753
-0.005559966492000967
-4.121293024270926
-0.011300677841063589
-0.5262090430187527
-14.62248193285268
-19.645587426872225
-5.07307290446397
-16.586123095825315
-9.065076952101663
-6.220959953328929
-22.84636702455191
-1.6369351875619031
-8.20075004811315
-3.576841086559398
-3.114849009172758
-5.051676692678484
-3.4105690583273827
-1.8882824651518604
-4.124095417268109
-0.9230243894080559
-2.066626423751586
-8.033110161878312
-1.846695948002889
-1.533525165701576
-10.29576531530165
-7.636454343139917
-0.045822612941265106
-1.1743171965281363
-0.0022613306646235287
-2.704492288900383
-0.007744657923467457
-3.839320978212072
-0.005670862621627748
-5.09914609509724
-0.009094384033232927
-0.6787490455972147
-0.013732006307691336
-0.7180438971263357
-4.501290275220526
-1.2280034109171538
-2.9371256956519574
-2.661166388254003
-9.925049541447152
-4.471234613525667
-2.0288215165783186
-4.85432533652056
-7.149883752324797
-16.209692172851646
-5.554477997124195
-2.318383101252948
-8.346025447775673
-4.875354805029929
-3.1339065335832856
-5.224981535691768
-1.9782155002453692
-0.4545810472482117
-4.077770234463969
-3.4041800481209066
-12.656282135817492
-0.8876967846481421
-4.8887038261045745
-4.8886663697776385
-2.1442001673276536
-2.291885205544503
-1.0513863977394067
-1.2405701371317264
-1.2333578236211906
-8.320843180465545
-0.25431369621219346
-4.998979154974222
-4.830869971168795
-2.1031289172169636
-1.815450903337478
-7.657656649578712
-7.809192965001785
-11.387203901631437
-8.448678239024957
-0.6339544088768889
-0.0340790711925365
-1.3305934541713214
-1.5064482808838875
-0.6287821810692549
-1.2493545711695333
-4.8752278704196215
-1.818254192272434
-17.41636854429089
-1.3832821941123257
-4.020924432375978
-0.5102977063506842
-0.4926630671325256
-5.124168277096032
-5.32729047635803
-6.9591060517814185
-1.9836679648433346
-4.189688760048739
-8.290692861563002
-11.359927888057427
-12.499310475274683
-0.01261539029655978
-1.5713411257601706
-0.0037188518908806145
-6.262033535578098
-0.01328985660802573
-4.147957886380027
-0.016303211566992104
-5.138755241598119
-0.018140096683055162
-4.073840607510647
-2.0541716256084257
-0.010975113837048411
-8.008436389281997
-15.80305303619889
-15.442141293096938
-3.2477148200850934
-2.4498979456111556
-2.8231227878277423
-2.048112085314642
-3.5963102707441976
-18.998394869748147
-2.0208836745587178
-0.48075817366770934
-6.61127068742644
-13.852991243175893
-9.388478563767421
-15.76145510092283
-11.468093961127124
-17.120703078394854
-1.2539600909512956
-4.184728853870183
-12.507858728237807
-1.9467882963072043
-8.16690281778574
-17.08573397246755
-6.170700992101047
-5.46350030542817
-5.182351207007741
-2.692246957038151
-4.953765802376438
-16.724273356341484
-1.96235737871757
-5.907717739568625
-3.5156801203984287
-0.7481382376063266
-5.765694190296898
-4.926293102453997
-5.281516536491381
-3.9772911442004784
-3.31905798497246
-30.293899627600695
-1.8041752749666102
-9.780968913517427
-1.2962858937680721
-8.32514376227391
-15.520559642696526
-1.1720106968614346
-3.026485230308026
-2.0509575741598383
-10.052313138982754
-10.231039343912926
-0.06318413408007473
-0.5071877081354614
-0.00628900364972651
-7.029254074177288
-0.013203858863562346
-6.45784066834949
-0.015580561477690935
-4.853332200901093
-0.013949331361800432
-4.299595498230701
-0.03303545620292425
-5.955001116497442
-0.03334539011120796
-19.920951226903526
-1.7291211046394892
-0.4043746020142862
-4.820949630242467
-3.7834536254249542
-8.556061978836624
-10.835804486720008
-4.402049805848947
-0.6925060615262737
-5.534985375976248
-6.106302361085909
-6.057123104677885
-4.9072478071693695
-4.154492935787857
-14.145751749798364
-6.454018112646963
-3.097302571637556
-0.04151631472632289
-7.287892519903487
-0.011709061218425632
-8.21315509357737
-0.022217475343495607
-1.492696835543029
-0.022118354681879282
-20.894040139176468
-13.982136703230935
-3.690039418870583
-8.452783846139937
-2.6874115391292435
-14.100727457069297
-17.767915135221074
-6.297687348516774
-8.970251974745224
-19.735773615524522
-7.995628584511564
-4.577437257984457
-4.198271622270795
-1.1739986413949737
-17.61291812127456
-13.834300904011798
-8.998897619174386
-8.95021666059256
-8.674017815312254
-1.845952233299613
-25.199295944599726
-9.892659511784586
-2.100054488513706
-12.863239459629767
-8.107674522685556
-25.544089753630935
-1.3005018282892706
-16.271793837350288
-9.365397294939612
-3.464325353653294
-5.331874027098792
-2.285411172125805
-11.076736828863886
-5.095199949918424
-12.96721873059687
-13.691898480215968
-12.328691128287574
-12.144767801550188
-10.217223812772318
-3.8230747972775134
-2.4099430123314676
-5.30567003363376
-3.06110519217782
-4.949044403894732
-5.356888143761346
-5.568359085695192
-6.43417591913385
-6.558502722399339
-3.710190404576622
-5.254507491430559
-2.247952755074948
-11.43241645035232
-3.3088215172515447
-1.2294299221466645
-2.0286615566037653
-4.701222931151278
-5.161440344905714
-1.3657107569979416
-0.08115991041995585
-0.5488688299374189
-0.00538689544191584
-3.9546492593981384
-0.01295707852113992
-4.4284838610219595
-0.011330939712934196
-2.104902486411447
-0.00888575753197074
-6.796533739649021
-0.010295544285327196
-9.33328035165323
-6.803585336587275
-4.961663989422959
-0.4841851604869589
-3.5183463939465582
-4.397209729824681
-2.949132728332188
-4.3508473101537675
-0.4285291941550895
-0.5293296640302287
-0.11897542139558936
-4.2693544376816135
-0.8344579849072034
-3.7061172580361017
-6.8173858842746995
-6.906556993722916
-0.5920153882361774
-3.252682109498892
-7.1675748337677305
-10.489771423146522
-0.0837545139802387
-4.549925050883758
-4.367590427398682
-8.275039885018487
-7.405632736030384
-16.860324885310547
-10.740714553772705
-4.274058858281933
-10.809262116381433
-7.214915889129202
-1.3661153070625005
-6.540829366645987
-14.964369008725043
-3.9976660363136034
-4.973274933407083
-17.668333230545613
-4.0976924211208825
-4.5109656118766
-3.127756416419288
-14.56062843741347
-8.63104202807881
-6.7088612772076885
-9.186092880023352
-5.234746660656128
-7.623555802309966
-2.4972463598678587
-3.984038201864678
-3.774382743431488
-12.795460540217391
-1.2147952229897783
-3.3876932125422172
-10.658934070613213
-3.513164301726647
-1.0125730074150852
-4.657346436381431
-0.09024484835936164
-2.7980971638685332
-4.498447598128223
-6.931300073774764
-3.717360003705835
-4.305469636616181
-5.842233043993474
-19.685408445526264
-0.48318905755877495
-5.482570046959154
-27.03190006740624
-1.846763835841557
-8.318866222165525
-10.55381803668024
-2.983740488823969
-1.3486931111547165
-3.095309073369208
-3.297455737796554
-0.9660134442201525
-10.435452397108293
-0.4488287571366527
-5.1655017261687135
-11.918131668671776
-4.420274810916453
-1.2721883766062092
-3.5940034012310207
-3.125929534435272
-5.02203150690184
-3.337120466538181
-0.5026557936507743
-1.6002367213513935
-4.972439697700793
-6.9609088661381975
-6.957415981392842
-8.430247851526474
-2.7054348219371605
-0.7920915033755591
-3.4185310251141345
-7.912198563677521
-5.7970430514328655
-2.63067028896171
-5.803012207280517
-4.419569959507498
-4.483513864739507
-0.010801656171679497
-2.1075204153551113
-6.533021140097844
-3.5216078265716533
-10.94887505656152
-8.70767385122781
-3.520194317692585
-6.222585157388835
-1.1439303131646739
-2.6021538929799135
-1.1639436978512094
-2.332545442332048
-10.932118646463096
-6.0262260171657545
-1.959636330741887
-1.9022145504277432
-7.568333447893565
-4.821863060402393
-0.1252324825618416
-12.092915692543556
-3.644450169376796
-0.013820476946420968
-13.63466902804339
-0.3440013078816264
-6.9795198319566225
-5.957100019353675
-3.609477403733763
-3.664962850365555
-1.2296688532223925
-0.7936124044645112
-1.3280686908474308
-3.948362553732295
-3.3482915842587317
-2.4739588630836806
-6.180323865182771
-0.011698645335854962
-3.878632568579633
-0.015501714777201414
-5.930187128789839
-6.440670053667418
-0.028032942675054073
-9.384878277997245
-0.024538130033761263
-2.254789347680344
-5.814885920073721
-0.2975029479493969
-0.028536574449390173
-6.404594909433968
-4.486691016470985
-2.6223161796333443
-10.985108200460672
-6.619105700145383
-5.039929639315233
-2.154713099787841
-3.3053194732783595
-2.793202435672015
-2.1072429411578923
-2.595869152677551
-8.523888103693025
-5.163149017656906
-6.873487296397798
-10.114123105282488
-1.2347319356922526
-2.5711824865547896
-5.011036754556699
-2.3909972532455868
-7.009473536580117
-1.330947686833042
-0.019364474923349917
-0.4958746645734209
-0.00310807375353761
-4.167804066096778
-0.0073809242458082736
-4.768419394221382
-0.0060665992787107825
-2.015434606346389
-0.008711597067303956
-7.0173649275066055
-0.011992328567430377
-2.5381396552256774
-0.8746850577590521
-0.04148851477293647
-3.573933362853495
-14.079439969362284
-4.019775118402322
-14.048962980195938
-6.785012242093217
-13.45262151906718
-19.336745681010143
-6.519557951452953
-9.637614384097105
-6.214040317540821
-14.513365725488256
-36.40899734423692
-14.534436235335306
-5.638095654838253
-10.102193329992588
-15.737940438091755
-8.277412893003202
-5.7595307946176035
-22.184371122792072
-1.1075335870846175
-6.8281721844716685
-6.0590312003405415
-1.603301464841934
-12.314929880027194
-11.922274377889153
-8.478780544213805
-7.664091616035876
-4.820841029268195
-10.416784507044213
-12.543692902974726
-14.158787409512115
-19.398590832784066
-9.562420456670225
-6.903070879528968
-2.042456238385057
-11.861909051815928
-3.927754214433662
-7.6365310456603765
-8.090804426586601
-3.4274894676709664
-4.66846869784149
-8.215372285711055
-10.200183532307165
-2.793591915833531
-10.246174115156464
-0.4832847137204226
-11.0588467624043
-9.425158267771167
-2.6074202534036885
-1.2574442268796702
-0.6391607359691989
-12.198776383476797
-2.1803907988714855
-4.503383292816579
-6.4046415020887935
-1.45655424441793
-1.7265086300903931
-11.116298502037353
-13.4182788561302
-33.81315095773607
-69.68180684713525
-14.002076381374536
-4.377412165627902
-4.693391280552191
-22.47920969901611
-6.15076827719713
-7.946462888602582
-28.740654627383265
-14.848915348007722
-19.00233689392735
-6.579574635302379
-0.12621021876111627
-0.0366793570574373
-2.738767141072458
-0.009679919807240367
-27.964623148048304
-0.02343472884967923
-6.0705054496675075
-0.011109032202512026
-1.4521282116229486
-0.012455725343897939
-1.1352531796774201
-0.01854402432218194
-0.8675327095606917
-0.016590170795097947
-0.18133771675184107
-0.030855036340653896
-18.746056373483952
-1.0603312245511916
-0.018793885596096516
-7.799296310349746
-0.05044312332756817
-10.626157695460734
-0.03850638843141496
-3.61895114828053
-5.958717275872004
-5.411259550834075
-11.904843113609104
-6.015381928707939
-23.519901901130652
-2.896274021662066
-9.552926460217805
-1.8096372304135002
-7.166759525309317
-3.207650502328761
-6.223740758035092
-17.528032258055646
-7.448915357439546
-2.4016878531547263
-11.232637540730138
-10.571204002813829
-0.0773169337771833
-1.1796494308509864
-13.003125496856228
-2.008294746010506
-0.7052700472836477
-13.36958783868613
-13.901028491361103
-2.434207844082266
-10.481751890733904
-4.604494505895673
-2.3280828070783173
-2.3669514167518173
-9.163057149585256
-2.360509784950409
-13.62087033029536
-13.43637918384411
-5.565371617354685
-2.2283657304942324
-10.859443431271757
-5.337414795488485
-3.4831864789471183
-2.1037313617707696
-4.747965484217275
-9.484488488123588
-12.65153255981204
-2.340831202243862
-12.241579759076103
-4.560248305457208
-0.6282910597510636
-4.395140369689159
-1.122603687587798
-4.775083980421186
-19.76078981738101
-0.5371815712496755
-4.299323337520036
-1.400398032292287
-5.3049484471030155
-4.638160639685623
-11.728623905156383
-0.0756007181116729
-14.937878504139007
-3.661351505562834
-6.519602722358286
-0.8712034315467463
-4.808485152020012
-15.919905122358614
-5.533589250440855
-2.9762800246608094
-3.414798036676075
-5.724161883787019
-0.02959388819454034
-32.97528064892981
-15.209927036549061
-14.135715252583395
-28.06733985993742
-1.7719772262498736
-10.094507542782594
-0.6353463087325508
-8.861819752064548
-15.989284815063002
-5.091724961059299
-7.9563397323104255
-7.095071883322817
-7.810889327500263
-4.196720612557215
-4.460546449758112
-1.5411312605938292
-2.893786429816828
-7.909137958127758
-4.6155799850821495
-15.542929074505992
-4.457992787973126
-0.45156699129438493
-7.103326595568433
-3.10786641141749
-13.313953944636978
-21.70259775316299
-1.4519419933203608
-5.375458017640085
-12.291930255812986
-5.55037774372795
-8.465053343879845
-4.125246489420533
-4.2737857415027065
-1.9911276845150496
-4.254961725790054
-1.6848773975443692
-0.7810351845400874
-10.012547873555832
-1.3091289671374398
-1.4870321241915008
-9.348184550448423
-0.8121187072310931
-3.707516700731503
-2.7599515744659584
-9.207658355117019
-2.015701766975326
-7.662575665766781
-15.269629830034546
-10.284439134178683
-13.517387841173331
-2.408755604104954
-1.146279270760715
-5.532984241352096
-12.144518272951245
-0.93917567061726
-7.336905340162048
-4.699172247288516
-0.939695313169068
-12.81885994280674
-2.2236514030410035
-15.064770877346746
-6.393886405665398
-1.418354180697861
-0.48515577521175146
-2.8713722955435514
-12.507618211025147
-5.615345456288196
-20.999592547756947
-1.745218747342733
-7.686147157552114
-0.24954049941152334
-7.5684395139705885
-7.384586139552994
-19.35240464571143
-7.455516497408098
-4.501641757547532
-10.19478377069754
-17.869132467423697
-20.184489219607713
-12.377685728675715
-6.827744813710524
-26.744845540975795
-0.10728198653669097
-1.1141654901148286
-4.171057498038863
-6.559689889170841
-15.531413607945069
-15.82564092649045
-3.574505535368189
-4.815526984673852
-7.8947965960066995
-31.3966479167093
-12.370964150963118
-1.1208528809402196
-2.2375809145742096
-18.213501631404142
-7.741151609828194
-7.171075153572019
-4.906017286655697
-10.095397754454098
-7.644095811032457
-20.820355750780436
-3.926480657493812
-3.5615145878400654
-2.992127252946375
-0.038158209004905075
-7.504475774132857
-0.027101372368633747
-3.585795413273445
-2.1123200382935465
-44.685123500833924
-0.3393180901184678
-6.16271060006693
-0.6526786488466314
-7.3942847311154765
-1.359043893560738
-0.9610657654702663
-5.039020734580845
-2.248560120253387
-1.0887841423973441
-7.162929735684884
-9.907813055495353
-5.168428677545307
-17.041454609614448
-0.30221754452213645
-0.46217082843213575
-0.028877266217023134
-5.980346040507811
-0.03330637817271054
-2.7068229097203584
-0.03588237753137946
-10.762285656985114
-2.9258612186458777
-3.4655185684950993
-1.6244768184405984
-3.231290582101792
-10.092327438418579
-2.3662053775979075
-5.774699134613911
-9.038969470646407
-3.3531319020621595
-1.27591466717422
-0.025955410674214363
-0.472013168327976
-0.43112037162063643
-1.223595376346566
-2.195580889667326
-2.1387742859951686
-0.022707919124513865
-0.6670724872383289
-3.7705952750402503
-14.726754309496755
-5.85128396829532
-15.81562716371991
-4.165268380823363
-5.820658914755768
-11.442228609113954
-6.9114560327743675
-1.3136828113420052
-7.550388215513522
-4.1974322744345045
-6.764841960092781
-3.1665968543829877
-2.4969415123778163
-7.520744664390236
-0.9490626459319174
-10.973684048251016
-4.329525677292622
-0.38757761105080135
-3.5345249006577433
-4.790353715055971
-14.95106683487029
-3.3096956683439203
-0.9093540916364873
-7.938544592310791
-8.257566181702714
-4.989301459730086
-1.7564857083780225
-3.286750358430254
-6.99191209829587
-0.9576394483447075
-2.8059581522102235
-4.655960761127062
-1.096802830683373
-4.807805603602901
-1.6646488757178304
-3.70111079821379
-20.597678476005967
-5.869963012897642
-32.81880013208138
-7.6619146894227015
-18.860941604711115
-5.361102265386307
-27.10041393328902
-8.476293515903308
-4.135621913941577
-6.883325545000389
-2.7650600229633255
-0.12317269900813699
-0.1682105315849185
-4.491720436207061
-0.0025648205482866615
-11.525953415844924
-0.026577571174129844
-9.268106825922587
-3.79328689128306
-0.01745267235673964
-6.496405338768454
-0.0231206517200917
-8.145511942395387
-0.033348166616633534
-3.4281284454891647
-0.03158010891638696
-9.54470891098481
-0.0316742155700922
-2.955938238980025
-2.1112070507369936
-0.13776613771915436
-6.5570836304018485
-0.1365774764562957
-0.022502718959003687
-2.2988628948405676
-0.018553546629846096
-2.914845477801464
-0.014855789835564792
-7.765681040131312
-0.013574473327025771
-22.79994769725181
-6.517875940781323
-0.012071326142176986
-7.9570027987478795
-23.06044951246713
-0.01489420619327575
-3.7494295002256877
-3.716301376607589
-11.05514337973932
-2.286718517920235
-12.802994777537492
-3.306064920147037
-12.538919903786336
-31.644573160299842
-8.84390144873396
-12.837359476514393
-0.9243798671423065
-2.1834127948259265
-5.427716205066645
-3.6021204931948887
-0.6208295960441319
-19.45734943024854
-9.313229109351596
-3.5404644572109873
-2.7307618865741574
-1.7397866530809551
-1.1396570060442173
-1.7997937179698056
-7.216215207208279
-6.994009108711907
-5.6947079720921465
-5.008857620996423
-3.0479760549897037
-5.281198174978272
-2.5721328727195214
-0.6283874380287671
-4.475766884987024
-1.8585319323465228
-3.587389661425277
-2.742813116819889
-3.5195913643592576
-3.5024975538053695
-4.592079121382085
-8.008842546114465
-23.235299040486098
-14.463559924876336
-37.68262561500251
-4.020056344679006
-1.1886465081015558
-5.641824996841024
-2.0867061415628996
-9.85944814886443
-9.018536075978773
-21.7121105681872
-3.472175079434237
-23.949639007113547
-22.324894327890433
-25.043616978593036
-6.492571649769161
-12.614254676377186
-5.713278758119486
-7.2813683822751045
-17.552417762839468
-9.510432634415338
-15.149893651803723
-4.216945748149499
-3.7609742338790966
-17.026101285969162
-1.5416648481021866
-2.4198363564910323
-2.69913228596306
-1.0472065609210404
-0.07036161283031106
-0.3969281233366928
-2.050786597530532
-16.632050058622553
-1.2248746779696376
-7.27963503497358
-4.1296543320367505
-2.4730954310216475
-4.383038780637435
-2.2289639476075536
-14.601525866446536
-11.169965808599954
-4.366163648503061
-3.5938886672302033
-0.8521376875278293
-5.95217283661259
-2.7820329326605133
-6.125246163495831
-11.345211724921228
-7.491346911958317
-2.9794458333053626
-13.53501476422889
-0.8920694818698394
-4.083506713412589
-5.979586880654097
-5.590933695668355
-7.878930667415261
-3.3836867862410145
-3.182535520521924
-3.4605448794463882
-4.620485527906567
-7.953503906810056
-16.990564054800416
-3.3182287385716336
-2.485074546690157
-6.528078518608709
-8.881887418150654
-1.2555029567156453
-4.5467154448560905
-2.11969474467719
-2.114524508273462
-11.202966646675122
-2.864586090468947
-11.30433987339893
-24.157950734829683
-23.603734457623887
-14.360673430913266
-0.9443789405158896
-34.156088136438484
-0.8181521057376813
-19.964043098349066
-0.7599339206008153
-3.8139443414684138
-28.727238088342347
-0.8864666106383083
-11.639399960346054
-2.333587312605232
-15.688112283074133
-16.335462220129557
-7.687795985199045
-15.540688114327054
-29.743728456926817
-19.49552179262264
-1.4022859800606966
-7.096831390471834
-10.045144825104671
-6.101889145867631
-6.388083132512293
-8.126650915992286
-4.6575182280212175
-5.658446504039603
-33.109745165758795
-0.8133917753293645
-16.363350153678766
-8.641532268502488
-10.529126257220923
-11.55491991265444
-13.064165589875756
-26.16635690515841
-24.37012719077029
-26.691632086148275
-20.541295266450106
-3.708420143928379
-10.06793785129048
-9.722970201270073
-0.8175030548190989
-11.204839372505376
-6.400635410711402
-0.31558262361068046
-8.020305817424742
-3.4310326699494453
-1.248690434049422
-2.3335746771190315
-11.442260076544699
-3.269805580883258
-1.0715854966110783
-0.5275861728005111
-0.10302872955799103
-1.3414969039149014
-0.008289763005450368
-2.4645812226661405
-0.01184441871009767
-3.7397880177450133
-0.01021271850913763
-12.185864464847327
-0.021924219792708755
-3.685590883099394
-0.028725034557282925
-5.109674420840747
-3.5742172873622167
-0.01662906864657998
-1.0394054974676692
-0.013422220479696989
-4.177217137774278
-0.6859474941857044
-0.03810196672566235
-5.051162064875825
-7.575199096938377
-7.549182116985321
-4.399691835153135
-1.6879270613817425
-7.828998450643667
-4.49495379939799
-5.030555401204765
-14.401848634779526
-2.4774723367081606
-5.163734769514122
-0.4055704304482788
-6.193938652706493
-9.663608422437392
-2.285490517533617
-12.913430940852777
-2.8269028487748074
-9.467554090268095
-3.10633538420916
-1.4938549304861226
-1.9006069181568819
-6.20296604870407
-7.428247636184551
-3.0268928964505903
-3.004808827492525
-2.8578270438338222
-4.418402840648923
-2.714491403166903
-6.308944809165041
-4.2020086103948415
-0.5393275700625964
-19.332807738972406
-2.1129016022605356
-5.840386324900351
-0.7424982485790679
-12.264221876530428
-5.612937020596519
-0.9929129201809701
-3.1775574696794138
-0.8782187812030315
-2.6668461728954753
-0.5473048016174289
-0.7900900280437781
-0.4163811430335045
-0.8830476565453864
-7.875575877787924
-12.59654138926635
-5.959695507710421
-0.9436832771170884
-6.908705354202539
-3.856701673648786
-8.670814911239631
-2.8561650773481233
-17.62478537834795
-4.923327369891922
-8.89156627934426
-4.542386918681132
-1.4522330526888254
-12.036998940362423
-10.821246280222113
-6.121995608700672
-3.5888021920836763
-5.331662347947713
-5.704734936582099
-4.439213206642307
-2.324686660849693
-13.188097171343088
-28.657783054163673
-9.896758532356898
-6.654705231438129
-10.400774638924759
-2.0081167037562864
-9.148921966199168
-14.30757547734651
-2.1971464405887673
-5.850662920058312
-0.32643378306238446
-8.561317597721313
-1.5150394775646134
-22.225812993114232
-6.3933666364100645
-23.943538573788828
-9.520039534836542
-14.235711092940619
-30.41307762202996
-3.843463809113018
-4.412144444879232
-3.856632746793366
-31.965292744405815
-10.578487480350304
-3.733932905786787
-6.4819775282967385
-3.329736433806829
-1.5025761624492588
-7.251983657695291
-6.949469775002399
-7.284156444178166
-6.266070434026005
-6.302119531876997
-7.480488168573174
-10.287950715705165
-2.2423212332068942
-11.354753510431692
-2.686084017765097
-1.0732389758550198
-4.629851015719396
-0.9590139352003462
-8.376104601973111
-1.738526972784939
-7.9993054071455845
-10.447009925863085
-2.1559029572053987
-1.0578400693520678
-3.519147197357597
-3.799242241671891
-2.497423692315351
-5.779255146476771
-2.515914841648282
-7.079576876691135
-0.4877360712598602
-5.5850035672628735
-2.333363593017566
-2.977663338155253
-6.86494061310043
-5.453522556199459
-2.531565110707561
-5.671292490266751
-2.2432723071119653
-19.507540746114955
-11.42731760039166
-9.407678333533113
-2.748026505141752
-6.667285687209983
-17.645666193437137
-0.26433761714633874
-2.659316649194807
-6.399740016891883
-3.3564907269174
-6.0275365394190885
-6.4722978395639075
-3.8939225737867673
-1.4519181825844498
-1.222601492103422
-9.054317967184033
-8.704047993815038
-3.526350780825851
-4.422199726104736
-3.709450608674615
-5.80922862328589
-10.793158154815046
-1.0656986282992875
-2.0002953534931294
-1.2485832879901864
-1.3151600863384374
-3.3824500584887573
-3.057280824519694
-5.103339633802534
-4.109950936748646
-18.133219166341632
-6.22824228627627
-0.8143071821237982
-12.978325404780662
-1.7529539569513872
-21.970973281165698
-7.672282486222684
-0.36999463014126377
-1.9908203190861968
-0.6132021761090982
-4.825503700235458
-8.294338907081055
-11.6572265734967
-4.296058565255862
-5.767074402412618
-8.080569959360218
-14.264939670323656
-3.7822807461305388
-3.6347029548451246
-6.353239725698131
-1.3807265526193078
-14.671656448947033
-6.217350506032744
-1.3624448131303666
-0.570767171564512
-2.132674636584845
-0.8350745884526987
-0.23483267811388941
-1.4323737957420235
-1.9781950498827356
-0.22773981024511158
-2.778590071958206
-10.318060089783103
-4.754237006789481
-3.947139909671023
-7.985925037444758
-5.962806674133844
-4.583439060053934
-3.7994206983848926
-3.2318375213344552
-9.356994778223452
-5.698465782104904
-4.093532713595778
-5.617367539780389
-17.161486442016212
-0.6024983510760649
-0.8413251761221545
-2.4614125863299705
-4.736574493107582
-8.833421831171108
-2.3253750775024855
-0.125224752118811
-1.2946052077791137
-2.3797123378644756
-6.2094090069658705
-5.6183236816309545
-4.175885901022411
-4.294751592151442
-5.481101441546343
-0.09417112509254366
-2.4723706016202414
-10.236532880814593
-5.509279816947128
-3.9058228499598044
-4.088061635411577
-10.587605167213042
-6.302886963204401
-0.08240733295679092
-2.769837132829707
-7.447924044950923
-4.246543361814474
-2.979566393138157
-18.658136562502932
-1.0369185520112296
-2.25126554300914
-36.00861251750939
-2.4545709266967606
-17.455115272321564
-8.201592895913109
-5.678108470594452
-11.993089174848137
-4.746340811094342
-0.08735025604255497
-4.471589984364982
-3.4336846774531296
-3.282555218786001
-7.402498366194777
-5.0342672044962455
-4.298308247231034
-2.2925509094202425
-12.664401076923241
-0.2473503647115649
-7.664685908172032
-1.2958550602197647
-7.645273188508327
-8.260883744840612
-13.18998402406578
-6.008946960908361
-2.8189092905363395
-8.149998487994026
-9.847651710733771
-6.17064677682356
-2.618748479520036
-3.7875779068199336
-1.2362884208910145
-7.249643908719008
-5.242056468033979
-7.629047707567224
-5.715802550716035
-10.408016079932395
-1.4590845702605293
-2.4861371181805225
-4.503531440477673
-5.193876744291629
-6.266448061331175
-2.2918476505437866
-28.471255271315385
-4.5702224136766745
-2.468359439665619
-3.1546640655142255
-5.805605431071399
-4.494597148615867
-5.12588817676442
-1.1168960286886431
-3.146573863145022
-4.22772221942887
-4.008075588459178
-2.846003768542289
-0.020487284753471613
-1.053083272650781
-0.004895447753369808
-0.6210594701476566
-0.020805022679269314
-9.89541735308012
-0.015203694114461541
-11.46395938592741
-0.019977110670879483
-5.287519418034208
-0.015982786775566638
-0.554991891815007
-1.7646690905094147
-1.7835573188058262
-3.3547677465176093
-4.972958395941532
-8.818870449757014
-0.07733410532819107
-2.1260729539385466
-8.726402692764168
-6.332670334653784
-1.3474259664280908
-2.639009533682838
-11.14153015125521
-8.563511759298308
-10.192269956431119
-4.534157925501859
-1.9644011161171875
-5.832918112600055
-17.76326218705117
-6.576574666286433
-0.035306150384712964
-0.8946349440775236
-0.005861533572897315
-0.8395757963880612
-0.01333815255202353
-3.2003939010063505
-0.011939689167775214
-9.74788495444227
-0.04904795764014125
-7.182754222270432
-0.021884161862544715
-2.3842132858699188
-2.7162351635888626
-5.225698735159767
-3.1980767842087516
-5.198120180398746
-8.58605527419968
-0.3239920495543629
-8.238316735660192
-6.640318993850087
-20.26981101330216
-10.670560777218725
-0.8975404209586486
-6.478270970025733
-6.1656304527423345
-6.991974393342389
-15.795207454159026
-3.0191399455070496
-4.597994833015036
-4.9158834393456345
-11.975900822081996
-6.272633486179984
-4.003208253717673
-2.809393668345365
-4.50820094946539
-1.8454908235871699
-8.207668317018033
-5.188932136697986
-12.960074650442948
-13.226632347694249
-11.00539118337474
-1.5916977398799759
-4.180170459909277
-24.150859528333967
-3.8667797250527656
-9.616917532611524
-18.45919502925244
-8.296923710614465
-14.42929004396865
-5.96557411010042
-14.064305848263302
-9.682624868135463
-13.556175820966018
-3.0434169149075387
-4.47868838478098
-10.520354456632049
-2.680677782471321
-8.054101471351032
-5.387093299534172
-0.37008481614930133
-12.714320096503798
-4.610785995567312
-6.593064479880923
-4.046073213923933
-1.199586169344002
-9.64133929134914
-2.720675105056216
-5.772533163311891
-2.873427016351343
-4.08078512401562
-13.970814668660978
-4.606284867184968
-4.024990234214783
-6.326939552967815
-3.35604050308757
-7.6371429313676344
-3.6643123595276847
-4.529974517028677
-13.48459183399791
-5.23047094861613
-7.230950229582959
-4.26216532498438
-15.731654525866816
-28.374850362690268
-4.95052816169482
-7.406841183510551
-10.601965858597396
-6.7193931731872
-0.962784429907515
-12.558025174726936
-5.551265721447464
-1.1385678062206352
-1.8214363375736866
-11.779052092533675
-3.584541363331482
-1.6738398051820695
-4.308302951007136
-1.6555136438068985
-2.7599592693582053
-4.646585155183857
-2.2207378674064557
-2.611787533853203
-10.103885170363355
-11.8829624170221
-5.363126905664103
-6.00259736222506
-6.169329689524602
-7.977441088915839
-0.6635149164912946
-2.8219549603145424
-2.530708046738255
-0.818425706701646
-1.2795081012882292
-2.0295692025297285
-8.945017462749547
-5.6001502797953435
-1.6647573621011134
-1.9109610705636442
-10.0855441922904
-10.636235364188906
-18.004643396416213
-0.40375371953996364
-2.45173660348064
-5.874082414560689
-6.4707358745099555
-7.348233357825279
-9.808448766401852
-9.174576683662963
-4.707754260939851
-6.5864477410550535
-11.790463334196374
-8.235694509018685
-7.0249781434886245
-3.705816611667501
-1.1412747147269329
-1.8388956633280031
-8.012110677798773
-11.833601544698467
-11.378987871536992
-10.7759851260343
-7.7528952431148355
-4.5368979214781575
-1.225873384886654
-1.064941875738441
-22.501193584846078
-7.880363687872887
-4.054239988327026
-2.857493876523222
-11.991181219447299
-14.914036622016283
-3.9335849497147137
-9.681858630046918
-10.990211296321377
-1.428476411385418
-2.5334110563185277
-1.272775553050451
-0.07540680039528525
-5.212361859797966
-2.722936128942365
-1.2616348836399993
-3.7599550554236885
-6.16305275290506
-5.676663643025677
-4.792432350950548
-28.59781221025969
-3.479469554811658
-2.402510906382304
-3.068586766719818
-4.016324748178533
-4.189576273700368
-1.695447980746394
-11.288361813281881
-2.3251380816670917
-0.753685294657771
-1.1634046613316968
-1.605685188784264
-4.885113908133462
-2.18417502393595
-1.2475381154508796
-3.8152418595263953
-1.4868102458021895
-1.7494628225213091
-1.6470341232125065
-2.0802146052592434
-3.4262932509955135
-0.04885816283058375
-4.916897532471921
-43.142583648801065
-0.0036013645003549755
-12.102157529508077
-0.010523692704737186
-7.503780833332712
-7.319366739262023
-0.01749972626566887
-2.067229425309961
-0.013961257471237332
-13.55122139444029
-0.011604495928622782
-16.684850996058202
-0.0133654132951051
-1.8729366036532156
-6.661768549810404
-0.31794738205826434
-0.03005624166689813
-6.587203233528612
-6.397447498115042
-1.0021110320703883
-2.768992051736177
-0.013587220979388803
-7.990543680638893
-17.238718663113104
-13.64870566629861
-0.005194058699999005
-17.05366057405979
-0.009849363239482045
-8.15926744206081
-0.007990487269125879
-15.183788700929426
-0.009978395304642618
-3.6072560718434943
-0.020623298129066825
-10.741365334004513
-12.016638880952542
-8.926921253627313
-16.785986926598497
-1.9114728829590604
-10.817340482884902
-3.4594761465668853
-5.569566044952808
-6.814191451341685
-5.027896246175715
-10.801293191836749
-4.626677512515016
-11.788385275091514
-16.17299508791075
-6.361912331646636
-5.201434928661911
-8.177242211488192
-11.61489555164735
-4.2075475494575585
-10.473270512722593
-1.301469315425436
-3.6667576384060965
-10.231921978353057
-10.9702948971144
-11.264954248355934
-5.195098588598739
-4.247613975348941
-1.808238629004336
-7.316703219038345
-18.512061344289577
-10.554362617278457
-20.092116220989737
-6.158016012763227
-7.284913295381557
-15.44502558840145
-5.811200112540746
-7.862010518016177
-6.4211245603355565
-7.59460729788951
-7.44415641955311
-6.805079961235606
-11.10809929847369
-13.687231672812231
-2.1296123225001793
-27.301911412546815
-6.111238627076091
-9.3691995465515
-5.984098577111581
-2.3542241686664056
-11.180645004828875
-2.599396028144838
-1.0306215976088424
-5.528183687225464
-8.918643966775562
-8.273747764723339
-1.9041534908155882
-4.132967555887262
-1.7413371003931388
-11.008849862362524
-0.07087837846484035
-6.810584775660175
-0.0039044858422130346
-5.4057223042764235
-0.016694263787940145
-0.6749026709478585
-0.01604751858394593
-0.5431393303442746
-6.59611952737032
-0.014130675583146513
-5.0650909509676865
-12.217528796212719
-11.183085802458663
-2.6107715516691314
-7.100561049068347
-7.210681796073914
-5.716357586556114
-5.155528923460906
-11.242900746537089
-0.019787820987403393
-5.782479022058396
-0.0075569660402834415
-4.470458365252391
-0.012191060581244528
-0.6076870096893572
-0.014385150279849768
-10.079580699879443
-0.006934632197953761
-2.9685647421283647
-0.017898412188515067
-0.20003638952039182
-0.6424119365037768
-3.1886082077980973
-5.565468791243802
-8.240912869464864
-1.603333244269379
-3.891683364927303
-11.184906754431722
-4.298168350454944
-5.978219985870965
-9.385669501210941
-5.752464714805683
-6.278773441910744
-1.379345988316345
-6.6912951618433
-6.9969784421246
-9.583971116684324
-6.194298397236707
-2.7884590718895197
-2.640226903837174
-4.374550631888269
-3.0600008789624553
-6.501607488284208
-3.6494774208171066
-1.1857450971674552
-1.9040809076395817
-10.862557784668752
-2.728439561520645
-1.0348508502283948
-4.6502282305864355
-3.535540798504371
-0.973874399340275
-7.247077453983366
-29.653303363375016
-0.8679216606578848
-12.544999258814642
-10.245801074430346
-18.974314401340735
-0.25774069775980024
-10.62618649750948
-4.471253294104827
-14.019417093445782
-11.283577174852326
-13.063210277452526
-0.9575293818124919
-5.869355737332171
-7.478691289870767
-4.6677662692372905
-1.7109947024728172
-17.78111292679432
-12.751831537604176
-1.4328550804057159
-0.8760952845091197
-7.627441808736876
-15.346163649084701
-5.5780051946640015
-9.144300178710182
-2.101324504605145
-0.3069419488310814
-2.1125321486615576
-32.33145973484716
-1.7510019979818026
-5.398572324542329
-0.517955580027774
-4.983913861181463
-4.235132429183068
-6.309113693423569
-2.5410922638402553
-7.699030602619132
-10.569527654414742
-1.150447610503761
-6.615731531322581
-3.3741100586630637
-3.069863773715042
-6.686876037776528
-2.059457349590957
-7.949259872139919
-2.9410504268380464
-1.0010510016936678
-4.769724428429981
-8.215151728523779
-9.937829325314851
-3.8487156724440865
-8.272925222740469
-11.500641535244085
-2.446586460529943
-28.489419067155723
-17.604189856210724
-1.583856587363698
-18.261093256821823
-0.8378224226089515
-7.205259705973731
-0.33561898674815893
-12.926812252219861
-0.9350780970016785
-14.355306823365027
-25.73897521455865
-6.128663551970021
-0.41901878004864557
-2.119058864796898
-7.74338690021068
-30.629667219034673
-3.0741655010378963
-3.1808354261611385
-0.13603240833617747
-1.2579490874194903
-0.013242586050182581
-0.5659178925485548
-0.03682088269852102
-0.8405689015635289
-0.035847088089212775
-0.3395478929087403
-0.024567469023168087
-1.3310036369293812
-1.8371675422322085
-0.03230309649370611
-0.2680561230517924
-3.9269189153854924
-4.914567191588503
-5.978509904710336
-28.90318238374539
-2.572573398181703
-1.6735508495621616
-8.978140901303277
-15.735939684558616
-1.9572071623365446
-1.30789942276715
-2.2881918931379914
-11.467383368024457
-2.075822038241313
-2.657534452976506
-5.07419912635396
-3.426244012181087
-5.344364298829532
-1.322220645033667
-5.294770380779937
-2.1249764483363833
-2.781218657861473
-2.5490188241237774
-0.9863753956760775
-7.356582717513447
-1.0926994960173033
-5.952543796622194
-0.6859323227545246
-5.330083401171578
-2.1208346252096817
-3.5845249900594354
-12.93478968007912
-4.7870175089010445
-7.332382598382537
-2.513643424368638
-4.840621035818913
-1.3746966043745488
-6.952573387636221
-0.42138599677127786
-11.571042886167561
-6.275232227837478
-8.263381324155489
-5.572464408705855
-5.896963962062728
-2.155919475153496
-1.753811108635091
-9.781900404653243
-5.560795569585935
-0.5892287530004978
-6.761644935972981
-2.0561374444514513
-2.4745988565737207
-6.551780358675387
-7.483050652725069
-7.569290049308165
-7.199380758939014
-1.3298864976968616
-7.3325222334387945
-12.560622097821579
-4.582626350224018
-9.98597336464627
-8.111584609316196
-6.483773973581265
-0.03189862996805459
-18.17212073882547
-0.03186837281100452
-3.8492378330847714
-1.463339399011602
-1.8123360773606692
-4.7625692784477
-3.1631087888363254
-12.91852195454885
-5.349282279028557
-6.157615093456116
-2.57862280361951
-5.357581666503393
-5.711285039313225
-0.819488152154463
-5.028364255344059
-0.3190729971975088
-0.9546934098380007
-6.039757465676303
-5.994866889606783
-11.018288597930223
-3.9272025678656064
-4.0594167182571255
-4.703721423882598
-2.880963872974462
-0.6504336590369348
-4.074436741980207
-0.3623541295528412
-6.183063621674592
-23.37191259920064
-0.7727706799923908
-5.307316037165265
-6.994093581422021
-12.73875139244501
-4.948173651588149
-11.12962893875033
-16.18622528504511
-26.468440671571443
-13.455834883381613
-4.64172202226473
-5.316828351024014
-11.547771584181646
-0.7481667716765514
-2.142845276815933
-1.5359608261733229
-2.2887730885275914
-4.947052360063935
-9.248758307893922
-3.5669951036400107
-5.514428934055104
-5.9166042496235605
-4.635097714519532
-8.772656258824838
-10.231257314986578
-5.188689273235468
-6.678057098368299
-3.9519067315404754
-5.252582871209597
-0.9739761443320276
-3.6311826473101974
-6.435296004223346
-6.330669679693358
-7.807125791154249
-2.064238323918289
-7.03557748941239
-3.4794540398434037
-13.357183126081509
-5.631072074251051
-6.602340965037456
-4.055179666576805
-4.145421609689947
-0.6045191201537818
-1.8043163171969354
-4.399702597398573
-4.948501007424056
-6.878469313585356
-2.9307114514031127
-3.2195561362896115
-4.401967372932631
-1.883046184984778
-0.9025898041436449
-0.5057901058316929
-0.5899696954220417
-7.223229991543121
-4.5594260326188305
-5.557201515886163
-3.095673180403537
-0.32224439824949513
-2.2626655873646087
-1.7174480143394248
-3.786469662985837
-1.7356866718928359
-11.021406821108428
-13.267336315309876
-0.5160343109018868
-2.1253543380080373
-3.0021323857363313
-0.9517426093807444
-6.657870616378204
-6.466729804713395
-0.7114645529072732
-0.06837915547657758
-3.4501834250986576
-19.99665605902885
-86.40523643425513
-0.7254384072439279
-4.658603824434067
-6.7995908041680195
-3.9855989938851053
-5.176466110268848
-5.59910820412847
-3.451763252980527
-3.781354765058495
-25.63696388340759
-13.721463047626457
-7.088664159673499
-0.5655512598750647
-16.050459639981455
-7.526969581338335
-0.4431492229923606
-5.06457806751132
-23.1194559842952
-7.8346110989150475
-4.527526109684004
-4.040930800139904
-8.184179488958762
-3.109600372172281
-4.755005437124055
-21.448897455410588
-23.437166392533527
-12.31729848822124
-11.09231677185744
-17.819785293862424
-7.284408024761433
-33.55343299943206
-5.686238122836585
-7.515004336410129
-7.756338676335872
-5.254726670859782
-5.828101029615027
-15.651122734115575
-4.642368028085912
-13.186791738394959
-11.348073647320234
-5.6961306939888345
-6.028610481524083
-5.70693145635596
-26.322674673973637
-25.723813578858653
-3.6832041351772205
-9.675120495870942
-37.32585394808325
-9.652879054508958
-17.27612093227708
-22.91088681135045
-11.293884500359127
-11.415949350702249
-22.709059483860074
-24.10599065135648
-30.024981534741528
-1.4451436852550614
-11.176963548346976
-4.0075514619238675
-6.9415169501498895
-9.058268522610888
-0.5680883526802063
-9.240294025421463
-29.036360595205906
-6.608205069017458
-27.865437154678602
-1.8723926029451832
-3.603493809700012
-6.03503646110039
-0.27335667610168457
-10.807482589241772
-4.645262997948521
-3.662763002095744
-7.9235361376195215
-0.2494819164276123
-12.225054782582447
-4.44181515699529
-16.782668265732354
-2.7124315155024306
-2.5633309923196066
-4.362025776310475
-5.112948555755793
-7.227092313484718
-10.693219559930185
-2.256181562801885
-3.240611002931473
-8.835776980655282
-7.931781983307587
-1.6547497570936684
-2.381209699104602
-4.834343785093097
-29.111454899993305
-6.17863631493492
-3.3494194342474657
-20.174058348753988
-5.843131707165867
-19.35615969488299
-8.070815310110447
-1.9007378248388704
-5.648827483051491
-7.048746617738743
-7.570608421604561
-7.108396530151367
-0.07083902426529676
-6.402548598132853
-0.009051329456269741
-7.643034834104526
-0.034005040070042014
-9.523689238869224
-0.05594968423247337
-8.354839223189401
-2.0378854274749756
-0.03586991224437952
-3.1346841010599746
-0.020491413539275527
-9.963830018541557
-0.017777873086743057
-9.599296228850534
-0.020799466059543192
-16.593226790394056
-3.764665962313302
-11.373289391271094
-16.80165135057905
-1.5127337205485674
-1.1091417968273163
-3.414463878929155
-4.763812800261803
-7.160292626242153
-4.048685335088521
-5.335285798966652
-4.05458566197558
-2.831483890680829
-2.7343447074736105
-21.778151586323133
-4.347987430655849
-7.036592235878629
-6.624114060332431
-5.591579819572871
-0.6424220289627556
-3.27465823746752
-17.887213811671245
-3.3083506781731558
-6.431402982891086
-3.3454966947392677
-2.1406972789700376
-9.042776486863033
-13.715201638378176
-2.627549191854314
-3.270180172890491
-7.515330459804318
-8.043812849687583
-1.358387757325545
-12.006071298106917
-6.557610387223576
-5.214377028681156
-6.772340761233863
-13.381851583301795
-6.0709204552695155
-17.190552979409404
-0.4844391942024231
-5.697205337448281
-10.07677119764594
-14.785455090668165
-2.135441036298289
-7.9600207554958615
-2.3843508106438094
-1.811223450596117
-3.9097703145221203
-3.403911393555063
-31.16770543304665
-5.003288950467322
-5.82007393494132
-6.077056902782715
-0.4548516892828047
-5.029086934029692
-6.25602001223433
-6.117217339298804
-0.5669789290986955
-8.917154157626555
-2.764798652380705
-13.346426139328287
-0.5302210450172424
-26.012328213490377
-8.893094154780101
-0.4830735921859741
-12.665122373338818
-3.939183735315055
-11.359933630563319
-0.45428305864334106
-2.17688056701968
-20.43220767531693
-9.36382142698858
-17.88858206168061
-8.888193579527972
-17.971306747189374
-1.872928828042859
-9.642345861691865
-25.730525903016314
-6.64330540082301
-7.236267450886771
-1.3497506646381225
-3.931475517839317
-14.420695902518219
-0.7012588672805578
-8.123821672121494
-4.992439712982389
-8.477606051794737
-3.3973775249905884
-4.555558506937814
-7.146156413519748
-2.217856865376234
-9.570672507696145
-11.518539617234865
-15.02911513498043
-4.85452227443966
-4.731730171479285
-10.400223329663277
-2.0723768004377234
-13.399407022830928
-12.717511454946361
-4.345259955711299
-18.39672220828197
-15.348917181740035
-0.2028886185726151
-1.1090545561164618
-26.047253183724933
-15.77032681577657
-2.626773140829755
-0.19049678882566923
-5.153024468041622
-18.050504676556102
-15.83660294510264
