-0.6173731356627415
-0.8061128377194808
-0.27657500748670105
-0.6277065783510049
-0.41232208383634883
-3.087237739460901
-0.28689790749537375
-0.11600550309333357
-0.17671970619903732
-0.5182490347957582
-0.22147886339466677
-0.14988337242036778
-0.8070364441170265
-0.3374845123170839
-0.3325815015818484
-0.8352837415196908
-0.1328541319105716
-0.17403346154411078
-0.37295700984244223
-0.580254319376157
-0.36696782317399695
-0.3983616452635488
-0.02208604514313655
-0.5396905427927275
-0.1387632170898858
-0.5752109298520304
-0.535714244811705
-0.43102644802884577
-0.47116453573269407
-0.7479139389774732
-0.3976871529030177
-0.6920369423660304
-0.3015338717438378
-0.5226324326744552
-1.6343134479448054
-0.29201844155851203
-0.37459429730077837
-1.001696999383823
-0.38818096067322666
-0.33416344687818006
-0.16099321822492707
-0.1424516400872259
-0.3367373394758033
-0.45099704542167274
-0.3934016644046516
-0.10884710638266881
-0.16354203884388288
-0.5140603615981704
-0.7592457411788018
-0.5361510030744475
-0.14505925163948435
-0.0815866352370449
-0.77838831847602
-1.372846795181221
-7.362127088010311
-0.19191087236727486
-1.0549391936128814
-1.0122674416210926
-0.16125057100213058
-0.15086674485235776
-0.8732898931824215
-0.5457462008942161
-1.97361111578842
-0.47799940596310225
-0.3053258753401072
-3.7764761447906494
-0.5003483187774691
-1.078956666107034
-0.38516280262319924
-0.6395922385616359
-0.6417739472327757
-0.14292178937755975
-0.7105497471078138
-0.9965371189358517
-6.194262598951657
-0.24089878308441257
-0.013631001114845276
-0.07263897498705774
-0.08518708717347181
-2.8936622452398297
-0.5563795227208175
-3.4633988777986815
-0.08191715866269078
-0.036821755435084924
-0.0224999223719351
-0.24069816134870053
-0.19256484671495855
-0.17822128099699816
-1.6052532643828141
-0.01344440646868558
-0.13165372988294166
-0.05288179302464539
-0.17371503061647012
-0.2659149162875935
-1.4273059017868945
-1.84278941002558
-1.6774755300183253
-0.46485667477843434
-0.13722390975319937
-0.7165493901885148
-0.6870407063919023
-0.5684688480285469
-3.5028860569000244
-0.8610896110638149
-0.17410974901933793
-0.7285489703033157
-0.31508891718944404
-0.314915141117865
-0.09113764161704693
-0.6449524256528093
-0.11580659308482423
-0.8743019041016282
-0.18401718193460148
-0.0835137141315954
-1.4837991648819298
-0.7910223846331885
-0.14182722923236893
-0.14497891016993283
-0.7107120198022585
-0.32383454014072066
-2.0232760171275004
-0.15485803867208728
-0.5459290379108666
-0.5107666867209829
-0.6575063709835189
-0.255998954474876
-0.41660269849434994
-0.343097839842913
-0.5914410960696469
-0.6623817422329487
-0.008246122704197964
-0.6540891343182661
-0.752223599626053
-1.2922587036155164
-0.17060792674803654
-0.7661382391072818
-2.570411333374674
-0.36853615020313973
-0.5211959291537501
-0.39109025806037606
-0.41028832331127274
-0.7446933721802654
-0.4750455775012125
-1.3167952091569533
-0.822076497847631
-0.9339739307033597
-0.702254046294911
-2.84930682182312
-0.374123151201188
-0.34541140411909965
-0.4463888246769784
-0.042477411994089685
-0.8418468999430921
-1.0358152410839325
-0.5301588441459899
-0.5510908590081055
-0.41264608887540816
-1.248990852643536
-0.5549437466928216
-0.426421291515518
-0.9324913835152984
-0.3425410532117894
-0.3947976383108956
-0.3888587500763782
-0.09688894158206005
-0.387877253550414
-0.7193863288445884
-0.31741600889221666
-0.17951954004699927
-0.31873124110644246
-0.1813975622416405
-0.6280460170626048
-0.5665348108562355
-0.03348196670413017
-0.9997918747493324
-1.2023175623435236
-0.6998328901071156
-0.5367079787512342
-0.3859698369721723
-0.31695720611214756
-0.43969808399807725
-0.3037789339056027
-0.7856919726630534
-0.15266580762906176
-0.6533911890480321
-0.751640082331588
-0.8778880129102618
-0.2905311379175691
-0.521933070414062
-0.694553014450721
-0.5937158481529503
-2.405211526097264
-0.735988481814032
-0.7225765371938072
-0.7284579629566805
-2.714192636699105
-1.00791784617052
-0.09331191043990354
-1.65851564374625
-0.5337955646240106
-0.13760285797764027
-0.5227860012758659
-0.20745858388499983
-0.24429365642640732
-0.7131754060147069
-0.5463940324837573
-0.3270204180574486
-0.3386693796254366
-0.31335579321921614
-0.4791197114100214
-1.3010165657148416
-0.45160388386539124
-0.19459083082695264
-0.7760927604691561
-0.49135250471094466
-1.110614868823177
-0.281285399925423
-0.6506640667364042
-0.4573606427015072
-0.3583837289813594
-0.3424462901602965
-0.2785248309375877
-0.21517148516108542
-0.5046261112967352
-0.8848475800833613
-0.10894241790909279
-0.19394393841193133
-0.5726722801877809
-0.5856961537031244
-0.3571281105838036
-0.32349964240068707
-0.7531650229995228
-0.29838415241392796
-0.8536558769352268
-1.3814766397990752
-0.42063272298493914
-0.3965592064392812
-0.5492744326251933
-0.27415361652788306
-0.5162376198397971
-1.0012209174959328
-0.7173445983739081
-0.37596925078536225
-0.11164733008667503
-0.6005997614779762
-0.8192507088407486
-0.39686673008060575
-0.7988217366237222
-0.5293678936130312
-0.08795920993774466
-0.7415022351007489
-0.14518513092286867
-0.30433451780297816
-0.7834644105284193
-0.7245393323772498
-0.3872481325166518
-0.8884344740654342
-0.49173979751862784
-0.8732078709010104
-0.25293303747497475
-0.16265546631753255
-0.6884470800869167
-0.5089545531887173
-0.5789995789662402
-0.5576931028112085
-0.4453465275531861
-0.029477740826735044
-0.5732134780156719
-0.07428923451152514
-0.4511423281201259
-0.33838126979423
-0.36513731974099967
-3.2037311394906283
-0.3311622980422726
-0.28234765775117987
-0.39911137765375315
-0.6119071370164116
-0.2541474345471215
-0.8072390062770864
-0.5700611837135767
-0.4585524407301488
-0.5386855328930389
-0.8051177670583153
-0.14751729884109527
-0.6298176024585397
-0.4726430319464178
-0.6216578723561359
-0.4776576009582641
-0.8329539925471181
-0.5549229149118673
-3.366625130176544
-0.7111509648311767
-1.0861154225058272
-0.415425344918367
-0.764300550797738
-1.750494788098149
-0.46676176666700153
-0.39612736155533257
-0.4341336527938741
-0.9479871382403265
-0.6035479903232499
-0.11881640530676425
-0.3378409994775211
-0.37278000668961525
-0.1411139800907727
-0.2593784325995062
-3.9244380712509157
-0.39982239332624026
-0.6885110466166886
-0.306916942166841
-0.45420891641980177
-0.4611962971864614
-0.22376250276607396
-0.2673669293968487
-2.571120858192444
-0.32172868192318066
-0.4132735642983486
-0.2850818547058831
-0.2863465706409236
-0.4456819429066633
-0.27168977402750616
-0.7533485211258721
-0.5591152058727554
-0.7100630300151857
-0.49826835583542384
-0.18932470328385725
-0.21689500694966113
-0.26589058435436325
-0.12616188431333755
-0.19439170776801618
-0.5241751820080304
-1.303405968908919
-0.8366641132666525
-1.0101804050620138
-0.45961480589446235
-0.4092284096163655
-0.16524437831011288
-0.2767754066523291
-0.27468023339539427
-0.05950788604968693
-0.5622880311439369
-0.14931653648516105
-0.433977278446087
-0.8174297867517453
-0.3478643866238599
-0.5676430909723779
-0.38472700612325794
-0.28682869697234614
-0.8888784396491675
-0.44861643273011964
-0.11446016716362095
-0.16480696615672455
-0.5390973894924495
-1.0849109814486837
-0.7868473360215963
-0.4118194625767209
-0.4833592238929264
-0.8722420561872278
-0.7637770606242239
-0.0498985360864026
-0.3464273730216003
-0.4544637702453656
-0.3241423638290663
-0.09108494014717508
-1.5537135509330255
-0.11594545525137316
-0.3622979388989489
-0.3158072634944498
-0.15014771201464575
-0.7440860767577154
-0.11526460774025635
-0.1949529864773467
-0.5718998150535443
-0.7091872262868232
-0.36346584093619394
-0.541210482954349
-0.35590872345381375
-0.0034718969836831093
-0.3525313339108834
-0.6011358171701431
-0.435126632554683
-0.46313109378404665
-0.011840731215973696
-1.1433391129104327
-1.2760766055411294
-0.5918416559461401
-0.4016002196934778
-0.30679448381616725
-0.8606438906707959
-0.4580345009403812
-0.7047167244205699
-0.3571332048900331
-0.5543554576433962
-0.7340337517781658
-0.3085955794312112
-0.17151628635532587
-0.16499218546364733
-0.7625173115760845
-0.09413669692342891
-0.7429992830765665
-0.5686692890541281
-0.2496376785056479
-0.1196402755482211
-0.16461811708622126
-0.5256468448536916
-0.21825190993151158
-0.11844651733346723
-0.8254635592481918
-0.3242974302086034
-0.33489767298215156
-1.0223224823427586
-0.33994777488194106
-0.23885746774272854
-1.0436875525743972
-0.24009863778187066
-0.8352950456935034
-0.20537324957469918
-0.6521091085551933
-0.0804784336184241
-0.18394965020997917
-0.13463417784670842
-0.4060235683056603
-0.20140086128074472
-0.3310768193937838
-3.40169358253479
-0.630490384503411
-0.33484957858937875
-0.31285932064492955
-0.2239280618876478
-0.07975105520773695
-0.7611074181794114
-0.14636609550409826
-0.45837052814369433
-0.4760829432193229
-0.3341682666322082
-0.45854460429961613
-0.333950876390342
-0.6315931431345234
-0.13183941225092302
-0.35537044899142745
-0.28943582875702606
-0.3110283953512036
-0.35845837508984274
-0.9196242675927351
-0.2825701829516964
-0.274768793910554
-0.4143442925371043
-0.4429900821996853
-0.530897788121793
-0.34773803143334275
-1.0585505759121587
-0.584574305491777
-0.7995624171994109
-0.5197449453872854
-0.13120583664753904
-0.5651747449046525
-0.2236197069263047
-0.3986079992988667
-0.20739459156886922
-0.19494226910267115
-0.2157667819009558
-1.2395113089187362
-0.3988469074641519
-0.4032196837171163
-0.3022684919814245
-0.18351813133215597
-0.34065779201727436
-0.3315589511389373
-0.5099584525909618
-0.28089407341546274
-0.675379000538562
-0.43326364971897596
-0.5347975688133886
-0.22135063218923856
-0.5124544464721111
-0.20750846995061317
-0.602159038946281
-0.4455243168969787
-0.25446973659240435
-0.4681159969103419
-0.24184248458401603
-0.4601007776753601
-0.5663040603420352
-0.5440265319938687
-0.1834407309911719
-0.3885537824980929
-0.34965771545903346
-0.6804595042857626
-0.21587801586429123
-0.14058357375163016
-0.2202758006948665
-0.37342848677668916
-0.3335935169238534
-1.2125781721406004
-1.152116981541945
-0.26431874531764427
-0.5715005156816915
-0.8179703097790465
-0.3735351901793721
-0.6667872958088992
-0.7920813845203968
-0.33417818850679654
-0.3993217450914623
-0.1763945831433895
-0.3776593365717937
-0.7002745922114367
-0.8148723543112687
-1.3706485516842803
-0.31095564024151656
-0.14974092283098442
-0.46365732139282856
-0.21684003403443058
-0.3106948588579793
-0.4258601810867265
-0.5233364915498705
-0.49548021027510913
-0.41106362988793554
-1.0057184760432556
-0.41626188562370064
-0.3938123128803936
-0.24945117551416185
-0.4256198019596316
-0.20682300068037876
-0.26617657762501595
-0.5052348489096197
-0.21641298480296559
-0.90333997528671
-0.02052700115988652
-0.5807250830356983
-0.5051633954851203
-0.5926553757393952
-1.3540799348608743
-0.522275619052651
-0.13767768548595302
-0.7215639136185473
-1.2144823733481727
-0.07503273477777839
-0.6428383285285515
-1.9672916686332818
-0.9737838249420983
-0.3850061075087263
-0.40574464566952884
-0.011235162300278847
-0.31975116844729
-0.5119490912117687
-0.2935036214214308
-0.36080330946181977
-0.4514688361835267
-0.8673077906143936
-0.32991971079142485
-0.6218736907144169
-0.5156068836030272
-0.33398445815950967
-0.3163837245063231
-0.40810273741906966
-0.138007094336596
-0.501251581612875
-0.10432474069568798
-0.68352991208563
-0.09130725468304053
-0.6475355135511336
-0.3826256642376696
-0.26511699048925647
-0.3342312146924171
-0.1795866541184902
-0.21837290597952436
-0.3493917502879743
-0.23735727801567919
-0.3255980880692193
-1.10050146966978
-0.4107023953681619
-0.32837292103277543
-0.9498688162232914
-0.6671288778872622
-0.012131526592026733
-0.32110566996998385
-0.2756786853337278
-0.6986212358068921
-0.34166651707562323
-1.0475653926180464
-0.47451734424684844
-0.22257194768861333
-0.18470576005941455
-0.4489551197905149
-0.7447556600388907
-0.4628710027347552
-0.30684768014204494
-0.2817615367431575
-0.12620214708817912
-0.2104609271378043
-0.28519138309977166
-0.7850007382880636
-0.3288543342152087
-0.18575391644587366
-0.4459524903364809
-0.24641376405247684
-0.6915077450423879
-3.1700389683246613
-0.27419981575087604
-0.47191768339290585
-0.5442490843481506
-0.2968261011054975
-0.643472028640474
-0.42648668341072543
-0.009617825116341313
-0.21124436551084122
-1.7188290420453995
-0.5762392587857903
-0.5008833451267072
-0.25901382482480917
-0.45968323367583985
-0.546171379477972
-0.7167439715703949
-0.9168052016374872
-0.953775325251207
-0.24316920888144095
-0.5274748087258023
-0.15648502732316652
-0.9263593877985841
-0.011663689061508973
-0.2361383353602459
-0.20808568565463248
-0.6294980916031034
-0.8609301137912837
-0.9684501659778887
-0.4813618871237395
-0.7577712597688832
-0.8836060502224081
-0.1242518027776872
-2.647174874900884
-0.6918618407667481
-0.8863429601642565
-2.422573925131777
-0.7786898167706227
-0.599566344028182
-0.11946770516809124
-0.203484364882731
-0.5209357443461045
-0.2589473696771165
-0.7706804030123445
-0.5489070352183052
-0.29821205558255315
-0.5760599444688183
-0.8697833438740914
-0.012676537984654195
-0.6038165239790252
-0.39862525666727117
-0.9786279107395252
-0.6134637042064133
-0.6382044523156065
-0.4280634745183306
-0.53799218078863
-0.6884613009751774
-0.8281339552468125
-4.165165543556213
-0.03478950578619333
-0.7564399812393898
-1.0537750978022813
-0.03482145060706898
-0.23291568492109385
-0.35002299854154856
-0.6226708848400904
-0.8144721526706137
-0.009599131903895695
-0.4805598259836115
-0.7565841732095137
-0.44608508841483024
-0.3765615887303803
-0.39562969942683895
-0.3631038298064732
-0.4388156938366592
-0.990043496969156
-0.30876238147032253
-0.019587156445693057
-0.5490274760487747
-0.14631364372742253
-0.7617114741929413
-0.46122725539260045
-0.3338081240059322
-0.4829256614740884
-0.5161118709973763
-0.23620448757128543
-0.25357763474728723
-0.3005049874114623
-0.5010918439881797
-0.36670014277197605
-0.041827185389203284
-0.6171743224964302
-1.2369823986179653
-0.5244223255857532
-0.14326341539225496
-0.33185310261995443
-0.66109390735884
-0.34362768989132875
-0.6342764122449365
-0.4920341787490757
-0.5109225827327464
-0.2412393234107827
-0.26661248397749154
-0.17697986458078957
-0.6707138995319838
-0.029491956815672894
-0.05580813091073651
-0.9228340020708856
-0.17612968296937956
-1.8280069556999479
-0.803026176083626
-0.13754634668051344
-0.37489566611202463
-0.22394958506927448
-1.1786736301356011
-0.3842986100971757
-0.36329732704429524
-0.7758034116640996
-0.46676973871497185
-0.32097274481863924
-1.1788031434383204
-0.26158397225954105
-0.31820419747108486
-0.5472521934891119
-1.5000555985399322
-0.4337805889586889
-0.6999465363917504
-0.052599092578748244
-0.14009775858039575
-1.3228600711126302
-0.6475400496734177
-1.386244698590599
-1.1418862834390373
-0.7544122403291672
-1.2542599113990687
-1.0512375337340927
-0.7552840128267416
-1.0026740617260137
-0.08857757630175911
-1.1228622083908704
-1.1861986801474511
-1.026615686145874
-0.8764852470007416
-0.2210302282619523
-0.017587620284757577
-0.2554446569774882
-0.05765600816812366
-0.6797724012134327
-0.0370371516328305
-0.32903857122609126
-0.10896079149097204
-0.5734879892884887
-0.7634310701952348
-0.3334926176742101
-0.8116969207840157
-0.24028160415758537
-0.17916993875412748
-1.149154064232789
-1.0108269690956335
-0.6853452559783667
-0.32443792746847644
-0.28649364296804625
-0.4339212118453967
-0.36064412876955676
-1.2319442143392128
-1.825628882048275
-0.1400659102755526
-0.19205776287624587
-0.0073435209778836
-0.17289784483800344
-0.003964813135098666
-0.020795229317122396
-0.004655388416722417
-0.22917786297983866
-0.002795515116304159
-0.401862605097929
-0.0035862489603459835
-0.3304872940628373
-0.0033675548038445413
-0.8696415645972593
-0.2274081846269837
-2.4059228897094727
-2.2627412875914765
-0.26191236611868424
-0.15944838245923165
-1.3984067892464735
-0.3331689090656045
-1.4167775226888548
-0.1487643231181058
-0.26609118069609394
-0.05382443435746609
-0.35869034021311563
-0.11511740300834629
-0.532115838752361
-0.07699045882871285
-0.22949095350533233
-0.2668399304844651
-0.43611859779386664
-0.011532759526744485
-0.18532677393163577
-0.4537855049082566
-0.25975700825270903
-0.28602410038593007
-0.24038793691579485
-0.29796647336583454
-0.22096005997930965
-0.3797202672898753
-0.41854802506894495
-0.3168674175308297
-0.5881876003419771
-0.0683662629686296
-0.29661036451580003
-0.7471209646037923
-1.0835608646365082
-0.32343988531591517
-0.9297676401708183
-0.4931711972315567
-0.6136110299015627
-1.061814200765432
-0.7052245375177265
-0.6462655810634411
-0.3680044405667683
-0.6363446311112387
-0.9187113347201376
-3.1805379207711666
-0.3113997786697707
-0.2931358303874731
-0.338147302661064
-0.2488533269490095
-1.3083471747619722
-0.2803836457971652
-0.2134565733105179
-0.0070087232161313295
-0.19354439436198267
-0.03810970764607191
-0.02325634641116873
-0.007568497094325721
-0.24319861141975707
-0.004117702541407198
-0.3334468250697632
-0.0054236071882769465
-0.3443159814809118
-0.007349021005211398
-0.7776800376705069
-0.20948022494481933
-0.2521815388552568
-0.005526190172531642
-0.6703478957759001
-0.0026032712776213884
-0.19332265051161812
-0.006218861439265311
-0.5667133811615107
-0.006197553273523226
-0.4047053474413588
-0.03110654916781641
-0.6263872728450224
-0.4405608549880396
-0.12653488312600578
-0.3960815107564031
-0.09613591877950967
-0.6348942265499823
-0.6704629253642548
-0.6095026150297517
-0.08851643542372283
-0.6707647950100616
-0.6244551296228525
-0.18799782321401637
-0.3285762868685057
-0.06493491809460465
-0.3664706861025231
-0.30060201775861634
-0.36314969416125675
-0.5424690775357703
-0.24415215553793435
-0.3249643908798784
-0.20886183020775206
-0.2232717448126865
-0.8233224848201773
-0.38404495815261963
-1.24039820307853
-0.14872655922619743
-0.1986280567373342
-0.24665955836168169
-0.9592116504784656
-0.6783583439330239
-0.6591119145298514
-0.44457133415312455
-0.009077690105186775
-0.2205523704536366
-0.3322352422032766
-0.5494819237631228
-0.003039670715224929
-0.6104036294302305
-0.5746210174735293
-0.007019595359452069
-0.9426640388766827
-0.005720395885873586
-0.4395786475472574
-0.008349195821210742
-0.22088683256722813
-0.01193777602748014
-1.0376939814821526
-0.158929112561115
-1.1970339683572424
-0.5032114200908432
-0.4003188289758658
-1.3614200807875023
-0.024906656239181757
-0.5712255492024789
-1.2844090650236466
-0.11079869256354868
-0.9839929219771875
-0.016414250945672393
-0.3981196050415747
-1.8932095416045438
-0.20787214636948192
-0.7513884342377265
-1.241053915501609
-0.7092518449049827
-0.26718335170905144
-0.027361754656067206
-0.17566639459292835
-0.5804505188777208
-2.758842075476423
-2.084407057412318
-0.4852554724303445
-0.18762428822649074
-0.40711126776516837
-0.46199551236529923
-0.6278168037437758
-0.48569551594996213
-0.7845446243105456
-0.584222466925565
-0.5380996258004765
-0.5475773841641057
-0.920436413604269
-0.553068068920931
-1.3285948337579612
-0.4621360989702023
-0.37686182597465867
-0.3563668776713448
-0.509287661158461
-0.3104120582082146
-0.4516256241606445
-0.148450086154946
-0.3600207791690803
-0.9117308599544974
-0.30181310100441416
-0.25006151666996257
-0.5165426812608904
-0.2118445065676724
-0.2102239611294384
-0.8493598797755718
-0.866276026561053
-0.3249591969504722
-1.016545903921584
-0.3040437403240998
-0.5176484968569742
-0.550962538323595
-0.5955792081798427
-0.42712564350048604
-0.3284693960467848
-0.47347107003760885
-0.1929522739585886
-0.11194305003468799
-0.4521591615651414
-0.5074428381107529
-0.22489380512342905
-0.6980150576449969
-0.2656772040560706
-0.6401222260027709
-0.12984880280899472
-0.8180032971476441
-4.911561985810597
-0.14585030964117324
-1.2066855137653079
-0.958339660987258
-1.5668948992853984
-0.6448187768013062
-0.6823067003026475
-0.16548038319754899
-0.296775231949569
-0.2356611893592344
-0.3025715942944596
-0.19977493188004658
-0.20628587363634665
-0.35316882575593306
-0.4404507114144074
-0.10765854715340437
-0.2938138572499156
-0.2935898718832981
-0.3496588659772897
-0.408291825644028
-0.4981680804961098
-0.6749521051790319
-0.11593382424011493
-0.3303506176382464
-0.7769224915051988
-0.20476540580429733
-0.26475106767793477
-0.5134602622430455
-0.3781419206381784
-0.1689466069069724
-0.6152720491704445
-0.45149250899200577
-0.23403139079164248
-0.33596274216352656
-0.19514599451710168
-0.22396690056784982
-0.3421356026361738
-0.43961692472047226
-0.7190304401928784
-0.15625324158119794
-0.6840527994028923
-0.28310327209653174
-0.14748004327690833
-0.7474544420654274
-0.6905011134350549
-0.3585218343986736
-0.21718402890385846
-0.20485936521162293
-0.5152505061596241
-0.30189031747330675
-0.6759578650732389
-0.45431152657158025
-0.7954446466421056
-0.06738913818298897
-0.8456495634131898
-0.12588253973308383
-0.9711532997931095
-2.4924886504498622
-0.426662530712617
-0.05290134447386663
-0.8013229117434065
-1.6420458961705056
-0.7236573585603103
-0.902704621044298
-1.266230837942607
-1.435743420695265
-1.3288082540092603
-2.0907933233538643
-1.0732257200676638
-1.8558528625095885
-0.9222018630930093
-1.3757077193198104
-0.8088172928546555
-0.7682529786191707
-0.9743583753291508
-1.554865068389143
-0.4106842554564808
-1.3012146248753804
-0.7565085379950082
-0.5771946644948581
-1.19456817531803
-1.1219328470619732
-1.658207515720278
-1.1474236309817911
-1.7286512536617618
-1.8139891364650491
-1.1587634172756225
-0.6452650587343669
-0.0516548209454693
-1.1787318361457437
-1.0119810710561978
-1.4152985667838038
-1.206487020690726
-0.8309431098124757
-0.7617711544549416
-0.74078134012719
-0.28781927066438584
-1.0129287608956061
-1.6937771468510618
-0.5548726169633099
-0.026621731638442725
-0.3531714509230561
-0.18012277502566576
-0.3476209662100155
-0.013538342667743564
-1.781827692114651
-0.0073936451226472855
-0.4691805481505236
-0.01399822486564517
-2.007058074912038
-0.9773346296074124
-1.5983372422827717
-0.9696736035629228
-0.9320118075388324
-1.682220607995987
-0.7367780795723845
-0.4172755260898901
-0.4987758251266893
-0.7006781550401987
-0.843024026758485
-0.9583576203791987
-0.5818758701554543
-0.5838705802407451
-0.5988960168069928
-0.013248298782855272
-0.5853609053486831
-0.04955076007172465
-0.7638450789037657
-0.019353665178641677
-1.2754251290843115
-0.013171441853046417
-1.9298578519956209
-0.05094090802595019
-0.8850085228949562
-0.06354987368004353
-1.9431670836976471
-0.7345856932528737
-1.6323841248574051
-0.9666830691157057
-2.120138500994977
-0.5354253801439578
-0.7647837485580566
-0.5711269411559832
-0.8924898883061749
-1.4874746983512068
-0.9754284483150979
-0.1541715426450537
-0.4001544325462116
-1.5002377838138878
-0.8119379143954575
-0.3401809780892396
-0.14774048010902055
-0.6598085107761604
-0.7772441385328307
-0.925663579161736
-0.6614925546940261
-1.0071978830016286
-0.3487767279406079
-0.15545337167309803
-0.7911164544522749
-1.0816136363009394
-0.6820163037232357
-1.140667956291249
-0.19530083852904764
-0.13342051685322076
-0.6870153152912003
-0.17595270210731775
-0.7709249439065692
-1.1374658262526423
-0.8035162725187547
-1.0439250627241563
-0.5936561800014412
-1.090839542435628
-0.1336070588339832
-1.2668325681806891
-0.6210953832831987
-0.5384220446999097
-0.008207735896576196
-0.5505379591350426
-0.009112499188631773
-0.6941926161507581
-0.006957435398362577
-0.7891862018925774
-0.004485881712753326
-1.554207893844179
-0.004550475510768592
-0.6235270006173987
-0.005152234487468377
-1.0711712937918492
-2.0241300895312717
-2.0544045762034373
-0.007205915928352624
-1.915251621522657
-0.0026102608535438776
-1.1451888710951437
-0.0059944314998574555
-1.2559616361117647
-0.006263345800107345
-0.658636790856892
-0.23380369349303823
-0.567500969939506
-0.009375441441079602
-0.49517906553085467
-0.003716802573762834
-0.5278781517608877
-0.0049456393462605774
-0.7551036150085565
-0.00571669009514153
-1.1048125882123827
-0.00689951260574162
-0.6702753305225694
-0.007707102922722697
-1.6998557523017683
-0.5418420511569921
-0.113786674781295
-0.6888631469213798
-0.3848550500977126
-0.8982002235949039
-0.11757287569344044
-0.228973023443962
-0.18165870635385334
-0.8241736446083602
-1.4438966972666094
-0.8638812095199293
-0.984775876716495
-0.04276748519419016
-0.8144500965592637
-0.9796702819065104
-0.3217175115984901
-2.8510137922445815
-0.5549496607232636
-1.2021744839847088
-1.2203994596705094
-1.2870623552892841
-0.1485740904047686
-1.1418212717871938
-0.2595705218613148
-0.2993169206242065
-0.29471031548084947
-0.2187669558624617
-0.1900204328972578
-0.8696550413421088
-0.9030751368981328
-0.8663418883052145
-0.35183822049293667
-0.3359058656496927
-0.7595568328401896
-0.9659383044927381
-0.8081779248032862
-1.3364767960156314
-0.8213858306843728
-1.1239454318614055
-1.388437314301811
-1.6777061643466975
-1.0897595010222478
-1.2882645307884861
-0.6259824833162865
-0.9975520486477762
-1.2236582549085142
-1.1502475736973186
-0.5240517268140212
-0.4902281771849175
-1.6680029192766597
-1.9302652110345662
-0.6257761218044412
-0.40280222886502254
-0.4130712681647209
-0.18786948634366732
-0.9051482288725765
-0.12031625151430489
-0.3900108436826905
-0.013955406871640921
-1.1903571980129575
-0.4592380643794816
-0.0068201608810340986
-1.3625221576251836
-0.009859597077593207
-1.3290642334375917
-0.02405775710940361
-1.1569783461639995
-0.015554447949398309
-1.6748148123688924
-0.6779717542723609
-0.5718157505252748
-1.2530421798239533
-0.20597984206717007
-0.2538574776640633
-0.6407670097711767
-1.2545283002251713
-0.2391172897665196
-0.6385594804648592
-0.39039516062605445
-0.774368049194312
-0.718183897148423
-1.8012075214814103
-0.606279468196135
-1.1720141751210136
-0.006964298940147273
-0.8251193303212031
-0.004620524705387652
-1.305947498964896
-0.006851596059277654
-1.470545888690964
-0.005284833838231862
-1.1897789726176091
-0.01090250420384109
-1.1314751297677936
-0.005741329281590879
-1.6757056664656476
-0.5762727392623693
-0.5435572714130487
-0.8335429301743412
-0.43109612065113506
-0.008309482829645276
-0.49031427427656704
-0.006157425086712465
-1.1042178680600552
-0.00880900933407247
-1.0846343707161168
-0.012447337969206274
-2.0338300496611432
-0.027194923372007906
-0.9039492235908863
-0.04802768839475938
-0.013559590588556603
-1.9735512747886657
-0.5416030188910858
-0.05498981443452067
-1.2714489584289945
-0.5188749732742113
-0.4136543961652302
-0.009367178165121004
-0.7393995308787205
-0.01656282041221857
-1.3169569686115716
-0.03591800993308425
-1.2788875946862381
-0.03347611380741
-1.8224786925226606
-0.022397597320377827
-0.8821850981864069
-0.058814392730316564
-0.014755565265659243
-1.802999344449615
-0.6933258974271818
-0.5122216202400003
-0.3193984797408981
-0.6128326939918528
-0.7686768806241162
-1.0269939013720115
-0.37909662665495286
-0.267335457363671
-0.4862463820688845
-0.19723391280474192
-0.4462442429947824
-0.013034628005698323
-0.7217706831536568
-0.009524839231744409
-1.2666222163650471
-0.017766409553587437
-1.352827005939595
-0.012818392599001527
-1.9136328628907602
-0.02065982366912067
-0.9087931015441427
-0.050325041721031576
-0.007688727288041264
-1.8928312005040684
-1.3326622996096882
-0.7844665252373185
-0.679548770330257
-1.1517631574517395
-0.23859867452259503
-0.37668268565355656
-0.1548237088136375
-1.0682058313739782
-0.9780116980352128
-0.19594774045530713
-0.22198747877752925
-0.6649428836165177
-0.02248130793603715
-1.2282456492541403
-0.4415933604443374
-0.7249203245343229
-0.9550568406168369
-0.4749371817814732
-0.4258362916101032
-0.9356178946577529
-0.6724939136746918
-0.17254246136839024
-0.8156806885024921
-7.648705959320068
-0.08353557819161021
-0.8665846724870006
-0.45229443231590033
-0.580173538427841
-0.6313699004109176
-0.5864582868623888
-0.49797359238176797
-1.6803704469978886
-0.2421580564045335
-2.2970566223442197
-0.03127145903999917
-0.8348048699246589
-1.417936443767303
-0.3767006891271699
-0.7107718758657575
-0.43321500075307995
-0.48315225317317245
-0.9072447948517492
-0.07496309448021878
-0.834046115150584
-0.31040009636982097
-0.3838174291047705
-0.6967234487644115
-0.5328382818811224
-1.0302746050007652
-0.5427881199771036
-2.422954252222553
-0.38753846103541684
-0.7981701578319189
-0.5158977975767357
-0.4260033631971484
-0.5552854384819901
-0.26005111531447833
-0.8730483905330236
-0.22695879021193832
-0.18968463412056735
-0.41708386388850877
-1.6804083044322657
-0.3374177734918097
-0.9008752449109042
-1.2190757853801892
-0.9913693967304426
-1.6293243695976602
-0.5700845531294666
-0.3567947732866325
-0.2959194581589228
-0.7426774893647234
-0.43023871084114945
-1.7101262219063453
-0.3194311504605672
-0.5216468811053472
-0.8880718330240468
-0.6147132583197162
-0.0641233834094237
-0.6188784301565546
-4.52214999916032
-3.5099523216485977
-0.8144984557517231
-2.45591404105071
-0.527134451863016
-0.20742616423944424
-0.6761421823225097
-1.5812701494413584
-0.7646417015110556
-0.656693761548324
-0.3723521837091539
-1.0655360879189781
-0.6800315340459646
-0.9045483751782067
-0.5116958459806722
-0.7478333478535205
-0.23691768662599946
-0.4538332746417888
-0.3171270186974046
-2.9436977694858797
-0.07893932023662273
-0.5228307624576181
-0.022103853934424933
-0.03258836295987878
-1.9877072750532534
-0.5129778528130373
-0.4252209146957284
-0.40815012965815284
-1.706656901232366
-1.7769960787346852
-3.975044663250446
-0.4693663239798676
-1.2649572037917096
-0.8643662218050066
-0.6204663677945551
-0.5693789991837548
-0.46834510061928214
-0.8585072790725311
-0.3896720574803112
-0.1687433766661949
-0.008518622976038493
-0.4300048312753071
-0.5133162551364876
-0.19648095692991774
-0.8110182763058219
-0.5773985499474528
-0.8925355061875961
-0.22622989291157863
-0.9265185675651446
-0.5028479483711029
-0.9917618220906661
-1.3236978668137453
-0.4282312518694286
-0.2746267569365349
-0.39192047454643025
-0.34886222946104795
-0.8764928792768956
-0.5819557948839004
-0.2040593804238618
-0.41442375258282277
-0.8193622150736867
-0.53291395971155
-0.08079908788204193
-0.17768220735888463
-0.42976018564065976
-0.5359408527232858
-0.5630496199437205
-0.18976314066385386
-0.11389267153058694
-1.0506864783542587
-0.3863292461953165
-1.0923801360249854
-0.2844565826829301
-0.3558375180655569
-0.5411291349221565
-3.3199790716171265
-0.48155667843112215
-0.34955024328130757
-0.8295069268648702
-0.7889463998899373
-0.5443641736832344
-0.017712643059591453
-0.38426653454455867
-0.9590235070672861
-0.0747742779305484
-1.6434486688023233
-0.2671105882256644
-0.9964313074261882
-0.31101134065418345
-0.24472402770025378
-0.29772384200573043
-0.38920334722687994
-0.5427996658654118
-0.20716472579321513
-0.5313703097494201
-0.7661870255029347
-0.8121228709719617
-0.4701295670653326
-1.0833813773552379
-0.2665630970709449
-0.12359408337591628
-0.5062528579872176
-0.8114577982178989
-0.8783374832403044
-0.41023577022315233
-0.43819934960377466
-1.1897131672072874
-0.2073589792577574
-2.2134539633989334
-0.4576509513394267
-0.46345645201043745
-0.012372523423778148
-0.8878341727041194
-0.3378761728346004
-0.6276289629607045
-0.40543989705580924
-0.533281259825243
-0.666938923576001
-0.7435310862749986
-0.9598064077123126
-2.71909450693056
-1.1399552321521695
-0.5724823402741811
-0.13872939134539988
-0.09823605571380706
-0.4243029475518597
-0.49025529971731885
-0.5214196805152004
-0.3705855024909397
-0.6274195771890975
-0.45011774173092145
-2.965070032248332
-0.1486837822982731
-0.007092253439896013
-0.8439828335945311
-1.413937956965758
-0.5551717176086266
-0.9359515461501724
-2.08159623062635
-0.7265363623148005
-3.3715653874807887
-0.2836650395182687
-1.3847633665426866
-0.6697871683413723
-3.662217435281491
-0.6377515208511113
-1.3881291799254158
-0.2507629849938894
-0.9239390164410989
-0.5558374443528009
-0.7270245664046148
-0.5331317312126006
-0.5851056311170956
-0.7759558104328454
-0.4305577349934146
-0.4509100073630634
-0.25884552305725284
-1.0832354614823005
-1.2456961579327586
-0.6581009729963928
-0.764251939484772
-0.5903353520949498
-0.6464460327019385
-0.9218932422646932
-0.8482772274793844
-0.17553676029678578
-0.6458511627946185
-0.06736501966421808
-0.5044945721619084
-0.04037106000393275
-0.47654969137701775
-0.009752415120601654
-0.38912636245925114
-0.6280361848920994
-0.03970069656863492
-0.7728109714324092
-0.3939786951761319
-0.48435073412496127
-0.007200642566507061
-0.1997327851699643
-0.329203875561537
-0.0854615569114685
-0.4230727483735728
-0.5325263962404563
-1.6652520183415618
-0.5389550065562558
-0.1474079653779407
-0.406267739961739
-0.35403418859378033
-0.4904179234705049
-0.584811380420537
-0.36971901382425393
-1.2912512581329794
-0.43725208945324756
-0.21064853111284867
-0.6295989188586015
-0.56846662152725
-0.7989550060588694
-0.6907187000076725
-0.09356120060623299
-1.8080550477596262
-0.8910581957273226
-0.45182171611539723
-1.1818527922033355
-0.8639210317161883
-0.6397524916755537
-0.46663670233028826
-0.2939131139298941
-0.6458040713295304
-0.23445206312248956
-0.4948860966423242
-0.28367754759286373
-0.7576796622680726
-0.5761165382140866
-0.17377507685684274
-0.8539714881580949
-0.863448837302493
-0.08927128880535394
-0.5850226488918098
-0.29414413713524823
-0.3305657595763719
-0.12341744757031847
-0.47412631961863855
-0.44284635271136114
-0.4668688512412181
-0.05954060746807954
-0.12235359894111753
-0.2643179151458221
-0.41544118649048867
-0.5232775593346256
-0.7559541708366547
-0.24621907250665948
-0.5287344036103567
-1.628147470722483
-0.49482633194141573
-0.3539274274779018
-0.25050156456098405
-0.7573707525582943
-0.706379884908198
-0.7656583195348503
-0.3654788074138724
-0.21344698774479412
-0.2376844073733082
-1.8282764272018994
-0.22258180574867006
-0.5040870403339189
-2.2993440755685284
-0.17901719780402345
-1.0615789231854278
-1.3442625414027134
-0.9531833752682359
-1.2890780555317178
-0.7762538617245603
-0.14363331235411983
-0.08638594740027243
-0.7968177587696724
-0.23077307647997114
-0.5862565287956577
-2.85325784067633
-1.0557532306034838
-0.3418203341924319
-0.4171759502330243
-1.20158448980643
-0.38896144002207067
-0.6138065123758245
-0.2546248494096517
-0.08723819606166217
-0.2828705579061837
-0.3616247330055959
-0.3880153125849309
-0.3465694545434796
-1.1308687926006422
-0.5510237711071233
-0.37624762750056107
-0.7104195669670499
-0.08808874698201331
-0.761612806693544
-0.17672777954241145
-0.8461366413433676
-0.6821854052292539
-0.6863551223814284
-0.2117395043598762
-0.20302687956363266
-0.33723230583993513
-0.3222649793470585
-0.116526580581851
-0.3593560937897564
-0.30895241695120873
-0.4006349052149083
-0.7743025725853401
-0.31349067465354374
-0.3246595391837117
-0.3444085877724774
-0.38499565231391175
-0.24775328326810267
-0.2522853440190595
-0.37801103052101853
-0.750265700217642
-0.4976051911756388
-0.20486031530296195
-0.1298693161837806
-0.8081453268145348
-0.321104139704425
-0.7246853177757657
-0.22052461715067442
-0.14395907774728775
-0.2277074329292568
-0.3255996452675775
-0.5696250684192746
-0.11285549674357753
-0.636601936311763
-0.4648117640438976
-0.5291063217561316
-0.19053007378749953
-0.21807836895755586
-0.3779240540886912
-0.22108670560246538
-0.21938808845672092
-0.7642002523290492
-0.44645894958670224
-0.3062411516998509
-0.5655445754593146
-0.025782160576682145
-0.7588159928019296
-0.5474857809022069
-0.14498087641307697
-0.17663466558102905
-0.19217799949124778
-0.20488392847320933
-0.426681094942757
-0.32517275925965805
-0.5113331115625561
-0.4107687917622949
-0.520690574685176
-0.19624158539179787
-0.06746464613216799
-0.3693161991652362
-0.3929099363079201
-0.40558610426113567
-1.1125773248421984
-0.3346763851825996
-0.31926675398292803
-0.44909319634143685
-0.48436953881586725
-0.5462608294846518
-0.1468493484779312
-0.8390592188071082
-0.750539215224721
-1.0039694153508338
-0.5516937401389441
-0.9337642098053038
-1.2847830345078062
-0.3300350218075963
-0.3495196202995665
-0.39773862086840384
-0.45281550451783825
-0.09223330503771815
-0.35893112784903375
-0.0964705465276893
-2.3291274358137213
-0.30442782581667416
-0.9697334600853841
-0.6203158073534724
-0.2826095891957973
-0.5047709638901005
-0.8160758275805753
-2.141237878395865
-1.078605766008991
-0.5741611225847285
-2.3155920745804908
-0.472346101281966
-0.30168794071011956
-1.7637011246755718
-0.3754864727114701
-2.3708960956234173
-0.29998835570348187
-0.6249859475396826
-0.7591580965872433
-0.21682131293995222
-0.49712947728819146
-1.5950387815488891
-0.6304597109626651
-0.4797571679055809
-0.11408731278781659
-0.2216082306433071
-0.40464134970729254
-0.35234408920950955
-0.8605645839258613
-0.4366634333644299
-0.15398937423686435
-0.3280136809845165
-0.1573763780262672
-0.5091316301035737
-0.09722277588496747
-0.30518091892129934
-1.32714725821279
-0.13278996543000604
-0.3539341884119456
-0.11732032683047415
-0.49589301293671806
-0.5898297594720329
-0.6550633018681159
-0.10342946805200767
-0.06343180942955466
-0.6647054927712556
-0.6058729964836227
-0.23391230790782305
-0.4102931740999338
-0.1901741124457398
-0.23302170257434346
-0.32263044511079497
-1.0876003198663056
-0.31810449650926387
-0.028581610220101084
-0.12840584225104976
-0.6091824427247048
-0.451677518851004
-0.2505362506424056
-0.08417588110551151
-0.1720215584742467
-0.5716899904311338
-0.1838141481090464
-3.075194478034973
-0.01957609530410309
-0.015072472328099069
-0.8094189986415372
-0.5293453109773812
-0.5409275822651883
-0.6905471440775728
-0.11052030676768886
-0.5954843275249004
-0.3610433051904288
-0.8763527480782201
-1.1574055507211596
-0.22633651144067038
-0.5272182688349858
-0.4693605340389695
-0.0642590024161791
-0.33775083772912984
-0.25187664343122507
-0.8711274825967849
-0.8031685789444509
-0.9866015814689242
-0.6842776981793577
-0.31320710133404644
-0.6071461366300355
-0.4896326238671589
-0.07680086741032331
-0.490275522207124
-0.32931491179052125
-0.346357312709376
-0.882594220724084
-0.48346914145117303
-0.4185547518105447
-0.5379516480022914
-0.011682229114626352
-0.6983435833168902
-0.09415974861544782
-0.22754257878847284
-0.16408693911428904
-0.25819193881929653
-0.3759471845053754
-1.6709065950001656
-0.9660100844746922
-0.4271626849482876
-0.5383311082671582
-0.17015917719174675
-0.1207606847188332
-0.4613520738780875
-1.7086838587752677
-0.38812542573644104
-2.9741432666778564
-0.266588656254333
-0.45974965562486286
-0.5449080239144424
-0.2817564581667863
-0.29396220915244026
-0.1362856666700888
-0.31370047108975996
-0.19244465809060785
-1.3313823782005592
-0.4751616963389097
-0.5985122536953628
-0.3706719051783064
-0.9574513740453767
-0.06695480185579286
-0.19833087515455286
-0.7082574773354887
-0.6537601162612554
-0.49771948551089734
-1.1717978245122416
-0.3247891329923732
-0.24610448140586716
-1.1699243119568563
-0.3286615172011331
-0.2158727380509128
-0.42528876985917513
-1.302752522384253
-0.2022785185857856
-1.5666142297642571
-0.45600367658128105
-1.9874457514280948
-1.6028523466860254
-0.3562905099992909
-0.06269974975915223
-0.15280886698747054
-0.3816569367021547
-0.7444853559368961
-1.6885107234079442
-0.83880713711294
-0.6650732035384489
-0.2838350126148119
-0.9517673953480826
-0.7207361839209419
-0.6308668470412712
-0.4659681863640299
-0.789472925522629
-0.3904802739376795
-0.24558897316319417
-0.16940386958203119
-0.028073115274310112
-0.47775249390205693
-0.8369362482662837
-1.6174018225380375
-0.5259127947540123
-0.4214220974772291
-0.16015601327108636
-0.09084240484133943
-0.9626738280636952
-0.3112623765717449
-0.10034677119983826
-0.4490608734480312
-0.35971532559004255
-0.2797082292999256
-0.6190546381238027
-0.39460483789614575
-0.3996374684678267
-0.515450528418824
-0.4860424875673906
-0.6780462943756512
-0.47660285249095813
-1.114573193063734
-0.0541396364569664
-2.5780991315841675
-0.4405503139876322
-0.786396442779674
-0.31308610971508544
-0.47123437325729267
-0.2611432279563401
-0.2314905183954827
-0.4365294500530884
-0.5294332117688783
-0.4180036879086401
-0.438209009059392
-0.8970338731088664
-0.868077782669161
-0.9258728253074272
-0.6915295044500932
-0.49476783025420445
-0.21504486912966636
-0.5417994100672595
-0.5238475131682208
-1.2247627886827104
-0.5624222848433362
-0.16691947595600284
-0.4932672179180112
-0.23601431802433795
-0.14393334552886547
-0.6258241579799687
-0.7068065314777746
-0.6080104581226026
-0.10925454721109418
-0.28793509168407094
-0.3793988351548133
-0.29999094004657917
-0.9807446944523597
-1.6869553512286595
-1.5569745503061523
-0.4375863368715268
-0.2803945768756392
-2.142238162457943
-0.28906219369899033
-0.1499459863889861
-1.0486905211170476
-0.6185160907677035
-0.27261593796494454
-0.9822768515765953
-1.1850024695479078
-0.5585558075370045
-0.15922009189590308
-0.7251748466208483
-0.8221554558865153
-0.26878510275865763
-1.2827944695018232
-0.939430634285903
-1.9922255238246482
-0.26925018499098574
-0.4386284698334748
-0.14334566774821567
-0.8563170459657076
-0.3619155990904909
-0.13126478401832523
-0.9215574487694539
-2.3470805945856097
-0.2590022208125447
-0.8100146046112643
-0.6400691620987015
-0.23022134514798154
-0.4037449210323151
-0.45518813859216517
-0.680628015880258
-0.09957573536609164
-0.09102067487167176
-0.9208009072150768
-0.34735945371089655
-0.365047152701557
-0.31342595612992835
-0.696240775939329
-1.5084194286027923
-0.7712782181438627
-0.14683430819486207
-0.7228562353723647
-0.5496975844017631
-0.09436625480407201
-0.367545732349614
-0.29650952289971017
-1.2961843769004522
-0.4108335832292062
-1.137424200608837
-0.48359704917415264
-0.7970122340544289
-0.5744134225262377
-0.32406457688991325
-1.6367161770322127
-0.12976555367731635
-1.5152644498557493
-0.12259222516877344
-0.5716998411326131
-0.3119898980433921
-0.43280114277591303
-0.4437852366681778
-0.47735812501084113
-0.31067750812089306
-0.4384398987717759
-0.6735075596001252
-0.7591310740348263
-1.018034428226411
-0.552557572722435
-1.013210087671905
-0.7116209967061877
-2.083474388656517
-0.33835757307234515
-0.025638240811167633
-3.044086346325154
-0.9572540480936974
-0.6048317132275164
-0.486857422218236
-1.2657090370576043
-1.6551106262899338
-0.3647170255210949
-0.18337960681575557
-0.26067883604824044
-0.07939734659460858
-0.3511406171569686
-0.37238533733898294
-0.3807922797876754
-0.4502665353540033
-0.01716399798169732
-0.04101614118553698
-0.03555379691533744
-0.04281271726358682
-0.4455921901718477
-0.34983895178120294
-0.8538225123658763
-0.5269838950439407
-0.7728308591416532
-0.3748109000907789
-0.44463209435990686
-0.458696574598207
-0.08667973139438345
-3.4864709675312042
-0.7476142400742641
-0.2691467679480746
-0.6159709481421137
-0.25798374870325513
-0.5811219100007572
-0.08744271457972748
-0.4834748824966937
-0.21215406148050014
-0.3118696892170431
-0.07427835490574353
-1.0063835872049043
-0.3146165388524078
-0.5465476872018081
-0.7731917670344046
-0.3006748909007979
-0.5117150751381511
-0.22993242733355146
-0.6549016650162606
-0.4241014737877916
-0.5818623051941626
-1.2497012283125741
-0.11723107253698496
-0.3672976395353587
-0.30660478048394585
-1.1600240052794106
-0.5823001125136216
-0.14718455957922347
-0.10195753088145179
-0.3154053827637514
-0.7905335483361947
-0.4327031952063684
-0.6947657025941167
-0.5592700364036318
-0.5347930520587607
-0.41506423800765496
-0.47410035882287904
-0.5817392000268834
-0.6999328274428839
-1.45460312272501
-0.3312361024177335
-0.20328598593537858
-0.5001737138547165
-0.4839750031537278
-0.7917499607710025
-1.1006940303001709
-0.45013064373698497
-0.8854057768411521
-0.7706040084164366
-0.5991453804066017
-0.27226502552151716
-0.2039652501397051
-0.07527993929501722
-0.360849657487044
-0.1200445231964365
-0.5276437109831023
-0.5120230928465026
-0.4666234236378841
-0.3726041978557345
-0.43737062369358604
-0.716929884223191
-0.5746672229285221
-0.3659067560992071
-0.9771659874168108
-0.5214880076373982
-0.29200039883047185
-0.18055769880678046
-0.40565800725640394
-0.41013415162611483
-0.29410932000060214
-0.7311943323487261
-0.18372796556910875
-0.12270896809656863
-0.2863551407499058
-0.8304484098301724
-0.628242008487827
-0.4288019598869986
-0.6916905553684799
-0.08415799145546367
-0.02214151791514496
-0.3699898247228842
-0.37869814738262775
-0.5369611033456749
-0.5391852171263
-0.7188521367717674
-0.39914540969766676
-0.38784328264787643
-0.254447636029866
-0.12083339066670948
-0.6113599408718073
-0.49474104558046544
-0.6257641657990689
-0.4358908689807252
-0.21266285457956968
-0.20219054447328708
-0.31540261750769577
-0.3433215975625596
-0.40183488611790547
-1.2960038379145165
-0.36544123297110975
-0.4088118787506613
-0.46520740631397073
-0.13102418333879282
-0.9057189348664906
-0.34312805015104136
-0.7070129471160018
-0.4895944860799825
-0.48362738530459687
-0.393477142246579
-0.79040581480686
-0.5241853977924286
-0.13828452759965634
-0.80790237747345
-0.15287214901005017
-0.7312129418516018
-0.5765075451280561
-0.7454026415975553
-0.3163109892216198
-0.3491766007089288
-0.25201937381638667
-0.5100258433678846
-0.5168490064563326
-0.33703453908398434
-0.6396750419561007
-0.5293284514474649
-0.19438951687858635
-0.23932490641938942
-0.29443895068375686
-0.7527365099438188
-0.11507452288318937
-0.23200824062666683
-0.16164479120454925
-0.34505354291129176
-0.383416623992001
-0.3887753154850591
-0.25672514003805796
-0.488412444705708
-0.20987960573278114
-0.12841530603257212
-0.1946586030493484
-0.51926964215041
-0.4261937712948338
-0.13142952201062402
-0.036648233437550255
-0.5897965567943585
-0.1430382666372462
-0.713342402663784
-0.07624004773320589
-1.3350426262549928
-0.8482209548692481
-0.1407550788566425
-0.4903495133173086
-0.2571835675234979
-1.4388985473196954
-0.13789713677707285
-0.1428732445676608
-0.2640147150106904
-1.1512887056771433
-0.22255345347984984
-1.4367586617490815
-0.1213316946820972
-0.36565481711079645
-0.951888479582892
-0.09710519500120947
-0.15342558057303882
-0.7243137853950733
-0.736391938286211
-0.7129633265413607
-0.2751967188172178
-0.247110764502789
-0.44011804783517455
-0.5553620483059376
-0.6144106145333504
-0.0768022928318954
-0.2958086216402925
-0.29434556809915635
-0.2602607770236668
-0.24667235164986992
-0.047024961560964584
-0.29524989564124887
-0.737413760580044
-0.4066913102962341
-0.6481720674889088
-0.4417558005157259
-0.6813174547822765
-0.1457254955558295
-0.08388441807228446
-0.36987755323292837
-0.06208047390472184
-0.18981001809061127
-0.19749239435234106
-1.4078739004617091
-0.13484706105535021
-0.6029809490540244
-0.5859665472675419
-0.6267206830705011
-0.5578578952135038
-1.0541808907073573
-0.08009313931343058
-0.5378854734847076
-0.3260728437458056
-0.3062696223348919
-0.1853636971708121
-0.31012625152824774
-0.5123849610933705
-0.4804032652419825
-0.5447671190728108
-0.3365439248871098
-0.32828427827189444
-0.6419429788565291
-0.20530695399465415
-0.2031849021541253
-0.5773176878434522
-0.24189599478510596
-0.7969810047982925
-0.0940278560282195
-0.5773371370205496
-0.4503088993545437
-0.40968086070441995
-0.6242455538391974
-0.4347425888068279
-0.02958092793414835
-0.4182209506227069
-0.5434050426236752
-0.16689363086309392
-0.7421348729475881
-0.7414565646540723
-0.5303231727057209
-0.3860412495134155
-0.669984024917027
-0.2953172177038355
-0.11169025080116057
-0.16905291414408288
-0.5069787700077674
-0.20519740979500511
-0.22481467614861686
-0.29964856882898144
-0.19982697221815843
-0.6685892661979618
-0.6660976374159873
-0.2058421474716603
-0.1843434718002186
-0.33905429803852777
-0.17690023470326513
-0.51016696075676
-0.20316741786609782
-0.7024311746284763
-0.5554389009967053
-0.25393267103628536
-0.4547325191779237
-0.5429471033518238
-0.3818742235307582
-0.695833202928465
-0.5048707444165512
-0.0943128409238935
-0.39216597491992744
-0.24286224411439938
-0.306297883549467
-0.2671086922968494
-0.28012974738703633
-0.3451913789213432
-0.2358338860143993
-0.994972976651809
-0.19739459602600332
-0.09331912463021581
-0.4377487949416415
-0.38488692193304813
-0.25441913139590383
-0.6209515928837087
-0.3009941220261428
-0.39425394953711174
-0.30404929699663724
-1.03752293214784
-0.20215982310897593
-0.14288182952643386
-0.33427277276268796
-0.20252910418286518
-0.21287617496291014
-0.3356252086398029
-0.15015595581763078
-0.46143653819337105
-0.46940551137511366
-0.1931181813011148
-1.3015152572065745
-0.39709598873723734
-0.37620126590095776
-0.2034155321685347
-0.21263499342750455
-0.3820822655891442
-0.09637535879176409
-0.6081182735927845
-0.5017414332940737
-0.45777588259101876
-0.09058827381934809
-0.12103504306553153
-0.6447278355664354
-0.18674869254829218
-0.330403115406586
-0.31735023143755825
-0.05017821025044863
-0.4043547568319433
-0.14468272842427526
-0.6924612469616704
-0.40112248438138826
-0.05796977432892163
-0.05969416640004181
-0.15181378717943517
-0.43996953009429945
-1.426529482525075
-1.6186038960167934
-0.11856887148157208
-0.3105999462656655
-0.7144488112699037
-0.18857920244252974
-0.6188830175832563
-0.3294970130178814
-0.5777683061728567
-0.6896992226601438
-0.14342998356910455
-0.8449140590907215
-0.6496776528125727
-0.7444446239533136
-0.02161009714129452
-0.36760040702960617
-0.6067943821042718
-0.6410659916067379
-1.1581531869633181
-0.8478164661125144
-0.5516425084215371
-1.708041353194858
-0.58175534811744
-1.069891212875973
-0.6870027116043015
-0.09278915969910789
-0.6274422396452792
-0.037752208255201196
-0.4495405657572436
-0.8162775213131681
-0.48003628105837354
-0.11084160705956947
-0.12166813914187845
-0.48517486119008724
-0.09987874298863532
-0.12906067724630207
-0.31614104739842663
-0.07161570822089354
-0.11645523444894934
-0.6457434940879466
-0.4286940009668304
-0.5407702022289413
-0.01566506538876768
-0.5592901163490124
-0.09222220408364087
-0.11675472940482905
-0.15529629376442244
-0.37186306253827045
-0.21912817009039523
-0.518714716775321
-0.21265094545770294
-0.5030274771155335
-0.2238533623121452
-0.21117754870893382
-0.5063541562687618
-0.38803101421026875
-0.3618998027940691
-0.6152381380288716
-0.3845325416021768
-0.44271509878513127
-0.38079562581719983
-0.4574839759904628
-0.5146855168279103
-1.0066109620021961
-0.7077691759831656
-0.09111423236159781
-0.11201178611251332
-0.03516235124271379
-0.3635729013476521
-1.3423159313645252
-0.348387666085237
-1.472286498997294
-0.6667214954588416
-0.4549292887934851
-0.1637700755345577
-0.3065199564262829
-0.3927556108532978
-0.5666663109888239
-0.2888548858896042
-0.12414336821379948
-0.43238810423176677
-0.509115893616638
-0.37447582321086276
-0.7055115678863801
-0.11118035409259334
-0.7571565424487441
-0.12114344174936859
-0.19641869478841437
-0.21883883095632392
-0.508344937715583
-0.5298648965342311
-0.68122714459888
-0.673145733312969
-0.6604372836217559
-0.22215486857095712
-0.2100082108157153
-0.33729099431087
-0.19336580058416467
-0.18895082912390673
-0.21245598650157263
-0.19422012642705036
-0.4617124899691286
-0.30825909692932674
-0.8017703260950574
-0.015066259395098314
-0.5231490827572998
-0.21844418522523484
-0.43945829497746064
-0.39427960422004354
-0.5346997917654056
-0.39538915230964783
-0.7248871448993764
-0.45414767652078347
-0.5319176896700526
-0.5486826591490106
-0.8420202867298738
-0.1329093792375157
-0.5949119273936958
-0.48864045511446036
-0.31490255708784043
-0.6279386562647263
-0.46158132075747527
-0.6840652682851942
-0.24586540613349347
-0.3238030824256839
-1.4547227510865923
-0.6014669657912842
-0.34486221926161476
-0.7623271537043479
-0.026845180584738653
-0.4364625991447767
-0.09328410450984848
-0.053321145714164686
-0.7762621200617801
-0.052856205655340695
-0.22241634554470124
-0.23268457069745915
-0.16526826618119608
-0.41084585775384536
-0.7107819957320203
-0.6977413253174746
-0.26870793148191296
-0.44986341887484554
-0.49584671546676873
-0.044603916815926174
-0.4114065443757932
-0.08969152850981775
-0.420805929372529
-0.34373128912212464
-0.5959656559131872
-0.41505290164163205
-0.30589922056107616
-0.34436932713300294
-0.25158477453644285
-0.1519682687081941
-0.132906482583862
-0.3378837940290071
-0.39939941847970817
-0.2572482891358959
-0.5093234735782073
-0.5549438289758086
-1.0977223113295622
-0.7116524196927523
-0.0942589818324652
-0.05074730176775413
-0.27426399652464145
-0.615417754601458
-0.2953117694598979
-0.42601946376889827
-0.3824830865194577
-0.421661621644772
-0.9775430782967305
-0.7207752091348185
-1.4012970463386627
-0.09171576728112996
-0.5395293629891943
-0.4492028791561779
-0.5350731204781705
-0.2904344728729204
-0.5782618618565417
-0.2738394278733592
-0.6255304345438364
-0.044676200900634434
-0.5576762689939869
-0.6420758182542935
-0.43248156090105633
-0.49654179270655163
-0.04591335723989687
-0.12361604052421171
-0.807979943702877
-0.09147911029951782
-0.25353672742634303
-0.4093288647739593
-0.9490009866824326
-0.3384817853762393
-0.48237323557841594
-0.19769634511459644
-0.1067126251695182
-0.9536454635554037
-0.6809122936989146
-0.20885256811462583
-0.2181780042466054
-0.3410120222785837
-0.520074294521984
-0.7623854113661733
-0.1107819097972083
-0.7987007555923562
-0.3597851511706332
-0.2687467979198167
-0.6262165804096488
-0.18989570096751013
-0.28659217642297546
-0.8733156320128425
-1.3577255813979718
-0.22854204411778484
-0.6372697268799432
-0.5819614517931768
-0.1254855631069707
-0.436650063158471
-0.33877126302541
-0.3906491823016849
-0.5745499353346843
-0.1807356889833803
-0.6086870451518475
-0.6093380348556517
-0.14336860519625075
-0.6277600323397033
-0.4316389725531045
-0.09736911394866184
-0.4398142304991565
-0.11219345044355578
-0.5834520633795061
-0.263051825320872
-0.15304829701180048
-0.6878428153577261
-0.5008977052810951
-0.7487646094177762
-1.1265343458391726
-1.104089662970485
-0.26369826305998295
-0.6813894395606136
-0.14441893642190676
-0.6148655382268468
-0.7546364702705184
-0.706751388191492
-2.1173607218382435
-0.2486465068832331
-0.5293738780360993
-1.3289674291023403
-0.7992529579032635
-0.9500480866370253
-0.8717907495404763
-0.5130688377518247
-0.08601508205859265
-1.1500440855480747
-0.9690138212318548
-1.5063165462943289
-0.6111464783650339
-0.40679497373619394
-0.3489614583585145
-1.1493320837849752
-0.8739649774194861
-0.4812438578922562
-0.5178398338710486
-0.6397255737732243
-0.32337873069801665
-0.4435879374940656
-0.5042502356644718
-0.008894442392959587
-0.4402305433521237
-0.8094135466256679
-0.29514242094867393
-0.17128542561102905
-0.4260501796064545
-0.5108534535833087
-0.3272579051345019
-0.6898723979611532
-0.34890582039084467
-0.30565807115907295
-0.38589091236865575
-0.11372851179694407
-0.25497531874109997
-0.6017186399897506
-0.2860559152666004
-0.08210067466116015
-0.44963280630453106
-0.25759845964759215
-0.2907252306071783
-0.7079163282013563
-0.6643878230595419
-0.21523664359710892
-0.20620415715141385
-0.3431341320922204
-0.4473204143966238
-0.5238949977008125
-0.1409118921799785
-0.698625446407465
-0.39345134559688233
-0.4585262285700732
-0.5276522726788685
-0.4480460786704671
-0.2381096433009786
-0.6787221407899672
-0.25688971578171427
-0.11529825203882638
-0.15813133806781202
-0.4759101685305776
-0.6432296669303729
-0.7199469152342642
-0.08875152301810785
-0.5625166568434603
-0.5170448274677559
-0.4768771882036862
-0.9258349637075803
-0.19056560426796557
-0.33989020672310116
-0.0902705161857794
-0.18414249247295325
-0.44837910019850824
-0.08361116510411648
-1.2306182710121252
-0.27050096523598766
-0.4416517858893106
-0.15176301995026215
-0.34485329051979835
-0.09077460604955624
-0.22435884523824354
-1.7381367565706438
-0.4408851954844764
-0.5544976812892912
-0.17739966675963328
-0.24599569169504665
-0.6367251166288043
-0.20259721612274006
-0.34945580363042295
-0.4032010342925769
-0.42994768589235266
-0.7751549592896178
-0.27350630835904405
-0.3015342574365434
-0.21752624654245958
-0.4264280471457096
-0.42189401560304796
-0.5182793693731489
-0.5504948218836034
-0.10577041500632929
-0.3784899531355548
-0.35466953100000287
-0.5442481649498707
-0.5475995575551107
-0.1587840135652107
-0.3170885798506788
-0.5288739137936823
-0.6460387262199716
-0.35857444443061987
-0.6874616305373412
-0.900410413560975
-0.5155144330017807
-0.20132804461900378
-0.34341329451986397
-0.6379390974118571
-0.41627237064984424
-0.5984843816368084
-0.34641714530568735
-0.3719183192808528
-0.5381344979386389
-0.5400133866977591
-0.8006535415288454
-0.7101083338606663
-0.48100264396634884
-0.637757305937287
-0.03602702464402228
-0.2601288555169406
-0.6296716467989427
-0.09228171855198879
-0.25468874833192484
-0.4275897993022766
-0.4262263940212116
-0.5142238353766171
-0.3759973659517527
-1.0191071373669223
-0.5805904859917064
-0.1510565880065163
-0.1142307313017227
-0.22016792676315783
-0.4731094572118872
-0.27462963907827204
-0.05497054233759021
-0.4566172467453286
-0.20932743312056531
-0.24919383409069268
-0.21573930925319473
-0.4081303408581169
-0.43489038018279563
-0.49690263142177143
-0.6740109118233834
-0.47900899967882465
-0.6901576756845543
-0.2834777320573266
-0.6945197913696924
-0.2599833022994881
-0.48996142119522246
-0.5318206754030257
-0.50624293184699
-0.7350790609802321
-0.09377852696573731
-0.09990450562074092
-0.8516979955218796
-0.6922233167835137
-0.8609343593941756
-0.3221903461596542
-1.544187108711672
-0.41225732320804886
-0.5187432065022222
-0.28707497320492287
-0.03437332294197404
-0.2801170274764445
-0.05759726587853195
-0.35446279125829444
-0.230489895660351
-1.4562750382116065
-1.5214720701778788
-0.11537403686688777
-0.4109129461268529
-0.4550808803122501
-0.013944111529212933
-0.412085216053254
-0.09184026304406971
-0.5828177362368175
-0.06076361376612609
-0.6437629944139189
-1.4676401349774753
-0.10950739275992874
-0.2625081203329864
-0.3750413628323359
-0.4245554481518095
-0.10680069279696909
-0.36447130410485234
-0.4847487917550924
-0.973017577562617
-0.3952766512051233
-0.38198335917333326
-0.5378993678924621
-1.0620894810417667
-0.664223546945448
-0.1405678302609846
-0.9670270113686001
-1.2496231946990721
-0.42560955971092085
-1.551571354754742
-0.18266939499917498
-0.3764147180095189
-0.5144713637101015
-0.6798715380798838
-0.5736792284301723
-0.1400783950795674
-0.3102312671758227
-1.139593810844114
-0.7869082566503494
-0.23673445688223183
-1.0126904816799132
-0.13850415046941578
-0.44375011509455564
-0.2661808101095042
-0.11434411075606477
-0.48804581436320404
-0.39098546305985077
-0.45326236001953174
-0.6928647702210313
-0.13935242869335387
-0.5416972231707239
-0.7311018736412128
-0.38988033586832155
-0.8747049088456151
-0.288560195785572
-0.9326852315149002
-0.364079349940551
-0.16353787573742315
-0.2811185965279981
-0.32405298683604333
-3.366437613964081
-0.430285038611996
-0.329739656143488
-0.5654732411117841
-1.079285792303424
-0.6492808204788106
-0.6542579419956193
-0.695372514741095
-0.1004540883031647
-0.3488591339401965
-0.2592730328711278
-0.3329511027605747
-0.17046856013890496
-1.0545306926748406
-0.6091601020616508
-0.21065907654004454
-0.4037564641483995
-0.6469297245057533
-0.45959024056840764
-0.2876194391668226
-0.43120255224039283
-0.43060929072953513
-0.7021657892538415
-0.21423957015301107
-0.07341391380467688
-0.6163726862006721
-0.5075611680872195
-0.050951901627351096
-0.5353218977918579
-0.2961896453828861
-0.5314101433614269
-0.5491585367519292
-0.15730227335005942
-0.09053636896742319
-0.4596497257298314
-0.1949887081452592
-0.3689304134145156
-0.2640841000373257
-1.0447181238676422
-1.230780957542629
-0.356627518730812
-0.7662866915872489
-0.315272243329777
-0.21236188353111135
-0.8619416868508173
-0.13211915031690089
-0.18772909608475988
-0.40256589683775973
-0.4523206588958904
-0.5439956250568735
-1.2469488352071494
-0.5818934953501004
-0.14086411842126886
-0.7614963806405891
-0.17411367251814228
-0.7885262497241955
-1.1775728644107166
-0.47517005512112903
-0.30466248364679743
-0.3759638467172007
-0.5387989713546573
-1.4196053746854886
-0.6329422146694128
-0.3543085317966567
-0.11152536262722736
-0.2639378758224969
-0.020000840226809185
-0.04947547032497823
-0.6781586735455979
-0.12695142859593034
-0.5441813986484098
-0.7132195838203188
-0.3459022629280322
-0.3282633909028542
-0.7110534351830081
-0.5788371523086653
-0.7968359803111525
-0.5322659983066842
-0.790341831614439
-0.7859069918513342
-1.332457622461637
-1.5414887794049719
-0.11290891463510586
-0.9622192376275331
-2.026762281084156
-0.34288907707976407
-1.2264801583192821
-0.6449190823914576
-0.15567357507921256
-0.7265397547436123
-1.123555059812687
-0.07297109649516642
-0.5492774359375255
-0.8003935487940907
-0.6659598200410528
-0.7362644053035566
-0.9239071362431348
-0.7724610925561137
-0.025491074999503587
-0.3494056113443009
-0.1366450021021236
-0.05873585850940799
-0.5769304271680734
-0.24157977030038388
-0.4397391182224858
-0.4452935003210725
-0.2540801653690056
-0.1236888244621639
-0.16897617141888116
-0.5604431350016315
-0.7450935475867807
-0.5137602556535057
-0.14029658570977874
-0.3850297711341437
-0.5053768723222182
-0.19032866883801244
-0.5505677111127625
-0.5111559775990221
-0.1572730029001832
-0.5271036003420401
-0.8884165689599197
-0.17260509550302458
-0.440605438213732
-1.1741824956229374
-0.6431076924283323
-2.104148653043791
-0.9340590385555212
-1.0537242153181978
-1.6144687180963553
-0.04530333188085933
-1.128622984746471
-0.8796277366520482
-0.14485401647538232
-1.582551663510274
-0.18066242189580897
-2.5393389682649286
-1.940236574481787
-0.9395969872360487
-1.534931093441628
-0.11264835687428179
-1.850565684668254
-0.5558151222530228
-0.14479439065424615
-0.44643173418003246
-0.605418526684004
-0.46886983044436525
-0.2994221392588183
-0.4137221698641345
-0.3433607211708752
-0.6559352688941894
-0.8183336532578324
-0.8185027581981432
-0.14456559526441828
-0.4589460168455844
-0.4424550577595224
-0.6659045952191394
-0.6311943531777182
-0.2731558720600636
-0.9401293003727973
-0.1431964035531065
-2.1586996131447904
-0.4178692208276636
-0.06323875427722467
-1.5968947598690495
-0.42171247658086486
-0.6376685775687747
-0.2718900105537614
-0.6147426475725861
-0.6998680750630928
-0.6479699900511916
-0.3194635334714121
-0.2905291389390186
-0.3500749752158299
-0.43594731604597264
-0.5245600265992661
-0.5949940553158919
-1.7278319479664788
-0.9560933725907944
-0.5891089104868021
-0.14370538255710996
-0.14173573059269984
-0.6007621530821087
-1.3041380850884776
-1.1039589422871359
-0.01357414887752384
-0.22830841730219617
-0.3309641891628506
-0.7351293768584384
-0.14883806150093734
-0.13894993036920147
-0.860584504176586
-1.0063926014118763
-0.2485267981620988
-1.0395422412878663
-0.11005955693253781
-1.639028860628549
-0.5744837418855501
-0.27816124443428447
-1.1565840284139186
-0.12433086875985282
-0.8337227457472182
-0.15605162276136506
-2.139655956920857
-0.28141337949475403
-0.33683401327058304
-1.060483103641309
-0.4449803131062287
-0.1429173476062715
-3.2132950924237127
-0.49518846758148055
-0.5421053415615518
-0.2731100350466867
-0.11809268439762377
-0.769401803975749
-0.25229895875223707
-0.27258818978853844
-0.09007283752434887
-0.19639247570921725
-1.3091726993584416
-0.5293672917778492
-0.4233923777129348
-0.21154723871152853
-0.32466399279519464
-0.43021425305881206
-0.24068756963225452
-0.2589534400310815
-0.6804122411061447
-0.47488690517155063
-0.28486661927058776
-0.4465392070256135
-0.31579011980355365
-0.39758698719933816
-0.31301608391171953
-0.46705986915380243
-0.3888876301103664
-0.14439511980643666
-0.20797548057642415
-0.2855678381259262
-0.29026737768103056
-0.2477719266240456
-0.9328283599456881
-0.10774337389588595
-0.19032554828612985
-0.12444419782431904
-0.3812995542325285
-0.4011879124458413
-0.4165265819837832
-0.3666259504624087
-0.3690603705675319
-0.43035576320861374
-0.3951539238890726
-0.4555993885050056
-0.45925132380707084
-0.19574048161206925
-0.8172695329134801
-0.8205426904381187
-0.4945555936580301
-0.48851684770286535
-0.377897815518635
-0.6265126858191365
-0.37138986214293773
-0.3921003472442447
-0.9555953702945601
-0.5197401518251225
-0.4657582361348129
-0.5775754480234389
-0.15423388580315653
-0.44073300387521047
-0.49435140750964973
-0.5109512509103628
-0.8419475254516116
-0.43638747318404697
-0.4608507652375957
-0.5966381022347681
-0.14815669835551865
-0.11740369269475082
-0.1699588202285984
-0.4971147666506397
-0.9396918424863088
-0.6077847468177737
-0.13933214054266638
-0.7528915521223484
-0.24344088043754114
-0.18812440580364231
-0.3652073116288441
-0.853056575398353
-0.11063868604001723
-0.9918297543344607
-0.8501332104039344
-1.6392731528358127
-0.39746872516585907
-0.5182213348407174
-0.2844954481018552
-0.6576119360573216
-0.13998470687018336
-0.7491209053863657
-0.7832834390331603
-0.07096420757588931
-0.14663933029427617
-0.23221955570140076
-0.7406442567650612
-0.5438824535537302
-0.2553842891203593
-0.655994258291139
-0.36050157950792083
-0.4391339332167133
-0.20194878585844295
-0.09747806032641272
-0.9847094793728198
-1.256332129083603
-0.3118528129749209
-0.3091587328960941
-0.07224495395322404
-0.11338368350596863
-0.8304444938756282
-1.3298491300825845
-0.3475256409980251
-0.20757752528273463
-0.3002881723616383
-0.4253208250253566
-0.7370690409721005
-0.4443840758095003
-0.44611897136852957
-0.43982162397333013
-0.2165679623345732
-0.5394851150141708
-0.3235211144557327
-0.4334313501618453
-0.1682888432377364
-0.27990319999094027
-0.3871730139198917
-0.7040129190853415
-0.509001461469422
-0.20032847321520172
-0.5448510096977712
-0.2756331870914931
-0.10445313573569365
-0.09727453720438461
-0.5095576063574754
-0.4629395056849303
-0.5838484042606069
-0.7798763689690615
-0.008222165983170271
-0.4937250986986328
-0.27324439104709847
-0.7891518983630633
-0.011697964121898016
-0.0837972545462738
-0.4047722786670773
-0.25073102098143024
-0.6513559131884298
-0.5831234733918262
-0.5245254604960792
-0.5956084520109167
-0.7812980587158833
-0.6225130814411083
-0.46955769437181516
-0.4347556600423559
-0.36040216763421995
-0.24902811151861215
-0.44630834622417437
-0.7009282517152314
-0.6108476534120213
-0.9357762751220992
-0.39883597584169667
-0.3444512074406825
-0.3572149458404965
-0.2430668665885302
-0.536542305789069
-0.41796288768116735
-0.40540928281488003
-0.5835350607187976
-0.5059799809915906
-0.5686540807461521
-0.6596054199699547
-0.1224077377932605
-0.2747521817538489
-0.3724956178294423
-0.8615028096860442
-0.48157669865553504
-0.5297143572613875
-0.37286274390704355
-0.5092794688005763
-0.18532713717564442
-0.1175547327839439
-0.17032977027951268
-0.4750000129090684
-0.36011448962349846
-0.6285506556355771
-0.30987024732944846
-0.19579582570647636
-0.7832183420110445
-0.34738994518335986
-0.21047623364990362
-0.46412720406884284
-0.30884688095885926
-0.22249340931025058
-0.37387766352486396
-0.41063378433366116
-0.09208782072052529
-0.6027221856570577
-0.1931082270617289
-0.359538050656397
-0.18414723825299006
-0.42276050255726055
-0.4407991497626898
-0.457099589128221
-0.4818112612160519
-0.5891671857442655
-0.8447477791964689
-0.20473152841105519
-0.22705641989393502
-0.3200178969467136
-0.9377921443414784
-0.550321637166857
-0.3590294193775414
-1.018069358573636
-0.1923038541914469
-0.5312061168699602
-0.27516054745627155
-3.1257351368487436
-0.4091302657632847
-0.15003645846258243
-0.8815469028317661
-0.7418978778298196
-0.029901841117066397
-0.28290065233641143
-0.8168646557920566
-1.0994837563704143
-1.0168197819575653
-1.3773198579076507
-0.39594902883358635
-0.5760664970438484
-1.770511350070592
-0.425709199126508
-0.7290631368938086
-0.5416040298729967
-0.433700939236284
-0.15131096613117487
-0.5622253605098859
-0.5019593999499965
-0.3297735285382909
-0.28344501486299123
-0.537873486199687
-0.5574083462123857
-0.3067448721013947
-0.4432347131235056
-0.6556667642555742
-0.49517067987421753
-0.15345033748001566
-0.24608001897561171
-0.16654316175185335
-0.19436910001998572
-0.23283535785919868
-0.8169702233970687
-0.3499253603154439
-0.2530727165610346
-0.3672802412653482
-0.2475410294543414
-0.3640511784476599
-0.322770930557957
-0.5267123167894517
-0.6607069853482934
-0.29352015587307634
-0.4557638253336942
-0.6205102896387545
-1.0331863878133223
-0.5930054545025074
-0.09367731030646531
-0.3713529327386263
-0.5293988899606559
-0.40888382194114253
-0.4074675613501313
-0.46375642892245295
-0.5456857638587013
-0.4156266962873319
-0.5348229863224593
-0.4084201884704247
-0.4540140704424285
-0.5039776237880038
-0.5594917659036582
-0.2139278033744845
-0.6347766796033673
-0.34745527833761286
-0.8418886137350152
-0.4652356210672923
-0.9891090727957673
-0.3433385439479737
-0.23306797309542163
-1.9766062800699729
-0.405382441216281
-0.637213952695159
-0.5225292312471186
-0.26580777726485394
-0.8665738342561208
-0.14088578406568045
-0.342756524592005
-0.21517789525114495
-0.4903470570758509
-0.5627303808927536
-0.287660448704446
-0.33338622917108296
-1.345499626693449
-0.7548424751986693
-0.24014997873806956
-0.44495698252620364
-0.4868035555180149
-0.6504479151944906
-0.4943647124691779
-0.21810214828075913
-0.08082120660230885
-0.7688043595597568
-0.3643718359701638
-0.2384945448561666
-0.056467286092811264
-0.27227727261858736
-0.23268219805897006
-0.42423044616830474
-0.5201068320229126
-0.4459347030289723
-0.22568167037742828
-1.860913002729201
-0.4187605931156944
-0.2973003091144619
-1.3676405162201264
-0.3577913386448918
-0.43977117201870897
-0.34116355705012513
-0.37558374326825006
-0.30739248927184526
-0.7448083044361434
-0.2621118065935418
-0.5867141467606416
-0.6434807080785655
-0.4258765422230179
-0.5359889441667253
-0.2860513654440266
-0.4092522659195993
-0.30263547820852016
-0.6273327581826228
-0.5369896672438279
-0.4273087037323017
-0.35909244666389734
-0.4560314692787415
-0.382517460755825
-0.4750192186496591
-0.5023615442648103
-0.5222758238363036
-0.19791661423621137
-0.5054477651432675
-0.32896428848088805
-0.5532730292929955
-0.17381156328309028
-0.4677546297956296
-0.8089032604894095
-0.7526149187169243
-0.2982917202170938
-0.4274235751489565
-0.5419712520955587
-0.3999812168709152
-0.7383291741436295
-0.5294759056554614
-0.5684249290783165
-0.6430149431327192
-0.15023525166152024
-0.33921519165798486
-0.28668116914416586
-0.4826163519140512
-0.815497962429401
-0.5866922802534073
-0.8601556607695784
-0.4895012426033755
-0.5460914895108241
-0.21672701188334245
-0.26712000503181677
-0.15766331826331303
-0.5970249999545558
-0.16072423929759064
-0.12967427829145003
-1.0032565288499125
-0.27516543408930577
-0.792191391723983
-0.2591684885245573
-0.24628877925767614
-0.3604779633387807
-0.31023023765092933
-0.8968616190535473
-0.17619117756152036
-0.3090636380447693
-0.311461007150289
-0.13634096767796458
-0.26960918985414506
-0.4430804998564781
-0.5684808411896256
-0.1341757595747298
-0.4387475801833165
-0.312696024726165
-0.2723621825695108
-0.6030470676848552
-0.6779956030617074
-0.8023182576067293
-0.7129057387493276
-0.7281933016636593
-0.6442997798071701
-0.09910311861433131
-0.3398219116591668
-0.8480213257028785
-0.4530982086543318
-0.7411047962134236
-0.21422571858003125
-0.23482690290778313
-0.5504894000019444
-0.20858904086184538
-0.27402837292379445
-0.689102076526199
-0.6698562075185085
-0.20505235190338258
-0.16969367338254993
-0.12809769218511063
-0.26657548773096096
-0.32268971916872896
-0.5305713536436087
-0.3694992900838372
-0.27401226128867784
-0.30752426409026157
-0.09460324075867586
-0.564012127597986
-0.33161672627984934
-0.35301424749457816
-0.4411573870037544
-0.6663370818835878
-0.20014872012547236
-0.11031705817995885
-0.1680021512886667
-0.49006128031190127
-0.4657518173745403
-0.499170283310708
-0.47473571289850475
-0.594757855911818
-0.396649860191958
-0.847879937762941
-0.5955052701667781
-0.1351496428810424
-0.5579084270593739
-0.1701338165238667
-0.6317495010561938
-0.22875475047600055
-0.015818839737524588
-0.5887827729505565
-0.15174037492817447
-0.1209950289261954
-0.17412646310041333
-0.49214554909825853
-0.2988981954569408
-0.15569150423238964
-0.6415125528148261
-0.6312969936857006
-0.17027563159246328
-0.10537953899596608
-0.8784721437814904
-0.5694154124212218
-1.2460510674140095
-0.2776656081526501
-1.7018624470569192
-0.1821441920697301
-0.16571922775974599
-0.19503793782889717
-0.1986680279075919
-0.15632613668155196
-0.5972933476169741
-0.24280592790651098
-0.42916487620152943
-0.5655838769498871
-0.2688831237927148
-0.13265384821811999
-0.28719154331880264
-0.7801677012801823
-0.24642764026133718
-0.2379379059306562
-0.2957869324521825
-0.4918769356580742
-0.21392514402264673
-0.279774338720783
-0.4242013301901842
-0.18048125970866144
-0.14471349979095674
-0.33462813622868454
-0.22245680186719338
-0.18710675045465244
-0.5619858335970039
-0.8116437746468685
-0.2422770500273259
-0.3532441689677202
-0.4956790167989311
-1.843759799725376
-0.689884070644878
-0.344952980352294
-0.05828980954705306
-0.183151850907159
-0.10283668663204537
-0.1711846343493226
-0.5901726811880419
-0.09832812571227935
-0.09101384550362468
-0.7478400353946503
-0.2577950744367854
-0.5850810743883942
-0.08933591058113506
-0.5759948331897712
-0.1607056168915809
-1.7264165696687996
-0.8944799264898559
-2.3748813681304455
-0.8410875179683899
-0.36738324082372337
-0.5958002082197372
-0.13565678339339032
-0.6307439798994778
-0.40202653763238533
-1.0672325684503658
-0.6822347322202125
-0.9052887405330997
-0.5377274499014242
-0.4637161913613757
-0.4491361299062026
-1.2218120435832784
-0.7212760637303544
-0.9719496967009036
-0.8522367893194314
-0.40752183291663513
-0.49614500975743187
-0.1970675941569965
-0.38301712467641924
-0.48517356453085086
-1.4547766144085017
-0.20135822874550513
-0.2841851382923838
-0.5005255712911321
-0.7863913160793649
-0.23386958561604843
-0.7249105076954427
-0.5984277310238516
-0.13611099616824782
-0.354553058120897
-0.7307521222113186
-0.39773562428917314
-0.7534961409273819
-0.26844485073252145
-0.6450762522954392
-0.27660514311112305
-0.7281129386865359
-0.4864408702781345
-0.500621933696335
-0.18119647605635691
-0.42231872453703545
-0.671183879029488
-0.12005194136058606
-0.18148192099058336
-0.5027453777340914
-0.3449030220762097
-0.08121230288331087
-0.346579884342164
-0.1926483020769325
-0.10888499390818072
-0.2906241607769726
-0.23252284689503236
-0.3424458179381243
-0.22340840021044844
-0.4399943805669913
-0.33207190409403764
-0.5727058579856626
-0.7175581837182866
-1.2229245006983547
-0.36925528902236904
-0.3705654964653138
-0.8067835317386198
-0.3932055116837269
-0.4209018347293104
-0.5732847464952101
-0.27383068091916357
-0.2985758807600836
-1.0479960825410672
-0.2751219219006508
-1.4382041575954645
-0.370756432559574
-0.40785652776154163
-0.45102234595826923
-1.365918628696818
-1.2319359186294037
-0.43158679331357536
-0.4684505348685114
-0.513249302580516
-0.28669666932546534
-0.48430937866841206
-0.6107788138372902
-0.037628976718988266
-0.185361137011364
-1.1898750173859298
-0.4897535215298679
-0.18369102167714987
-0.5647556306621757
-0.281014426790767
-0.017550542342827873
-0.10878597244208198
-0.9947627902030944
-0.16603230344798575
-0.7737836647628077
-0.6493522604142965
-0.2775808393801829
-0.7630538171742955
-0.3008132595382267
-0.9762603856506757
-0.5721665999175325
-0.682906768770471
-0.17038013842344904
-0.540399186077957
-0.14039468458123663
-0.6836731654092
-0.43001341133559534
-0.39739270406525623
-0.1260771317355691
-0.29401799958333485
-0.8496045680065739
-0.5243992792201198
-0.19298199879112357
-0.1761208380665899
-0.35261929207305964
-0.604281023497012
-0.7492090046432097
-0.25108235888677277
-0.12190456698979801
-0.17604297434734137
-0.472206007451878
-0.4614755588447029
-0.49800380794152566
-0.14166902073249887
-0.40326682804314057
-0.12339341323959593
-0.3937043262455494
-0.7095349060670871
-0.4919165834072272
-0.6683189250098722
-0.40357937811786543
-0.5571030045455498
-0.3931770033691464
-0.38405077791712755
-0.4350133570669641
-0.34853556630696403
-0.48731188783409984
-0.14256233030913218
-0.7571184261843362
-0.5006866877269355
-0.9145943211869427
-0.5633294700046463
-0.3439609666141354
-0.28188524047808033
-0.3048248384280037
-0.37337030492674855
-0.5741373335169835
-0.3416751377177813
-0.6949513598938838
-0.1531012863841061
-0.8473251231593318
-1.1260067742053554
-0.39350782055516903
-0.3879766064808861
-0.3028402047795297
-0.5076901943943516
-0.34770940212917095
-0.29817211410916067
-0.35709561948792246
-0.6539574175204081
-0.606410844663705
-0.5611006118875628
-1.8601489949869574
-0.4782257344406086
-0.5466089136364662
-0.8153744832689256
-0.25277218357976383
-0.10560486810223324
-1.0786077684479853
-0.5263338305226929
-0.5360747265541919
-0.40764567114427336
-0.4810418697305676
-0.621360889662507
-0.2654522923763807
-0.4003682840079169
-0.6987905456897958
-0.690328863423649
-1.1054553179053073
-0.6152989244769458
-0.14713071566520441
-0.6199519612373668
-0.2572335987596099
-0.505664240636681
-0.523674846348465
-0.3640482639581023
-0.6127043298074568
-0.9134082101309932
-0.5462904199180064
-0.14878084449722745
-0.5000355284737381
-0.949190229515593
-0.6951260706432224
-0.5413421349562936
-0.7480854313874997
-0.21901143799865253
-0.5636999355744626
-0.5214856680058801
-0.2731053881483978
-0.43767354150902193
-0.664278784412764
-0.3824461765187061
-0.5311872719313935
-0.3754983577476266
-0.005488445982336998
-0.3554567546896578
-0.08118454513987672
-0.22851433575475918
-0.019498102987806003
-0.45911268705865094
-3.164120316505432
-0.5285720400288819
-0.48748089663169797
-0.4098427635729492
-0.27792681188611823
-0.24135887270966289
-0.3588580168563769
-0.5903664807996952
-0.388293218377303
-0.6737780972891414
-0.43565934315138294
-0.19977314642681615
-0.5420473611195062
-0.2975434601896773
-0.3933088214544114
-0.6341957272551453
-0.1677984025987249
-0.5252239497579483
-0.41621599192335335
-0.7071233989567297
-0.6221409676495981
-0.5303020252031274
-0.5522247302266592
-0.12832852315169418
-0.1722448319487937
-0.6266595668843294
-0.8142193637770105
-0.6689261161781389
-0.2361266242861265
-0.5138415416110705
-0.3396889938902115
-0.14842491150877668
-0.765856068859446
-0.9225447276077797
-1.1512479991484166
-0.8696589090338277
-0.016141089765975874
-0.6255431368743056
-0.39443779466217105
-0.6294372296122545
-0.6536222280605957
-0.1340577928034315
-0.5807533229254924
-0.11785605300946145
-0.5852780877001654
-0.14186491072832724
-0.4142281585984826
-0.22314801735972817
-0.6183028116356581
-0.7406399151126001
-0.5190968127307397
-0.37271554680652724
-0.6618408381470025
-0.5027649107425531
-0.1504253621885314
-0.4023743131896481
-0.6449081932757205
-0.4379944754026407
-0.39761155752395894
-0.3541567803066887
-0.4179768858011812
-0.37168844398925455
-0.39506655489773645
-0.340814922605811
-0.2507649734034203
-0.5106899166511865
-1.5254199341229082
-0.6279548150050687
-0.3228116368919042
-0.6586698680361986
-0.39074624981731176
-0.5228029850845815
-0.3192660308795894
-1.1306621515673732
-0.98310071217764
-1.091243741419425
-0.3949113640468568
-0.9414499934043894
-0.02813429804518819
-0.723277647647592
-0.8412015751338393
-0.3640397219502726
-0.9545260684534469
-0.9361594139752722
-0.45869290825855086
-0.7696700670671319
-0.5691433883660163
-1.2371645390736983
-1.012512762549079
-0.7125882667023689
-0.2782439452292657
-0.9371505980368966
-1.0140899368473584
-0.5484167801273712
-0.296948227951552
-0.1415764496148313
-0.43726744931625566
-0.3675516264439256
-0.4079436859445037
-0.3838985057756528
-0.2967423845875601
-0.6985881663007525
-0.2581764042151917
-0.547770194626739
-0.5178744506475735
-0.14810439451260513
-1.0155677769090188
-0.7949281887461742
-0.994471660913982
-0.9823699894720355
-0.70190783441151
-0.5698488417905991
-0.6857099724823001
-0.42628810407761974
-0.4120432702892705
-0.3538612499967184
-0.5382919959177584
-0.3600131554353254
-0.6898489881367905
-0.2418467310184585
-0.14856057824702226
-0.292631872816249
-0.3704871760960714
-1.4035712192639231
-0.31731974633936866
-2.5028232846409084
-0.34687380809390655
-0.2529240198806209
-0.5742695560286822
-0.43689317906425157
-0.7866357583168012
-0.4118330719229265
-0.4278307110548227
-0.5542549431025616
-1.1174841192550957
-0.7350641910704702
-0.1462806382409247
-0.5747040359540847
-0.5950306335209461
-0.3030933948144417
-0.4309165670629909
-1.0499327787879578
-2.6728349223267287
-1.9289856388859334
-1.190240251366049
-0.7023986856461631
-0.6734852251848095
-1.2157249762324394
-0.2818611125809184
-1.2609961936171408
-0.9472541420648152
-0.6036366890837277
-0.4649334007828419
-0.496935672951733
-0.4418540581355046
-0.8333867975640411
-0.588607408961038
-1.0481456204912927
-0.3651884506040612
-0.4765682505723356
-0.2586073970705911
-0.7651267292451546
-1.9136329754255712
-0.663668283164346
-0.40822187497102885
-0.3295378532799347
-0.3861320459788355
-0.533563918223727
-1.456989472945376
-0.2046804028647826
-0.35643974706593534
-0.5140575532154149
-0.4234551432339315
-0.4694517899089179
-0.5043799667723761
-0.35148414866957217
-0.3506698098631618
-0.6280977457019616
-0.6668071675194597
-0.9655332003581861
-0.41411787486999463
-0.9126794480334238
-0.31600894589577033
-0.6584246516821557
-0.8656197216759783
-0.1700384037694221
-0.667190112360538
-0.28929069514236655
-0.35234834830205525
-0.45855238353915134
-0.5518313675877705
-0.8400228807618583
-0.6004530124722806
-0.24026121836619782
-0.3702136281259131
-0.5174146546962349
-0.7847301766169494
-0.14530395139522428
-0.09873679822209169
-0.6493501786165123
-0.3001163933952169
-0.43937459863254846
-0.4926637338325705
-0.4789721000616898
-0.3052037649491207
-1.6451245134880341
-0.4499467483881333
-0.2621855994305318
-0.6377129725707879
-0.6088612172898138
-0.7266862118209246
-0.5497354155199395
-1.0563055779751844
-0.318906026196859
-1.0087848582585746
-0.31203992307790474
-0.4535783278621569
-0.8008825634646842
-0.2199842184421951
-0.4017377514165774
-0.4029554685570734
-0.7125129784730981
-0.6280336627458224
-0.6011347675254578
-0.35612675614344574
-0.33881087653739644
-0.7403035048037054
-1.3343468993580245
-0.5823566227024154
-1.2627769217803386
-0.6358115659353313
-1.130385223776102
-1.8094285083607247
-0.42926615847779
-0.3535694666031392
-0.5334547338036698
-1.0326761361211538
-0.7498393192281188
-0.5614649409280901
-0.8508841372531606
-0.28858340550732464
-0.5164740008289479
-0.5817965695340536
-1.1489249678766587
-1.0483338701064895
-0.28924955893869214
-0.2443051300388106
-0.3605899010331346
-0.7665640427500572
-0.3293224169462387
-0.9493343721101324
-0.1470680899898785
-0.03339270141441375
-0.18684621051852446
-0.8962625442330207
-0.3477415806530885
-0.39603408476315444
-0.5463208802685888
-0.15415133033925188
-0.5921406440477313
-0.4278949030294825
-0.4214488006452604
-0.4523312579697176
-0.44236240290398166
-0.7390131634892896
-0.372021680937299
-3.2689379453659058
-0.2426012719515711
-0.2719356509640999
-0.4756440808120412
-0.16420972590379493
-0.41498721255421905
-0.466501961378212
-0.7781628001049588
-0.8783980038050458
-0.7059172876148035
-0.3347272451562406
-0.40646303447614746
-0.44013539544725827
-0.46189413930238515
-0.2554134400888545
-0.7049813439433381
-0.1048015665928915
-0.6759365678135396
-0.6212986624711818
-0.8034981008929731
-0.5633070016609373
-0.3845798568949619
-0.6822767711173583
-1.7299116735704654
-3.8138102293014526
-0.626796467264891
-0.4728432004352625
-0.38707341652230953
-0.3662734763155034
-0.5041940785774295
-1.6944854208268225
-0.5220193799763192
-4.364183664321899
-0.2910851616134096
-0.19753431406514788
-0.40667959175091034
-0.4406648207110682
-0.2604775235961218
-0.14167639915764313
-0.16204260904775084
-0.2348203870445906
-0.810116902055877
-0.345317215748979
-0.3321871410492419
-0.2636903569472148
-0.5122440407907738
-0.8534557931379823
-0.2570901063851156
-0.11581327465838902
-1.0065792681319483
-0.2592523852143889
-0.9006244011217089
-0.3160418544506604
-0.27176175568443056
-0.1605231301230333
-0.5252414219206096
-0.20196800820995123
-0.04441236483301812
-0.5893803198355032
-0.5900859381314755
-0.22801446450746102
-0.590617277125132
-0.650184805421236
-0.5325171167446797
-0.6049392596184069
-0.0840930788423672
-0.006836490938439965
-0.6166633750864822
-0.01529415138065815
-0.536687721108232
-0.41074462501822734
-0.532012920435227
-0.7076130098980055
-0.19517548866133438
-0.6299806647040809
-0.17486014076194595
-0.24525220721990912
-0.4407488057012444
-0.4295179707831108
-0.4238178027792148
-1.3148799395809572
-0.7310482108053596
-0.29262679910012096
-0.16948261740858203
-0.11419958989014845
-0.1623994723673881
-0.4942503804810296
-0.2234219611772742
-0.42685464552849023
-0.20320754823908374
-0.7970953045349399
-1.2769231315295555
-0.5433274944922519
-1.4454064031166733
-0.8812256253643433
-0.6319686144124717
-0.9853864332289959
-0.8666796664937187
-1.4819722875480592
-0.2915841396548785
-0.5123917486889695
-0.8005816195097092
-1.294382594098958
-2.8190970537252724
-1.6432721391902305
-0.6632034129420803
-1.0842787756895025
-0.26902371665662084
-0.12634793982034864
-0.16913398746172117
-0.4928707445004837
-2.0515611503089732
-0.5036748277236386
-0.5741404639766524
-0.1456335783026633
-0.8844436819361666
-0.5735090014464936
-1.3518511541240403
-0.47169156287568514
-0.6276325864018872
-0.8705501359716956
-2.2088457225472666
-0.4046713555817405
-0.6349230737265543
-0.29513857612381916
-0.5721683005801672
-0.5880889522896788
-0.4729504607374443
-0.7912162905635532
-0.47465657107493014
-2.0825925430981442
-0.6788528888725219
-0.9774047961830493
-0.9184683362092679
-0.24206864760757676
-1.6949725803628097
-0.1226050018011782
-0.10149239664221621
-0.8966186537550129
-0.2039796884576693
-0.15033255369520962
-0.48912148913521175
-0.2960276335753454
-0.7349007758102208
-0.04415350604747914
-1.2265163250590376
-0.6163322001744164
-0.41955527779710416
-0.37046745607133247
-0.5467385895345842
-0.2565161329091242
-0.2631538063668706
-0.9449472225678619
-0.7401163975622088
-0.5945707074372422
-0.298415667671361
-0.38085103932047787
-0.1359630423984901
-0.4081714804162038
-0.293584559760875
-0.5686151569705089
-0.39718821545991134
-0.4106446634883586
-0.5088737780927157
-2.037987758987583
-0.2945946008712781
-0.3131079813006899
-0.3719621451702356
-0.6837967359244493
-0.14216381965315636
-1.429379187336979
-0.016591123892794712
-0.4824183902184104
-1.1395258522464549
-0.4189497605707402
-0.2480911284656031
-1.0442954908253341
-1.969316891549776
-0.4275191416415813
-0.48678160330707343
-0.637757156307371
-0.1415567151468622
-0.8341509839234883
-0.715835512096722
-0.4283967587606746
-0.15888898189441533
-0.725372111200015
-0.6483516640385941
-0.4904875693221887
-0.5934156833678637
-0.6314614488828425
-0.14107760941707334
-0.7662737124140563
-0.09764135647225582
-0.7516556727256557
-0.4093567917702448
-1.050545920438405
-0.33108090124354933
-0.4230140013244478
-0.7637188489388791
-0.7059851018787991
-0.2875761194009101
-0.6976641274246099
-0.13060805863410963
-0.16918832473030584
-0.572911222358328
-0.9425466546776988
-0.7600915701405656
-0.1410751023264019
-0.09684902929805048
-0.4127463904069373
-0.4657067686709381
-0.0558468781775038
-0.19046782887062363
-0.23837236821441365
-1.75183874975628
-1.7184555760431977
-0.4110675273450075
-0.7371635235709244
-0.14998067436519907
-0.04998550001619151
-0.5669001485025547
-0.1064898022984077
-2.892048031008926
-0.6586777798239555
-1.8583402172921017
-0.6536434449944485
-1.3212551738881
-0.8445238829079009
-0.5397595820121933
-0.3449843323238383
-0.6805125600760741
-0.5303512527114855
-0.9461263402806708
-1.1697695546712825
-0.5291736609486786
-0.9329965741106627
-0.5688576668411877
-0.41827483641091273
-1.7463350930047454
-0.19576885324370102
-0.0858803179363008
-0.7519950433423522
-0.3727994651743757
-0.26495795536720834
-0.2939206331285277
-0.10535703347289635
-0.24818808684571755
-0.7987173469772794
-0.4761653108766711
-0.23483756060233965
-0.4894965388375567
-0.34443560550876895
-0.5293794508090514
-0.18617671096823565
-0.2456430401996954
-0.2714670539047401
-0.48655888047128076
-0.3582832230457791
-0.4292120239310537
-0.026720659955052333
-0.18408163795411697
-0.18271872172465464
-0.5026556922375676
-0.22608566114358836
-0.007906829104791136
-0.01848353414485852
-1.0497702066473162
-0.3270937773777405
-0.44721718689688716
-0.2160619771304937
-0.35495931882441273
-0.7516669163705956
-1.4011902306077968
-0.797742130095555
-0.6590408233965718
-0.3542923222727602
-0.32593065070591365
-0.46017425355967134
-0.5591138508391721
-0.11479045103028925
-0.17558997223160683
-0.17953933573153336
-0.6628657525537242
-0.4079232236997216
-0.7918569646527531
-0.23150792668076808
-0.33264783253730457
-0.4789388000549176
-0.4727271852405885
-0.19525266451511505
-0.5868115898370484
-0.3575586097758787
-3.325427188227574
-0.47937851947452664
-3.9206812389194967
-0.5264204919064639
-0.21707977975116097
-0.4278284942896183
-0.15640864518566863
-1.0528184063765025
-0.6503636613057703
-0.38230334070839816
-0.36416572669458164
-0.0859305914491415
-0.6553818467079893
-0.2509113769617923
-0.2732995768632176
-1.2518832994101103
-0.4368402074537692
-0.7403272159304727
-0.01248657890411258
-0.2860133715920593
-0.14519757468214878
-0.27525162275378534
-0.52827146278305
-0.3246156464375855
-0.5537638142850483
-0.5330309245036915
-0.440743508346183
-0.2347103966128543
-0.11048675767181391
-2.3603342479715743
-0.3134403751874764
-0.29000747195676657
-0.3445098931465509
-0.7331856822894569
-0.14269085029218825
-0.673819607510732
-0.17782507641654396
-0.3687785560706794
-0.4188946190731902
-0.10825129333577686
-0.9090184612476151
-1.4680540258598809
-0.1548354335306167
-0.016847080650190298
-0.6169610036361389
-0.1347712524947798
-0.28461982770241695
-0.14702702039306
-0.06034446428384399
-0.6384504209224057
-0.12766907846389586
-0.3223767504096031
-0.1581831469793542
-0.30449882959995495
-0.7719031754871443
-0.25114337850631535
-0.42561332023089765
-0.35523245851286717
-0.40479280568459736
-0.13123600319074416
-0.9944791436258432
-1.6985993811577744
-0.271650997507094
-0.5531276925993762
-0.1650298556414782
-0.46532392936173245
-0.5986679995195219
-1.3173812720174634
-0.5354647119615298
-0.2933242581132704
-0.34740399055373117
-0.1643547276277621
-0.3114275922759348
-0.3083056600646614
-0.24831410013448477
-0.8550184709718754
-0.5898268503918259
-0.9603529758427282
-0.5633012620640443
-1.1330353627656777
-0.7066697708001951
-0.33791302400277345
-2.4232855439186096
-0.4020762078659821
-1.5689060013404135
-1.1239752287068114
-0.6406120452004307
-1.0766801218754456
-0.3540084005280033
-0.6227538150592896
-0.8067794941242836
-0.1637885139498394
-0.43551636415764733
-0.314238697012942
-0.4504169291746318
-1.1175110818391356
-0.16960294708743667
-0.46362439766902325
-0.3967510993792969
-0.2539802386998096
-0.7717239708872512
-1.1476182076311
-0.19664595056497092
-1.6002032647578743
-0.3124807098742727
-0.5651356474004388
-0.5878314087430462
-0.21924813984237518
-2.2505875055643023
-0.7543013090808623
-0.5508266336456131
-0.5560073311353335
-1.3024166225886438
-1.2995522067794127
-0.6629417375792229
-0.3566353248813054
-1.9686819669524473
-0.10357886161655187
-1.3734184206732607
-0.2900441324497849
-0.8839728699123144
-0.44926251201918604
-0.3665520315410881
-0.349969778534869
-0.4600225971213331
-0.5287445103636165
-0.23095375104981827
-0.5349703773505238
-0.3459995493365568
-0.4416339035684966
-0.46007802026926786
-0.7586805109830768
-0.7545022508405358
-0.41712719243587343
-0.3608423074845935
-0.8702685225289315
-0.508340845087361
-0.3473616833019294
-1.1605244021074297
-0.5290773363194603
-0.3818805867987167
-0.3573137808504893
-0.5499722496124093
-0.44128043484085666
-0.6504276627856911
-0.7792753797654189
-0.43041886425362463
-0.7119415063732504
-0.38773030954369114
-0.5465466954299336
-0.30085562994138043
-0.5417734740652984
-0.7205057297688755
-0.24594404205057366
-0.39996899279305814
-0.5099663612843779
-0.5900900526876078
-1.6345241681410698
-0.24709202793565055
-0.32097174188509764
-0.2541344886243527
-0.2642448446849206
-0.26955320110230657
-0.4585438194679069
-0.27304506355189584
-0.4409538802865427
-1.9169437720483984
-1.1008182218647562
-1.0259108339050726
-0.1321873032816067
-0.38174042645921463
-0.2942964674874702
-0.528863894641975
-0.5305068578952185
-0.541040993569186
-0.3489899759515716
-0.5506310415433973
-0.6094351092092763
-0.8264059175903796
-0.14383927450066752
-0.6607187534778612
-0.5644408636811136
-0.4933663785554085
-0.7886123015403932
-0.21812607425167965
-0.7942687694915472
-0.835889412269656
-0.9620041088201106
-0.6866191740997525
-0.19909014106515532
-1.2666522051171398
-0.47348070551247473
-0.8843790748882823
-0.532431155734388
-1.9221969679118567
-0.6583598614736275
-0.32304279651825574
-0.14950483808500237
-0.9733212000491174
-0.247967089516654
-0.9265945222899833
-0.646830462400878
-0.4140455795016805
-0.4490061443890833
-0.8936733713111608
-0.4694151140643585
-0.515340441096084
-0.20567069465748014
-0.3859714070341033
-1.2351050192075326
-0.05292225109633364
-0.448877383527707
-0.0862960902386476
-0.8697250212703891
-0.19192196686741558
-1.4502496287270081
-0.43266819308498977
-0.5694210946825738
-0.49029479215181776
-0.5797293896273621
-0.6218854804329668
-0.23906357984778878
-0.40765848884421435
-0.4021169072427379
-0.7271120272257576
-0.4176788906067616
-0.7100012074327294
-0.36309922797980626
-0.27076561697007867
-0.15650210134289527
-0.3868133997681677
-0.5564898650167963
-0.6327651666620618
-0.13610626979049772
-1.484943548127679
-0.7030767113245247
-0.4486423351371286
-4.6959663182497025
-1.11910180696445
-1.4753531409427523
-0.2298431649338454
-0.5305461847414595
-0.8323901233099275
-0.2421800104119685
-0.7526585582748643
-0.4975553359087956
-0.21213496900101442
-0.24603196884772446
-1.72141046323956
-0.18678913793023225
-0.6955487490641182
-0.5475805816059305
-0.17389526117282608
-0.3713510814060912
-1.5065117398850048
-0.6456559237029624
-0.6727472173297429
-0.12668774786624665
-1.3594754032997622
-1.0959573473020796
-1.0920899959302914
-1.0017289731601653
-0.8291181305275214
-0.45374631791309195
-0.6487417827269126
-0.8827034123229168
-0.6459078289784068
-0.146357597655241
-0.9197865930948823
-0.6643450223557357
-0.09779876002964254
-0.3889234491938883
-0.6161031683190114
-0.5726982970983954
-0.5790256775944727
-0.5778322304598987
-1.4796805098631012
-0.19444239342928996
-0.2862515306493741
-0.8029687578705307
-0.6931426020675341
-0.47146767829048664
-0.6803162050534107
-0.4069404832265491
-0.6247049557385177
-1.0571116867694172
-0.38209306054642217
-0.8792718837399077
-0.5292907348715138
-0.43116466852448604
-0.4390350338449934
-0.5234327865327941
-0.4796380574273696
-0.7544111530141554
-0.14317224329666892
-0.12895473837852478
-1.9412769072247709
-6.544370412826538
-0.8529042856223116
-3.5866156350821257
-3.9556579784024506
-2.5591629614675186
-0.5772235386477154
-1.3653670685186323
-0.6871455273000416
-0.4214777245546312
-0.1530979153689119
-0.802861446792924
-0.46968109553969184
-0.40584970297408807
-1.0049085105149516
-0.5158021611971946
-0.3439023770497897
-0.7958639194663798
-0.7118408746824166
-0.3841430453909298
-0.47083797623450996
-0.47286558260121375
-0.28917300724892814
-0.254157305197441
-0.4413194249422564
-0.16620231792793397
-0.180551577911891
-0.30286170628965653
-0.3510759675357349
-0.777013409942778
-0.6407573545859324
-0.14815053996240432
-0.6244729747304518
-0.07157760576557787
-1.3177887593580333
-0.41161806819371505
-1.475317264840972
-1.18532750231534
-0.26983347544592107
-0.7230805185907749
-0.6474360985842361
-0.13435981545206765
-0.8707485300506046
-0.4483287370307153
-0.2784759562564391
-0.7658123281224627
-0.8244362114603518
-0.11718936598541774
-0.16718584606927755
-0.5403113507330298
-0.5863106900942512
-0.44763794541099095
-0.10985399388846417
-0.4037880434267208
-1.078064930984918
-0.4167739837986509
-0.4377440170837076
-0.6552342632048143
-0.25826847337115255
-0.2947716756510393
-1.003476117129867
-0.7509350216526703
-0.47475918912800075
-0.19407514316943972
-0.8792859561948111
-0.5422308101177199
-0.8488531195898152
-0.7112268696272319
-0.7612516450890325
-0.636119951784868
-0.44619514465871774
-0.01800731802552491
-0.25541229711703756
-0.31357606383653547
-0.12987988705447004
-0.564715395142852
-0.20370918760297746
-0.17383440005751397
-1.1628101101989614
-0.17215974769648407
-0.6288115818346746
-0.30265852043321895
-0.27266077537502187
-0.26663187656597076
-0.36191273313805794
-0.802554936472734
-0.9829571714922857
-0.9085723804808887
-1.9026727648689605
-1.799200604852688
-2.7397762279420435
-0.8159953013599124
-1.795152242435974
-0.9717194348733866
-0.4124830301716429
-0.15274350140717532
-0.4530430970542511
-0.25158017389508996
-0.2666343503464361
-0.19220168533623413
-0.4517561528123653
-0.4237063007872516
-0.5639263475630287
-0.3663268053072291
-0.18817754938228204
-0.4066063648361887
-0.3284020505489707
-0.314586251608862
-0.30610278076693037
-0.19600967732374278
-0.4594824988938247
-0.3450531578830403
-0.94914829275427
-0.07199398793828493
-0.2617012553799633
-0.8928665394779013
-0.7127511614004517
-0.7223506188851648
-0.1539209026538682
-0.2744511928900061
-0.290492604144581
-0.2882398051266987
-0.24501235835668922
-0.4979556338253638
-0.11815204851643901
-0.06599988483268295
-0.10486936053972126
-0.10871123605349567
-0.4521527861657627
-0.4158692566665744
-0.6540115369821499
-0.24266777208777057
-0.47057103774204734
-0.546459437269441
-0.2177188640094104
-0.09235381245342139
-0.28657645257484426
-1.2229342530769525
-0.38828318722828825
-0.5248188158946592
-0.43421225789805046
-0.3108215133773648
-0.48502105621357794
-0.7342996901832824
-1.1455984732697988
-0.2934010081009514
-0.7166716698476867
-0.6421669455364087
-0.6420830795776954
-0.4839133931205706
-0.9891291985897458
-0.26657921534691315
-0.40404747496152665
-0.5734385326722499
-0.7409993881383343
-0.6443878621250926
-0.5882188529118312
-0.4256717110804542
-0.18190490354318173
-0.05091421861970957
-0.6953496441668764
-0.34252716224874485
-0.5820341830670941
-1.0876010008148114
-0.7143020688474343
-0.14819257101585553
-1.0552532672697907
-0.18225126899875144
-0.0992749067901803
-0.3939421390455714
-0.4079691544707771
-0.8980463145489921
-0.5289395912424917
-0.3757749242733133
-0.5332849900083275
-1.5062660632189364
-1.8626808648216813
-0.05539571454639748
-0.47055605810923723
-0.23004299780825205
-1.5233448623600583
-1.2166802440071478
-0.4038622514954311
-0.3844622255982776
-0.2032399413766825
-0.514247317016112
-0.2675835869031218
-0.46752956325030093
-0.5920614131354384
-0.20299209537099733
-0.8232484084391299
-1.0663287521509284
-0.6518857753827173
-0.4653607693887049
-0.6633529270181953
-0.28113928037685887
-0.3897739351056901
-0.26945289206738987
-0.4546645592781715
-0.4432836538119318
-0.674242353562222
-0.7676882844134525
-0.5486627927801447
-0.42322447450887923
-0.3992815964847978
-0.4155004155170742
-0.6189745090594332
-0.49278383212828325
-0.3857041073170173
-0.33243977420684784
-0.37708362084861924
-1.0559640176201355
-0.4167978485298175
-0.43574707700263976
-0.49593904142442086
-1.1118477568022171
-0.7060099460336616
-0.9013753306293495
-0.4351439493885851
-0.49488671094391895
-0.11603636220023361
-0.15525673104028834
-0.5596857135084387
-0.2730304785894077
-0.1343447638952057
-0.5386591081232301
-0.3685860989804496
-0.5188599760126222
-0.06724803411043467
-0.41708640766918587
-0.5556338084061281
-0.1974493906934356
-0.9478678217750381
-0.08746690743386612
-0.26121270306122013
-0.3667746268806842
-0.6431868457511882
-0.3436015330196622
-0.4086550972059971
-0.26636467232965516
-0.34382023181102783
-0.606856018451064
-0.13420276081004745
-0.13716238179187293
-0.8776894873340856
-0.35297626880183086
-0.32448857683727206
-0.5080393804835694
-0.7139116527744894
-0.40464998054897106
-0.37235897015859465
-0.5421947591627637
-0.6282462639064761
-0.2501559408265166
-0.5401113961601628
-0.3949440775966347
-0.19275331705196444
-0.951380566107946
-0.06792507860882324
-0.4048776470978434
-0.6242283743241387
-0.7626956800808102
-0.5869847330970117
-0.5388708941540435
-0.10576570730419614
-0.44310726120951466
-0.4916268622934998
-0.2143619497334536
-0.2555337093644545
-0.2876270170333252
-0.38482291515608197
-0.5954007304621532
-0.3640923859626279
-0.2538615507735244
-0.35003542794776454
-0.3392151934694659
-0.43679132171940904
-0.2628140991203918
-0.08410955255142483
-1.0042228856627087
-0.3077474072154655
-0.41594866348743
-0.3099280254336052
-2.830056071591874
-0.08870030232480985
-0.056916640720208474
-4.422868229448795
-1.069025860228218
-1.8135206057922915
-0.39736170985614944
-0.8012517614231456
-0.47157547472200384
-0.41233901464124756
-5.6778358817100525
-1.1740062336567851
-2.0442240236625366
-0.5233045071593097
-0.974905026982924
-0.7335027544991448
-0.14851551689358314
-1.051370857316361
-0.6431973255046456
-0.7487412022014723
-0.3682244944279124
-0.5619458350948148
-0.316100929476019
-0.5314192157986901
-0.5205500895155472
-0.5656316154452429
-0.489035526656788
-0.7532324422868345
-0.5707409966615945
-0.2697643585722997
-0.39774993883261583
-0.9680267326889757
-0.5827308474254096
-1.4725880223340937
-0.27659980959453606
-0.09227300211652789
-0.9220805580236325
-0.11144625618512691
-0.48284261124198175
-0.26029765298383273
-0.24153649298577443
-0.46633489087719227
-0.7602064423569702
-0.4667440661389719
-0.11595064587013706
-0.11555060184154745
-0.359484340880604
-0.15545654408405427
-0.3646225338319103
-0.42983909921673413
-0.2690014755084681
-0.6685280793155051
-0.4716232989798527
-0.7506787810811754
-1.0942705020259382
-0.42654100637588876
-0.14518848897198397
-0.7485950062588926
-0.21043458734389528
-0.9694296626470392
-0.26111245710352854
-0.10664179294447251
-2.015280992153481
-0.5050465659296606
-0.05626720796135487
-0.4276725947165981
-0.14110040292673467
-0.35604146179103835
-0.1996222339803353
-0.1831183462552325
-0.3498340053860261
-0.44360164259633167
-0.2583997372410522
-0.14986058251221646
-0.577846240650413
-0.7566221577014858
-0.7876449988526292
-0.9334116103335484
-0.20684045914683902
-1.072181116887052
-0.4785405488005381
-0.4994662325677382
-0.15153729656002152
-0.6501454555444374
-0.4718633704656473
-0.19615304503617823
-0.5971638355371359
-0.3831161780669936
-0.36332784326702455
-0.3928905334916999
-0.5625255967886915
-0.5001747909528993
-0.22497316326032685
-0.506842902921894
-1.466996465867851
-0.8467137949036052
-0.813033587532118
-0.7150904558010678
-0.15275736642090876
-0.9064288416663079
-0.639856880897337
-4.3215613072388805
-3.1301803721580654
-1.8473595109535381
-0.5807607211366607
-0.8419349313253103
-1.0941384342993843
-0.5152876835456027
-0.7073953041472123
-0.3497244136221222
-0.6531217689599933
-0.5276228664650782
-0.45886394469733294
-0.3663807147170246
-0.2378012476216743
-0.05509811552474275
-0.612505596065468
-4.773048058152199
-0.5423049303346344
-0.2057558825081287
-0.4421598653904463
-0.29736197654468316
-0.5145405226835009
-0.3181041606639478
-0.48592529561457404
-0.5359473345023313
-0.3059369560352113
-0.09073972319581003
-1.7869696846630956
-1.723461025061884
-0.3333631447499144
-0.4307104453515324
-2.2862378387129865
-0.3713107416406274
-0.27722457646658766
-0.1208695533399009
-0.03756233224703465
-0.24039934260207685
-0.1850186800445499
-1.8196089355941778
-0.19414996722480282
-0.5253556325255583
-0.5497158139577701
-2.654821999474532
-0.4875835435393583
-0.6608580644709757
-0.14515070448427866
-0.8403299932097829
-1.2819391871897097
-0.5729742665064557
-0.9539417728228727
-0.45013899035306665
-0.7211916912768711
-0.3736592336784689
-0.3405639730238666
-0.2726777525589483
-0.30773663692707487
-0.49615024987014505
-0.3463815426374974
-0.7182104181394187
-0.331568196623451
-0.5618845253692086
-0.12810240122459504
-0.40171586118779035
-0.1665286337157311
-0.08921779666193289
-0.4531741477689951
-0.24862018158164573
-0.47547502921783835
-1.1880990122762425
-0.6489923591280444
-0.409968512620995
-0.4296303055443966
-0.3335172442053946
-0.6143906048042956
-1.5136166027818532
-0.2315067625217479
-0.18091604700998687
-0.7339860285448421
-0.21162013135262878
-0.2302800219795425
-0.45616931502974645
-1.1089716915797163
-0.7506131663421911
-0.2031096293059163
-0.7096775104045346
-0.47749478254329664
-0.7554848798762952
-0.40164575818896864
-0.7843456794010611
-0.13750404651569703
-0.09437849380606167
-1.7124675108934753
-0.6591031726956993
-0.3094541675151049
-0.48159842506008016
-0.5075315467367125
-0.41289173362208575
-0.10247391311817669
-0.6412257598040534
-0.381105695934301
-0.21659097340767297
-0.5184602612663818
-0.3609205977154488
-0.8119845760071863
-0.5156039413398684
-0.6141592923439021
-0.3494699377770303
-0.43896924537269416
-0.30876903174043213
-0.6681105933619923
-0.273614124290337
-0.27994636403362066
-0.7285803688428132
-0.5380834905073633
-0.2714096260203798
-0.3321642532827127
-0.33269857549544213
-0.06689307226612151
-0.3398357129434981
-0.47934915156152924
-0.24873243425580377
-0.10037423590733852
-0.6547656451637942
-0.3395878632489327
-0.49362609591809814
-0.5020286998282721
-0.2630094927690585
-0.19720771928491235
-0.25375857831094717
-0.3358216991609166
-0.5362841664097004
-0.11169226186268133
-0.4583697712802096
-0.7364707977251195
-0.8420228057846847
-0.025820268938938778
-0.6783529947597344
-0.10913951836524714
-0.402582340646768
-0.5793048095119258
-0.3769500713925871
-1.1960222910936202
-1.8827621191268462
-0.5051982521286557
-0.11593344785663362
-0.16892881253555891
-0.5337446199616428
-1.3976587545891692
-0.26686923249922073
-0.7251191821170522
-0.39208382474514974
-0.3226003579175307
-0.34447989871015977
-0.7506049471917701
-0.572723171990111
-0.399082118544196
-0.7593267926127737
-0.6835407849102921
-2.5435876369592734
-0.01849958502498339
-0.39742337361553837
-0.6016725353284097
-0.1989001719120438
-0.15085373114712078
-0.1771218169645484
-0.34629754255433126
-0.2681125367372688
-0.19363093279501142
-0.5299101236430582
-0.4051664411196206
-0.5684074278551298
-0.19770582188720026
-1.0742027187352505
-0.725286656748764
-0.9308367435958492
-0.23225782167373066
-0.3850829988764417
-0.6171269911160223
-0.8013169948971495
-0.692959799708155
-0.14243812384951784
-0.914590650661315
-0.39051582978547605
-0.22736353034023132
-0.6732437248408352
-0.17200254987647684
-0.5865785770200257
-0.7195896731791436
-1.4142788124976657
-1.4536544099100865
-0.29102672251015477
-0.4072750512400273
-1.2504998444569537
-0.15094786840927554
-0.4352629023488046
-0.565233226625196
-0.5275242197083442
-0.7961017296529462
-0.20407075778783793
-0.049885457866669945
-0.7765249183946501
-0.7676001342669375
-0.1440331725476426
-0.6677964502541727
-0.5196925519490833
-0.5943572998431692
-0.23330905256327902
-0.33954565913729706
-1.5392654746149976
-1.6267106287274433
-0.2946282730954408
-0.39842291414151987
-0.8180896707594406
-0.8031584941747698
-0.9823089494044931
-1.0126783970075917
-0.868693440906902
-0.5172350911680869
-0.29795026228726207
-0.5570534946136263
-1.1558693466552843
-0.4678639884978544
-0.13609179581211114
-0.7720033571639154
-0.3864265788205242
-0.5171659229600825
-0.18077298408440715
-1.1825448530042195
-0.2255299275288036
-0.4452888486835705
-0.557512847452864
-0.1718148746048712
-0.22999741288949735
-0.4391444422667822
-0.3764864210966988
-0.21448308541456887
-0.2789350755394682
-0.36186230741895853
-0.17378359846770763
-0.15487187157819637
-0.6384426656844978
-0.33589808348707656
-0.37805587252063966
-0.262849615872917
-0.5579470338571549
-0.5835460715626916
-0.23262827086320612
-0.28532509474757717
-0.19822429421168408
-2.141037383955942
-1.3597340123960748
-0.5401106559681162
-0.4742824287454788
-0.281618957721264
-0.3971900276052434
-0.2746618740341944
-0.7084736190728634
-2.5388185754806423
-2.4733463507145643
-1.7618061977037642
-0.4317001147936057
-0.7799301611690306
-0.1789963402753689
-0.07551766040108987
-0.40346903203034246
-0.08192318824938577
-0.5702495871375338
-0.39824412098578355
-0.504887661574503
-0.5071774332705515
-0.5075132642282757
-0.3994559882375858
-0.44740739530228896
-0.28577626070907225
-0.2270432698619982
-0.6157754606920857
-0.19272916658569272
-0.5206405446166172
-0.5466274235173759
-0.2594473434772373
-0.1722836020910563
-0.4021334341201711
-0.13437184440871616
-0.07416822458762909
-0.3021165060688418
-0.19593885061568728
-0.9965549458906935
-0.6101972361432768
-0.999065623810111
-0.8671721895928473
-1.2995447604350505
-0.7615879360512281
-0.31469506929462965
-0.645247760141891
-0.2510480951827765
-0.657479504805905
-0.2956186466100846
-0.979652487613445
-0.3016343904700989
-0.488276861292705
-0.44175982941504927
-0.7511415280989294
-0.180221818572439
-0.4979371968527428
-0.2555510398169813
-0.4583323976975862
-0.28685973983556323
-0.3204914308740318
-0.7233665969756942
-0.27039308720984534
-0.3339735376178591
-0.5858496424983005
-0.6466121016698275
-0.30651773389089954
-0.2222977805025342
-0.8732538617464889
-0.8625936070286115
-0.37413676743940766
-0.8147714064015028
-0.7788771533217594
-0.13690607363938676
-0.49953121217873786
-0.5909390394333058
-0.3445614672596704
-0.6246005804472541
-0.596037220153722
-0.5990526150836005
-0.8943748502905591
-0.7920787386118491
-0.7070182212541517
-0.9191435924146246
-0.6694345993616013
-0.4142990128410234
-0.5899937613808146
-0.6026831980243514
-0.7993667966892155
-0.18840469040814736
-0.7103977809317144
-0.6620413058171315
-0.45444166291504784
-0.300257021211119
-1.1478808666094362
-0.21848842600381127
-0.1837424343868792
-0.9192247260480144
-0.3403730943916344
-0.36206418026459425
-0.879968805906401
-2.0972977110200604
-0.7156367139995913
-0.09389664402745741
-0.24307832862874915
-0.33203034032762635
-0.29023280216901065
-0.4116078545578148
-0.5165676666962327
-1.1391902471719235
-0.43683126935148947
-0.4121172961487673
-0.1825589914842567
-0.2063011941243315
-0.46070392691568224
-0.44296712440949476
-0.7253351396787847
-0.3978185424341518
-0.649222561666961
-0.14230947418116596
-0.6652580240892784
-0.5517723739725019
-0.05814664678355884
-0.21452613658642472
-0.2341470552255189
-1.6748948740132619
-0.48638476532673497
-0.41738440829019763
-0.7388205410513151
-0.252356409735512
-0.8149696081873117
-0.13628530503866465
-0.35434901760604237
-0.7932688938232483
-0.23347515681626435
-0.6588084551669908
-0.5215736679221057
-0.33445029633126067
-0.18534992229554823
-0.31271508475758997
-0.4169838952154805
-0.5474893368955236
-0.7314693281228689
-0.13606968008509837
-0.6354598227484474
-0.6343913400040586
-0.7973157500506757
-0.46284628305689696
-0.6484744282788597
-0.4056543226627885
-1.0119364786427467
-0.6328346572602944
-0.39995758341172255
-0.792618467477251
-0.5112329395703454
-0.34320460639196426
-0.5023580833445656
-0.31480423696518484
-1.0390078235950568
-0.6308650543629029
-0.43127411669203347
-1.1216790352703137
-1.5920611334333539
-1.1292763906459575
-0.5645458136124943
-0.5452800379153663
-0.7727385254152978
-0.43171825974534694
-0.5940916662539166
-0.12190992580819682
-0.15425440865993037
-0.5223862769051948
-0.8458551610528957
-0.6191347192076638
-0.1419157302344284
-0.5412782186309736
-0.8700448239926366
-0.067382237659464
-0.14259809385207103
-0.3685646521926823
-1.6973375666188075
-0.7886691195628719
-1.3855588767452598
-1.1270909588201903
-0.6222593243951922
-0.13862270302828836
-0.6375652926915052
-0.6938478412879361
-0.7030235180732234
-0.45708991921781444
-0.6417763352351358
-0.33728317126056984
-0.5469634612024095
-0.3986025932879654
-0.6201352341774206
-0.14389657387347468
-0.8267105000479091
-0.36235374312818747
-0.5167834365224432
-0.7000721801186955
-0.5295795641868608
-0.27148851462792817
-1.4943463100350225
-0.4814759254222736
-0.6526929706416671
-0.1420545394051695
-0.6134355470922609
-0.3129306455787793
-0.3912978301867156
-0.05722558598160958
-0.3924835982001915
-0.6585589201157489
-0.5200150700609204
-0.27061006272225485
-0.557016235665003
-0.4870986774233946
-0.6090264828185716
-0.10125864115951283
-1.445565968878873
-0.6687036386322759
-0.18617888850733905
-0.6554300728289165
-0.6776268784234507
-0.14799107044269555
-0.458717042585529
-0.31942703160166275
-0.38351470999403636
-0.41684375204644786
-0.8899956487607141
-0.6979073571332195
-1.904349158052355
-0.46177071522106417
-1.720792111730239
-0.4874429915071569
-0.5013927908507362
-0.7277867712771033
-0.3342624088964886
-0.42991047792072223
-0.5760919433526132
-0.5234477599685002
-0.63051772873132
-0.4035222515902047
-0.5332421681367805
-0.5022857657565142
-1.3381671007955447
-0.8071333158670376
-0.13453136750605232
-0.6886101152669749
-0.7741067390268555
-0.6399672492205775
-1.0076143691263344
-2.88393007968885
-0.45305650321503943
-1.783289866906125
-0.3899658704832963
-0.284731559297749
-0.24782734913082094
-0.37889312482313847
-0.3389945487547382
-0.4078415856691625
-0.037898406463985644
-0.500364717403184
-0.8484631141824366
-0.719215776584224
-0.6681719224680693
-0.1363154549042411
-0.879917588102766
-2.0580020225005455
-0.9948497670420693
-0.46623045753562287
-0.7504536386053098
-0.8819195902028696
-0.43602335900473205
-0.40633723224964513
-1.7069807866064366
-0.4828248224402278
-0.38951007517656155
-0.2794806508978721
-6.170543909072876
-0.2430447494304341
-0.551054332802361
-0.10857604340650084
-0.7021031571566709
-0.38400592910411724
-0.22821185071907993
-0.43277867699516964
-0.24468067768735968
-0.08585739364678426
-0.4295823877619114
-0.7413771099543536
-0.4062361303345824
-0.6453794941333783
-0.4135890559604693
-0.8727655017880462
-0.5080601684590244
-0.6503009757531496
-0.6715441152096834
-0.1468191250392554
-0.527049690260526
-0.16192897041566373
-0.523456712633956
-0.6059070328112486
-0.3806174105266109
-0.7278330699985721
-1.0358143879566342
-0.709249777373551
-0.5511152845212746
-0.0699891007890983
-0.8421189503830991
-0.4080019761449049
-0.5139577841360329
-0.9636654824340333
-0.021003376847753923
-0.7402511708614838
-0.15937816285248332
-1.3973018548523604
-0.8780758801406662
-0.4150654432014562
-0.6190748033473296
-0.6407886491661624
-0.6640796804776042
-0.13710938020251778
-1.080949907170691
-0.4161656928206412
-0.6992036874285645
-0.30273885141746415
-0.5160570656538479
-0.5230123665918572
-0.25905437273826754
-0.9618479255163535
-0.3435678424392233
-0.3043178104977642
-0.5907714737191493
-1.5395467424744063
-0.26433468610970784
-0.5305863979929536
-0.15712430605409036
-0.5039942306339898
-0.13679848308075795
-0.8121138806785287
-0.3119056936506573
-0.4428400587892914
-0.47231102129203356
-0.8893745656632973
-0.3977794880227066
-0.19009033327506586
-0.2184245576954433
-0.2367604920164076
-0.5250576898588719
-0.2671686780330573
-0.7542417448992941
-0.32332138679709843
-0.6549165076405188
-0.14224699414583225
-0.26810949411489726
-0.19786696308738377
-0.5078386023007397
-0.07615951325181716
-0.7677158041053644
-0.2388638656425428
-0.7300065243925928
-0.8144568638817873
-0.30811287826691114
-0.37292609966859275
-0.36017907839268215
-1.0854084336485692
-0.35291979698329046
-0.3819004337134292
-0.28233505723696906
-0.7064622563858782
-0.3290153673124223
-0.5685419849865224
-0.6670774451993111
-0.8212031566354401
-0.23878953380547804
-1.0398584426199835
-0.930851774760716
-0.42841772264280453
-1.0464289496401482
-0.9035480587505541
-0.6295512480761057
-0.4503524106541482
-0.44869121413849544
-0.6049980842944933
-0.616155301041231
-0.15631354085127075
-0.10168904207739615
-0.5303537477023337
-0.4737356589597039
-0.48922791426604395
-0.3395048369171231
-1.0927978914114647
-0.3477655150946584
-0.4323510339187166
-0.3521774839327383
-0.1717405335219507
-0.44231350319852214
-0.4144249344200388
-0.23811119407956366
-0.5127635171586685
-0.7179888880981218
-0.3178772466101994
-0.5414390397409685
-0.14456959141156125
-0.24287836605894833
-0.566041731712912
-0.33560593249335635
-0.15354504151899817
-0.43626291767060366
-0.7091265999165017
-0.3160303422668403
-0.36451973787636516
-0.26016808179259293
-0.12122044304911128
-0.1797169197859405
-0.4773914086714118
-0.4023388570914666
-0.2371574034058347
-0.438887437624414
-0.3370731207518778
-0.4282090260986269
-1.2780751184945984
-1.1556459876915648
-0.8502683766592738
-0.6848223615764226
-0.43164215669738976
-0.45044255040922315
-0.3154946390235497
-0.5948597561688984
-1.295756597338065
-0.5189089448394952
-0.343369180870338
-0.32287073243213416
-0.8679281369741148
-0.4199869083705163
-0.8820903717101332
-0.5215167711519973
-0.5717242711495929
-1.0156448690686375
-0.27446986912200505
-0.4573876776590363
-0.7013245436868413
-0.14439805817599574
-0.6157430258713248
-0.3315214974598068
-2.338478679246009
-0.9079987450950284
-0.26761059983982705
-0.5229276605614965
-0.9012842340540373
-0.7616176569966369
-1.2062233878588393
-1.2425464840286902
-0.4631741502188034
-1.3060404015286355
-0.4792408831718262
-1.564091643640495
-0.18739894089533968
-0.284117716278924
-0.5613360730747274
-0.3963603988228264
-0.48116677404858993
-0.8188048004806964
-0.5763075693566861
-0.6623619834877243
-0.4925043770652135
-0.43890865746167645
-0.5378902157826815
-1.0070475061181172
-0.41859691921683406
-0.8386852365198744
-0.7065667264768207
-0.9070212124062588
-0.6211399852432805
-0.40451447548584046
-0.36809385685782836
-0.5138422381347036
-0.8247109144439492
-0.6085656522648699
-0.1418627405587655
-0.35627258817460944
-0.9509487820218775
-0.5077073798284649
-0.24249743097434043
-0.5351047125411501
-0.6877473719603663
-0.7311375689279512
-0.5608017844431081
-1.1843627744325205
-0.42622361792236535
-0.6966541069893859
-3.1089391091372818
-0.3295455972587661
-0.20539686365321227
-0.10712843911337319
-1.008142260345873
-0.16885596509647174
-1.1115196274640766
-0.7595137354732288
-0.6663268005219255
-0.4022141047342674
-0.360346832698023
-0.5304415995105306
-0.43270601010041154
-0.7305587225020699
-0.4848772396293758
-0.6439442496405499
-0.14935728869807008
-1.2311248341699421
-0.246930507581855
-0.06554502037921213
-0.16282272440602438
-0.2358351106719635
-1.8102480575238586
-2.5246675945818424
-0.4158280928264339
-0.7266739499455873
-0.16546875567455158
-0.542612536673987
-0.5303926190668239
-0.4184295749431823
-0.8643155708478503
-0.539806730532551
-0.7989568644511564
-0.12171793550172794
-0.16297094806075463
-0.5232602575193445
-0.5619705230904272
-0.5882510450463815
-0.1414554519461025
-0.7521801563498229
-0.25444744405841474
-0.3125087964036652
-0.13453884060618293
-0.6966131649460294
-0.8790143037679324
-0.5861537231524363
-0.4156541706529424
-0.5079135948605988
-0.3109023157666155
-0.33325381320977004
-0.45786688143526955
-0.44784906263007074
-0.43575454484005405
-0.593710414357929
-0.3258265977866965
-0.1128996618124522
-0.41367421034720386
-0.7505499254285122
-0.6604061498607431
-0.6358590644652699
-0.28850163769432885
-0.40462740669061076
-0.34864582606972433
-0.258824279333611
-0.6076514830967725
-0.51488574116971
-0.1611221881236046
-0.363935369150355
-0.2726127036171833
-0.25239399586185757
-0.5326961646636142
-1.089087189733982
-0.8424676948343404
-0.7476463976504809
-0.3692929516408488
-0.35930979960100623
-0.31871032985297854
-1.6798855312663363
-0.42201933869935837
-0.3712801611520204
-0.5217105135712533
-0.3113540031578547
-0.6112832649445847
-0.14748514413448624
-0.5234547390814157
-0.5892283987608218
-0.6763886696580499
-0.1466618151696119
-0.15671653722693143
-0.2721358255296978
-0.5823302583618127
-0.2770203399704769
-0.7524991048283846
-0.6508789492469683
-0.3777135987794793
-0.3159437489958608
-1.769596612881287
-0.44460495307296494
-0.7090150845384308
-0.27332594038792496
-0.08138669054105208
-1.1107769597698887
-0.2140010284010064
-0.5604346757761843
-0.40615430142945397
-0.3649140607363885
-0.2503299744428659
-0.6472729943832221
-0.6425548834379736
-0.4038714527809394
-0.0768479021047824
-0.09830777990282513
-0.4135254012021979
-0.44130776005935063
-0.5488494101271499
-1.2252453271712511
-0.6879688027053673
-0.4998316178872218
-0.4179114439964945
-1.2208623862287595
-0.5175187276524263
-0.3414262444536819
-0.3671526385994272
-0.1428083310307474
-0.13676309763806482
-0.5484202438110515
-0.22559817494437728
-0.3190923832081973
-0.3840348787253759
-0.4504749117186293
-0.554635374744521
-0.15411134906989704
-0.4144068059209758
-0.7034809860467297
-0.36869649709526287
-0.5544959316563396
-0.7468797931423176
-0.48962049797396984
-0.40026769858604894
-0.26144438364788886
-0.3438868281988162
-0.43017600458632743
-0.16658833497194792
-0.29299119726020334
-0.815573745605873
-0.8596412832847329
-0.7972594263224487
-1.8797967457877738
-0.522374445796595
-0.327682184569489
-0.38412533955506073
-1.2237087038407812
-0.7300124199981881
-0.5310191825750129
-0.5829831949767055
-0.14949533721352035
-0.5524927764321982
-0.22157661674127666
-0.4020224518876849
-0.7781931015749572
-0.2570041112239482
-0.4069610427436601
-0.2648273439888322
-0.32395721728108434
-0.4988551058939124
-0.48077699654872547
-0.48531273211756343
-3.911051094532013
-0.32641447693506676
-0.38427180656104143
-0.6245271640277679
-0.6868402663691019
-0.4772778059425611
-0.27075020362270363
-0.27849130622053053
-0.08968482366317403
-0.4325493787156808
-0.5795159067008403
-0.4252654297862364
-0.7193336151242914
-1.4259780283202417
-0.15431048675236525
-0.44492421995028053
-0.818577144655336
-0.11670494813427723
-0.1740896870456096
-0.5394296392289071
-0.45398077367872247
-0.6010438653289896
-0.36776816122750866
-0.8396342177293263
-0.21901358260905301
-0.338655323612145
-0.3594183305433641
-0.21426930923826149
-1.3735930882957916
-0.57131702080369
-0.4141529057459239
-0.2896706332091945
-0.6613064638026117
-0.5062913607617966
-0.5242780188896826
-0.4944324188944544
-0.24849055274915538
-0.5484615877270699
-1.5439949256033287
-0.12055713109966745
-0.31725314991498205
-0.37446031000795743
-0.5563282014918514
-0.4955853092082786
-0.29902990183472866
-0.1875033316809769
-0.3445661620259021
-0.38392840710327314
-0.3280576715956522
-0.14276187977197374
-0.741846195748451
-0.5652578998961983
-0.17019275418819493
-0.2708379651490759
-0.11341965576591662
-0.1904444109621814
-0.47493467563528646
-1.5488522022932556
-0.5605926868424262
-0.14647685291192433
-0.4864023675334465
-0.6738481262274642
-0.3712166034867031
-0.24271700878479407
-0.010690707946196198
-0.7588127230572153
-0.5347140880293466
-0.5024713151498892
-0.8317803832978399
-1.0828408267105563
-0.20903822160307972
-0.760277706363316
-0.4557750544855362
-0.5603099269245254
-3.0400531385093927
-1.821401073015295
-0.33791206275372726
-0.38180483788833486
-0.2989071923939832
-0.4228751179431459
-0.25776977834511156
-0.5220075140638548
-0.5321365127479332
-0.18922148355148657
-0.14140197529939708
-0.2655027323453396
-0.4800123796691659
-0.3882837483397452
-0.44476579989532183
-0.49078074573632574
-0.20031145823471888
-0.4876280173561792
-0.2777535278493878
-0.17485921358224346
-0.3074301301477254
-0.3045318705060759
-0.17118659562954366
-0.7566868858499721
-0.1663188905102808
-0.27628781930681423
-0.11792425094886028
-0.17780699093436456
-0.4918406897010142
-0.22515282365687503
-0.7354253902200298
-0.14023063776199785
-0.4573534490990163
-0.2201508910672051
-0.33128472216048976
-1.6051887657959014
-0.31769289718795335
-2.146750778580705
-0.5923823431697993
-1.0670914266258478
-0.45442725423223845
-2.205956598976627
-0.407934173643466
-0.5288079861864929
-0.5325874186604296
-0.3222149400244234
-0.5317238706042493
-0.14234628408990316
-0.27229102066653116
-0.38331727455877423
-0.4884702868228741
-0.17333027656758743
-0.2580358109648176
-0.30201407136998265
-0.12236125799195463
-0.1683772458319333
-0.4782576226617326
-0.259654896556943
-0.5665905623953336
-0.14848320783136407
-0.352725851195936
-0.5512425257359556
-0.15554103461884894
-0.6525103061245318
-0.4425527966700429
-0.5135913886150985
-0.4239169620834281
-1.2149175680824555
-0.5499527133536191
-0.1600462496037405
-0.6305677125661001
-0.30073263889215823
-0.6377923250965978
-0.501077622265143
-0.381898161493684
-0.572053080158376
-0.368807003063496
-0.429835717188098
-0.9452255178487879
-0.33089394780081877
-0.38128377737293995
-0.4746164021441278
-0.7752274411139903
-0.14512982985665393
-0.37254631006138156
-0.6842018101419853
-0.22312211293319706
-0.15081321289929722
-0.6565896063872899
-0.5937258538271115
-0.5266534294432859
-0.1407278443516984
-0.7065972543314502
-1.0649451259865408
-0.5847646289628256
-0.3718863130380896
-0.7016921477828874
-1.6792578496970236
-1.0482818593000012
-0.7762647747166511
-0.7065296887169027
-0.4555377876613853
-0.257910265732945
-0.384965165228315
-0.5902520572089998
-0.38411589735848173
-0.9018877285697817
-0.3702413845588964
-0.1902506933780117
-0.6972190486426696
-0.5259014226000241
-0.9369788651312537
-0.44437675328383475
-0.47448576122789227
-0.7999913231479998
-0.14473625326144943
-0.05155343043101953
-0.5511105311372634
-0.3142849361057155
-0.31493555749898405
-0.973980725024982
-0.986621569350973
-0.8713339394323865
-0.41518633955426293
-0.2680634437704378
-0.6163915425472624
-0.469510584845137
-0.12870186223080965
-0.9981802020386681
-0.5577218077436328
-0.006773144282306021
-0.3040926618151216
-0.35686084252843514
-0.16877784436603457
-0.7493433318252507
-0.8774949852129339
-0.40978983897052373
-0.5072851116231808
-0.47477057360639363
-0.5335672938113167
-0.2812039479726233
-0.4785840343751121
-0.3034178546383336
-0.3061322422683823
-0.42472832133571503
-0.10083816421683878
-1.0279927685702812
-0.9952060153644363
-0.4119470820702171
-0.523548584637382
-0.38741036076928226
-0.32944398447677614
-0.566082201116302
-0.14387766958339931
-0.5089544829027428
-0.7493739795644009
-0.7679433613961679
-0.057412823603750315
-0.602865706198889
-0.22067935421368612
-0.3582338485869059
-0.19554199419314197
-0.8054558130307314
-0.7521469325895037
-0.6227155125534614
-0.800583292868711
-0.3341570366092447
-0.37073722005105436
-0.38245322287457384
-0.5392858503024789
-0.13218166237528373
-1.017713567925973
-0.8350985015197733
-0.4079274011287323
-0.5425514202286195
-0.317674754673879
-0.5645908777638852
-0.7308533426946451
-0.6727538482541844
-0.7972107645050528
-0.48156709468437636
-0.4555713516756687
-0.4738831703012472
-0.7084711331296533
-0.6773693380376283
-0.36957477934563276
-0.7415678677207325
-0.22252965989719087
-0.697466381887448
-0.9891646466249685
-0.4297948683807669
-0.5093643267680648
-0.3670195312209849
-0.23694226767686036
-0.6382390648450382
-0.1427686245690645
-0.3469663721003471
-0.18187711368539436
-0.6074992460879811
-0.4919630465969128
-0.6977986240293831
-0.3214792509767041
-0.3653239114842255
-0.4319218940640389
-0.3983632885704565
-0.8242069295083638
-0.411508809829353
-0.28659651570752986
-0.2582858319601655
-0.26722938422746073
-0.6490069876828264
-0.35202472605644997
-0.4129112122002775
-0.4389994497156522
-0.1570757053094793
-0.1692192647850561
-0.16768617631815788
-0.673755269536438
-0.7336675346184487
-1.5880253403605213
-0.3607493455188711
-0.17907907355361707
-0.3520711855828102
-0.41245413993665686
-0.46207309082132675
-0.22322052555335342
-0.3155626302302283
-0.3633844588305651
-0.2648357079075405
-1.17297221005048
-0.45559657569265255
-0.2012340712855224
-0.5176126600625537
-0.3163155910930421
-0.33090857295701426
-0.3269571404279735
-0.13904860748967127
-0.35927720003580643
-0.5432207119681282
-0.22313369728642052
-0.5304519651852613
-0.2863721815495713
-1.1689893395232502
-0.33495074139245845
-0.6533843995275674
-0.3964343213025131
-0.6228181813111051
-1.461924994408643
-0.7566105157269638
-0.6005164318630705
-0.14059492759784356
-2.4170485138893127
-0.6344580422631295
-0.2684089822659399
-0.4017460655840195
-0.9539604402249428
-0.5762351990031473
-0.2044736215760254
-0.3472773151172857
-0.8342912062044806
-0.6009920084637012
-0.4165647395835549
-0.6459422606481398
-1.8992656728332804
-0.9144534044397006
-1.0416245126155748
-0.8105855437645985
-0.42838952524263213
-0.4064584763784131
-0.5410444506787826
-1.184931251582586
-0.4620164116396255
-1.0149399574380369
-0.39096104355427086
-0.5182813291407498
-0.5544075508048645
-1.122965015975448
-1.0991598329073895
-0.7708056140691042
-0.3645320206441144
-1.2321112126875151
-0.5154213624851903
-0.17338906911183066
-0.23515179210295648
-0.4451330261642397
-0.290885515519923
-0.07906219320170749
-0.5272894612925029
-1.0110889267583354
-0.46762811112941044
-1.9853709995979443
-1.396467569057925
-1.402153750988978
-0.33091032852693886
-0.18371121228064816
-0.517848893485791
-0.31848014458440027
-0.35127790206688586
-0.5672767111362405
-0.7577003747170087
-1.619815184375006
-0.41126907002159085
-0.2732827899432056
-0.7621955442780746
-0.41859968752919485
-0.41640871266281465
-1.0183162023624466
-0.40720646263738064
-0.5318054380649917
-0.3569122775802195
-0.4909045334285553
-0.18359396417818494
-0.25619239412001965
-0.638226432206423
-0.25156814221033225
-0.25924896987246027
-0.38559552962858734
-0.23985159229471265
-0.3155903711780925
-0.20025327831048012
-0.5112587227440031
-0.31475765883247886
-0.018000119723053234
-0.6305801749573153
-0.15551681706305562
-0.08337181014410126
-0.16099073950504375
-0.38483100480724325
-0.7768538530277601
-1.2399514676383063
-0.5042488061087418
-0.469434628540057
-0.07121958091011038
-0.803808976745271
-1.1587143866479612
-0.9202374816382108
-0.5103527971080309
-0.7530195505651786
-0.4664902838180448
-0.13524281839472777
-0.6120152223835476
-1.5652002143259678
-0.5208426047853815
-0.5064563410078335
-0.07554710689146305
-0.3802843540192953
-0.3473294736841126
-0.41637127405433333
-0.3455756775615252
-0.02361976625979878
-0.5694830624726868
-0.22130062869040384
-0.05917564852331582
-0.41931828223894096
-0.9586109929446441
-0.17684993360206627
-0.9918468827490869
-0.19235535708309148
-0.1866849601858121
-0.2670230873047103
-0.2160536087455675
-0.13088812826858234
-0.1962023290112224
-0.21118003536102234
-0.22017049790641371
-0.41960322425668556
-0.33332782230638713
-0.3257471021805748
-0.19946898431408044
-0.20047174771340603
-0.036326493338462267
-0.4392672538965736
-0.578525663185103
-0.18298334814517148
-0.2506290085364829
-0.07318178427198695
-0.592919020935704
-0.47572745825830226
-0.2382563294578133
-0.1893428259956838
-0.371956549286696
-0.2306176979871566
-1.5469911818703015
-0.0852048376256423
-0.48994350243037843
-0.04657962740527996
-0.08977616253514498
-0.29797241093587623
-0.29380415038788626
-0.4860931843215305
-0.5492018132957309
-0.2569057576726883
-0.3642087735461246
-0.1270112643084888
-0.28579059444074606
-0.22858828677321566
-0.15729920146276458
-0.16995798306579704
-0.17544110213459765
-0.28172496777096967
-0.1827536361671365
-0.3946659584062631
-0.21860854475316488
-0.02414678642526269
-0.18620685886491542
-0.32413441363976736
-0.9995246697289986
-0.45808443430958806
-0.24431953956801686
-0.16156676548416726
-0.027682879863977387
-0.6422339847363322
-0.2250502008788923
-0.01764800050461252
-0.07053106529330459
-0.687201248199593
-0.2795318111326196
-0.48176105268519603
-0.02745947410876397
-0.013701535179279745
-0.5752236223504171
-0.19320705355203244
-0.10783843463286757
-0.35750980598161486
-0.034654997172765434
-0.20395577376039
-1.6315113094169647
-0.10720113702118397
-0.08195787724738086
-0.6468567657177372
-0.46830538189186655
-0.2597466101444577
-0.7425244977803231
-0.3294773496717325
-0.293797143709412
-0.2990263111562399
-0.827040762315543
-0.7241412880334792
-0.7439013476499289
-0.28736308730076415
-0.5011149126644594
-0.1970240718126964
-0.34469386041205946
-0.30751796532343645
-0.05099532534004538
-0.30506788756715003
-0.013811244168366477
-0.04550956413149691
-0.013913738721839763
-0.15231560629546528
-0.3436903636520583
-0.3590210306163297
-0.21401281050542215
-0.5497372640917698
-0.4035988168638701
-0.7281312428358433
-0.8378850329459056
-0.3131006926868234
-0.419770926468118
-0.2994320416658714
-0.3371836136409077
-0.5461400418187788
-0.7402512342191935
-0.7157947025910809
-0.37229364473536075
-0.059563687685618386
-2.6420174737965376
-0.4628216497910671
-0.29386691233240353
-0.33451452547007265
-0.5565760298141194
-0.24819170213459074
-0.5996826437710296
-0.41477252190641895
-0.8904288556004758
-0.2579180565116985
-0.4109971285257509
-0.17969695011869646
-0.9748050138805198
-0.3430810189970957
-0.4185531868993969
-0.8793171285004865
-0.3706853114111006
-0.4287904758532343
-0.18445183181390312
-0.17436771297747733
-0.5195145823300581
-0.2993358380788026
-0.3591832889287616
-0.15970477216734041
-0.2947375678899486
-0.11453689324203652
-0.1772944907585933
-0.23629846028639945
-0.7223292341392326
-0.25738672243363303
-0.36232534816283934
-0.19445151057781815
-0.1608821688079423
-0.34345781062949665
-0.6286826832688095
-0.6936136713524446
-1.4778406864546316
-0.7445641150051789
-3.00347168915323
-0.2905234291991136
-0.9042600200193026
-0.9351556756927704
-0.723879872858041
-0.4413409734115703
-0.593649910764523
-0.05369272672881683
-1.018572275977931
-0.9731551655859221
-0.16412027536944152
-1.0061406962475823
-0.48773121275007725
-1.1924848937427062
-0.16542677633395897
-0.7426190985085668
-0.4267793837237244
-0.5415864777104515
-0.19072608645305272
-0.31208837629622266
-0.44540149927509315
-0.7667431653628227
-0.9292224895001784
-0.1309957519407135
-0.6855734808104899
-0.4355915962007982
-0.18260693689813934
-0.044632507775791704
-0.5471260124713808
-0.40290381862839486
-0.07854212569054653
-0.16836415998902035
-0.8489231144547895
-0.08613600730895996
-0.7347710703782772
-0.18394693859372638
-0.2521531652262638
-0.35055389279588983
-0.5614360788341344
-0.08654835065649422
-0.12279406209949405
-0.1906961851658567
-0.14340036011087257
-0.12350321023948396
-0.11979134546019547
-0.1316125056949783
-0.7246783958701669
-0.7760094959829076
-0.14358347028740354
-0.09940220105329445
-0.13552778540338295
-0.22370568043764227
-0.014660722314147279
-0.7293335805879906
-0.07277489546686411
-0.019956302079083343
-0.026362833101302385
-0.4811704773311775
-0.019301766995340586
-0.636824556333886
-0.05312597379088402
-0.46837909598331856
-0.5753216082133198
-0.13207857950136018
-0.8574776562549232
-0.37621021428891127
-0.04045639348541954
-0.219909053153242
-0.026295327703695647
-0.1919123768831115
-0.3377145750599249
-0.05353922790670497
-0.28411617032439346
-0.6953405465588557
-0.28233555307413166
-0.39785265746737936
-0.04869614460039884
-0.538989432156086
-0.26900517132817187
-0.33264850641527344
-0.5844133563100444
-0.3218509398935983
-0.07081648667808622
-0.4652938936545965
-0.10944036266177287
-0.08964790784586778
-0.6723330946628093
-0.2203848370357567
-0.19713804442031127
-0.1088064072686393
-0.18651386567362352
-1.151389915670734
-0.6403094606915504
-0.8200051915410558
-0.7584093196571379
-0.3922714549764727
-0.8890536235929984
-0.01652636794588034
-0.3497087879570851
-1.564150651338178
-0.13572194589531655
-2.233266097826085
-0.23990956491823567
-0.2827629073251501
-1.9568952032757807
-0.23226523340342872
-0.6970031927291226
-0.18582750894322292
-0.38513526598481723
-0.8111796808821055
-0.3970983332125203
-0.42131415651565474
-3.91741581261158
-2.19761198759079
-0.3048805450530684
-0.9059336444229952
-0.05913233623557192
-3.8050893545150757
-0.16690377785187138
-0.015031871385872364
-0.290960025576472
-0.002646015287609771
-0.2429661748930812
-0.8020085574957053
-0.005662166222464293
-0.4733665252565768
-0.0044678119593299925
-0.41219480611907783
-0.006748717569280416
-0.7029498497432681
-0.006445484759751707
-1.081584179145284
-0.7357289637594266
-0.15723248917855498
-1.7808212279096551
-0.11502200064651766
-0.010096288373460993
-0.14356520970629086
-0.004328909271862358
-0.21942051989608444
-0.7514564288642129
-0.006206509366165847
-0.5412525046067711
-0.00707568385405466
-0.9151699373074474
-0.00903220265172422
-0.5367423028551457
-0.05332294374438963
-0.006829076504800469
-1.062242805558526
-0.3890868010751023
-0.5548898019962204
-2.035219967365265
-0.2458907050280399
-0.30113498696414354
-0.3791559054462899
-0.4646709485213727
-0.13354085630168666
-0.2877075727394815
-0.43167778739342266
-0.5448556632199777
-0.01225934736430645
-0.16141579973332731
-0.3267070355204024
-0.1689009934076379
-0.2963751810571661
-0.23392093904240027
-0.014407941971533299
-0.0719100767090721
-0.48427446939453894
-0.12998989325600027
-0.1383827042293433
-0.32453461019269003
-0.6598433760751835
-0.01824654999826304
-0.34937710333892935
-0.6524308098150253
-1.2252656935121526
-0.4991013558321754
-0.06442930622123592
-0.06099558788567568
-0.34740966801746254
-0.2456229706554128
-0.2005239883661337
-0.010416155739221722
-0.0253533761278959
-0.009197040344588459
-0.015189213626081255
-0.007476450118701905
-0.37447384912775306
-0.006148803571704775
-0.22527822993928717
-0.005758457875344902
-0.22216375922913098
-0.007501608692109585
-0.32638425595007053
-0.005973476450890303
-0.35083263377208385
-0.19321573197452507
-0.23825468807273056
-0.16058940823154444
-0.6676133722596039
-2.74908517445955
-0.24136238431208312
-0.348427532399527
-0.16411819724757176
-0.26575255243089485
-0.25739053133293055
-0.019023253029445186
-0.0862104834709336
-0.37653506007896237
-0.5926338919198315
-0.270548107207683
-0.32722995112775466
-0.2398878028869247
-0.7615450819721445
-0.37251070817777265
-0.18471511407529934
-0.06336219403351606
-0.4534665548413462
-0.41260812766239935
-0.3206065879642263
-0.5721886009676382
-0.0685507019920444
-0.11645486330627502
-0.24686222119710996
-0.7877187895391801
-0.6927582686609336
-0.7537902248441242
-0.6784827825594264
-0.012077054674591636
-0.05272476895515865
-0.8830261917124517
-1.5411172619011875
-0.352311382781946
-0.8394365207417717
-0.6114645779132843
-0.134876043123775
-1.0309922015790909
-0.354591050630136
-0.39297406119505085
-0.4605633354065923
-0.951596175533723
-0.8562779196680904
-1.6511448574718088
-0.45839389719033835
-1.1856679013999383
-0.3815498645315529
-0.774150001112668
-0.9243701791645436
-1.5984871544296766
-1.0265644509399863
-1.1040103882551193
-0.9968570752011147
-2.0313578534951375
-0.33314893529233003
-0.869550630627782
-0.1844428420102257
-0.40359418111499207
-0.11929843937590097
-0.673480293724424
-0.9307943396865489
-0.24626414073564876
-0.18395509990605205
-0.5420294147352519
-0.7835626750883031
-0.4047656258387767
-0.7844165872183372
-0.30409828756148233
-0.393854409199389
-1.132058138648669
-0.03182539737957389
-1.609648264052036
-0.02411529434741371
-1.9429104079026729
-0.262012513027571
-2.026819140262281
-0.4959063198633784
-1.8975315454105537
-0.5064283687500322
-1.4686222970485687
-1.2445443944452563
-0.1983711429719295
-0.3999888605700941
-0.4930428541074765
-0.038420195597739494
-0.595908811975581
-0.1026927567298723
-1.7956874651523929
-0.03157587056274577
-2.164683646056801
-0.4049296231591143
-0.2216490509454161
-1.495780246371093
-0.2036566739064559
-0.9575827002990991
-1.6839284115250241
-0.7686749373096973
-1.001028537590173
-0.15762765091064715
-0.9568478925672631
-0.21168681935523992
-0.8639465906270071
-0.4008657884673588
-0.1634317746758825
-0.02765496337156037
-0.17758849134831203
-0.23184057003778308
-0.039176630263682455
-0.08492918801929451
-0.6140191563042916
-3.124955375213176
-1.6652194906600926
-0.724755303641723
-1.2411245318849353
-0.17721386174089276
-0.299360049931028
-0.20061742224388787
-0.7721267171603229
-0.6658093346921987
-0.3419800377468003
-0.29026374719105663
-0.8240835019353199
-0.30891147004654396
-0.9875668744402436
-0.32658559586031644
-0.5837977814539687
-0.37074118553341073
-1.1865500455941012
-0.5452556616867448
-0.057609458138510185
-0.0062399841990554705
-0.06462311743553073
-0.02313414472155273
-0.2567555850986941
-0.012496106326580048
-0.8466541374426252
-0.011819851235486567
-0.014214437758048669
-0.4066566999303177
-0.33927349060618056
-0.20461229861463473
-0.393926153387838
-0.3326667125984386
-0.17062806607251937
-0.2860450420654767
-1.133362221517018
-0.3619713449511134
-0.4705449512733442
-0.9256069404509617
-0.50362168192274
-0.4988898237061221
-0.09609744318877347
-0.08361283084377646
-0.11295762208513528
-0.20845048780558334
-0.23444587058810823
-0.41932208540607396
-0.560050960818656
-0.446110095906786
-0.5094465490934871
-0.644181744098847
-1.0032602228865624
-0.40107287315759793
-0.38270619041838927
-0.16804373145124574
-0.3032306811095623
-0.272848941962531
-0.33567983149051933
-0.11862997295934974
-0.16607858245204454
-0.6001678677372789
-0.34085630712748255
-0.16804826400542738
-0.2382080622666704
-0.06832301714493952
-1.2220310243816737
-0.04406229232172336
-0.7274963059453512
-0.1608467943627726
-0.5078452235964862
-0.01249847569852136
-0.3603879200489852
-0.40169143142505465
-0.4156447114817436
-0.009109297447139397
-0.485077291772216
-0.010467785294167697
-0.3956766147734925
-1.3355969952165403
-0.008905149588827044
-0.22552092379685615
-0.005904814577661455
-0.4713836638974317
-0.007331335567869246
-0.14976198972499333
-0.28321573642703396
-0.3527162087193574
-0.43650888185948133
-0.0818375583400796
-0.7721432184480364
-0.1891792280948721
-0.7017878968908917
-0.4469813354735379
-0.28971930824627634
-0.22723253301137447
-0.6160846792190569
-0.24154244067960376
-0.5541942942945752
-0.38294878378502517
-0.34884161917488266
-0.06637443591454131
-3.0204131603240967
-0.4796656814141502
-0.17856887587381998
-0.10076330326167711
-0.19085772990452132
-0.3681596286793675
-0.010477169594742009
-0.5249648715107469
-0.3612169533490404
-0.31067974130222026
-1.2883371143839863
-0.34774732613974874
-0.4259442900791483
-0.6470939621694225
-0.18930687404788063
-0.06869394150093437
-0.21201816121510303
-0.21889388636489254
-0.06594436904536376
-1.164532579090519
-0.4497492629727937
-1.1590929027167607
-0.005734148740884848
-0.191315229061543
-0.05133085907436907
-0.028445914400637977
-0.02061808598227799
-0.2405424018191411
-0.017494925763458014
-0.3378915576705468
-0.04278335068374872
-0.10872550243506238
-0.06918910704553127
-0.03689366066504994
-0.8088503620330811
-0.5102638038503452
-3.8905616588890553
-0.41565947338346054
-0.6448308423390825
-0.6171654626552936
-0.21481621423865566
-0.19596277796411427
-0.4205523142062096
-0.04222534113412419
-0.586717048616265
-0.22147212926650658
-0.3445824156492563
-0.49465304457035847
-0.46624923435861093
-0.1817632532517812
-0.4799095170160096
-0.2446883662328825
-0.5179587773481299
-0.3873737693237721
-0.3333979605744897
-1.7565066371927969
-0.1799360601706212
-1.1102447876141273
-0.7151059408442961
-0.43385166318512347
-0.007409150130115449
-0.5308583863048365
-0.6755520125231917
-0.08708802214823663
-0.38144409248178074
-0.010284049320034683
-0.4506002596099279
-1.5585543840037037
-0.11446042167954147
-0.7467449818267747
-0.4387199523745429
-0.1728741725958323
-0.4903455097685057
-0.6800940806808284
-0.19547252412561333
-0.28915590361346705
-1.278699127602522
-0.10080311181630464
-0.8423404309522504
-0.19533289455449176
-0.133098161875697
-1.0730151725691595
-1.3257701215157536
-0.34261111795706856
-0.4397237533528575
-0.26014368429876894
-0.4279060113348351
-0.679909498907768
-1.0969211250547752
-0.1090517278770575
-0.04798635365312538
-0.17827056572200076
-1.2963252109492411
-0.11503005373448943
-0.09540120993270497
-0.2954755484308862
-0.4465955222046887
-1.6947193564265035
-0.5456036974488491
-0.19037869202998814
-1.079053648829878
-0.20811033567200637
-0.21947796984755363
-0.3565379093096536
-0.14172704524645913
-0.05433627106915657
-0.32473419326447583
-0.38770389223589063
-0.29061976316932536
-0.31246600985061185
-0.5641979560775022
-0.25863183628773967
-0.16883507501333953
-0.8861933239052503
-0.00746390067251923
-0.27520700605236925
-1.293502677996811
-0.7232424257294952
-0.3894878004846925
-1.8489508283767946
-0.9418207358463214
-0.345678111854113
-0.0034643677477106394
-0.23061091355124186
-0.013661061273387532
-0.4530593262768687
-1.1530478502481856
-1.6619859764286957
-0.2690335927207646
-1.0049081281758845
-0.032426988807856105
-0.5879599560612405
-0.48934406096789945
-2.134482756257057
-0.7559810480656274
-0.7785099443518237
-0.696681548487201
-0.35168751606662146
-0.37624555576271984
-0.42119561559159663
-0.026570248284510205
-0.4563976269085338
-0.32113050982388813
-0.30827775192387774
-1.6100009445411463
-0.023389533889712766
-0.13892227095276094
-0.0059145495179109275
-0.17696165052103652
-0.02464413379493635
-0.0874639338302586
-0.6590183883870541
-0.017480909125879407
-0.8160795684508391
-0.015446123834165822
-0.5284958233518969
-0.13213940128877188
-0.46536375109644723
-0.009782356035429984
-0.34794722170796455
-0.1795285908783247
-0.007991461781784892
-0.3100702368336187
-0.009040856501087546
-0.043972954438934474
-0.009217072452884167
-0.25831878494759763
-0.013561898318585008
-0.16435798255528875
-0.01310662686591968
-0.30020329537356716
-0.37678369560608516
-0.3952512750907156
-0.4449283274874409
-0.6286462838831656
-0.4022212428972712
-0.41046545207682356
-0.2734342603769619
-0.5434656018430056
-0.3655434595213633
-0.03245922718451766
-0.3465077547252804
-0.30240065283724105
-0.2404349260032177
-0.2783519454641616
-0.17611103163386968
-0.07684418491745466
-0.06811383870744218
-0.31279089875219
-0.4431384063473987
-2.818681005233278
-0.31214472619831213
-0.26697527356592826
-0.30396233366354863
-0.6182899150337218
-0.07962716352621631
-0.03530349624797429
-0.4568956736777636
-0.20286735384698576
-0.35861914257098804
-0.7628471699878735
-0.37732009300452773
-0.5851568366588253
-0.5247713931446645
-0.14522873480194295
-0.8188111834126175
-0.7379990981379524
-0.21380189923547732
-0.14090532003677556
-0.3283151828057953
-0.15272680499545763
-0.6558133272919804
-0.41923082454366734
-0.7513767272951858
-0.22587420357873292
-0.7286771310697683
-0.23432828143859297
-0.814174073205019
-0.18943344013314345
-0.15395072751662633
-1.5937126365800698
-0.16598883103324624
-1.609855515183881
-0.5811662139635397
-0.3238674474549463
-0.27369702920668715
-0.18441098707731166
-0.28378365773119185
-0.05690437741577625
-0.5283826544244948
-0.05187926682553249
-0.1113738319138065
-0.8204764439302608
-0.3405590269390554
-0.15717597251062795
-0.006725226492562797
-0.23785763119485637
-0.006464490434154868
-0.5012499005217116
-0.0035837276955135167
-0.25423484673580105
-0.002097831486025825
-0.18680746040990925
-0.004596815560944378
-0.18282631083066253
-0.006375632976414636
-0.6128893393004091
-0.010906508949119598
-0.3837271977787596
-0.655938689930106
-0.23445981663632362
-0.2899520732955187
-0.11992626369790461
-0.04384019818317029
-0.23015391279415912
-0.35359822846255967
-0.22286677355873508
-0.6781576919022049
-0.14520634186854092
-0.10041035683935834
-0.36844403431643424
-0.32888871940923203
-1.4274625433220838
-0.004323130728153046
-0.4052763947499172
-0.009820295497775078
-0.3731274623769423
-0.015421954332850873
-0.4205578248332566
-0.11432305520691863
-0.0069496190117206424
-0.3078227084551344
-0.012647554627619684
-0.04505450003565867
-0.015462518378626555
-0.22485465242162306
-0.01831819280050695
-0.16826884100901487
-0.02282817821833305
-0.25012690279667993
-0.789927113987504
-1.399855020979885
-0.28368945941868634
-0.15782466865615183
-0.14476078867172268
-0.7605647912773748
-0.3338986179607921
-1.2392383076949045
-0.21492397063229873
-0.23995400323528057
-0.5023908453295007
-0.1410543410744746
-0.34696189255642323
-0.38438059021388377
-1.8506454654678237
-2.896281907601016
-2.115088641643524
-0.2234696787784612
-0.5784913190174847
-0.3400472011472212
-0.7868892297459146
-0.8017961043157041
-0.8637233043728674
-0.901852255391835
-0.9250996152225596
-0.29388595763763686
-0.8320970626893021
-0.03478053001163062
-1.817481020410007
-0.5433029104272334
-0.19486462004417077
-0.27321491909697215
-0.3648516637835871
-0.7389054308213028
-0.3561427051297548
-0.3508766477543001
-0.04483010275956379
-0.08659292532388463
-0.2598092555999756
-0.30279127567027897
-0.3554504101032381
-0.227057068959463
-0.22734271027288092
-0.5558679986533236
-0.21141671321356625
-0.12385081751407749
-0.7758453767593891
-0.4244025674754864
-1.5065188794064202
-0.1254479646356087
-2.9801860377192497
-0.025690832333313866
-0.2604072176292094
-0.15360502005393073
-0.35623197650190075
-0.5294455084583454
-0.3202042284880774
-0.3688422777062482
-1.9352937939111143
-0.0822913931786123
-0.3554458895394584
-0.4152562599674587
-0.15121576158562675
-0.20903970644667424
-0.10711865634023827
-0.19490412966316667
-0.3127778406506446
-0.09951893101560927
-0.2587205531947095
-0.40733065944990204
-0.07065011022787075
-0.3839656796499548
-0.31785284061043056
-0.45904863099206
-0.35162014928646385
-0.11310451463717376
-0.5603288476525601
-0.15336323121378623
-0.07122560663265176
-0.26952455646618256
-0.2527422438841313
-0.27374034568287725
-0.260758430161281
-0.058565493917558345
-0.4059461832711122
-0.2806898965375722
-0.16363151454925173
-0.290284476330271
-0.4400616838829592
-0.44056408030041894
-0.3521992866299115
-0.6092383655147083
-0.33075586450246935
-0.4119034574820641
-0.08583135810125289
-1.6298629801855318
-0.22553783655166626
-0.2603363175803679
-0.3552146105054135
-0.713447800517575
-0.3339972700239554
-0.6283959835169471
-0.37665129186087903
-0.9941158269927352
-0.2904905936655788
-1.7540710046887398
-0.3506082119626323
-0.1829069694136807
-0.35305334439948927
-0.28998839031706225
-0.40422481799590043
-0.036568631609247074
-0.2503527340472179
-0.13349435208236174
-0.1925373291424793
-0.0950893015928159
-0.20275287330150604
-0.149293291900832
-0.36477494113415515
-0.22516906210948945
-0.4413737223177093
-0.21548085719793258
-0.3820797231989828
-0.10445681633120785
-0.3860486230269695
-0.21759479099075013
-0.1116291047580565
-0.06116837786751906
-2.6270365913709006
-0.283254565687173
-0.29566080882589935
-0.17750274716938572
-0.8385537112813576
-0.10307526332326233
-0.07533892751927548
-0.14286544157041173
-0.017115909295360627
-0.07298051422306646
-0.17450577123741481
-0.17511218734168527
-0.319743874572065
-0.04792869979766173
-0.29394847242136685
-0.5512474816160456
-0.09860649070856198
-0.6155579624057523
-0.5669433178414086
-1.54889523725097
-0.9866282036527991
-0.08639270306402598
-0.4742908096523024
-0.04025813034059798
-0.656154806350969
-0.1302237044905309
-0.350696410867813
-0.05230193560547538
-0.6266768557902367
-0.35843860631058533
-0.3005017231095363
-0.8942968836536807
-0.3583453552258031
-0.5736963891733466
-0.31755270404914226
-0.1106104684586171
-0.38256670418195426
-0.17232137253343036
-0.19010142295769128
-0.038225958734074084
-0.26805403476963485
-0.49271966969071235
-0.15694253434362232
-0.0644890640135821
-0.6270157092455975
-0.17640456304053487
-0.2793812385948513
-0.5336140945717928
-0.23566284151555691
-0.04817395502141153
-0.2923061926961964
-0.12113826479276213
-0.1850639118268568
-0.09448603926769768
-0.20067157684579365
-0.3782394010009932
-0.4760664434313071
-1.0072232737438753
-0.7039157573509818
-0.1326356516073419
-0.23657448989840868
-1.0592195653857743
-0.35093660136324334
-0.622541990341233
-0.32600930891921315
-1.089257012750022
-0.37768715358813904
-1.7498921652634938
-0.21509444624643365
-1.194529954205791
-0.19738646156857684
-0.26703045710912515
-0.19012375252100355
-0.33663754283995995
-0.06623679556638049
-0.6028520330946776
-0.1759580920650478
-0.25920589267396
-0.36326032008151465
-0.03438843614262623
-0.18159447072048351
-0.2618459167090242
-0.4740423673640338
-0.033434915709267446
-0.5642360539933725
-0.44372086956213447
-0.38602842002149185
-0.47439523825660007
-0.2894701547733269
-0.021636649513311568
-1.168551106544328
-0.22263146402148778
-0.00747494722600095
-0.21612102713061176
-0.013865840388461947
-0.6578197792470842
-0.010867410339415073
-0.31816995131536413
-0.009867834101896733
-0.5180839991579498
-0.017904368229210377
-0.38793138834466845
-0.06112349952303038
-0.007750861987005919
-0.8073175635981897
-0.31870906614221894
-0.16108648000217726
-0.008280269038550614
-0.7224023509905757
-0.3597974584956521
-0.12190391249437792
-0.007750965281957178
-0.10602393194759922
-0.2816537617372352
-0.4980993729519756
-0.8717669380343978
-0.2930287093185353
-0.06677752994333527
-0.6990699358284473
-0.18389929517434211
-0.06903062202718502
-0.12356716919326903
-0.10216894638142549
-0.2312058707272219
-0.12454112398719985
-0.2906772431240163
-0.007967341449329979
-1.5202368898620382
-0.15233523935112317
-0.04635128893152582
-0.1974412093194486
-0.1004877872858151
-1.0319709543255158
-0.10411696499928287
-0.15635559361073348
-0.5891987217522304
-0.3418432555813524
-0.16067145735136223
-0.41619528842616443
-0.32247856461579333
-0.4519018205825515
-0.6395589591816458
-0.03698017577153223
-0.19661089756454414
-0.13241785713034915
-0.23072499505252336
-0.4898297751540465
-0.4953346989825756
-1.6660108903701516
-0.28786276611134637
-1.1493873903759364
-1.588868562553346
-0.17456618797716925
-0.15292327007231507
-0.2742896355660933
-0.534551883073113
-0.27319891473104385
-0.5267911715799714
-0.3045127103790894
-0.307404330225836
-0.9145977746865886
-0.18351113758507154
-0.2958967235831714
-0.23031295116258357
-0.3901703317849405
-0.30118977245634826
-0.29005021243979456
-0.11136960581363663
-0.08797980055478168
-0.2227070001996836
-1.0889534317663805
-0.3482752743254511
-0.16027001871099586
-0.7119101977380069
-0.047913998048047246
-0.09908987003265729
-0.022554273091373034
-0.07707027897160718
-0.4701882263796506
-0.6612777315366776
-1.500574617784618
-0.35840886711680686
-0.05345211335476891
-0.0710965904006116
-0.35829481620873016
-0.12233088950715683
-0.0893275019160986
-0.37262024092196955
-0.7107592401360827
-0.11947760733090988
-0.5088109131656893
-0.27498644351071094
-0.2199929245573003
-0.021974605275318027
-0.11772508333299986
-0.013523765315767378
-0.11321320468977723
-0.04472454357892275
-0.1334995134372796
-0.1649952517473897
-0.020543324761092663
-0.37649044509638424
-0.026876135263592005
-0.13757899694100184
-0.029756824718788266
-0.2657011716070805
-0.024699558620341122
-0.1443203413922179
-0.03188970196060836
-0.30274165129087294
-0.04005051159744583
-0.4428875981418969
-0.16718716441957643
-0.391624927507698
-0.08252627941131625
-0.2379943226404066
-0.48976384736792306
-0.5600488161025251
-0.3181390919983264
-0.8149809577613875
-0.32673927732721497
-0.13623665582975567
-0.6176759564032025
-0.8954902971985575
-0.044643322759990646
-0.18040042850035484
-0.5952993716303263
-0.3433258429479843
-0.36225014496594665
-0.5975006167735212
-0.6895290683463827
-0.5890396073022762
-0.1622942476486073
-0.5657306228450352
-0.35133557577113
-0.7014795711908542
-0.5591621315562634
-0.8683954872394679
-0.5404807693221301
-0.05514183469453061
-0.8070460270170191
-0.34496905346983997
-0.2896068844669344
-0.5336545865916728
-0.44817688381144377
-0.6896037623244613
-1.188893981836634
-0.11156996622612496
-0.16953289758021128
-2.277678730742385
-0.7261817997690742
-0.15624137840788738
-0.3414925495236813
-0.175802093020628
-0.29657967080233255
-0.1724357415256236
-0.2560126555883751
-0.19470460962425148
-0.6459871805476117
-0.3537352932671032
-0.498300647135693
-0.07426608471056777
-0.1205993665234101
-0.9762168841762104
-0.23235356952231404
-0.24240302254050525
-0.5404830777515599
-0.09039625193776481
-0.42732863051291825
-0.06751644294263315
-0.11546774127684868
-0.9843595765005375
-0.28568001860010855
-0.007863243750762194
-0.018976349880783044
-0.0032838931074365973
-0.3231370064891621
-0.0037920409813523293
-0.28071932523839915
-0.006221999472472817
-0.5007146288130158
-0.1985177689423247
-1.154482061143426
-0.8192473636500576
-0.008745007537072524
-0.3258631696209022
-0.004241026006639004
-0.8699294482341631
-0.004279948305338621
-0.5388050138792225
-0.006418255448807031
-0.5076018726213931
-0.004383878520457074
-0.05025063263287608
-0.0062865030486136675
-0.5969290719222045
-0.480688902184316
-0.7251209686011342
-0.32836446126296936
-1.6819963706996834
-0.0163952503062319
-0.3137511270925599
-0.3579303649112754
-0.25604065564898015
-0.19303722898176703
-0.3362234913562671
-0.3216111939009352
-0.4835663807875673
-0.3165277080624037
-0.2850477779186349
-0.02945956807161565
-0.39422681673505533
-0.5132578021605696
-0.5586039929450923
-0.9419044783854437
-0.05486367331631796
-0.11338679023391825
-0.1504996189290129
-0.6784722251072708
-0.6679332683596451
-0.9462306485860003
-0.14036676278345794
-0.16548692455837546
-0.2488227714464301
-0.23056720873912473
-0.1733220805632906
-0.2956709276582842
-0.01793394682478968
-0.41361910477754854
-0.165871328313915
-0.1608982478272891
-0.22718278347890597
-0.20283596677332258
-0.8390735731588089
-2.1754419803619385
-1.4201798613475047
-0.28992713961653344
-0.1485904589838659
-0.35546737558965186
-0.5365122351345067
-0.24668580340221524
-0.6010116318191323
-0.567960909920771
-0.7442570946758121
-0.04831533964742058
-0.5818749145919692
-0.014938858861569315
-0.020170624438351832
-0.008793829707428813
-0.7309191973556018
-0.01700837246607989
-0.1756434960419436
-0.0166082150535658
-0.15166048326581302
-0.027171513123903424
-0.7449904846577867
-0.26755442594961615
-0.01110120874363929
-0.3237930405617483
-0.5397182733922818
-0.34642746939204827
-0.29009574049319375
-0.2882292111172167
-0.01154913631035015
-0.1971196080931852
-0.47418667068416565
-0.5587546681292546
-0.6312650025903557
-0.02343283372465521
-0.03904814887634226
-0.008498466457240283
-0.6400896983795974
-0.02101768006104976
-0.2584884921477504
-0.24145277869405724
-0.010113195894518867
-0.027809865386767673
-0.07538334613767532
-0.015401289914734662
-0.21555206051789355
-0.08743823432582058
-0.33585263309433805
-0.33982152500881446
-0.27718302724779276
-0.528033036121323
-0.9739806323338164
-5.068124532699585
-0.20261070040859405
-0.5681969751731231
-0.2717527628416809
-0.18995429900782515
-0.6151918799531932
-0.10348487031594479
-0.21517666094587184
-0.08130385895007446
-0.3344619763471807
-0.059577398281544444
-0.5686363707675179
-0.7115976019252533
-0.4580853407141048
-0.2348604291362426
-0.9822689294815063
-2.435047055128962
-0.3667704871380819
-0.45748120696767813
-0.4976429765602531
-0.32537228271498214
-3.5985498428344727
-0.24372473074754453
-0.70629865200103
-0.2509483718044976
-1.746545259980485
-2.7155453611824973
-0.16455283078051397
-0.1665657594685399
-3.3112792996689677
-0.28428036826461234
-0.41869593214648504
-1.6033806380447848
-0.7762090569704642
-0.20989822109014414
-0.3305322641850601
-0.07813608583751375
-0.09906527487037238
-0.09836440885926724
-0.09036430249508297
-0.40148978429485094
-0.025485301952433776
-0.27278940592950673
-0.23497344466059902
-0.3429167695910138
-0.36411248891236025
-0.37890898600934714
-0.03420536319500419
-0.7796285712746188
-0.18665326354385828
-0.1359038536514466
-0.0230106744566001
-0.3477305298831652
-0.2936862674647013
-0.016753864474594593
-0.29938911248609656
-0.5355453345481591
-0.6399835345860733
-0.33351139141650493
-0.4429718854576311
-0.011167736141942441
-0.24392877388378875
-0.5188086750443128
-0.6043872333212301
-0.6498939866244525
-0.009953856759238988
-0.04052851512725889
-0.6666495084760494
-0.5962005775334345
-0.2668513194001421
-0.010584831616142765
-0.024068601377042465
-0.1651213182189167
-0.00884101289557293
-0.2305752226185667
-0.4927790380315855
-0.5999031658325943
-0.7415072342323996
-0.6841135701070016
-0.18872119086815695
-0.5819736030258961
-1.1507543171901489
-0.6196221245349186
-1.0372869492974133
-0.1364409470628137
-0.33760171923519616
-0.4711553137960757
-0.1302817145048774
-0.7884477416477187
-0.899832767097037
-0.9707824237910765
-0.29667256786859236
-0.9593230930927997
-0.7216718897303104
-0.47498225915151127
-0.31517817707760165
-0.012117933481931686
-0.6283558079427574
-0.3280032456797712
-0.1491820449622628
-0.2562320438249672
-0.32605828320083674
-0.3690646136260227
-0.02560965554555748
-0.01726106248333963
-0.4543872991427073
-0.4342951042974619
-1.4746120842561747
-2.413930231946454
-0.3040612620113909
-0.5757795282792918
-0.3913683369616466
-0.3973907258420392
-0.21135259039365337
-0.18619445222764847
-0.022518819614560925
-0.1776045405554214
-0.20866105110071834
-0.6423987496314112
-0.14592091395408918
-0.33136662225890423
-0.2676728908055728
-0.7864673880663199
-0.33180405735074603
-2.0005836486816406
-0.35849679339330787
-0.21573228358288815
-0.011872906630742364
-0.031065544550074264
-0.01116861600894481
-0.020647805128828623
-0.007812734693288803
-0.19320646783755904
-0.010315279825590551
-0.5151197459312243
-0.011707067722454667
-0.10606629605602146
-0.005003865226171911
-0.5366825370333572
-0.9936384614245526
-0.7030200302914535
-0.5507976735595245
-0.962234603970622
-0.38484863712462286
-0.35526176709906093
-0.42378735912708715
-0.2639881017857988
-0.3486125525033198
-0.30583723248855677
-0.36386642026132904
-0.2981036057347713
-1.203902055735692
-0.18360972683808185
-0.1719942587158188
-0.6625377491031941
-0.1850791419281753
-0.22535540473098337
-0.5533110959950136
-0.336990514284542
-0.1593627622450395
-0.2910223643838045
-0.4900690514729396
-0.4901196311405199
-0.28376564390237036
-0.2727870275913778
-0.5965253185464202
-0.031224336319128805
-0.2108456429632497
-0.259512491180188
-0.22157431493976024
-0.1360524297720794
-0.02182170132651021
-0.23638839104937404
-0.3185120775483483
-0.11863698188022277
-0.29800625425751176
-0.2026045857958487
-0.3389932000429326
-0.4854030335166802
-0.2407875904745462
-0.2348545345079642
-0.45831343185257406
-0.3228784513129914
-0.31584932622731304
-0.7837206934476557
-0.46065943757260336
-0.21189497859656536
-0.5555693972398125
-0.9079601405684072
-0.08989648597880659
-0.33868809178517784
-1.7133975595546265
-0.07217804289474669
-0.24255173901530305
-1.0549311630119336
-0.32968494444152646
-0.009707952427561395
-0.7751016193215037
-0.013238202373031527
-0.021359708804993716
-0.00958794413600117
-0.17453130921249896
-0.007106724544428289
-0.9693954639669056
-0.006879530614241958
-0.1085764307296875
-0.00522684067254886
-1.234802852513288
-0.24847420257162373
-0.07502019346919243
-0.21934958970768292
-0.41180899804541177
-0.33144441106262756
-0.04490372292106518
-0.30217425787018976
-0.13643339563825788
-0.7460348625965187
-0.37181551833215815
-0.4036828095380705
-0.0841760182616285
-0.34232330218690227
-0.29431398766810163
-0.1620092461899579
-0.21305115597309243
-0.2622619952253567
-0.016687007009750232
-0.24556300168175463
-0.005557001510169357
-0.6696488049263424
-0.009924611309543252
-0.3050286122879192
-0.014055279782041907
-0.5798941208465423
-0.42497511092282153
-0.29551793051060876
-0.5915482104125308
-0.029395281332108426
-0.9643225392225888
-0.6054590670692657
-0.2975395724752161
-0.6701967140903174
-0.24293503731843064
-0.5426531032541854
-0.11565390879915564
-0.6962393147893992
-0.14860402133591868
-0.628109254820932
-0.19537704645876253
-0.14756151207257062
-0.4665992466409741
-0.20178636074875714
-0.32099692832868887
-0.06809194593715175
-0.32872924253873254
-0.4576645612911017
-0.7676969951432966
-0.34689584616523156
-0.2384725995061347
-0.06151790188656984
-0.42587791894805876
-0.5067091794809433
-0.48613814961020885
-0.12896903767250478
-0.06880346157744167
-0.7631134364751233
-0.3581314294722688
-0.23545856132808954
-0.544020859473676
-0.023387354343867628
-0.44791422148022497
-0.6858122797911468
-0.4046285686137708
-0.27216757515946355
-0.4898516036865685
-0.11628798930244627
-1.4705225212204216
-0.19288569393938815
-0.6940602852781821
-0.5816375757526008
-0.5761713854777294
-0.4660927209042711
-0.4331347168881621
-1.2890675394290025
-0.6337190398625252
-0.8773696635154238
-0.5169501159542937
-0.4308460238611992
-0.5455587618484724
-0.20900819617381786
-0.2730173703798682
-0.1500553551514814
-0.7375369196575279
-0.17408989605842684
-0.3627030981427362
-0.5895335746667675
-0.35012863739017114
-0.16368001538074037
-0.011755031533539295
-0.23565938708441472
-0.007303410267923027
-0.3674629073549916
-0.03896112216170877
-0.3504057974544897
-0.036032859643455595
-0.28218538285322525
-0.27756837371525517
-0.3812912818663487
-0.2877310436612085
-0.08614284463663223
-0.01160524264560081
-0.2743471654961907
-0.006658227735897526
-0.385183710747689
-0.005101002345327288
-0.37675638359375324
-0.010839365655556321
-0.29200190125060216
-0.019032904399662383
-0.5228718735577786
-0.45236932882332137
-0.13237628824572312
-0.3227462978550614
-1.1533230975003854
-0.6593400758091684
-1.0860737354185404
-1.6429863415533974
-0.15412103395020596
-0.1542292290488755
-0.818992397786298
-0.292712744221779
-0.7905583961757936
-0.19342187398556038
-0.12105375277360508
-0.26437502444808136
-0.009848386616795324
-0.22496758180083512
-0.002788642013911158
-0.7066432291642406
-0.005760201718658209
-0.30885511181875497
-0.0025476592127233744
-0.311108387375134
-0.0038050030125305057
-0.7086853685048647
-0.004079391103005037
-0.5723574141578865
-0.22513882013243766
-0.30023644755209306
-0.011559927748749033
-0.1236238650138451
-0.002960082361823879
-0.6280531664361589
-0.004631187650375068
-0.22644611271077034
-0.004010476463008672
-0.43347929530136753
-0.005556890391744673
-0.30790033380299064
-0.05822013579054678
-0.01833983461256139
-0.7143894059975082
-0.6042979940733062
-0.5445801894375315
-0.2713881799955142
-0.4150790860110402
-0.3518459273639345
-0.7291485193200887
-0.16313168332241426
-0.585497285743172
-2.131251259902557
-0.15590205565296048
-0.33876961246384824
-0.03878488253719427
-0.29671933152608937
-0.20899028301919315
-0.017021623973443475
-0.043973255100354436
-0.261272442546951
-0.5987455631586035
-0.18685311245116054
-0.27724762521514396
-0.05312171978821425
-0.22550403705835187
-0.31483096894154483
-0.012005764269664118
-0.728961233985776
-0.183861217473653
-0.12906896008735202
-0.2597308889155556
-0.18868769584445116
-0.07521749874725477
-0.5245084813931975
-0.12003979766116875
-0.3849220742234239
-0.23424060965150298
-0.6003272661528172
-0.31796969599727837
-0.16459505259990692
-0.011931947025004774
-0.23691068107594523
-0.010942808585241437
-0.6173423540082311
-0.013380457763560116
-0.28737128281141444
-0.02077369682956487
-0.32243296005690353
-0.010902531968895346
-0.5278815665637508
-0.010080496460432187
-0.7026746255334728
-0.6123899729859309
-0.15865610729567567
-0.15135762877075365
-0.06746005183085657
-0.1664472268727195
-0.23814822717175535
-0.16600155016577547
-0.329483211672637
-0.16331711853698444
-0.34673828308392934
-0.4740693570998549
-0.23184119856450708
-0.809445432847662
-0.1651509804314525
-0.3952050037144017
-0.10412602564758408
-0.11847190457532027
-0.14851538541206538
-0.3860451523429447
-0.029478168817188687
-0.1480886304847445
-0.17269925083746784
-0.09385768467587628
-0.4372188814929056
-0.3224604381107383
-0.03833505176675424
-0.11590565366870058
-0.23427714348722742
-0.48164600026721016
-0.26471720322626535
-0.2357968461001292
-0.019905576897144783
-0.16294316529820208
-0.033876960525958566
-0.7673823686644836
-0.1226789797780441
-0.2896350438907219
-1.3294098866149615
-0.30368707770647135
-0.6479909623811864
-0.6829978721470198
-0.12742595149600297
-0.033627645163505804
-0.011471823365809541
-0.6281300160938069
-0.19678831765690083
-0.30926458929596784
-0.35204936995064445
-0.3445850196537939
-0.751824910621508
-0.04802226709201326
-0.04304072393642855
-0.21331911637958
-0.2141797334824029
-0.6353519765089722
-0.02384435711428523
-0.16812429515402982
-0.16895252401272956
-0.5721472899000218
-0.31471319295233113
-0.873533259790242
-0.24843308803004524
-0.5251309204732851
-0.5489142238162458
-0.27458661926721106
-0.36193733131845973
-0.3581666002080835
-0.18540489870254837
-0.5418379294617637
-0.0475212495890446
-0.38584294143373354
-0.3067156653930645
-0.6030628736835852
-0.3839309442170444
-0.3987737052911095
-0.2693746509608793
-0.6929561250828555
-0.9731428524619332
-0.7520232679245444
-0.6532115979623215
-0.7489883230927725
-1.0958016472868621
-1.2206491471937624
-0.6460079441185371
-0.2653128580516447
-0.462164224893786
-0.44355337147972024
-1.0421634594342322
-0.5285836927630752
-3.2860088625340724
-0.08762571102821919
-0.060492557867595075
-1.689220693127936
-0.1695527800256123
-0.5331630651450653
-4.104489324614406
-0.350812295579388
-0.7938080990957133
-0.0183087249104877
-0.09570458471811046
-0.06094632804130621
-0.3471958905237926
-0.49185805050310594
-0.3487798756337952
-0.8935805614394212
-0.6084704034318402
-0.11821768771435998
-0.6556618639074977
-0.3465372757742774
-0.1499718512762911
-0.19814496737817536
-0.4831094917395134
-0.8299560228193942
-0.09634353099407486
-0.15746837396911265
-0.305551119570165
-0.2999463336063127
-0.11802954525923799
-0.16532120146179555
-0.09205840199080058
-1.1445295209704065
-0.1965010768249876
-0.15697995806305484
-0.20943490970684026
-0.5172383927268432
-0.2905964343089646
-0.764248693401934
-0.13001070769331075
-0.14150384374012598
-0.2405778887065632
-0.289420943576431
-0.35013522717857387
-0.35556486529603715
-0.5598549278435504
-0.021178071911973264
-0.6710788585258021
-0.018844843106914293
-0.025818534329118847
-0.5594254687245914
-0.6457760925274366
-0.6375693276849133
-0.4102465101078715
-2.169942326960154
-0.3422661748709514
-0.6335077975527383
-0.2626446155127502
-0.3064628504007487
-0.512987716886831
-0.10161265342190973
-0.7183428355785272
-0.05854707010948914
-0.07274609717504063
-0.7552479552052872
-0.19686078433983312
-0.2940943100319752
-0.2376201073001775
-0.10465221535851015
-0.1513779128647002
-0.1372576056761318
-0.41967672900007247
-0.11693939571567422
-0.25746563313891135
-0.21472277382897825
-0.48056795951224385
-0.23427496778972187
-0.3346753835342367
-0.12900053496317318
-0.06996812299689736
-0.0912973290107099
-0.03129427540772581
-0.44342570110137997
-0.8397738027630718
-0.06915921321524365
-0.5614703628052666
-0.18076264286924015
-0.3556623234011038
-0.8164036201747962
-3.796159601510832
-0.04519588224075051
-0.9315659002457627
-0.241149262864356
-1.4667533487081528
-0.31193169600346665
-0.3371044382532394
-0.14675540023017675
-0.5320810965254673
-0.043802312316128175
-0.33767365672737587
-0.048599897359963506
-0.011798645912597295
-0.2709704585150201
-0.174702866941819
-0.5754788688679712
-0.5842776250142884
-0.5074739430229884
-0.10436502636325073
-0.2253103125680934
-0.1598659845185466
-0.1560171810677275
-0.32190102689050154
-0.021265643918013666
-0.008107552995579682
-0.2887083123504828
-0.21168142300628764
-0.5869584127744712
-0.6831805341213971
-0.5295406609239863
-0.09720644806721346
-0.20666413986145926
-0.12795104407731825
-0.25763894925913583
-0.15824917228746926
-0.2523414703317839
-0.11927868996281177
-0.29407283813361573
-0.3021234696922572
-0.1526431274778588
-0.2168622295454731
-0.005748214636696503
-0.23870021235294794
-0.010934611316770315
-0.6999388883754795
-0.014733250252902508
-0.312073668561071
-0.004404778708703816
-0.35439260258572175
-0.006200813688337803
-0.6609511366500969
-0.005342776072211564
-0.5610553667615022
-0.4040336268445546
-0.165337977974256
-1.0634950643760883
-0.2600552989790117
-0.7219872441224092
-0.3411476177740572
-0.007744933333015069
-0.11468222050461918
-0.0036713050794787705
-0.6226973078816483
-0.005811456881929189
-0.18688799010725335
-0.005390624166466296
-0.4298206668837728
-0.006650024384725839
-0.41032001926282646
-0.046388882580310146
-0.0038594145444221795
-0.8873271576785555
-0.352864180840222
-0.9625772177313593
-0.49959093350514294
-2.0488694971252697
-0.7285516841981613
-1.2332720378908562
-1.0270626814731258
-0.14232499504448373
-0.2265796543718446
-0.22177932406339096
-0.15808264350489482
-0.11558428719786207
-0.6031918144602363
-0.517842359575441
-0.11887757029398927
-0.6437742801746416
-0.34801333956721253
-0.3100213972043093
-0.4892566212396442
-0.26741968554855094
-0.31028977643899663
-0.2158455146797808
-0.8321396495060375
-0.19139915377709257
-0.4569922921637044
-0.6574940588125173
-0.34462670331097045
-0.36540072789794065
-0.9573858586780262
-0.4615219157531101
-0.22893462056326824
-0.06041613476040766
-0.34329457647665795
-0.19461183569948096
-0.3773155133499131
-0.6583101482144417
-0.8887724776734831
-0.10017160043753393
-0.3076142404184389
-0.07690972932323348
-0.1715982822951685
-0.8696598120132666
-2.653285235319345
-0.9175102162989788
-0.1784530598783426
-0.2846009384518931
-0.09503730560651281
-0.323615810199295
-0.0866543764641392
-0.011900301615241915
-0.46681330857642966
-0.02409279253333807
-0.17522398939720352
-0.02299655694514513
-0.28170061667465646
-0.06992903735797219
-0.37122346694875374
-0.17258537980447167
-0.042022595094749704
-0.39723640000942395
-0.01460717641748488
-0.1540416362285084
-0.4454791822034412
-0.22717212257692368
-0.43941075149632525
-0.041320374063707276
-0.5781775998438289
-0.015020307619124651
-0.48424678595401927
-0.009736710344441235
-0.2653758745207142
-0.2409842899004957
-0.01912783971056342
-0.16274781937600563
-0.019242440932430327
-0.31760215928989055
-0.014530237578063472
-0.01443335646763444
-0.21830278233196623
-0.01627169828861952
-0.8571535122755449
-0.02423047344200313
-0.43786034434878124
-0.02862314903177321
-0.4479463825787596
-0.028192254258802524
-1.8977952596912928
-0.23814547047004453
-0.09365960097209991
-2.1568158038291068
-0.16427621278196763
-0.3697368090718514
-0.10059342070928778
-0.0892411266567592
-0.12012896977739729
-0.19251272934134467
-0.514493265388915
-0.2607050458140842
-0.5081259166423372
-0.43476214916586287
-0.981258377504644
-0.36766521597781965
-0.08282858429765838
-0.32900116504182125
-0.5059232745552436
-0.04682268109819335
-0.12473573705642593
-0.029268249108281453
-0.011539019295014441
-0.579116331127547
-0.5629700395114593
-0.0422748374985531
-0.3375671138306974
-0.017114479676820338
-0.3279876281536417
-1.7290643088830013
-0.16189203709363936
-0.09389267095588139
-0.4750500026642928
-0.46070374070222897
-0.19841494042551253
-0.20957482382226245
-0.23903389458041602
-0.18288514440035897
-0.4015822823391015
-0.32300906768018145
-0.3093921973944968
-0.28053012538517424
-0.6759524261342449
-0.3626367884359449
-0.2011947922753909
-0.27131245074051547
-0.9582324115908705
-0.6358458394630778
-0.2510636507425053
-0.4545156475270778
-0.15675410576503573
-0.28965219956348043
-0.233996926698132
-0.19924573252742728
-0.3643245175820387
-0.6293089587270515
-0.33789553306983044
-0.3156696370060672
-0.6315775994263882
-0.19909513161492215
-0.13229386911008917
-0.586785798822017
-0.6899911548631886
-0.1319394246936662
-0.4041189119234332
-0.608246708854343
-0.29538575954306906
-0.08419989975740148
-0.6150556149848811
-0.9707544182957203
-0.1834336586540648
-0.5590219355357793
-0.4572481588899212
-0.6339422311443328
-0.6590979751345003
-0.36467439222360554
-0.46456741354956216
-0.39891598074947154
-0.592626465041905
-0.2831423944589915
-0.8507822983910955
-0.4241459826527197
-0.6405716075565174
-0.18149111298553916
-0.6653661612363067
-0.06459604966546197
-0.29196334899055587
-0.11519015362573555
-0.5500207817246974
-0.35465252637222877
-0.23728136975470684
-0.5129707111888516
-0.21840203291727717
-0.4131555510300062
-0.3344095275834483
-0.6886788673358849
-0.23101846692625827
-0.5143083489610945
-0.33470526244877874
-0.7249212267778148
-0.3332588369395445
-0.4550588433968288
-0.4216772571590949
-0.2414999661523325
-0.728929992675985
-0.5286722368958294
-0.2461745649401564
-0.14061381430545464
-1.0637131151997892
-0.35096886772951164
-0.018394202530544135
-0.541973444160476
-0.7535256633434984
-0.5568185700955967
-0.6130252830237927
-0.33346994052552953
-0.19913174514204002
-0.16623987761977332
-0.3704356982873378
-0.3735419643137654
-0.6646085252522469
-0.6114161842502653
-1.0274911620056504
-0.42432329663695
-0.6070014973151266
-0.5848709444704582
-1.360638745361939
-0.31807094736101743
-0.29261239498130936
-0.7529380990931833
-0.33691231039913166
-1.50833632056856
-0.2858825358777941
-0.6708898732821191
-0.2463680021761748
-0.2737389078735278
-0.9718079968200376
-0.11609368868161189
-0.44674810214616756
-1.3896160530915949
-0.5405457446626191
-0.5742238983805835
-0.29650498523066443
-1.1452955193829308
-0.17067168700264235
-0.22515825930628733
-0.1420755614344671
-0.2618197190920533
-0.13141585920787044
-0.10335549555182094
-0.9350095050045686
-0.28427152484520474
-0.3797993441854487
-0.542839139131419
-0.7275166744781018
-1.7977997006680329
-0.9373483885455062
-1.3250073552092847
-0.7297213660064396
-0.621962395351667
-0.29146651773286675
-0.1309070887558846
-0.22298957657009547
-0.13373674619870143
-1.067743921769761
-0.47405420257018704
-0.49264665471660657
-0.5213224391760983
-0.69718923236812
-0.41108044137510863
-0.5518799650692797
-0.3736161286653896
-0.06582189843605263
-1.0025895462213157
-0.33237933262226405
-0.3415668970207518
-0.7698569324520577
-0.18904234963963826
-0.22167125163860468
-0.3140482236852387
-0.21310695022839354
-0.16184255415464577
-0.6869326582163922
-0.26144450920103324
-0.34796409637484055
-0.19031083230351717
-0.30318575652487806
