-4.248927593231201
-6.1237359046936035
-3.368131160736084
-3.4382987022399902
-2.835357189178467
-15.705477714538574
-3.53698992729187
-0.9899975657463074
-0.8761705160140991
-8.697509765625
-3.528942584991455
-1.5963079929351807
-3.8562629222869873
-3.736483573913574
-5.395698547363281
-5.001672744750977
-1.4271711111068726
-1.500154733657837
-2.1193814277648926
-4.944050312042236
-6.985311985015869
-3.9375438690185547
-0.06051735579967499
-9.781736373901367
-1.8863072395324707
-3.742290496826172
-5.973468780517578
-3.1504368782043457
-1.6198253631591797
-5.406481742858887
-2.5788192749023438
-10.345521926879883
-3.9845547676086426
-2.6939048767089844
-6.194373607635498
-4.569979667663574
-1.2616280317306519
-11.674349784851074
-6.771230220794678
-2.7401785850524902
-2.3853561878204346
-0.9812948107719421
-3.323474645614624
-2.2220873832702637
-2.16731333732605
-0.9565616846084595
-0.8277011513710022
-9.07314395904541
-3.6416163444519043
-8.588545799255371
-1.8369898796081543
-0.4054724872112274
-8.79192066192627
-8.666036605834961
-14.519242286682129
-1.7188845872879028
-2.9591283798217773
-4.48521614074707
-3.2158000469207764
-1.5313973426818848
-5.755571365356445
-9.246548652648926
-3.728034496307373
-3.7701456546783447
-2.196536064147949
-3.946784257888794
-2.3246030807495117
-8.819273948669434
-3.536799192428589
-2.990957021713257
-6.59856653213501
-2.097965955734253
-3.682859182357788
-7.8171305656433105
-16.660297393798828
-0.6558887362480164
-0.013631001114845276
-0.2536569833755493
-0.3932197391986847
-8.41972541809082
-2.1807124614715576
-12.402812957763672
-0.1556743085384369
-0.09878268837928772
-0.044175852090120316
-0.5584830045700073
-0.37912625074386597
-0.4411852955818176
-8.816902160644531
-0.051709771156311035
-1.0639526844024658
-0.48877182602882385
-0.8381856679916382
-4.519598007202148
-3.568237066268921
-9.050481796264648
-8.389416694641113
-8.545831680297852
-2.1602044105529785
-8.041828155517578
-3.549136161804199
-3.2860805988311768
-4.767260551452637
-3.446436882019043
-1.9295488595962524
-3.272120952606201
-2.2900497913360596
-3.0083296298980713
-0.44048669934272766
-4.038567543029785
-1.0585092306137085
-5.1737260818481445
-1.3734537363052368
-0.798014223575592
-5.844943046569824
-9.40955924987793
-2.0189402103424072
-1.4295581579208374
-3.509324312210083
-4.77446985244751
-9.602691650390625
-1.518996238708496
-4.334981918334961
-3.921553134918213
-8.202319145202637
-3.266599416732788
-5.3811116218566895
-6.350439071655273
-7.201165199279785
-5.775625228881836
-0.01772714965045452
-8.154886245727539
-5.563037395477295
-2.579847812652588
-0.7313259840011597
-6.450547695159912
-7.134490966796875
-5.43131160736084
-7.370930194854736
-2.6242103576660156
-2.536630153656006
-14.230865478515625
-7.085177421569824
-7.899888515472412
-3.9638288021087646
-4.278847694396973
-6.787578582763672
-2.8863139152526855
-2.6183390617370605
-3.4211554527282715
-4.0714874267578125
-0.13743609189987183
-5.097413063049316
-7.879795074462891
-2.9251036643981934
-4.3442702293396
-2.027501344680786
-3.5006675720214844
-10.87831974029541
-3.880927801132202
-3.535428047180176
-5.3174052238464355
-2.5046515464782715
-3.057196855545044
-0.4199379086494446
-1.5645270347595215
-7.48142147064209
-3.0450966358184814
-2.1325104236602783
-2.977586269378662
-1.2576730251312256
-5.553201675415039
-6.429849147796631
-0.03348196670413017
-5.6444501876831055
-6.003040313720703
-5.944990634918213
-6.332486152648926
-3.198824405670166
-3.744910478591919
-4.124134540557861
-2.031904935836792
-9.39997673034668
-2.4556009769439697
-2.7794597148895264
-4.587909698486328
-3.304490089416504
-2.9796788692474365
-2.9551773071289062
-7.243752479553223
-4.712235450744629
-14.165905952453613
-6.312433242797852
-9.583127975463867
-7.695416450500488
-10.76712417602539
-11.840726852416992
-0.2275611162185669
-7.842932224273682
-9.502333641052246
-1.8560792207717896
-2.954094171524048
-2.6256256103515625
-2.6159791946411133
-3.3202080726623535
-4.17370080947876
-3.417288303375244
-2.127777338027954
-2.158026933670044
-2.5634751319885254
-4.434244632720947
-2.1605632305145264
-2.121079444885254
-3.652832508087158
-6.293048858642578
-5.541450500488281
-2.835386276245117
-7.359736442565918
-2.975076913833618
-2.184451103210449
-1.3662151098251343
-4.797963619232178
-0.9387223124504089
-7.022969722747803
-11.487757682800293
-0.8721743822097778
-0.9860212206840515
-5.787858963012695
-9.030611038208008
-4.420291900634766
-2.6917970180511475
-6.046570777893066
-2.819108009338379
-4.157746315002441
-4.560863971710205
-5.550714015960693
-2.605563163757324
-4.688410758972168
-2.5994982719421387
-6.872605800628662
-4.201848983764648
-3.338012456893921
-2.3118863105773926
-0.9707075357437134
-5.9033522605896
-5.462765693664551
-5.042501926422119
-11.633136749267578
-7.311218738555908
-0.9023494720458984
-3.7403488159179688
-1.630382776260376
-5.30997371673584
-5.300825595855713
-5.301591873168945
-1.8864519596099854
-4.356377601623535
-10.497739791870117
-11.231019973754883
-3.0374653339385986
-1.511009931564331
-3.5010106563568115
-10.11365795135498
-4.097105979919434
-9.422662734985352
-4.133106708526611
-0.07602374255657196
-3.0943713188171387
-0.5338626503944397
-6.0555338859558105
-2.718999147415161
-2.3198423385620117
-4.952971458435059
-2.0523056983947754
-4.5839152336120605
-3.1582562923431396
-3.3121755123138428
-1.2853660583496094
-2.316861391067505
-4.9495015144348145
-3.995814800262451
-3.697697162628174
-8.254314422607422
-2.261817216873169
-3.26896333694458
-4.703901767730713
-5.828599452972412
-4.306081771850586
-5.686860084533691
-6.731081008911133
-5.364027500152588
-4.4300336837768555
-4.809678077697754
-2.3507883548736572
-3.6663107872009277
-6.969555377960205
-2.9025275707244873
-2.009739875793457
-3.185359477996826
-6.778997421264648
-4.815697193145752
-0.3040017783641815
-6.298981189727783
-2.7048840522766113
-0.5569838881492615
-2.6338040828704834
-9.138339042663574
-2.568485736846924
-3.0881922245025635
-2.633636951446533
-3.61628794670105
-4.229339599609375
-1.7284672260284424
-3.9816067218780518
-2.8430659770965576
-1.585811972618103
-6.548408031463623
-2.3516998291015625
-2.662297487258911
-7.299066066741943
-2.0444672107696533
-3.4478981494903564
-2.6111366748809814
-5.207984447479248
-8.49029541015625
-2.172189474105835
-2.5673038959503174
-1.8491086959838867
-1.4528181552886963
-1.6780179738998413
-3.6831231117248535
-5.150132656097412
-9.23008918762207
-5.055093765258789
-2.543661117553711
-3.8311567306518555
-4.578884124755859
-2.3247973918914795
-2.9768519401550293
-0.21223613619804382
-9.66501522064209
-2.027886152267456
-2.6652722358703613
-4.369385242462158
-1.7317273616790771
-3.729466438293457
-5.854351043701172
-2.45188045501709
-7.771450519561768
-5.181285858154297
-0.9885008335113525
-0.745432436466217
-8.862936019897461
-5.364116191864014
-9.904006958007812
-10.180216789245605
-3.2702219486236572
-7.415090560913086
-5.944919109344482
-0.17221027612686157
-7.262320041656494
-2.7138257026672363
-2.1569464206695557
-0.45376700162887573
-6.327901363372803
-0.6263872385025024
-7.168749809265137
-2.59493088722229
-1.3875139951705933
-4.079429626464844
-0.8354510068893433
-0.9697121977806091
-4.5252203941345215
-2.929748058319092
-2.285323143005371
-3.5609073638916016
-1.8444551229476929
-0.0034718969836831093
-2.981814384460449
-1.1837313175201416
-2.144465923309326
-3.7725470066070557
-0.026992833241820335
-6.228547096252441
-6.33333158493042
-8.636886596679688
-11.87607192993164
-2.206310987472534
-4.500443458557129
-5.28819465637207
-6.3153815269470215
-4.23444128036499
-5.060084342956543
-7.9847517013549805
-1.8125479221343994
-1.641822338104248
-1.441064715385437
-3.7607898712158203
-0.8084063529968262
-3.6141321659088135
-3.1232869625091553
-3.0387251377105713
-0.9325991272926331
-0.8535038232803345
-9.105979919433594
-4.204627513885498
-1.3552899360656738
-3.8140084743499756
-2.29538631439209
-3.065629720687866
-5.4427666664123535
-2.8455312252044678
-2.962972402572632
-8.032753944396973
-1.6742970943450928
-7.962669849395752
-3.4683761596679688
-6.125377655029297
-0.632253110408783
-0.7884228229522705
-1.598278284072876
-4.549319267272949
-2.7021093368530273
-2.2962851524353027
-3.70184326171875
-4.1697001457214355
-7.199936866760254
-2.7838714122772217
-4.266036033630371
-0.6792466044425964
-3.5403366088867188
-1.7230210304260254
-1.9891293048858643
-3.2452597618103027
-2.6094348430633545
-6.247913360595703
-1.8958420753479004
-5.607795715332031
-0.9657890796661377
-7.521093368530273
-2.5377862453460693
-2.4560394287109375
-6.765289306640625
-5.921702861785889
-1.1744717359542847
-4.704402446746826
-4.421545028686523
-2.399366855621338
-4.669463157653809
-5.740270614624023
-5.238370895385742
-5.767716884613037
-11.510695457458496
-7.417978286743164
-1.1612409353256226
-2.551030158996582
-0.7516016960144043
-2.8593478202819824
-1.4765208959579468
-1.5615215301513672
-1.621664047241211
-4.40405797958374
-3.585711717605591
-3.136451244354248
-2.8575923442840576
-1.4067668914794922
-3.607247829437256
-3.971710443496704
-3.711434841156006
-1.6232178211212158
-2.8573598861694336
-6.5640130043029785
-9.443775177001953
-2.3995885848999023
-2.941790819168091
-1.517967700958252
-2.690950870513916
-2.245025157928467
-1.356162428855896
-4.417996883392334
-1.569657802581787
-4.943633079528809
-4.430874347686768
-7.887680530548096
-1.7559294700622559
-3.0856759548187256
-7.345277786254883
-3.4337236881256104
-0.8198568820953369
-0.7850604057312012
-2.945129632949829
-3.486821413040161
-2.790040969848633
-7.042215347290039
-7.8742804527282715
-3.237394332885742
-3.1058499813079834
-3.291597366333008
-3.635601758956909
-2.1315269470214844
-3.8511672019958496
-2.602566719055176
-1.754548192024231
-0.6589850783348083
-3.0054333209991455
-2.1090264320373535
-4.235743522644043
-6.804150581359863
-2.985044002532959
-2.0133564472198486
-2.8987298011779785
-1.858776330947876
-2.580704927444458
-8.4403715133667
-2.921372413635254
-4.3099846839904785
-2.737898588180542
-7.867186546325684
-2.3798272609710693
-4.527669429779053
-1.9346368312835693
-2.4222567081451416
-1.8443526029586792
-2.790864944458008
-3.88577938079834
-1.259158968925476
-8.616264343261719
-0.05171678960323334
-4.748044013977051
-10.714756965637207
-6.875619888305664
-6.729150772094727
-9.040382385253906
-1.9372766017913818
-4.002355098724365
-12.162747383117676
-0.2716941833496094
-4.74435567855835
-9.36198616027832
-6.103102684020996
-6.843812465667725
-3.7540249824523926
-0.02829180657863617
-3.2933013439178467
-4.440617561340332
-1.8361866474151611
-2.124985933303833
-1.2831308841705322
-4.893741130828857
-1.6205404996871948
-5.750082015991211
-5.076945781707764
-2.545769453048706
-8.969554901123047
-4.017350196838379
-0.48613983392715454
-6.8885040283203125
-1.1307356357574463
-7.0980353355407715
-0.8806436657905579
-6.117149829864502
-6.242408275604248
-2.864166259765625
-3.691740036010742
-1.358673095703125
-1.5887469053268433
-3.164421319961548
-1.146705150604248
-3.2142767906188965
-9.41621208190918
-3.0965657234191895
-1.9317570924758911
-3.3675873279571533
-3.36358380317688
-0.023402320221066475
-1.403964638710022
-1.2481229305267334
-3.8070461750030518
-3.228877305984497
-7.901998996734619
-3.2713212966918945
-2.430318593978882
-2.087297201156616
-3.3559250831604004
-4.58834171295166
-1.9602034091949463
-1.4096791744232178
-2.83005428314209
-0.9917566180229187
-2.013650417327881
-2.550576686859131
-3.9938063621520996
-4.351114749908447
-1.7624796628952026
-2.040370464324951
-2.652613639831543
-3.6869423389434814
-3.9135260581970215
-1.873201847076416
-4.7407917976379395
-4.425889015197754
-2.422646999359131
-6.772037982940674
-2.0545618534088135
-0.02193441428244114
-0.7620003819465637
-8.14811897277832
-4.530503749847412
-3.6192407608032227
-1.555659294128418
-4.686551570892334
-4.284615516662598
-2.756970167160034
-10.213040351867676
-5.035066604614258
-3.122063159942627
-3.03043532371521
-0.23955805599689484
-4.173303127288818
-0.024585353210568428
-1.890317678451538
-3.0177459716796875
-5.242038726806641
-7.086429595947266
-3.9506776332855225
-4.9897613525390625
-6.5973896980285645
-6.331310749053955
-0.7322719693183899
-5.586938381195068
-5.74763822555542
-11.689599990844727
-8.826804161071777
-2.914608955383301
-5.090753555297852
-0.9723440408706665
-1.379223346710205
-9.081216812133789
-1.2685298919677734
-6.539478778839111
-10.729650497436523
-0.835891842842102
-3.4873509407043457
-6.576799392700195
-0.024450652301311493
-11.870457649230957
-2.0913310050964355
-10.334994316101074
-6.746991157531738
-3.3447153568267822
-6.658634185791016
-4.3567423820495605
-2.7104368209838867
-3.920736789703369
-6.0313029289245605
-0.19755838811397552
-9.660176277160645
-4.6328816413879395
-0.1652551293373108
-2.612985134124756
-0.9709094762802124
-3.2527055740356445
-3.9475438594818115
-0.041881803423166275
-3.41526198387146
-4.988621234893799
-4.131232261657715
-1.9862653017044067
-2.2543768882751465
-1.6497548818588257
-1.01215398311615
-4.178011894226074
-2.1777055263519287
-0.044679634273052216
-8.619027137756348
-2.2058234214782715
-4.059454917907715
-6.57733154296875
-2.6868581771850586
-2.9477360248565674
-3.896526575088501
-1.2119946479797363
-3.316236972808838
-5.368775844573975
-6.897152423858643
-2.978137493133545
-0.15709112584590912
-3.054617404937744
-6.143194198608398
-9.449188232421875
-2.1428890228271484
-4.0305891036987305
-4.650079727172852
-5.025445461273193
-7.776473522186279
-2.8211307525634766
-3.8377702236175537
-1.1224534511566162
-3.631157636642456
-0.48001277446746826
-3.2396233081817627
-0.1369694620370865
-0.27180618047714233
-11.08370590209961
-0.7570364475250244
-6.502292156219482
-3.2882230281829834
-0.7635045051574707
-2.6537206172943115
-0.7976655960083008
-6.0517096519470215
-2.8541035652160645
-1.5738441944122314
-10.18148136138916
-3.1243624687194824
-1.2027239799499512
-2.7903478145599365
-0.6815648674964905
-1.714078426361084
-1.6355364322662354
-6.890458583831787
-2.5098981857299805
-5.55890417098999
-0.225942000746727
-0.5524578094482422
-10.05976390838623
-2.978353977203369
-6.575112819671631
-7.900023460388184
-6.421475887298584
-8.688299179077148
-2.682459831237793
-6.894596099853516
-4.909135341644287
-0.45988449454307556
-8.525947570800781
-5.245852470397949
-5.911480903625488
-11.031280517578125
-1.5031219720840454
-0.034838054329156876
-2.6680941581726074
-0.11154566705226898
-6.915487289428711
-0.06967230886220932
-2.9461464881896973
-0.20079201459884644
-4.005499839782715
-8.92991828918457
-2.9356985092163086
-3.714264154434204
-1.5623891353607178
-1.6238555908203125
-11.250024795532227
-11.554716110229492
-2.507337808609009
-1.5868630409240723
-3.71290922164917
-2.6029093265533447
-1.1200416088104248
-2.420478105545044
-11.626665115356445
-1.1518950462341309
-4.43678092956543
-0.014331742189824581
-2.6160507202148438
-0.006182829383760691
-0.06011354550719261
-0.006647852249443531
-2.805288553237915
-0.004353569354861975
-3.599635601043701
-0.0057581267319619656
-5.085546493530273
-0.00593696441501379
-6.939723491668701
-0.6246506571769714
-2.4059228897094727
-11.924509048461914
-1.367248773574829
-0.3185357451438904
-5.089291572570801
-1.2367539405822754
-9.053951263427734
-2.042335033416748
-1.5916879177093506
-0.2437322586774826
-1.7186377048492432
-1.3237913846969604
-3.8528480529785156
-0.36228084564208984
-2.734541416168213
-3.2515921592712402
-5.628520965576172
-0.02587444707751274
-2.3791449069976807
-4.899384498596191
-2.3929390907287598
-0.9142419099807739
-0.765296459197998
-1.3865666389465332
-1.0765635967254639
-2.834043502807617
-3.7359538078308105
-1.832930326461792
-4.901279926300049
-0.2736786901950836
-1.4769725799560547
-3.4594764709472656
-7.296568393707275
-2.6974902153015137
-7.1576151847839355
-4.689800262451172
-3.880647897720337
-7.281364440917969
-7.138834476470947
-2.3480517864227295
-1.802678108215332
-4.9977216720581055
-5.818871974945068
-16.237815856933594
-1.57976496219635
-0.7486647963523865
-4.9201531410217285
-1.3530364036560059
-6.311107635498047
-0.971203088760376
-3.9765353202819824
-0.013707788661122322
-2.7043368816375732
-0.055308423936367035
-0.0815478265285492
-0.011256403289735317
-2.733160972595215
-0.007101414259523153
-2.980313777923584
-0.009080187417566776
-5.3441901206970215
-0.013782099820673466
-6.207015514373779
-1.9120736122131348
-2.0990092754364014
-0.010566124692559242
-6.548642158508301
-0.004713614471256733
-1.7053414583206177
-0.011250745505094528
-4.461632251739502
-0.011826401576399803
-2.370145320892334
-0.0571875125169754
-3.3267927169799805
-2.41414475440979
-0.9645750522613525
-2.744035482406616
-0.37563905119895935
-4.997692584991455
-4.091628074645996
-4.757160186767578
-0.4359889626502991
-6.5378570556640625
-5.1172308921813965
-2.0407943725585938
-2.101177215576172
-0.40440788865089417
-1.8069151639938354
-3.079584836959839
-1.1131144762039185
-3.026146173477173
-2.453537940979004
-3.7558655738830566
-2.477576732635498
-2.8029513359069824
-11.672093391418457
-9.773427963256836
-8.406577110290527
-1.1572234630584717
-2.0510125160217285
-1.9757415056228638
-5.708208084106445
-5.803016662597656
-6.874810218811035
-1.6497974395751953
-0.017713330686092377
-5.3018574714660645
-5.904229164123535
-7.562838077545166
-0.005647062789648771
-7.281411170959473
-11.41054630279541
-0.012698270380496979
-4.776177406311035
-0.010657655075192451
-3.1514432430267334
-0.015347947366535664
-3.565430164337158
-0.022921141237020493
-5.426531791687012
-1.1734938621520996
-6.46153450012207
-3.1653223037719727
-1.33937406539917
-6.637656211853027
-0.04418497905135155
-3.1946113109588623
-11.083346366882324
-0.21719183027744293
-4.8136444091796875
-0.029539329931139946
-1.7452712059020996
-5.665156364440918
-1.2170075178146362
-5.869329929351807
-6.609209060668945
-7.451844692230225
-1.71424400806427
-0.23976677656173706
-1.4088349342346191
-3.633762836456299
-10.105525016784668
-10.346816062927246
-3.4984843730926514
-0.8107110857963562
-6.345573902130127
-3.7133677005767822
-7.787025451660156
-6.215983867645264
-5.007023334503174
-7.475490570068359
-5.09560489654541
-3.5146219730377197
-2.7354023456573486
-3.6600518226623535
-4.611239433288574
-4.166590690612793
-4.585775375366211
-2.516878128051758
-7.224184513092041
-4.688387870788574
-3.3080251216888428
-1.129749059677124
-4.634908199310303
-10.968796730041504
-3.8525774478912354
-1.6840887069702148
-2.6908750534057617
-2.0988595485687256
-1.7039459943771362
-5.241706848144531
-6.74755334854126
-3.37085223197937
-4.876598358154297
-4.7132463455200195
-7.498320579528809
-5.817734718322754
-3.497868776321411
-2.4660849571228027
-2.3753929138183594
-3.4599974155426025
-0.9639434814453125
-0.5586761236190796
-2.9451701641082764
-2.982891321182251
-1.8455017805099487
-4.1578521728515625
-2.2691001892089844
-12.687514305114746
-1.8835453987121582
-7.817005634307861
-7.628996849060059
-1.4166481494903564
-10.39848804473877
-3.417145252227783
-8.390044212341309
-3.4692211151123047
-8.698928833007812
-1.7793426513671875
-1.8406975269317627
-1.3544337749481201
-1.7979719638824463
-2.445709705352783
-1.1941287517547607
-3.4570231437683105
-3.5659141540527344
-0.7640275359153748
-0.629101574420929
-3.5354065895080566
-1.2843637466430664
-3.2554662227630615
-5.70807409286499
-2.5406346321105957
-1.2444159984588623
-2.358659505844116
-4.0336408615112305
-2.013866662979126
-3.147477626800537
-4.136013507843018
-1.8742159605026245
-2.134347438812256
-3.4025015830993652
-3.1030290126800537
-1.7520052194595337
-1.8768091201782227
-2.68654727935791
-1.2174646854400635
-3.112828254699707
-2.8416144847869873
-7.554741382598877
-2.1891050338745117
-8.86734676361084
-3.313768148422241
-1.1162959337234497
-3.866896629333496
-3.415919780731201
-2.4156370162963867
-2.7276382446289062
-1.10150146484375
-10.51119613647461
-1.5323456525802612
-3.731213331222534
-6.085559368133545
-3.586698293685913
-0.20752733945846558
-4.225584030151367
-1.5190969705581665
-9.890677452087402
-14.825736999511719
-1.8205455541610718
-0.18618831038475037
-3.957123041152954
-4.912159442901611
-6.111616134643555
-2.6790361404418945
-8.656424522399902
-4.237244129180908
-8.234641075134277
-6.174301624298096
-7.5317864418029785
-5.451540470123291
-9.140732765197754
-4.05425500869751
-7.360013008117676
-3.593763828277588
-3.3936517238616943
-7.709688186645508
-7.898172855377197
-6.440152168273926
-2.1003355979919434
-5.06888484954834
-3.567751884460449
-8.500205039978027
-4.950425624847412
-7.235101222991943
-5.172433376312256
-7.969096660614014
-3.4533650875091553
-7.047745227813721
-0.6030470728874207
-3.5113372802734375
-7.4380903244018555
-5.169485092163086
-8.203410148620605
-4.131564140319824
-12.521851539611816
-4.314015865325928
-1.3004463911056519
-6.299272060394287
-4.740937232971191
-7.408707141876221
-0.052187707275152206
-5.971307277679443
-0.3383016884326935
-4.882689952850342
-0.02168131060898304
-11.288375854492188
-0.008454838767647743
-4.7563347816467285
-0.0247275959700346
-9.424899101257324
-5.5126423835754395
-7.6279425621032715
-5.191934108734131
-4.694725036621094
-2.8453269004821777
-4.3734211921691895
-2.133084535598755
-3.2449731826782227
-4.155824184417725
-2.715336799621582
-8.185953140258789
-3.4882755279541016
-1.7729042768478394
-5.505732536315918
-0.018601028248667717
-4.8361639976501465
-0.09825477749109268
-8.42209529876709
-0.03679894283413887
-7.594254016876221
-0.02511328086256981
-7.7348127365112305
-0.09826666116714478
-7.047746658325195
-0.765056848526001
-7.7972869873046875
-7.693649768829346
-7.843888759613037
-5.269844055175781
-4.913894176483154
-2.171736001968384
-3.9443976879119873
-4.52276086807251
-3.0324368476867676
-9.345516204833984
-8.475980758666992
-1.0414249897003174
-2.3523271083831787
-8.373809814453125
-5.74131441116333
-6.388754367828369
-0.7419583201408386
-9.79867935180664
-4.976299285888672
-10.679862976074219
-5.7920331954956055
-6.019535541534424
-5.804512977600098
-0.490312397480011
-2.9600627422332764
-9.026798248291016
-12.776201248168945
-4.618616104125977
-1.3140379190444946
-0.7416290044784546
-6.376352310180664
-1.8690074682235718
-3.1052098274230957
-9.329399108886719
-4.373194694519043
-3.2528774738311768
-3.3937182426452637
-14.292707443237305
-0.4005836844444275
-4.039916038513184
-3.349184036254883
-5.6968488693237305
-0.016021443530917168
-7.703577041625977
-0.014020754024386406
-5.348536491394043
-0.010949292220175266
-8.578313827514648
-0.0075927479192614555
-9.250096321105957
-0.007955886423587799
-5.847603797912598
-0.009599713608622551
-8.297124862670898
-10.373503684997559
-8.297322273254395
-0.013797973282635212
-13.24990463256836
-0.004787885583937168
-7.891000747680664
-0.010601157322525978
-7.50055456161499
-0.01171329990029335
-4.572893142700195
-0.9601331949234009
-7.475500583648682
-0.018300730735063553
-7.125804901123047
-0.006806403398513794
-4.033689975738525
-0.008802775293588638
-7.734813690185547
-0.010439549572765827
-7.5474042892456055
-0.012719810009002686
-5.656789779663086
-0.01437369268387556
-6.704353332519531
-4.843128204345703
-0.530023455619812
-9.02678394317627
-3.5659759044647217
-3.6316497325897217
-0.3711254596710205
-4.5123796463012695
-1.8520586490631104
-3.1225509643554688
-4.26957368850708
-4.0506205558776855
-7.759976863861084
-0.21506303548812866
-4.019622325897217
-6.874707221984863
-2.281799793243408
-9.900835037231445
-10.276825904846191
-10.047489166259766
-5.415100574493408
-7.01561975479126
-0.48741188645362854
-11.046966552734375
-0.7952134013175964
-2.4065990447998047
-1.4311589002609253
-3.7176976203918457
-2.441854238510132
-4.301380634307861
-6.996059417724609
-5.160280227661133
-1.5492310523986816
-1.7977049350738525
-9.625120162963867
-2.879096031188965
-6.283139705657959
-4.0036702156066895
-7.219482898712158
-3.3641951084136963
-8.359609603881836
-5.028805255889893
-7.391242027282715
-3.854682207107544
-8.172158241271973
-2.9676156044006348
-6.501505374908447
-3.402872085571289
-9.734436988830566
-5.546843528747559
-6.864504814147949
-9.011136054992676
-4.554047107696533
-2.871269464492798
-5.335033416748047
-1.358642339706421
-5.251775741577148
-0.7554255127906799
-2.2870025634765625
-0.0899784117937088
-9.429925918579102
-4.084692001342773
-0.01323544979095459
-9.250096321105957
-0.012879402376711369
-7.953477382659912
-0.03490747511386871
-6.283122539520264
-0.029632149264216423
-10.574958801269531
-3.2461867332458496
-9.360235214233398
-3.831123113632202
-2.6411991119384766
-1.7862298488616943
-2.5209908485412598
-7.350909233093262
-2.6661441326141357
-4.332408905029297
-5.448448657989502
-8.070137977600098
-6.018094062805176
-4.227267265319824
-4.513291358947754
-4.873753547668457
-0.013659459538757801
-6.454709529876709
-0.00833201501518488
-8.875140190124512
-0.009997531771659851
-8.437716484069824
-0.007941103540360928
-7.766049385070801
-0.019003821536898613
-8.932624816894531
-0.010864391922950745
-7.507359981536865
-1.7018415927886963
-4.217970848083496
-9.080667495727539
-5.028282642364502
-0.016037631779909134
-4.156584739685059
-0.011684550903737545
-7.297553539276123
-0.015425542369484901
-7.078970432281494
-0.022901101037859917
-8.750158309936523
-0.051219262182712555
-7.703577041625977
-0.5624279975891113
-0.02615726739168167
-8.031576156616211
-5.3065266609191895
-0.2598424255847931
-7.381643772125244
-4.141040802001953
-4.176855564117432
-0.018357964232563972
-5.831086158752441
-0.022444160655140877
-8.781403541564941
-0.06461814045906067
-7.563019752502441
-0.05857245251536369
-7.391242027282715
-0.036164481192827225
-6.876033782958984
-0.7110264301300049
-0.027562052011489868
-6.8916425704956055
-6.148139476776123
-3.019451856613159
-6.685436248779297
-2.323272466659546
-4.196882247924805
-4.835632801055908
-2.966840982437134
-2.1315886974334717
-5.500528335571289
-1.1673407554626465
-5.235185623168945
-0.025453610345721245
-5.737630844116211
-0.01611904427409172
-8.781403541564941
-0.02535354718565941
-8.203398704528809
-0.021610382944345474
-7.953476905822754
-0.03643578663468361
-6.860424995422363
-0.5944653153419495
-0.014387911185622215
-7.34439754486084
-5.26198673248291
-7.023718357086182
-4.743139266967773
-7.188258171081543
-2.08596134185791
-6.878149509429932
-0.4241810739040375
-7.497842788696289
-3.3597686290740967
-2.4374547004699707
-1.8681659698486328
-6.839922904968262
-0.06787870824337006
-9.283692359924316
-4.810431957244873
-7.9252824783325195
-6.997166633605957
-5.4134955406188965
-6.536533355712891
-6.506115436553955
-6.56916618347168
-0.7585452795028687
-4.811437606811523
-7.648705959320068
-0.420671284198761
-11.337111473083496
-6.270464897155762
-4.403138637542725
-6.882508277893066
-6.725271224975586
-2.7253618240356445
-13.21526050567627
-2.0217533111572266
-13.231226921081543
-0.1065327525138855
-10.119830131530762
-5.9342546463012695
-4.120629787445068
-4.470168113708496
-1.0527920722961426
-3.5757744312286377
-7.266341686248779
-0.28679871559143066
-9.084453582763672
-3.632817029953003
-4.1212477684021
-3.184297561645508
-4.820337772369385
-8.64999008178711
-4.757584095001221
-4.752895355224609
-1.4932612180709839
-4.0979719161987305
-2.565136432647705
-6.5178399085998535
-3.435187339782715
-2.057297945022583
-5.139074802398682
-1.2783284187316895
-1.1641004085540771
-3.726444721221924
-16.96336555480957
-5.013270378112793
-4.624000072479248
-15.11847972869873
-6.637826442718506
-9.537113189697266
-3.036109685897827
-2.658872127532959
-1.1930837631225586
-3.721912145614624
-2.059168815612793
-8.842935562133789
-1.9037115573883057
-2.591330051422119
-7.633626461029053
-3.042363405227661
-0.16356909275054932
-6.007256507873535
-8.86459732055664
-9.463252067565918
-4.363537788391113
-8.93986988067627
-6.676939010620117
-4.8089799880981445
-5.635426044464111
-9.112221717834473
-5.301156997680664
-6.029907703399658
-1.6734620332717896
-7.948510646820068
-5.505753517150879
-5.222394943237305
-7.780548095703125
-5.56765604019165
-1.9563000202178955
-7.111714839935303
-2.930894613265991
-14.017746925354004
-0.6962713003158569
-2.562859535217285
-0.05243784561753273
-0.14341476559638977
-16.97275161743164
-2.7753653526306152
-4.074227333068848
-7.178576946258545
-11.625452041625977
-10.94555950164795
-14.262346267700195
-6.332619667053223
-4.954109191894531
-6.909591197967529
-8.08428955078125
-5.3674092292785645
-3.082125186920166
-8.633999824523926
-3.0953691005706787
-0.6477302312850952
-0.08571860939264297
-11.080408096313477
-4.24440860748291
-0.7758628129959106
-4.007097244262695
-4.367552757263184
-4.985405921936035
-2.0090370178222656
-6.233723163604736
-2.1875193119049072
-2.934112548828125
-4.857570171356201
-6.735640048980713
-2.1505541801452637
-5.38972806930542
-2.4626810550689697
-5.875429153442383
-2.616957902908325
-2.8870692253112793
-8.139418601989746
-6.149895668029785
-2.003298759460449
-0.08079908788204193
-0.81104975938797
-6.532776832580566
-9.412449836730957
-3.533956289291382
-0.5147343277931213
-0.6953222751617432
-7.551563262939453
-3.3364675045013428
-3.77351713180542
-1.997080683708191
-2.7088160514831543
-4.479464054107666
-4.598287582397461
-7.035131931304932
-5.1201558113098145
-4.702081203460693
-5.195675373077393
-4.011880874633789
-0.04524241015315056
-5.6286139488220215
-12.664478302001953
-0.7970412373542786
-6.8059773445129395
-3.7965235710144043
-10.998189926147461
-5.67856502532959
-3.3716821670532227
-2.749652862548828
-2.9682111740112305
-7.722013473510742
-0.48970353603363037
-5.429880619049072
-3.841402292251587
-7.067870140075684
-7.330572128295898
-5.720722675323486
-3.260383129119873
-0.5440673232078552
-5.975372791290283
-5.146695613861084
-6.8087687492370605
-1.4092910289764404
-5.694124221801758
-5.881469249725342
-1.2087324857711792
-3.4581382274627686
-7.197627067565918
-3.830352306365967
-0.03536876663565636
-9.75245475769043
-3.727419853210449
-10.036043167114258
-2.769832134246826
-8.007960319519043
-3.0665595531463623
-7.26785945892334
-9.525279998779297
-4.39923095703125
-5.62265157699585
-6.5439043045043945
-2.3785829544067383
-0.6740825772285461
-2.087099552154541
-7.7071685791015625
-3.396461009979248
-2.4551401138305664
-5.559729099273682
-3.842468738555908
-9.000256538391113
-1.5608887672424316
-0.01364511251449585
-7.1654815673828125
-13.083301544189453
-6.9673333168029785
-5.975378513336182
-11.587319374084473
-3.4165921211242676
-9.543662071228027
-1.4088828563690186
-7.9099440574646
-6.727475643157959
-19.533809661865234
-3.8245766162872314
-10.676612854003906
-1.2909266948699951
-7.4555277824401855
-9.31305980682373
-8.204614639282227
-4.354361057281494
-7.826498508453369
-6.0798139572143555
-6.5483927726745605
-3.863406181335449
-2.2100138664245605
-6.051531791687012
-7.3050737380981445
-7.28563928604126
-3.5308351516723633
-2.1291651725769043
-5.63236141204834
-11.822877883911133
-7.2753705978393555
-3.557194709777832
-3.2700960636138916
-0.35701653361320496
-5.069674015045166
-0.26913145184516907
-4.198282241821289
-0.02190864086151123
-3.7755134105682373
-3.2012012004852295
-0.32219353318214417
-4.737124919891357
-1.9067425727844238
-3.5603556632995605
-0.017051756381988525
-1.7284936904907227
-1.9310126304626465
-0.0854615569114685
-6.5951995849609375
-9.65031623840332
-6.5970869064331055
-9.418938636779785
-1.8720978498458862
-1.9276678562164307
-3.5283942222595215
-7.838139533996582
-6.49527645111084
-2.3232288360595703
-5.3752851486206055
-5.310797214508057
-2.38909912109375
-4.297776222229004
-2.5742969512939453
-5.489139080047607
-8.28456974029541
-0.8248677253723145
-11.203577041625977
-5.036715507507324
-2.8636245727539062
-5.846620082855225
-9.480405807495117
-6.533310413360596
-3.717916965484619
-4.397699356079102
-3.72874116897583
-2.766000986099243
-5.797801971435547
-1.879077672958374
-3.7163939476013184
-3.5911126136779785
-0.7613666653633118
-4.8985090255737305
-7.336163520812988
-1.011655330657959
-4.6394124031066895
-2.1834309101104736
-3.2582991123199463
-0.7272353768348694
-1.9894475936889648
-2.627037525177002
-3.7430450916290283
-0.2423386126756668
-0.4332859218120575
-3.834723949432373
-2.609114646911621
-6.713137626647949
-9.29979419708252
-1.7168771028518677
-7.057976245880127
-10.892792701721191
-2.273780584335327
-1.5200763940811157
-3.9440667629241943
-8.679276466369629
-4.665256500244141
-8.82716178894043
-2.7842726707458496
-2.828435182571411
-1.5307550430297852
-7.475772380828857
-2.825756072998047
-4.804013729095459
-10.87533950805664
-2.459458351135254
-7.235568046569824
-10.68460464477539
-3.691256046295166
-5.018598556518555
-9.284900665283203
-2.050280809402466
-0.37746426463127136
-5.2822041511535645
-2.409989356994629
-5.287869930267334
-10.579437255859375
-10.22368049621582
-1.8201100826263428
-4.663375377655029
-5.974349021911621
-2.182666301727295
-10.413368225097656
-3.1134181022644043
-0.4812888205051422
-3.9287190437316895
-1.9584131240844727
-2.342318296432495
-2.103409767150879
-9.51529598236084
-3.601118326187134
-1.8575751781463623
-7.4376959800720215
-0.957385778427124
-7.32377815246582
-2.724290370941162
-9.000860214233398
-3.3834760189056396
-5.780755043029785
-2.7609128952026367
-1.0773662328720093
-3.361238956451416
-3.2985570430755615
-0.9445081949234009
-1.1451749801635742
-3.203701972961426
-1.052886962890625
-7.943886756896973
-2.831928253173828
-2.4666905403137207
-2.8012752532958984
-5.023882865905762
-1.9289882183074951
-1.9154092073440552
-3.2443366050720215
-3.6515650749206543
-4.14226770401001
-3.475233554840088
-1.3072779178619385
-3.666917324066162
-4.600049018859863
-3.4063918590545654
-2.176114559173584
-0.8412557244300842
-2.177974224090576
-5.24758768081665
-4.081770896911621
-0.375333696603775
-5.070222854614258
-6.423654556274414
-9.604544639587402
-2.104199171066284
-1.231433629989624
-2.2302780151367188
-1.1036540269851685
-1.187172532081604
-2.2612757682800293
-3.9141814708709717
-1.7775989770889282
-3.3506078720092773
-0.076907217502594
-6.715033531188965
-1.9280457496643066
-0.6608102321624756
-1.2709650993347168
-1.023976445198059
-4.0526652336120605
-3.9387640953063965
-1.9005674123764038
-5.097904205322266
-6.579612731933594
-9.641646385192871
-2.9832046031951904
-1.2016959190368652
-3.268491744995117
-2.5993683338165283
-5.298397541046143
-8.82223129272461
-1.8369396924972534
-4.452303886413574
-3.986077070236206
-3.318401336669922
-7.052487850189209
-1.9595606327056885
-4.46872615814209
-4.633461952209473
-4.6553778648376465
-5.313645362854004
-3.378018856048584
-4.332818984985352
-5.20008659362793
-3.9302682876586914
-3.4241554737091064
-7.073367595672607
-0.40536561608314514
-3.819140672683716
-0.47946834564208984
-8.079025268554688
-2.250453233718872
-8.077801704406738
-3.229121446609497
-1.278435468673706
-7.331644535064697
-8.648377418518066
-6.411847114562988
-5.052616119384766
-2.6419637203216553
-9.407934188842773
-3.292951822280884
-2.0966553688049316
-5.060451507568359
-1.6893006563186646
-10.984282493591309
-3.7294180393218994
-4.249172687530518
-8.553206443786621
-1.7365071773529053
-1.4973241090774536
-7.581944465637207
-11.525639533996582
-3.993757486343384
-0.6820868253707886
-0.9137560129165649
-6.200737476348877
-1.4608607292175293
-4.745826244354248
-4.664139747619629
-1.236166000366211
-8.011041641235352
-0.6893275380134583
-8.839594841003418
-0.6448087096214294
-1.510887622833252
-5.857244968414307
-1.107818365097046
-8.024760246276855
-0.6650372743606567
-8.788270950317383
-4.048966407775879
-5.431512355804443
-1.085681676864624
-0.3260892629623413
-3.4130191802978516
-7.070552825927734
-2.134199857711792
-1.7051693201065063
-1.9781485795974731
-1.7389631271362305
-2.4376800060272217
-4.972214221954346
-3.667642593383789
-0.12200450897216797
-1.1237711906433105
-3.105417013168335
-2.9397146701812744
-1.5309183597564697
-0.416122168302536
-0.8946690559387207
-2.5861990451812744
-0.9725193977355957
-3.9187777042388916
-0.20007076859474182
-0.17229919135570526
-6.6817803382873535
-1.8770453929901123
-3.74562406539917
-3.3492751121520996
-0.6921941637992859
-1.0439677238464355
-1.7152485847473145
-7.430652141571045
-7.799740791320801
-1.0769462585449219
-1.5276309251785278
-2.643819570541382
-0.25553208589553833
-5.428407192230225
-2.592738151550293
-3.3030314445495605
-7.649362087249756
-4.233208179473877
-1.368309497833252
-1.9538865089416504
-1.2141215801239014
-6.820709705352783
-1.3728570938110352
-3.420725107192993
-1.4518427848815918
-4.497150897979736
-5.292435646057129
-5.24637508392334
-6.345607280731201
-9.623429298400879
-0.02395857311785221
-8.148892402648926
-0.9019761681556702
-0.7408517599105835
-0.4592444896697998
-2.3132081031799316
-7.679826259613037
-7.3519768714904785
-5.007419109344482
-6.704428672790527
-9.624613761901855
-1.7170488834381104
-0.8564815521240234
-2.7417030334472656
-7.919894218444824
-2.6030631065368652
-3.8211236000061035
-1.6866706609725952
-4.646949768066406
-4.530686855316162
-2.646967887878418
-4.37112283706665
-1.0077259540557861
-1.5939818620681763
-1.0077877044677734
-10.477548599243164
-2.7977709770202637
-5.607720375061035
-4.640419960021973
-3.3961355686187744
-0.527863621711731
-1.6031336784362793
-3.3974032402038574
-6.8483686447143555
-2.455108880996704
-8.240915298461914
-2.144219398498535
-3.421419382095337
-10.034048080444336
-5.277073860168457
-2.2741150856018066
-1.353360891342163
-10.44168758392334
-1.581678867340088
-10.69961166381836
-3.1547348499298096
-11.180400848388672
-9.360755920410156
-2.065920352935791
-0.3389627933502197
-0.7745969295501709
-3.362680673599243
-5.188380718231201
-6.636457443237305
-6.1894989013671875
-7.038307189941406
-2.442115545272827
-5.397089004516602
-6.495357036590576
-4.463247776031494
-8.422467231750488
-3.8702187538146973
-1.557852864265442
-0.9621163606643677
-0.77590411901474
-0.02896810881793499
-4.306319713592529
-3.0630366802215576
-4.136536598205566
-9.172598838806152
-4.136435031890869
-2.42856502532959
-0.9203295707702637
-4.841206073760986
-2.5443527698516846
-0.5660252571105957
-2.772109270095825
-3.816077470779419
-1.6379293203353882
-6.794015884399414
-3.9434423446655273
-5.423332691192627
-4.248985290527344
-5.109903335571289
-8.687331199645996
-5.6219305992126465
-4.71505880355835
-0.0541396364569664
-4.556822299957275
-11.405667304992676
-8.781972885131836
-3.045891284942627
-7.276805877685547
-5.2744832038879395
-1.2100796699523926
-3.627933979034424
-5.068814277648926
-2.844109535217285
-2.337177276611328
-10.778982162475586
-3.6242616176605225
-2.826657295227051
-7.0643391609191895
-2.2088794708251953
-1.6184616088867188
-5.620337009429932
-7.430953025817871
-4.80971097946167
-7.90798807144165
-2.16601300239563
-2.7876012325286865
-1.2456183433532715
-1.2370027303695679
-3.495008945465088
-8.032803535461426
-7.036316871643066
-0.7986344695091248
-3.0196094512939453
-6.752037048339844
-3.149315357208252
-9.531675338745117
-10.9486665725708
-7.665013790130615
-7.07898473739624
-2.968318223953247
-3.2522964477539062
-2.339848756790161
-1.3598302602767944
-5.423650741577148
-3.284141778945923
-3.200122594833374
-4.818127155303955
-5.842440128326416
-7.038593292236328
-2.121763229370117
-3.8686509132385254
-8.012804985046387
-2.6067068576812744
-2.5634005069732666
-2.8656225204467773
-6.1390228271484375
-2.728935480117798
-4.021322250366211
-1.9214928150177002
-5.627619743347168
-4.844940662384033
-1.5376174449920654
-7.042654514312744
-8.869490623474121
-2.1449100971221924
-4.795162200927734
-2.9431915283203125
-1.5388911962509155
-1.9533755779266357
-6.798013687133789
-9.844791412353516
-1.277705192565918
-0.7727807760238647
-4.625126361846924
-2.8292574882507324
-4.334764003753662
-1.8021610975265503
-3.1171274185180664
-5.767310619354248
-7.256649017333984
-2.0048892498016357
-4.001906394958496
-4.50014066696167
-0.8717527389526367
-2.7842187881469727
-2.0168070793151855
-7.619443416595459
-3.533020496368408
-7.543074607849121
-2.5039820671081543
-5.230243682861328
-6.778500080108643
-3.22987961769104
-8.422599792480469
-1.7955236434936523
-6.360835075378418
-1.6519570350646973
-5.144752502441406
-2.4446966648101807
-5.739040851593018
-3.4971792697906494
-3.244447946548462
-3.650663375854492
-3.920093536376953
-5.30397367477417
-9.168807029724121
-4.76415491104126
-0.8964406251907349
-3.6644885540008545
-2.044795513153076
-7.605202674865723
-1.5964394807815552
-0.13558565080165863
-4.899728298187256
-2.9616446495056152
-4.1967034339904785
-1.291917324066162
-8.652530670166016
-5.098917484283447
-7.065956115722656
-1.9631831645965576
-1.4911330938339233
-0.4279666244983673
-3.695796489715576
-3.7116079330444336
-3.4996604919433594
-4.7113356590271
-0.04159665107727051
-0.11232224851846695
-0.0860213190317154
-0.11616037040948868
-5.365118026733398
-7.414262771606445
-2.805102586746216
-2.631242513656616
-8.222437858581543
-3.1327362060546875
-9.208595275878906
-4.07844877243042
-0.47682619094848633
-4.356905937194824
-4.948367118835449
-1.6195039749145508
-5.679598331451416
-1.5834875106811523
-5.3393144607543945
-0.467216432094574
-5.382497787475586
-1.2943015098571777
-3.06270432472229
-0.2951171100139618
-8.439306259155273
-2.956083297729492
-6.551202297210693
-4.3831467628479
-4.30954647064209
-4.0354719161987305
-1.2457726001739502
-6.627065181732178
-3.402902126312256
-2.8215548992156982
-7.390100479125977
-0.6690940856933594
-6.3144025802612305
-2.3516688346862793
-4.547800064086914
-8.027098655700684
-2.1521902084350586
-0.609910786151886
-2.597970485687256
-3.1360397338867188
-6.579539775848389
-10.063913345336914
-2.7685906887054443
-3.360752582550049
-2.6904869079589844
-2.0612993240356445
-1.9871937036514282
-5.915866851806641
-5.549851417541504
-1.4341013431549072
-1.6072916984558105
-2.998800039291382
-3.215418815612793
-2.998373508453369
-4.521098613739014
-2.063568115234375
-4.406196117401123
-3.34106183052063
-3.6033377647399902
-1.8263031244277954
-2.0250868797302246
-0.4137934148311615
-2.3403704166412354
-0.63165682554245
-2.3336243629455566
-3.1908042430877686
-4.21186637878418
-4.1085100173950195
-3.694293260574341
-3.5606305599212646
-3.9991860389709473
-3.165099859237671
-2.586479663848877
-4.038600444793701
-1.6616911888122559
-1.5436958074569702
-2.1977546215057373
-2.8781166076660156
-2.943786859512329
-3.377565383911133
-1.5386650562286377
-0.6876002550125122
-2.2808401584625244
-10.461294174194336
-2.596497058868408
-2.9300332069396973
-7.224198341369629
-0.8706106543540955
-0.11201290041208267
-2.6336727142333984
-3.5396130084991455
-2.6223630905151367
-6.353971481323242
-3.6787126064300537
-3.412318706512451
-3.4241068363189697
-3.886082649230957
-0.7940999865531921
-5.3010478019714355
-2.4619016647338867
-4.9609880447387695
-2.3480348587036133
-3.096656084060669
-1.2119214534759521
-3.0609207153320312
-1.1641883850097656
-2.7546443939208984
-7.362565994262695
-3.2783401012420654
-5.3075852394104
-3.622183322906494
-1.50594162940979
-4.183465480804443
-1.9340860843658447
-4.129385471343994
-6.195066452026367
-4.882627487182617
-5.050607204437256
-11.74092960357666
-7.070590972900391
-0.6559809446334839
-13.79765796661377
-2.106802463531494
-8.42911434173584
-6.285429954528809
-9.585269927978516
-2.20042085647583
-2.3502326011657715
-2.5360522270202637
-4.872882843017578
-3.637368679046631
-3.687483310699463
-4.610964298248291
-3.9899113178253174
-4.371419906616211
-5.241575241088867
-5.019330978393555
-4.604543209075928
-1.6258375644683838
-3.1093931198120117
-2.3859622478485107
-3.545502185821533
-5.807355880737305
-7.336154937744141
-1.663288950920105
-2.0831494331359863
-1.6337097883224487
-1.2608367204666138
-1.3626004457473755
-8.832362174987793
-4.018979549407959
-1.9478158950805664
-0.0992126390337944
-10.095025062561035
-2.1117289066314697
-3.7591490745544434
-1.0288957357406616
-5.672235012054443
-5.291732311248779
-2.4694342613220215
-7.658309459686279
-4.443296432495117
-3.150041341781616
-2.615318775177002
-0.7117912769317627
-4.2562713623046875
-2.5956289768218994
-0.785250723361969
-5.938697338104248
-0.7605555057525635
-7.076026439666748
-11.581379890441895
-0.8201078176498413
-1.2996931076049805
-3.4835963249206543
-6.925163269042969
-3.5175743103027344
-0.8418437242507935
-2.717555046081543
-2.9306395053863525
-2.5300376415252686
-5.420566082000732
-0.3576660752296448
-1.633866786956787
-1.6894335746765137
-2.0449655055999756
-1.3894562721252441
-0.09875871986150742
-2.477372169494629
-8.0221529006958
-2.6144180297851562
-6.810478210449219
-2.9301767349243164
-7.209255218505859
-2.069633960723877
-0.41702812910079956
-4.1186842918396
-0.5992211103439331
-0.877556562423706
-2.441629648208618
-3.3877880573272705
-0.7571871876716614
-4.114638805389404
-9.533496856689453
-3.7790591716766357
-3.8345866203308105
-6.748261451721191
-0.4487192928791046
-2.999713182449341
-2.092362642288208
-2.0762457847595215
-0.8705573081970215
-1.7284404039382935
-4.661798477172852
-2.8298988342285156
-4.573352813720703
-2.1979260444641113
-1.9676108360290527
-5.487825870513916
-2.593515157699585
-1.0602703094482422
-11.343927383422852
-1.257190227508545
-7.8323445320129395
-1.2607429027557373
-3.903736114501953
-4.4711456298828125
-2.180094003677368
-2.6420600414276123
-4.931222438812256
-0.06920655071735382
-6.407980918884277
-9.431547164916992
-2.703331232070923
-5.377209663391113
-3.890284538269043
-3.8519747257232666
-1.7038401365280151
-5.489257335662842
-1.6077054738998413
-0.9690808057785034
-0.8577457666397095
-9.056269645690918
-2.932101011276245
-3.765706777572632
-4.516375541687012
-1.863990306854248
-3.1550841331481934
-5.719666004180908
-2.5870563983917236
-0.9155706763267517
-3.2955193519592285
-1.3683116436004639
-2.8393473625183105
-0.7930909395217896
-5.350339412689209
-5.984332084655762
-1.6268582344055176
-4.775524139404297
-4.6789231300354
-2.072828531265259
-7.329667091369629
-1.510740041732788
-0.4822959005832672
-2.3499951362609863
-1.1469767093658447
-1.6427433490753174
-2.452119827270508
-0.6290346384048462
-4.86366605758667
-2.9592349529266357
-5.715594291687012
-2.318514585494995
-0.6629842519760132
-3.751985549926758
-2.9206149578094482
-2.793095827102661
-4.366154193878174
-2.0288596153259277
-2.917201519012451
-2.7664639949798584
-2.8949384689331055
-1.3611114025115967
-0.8859521746635437
-1.677879810333252
-2.780315637588501
-1.0856432914733887
-3.3589625358581543
-1.4695316553115845
-2.003558874130249
-2.7408852577209473
-1.6045867204666138
-8.631604194641113
-1.341627597808838
-2.0575549602508545
-2.667539119720459
-1.2274398803710938
-3.6119394302368164
-1.0185576677322388
-3.089723587036133
-4.590010166168213
-8.19662857055664
-0.6365064978599548
-0.7083624601364136
-5.016207695007324
-1.4752986431121826
-4.333932876586914
-2.239553451538086
-0.24464328587055206
-3.5353200435638428
-2.0644681453704834
-3.551547050476074
-4.339745998382568
-0.900046706199646
-0.7287810444831848
-0.6650758385658264
-4.6666975021362305
-3.358478546142578
-6.924839496612549
-0.6134005188941956
-1.5986149311065674
-5.678162574768066
-1.9484221935272217
-8.914962768554688
-3.8484177589416504
-3.9880592823028564
-8.828243255615234
-1.9032102823257446
-4.58899450302124
-2.2905383110046387
-3.173685312271118
-0.1691800206899643
-3.0015294551849365
-2.313476800918579
-4.48471212387085
-7.225266933441162
-3.942835807800293
-3.1289618015289307
-7.452681541442871
-2.621661424636841
-5.263252258300781
-8.003859519958496
-0.8334742188453674
-6.385333061218262
-0.39754199981689453
-3.9727444648742676
-2.786194324493408
-5.5249786376953125
-0.5481168627738953
-1.010118842124939
-2.8775951862335205
-1.225508213043213
-0.6660841703414917
-4.60554313659668
-0.2208131104707718
-0.4298414885997772
-3.5583338737487793
-6.641997337341309
-9.51897144317627
-0.03694681078195572
-6.18307638168335
-1.0539491176605225
-0.5824787616729736
-1.3068859577178955
-5.0793867111206055
-1.308011531829834
-5.153425693511963
-2.1135635375976562
-3.2762842178344727
-4.590096473693848
-2.3561699390411377
-6.837845325469971
-3.2657523155212402
-7.2063493728637695
-3.870974063873291
-3.5884017944335938
-4.883625507354736
-3.369682788848877
-6.735617637634277
-9.082356452941895
-4.991771697998047
-7.9033355712890625
-0.9898578524589539
-0.6783482432365417
-0.3347349464893341
-0.823296844959259
-5.5835041999816895
-6.5584635734558105
-7.29362154006958
-5.552738189697266
-6.220424175262451
-0.3987885117530823
-1.8058757781982422
-2.9674813747406006
-4.216071128845215
-2.3697407245635986
-0.6184770464897156
-6.720005512237549
-9.03529167175293
-1.884352445602417
-7.418978691101074
-1.3075989484786987
-6.351123809814453
-1.2617090940475464
-1.7809499502182007
-1.3512022495269775
-5.254012584686279
-2.6693084239959717
-3.3317668437957764
-3.4555437564849854
-5.639019966125488
-2.966515064239502
-1.0925312042236328
-3.867492198944092
-4.03641939163208
-3.819838762283325
-1.060400128364563
-0.8566575646400452
-8.755904197692871
-1.9452131986618042
-11.869518280029297
-0.048933953046798706
-4.872625350952148
-1.9285662174224854
-4.802909851074219
-3.2565128803253174
-5.027148723602295
-2.7381081581115723
-6.563594341278076
-6.5171990394592285
-9.255457878112793
-3.7886500358581543
-8.595704078674316
-1.48018217086792
-4.013869762420654
-4.4982123374938965
-2.0554659366607666
-4.982133865356445
-2.834728479385376
-4.309944152832031
-2.2935950756073
-2.103908061981201
-7.190544605255127
-3.891714096069336
-3.8323311805725098
-7.043776988983154
-0.07340697199106216
-7.065670490264893
-0.9897092580795288
-0.7118458151817322
-4.476546764373779
-0.17784760892391205
-2.3945090770721436
-1.3921103477478027
-0.6934828162193298
-3.945082187652588
-6.7478532791137695
-2.6329123973846436
-1.6775844097137451
-6.626405239105225
-8.74867057800293
-0.1564820110797882
-6.537714004516602
-0.8611115217208862
-2.4637632369995117
-5.610775470733643
-3.298034906387329
-1.8923343420028687
-1.6361174583435059
-2.504138231277466
-1.9461498260498047
-0.9839752316474915
-1.0438727140426636
-2.4195964336395264
-2.47497820854187
-1.1762499809265137
-7.503281116485596
-9.418716430664062
-4.22035026550293
-7.633645057678223
-0.9906368255615234
-0.30651742219924927
-3.609259605407715
-3.604032039642334
-2.478438377380371
-3.0022788047790527
-3.71203875541687
-3.4474616050720215
-6.836150646209717
-8.197787284851074
-7.67794132232666
-0.27541375160217285
-3.099419355392456
-4.016167163848877
-3.590973377227783
-2.168839693069458
-2.4365732669830322
-1.4652478694915771
-6.031569480895996
-0.11441971361637115
-5.250543117523193
-3.4898650646209717
-6.4703898429870605
-8.757453918457031
-0.09181288629770279
-0.8294916152954102
-3.8241961002349854
-1.829829216003418
-1.2984352111816406
-4.5409393310546875
-3.62618350982666
-2.65262508392334
-2.845750570297241
-1.0017125606536865
-0.9441198110580444
-8.564927101135254
-5.810791015625
-2.76138973236084
-1.1480469703674316
-3.4165961742401123
-3.5908639430999756
-9.25843334197998
-1.1450542211532593
-7.583463191986084
-4.5278496742248535
-2.79750657081604
-12.328862190246582
-1.014683485031128
-4.02093505859375
-9.475847244262695
-7.522425651550293
-1.9924119710922241
-4.287262916564941
-2.7415568828582764
-0.7490819096565247
-2.83923077583313
-2.1384549140930176
-7.201778411865234
-4.279788494110107
-0.9287053346633911
-4.187374114990234
-10.21811580657959
-2.080404758453369
-3.353806734085083
-2.7298192977905273
-0.5231081247329712
-5.427513599395752
-0.5447022914886475
-6.888702392578125
-1.0924787521362305
-1.1872085332870483
-2.686779260635376
-2.8750712871551514
-3.0943360328674316
-4.6672186851501465
-4.796353340148926
-1.7402667999267578
-9.803131103515625
-2.1159486770629883
-3.315673589706421
-5.738981246948242
-7.0078444480896
-8.507580757141113
-0.8571485877037048
-2.5791573524475098
-6.538578987121582
-5.679819583892822
-5.132297039031982
-9.25539493560791
-6.729027271270752
-0.7932421565055847
-6.4541544914245605
-7.863601207733154
-6.9808430671691895
-6.114688873291016
-2.5098047256469727
-1.7726155519485474
-6.078207015991211
-2.2814555168151855
-3.421567678451538
-3.428446054458618
-3.9447524547576904
-4.361584186553955
-6.688816070556641
-9.2564697265625
-0.021056558936834335
-7.338682651519775
-4.391503810882568
-2.6998462677001953
-1.1578646898269653
-2.545360565185547
-3.797905445098877
-2.40439510345459
-3.602745771408081
-2.507413864135742
-3.137197256088257
-4.131109237670898
-0.5669170618057251
-1.5101344585418701
-3.5907764434814453
-2.797802448272705
-0.4081396162509918
-3.135897636413574
-2.198286294937134
-3.0363402366638184
-3.0359838008880615
-5.5888752937316895
-2.7523131370544434
-1.041837453842163
-3.8569631576538086
-2.5359315872192383
-7.0125274658203125
-1.9969111680984497
-9.697653770446777
-6.733316898345947
-4.531696796417236
-3.989621877670288
-7.103185176849365
-4.941521167755127
-3.312169075012207
-3.031193256378174
-0.9510307908058167
-0.6930687427520752
-7.776575088500977
-4.434069633483887
-8.762420654296875
-0.8415477275848389
-3.080653667449951
-3.6777405738830566
-1.7493752241134644
-10.290613174438477
-1.8939318656921387
-4.067948818206787
-1.2853102684020996
-1.2363359928131104
-2.751213312149048
-0.5349754095077515
-6.639777660369873
-1.072722315788269
-2.308825731277466
-0.5355833172798157
-2.3097896575927734
-0.30643966794013977
-2.7978460788726807
-8.322896003723145
-6.735625743865967
-9.43116283416748
-1.7507680654525757
-1.7716288566589355
-3.0466184616088867
-0.5856034159660339
-3.547729730606079
-1.3614503145217896
-1.6012741327285767
-3.7432756423950195
-0.9275329113006592
-3.8022451400756836
-4.613256454467773
-4.310099124908447
-4.277146339416504
-3.3105034828186035
-5.154807090759277
-0.5530017018318176
-3.1020805835723877
-3.379826545715332
-4.7023515701293945
-4.552036285400391
-1.8008170127868652
-1.860337734222412
-3.6588003635406494
-2.237051010131836
-1.9751216173171997
-7.315876007080078
-4.982942581176758
-2.2810468673706055
-1.5632398128509521
-1.3982356786727905
-7.09710168838501
-2.5952672958374023
-4.227256774902344
-3.5808792114257812
-3.851167917251587
-4.687971591949463
-4.501307487487793
-2.4721052646636963
-2.5804126262664795
-2.350764751434326
-6.592203617095947
-0.08945193141698837
-5.774438381195068
-3.602505683898926
-1.100916862487793
-0.6263662576675415
-3.8763182163238525
-2.801349401473999
-2.799625873565674
-4.649563789367676
-5.37598991394043
-1.1611347198486328
-0.3931366205215454
-0.9189749956130981
-2.8750712871551514
-2.6955645084381104
-1.800832748413086
-0.19274823367595673
-6.848614692687988
-2.9004340171813965
-2.1195080280303955
-1.567628026008606
-2.0345053672790527
-2.9091856479644775
-4.678172588348389
-2.757539987564087
-4.339662075042725
-5.243730068206787
-1.3805243968963623
-4.289919853210449
-1.5694518089294434
-7.1898932456970215
-9.308144569396973
-3.4695558547973633
-7.649204730987549
-1.1958611011505127
-0.8406835794448853
-6.884459018707275
-5.474771499633789
-3.076103687286377
-1.9396495819091797
-6.354286193847656
-6.751241683959961
-8.893953323364258
-4.807729244232178
-0.24496431648731232
-5.57516622543335
-0.5963038206100464
-2.7262494564056396
-4.340906620025635
-3.0212175846099854
-5.849833011627197
-0.7057132720947266
-7.312272071838379
-4.310094356536865
-0.040653254836797714
-6.224924087524414
-0.8773028254508972
-5.5186614990234375
-0.2305905520915985
-6.2175798416137695
-8.018376350402832
-0.5824759602546692
-2.5727782249450684
-2.925888776779175
-3.6517670154571533
-0.7842540740966797
-4.145325183868408
-1.8859896659851074
-6.481159687042236
-4.800748348236084
-2.473902463912964
-6.985638618469238
-4.180348873138428
-8.585092544555664
-1.8779900074005127
-5.41886568069458
-8.499775886535645
-2.9299187660217285
-6.703083515167236
-1.8187867403030396
-7.451634407043457
-6.202139377593994
-4.573748588562012
-7.969553470611572
-1.9642653465270996
-4.384119987487793
-7.490350723266602
-7.104965686798096
-1.4017786979675293
-3.357564926147461
-1.632330298423767
-3.6192450523376465
-1.4931572675704956
-0.46018874645233154
-3.2086386680603027
-2.1854968070983887
-2.3929057121276855
-10.322358131408691
-1.9525219202041626
-3.3618216514587402
-3.3831088542938232
-5.461517333984375
-5.3657402992248535
-2.4180712699890137
-4.881494998931885
-4.490435600280762
-0.545918345451355
-3.987245559692383
-1.9022287130355835
-4.456836223602295
-4.6310505867004395
-4.673532009124756
-5.9458160400390625
-8.272807121276855
-6.177839756011963
-5.087296009063721
-6.027657508850098
-1.1852329969406128
-2.558488368988037
-3.217674493789673
-2.7799620628356934
-1.533462643623352
-5.677487850189209
-7.237025737762451
-0.7688881754875183
-2.1733298301696777
-2.100280284881592
-2.4636950492858887
-1.4062256813049316
-2.9607179164886475
-2.196993350982666
-4.379469394683838
-2.5915307998657227
-0.7442888617515564
-3.3441038131713867
-3.8301925659179688
-0.2808402180671692
-8.954007148742676
-1.7319821119308472
-2.413383722305298
-7.9866108894348145
-2.11482572555542
-0.45111507177352905
-2.9337518215179443
-1.3401433229446411
-1.8601982593536377
-1.4813333749771118
-4.032591819763184
-6.09190034866333
-3.0717644691467285
-3.5076756477355957
-2.462176561355591
-1.1401801109313965
-11.442556381225586
-0.7606627941131592
-2.9962968826293945
-4.524238586425781
-3.4882426261901855
-3.7720370292663574
-4.9363627433776855
-6.87794303894043
-1.9549705982208252
-4.040408134460449
-2.4945449829101562
-5.408172130584717
-11.883055686950684
-6.442377090454102
-1.5545639991760254
-7.657707691192627
-5.9798455238342285
-5.547914028167725
-9.565200805664062
-1.8900078535079956
-0.7012518644332886
-0.7699308395385742
-0.052304357290267944
-0.1385122388601303
-3.4333481788635254
-0.36879342794418335
-3.5847067832946777
-2.9521846771240234
-6.517213344573975
-4.017414093017578
-4.882932662963867
-8.394619941711426
-4.212371826171875
-1.7953104972839355
-3.7684035301208496
-6.522469520568848
-6.822510719299316
-6.505955696105957
-0.5989475250244141
-7.1494340896606445
-8.939245223999023
-6.470428466796875
-6.057238578796387
-7.05580997467041
-2.1465303897857666
-3.8750205039978027
-11.406608581542969
-0.17091824114322662
-5.23777437210083
-3.8356945514678955
-3.4377903938293457
-4.81474494934082
-11.487987518310547
-2.6270997524261475
-0.05683033540844917
-3.391416072845459
-2.173387050628662
-0.2912249267101288
-6.057845115661621
-1.5219918489456177
-6.173357009887695
-6.102443218231201
-1.4152123928070068
-0.9517120122909546
-0.8473976254463196
-8.891469955444336
-5.053432941436768
-7.629930019378662
-2.1169140338897705
-1.690120816230774
-2.356900691986084
-1.9488965272903442
-8.284249305725098
-1.978601336479187
-0.30246973037719727
-2.76855206489563
-11.48439884185791
-3.440156936645508
-2.640472412109375
-10.960968971252441
-2.102738857269287
-11.273467063903809
-11.734469413757324
-12.898446083068848
-6.130924224853516
-0.15595147013664246
-4.472641944885254
-11.023467063903809
-1.8908085823059082
-12.195322036743164
-1.2689766883850098
-10.687585830688477
-10.781292915344238
-10.71098518371582
-5.858469009399414
-0.5579204559326172
-7.292174339294434
-7.5758466720581055
-2.108173131942749
-2.3548994064331055
-3.2817306518554688
-3.079078197479248
-4.527409076690674
-2.768902540206909
-2.4570512771606445
-3.065946578979492
-4.044546127319336
-13.195989608764648
-2.3414523601531982
-2.2842178344726562
-3.4303812980651855
-3.762397527694702
-5.100821495056152
-1.3595691919326782
-12.015637397766113
-2.0323779582977295
-11.625043869018555
-2.6577799320220947
-0.8240469098091125
-10.929840087890625
-1.9650335311889648
-3.123073101043701
-1.4543747901916504
-7.462465286254883
-7.582635402679443
-4.905101776123047
-2.045060157775879
-1.7617084980010986
-0.8336772918701172
-1.4380083084106445
-4.003485679626465
-5.459133148193359
-6.924589157104492
-4.715618133544922
-7.814968585968018
-2.2722315788269043
-2.4730257987976074
-5.911778450012207
-7.186351776123047
-8.514291763305664
-0.022278860211372375
-1.9852685928344727
-3.7041866779327393
-5.07573127746582
-2.4095118045806885
-1.161653757095337
-4.1505818367004395
-8.859542846679688
-1.6357086896896362
-5.586472988128662
-0.3616220951080322
-11.759153366088867
-1.5734376907348633
-2.747861862182617
-8.05952262878418
-0.8194325566291809
-5.633230686187744
-1.4661965370178223
-12.574692726135254
-1.5577808618545532
-2.8616065979003906
-13.469889640808105
-3.2154433727264404
-0.28263309597969055
-9.653472900390625
-7.428299427032471
-7.800955772399902
-4.6870317459106445
-1.3633570671081543
-3.5395307540893555
-2.1989614963531494
-3.6613821983337402
-0.2577117681503296
-2.505382537841797
-7.698876857757568
-3.4715442657470703
-3.0475358963012695
-2.121276378631592
-2.30660343170166
-4.285887241363525
-1.352973222732544
-1.536126971244812
-4.025508880615234
-3.002798557281494
-3.8490655422210693
-4.480703830718994
-2.585683822631836
-2.934241771697998
-2.163825035095215
-3.646920680999756
-2.2679524421691895
-0.4444953203201294
-1.5690715312957764
-2.303022861480713
-1.986236572265625
-0.9971528053283691
-4.43460750579834
-0.8651800155639648
-1.5655384063720703
-1.2137479782104492
-3.6188371181488037
-2.912523031234741
-3.9638495445251465
-1.7731329202651978
-6.675201416015625
-4.174412250518799
-3.256356716156006
-7.999183654785156
-14.703126907348633
-1.4192878007888794
-6.437970161437988
-14.735434532165527
-5.095900535583496
-9.530598640441895
-9.067169189453125
-5.711663722991943
-1.8144924640655518
-4.917410850524902
-9.499715805053711
-7.229534149169922
-2.608165979385376
-8.343250274658203
-2.1035308837890625
-4.449224472045898
-6.699484825134277
-3.8652052879333496
-7.003774166107178
-3.896322250366211
-6.573127746582031
-3.7928953170776367
-1.198775291442871
-0.9183000326156616
-0.7775841355323792
-8.851618766784668
-4.605936050415039
-7.764458656311035
-2.1139116287231445
-4.827722549438477
-3.393162250518799
-0.6688474416732788
-2.1105966567993164
-7.112171173095703
-0.5225087404251099
-4.41746187210083
-5.842963218688965
-6.991525650024414
-6.3144121170043945
-9.37785816192627
-1.5889501571655273
-9.915184020996094
-2.1270394325256348
-3.1237916946411133
-5.378037929534912
-0.3842698931694031
-1.0865833759307861
-1.2567107677459717
-5.325949192047119
-2.506321907043457
-2.0373964309692383
-4.194916725158691
-6.517198085784912
-3.9892168045043945
-3.037834644317627
-1.0573744773864746
-4.8154802322387695
-5.927848815917969
-5.492597579956055
-2.401000499725342
-0.6609388589859009
-0.5312361717224121
-10.800070762634277
-2.7761402130126953
-2.3981716632843018
-2.251159191131592
-3.1384456157684326
-6.704429626464844
-9.641372680664062
-7.434133052825928
-6.993361473083496
-2.6827728748321533
-1.8336536884307861
-4.931581974029541
-3.7872767448425293
-5.886748790740967
-1.5782191753387451
-2.070218086242676
-2.5117318630218506
-4.939051151275635
-3.1109697818756104
-1.5926976203918457
-5.745887279510498
-2.2466046810150146
-1.457454800605774
-0.38699278235435486
-4.464763641357422
-2.5021467208862305
-2.9537768363952637
-6.018458366394043
-0.01596829853951931
-2.6399471759796143
-1.0929076671600342
-7.4565019607543945
-0.02680518664419651
-0.5297514796257019
-4.653348445892334
-1.7530463933944702
-2.89428448677063
-4.866949081420898
-2.6664185523986816
-5.10873556137085
-8.169468879699707
-3.0922632217407227
-3.5822227001190186
-3.7636241912841797
-2.7003140449523926
-4.2255449295043945
-2.735151529312134
-4.17495584487915
-3.595944881439209
-11.100469589233398
-1.0647932291030884
-3.6815526485443115
-3.983572483062744
-2.412081718444824
-6.509242534637451
-2.872553825378418
-3.527373790740967
-8.969860076904297
-4.042898654937744
-3.0192484855651855
-10.117670059204102
-1.8987773656845093
-1.7418403625488281
-5.349856376647949
-4.939052104949951
-5.041144371032715
-5.476133346557617
-3.2384121417999268
-2.8498239517211914
-1.4239403009414673
-1.0101559162139893
-0.8043782711029053
-8.854619026184082
-5.476739406585693
-5.097700119018555
-2.0707006454467773
-1.787327527999878
-7.7709455490112305
-1.709109902381897
-2.7642102241516113
-4.747626781463623
-2.9599366188049316
-1.8007339239120483
-9.732003211975098
-4.1653218269348145
-0.9364596009254456
-3.77054500579834
-1.5300841331481934
-1.514254093170166
-0.6360397934913635
-6.004642963409424
-7.052896499633789
-7.577570915222168
-2.833491325378418
-3.879281520843506
-6.197680950164795
-2.3378896713256836
-1.4248204231262207
-1.9146602153778076
-4.090309143066406
-3.547773599624634
-1.6403812170028687
-3.7965340614318848
-1.519187092781067
-5.673320293426514
-2.129892349243164
-8.60718059539795
-4.020041465759277
-2.035720109939575
-4.33294677734375
-8.025254249572754
-0.15164503455162048
-2.721709966659546
-4.664349555969238
-9.353219985961914
-5.229401111602783
-8.425182342529297
-3.0355587005615234
-4.7601318359375
-8.366157531738281
-6.563987731933594
-9.409769058227539
-2.66677188873291
-6.290211200714111
-2.1944549083709717
-4.861515522003174
-5.208045482635498
-4.455209255218506
-1.9982092380523682
-6.29775857925415
-3.969308853149414
-4.594107151031494
-6.27504825592041
-3.6217150688171387
-5.781049728393555
-1.5374478101730347
-1.6063240766525269
-2.1012532711029053
-3.6271300315856934
-4.033211708068848
-4.1487298011779785
-2.1684892177581787
-2.672625780105591
-2.86246657371521
-3.6753225326538086
-5.817436695098877
-1.9641315937042236
-7.220638275146484
-7.672377586364746
-2.172004461288452
-3.193943738937378
-3.013230800628662
-10.156853675842285
-3.168342113494873
-0.4980180263519287
-6.657647132873535
-4.133468151092529
-5.281123638153076
-4.032009124755859
-7.700494766235352
-5.191208839416504
-3.791898727416992
-2.923473834991455
-4.7045793533325195
-3.534350633621216
-3.864734411239624
-3.0353660583496094
-1.4758021831512451
-4.417722225189209
-4.63740348815918
-4.233007431030273
-3.4852325916290283
-5.671398639678955
-3.123734951019287
-1.369229793548584
-8.989867210388184
-5.153736114501953
-9.091315269470215
-7.254742622375488
-1.2125482559204102
-9.00705337524414
-1.998169183731079
-3.476518154144287
-2.1985464096069336
-3.070638656616211
-2.711170196533203
-2.653488874435425
-1.102987289428711
-5.36607551574707
-7.864326477050781
-1.1537162065505981
-3.526263952255249
-6.223753929138184
-7.617466926574707
-6.237879276275635
-2.4482548236846924
-0.7027315497398376
-3.6907832622528076
-3.9111011028289795
-1.607505440711975
-0.4369354844093323
-0.9825427532196045
-1.85917329788208
-3.7857108116149902
-3.7623703479766846
-7.385387897491455
-2.2281415462493896
-9.713042259216309
-4.1754150390625
-2.318382740020752
-5.350412368774414
-6.579615592956543
-4.250736713409424
-4.254995346069336
-2.3657007217407227
-5.467998027801514
-3.7768120765686035
-2.880795955657959
-7.53157901763916
-3.437983751296997
-3.425855875015259
-4.747277736663818
-3.512101173400879
-2.8571090698242188
-6.2519707679748535
-3.471663475036621
-5.026925086975098
-3.084892511367798
-6.548425197601318
-4.264824390411377
-4.646589756011963
-7.368361473083496
-7.450198650360107
-5.522012233734131
-1.1154351234436035
-4.8362202644348145
-3.774627208709717
-5.784435272216797
-1.4727699756622314
-3.0129332542419434
-6.527464389801025
-2.9121768474578857
-1.6769628524780273
-3.5612404346466064
-2.4938807487487793
-5.012516021728516
-10.906302452087402
-7.457751274108887
-3.9109885692596436
-9.936458587646484
-2.107937812805176
-1.8991892337799072
-2.1148009300231934
-6.567907333374023
-3.799471139907837
-4.578094482421875
-5.100775718688965
-5.053680896759033
-2.3973004817962646
-1.530251145362854
-5.475999355316162
-0.6913233399391174
-6.476300239562988
-2.8143510818481445
-1.2253050804138184
-5.156700134277344
-1.502202033996582
-3.012176752090454
-1.9720827341079712
-1.1124796867370605
-2.761350393295288
-1.5492579936981201
-3.403383731842041
-1.36240816116333
-2.9852852821350098
-2.775175094604492
-0.7261683940887451
-2.346144914627075
-2.098362922668457
-7.753347396850586
-1.9786818027496338
-2.8990280628204346
-2.9329419136047363
-4.99479341506958
-6.002641677856445
-2.3478801250457764
-3.081719160079956
-3.306100368499756
-8.13800048828125
-2.895810842514038
-1.7200145721435547
-6.430782318115234
-4.4139580726623535
-3.1173112392425537
-4.842546463012695
-2.018068313598633
-2.5970704555511475
-3.0851023197174072
-2.0256118774414062
-3.633981227874756
-4.008984565734863
-5.385782241821289
-2.003798007965088
-0.6584365963935852
-1.2987607717514038
-1.0708911418914795
-1.8238927125930786
-5.27628755569458
-7.174497127532959
-2.4720358848571777
-1.5157312154769897
-1.1322083473205566
-3.2939412593841553
-2.0969221591949463
-5.898217678070068
-3.656959056854248
-4.61586856842041
-1.5150933265686035
-0.9187957644462585
-0.8482345938682556
-8.585894584655762
-6.598898410797119
-2.5810885429382324
-2.7970502376556396
-2.0741147994995117
-4.827643871307373
-8.57071590423584
-8.24467658996582
-2.1648483276367188
-3.101335048675537
-0.8600375056266785
-10.510100364685059
-3.161095380783081
-0.03812346234917641
-4.028806686401367
-1.2593969106674194
-1.0177278518676758
-0.8998837471008301
-9.152482032775879
-2.6660149097442627
-1.2776004076004028
-3.026862382888794
-11.569003105163574
-1.8796665668487549
-0.7191852927207947
-7.777798175811768
-4.035658359527588
-12.781495094299316
-2.214841604232788
-4.600679874420166
-1.5838686227798462
-2.3544225692749023
-1.1845756769180298
-2.158512592315674
-1.3242220878601074
-9.11859130859375
-1.9901347160339355
-6.829272270202637
-9.83255672454834
-2.166095733642578
-2.2956759929656982
-5.828692436218262
-3.8116822242736816
-2.467190980911255
-1.9815244674682617
-3.66092586517334
-4.817084312438965
-1.6102392673492432
-3.7354655265808105
-1.664854645729065
-1.7269904613494873
-1.6388909816741943
-2.9115149974823
-2.1420440673828125
-1.5697381496429443
-5.144453525543213
-5.309463024139404
-2.081604480743408
-6.798077583312988
-4.330721855163574
-7.135991096496582
-7.0526556968688965
-3.0968689918518066
-0.5324106812477112
-1.7528741359710693
-0.9874095320701599
-0.8382325768470764
-8.65197467803955
-1.4872454404830933
-0.8341880440711975
-3.725508689880371
-2.1128158569335938
-2.1385557651519775
-0.9159388542175293
-4.667430877685547
-2.1036126613616943
-8.925110816955566
-6.69990348815918
-8.760533332824707
-9.337759971618652
-2.294562339782715
-6.90316104888916
-1.9722723960876465
-3.4577884674072266
-4.983231544494629
-9.202814102172852
-3.0216944217681885
-4.757256507873535
-6.688086032867432
-3.547698974609375
-5.516912937164307
-4.219081878662109
-2.302452802658081
-3.824357509613037
-7.008840560913086
-2.739236831665039
-7.280663967132568
-3.6880879402160645
-2.9436962604522705
-7.697437286376953
-8.06907844543457
-2.844219207763672
-3.447744369506836
-4.114014148712158
-3.7910780906677246
-0.5842865705490112
-4.805863857269287
-8.072709083557129
-1.93369722366333
-4.24480676651001
-3.8708016872406006
-6.024857521057129
-2.897359609603882
-1.1630369424819946
-3.6523823738098145
-2.675384521484375
-6.9169416427612305
-2.7132973670959473
-4.17451286315918
-0.8487021327018738
-1.6878770589828491
-5.636506080627441
-1.1693663597106934
-0.8117256164550781
-8.890768051147461
-4.875151634216309
-0.2892720103263855
-2.980602741241455
-1.4995096921920776
-0.5388853549957275
-1.5016454458236694
-0.7111024260520935
-1.7836347818374634
-0.6353334784507751
-4.098081588745117
-5.420008182525635
-2.9421586990356445
-8.625682830810547
-9.220381736755371
-2.609031915664673
-3.810242176055908
-5.2212419509887695
-5.057727336883545
-2.5478389263153076
-7.253259181976318
-2.417189598083496
-2.162567138671875
-5.23219633102417
-2.3087069988250732
-8.07048225402832
-1.7843977212905884
-2.97973370552063
-5.909461975097656
-7.96501350402832
-7.8545966148376465
-7.585884094238281
-5.260509967803955
-2.3050715923309326
-0.7907865047454834
-7.105276584625244
-2.9394469261169434
-0.30254408717155457
-1.2591016292572021
-3.949418783187866
-1.8271385431289673
-1.6189327239990234
-6.145485877990723
-2.157172679901123
-0.04329745098948479
-1.82036292552948
-2.3309872150421143
-1.3569443225860596
-3.8350601196289062
-4.0322160720825195
-5.194561004638672
-6.479048728942871
-4.155516624450684
-4.801320552825928
-7.934468746185303
-6.541769504547119
-0.5695300102233887
-8.026700019836426
-2.0168297290802
-4.852871417999268
-1.25956130027771
-4.864425182342529
-0.6900614500045776
-3.4070942401885986
-3.733417272567749
-4.000062942504883
-1.3087158203125
-3.2744526863098145
-2.7727935314178467
-4.704771041870117
-4.508377552032471
-2.9799256324768066
-1.0214788913726807
-0.8981354832649231
-8.725846290588379
-3.06374192237854
-7.044955253601074
-2.284482479095459
-2.517974376678467
-0.7051818370819092
-3.445950508117676
-3.512340545654297
-5.682516574859619
-5.497047424316406
-1.9611736536026
-3.37111759185791
-4.40433931350708
-2.6952054500579834
-2.113224506378174
-2.01812481880188
-6.609850883483887
-2.230813503265381
-3.8733365535736084
-5.129300117492676
-6.245763778686523
-6.697246074676514
-3.112067461013794
-2.7906155586242676
-2.6201627254486084
-2.0798959732055664
-2.7199723720550537
-1.937211513519287
-8.053346633911133
-2.015481472015381
-4.549850940704346
-9.165127754211426
-5.894824028015137
-3.8736040592193604
-1.684183120727539
-3.9048476219177246
-3.472959280014038
-8.52125358581543
-5.096574306488037
-10.423489570617676
-10.132936477661133
-7.960079193115234
-8.679356575012207
-2.294123888015747
-9.344500541687012
-8.294668197631836
-2.686145782470703
-0.8178171515464783
-5.714380264282227
-7.910225868225098
-2.931576728820801
-3.0290396213531494
-6.665487766265869
-4.764111042022705
-3.241459846496582
-3.392352342605591
-3.615706205368042
-4.1377482414245605
-5.4721479415893555
-8.27770709991455
-1.7694098949432373
-3.8826475143432617
-3.6268486976623535
-2.8138961791992188
-3.974210262298584
-2.234309196472168
-3.257976531982422
-5.050533771514893
-5.406627655029297
-3.7844722270965576
-3.3653764724731445
-3.9972498416900635
-5.231382846832275
-3.1244125366210938
-4.434454441070557
-2.536817789077759
-6.444878578186035
-2.3632757663726807
-1.6900835037231445
-2.9893596172332764
-7.7258195877075195
-4.77797269821167
-6.739328384399414
-1.5410034656524658
-0.005488445982336998
-1.9733909368515015
-0.21265631914138794
-2.380657196044922
-0.05232551321387291
-3.0830905437469482
-4.191446304321289
-8.837967872619629
-7.536965370178223
-1.9577900171279907
-1.9330151081085205
-1.161150574684143
-1.6884264945983887
-5.299676418304443
-2.3026771545410156
-4.500235080718994
-4.398764610290527
-1.4141619205474854
-5.650895595550537
-2.294306755065918
-1.9373433589935303
-7.965594291687012
-2.165231466293335
-8.705530166625977
-3.78017520904541
-9.062854766845703
-3.3934273719787598
-1.92919921875
-6.7725443840026855
-1.0631608963012695
-0.7735172510147095
-8.42643928527832
-4.025744438171387
-7.812215328216553
-5.125593662261963
-6.825005531311035
-2.9336159229278564
-1.0719083547592163
-2.5958399772644043
-5.269171714782715
-7.91298770904541
-6.8833417892456055
-0.04221876338124275
-8.854867935180664
-3.5659191608428955
-4.326117038726807
-7.543274879455566
-2.1172847747802734
-3.880671501159668
-0.6658374667167664
-3.0431952476501465
-0.7360270619392395
-2.5053017139434814
-1.4749058485031128
-2.4274566173553467
-2.5515739917755127
-3.083139419555664
-2.5335471630096436
-4.542144298553467
-7.476206302642822
-2.1335484981536865
-2.188148021697998
-3.360280752182007
-2.7863526344299316
-4.652645111083984
-6.591306686401367
-1.5812081098556519
-2.106567144393921
-1.8559592962265015
-2.2280054092407227
-0.6354283094406128
-4.626511096954346
-10.305907249450684
-1.7254352569580078
-3.6234545707702637
-4.51173210144043
-1.4766364097595215
-3.192706346511841
-2.5154242515563965
-6.494498252868652
-4.602651596069336
-9.67712116241455
-1.783930778503418
-7.400722026824951
-0.0792294442653656
-4.115814208984375
-3.8430843353271484
-4.31885290145874
-3.9286842346191406
-5.878680229187012
-2.8037796020507812
-9.75261116027832
-5.080354690551758
-6.535524368286133
-7.896641731262207
-2.7349319458007812
-2.3201847076416016
-4.639392375946045
-7.690274238586426
-6.1396284103393555
-2.0021438598632812
-1.2668616771697998
-4.716399192810059
-1.7655112743377686
-4.207596302032471
-7.732975482940674
-2.207329511642456
-8.037052154541016
-2.301701068878174
-5.399106979370117
-5.567052841186523
-0.7946907877922058
-14.81341552734375
-2.926084041595459
-8.487250328063965
-9.954632759094238
-6.753499984741211
-4.769160747528076
-2.225389242172241
-2.19897198677063
-5.277717113494873
-2.3963167667388916
-7.376672744750977
-5.430477142333984
-3.5891482830047607
-1.5552737712860107
-0.9734331965446472
-5.942297458648682
-5.890138626098633
-11.348326683044434
-1.7144365310668945
-8.552070617675781
-6.657642841339111
-2.535313367843628
-10.18179988861084
-3.4674360752105713
-7.552464962005615
-5.263059139251709
-2.5637950897216797
-7.212428569793701
-4.364969253540039
-8.991937637329102
-1.9581432342529297
-2.2871315479278564
-8.299877166748047
-2.863997459411621
-9.597617149353027
-5.870238780975342
-6.087584018707275
-8.468308448791504
-4.610976219177246
-7.387247562408447
-7.979084491729736
-8.507854461669922
-1.6201881170272827
-9.664302825927734
-6.401744842529297
-5.542198181152344
-4.2839579582214355
-7.483850002288818
-2.443998336791992
-4.141924858093262
-3.1979994773864746
-3.8170690536499023
-2.0469918251037598
-7.297318935394287
-1.2120881080627441
-4.521887302398682
-3.8215932846069336
-1.9551870822906494
-4.819167137145996
-2.44998836517334
-2.035170078277588
-5.0936737060546875
-4.775899410247803
-1.696765422821045
-2.5521609783172607
-7.820459365844727
-5.50769567489624
-2.525973081588745
-8.283422470092773
-2.133450508117676
-1.5425997972488403
-1.96426522731781
-3.7418534755706787
-4.554982662200928
-5.285836219787598
-9.33475399017334
-3.7907066345214844
-4.557850360870361
-12.954824447631836
-3.1810381412506104
-4.22534704208374
-2.3939316272735596
-2.349452495574951
-5.269145965576172
-3.584287166595459
-7.348071098327637
-4.15778112411499
-2.4805026054382324
-2.9875879287719727
-3.545175552368164
-7.843715190887451
-2.255281686782837
-0.6062654256820679
-5.745976448059082
-4.153963088989258
-2.8587558269500732
-2.869412660598755
-1.861067771911621
-1.482285499572754
-8.072030067443848
-7.535138130187988
-2.394324779510498
-4.341580867767334
-8.429364204406738
-3.4620070457458496
-2.7769389152526855
-6.351121425628662
-2.771937370300293
-2.9460346698760986
-2.886162519454956
-1.3468434810638428
-9.59936237335205
-1.003201961517334
-2.03131103515625
-2.727738380432129
-2.910236358642578
-9.360217094421387
-4.2674126625061035
-3.416102886199951
-1.3192145824432373
-4.934039115905762
-5.731133460998535
-5.2721452713012695
-5.69113826751709
-4.478816509246826
-2.244870901107788
-8.172587394714355
-5.424715995788574
-2.45904541015625
-7.419997215270996
-3.6698052883148193
-10.373401641845703
-2.727001190185547
-5.76891565322876
-3.023088216781616
-3.365335464477539
-3.8710806369781494
-8.103682518005371
-5.057246685028076
-6.440976619720459
-1.5897047519683838
-3.745208263397217
-3.517139196395874
-4.160755157470703
-3.3580145835876465
-1.1451325416564941
-0.10655975341796875
-1.0331982374191284
-8.284309387207031
-6.579599380493164
-2.564866065979004
-7.931553840637207
-2.056551694869995
-3.2331080436706543
-6.3409504890441895
-2.733316659927368
-2.0878653526306152
-5.695797920227051
-2.8963234424591064
-2.5105679035186768
-4.1480889320373535
-0.7085536122322083
-3.0694801807403564
-8.179475784301758
-1.3897292613983154
-2.9637277126312256
-5.671789169311523
-4.536914348602295
-3.0918970108032227
-5.482224464416504
-1.5714340209960938
-5.137616157531738
-2.5811350345611572
-8.295794486999512
-1.359710454940796
-8.373930931091309
-0.8735982179641724
-3.7411539554595947
-9.229583740234375
-5.285433769226074
-8.188502311706543
-5.3010478019714355
-3.611818313598633
-6.871024131774902
-5.765834808349609
-5.650054454803467
-8.196372985839844
-2.2838292121887207
-2.5327417850494385
-3.673173189163208
-9.131073951721191
-3.410482883453369
-4.70499324798584
-1.632293462753296
-1.7293055057525635
-2.4732258319854736
-2.547334909439087
-1.5800707340240479
-1.5503604412078857
-1.302702784538269
-2.3630683422088623
-3.7982263565063477
-3.5245413780212402
-2.220189094543457
-2.560149669647217
-7.893224239349365
-9.60311222076416
-1.6056721210479736
-0.47511720657348633
-7.172341823577881
-2.5027313232421875
-11.002099990844727
-2.639674186706543
-2.0023629665374756
-2.629502296447754
-3.7417988777160645
-0.5409284830093384
-0.21615296602249146
-5.274572372436523
-3.308394432067871
-2.845604658126831
-5.6850738525390625
-3.694965362548828
-5.730776786804199
-5.846625804901123
-0.3724563419818878
-0.017015308141708374
-13.037118911743164
-0.040265846997499466
-8.318351745605469
-2.7653534412384033
-2.7146706581115723
-16.613739013671875
-2.3627424240112305
-5.449694633483887
-1.287545919418335
-3.4003942012786865
-6.833935737609863
-3.474895477294922
-6.950855255126953
-5.529298305511475
-3.9465556144714355
-1.0699176788330078
-1.7001386880874634
-0.8027701377868652
-0.8063557147979736
-8.761747360229492
-2.9059157371520996
-8.580011367797852
-0.9938642978668213
-6.743895053863525
-4.379544258117676
-2.396937608718872
-7.036640167236328
-6.6313090324401855
-2.472726583480835
-3.238187789916992
-10.917879104614258
-5.558419704437256
-4.7317280769348145
-1.6036348342895508
-2.3786492347717285
-8.012435913085938
-12.325972557067871
-9.649140357971191
-4.472897052764893
-7.590058326721191
-1.7365607023239136
-1.02592134475708
-1.0464205741882324
-8.906932830810547
-8.408346176147461
-3.42396879196167
-7.113199234008789
-2.157240390777588
-4.881073474884033
-6.668420791625977
-11.690801620483398
-2.493466854095459
-2.471363067626953
-8.431961059570312
-3.8876399993896484
-3.136615514755249
-4.869099140167236
-1.3406643867492676
-2.726506471633911
-2.8938515186309814
-5.174638748168945
-5.104266166687012
-5.682308673858643
-5.572833061218262
-2.2368664741516113
-10.753519058227539
-4.223625659942627
-1.429791808128357
-4.0473246574401855
-2.5546059608459473
-1.0610895156860352
-4.697461128234863
-0.9926145076751709
-0.9600303173065186
-3.4661970138549805
-2.5734713077545166
-8.594467163085938
-0.10937046259641647
-9.639457702636719
-8.49477767944336
-5.8202948570251465
-7.454527854919434
-7.25007963180542
-2.4232730865478516
-4.16330099105835
-2.2932233810424805
-3.360200881958008
-7.0484442710876465
-1.7177824974060059
-2.76894474029541
-0.6747074723243713
-2.5688867568969727
-2.8864831924438477
-4.52529764175415
-5.188114166259766
-2.641787052154541
-7.261008262634277
-4.0732951164245605
-1.9084919691085815
-2.428504705429077
-2.5213913917541504
-7.377033233642578
-2.1222639083862305
-6.879205703735352
-0.0895606055855751
-4.648299694061279
-6.870546340942383
-2.7549149990081787
-0.8995990753173828
-4.635028839111328
-5.8617706298828125
-2.3657851219177246
-3.3334031105041504
-7.285635948181152
-2.060922145843506
-4.583619594573975
-9.601752281188965
-2.42360782623291
-1.0953783988952637
-5.559730052947998
-3.8038315773010254
-2.36055850982666
-4.049160957336426
-9.285136222839355
-2.027730703353882
-4.313859939575195
-0.66138756275177
-5.6761555671691895
-2.0057520866394043
-7.444055557250977
-4.256382942199707
-4.433467864990234
-2.9074513912200928
-8.560881614685059
-1.0781612396240234
-6.641653060913086
-1.1873444318771362
-0.727902889251709
-8.92361068725586
-4.664053440093994
-8.60239028930664
-1.9672160148620605
-0.6124639511108398
-6.112089157104492
-4.590885162353516
-0.5649044513702393
-0.8451557159423828
-3.5348145961761475
-4.190411567687988
-8.126359939575195
-6.423592567443848
-9.644258499145508
-0.7697957754135132
-0.24593789875507355
-7.249385356903076
-1.0403276681900024
-6.033596038818359
-4.495027542114258
-8.20748519897461
-6.736239910125732
-8.312087059020996
-7.943957805633545
-5.265811920166016
-3.1698412895202637
-7.360942840576172
-2.573521852493286
-6.668321132659912
-5.935659408569336
-1.871214747428894
-3.83925724029541
-4.567228317260742
-2.0202252864837646
-7.4444146156311035
-3.211094856262207
-0.7158879041671753
-3.6149702072143555
-2.9718706607818604
-1.3150060176849365
-2.5396289825439453
-0.6499305367469788
-0.8265643119812012
-3.8602051734924316
-3.2625961303710938
-2.6880974769592285
-3.0177769660949707
-3.0221190452575684
-4.002325534820557
-1.1196295022964478
-2.980722427368164
-1.9039199352264404
-3.4131886959075928
-6.423611164093018
-4.064002513885498
-0.10591069608926773
-3.0239665508270264
-4.068909645080566
-5.328327178955078
-0.6894773840904236
-0.06465066224336624
-0.2606084644794464
-9.363688468933105
-1.5194545984268188
-2.976057767868042
-0.6613457798957825
-3.8316028118133545
-5.1378278732299805
-8.813236236572266
-8.007281303405762
-3.259402275085449
-3.891456365585327
-2.4510884284973145
-2.378941059112549
-8.849820137023926
-0.4447644352912903
-1.5327131748199463
-0.9328815937042236
-8.836097717285156
-1.5741873979568481
-6.863838195800781
-1.9345521926879883
-1.9358510971069336
-6.0927653312683105
-2.0755627155303955
-0.9899964928627014
-6.877027988433838
-6.153340816497803
-9.864444732666016
-2.4282803535461426
-7.892296314239502
-7.35592794418335
-2.063410758972168
-4.361670017242432
-1.4661633968353271
-9.28476619720459
-5.570057392120361
-3.085437536239624
-3.2672512531280518
-0.15045054256916046
-8.087244987487793
-1.9964851140975952
-1.074328899383545
-8.950769424438477
-6.485903263092041
-9.66038703918457
-0.02792276442050934
-3.1679818630218506
-1.9055540561676025
-0.5886877179145813
-7.446371078491211
-3.267359733581543
-2.606294631958008
-2.1097970008850098
-2.3175089359283447
-0.9088150262832642
-0.41881150007247925
-7.004394054412842
-5.208802223205566
-2.8648111820220947
-1.9511935710906982
-8.065844535827637
-2.0152575969696045
-2.5949389934539795
-2.121018648147583
-3.4059276580810547
-1.5665141344070435
-1.0584747791290283
-2.4285144805908203
-10.862427711486816
-0.7408344149589539
-0.03489665314555168
-12.159595489501953
-1.9801130294799805
-2.8155035972595215
-0.8521358370780945
-0.3103483021259308
-4.10241174697876
-0.9554480314254761
-1.7974331378936768
-1.6667828559875488
-0.9133573770523071
-3.598362922668457
-2.098003625869751
-4.444204807281494
-2.002991199493408
-1.3194150924682617
-1.4355084896087646
-4.1666059494018555
-11.29399299621582
-0.8539311289787292
-6.81460428237915
-0.8446766138076782
-1.974420428276062
-3.8967068195343018
-8.326770782470703
-9.183769226074219
-2.7184321880340576
-1.6650910377502441
-1.6573983430862427
-3.9902381896972656
-2.2117841243743896
-1.2242482900619507
-7.084170341491699
-3.9344425201416016
-6.775294303894043
-4.2949442863464355
-4.718606472015381
-6.26060676574707
-0.9278891086578369
-4.307544231414795
-2.416733741760254
-8.082479476928711
-5.558533668518066
-4.40667724609375
-6.942483425140381
-3.973602056503296
-7.893237113952637
-3.777477264404297
-0.9447740316390991
-4.1165924072265625
-2.8152852058410645
-3.363867998123169
-6.669888019561768
-0.704668402671814
-2.01930832862854
-3.497119188308716
-1.8983460664749146
-4.297627925872803
-9.235602378845215
-4.064458847045898
-4.0499982833862305
-2.573361873626709
-3.8956682682037354
-7.492872714996338
-3.351424217224121
-8.870162963867188
-9.28604793548584
-4.376831531524658
-2.3129632472991943
-9.911849975585938
-10.91376781463623
-5.403867244720459
-3.178980588912964
-5.208066940307617
-0.24408477544784546
-4.2945075035095215
-1.7856254577636719
-6.290034770965576
-3.813796043395996
-3.304814577102661
-4.3951568603515625
-2.814422369003296
-7.732466220855713
-1.579557180404663
-2.757063388824463
-2.7444818019866943
-3.6975178718566895
-2.428985357284546
-7.202617645263672
-2.955509662628174
-3.766185760498047
-2.4513728618621826
-2.8651440143585205
-9.251672744750977
-2.5855321884155273
-8.741951942443848
-1.307539939880371
-2.1480214595794678
-4.459462642669678
-8.097953796386719
-2.252263307571411
-8.281905174255371
-3.78513765335083
-5.4026570320129395
-3.8614819049835205
-3.7986257076263428
-5.648303031921387
-1.8869144916534424
-3.847477436065674
-9.881976127624512
-3.078620433807373
-4.522826671600342
-4.782336235046387
-8.243345260620117
-7.438237190246582
-3.268681049346924
-1.391725778579712
-2.4721293449401855
-1.560157299041748
-1.8777087926864624
-3.436349630355835
-2.11283802986145
-1.7226753234863281
-10.637959480285645
-4.019998073577881
-7.3551812171936035
-1.1834499835968018
-7.758714199066162
-1.6930900812149048
-4.282593727111816
-8.327393531799316
-3.7037312984466553
-7.581823348999023
-7.551156997680664
-4.187450885772705
-10.154529571533203
-2.090937376022339
-2.763946294784546
-2.5135581493377686
-4.222282886505127
-8.25330638885498
-1.6065423488616943
-7.549920558929443
-8.97420883178711
-1.9217569828033447
-5.102653503417969
-2.508479356765747
-5.971057415008545
-5.441462516784668
-6.1139817237854
-6.777324676513672
-5.6689653396606445
-5.063314914703369
-3.3595170974731445
-1.9527473449707031
-6.252501010894775
-1.217450737953186
-5.93037748336792
-4.296292304992676
-5.20548152923584
-1.8706793785095215
-2.926112651824951
-3.7626192569732666
-6.1539082527160645
-3.673311233520508
-4.916316509246826
-6.13036584854126
-0.2117065042257309
-2.4579789638519287
-0.5130547285079956
-8.19700813293457
-0.6844870448112488
-11.643502235412598
-3.358572483062744
-2.469451904296875
-4.256436824798584
-6.541135311126709
-2.948613405227661
-2.886911153793335
-2.989778757095337
-4.456043720245361
-9.168631553649902
-2.9327521324157715
-3.0934433937072754
-2.6076412200927734
-4.76521635055542
-0.7398266196250916
-3.448781967163086
-3.7280497550964355
-8.317678451538086
-2.0480902194976807
-3.235077381134033
-8.542112350463867
-2.7441647052764893
-8.995038032531738
-6.214380264282227
-4.6629791259765625
-0.6590219736099243
-2.9057178497314453
-6.9105658531188965
-2.6294898986816406
-2.844369649887085
-2.288759231567383
-2.932614326477051
-1.6384598016738892
-8.208170890808105
-0.993691086769104
-5.324526309967041
-5.67494010925293
-1.4469599723815918
-4.944693088531494
-10.333450317382812
-4.729642391204834
-8.08643913269043
-0.7019947171211243
-7.391720771789551
-11.646032333374023
-4.578550815582275
-9.95600700378418
-8.452981948852539
-3.3216750621795654
-6.505404472351074
-4.324914932250977
-7.091444969177246
-2.0533511638641357
-3.4554390907287598
-5.605731964111328
-0.6631167531013489
-3.3640780448913574
-4.433851718902588
-4.397439479827881
-6.471590995788574
-2.8429417610168457
-7.724595546722412
-1.8525516986846924
-3.363734483718872
-8.02071475982666
-6.53641939163208
-8.016130447387695
-4.011442184448242
-6.53317928314209
-6.5468621253967285
-7.659178733825684
-4.031547546386719
-3.6938629150390625
-5.367743492126465
-2.5780913829803467
-1.6932469606399536
-2.8747074604034424
-3.273500680923462
-11.578365325927734
-1.9276114702224731
-0.20872323215007782
-4.775321006774902
-11.188209533691406
-6.660233020782471
-10.851337432861328
-11.764480590820312
-8.485950469970703
-3.7717270851135254
-10.89295768737793
-6.943363666534424
-2.8185853958129883
-0.922177255153656
-6.340542316436768
-2.0361790657043457
-5.176856994628906
-9.351293563842773
-7.300983428955078
-1.626320719718933
-7.022917747497559
-5.452827453613281
-3.6666438579559326
-3.279122829437256
-4.499424934387207
-0.9565539360046387
-3.091585159301758
-3.2843053340911865
-0.862304151058197
-2.5275323390960693
-3.9538235664367676
-3.2290055751800537
-5.348751068115234
-7.985783100128174
-2.2774248123168945
-1.2488826513290405
-0.2956635355949402
-2.891092300415039
-1.6430039405822754
-7.213508605957031
-6.339193344116211
-1.552341341972351
-4.403315544128418
-6.915615558624268
-2.0869171619415283
-4.528512001037598
-2.2967324256896973
-2.962902784347534
-7.583356857299805
-5.6259589195251465
-1.1806981563568115
-0.7727525234222412
-9.20370101928711
-2.8271119594573975
-6.678827285766602
-0.39203396439552307
-6.669126987457275
-22.047258377075195
-3.6987311840057373
-5.383098125457764
-2.167433261871338
-1.993356466293335
-0.9595838785171509
-9.740257263183594
-7.768271446228027
-7.263998508453369
-0.9850190877914429
-4.591166973114014
-5.933402061462402
-3.755277156829834
-3.3836188316345215
-4.315442085266113
-4.6980462074279785
-2.1745822429656982
-0.05411648377776146
-3.026634931564331
-3.3927342891693115
-0.8022551536560059
-3.941316604614258
-2.1623635292053223
-1.71665620803833
-8.266756057739258
-1.8327536582946777
-3.090341567993164
-2.7325470447540283
-4.160755634307861
-2.530761241912842
-3.8523001670837402
-6.707308292388916
-6.557716369628906
-10.702798843383789
-12.35108757019043
-12.49443531036377
-16.436607360839844
-9.04644775390625
-11.95286750793457
-11.166568756103516
-2.045088768005371
-2.332019329071045
-3.7605156898498535
-2.4347307682037354
-1.4728925228118896
-0.605851948261261
-13.318655967712402
-2.139272451400757
-5.424790859222412
-6.776711940765381
-1.7792339324951172
-4.424947261810303
-2.813284158706665
-3.0850720405578613
-2.727851390838623
-2.1010775566101074
-3.4894707202911377
-3.078493356704712
-9.99937915802002
-0.5552688241004944
-1.7556116580963135
-7.659864902496338
-6.182465553283691
-7.854712963104248
-2.5359435081481934
-1.2670737504959106
-3.905289649963379
-2.997199058532715
-2.7191319465637207
-3.761885166168213
-1.3878722190856934
-0.3764578402042389
-0.783824622631073
-1.2557777166366577
-3.9603841304779053
-7.725378036499023
-5.122682571411133
-1.2104414701461792
-4.545669078826904
-7.7860589027404785
-2.4215035438537598
-1.4501190185546875
-6.186185836791992
-5.3552045822143555
-2.74699330329895
-4.237492561340332
-1.8243088722229004
-3.4948809146881104
-8.3356294631958
-3.2866055965423584
-7.587977886199951
-1.444972038269043
-9.108936309814453
-11.940143585205078
-7.40436315536499
-9.255733489990234
-6.46584415435791
-1.3165494203567505
-3.1494243144989014
-3.7447614669799805
-8.505232810974121
-5.801312446594238
-4.248359203338623
-11.072209358215332
-0.6664187908172607
-0.4970139265060425
-3.353856325149536
-7.612932205200195
-8.55925464630127
-5.37175989151001
-7.331889629364014
-2.168116807937622
-4.612335205078125
-1.8391458988189697
-0.6492137908935547
-5.311018466949463
-3.699129104614258
-6.99948263168335
-5.71522331237793
-4.613806247711182
-5.642737865447998
-5.559227466583252
-10.566237449645996
-0.5723140835762024
-4.017886161804199
-3.383148670196533
-10.609893798828125
-7.474604606628418
-3.9601736068725586
-7.443143367767334
-2.684983015060425
-5.50275993347168
-1.7292418479919434
-5.260906219482422
-11.062626838684082
-3.4602651596069336
-5.18071174621582
-15.992237091064453
-3.441025495529175
-3.767164707183838
-8.808921813964844
-1.4431790113449097
-2.3510591983795166
-2.410135269165039
-1.8733488321304321
-1.6549279689788818
-3.9616661071777344
-2.18245267868042
-7.385756492614746
-5.0788164138793945
-3.168213367462158
-5.501760482788086
-6.307912826538086
-7.756844997406006
-2.7333550453186035
-4.947526454925537
-10.753196716308594
-8.223644256591797
-5.132317543029785
-2.846097469329834
-7.342986106872559
-5.516530990600586
-7.60695743560791
-7.967390060424805
-3.009989023208618
-3.479214668273926
-0.9885372519493103
-0.6717662215232849
-9.195178985595703
-3.1502037048339844
-0.8316200971603394
-4.607522964477539
-3.3932087421417236
-7.457214832305908
-0.33231279253959656
-6.627475261688232
-2.910578727722168
-1.356495976448059
-3.004382848739624
-0.5579093098640442
-1.4859439134597778
-2.3643746376037598
-2.5709400177001953
-1.8380815982818604
-6.852630138397217
-2.125403881072998
-2.805858850479126
-3.838653564453125
-2.0614185333251953
-1.2963393926620483
-4.147222995758057
-2.908566951751709
-3.448962688446045
-3.457717180252075
-3.3614895343780518
-4.322049140930176
-2.344144105911255
-1.5525065660476685
-4.090850830078125
-1.7000457048416138
-3.3954782485961914
-5.480758190155029
-2.150620698928833
-8.083620071411133
-0.40255334973335266
-3.59926176071167
-3.2150495052337646
-3.5533831119537354
-3.0964484214782715
-3.1555213928222656
-0.5903393030166626
-4.267598628997803
-6.189300537109375
-3.068321466445923
-5.698896408081055
-1.672605276107788
-2.417163610458374
-2.9617128372192383
-2.4666147232055664
-4.173043251037598
-1.959877610206604
-6.548384666442871
-4.232535362243652
-2.651834487915039
-0.7523090243339539
-5.403305530548096
-2.682802677154541
-2.0844249725341797
-3.319965124130249
-7.656023025512695
-0.4762973487377167
-0.31454402208328247
-7.504209518432617
-5.509300708770752
-12.224089622497559
-2.4868311882019043
-5.680785655975342
-3.06717848777771
-3.992614507675171
-10.728145599365234
-6.565108299255371
-8.398603439331055
-7.278209209442139
-4.7937726974487305
-7.930842399597168
-2.02113676071167
-5.2728590965271
-9.104851722717285
-3.9806530475616455
-3.540348529815674
-4.235010623931885
-1.789914608001709
-3.786653757095337
-6.415700435638428
-8.49545669555664
-6.714771747589111
-10.896187782287598
-7.646897315979004
-1.8795506954193115
-2.6861703395843506
-10.114628791809082
-2.3537371158599854
-4.742814064025879
-2.601362705230713
-0.8483937978744507
-4.792981147766113
-0.554925262928009
-3.9622128009796143
-2.2423603534698486
-1.660650610923767
-3.0069544315338135
-2.9256227016448975
-4.325015544891357
-1.0577906370162964
-1.934170126914978
-2.9137282371520996
-1.256150484085083
-1.7113986015319824
-4.629465579986572
-1.556777834892273
-3.6516189575195312
-6.014801502227783
-10.157638549804688
-5.396664619445801
-3.2046597003936768
-2.158451795578003
-3.9566853046417236
-1.4426311254501343
-9.261528015136719
-2.6371066570281982
-0.5726051926612854
-13.257867813110352
-1.5946877002716064
-0.6392464637756348
-6.698518753051758
-1.4729523658752441
-2.396481990814209
-0.9841097593307495
-1.8422775268554688
-3.1672937870025635
-7.280641555786133
-2.226630210876465
-0.7105494141578674
-3.212984800338745
-5.907198905944824
-4.830937385559082
-5.596841812133789
-3.308412551879883
-6.664628982543945
-3.2582061290740967
-7.005014896392822
-2.195425033569336
-3.502169132232666
-3.039293050765991
-3.774672508239746
-4.537939071655273
-2.6128859519958496
-3.358793020248413
-2.822277784347534
-6.97967529296875
-4.313459396362305
-1.6603728532791138
-6.252169132232666
-5.810794830322266
-8.493430137634277
-3.131535053253174
-8.083358764648438
-2.1148102283477783
-3.7439773082733154
-4.68828821182251
-9.977606773376465
-6.7909417152404785
-10.127080917358398
-3.0192172527313232
-7.199949264526367
-5.9297590255737305
-2.4982192516326904
-5.573727607727051
-1.921168327331543
-4.960556983947754
-3.023002862930298
-7.359455108642578
-3.7668118476867676
-2.4475717544555664
-0.13964685797691345
-7.15593147277832
-7.784881114959717
-7.127994060516357
-1.5412675142288208
-1.5528557300567627
-1.4933805465698242
-7.325107097625732
-2.974224328994751
-3.228299856185913
-7.913424491882324
-5.556238174438477
-0.5999327301979065
-9.735267639160156
-5.275508403778076
-6.423590660095215
-3.968583345413208
-7.203761100769043
-1.3693087100982666
-2.5920934677124023
-1.5587539672851562
-0.12448614835739136
-1.9865341186523438
-2.1850438117980957
-10.98120403289795
-0.6096540689468384
-4.374814987182617
-5.663701057434082
-15.730113983154297
-3.288412570953369
-7.780742645263672
-2.0149893760681152
-4.61837911605835
-8.016979217529297
-3.567789077758789
-6.4566121101379395
-2.4010722637176514
-8.226426124572754
-4.250890731811523
-1.6788302659988403
-1.6436877250671387
-3.8862106800079346
-3.6313366889953613
-3.426776885986328
-5.291161060333252
-7.492666721343994
-8.012212753295898
-0.9448637962341309
-2.2870712280273438
-1.7029179334640503
-0.5170139074325562
-3.9094977378845215
-1.0411427021026611
-4.421199798583984
-8.659302711486816
-4.987783432006836
-2.6823010444641113
-3.223257064819336
-2.8337066173553467
-3.7357370853424072
-11.742938041687012
-2.842578411102295
-1.3888927698135376
-8.833480834960938
-1.8860455751419067
-2.507668972015381
-6.788152694702148
-11.324234962463379
-7.964846611022949
-2.934399127960205
-4.687043190002441
-6.158458232879639
-9.677803993225098
-2.724561929702759
-11.494316101074219
-2.088366746902466
-0.7249081134796143
-4.028459072113037
-8.093174934387207
-1.877439260482788
-2.9461207389831543
-3.9499924182891846
-4.270537376403809
-0.8960525989532471
-5.9451212882995605
-1.9123566150665283
-1.580100417137146
-5.563432693481445
-2.6600983142852783
-2.820096254348755
-4.8837127685546875
-6.645439147949219
-1.7146254777908325
-6.554522514343262
-5.423398017883301
-3.408315420150757
-2.6297895908355713
-2.3487071990966797
-7.191272258758545
-3.1705150604248047
-3.6899044513702393
-2.288977861404419
-1.9367138147354126
-0.37996354699134827
-4.970634460449219
-4.10166072845459
-1.377593755722046
-0.7472062706947327
-7.291691303253174
-4.837115287780762
-4.751092910766602
-4.314942836761475
-1.56625497341156
-2.5075137615203857
-2.1362011432647705
-7.508662700653076
-7.605639457702637
-1.8323806524276733
-3.2291173934936523
-9.359521865844727
-4.260485649108887
-0.0640028789639473
-3.5333783626556396
-0.6573807597160339
-0.9129997491836548
-2.5024309158325195
-2.1429357528686523
-6.9727983474731445
-6.7107462882995605
-3.4022412300109863
-0.9819601774215698
-0.9131555557250977
-9.007589340209961
-4.886869430541992
-3.1264960765838623
-8.183323860168457
-3.859199047088623
-2.8446059226989746
-2.9265732765197754
-3.626232862472534
-7.076186656951904
-2.4332964420318604
-7.091868877410889
-7.11744499206543
-8.655418395996094
-0.10859896242618561
-2.3143396377563477
-3.7129828929901123
-2.036105155944824
-0.9854550361633301
-0.8469911217689514
-1.9870281219482422
-5.475266933441162
-1.0080260038375854
-9.06748104095459
-1.9914525747299194
-7.387809753417969
-3.162952423095703
-5.00227689743042
-9.502267837524414
-7.361482620239258
-1.494508981704712
-1.6855103969573975
-8.680694580078125
-9.134735107421875
-2.039712429046631
-0.37434330582618713
-2.885817527770996
-1.4944744110107422
-0.6868209838867188
-6.235541820526123
-1.2577253580093384
-2.7271876335144043
-7.758939266204834
-5.333920478820801
-5.187577247619629
-0.8804190754890442
-2.8450417518615723
-4.579367637634277
-0.4681050777435303
-6.720033168792725
-8.215264320373535
-3.5300161838531494
-6.7454352378845215
-3.6689794063568115
-0.12186584621667862
-5.389323711395264
-4.199202537536621
-0.6944602727890015
-3.6211915016174316
-4.847963333129883
-2.8846535682678223
-3.513054609298706
-2.2188892364501953
-3.3196141719818115
-9.92241096496582
-3.152886152267456
-1.1048860549926758
-3.1454710960388184
-7.118889808654785
-7.621579647064209
-10.727753639221191
-4.404801368713379
-6.4307732582092285
-3.7062857151031494
-7.817439079284668
-6.321523189544678
-6.816622734069824
-1.148276448249817
-3.106301784515381
-3.0665714740753174
-5.571495532989502
-1.1309707164764404
-7.630479335784912
-2.8655757904052734
-3.4404282569885254
-6.5912275314331055
-1.9691895246505737
-1.6894865036010742
-4.209497928619385
-3.5487656593322754
-1.764237880706787
-1.3988384008407593
-2.2875876426696777
-0.3129102885723114
-1.7120522260665894
-4.20395040512085
-2.242417812347412
-1.90150785446167
-2.5872294902801514
-3.4844696521759033
-7.599915981292725
-2.5997273921966553
-2.090391159057617
-3.4336137771606445
-4.960439205169678
-3.682246685028076
-2.7284927368164062
-14.278684616088867
-2.8142945766448975
-9.102234840393066
-1.5730767250061035
-6.948431015014648
-12.571496963500977
-8.289336204528809
-7.301182746887207
-6.517178535461426
-9.773381233215332
-2.9828319549560547
-1.2717453241348267
-3.260958194732666
-1.006002426147461
-3.8723549842834473
-5.300116539001465
-5.402036190032959
-4.375619888305664
-5.232203960418701
-8.252025604248047
-3.9159958362579346
-3.258579969406128
-4.344192981719971
-2.573997974395752
-2.8415884971618652
-3.798872470855713
-3.654790163040161
-5.350889205932617
-0.8608531355857849
-3.5324864387512207
-2.195441484451294
-0.5411306023597717
-1.4589760303497314
-3.7815864086151123
-5.184495449066162
-5.220417022705078
-5.414362907409668
-8.414820671081543
-5.3914570808410645
-3.895214080810547
-3.314984083175659
-3.230550765991211
-1.9170002937316895
-7.692716121673584
-2.2057762145996094
-5.042042255401611
-2.1419291496276855
-6.536411762237549
-6.891726493835449
-9.375127792358398
-2.3848578929901123
-3.5838515758514404
-1.9065473079681396
-2.6188910007476807
-1.9004902839660645
-3.2129833698272705
-7.373907089233398
-2.201148509979248
-3.6019158363342285
-6.045677661895752
-7.2461771965026855
-1.9483225345611572
-1.013191819190979
-6.5623674392700195
-4.194097518920898
-2.383871078491211
-5.519870758056641
-9.180110931396484
-2.0892653465270996
-3.7180848121643066
-2.1077070236206055
-3.9668679237365723
-2.9266088008880615
-5.481181621551514
-7.267975330352783
-5.619692325592041
-5.512052059173584
-6.60614013671875
-7.245205879211426
-4.851310729980469
-3.910447835922241
-7.876391887664795
-4.1567769050598145
-7.258301258087158
-1.807441234588623
-3.794318675994873
-4.806744575500488
-5.585737228393555
-3.0096142292022705
-5.5944647789001465
-2.3671772480010986
-3.624912977218628
-4.680459499359131
-2.8656766414642334
-2.30548357963562
-4.780791759490967
-13.617704391479492
-3.864828109741211
-0.4346523880958557
-3.656977891921997
-1.6616013050079346
-3.063016414642334
-2.8548150062561035
-7.445883274078369
-6.624621391296387
-6.1739888191223145
-3.2584211826324463
-0.6655774116516113
-1.5178258419036865
-2.306009531021118
-6.67322301864624
-9.222298622131348
-2.637212038040161
-7.61466121673584
-2.028350353240967
-2.7152345180511475
-3.9206361770629883
-0.5484036803245544
-1.3071931600570679
-3.4895100593566895
-4.153350830078125
-2.7394490242004395
-6.501598358154297
-9.568582534790039
-1.0851863622665405
-5.964058876037598
-1.8244578838348389
-3.4060463905334473
-3.1520118713378906
-1.4094340801239014
-4.901219844818115
-2.642462730407715
-3.1172051429748535
-1.1506092548370361
-6.392396450042725
-3.825878620147705
-2.7977592945098877
-10.940018653869629
-1.9825243949890137
-3.9338395595550537
-4.14098596572876
-2.152214527130127
-4.898535251617432
-2.5335693359375
-2.7377097606658936
-4.2603631019592285
-6.234257221221924
-8.174135208129883
-8.601140975952148
-3.3202035427093506
-5.404449939727783
-2.9889121055603027
-4.024407863616943
-5.342843532562256
-3.9923601150512695
-1.8518670797348022
-8.338414192199707
-7.3815131187438965
-4.664660453796387
-2.4816858768463135
-3.1667892932891846
-6.434528827667236
-3.0506234169006348
-3.585592269897461
-1.128602385520935
-0.7531203031539917
-9.242521286010742
-3.3061397075653076
-7.365782737731934
-1.9710379838943481
-2.218477725982666
-7.920065879821777
-0.643358588218689
-0.6401376724243164
-3.9449195861816406
-3.8079047203063965
-9.84373664855957
-5.169291019439697
-4.372605800628662
-7.129810333251953
-2.1189002990722656
-2.4752800464630127
-13.27357006072998
-2.292633056640625
-2.9782676696777344
-3.029729127883911
-7.751033782958984
-7.535276412963867
-2.2106075286865234
-6.996335029602051
-2.2146670818328857
-5.386946678161621
-3.243715524673462
-5.8580002784729
-2.378636360168457
-3.3610262870788574
-3.4097142219543457
-7.201345443725586
-1.7417373657226562
-6.9425740242004395
-2.1242949962615967
-2.6006925106048584
-7.620068550109863
-3.8219525814056396
-0.14548496901988983
-3.7370641231536865
-6.921186447143555
-2.8567237854003906
-3.052206039428711
-7.566841125488281
-3.6018130779266357
-4.416583061218262
-0.7714712619781494
-14.247434616088867
-6.745867729187012
-2.300920248031616
-4.465001106262207
-7.074325084686279
-1.8910481929779053
-4.513772010803223
-1.0042853355407715
-4.9902825355529785
-5.73429536819458
-7.400524139404297
-9.065793991088867
-11.497538566589355
-1.4954261779785156
-11.35500717163086
-7.7390899658203125
-9.647722244262695
-4.100189208984375
-2.3590946197509766
-2.716463804244995
-2.5006470680236816
-3.049661874771118
-6.816106796264648
-4.903858661651611
-6.446117877960205
-7.826969623565674
-5.091841697692871
-8.74479866027832
-1.6260608434677124
-3.6654372215270996
-5.07110071182251
-7.183600425720215
-10.074111938476562
-10.417749404907227
-5.636926174163818
-8.569785118103027
-5.778139591217041
-2.9151711463928223
-1.774594783782959
-2.365109920501709
-4.477500915527344
-5.200616836547852
-0.07946640998125076
-4.407450199127197
-4.783941745758057
-3.5217394828796387
-7.179610729217529
-1.956929326057434
-4.957282066345215
-10.084388732910156
-4.6369829177856445
-2.5868515968322754
-9.936928749084473
-7.0540452003479
-5.133973598480225
-6.308900356292725
-6.727797508239746
-3.1327295303344727
-1.6874054670333862
-3.4456491470336914
-10.01032829284668
-1.415999412536621
-1.8619576692581177
-0.8232806324958801
-6.8457136154174805
-2.6610493659973145
-1.0451730489730835
-10.307326316833496
-1.656165361404419
-0.3323637545108795
-4.011166095733643
-8.613580703735352
-2.553682327270508
-4.740086078643799
-5.1240997314453125
-8.456153869628906
-7.324145793914795
-3.6514716148376465
-10.298033714294434
-2.0420570373535156
-3.2630455493927
-0.9581340551376343
-2.550579071044922
-4.495280742645264
-2.88812255859375
-5.554478645324707
-3.9936792850494385
-7.222326755523682
-5.2400126457214355
-0.3057350218296051
-4.468843460083008
-2.342740774154663
-1.7144713401794434
-3.9587931632995605
-0.05555710569024086
-4.251017093658447
-1.5162873268127441
-6.563388824462891
-8.169587135314941
-2.1761555671691895
-3.1107876300811768
-4.387685298919678
-7.513001441955566
-2.1765434741973877
-5.137354373931885
-8.23996353149414
-6.064026355743408
-1.783224105834961
-3.9851138591766357
-6.513911247253418
-3.2695791721343994
-9.681483268737793
-4.6310319900512695
-4.563313961029053
-7.868171215057373
-9.40101146697998
-1.779003381729126
-6.854438304901123
-2.196528434753418
-7.602309226989746
-0.9658435583114624
-4.600352764129639
-7.0356340408325195
-3.340961456298828
-4.259141445159912
-6.669253349304199
-4.623494625091553
-1.5689574480056763
-2.615407943725586
-3.0245606899261475
-9.726608276367188
-2.580117702484131
-6.634134769439697
-2.1550331115722656
-11.924330711364746
-1.9816921949386597
-1.175984263420105
-2.8764896392822266
-6.868409156799316
-0.31000691652297974
-9.139141082763672
-0.7539932727813721
-5.754026412963867
-3.0658979415893555
-2.0491530895233154
-2.283083438873291
-2.62412428855896
-13.813867568969727
-6.673201560974121
-4.04517936706543
-1.395244836807251
-7.018439769744873
-2.093660354614258
-6.241734027862549
-3.289579153060913
-9.843830108642578
-2.9230809211730957
-3.6167986392974854
-7.874804496765137
-4.203795909881592
-5.201895713806152
-5.022004127502441
-5.456968307495117
-7.36598539352417
-3.979368209838867
-3.333695411682129
-9.414265632629395
-1.977580189704895
-0.5660889744758606
-6.346311569213867
-5.571433067321777
-2.7359776496887207
-2.2208056449890137
-4.9950690269470215
-3.161010265350342
-3.2911815643310547
-2.5220463275909424
-2.2831544876098633
-3.2646608352661133
-2.8039817810058594
-1.7464616298675537
-13.555743217468262
-5.051612854003906
-1.4067888259887695
-7.977155685424805
-2.1481077671051025
-2.651737689971924
-3.4392874240875244
-4.903151512145996
-1.9215576648712158
-2.512685775756836
-4.863448143005371
-3.0449254512786865
-2.002861261367798
-2.976100206375122
-1.1274566650390625
-1.1297974586486816
-8.696076393127441
-4.397631645202637
-2.647958278656006
-3.292177200317383
-2.4324634075164795
-5.1761579513549805
-5.96331262588501
-12.464018821716309
-9.465373039245605
-5.3481550216674805
-2.467773914337158
-3.7307698726654053
-3.4482460021972656
-8.328254699707031
-7.4818315505981445
-3.5180857181549072
-1.8724424839019775
-3.1085598468780518
-2.6846537590026855
-5.206103801727295
-9.183382034301758
-7.362508773803711
-4.535243511199951
-3.5272228717803955
-2.4684035778045654
-3.093684434890747
-8.058818817138672
-2.0218002796173096
-5.747925281524658
-2.4940667152404785
-11.074111938476562
-4.711253643035889
-1.467968463897705
-3.4258642196655273
-3.1008360385894775
-6.484057426452637
-8.627782821655273
-9.91849136352539
-3.199049472808838
-12.50854778289795
-3.3447139263153076
-5.988964557647705
-1.8394138813018799
-3.1307473182678223
-7.9263200759887695
-3.4141008853912354
-7.511762619018555
-4.1153669357299805
-4.101813316345215
-7.054581642150879
-1.2534316778182983
-1.6722025871276855
-3.1546082496643066
-6.293203353881836
-3.015439033508301
-2.6038689613342285
-7.597258567810059
-5.365048885345459
-4.4260101318359375
-5.007789134979248
-2.6292309761047363
-7.333270072937012
-2.196556329727173
-7.065863609313965
-2.113196849822998
-1.3868577480316162
-5.520731449127197
-4.777941703796387
-1.060887098312378
-8.37618637084961
-16.89423370361328
-6.509719371795654
-3.0931472778320312
-10.63082504272461
-6.641997814178467
-8.876264572143555
-14.299439430236816
-1.613261103630066
-2.5740370750427246
-1.1437519788742065
-5.195427894592285
-1.8763054609298706
-5.981358528137207
-7.3712005615234375
-5.766449928283691
-3.874255418777466
-1.994301438331604
-2.5515449047088623
-6.486001014709473
-9.618802070617676
-3.3033318519592285
-7.621209144592285
-2.0197877883911133
-7.016406059265137
-7.052608966827393
-0.5049843788146973
-0.6738294959068298
-3.4743964672088623
-4.424952507019043
-4.396666049957275
-6.548388957977295
-9.696642875671387
-2.2547383308410645
-3.005953311920166
-3.956141948699951
-6.500611782073975
-4.76068639755249
-2.2886219024658203
-5.957168102264404
-1.1317189931869507
-0.8475145697593689
-8.903216361999512
-3.7286689281463623
-7.255870819091797
-2.0228993892669678
-4.0588178634643555
-4.310948371887207
-1.9104642868041992
-0.5260257124900818
-3.8555989265441895
-9.589614868164062
-5.79998254776001
-1.9834885597229004
-3.394728660583496
-3.884446620941162
-3.378938674926758
-5.731053352355957
-5.875858783721924
-4.689094543457031
-4.271214485168457
-2.0379257202148438
-0.7162340879440308
-6.189659118652344
-9.836650848388672
-3.3485753536224365
-6.620538234710693
-2.9259026050567627
-8.488439559936523
-5.681762218475342
-2.9774246215820312
-5.907562732696533
-5.390419006347656
-0.8664050698280334
-3.5299506187438965
-2.506472110748291
-2.7784457206726074
-5.888664245605469
-2.5555214881896973
-3.003483772277832
-8.372867584228516
-2.586599349975586
-3.5342912673950195
-3.0552427768707275
-7.4551520347595215
-4.989528656005859
-2.3775222301483154
-7.421718120574951
-1.6510876417160034
-6.839537143707275
-2.0072250366210938
-7.021824836730957
-3.9730794429779053
-7.237377643585205
-2.23246169090271
-1.1587074995040894
-2.9811997413635254
-4.399681091308594
-1.098693609237671
-9.074398040771484
-2.440530300140381
-4.511283874511719
-2.3385748863220215
-6.871646404266357
-6.470395088195801
-8.513371467590332
-2.372434377670288
-0.49998998641967773
-5.629694938659668
-1.5309890508651733
-4.788664817810059
-2.678783893585205
-3.5201122760772705
-2.41668701171875
-11.352914810180664
-4.991052627563477
-1.8097091913223267
-0.692933201789856
-0.4181346595287323
-2.8550221920013428
-2.8273324966430664
-4.493660926818848
-6.013955116271973
-5.897578716278076
-2.7762999534606934
-5.1107940673828125
-15.435925483703613
-7.182954788208008
-2.2804133892059326
-6.228109359741211
-0.8803743124008179
-1.0563158988952637
-5.5916972160339355
-1.2333639860153198
-6.5015869140625
-3.7845044136047363
-2.492713212966919
-6.980094909667969
-2.147617816925049
-2.744605541229248
-2.6825129985809326
-4.02864933013916
-4.128255367279053
-4.9090471267700195
-3.9139370918273926
-3.435117483139038
-3.508004903793335
-3.8166327476501465
-2.0081608295440674
-1.964992880821228
-2.804206371307373
-8.495739936828613
-2.644066333770752
-8.37476634979248
-5.839878559112549
-3.7819433212280273
-6.485966682434082
-4.348134994506836
-9.040245056152344
-4.984718322753906
-3.078674554824829
-7.6127448081970215
-2.047478199005127
-2.346492052078247
-2.8650381565093994
-3.712222099304199
-4.953109264373779
-2.192819595336914
-3.426490545272827
-3.503913402557373
-4.808553218841553
-5.6029438972473145
-7.139341354370117
-4.987752437591553
-6.245387077331543
-6.439169406890869
-3.9940598011016846
-4.295402526855469
-7.725132465362549
-2.2706358432769775
-2.3303093910217285
-2.4263882637023926
-0.6087999939918518
-4.405673027038574
-8.146419525146484
-4.720762729644775
-6.209005832672119
-8.84972858428955
-0.4919535517692566
-2.2548718452453613
-5.80510139465332
-0.9093704223632812
-0.8617873787879944
-8.346535682678223
-2.98964262008667
-8.97674560546875
-1.7991251945495605
-5.909684181213379
-3.151822805404663
-2.522324562072754
-2.5499329566955566
-2.5688560009002686
-3.6234428882598877
-1.2752166986465454
-1.2301645278930664
-3.079646587371826
-3.3814759254455566
-3.1725575923919678
-1.7823046445846558
-2.948915481567383
-1.8405605554580688
-3.1393747329711914
-5.84707498550415
-0.7453497052192688
-6.485971927642822
-4.242926597595215
-2.8859660625457764
-7.300847053527832
-2.356513500213623
-3.904844284057617
-2.967499256134033
-3.4496970176696777
-4.511043548583984
-1.0116157531738281
-5.621570587158203
-6.195001602172852
-1.9166067838668823
-3.300753355026245
-0.8387277126312256
-1.1049151420593262
-8.4280366897583
-4.23921012878418
-7.173921585083008
-2.179192543029785
-4.181413173675537
-3.5714783668518066
-3.3492021560668945
-2.6963839530944824
-0.02490830607712269
-4.628489017486572
-5.404708385467529
-4.3608622550964355
-4.1269097328186035
-3.7640860080718994
-2.1039116382598877
-4.319147109985352
-3.4654741287231445
-3.9987754821777344
-4.33241081237793
-5.991776943206787
-6.485955715179443
-4.272249221801758
-4.4237871170043945
-1.8813109397888184
-1.4900798797607422
-3.313945770263672
-6.148177623748779
-1.0747604370117188
-0.7666135430335999
-2.1408371925354004
-6.8004679679870605
-3.2076172828674316
-2.3518474102020264
-2.8076798915863037
-4.084969520568848
-2.480931282043457
-2.710575580596924
-2.813692331314087
-5.181920051574707
-4.745959281921387
-1.2279391288757324
-8.728565216064453
-1.091478943824768
-3.333585262298584
-0.9480070471763611
-1.2042053937911987
-8.756827354431152
-1.180145025253296
-12.368718147277832
-2.0541937351226807
-4.558422088623047
-3.3330070972442627
-2.086272716522217
-7.046899795532227
-2.3157076835632324
-6.1619062423706055
-7.716888427734375
-3.9670510292053223
-2.214698314666748
-8.540116310119629
-5.323634147644043
-6.49562931060791
-7.4781365394592285
-1.4303473234176636
-8.079615592956543
-1.9457201957702637
-3.1650021076202393
-1.5289835929870605
-6.645727634429932
-1.2125582695007324
-3.486053228378296
-3.283672332763672
-1.0428318977355957
-0.9454207420349121
-8.579380989074707
-1.3137927055358887
-7.4806013107299805
-1.937240481376648
-2.507878065109253
-4.705327987670898
-1.4842238426208496
-3.8256123065948486
-3.7493889331817627
-3.723567008972168
-3.599856376647949
-4.750389575958252
-7.193665981292725
-2.195720911026001
-2.633239269256592
-1.665673851966858
-4.971304893493652
-5.03877067565918
-3.5657033920288086
-5.091540336608887
-3.9195897579193115
-3.4658188819885254
-3.1091980934143066
-6.579578876495361
-4.052963733673096
-3.183351993560791
-7.261211395263672
-1.9881815910339355
-5.441053867340088
-5.230839729309082
-1.4543094635009766
-0.9796318411827087
-5.866822719573975
-4.095149993896484
-7.169384956359863
-2.0439815521240234
-4.534087181091309
-6.0444254875183105
-2.6082205772399902
-2.0013575553894043
-7.135145664215088
-6.364826679229736
-7.530638694763184
-4.098588466644287
-3.8213891983032227
-4.009714126586914
-2.324350118637085
-2.10653018951416
-4.473347187042236
-3.3652312755584717
-11.006216049194336
-5.8800859451293945
-2.1215786933898926
-4.6504058837890625
-7.543432712554932
-9.656643867492676
-2.1287035942077637
-3.213698148727417
-7.531134128570557
-2.0320844650268555
-0.7892680764198303
-5.755817890167236
-3.6712448596954346
-2.901595115661621
-3.4295761585235596
-8.116067886352539
-2.5736124515533447
-3.536172389984131
-1.766221284866333
-3.227766990661621
-3.1026458740234375
-0.7173076868057251
-3.8189685344696045
-6.617302894592285
-0.042213961482048035
-4.017232418060303
-2.0603585243225098
-0.9027886390686035
-4.120052337646484
-2.9632110595703125
-2.0064053535461426
-2.6314096450805664
-6.272592067718506
-7.344768047332764
-1.4612016677856445
-2.5970845222473145
-2.7397348880767822
-2.8431668281555176
-4.252657413482666
-0.5176705121994019
-3.374145030975342
-4.6610331535339355
-5.2212347984313965
-6.4035444259643555
-4.686824321746826
-2.0317821502685547
-7.497827053070068
-2.0945117473602295
-5.662673473358154
-3.421692132949829
-6.965173244476318
-0.5575767755508423
-2.9580676555633545
-4.530656814575195
-2.421234130859375
-2.4677681922912598
-9.758609771728516
-4.852630615234375
-5.403698921203613
-3.110126256942749
-6.688816070556641
-3.918447732925415
-2.4785945415496826
-7.262768745422363
-1.6738336086273193
-5.078969955444336
-9.179154396057129
-4.009477138519287
-2.4055817127227783
-2.1428678035736084
-3.6667251586914062
-4.945598602294922
-5.645392417907715
-4.068584442138672
-6.349236488342285
-7.067131042480469
-4.216283321380615
-3.228856086730957
-4.93278169631958
-1.5366120338439941
-3.3744328022003174
-2.8571338653564453
-5.3256659507751465
-4.3404860496521
-5.43233585357666
-6.599662780761719
-3.7292399406433105
-1.563856840133667
-10.446657180786133
-0.4289548397064209
-3.897427797317505
-1.4638820886611938
-4.976905822753906
-2.8940486907958984
-6.654176712036133
-6.158472537994385
-3.938047409057617
-6.291245937347412
-3.150662422180176
-4.03936767578125
-2.720000743865967
-4.447938919067383
-6.008851528167725
-2.6238255500793457
-4.068655490875244
-3.070807456970215
-4.172513008117676
-6.602590560913086
-1.1648075580596924
-1.108060598373413
-1.1410927772521973
-5.831498622894287
-8.880802154541016
-14.542237281799316
-4.495978355407715
-1.652146577835083
-2.1101865768432617
-5.838649749755859
-7.876648902893066
-1.2079302072525024
-2.7431273460388184
-2.6970407962799072
-2.7541911602020264
-8.930190086364746
-2.1957085132598877
-1.4824461936950684
-6.47790002822876
-3.8424758911132812
-5.010216236114502
-1.680871605873108
-0.9229143261909485
-5.362817287445068
-2.818962812423706
-1.5760334730148315
-4.761560916900635
-1.212354063987732
-5.357169151306152
-2.1142241954803467
-1.7757704257965088
-3.7374939918518066
-2.780611515045166
-5.907919883728027
-3.443216562271118
-2.558410167694092
-0.819401204586029
-4.5948166847229
-4.696457862854004
-1.8468021154403687
-2.416621685028076
-4.050857067108154
-4.14370584487915
-1.4771173000335693
-3.0945308208465576
-3.9545674324035645
-3.606348752975464
-2.313042163848877
-3.778520107269287
-8.746339797973633
-2.8787670135498047
-4.271746635437012
-6.612833023071289
-5.24329137802124
-2.2721140384674072
-2.8376219272613525
-5.722211837768555
-2.549046516418457
-3.2635204792022705
-2.131380081176758
-2.75580096244812
-6.345527648925781
-3.488314628601074
-6.633272647857666
-1.575622797012329
-2.5960803031921387
-4.412237167358398
-2.4234044551849365
-0.6589568257331848
-1.794362187385559
-4.724292755126953
-7.054125785827637
-0.4526466131210327
-3.084373712539673
-4.858719348907471
-2.2397992610931396
-9.06050968170166
-8.559566497802734
-6.632934093475342
-1.4609878063201904
-1.5850293636322021
-6.432432651519775
-3.8456640243530273
-1.7145965099334717
-9.419686317443848
-4.1555891036987305
-4.671949863433838
-2.3712141513824463
-2.2113425731658936
-4.694802761077881
-1.8027853965759277
-1.8671019077301025
-5.5767927169799805
-6.320315361022949
-7.634260177612305
-2.4619526863098145
-3.7013633251190186
-2.305386543273926
-2.1801810264587402
-3.620079278945923
-3.490697145462036
-2.7250213623046875
-2.7153372764587402
-1.410093069076538
-2.5363714694976807
-1.6171343326568604
-6.4478020668029785
-3.4600136280059814
-0.04130512475967407
-8.847444534301758
-1.9381558895111084
-0.6820876598358154
-0.6474112868309021
-2.824857234954834
-11.561083793640137
-6.664803981781006
-2.2647857666015625
-7.003801345825195
-0.24774813652038574
-5.109898090362549
-10.716604232788086
-11.950858116149902
-6.875127792358398
-5.084704875946045
-6.1605939865112305
-2.148857355117798
-4.143322467803955
-7.410190582275391
-2.5358059406280518
-7.084986686706543
-0.37731045484542847
-1.9163410663604736
-2.302286386489868
-2.5100648403167725
-4.983985900878906
-0.15531492233276367
-6.645059108734131
-3.4212045669555664
-0.6944143176078796
-3.2958438396453857
-6.842831611633301
-1.8548834323883057
-7.339629173278809
-2.737499237060547
-1.8555915355682373
-5.215318202972412
-2.270984649658203
-0.4338151812553406
-1.2492198944091797
-3.935208320617676
-2.290864944458008
-6.867813587188721
-4.295012474060059
-2.935377836227417
-1.462436556816101
-1.1980576515197754
-0.22831299901008606
-3.0839858055114746
-9.725691795349121
-1.5979927778244019
-5.238704204559326
-0.3081284165382385
-9.790888786315918
-4.249797344207764
-2.139777421951294
-1.3904750347137451
-1.8851481676101685
-3.4218342304229736
-3.0068724155426025
-0.5577426552772522
-3.132850170135498
-0.4196173846721649
-0.39779132604599
-5.600465297698975
-2.6725900173187256
-2.8390331268310547
-4.050690174102783
-2.246819257736206
-1.1736128330230713
-0.5677304863929749
-1.985703945159912
-1.5278346538543701
-1.4697048664093018
-3.6644606590270996
-2.0890443325042725
-2.6831154823303223
-1.2893202304840088
-2.037445306777954
-2.7126340866088867
-0.06306551396846771
-2.500412940979004
-3.4747657775878906
-5.90969181060791
-7.622435092926025
-3.4389572143554688
-0.5656226277351379
-0.17452619969844818
-3.986954927444458
-1.3419766426086426
-0.06447229534387589
-0.3530520796775818
-3.7272346019744873
-1.841968059539795
-2.459439992904663
-0.09757650643587112
-0.02566579356789589
-3.3517813682556152
-0.6298204064369202
-0.2134181410074234
-3.0484206676483154
-0.06546764075756073
-0.7355849742889404
-4.877181053161621
-0.3570701777935028
-0.3699653148651123
-4.849753379821777
-4.104744911193848
-1.6825218200683594
-3.6905832290649414
-4.112935543060303
-1.7880939245224
-1.5714139938354492
-5.362096309661865
-2.843761682510376
-4.321109294891357
-3.5755295753479004
-3.48994517326355
-1.4864859580993652
-1.7122681140899658
-6.7059807777404785
-0.4213614761829376
-1.1014035940170288
-0.09613803774118423
-0.17100775241851807
-0.03906534984707832
-2.0064167976379395
-2.9614264965057373
-3.3913795948028564
-1.3946459293365479
-3.029496192932129
-2.091611862182617
-3.019183874130249
-4.95233154296875
-3.0909881591796875
-2.5635814666748047
-1.7505420446395874
-3.375760793685913
-3.8516407012939453
-7.209540367126465
-7.875271320343018
-1.9264051914215088
-0.19167882204055786
-7.895281791687012
-3.4671473503112793
-2.597015380859375
-2.9849555492401123
-7.268674373626709
-1.1139986515045166
-7.81293249130249
-3.4866323471069336
-5.257451057434082
-1.9040071964263916
-6.140599250793457
-1.4660537242889404
-7.556038856506348
-2.73142147064209
-4.403563976287842
-6.603519439697266
-2.8296918869018555
-4.388279914855957
-2.014019250869751
-2.649125576019287
-3.7587890625
-2.5071616172790527
-2.0540690422058105
-1.177467942237854
-2.8695192337036133
-3.0368854999542236
-2.930803060531616
-1.7579915523529053
-11.097113609313965
-2.07317852973938
-4.1647162437438965
-2.3217430114746094
-1.590657353401184
-4.187310218811035
-9.619791030883789
-13.048177719116211
-7.775887966156006
-9.145827293395996
-11.57768726348877
-7.965636253356934
-9.144754409790039
-15.51282787322998
-9.469189643859863
-2.505845785140991
-5.180227279663086
-0.12032578885555267
-7.659076690673828
-8.074756622314453
-1.0614492893218994
-5.243666172027588
-1.6117066144943237
-5.04156494140625
-0.8238203525543213
-3.681852340698242
-7.991392135620117
-3.119333028793335
-1.2587409019470215
-1.9489634037017822
-5.8629937171936035
-3.819178342819214
-13.461597442626953
-2.29994535446167
-4.390684604644775
-6.004913806915283
-1.4303925037384033
-0.27764883637428284
-2.777313709259033
-5.110820293426514
-0.40892595052719116
-0.7368990182876587
-4.1336669921875
-0.35470569133758545
-7.005001068115234
-1.234817385673523
-2.3409018516540527
-3.7647390365600586
-3.001070737838745
-0.6587405204772949
-2.239802360534668
-2.1769585609436035
-5.032685279846191
-1.115855097770691
-0.6665774583816528
-1.635813593864441
-3.7378673553466797
-4.931979656219482
-1.3415844440460205
-0.5952068567276001
-0.7539987564086914
-2.689423084259033
-0.028738323599100113
-6.058134078979492
-0.13170772790908813
-0.18370763957500458
-0.044020380824804306
-5.352533340454102
-0.031184831634163857
-5.242563247680664
-0.08132794499397278
-6.413590908050537
-1.8143516778945923
-1.386622428894043
-4.968410968780518
-2.0560531616210938
-0.31480473279953003
-1.3656505346298218
-0.18812552094459534
-1.4111566543579102
-1.632086992263794
-0.28508487343788147
-2.4799654483795166
-8.30558967590332
-2.2171518802642822
-2.645832061767578
-0.14578361809253693
-1.869605302810669
-2.251054286956787
-2.649613380432129
-6.878828048706055
-3.769286870956421
-0.5432024002075195
-3.5209696292877197
-0.6976962089538574
-0.8372545838356018
-7.102893829345703
-1.0509384870529175
-2.3554933071136475
-1.5286962985992432
-1.2895251512527466
-8.894108772277832
-4.46030330657959
-4.177980422973633
-3.9584648609161377
-3.2120203971862793
-5.983879089355469
-0.15958823263645172
-3.5700483322143555
-12.11965560913086
-1.473764419555664
-11.11210823059082
-2.1694395542144775
-1.4430562257766724
-5.864850997924805
-1.486688256263733
-5.53048038482666
-1.3197929859161377
-2.152860641479492
-7.388154029846191
-4.154943943023682
-3.16798996925354
-10.682714462280273
-2.6013879776000977
-2.914501667022705
-2.818767786026001
-0.28268977999687195
-4.007967472076416
-1.613731861114502
-0.029598934575915337
-3.03611159324646
-0.004811613354831934
-1.1833337545394897
-5.3766069412231445
-0.010019365698099136
-4.196390151977539
-0.007892967201769352
-4.012401103973389
-0.011644018813967705
-6.870205402374268
-0.012042202055454254
-10.750372886657715
-2.63376784324646
-1.2694737911224365
-14.000452041625977
-0.9645779132843018
-0.019643649458885193
-1.3963618278503418
-0.007533710915595293
-1.0837397575378418
-5.14645528793335
-0.010750002227723598
-4.711097240447998
-0.012652600184082985
-6.3716206550598145
-0.015547966584563255
-7.785432815551758
-0.6316786408424377
-0.012638003565371037
-8.430869102478027
-6.653506755828857
-3.0151398181915283
-2.2673356533050537
-3.1404435634613037
-2.074129819869995
-3.2067389488220215
-2.739154577255249
-2.3900249004364014
-5.193185329437256
-7.012025833129883
-6.98264217376709
-0.029945261776447296
-1.1743258237838745
-1.4719501733779907
-1.9362245798110962
-2.357897996902466
-3.723322868347168
-0.1047150120139122
-0.3659674823284149
-6.447202205657959
-1.3449628353118896
-2.265977621078491
-3.6627540588378906
-5.9734673500061035
-0.1554885059595108
-4.204276084899902
-10.39673900604248
-7.94607400894165
-6.008910179138184
-0.8110190033912659
-0.2741110026836395
-2.632172107696533
-1.505778431892395
-2.565021514892578
-0.020332949236035347
-0.13570618629455566
-0.016377663239836693
-0.15763969719409943
-0.0130006093531847
-4.173253059387207
-0.0107974112033844
-2.5073587894439697
-0.009674803353846073
-2.930020332336426
-0.012881755828857422
-4.062231540679932
-0.010959195904433727
-3.028203010559082
-3.4936442375183105
-3.2763309478759766
-2.3281686305999756
-3.400383234024048
-10.93232536315918
-3.6108860969543457
-4.239598274230957
-2.19708251953125
-3.4800987243652344
-2.7447879314422607
-0.06139096990227699
-0.6754488348960876
-2.808825969696045
-2.366948366165161
-2.2746617794036865
-1.7918870449066162
-3.5898494720458984
-3.6892642974853516
-2.6905815601348877
-1.6052215099334717
-0.3331470489501953
-2.7402725219726562
-4.609190464019775
-3.609684467315674
-2.708874225616455
-0.5792632699012756
-1.5869032144546509
-1.4440629482269287
-8.505061149597168
-3.600757122039795
-4.759873867034912
-5.346270561218262
-0.03821973502635956
-0.34114739298820496
-4.387576103210449
-7.849984645843506
-1.6614634990692139
-10.182090759277344
-2.1007559299468994
-1.2180696725845337
-6.415313243865967
-3.0522472858428955
-2.13045597076416
-4.328420639038086
-4.2089128494262695
-3.223945379257202
-3.748171806335449
-1.9637460708618164
-6.044994831085205
-2.508514642715454
-3.1522376537323
-7.521392345428467
-5.149927139282227
-3.625267505645752
-3.3591060638427734
-2.9577341079711914
-5.911045074462891
-1.9812804460525513
-5.982594013214111
-1.9312763214111328
-2.48136830329895
-1.0010120868682861
-5.166698932647705
-8.146116256713867
-1.1804606914520264
-1.256235122680664
-7.2941765785217285
-4.37794828414917
-2.8712198734283447
-4.445104122161865
-1.4568607807159424
-4.8998332023620605
-3.385784387588501
-0.37252411246299744
-4.823652267456055
-0.07507557421922684
-5.818120956420898
-3.3781628608703613
-6.0704264640808105
-4.383825778961182
-5.6600799560546875
-7.321257591247559
-4.379138946533203
-9.91096019744873
-1.6972678899765015
-5.600525856018066
-7.048984527587891
-0.11436506360769272
-1.7506864070892334
-1.3503307104110718
-5.360950946807861
-0.12736454606056213
-6.473775863647461
-1.971344232559204
-0.70639568567276
-4.470541477203369
-1.8042263984680176
-2.8455588817596436
-11.95893383026123
-2.2586781978607178
-7.231258869171143
-1.2599825859069824
-3.1943953037261963
-3.41203236579895
-7.233679294586182
-4.459080219268799
-1.0684572458267212
-0.18166294693946838
-0.7531458735466003
-1.4632930755615234
-0.2325582057237625
-0.3652055263519287
-1.9302525520324707
-6.236867427825928
-7.430344581604004
-3.6063694953918457
-8.409528732299805
-0.9641409516334534
-2.1161630153656006
-1.0359081029891968
-2.976667642593384
-4.363453388214111
-1.8057727813720703
-1.2996201515197754
-9.040624618530273
-2.5070247650146484
-5.784995079040527
-2.109227180480957
-4.088303565979004
-2.8592848777770996
-3.4219889640808105
-3.720935106277466
-0.47722721099853516
-0.012162921950221062
-0.5936298370361328
-0.04528946429491043
-2.2733206748962402
-0.02340453304350376
-7.424798488616943
-0.02214081585407257
-0.07931071519851685
-2.2161128520965576
-1.881097435951233
-2.222397804260254
-2.656214952468872
-1.2417763471603394
-0.9976825714111328
-2.2543978691101074
-3.707185745239258
-2.7202541828155518
-5.308610916137695
-8.298115730285645
-5.089218616485596
-2.683086395263672
-0.3670337498188019
-0.6041694283485413
-0.7803871631622314
-1.3114244937896729
-2.1713266372680664
-3.5120902061462402
-10.806446075439453
-2.7555789947509766
-2.7787508964538574
-4.50781774520874
-6.40891170501709
-2.6248693466186523
-2.379589080810547
-1.4932291507720947
-2.3819143772125244
-2.4124436378479004
-2.024216413497925
-3.019658088684082
-2.2384586334228516
-2.192190170288086
-1.655534029006958
-1.6239829063415527
-2.948197603225708
-0.3960036039352417
-5.010290145874023
-0.38007277250289917
-4.031533241271973
-1.1305148601531982
-3.2309682369232178
-0.02437189407646656
-6.400717735290527
-3.5019161701202393
-5.573972225189209
-0.01729443483054638
-3.271808624267578
-0.019293619319796562
-4.293695449829102
-5.166703224182129
-0.015917379409074783
-2.35683012008667
-0.008304351009428501
-9.050999641418457
-0.013185686431825161
-2.7255938053131104
-0.8224279880523682
-1.757436752319336
-1.7193729877471924
-1.5553908348083496
-3.0647072792053223
-1.3157825469970703
-2.783684015274048
-4.015922546386719
-1.1365164518356323
-2.380502462387085
-2.4479317665100098
-3.642756938934326
-2.191516399383545
-3.4770922660827637
-4.194474220275879
-0.4030616581439972
-3.2461986541748047
-5.424959659576416
-2.5353658199310303
-0.7312784194946289
-1.5939536094665527
-3.486743450164795
-0.023277591913938522
-1.7279142141342163
-1.7993931770324707
-2.054452657699585
-4.314366340637207
-1.8414661884307861
-2.662853717803955
-7.610974311828613
-2.035053253173828
-0.38115668296813965
-1.4656563997268677
-1.7324591875076294
-0.3712432384490967
-9.02824592590332
-3.0985047817230225
-6.631983280181885
-0.011184142902493477
-2.518782138824463
-0.09735752642154694
-0.08545543253421783
-0.0359470397233963
-2.777798891067505
-0.029268231242895126
-3.0201971530914307
-0.0572386234998703
-0.9789372682571411
-0.10340385884046555
-0.25102508068084717
-4.518831253051758
-2.337205171585083
-7.764314651489258
-2.2040317058563232
-4.745868682861328
-4.010655403137207
-3.395237684249878
-2.027379035949707
-2.7124576568603516
-0.31380921602249146
-3.9613587856292725
-1.7032734155654907
-1.6558276414871216
-4.418962478637695
-6.457507133483887
-1.3851211071014404
-2.830512762069702
-1.9774538278579712
-2.395068407058716
-3.8211026191711426
-2.97330379486084
-4.307629585266113
-1.6510151624679565
-2.8110499382019043
-4.788510322570801
-3.5606272220611572
-0.011008010245859623
-3.0972588062286377
-3.409491539001465
-0.169160395860672
-3.108168125152588
-0.0169005636125803
-1.8378547430038452
-4.654911041259766
-0.3107174038887024
-2.511974811553955
-2.4022057056427
-0.77588951587677
-4.964408874511719
-7.8294548988342285
-2.293307065963745
-2.7541584968566895
-7.614952564239502
-0.7158142924308777
-12.038750648498535
-2.4847354888916016
-1.452002763748169
-10.540975570678711
-6.267743110656738
-3.5667202472686768
-5.915477275848389
-2.455864429473877
-7.3833723068237305
-3.6381397247314453
-4.005079746246338
-0.5937895178794861
-0.5685980319976807
-0.9252910017967224
-10.353760719299316
-0.7911303639411926
-0.6199852228164673
-1.6089965105056763
-2.3471407890319824
-3.581108331680298
-4.265179634094238
-3.340991497039795
-6.463436603546143
-3.7291994094848633
-1.7094875574111938
-1.8609428405761719
-1.633262038230896
-0.41426271200180054
-1.8884236812591553
-2.1685967445373535
-3.949195146560669
-6.642522811889648
-2.9662718772888184
-3.321211814880371
-0.5134745836257935
-9.593851089477539
-0.037419337779283524
-1.4082974195480347
-10.963539123535156
-9.62855339050293
-2.4792094230651855
-9.462054252624512
-11.921265602111816
-2.513638973236084
-0.01594565436244011
-1.5941954851150513
-0.03512675315141678
-1.5892486572265625
-8.48805046081543
-12.147157669067383
-2.282566785812378
-2.0020861625671387
-0.12247838079929352
-5.495288848876953
-3.239529848098755
-3.5975184440612793
-5.971312046051025
-7.43057918548584
-2.7412617206573486
-1.6760199069976807
-2.4970030784606934
-2.1319925785064697
-0.10193649679422379
-3.5560343265533447
-2.1863512992858887
-2.854616403579712
-7.1066484451293945
-0.04640672728419304
-5.011551380157471
-0.010433179326355457
-3.248755693435669
-0.048853129148483276
-0.5751931071281433
-5.974230766296387
-0.03292279690504074
-6.218450546264648
-0.08923203498125076
-4.531736373901367
-1.3423559665679932
-3.6607370376586914
-0.018063563853502274
-3.6808364391326904
-1.948904037475586
-0.014419167302548885
-4.213231086730957
-0.01576625183224678
-0.4791315793991089
-0.017366956919431686
-2.2427215576171875
-0.025726210325956345
-3.7792270183563232
-0.025554362684488297
-2.5555925369262695
-2.277245283126831
-2.8935635089874268
-5.446771144866943
-6.117700576782227
-3.577794313430786
-4.706112384796143
-2.468258857727051
-2.2506484985351562
-1.8692904710769653
-0.24671457707881927
-1.9340968132019043
-2.4520885944366455
-0.4028087854385376
-1.5296165943145752
-0.7503212094306946
-0.7390469312667847
-0.37302181124687195
-2.8095381259918213
-2.0930016040802
-7.704038143157959
-1.5887649059295654
-1.194517731666565
-4.167370796203613
-4.240196228027344
-0.4134340286254883
-0.1648825854063034
-4.522388935089111
-1.1561930179595947
-1.878296136856079
-3.939525604248047
-4.223143100738525
-4.376679420471191
-5.161876678466797
-1.3229800462722778
-7.66488790512085
-15.101480484008789
-0.5864987373352051
-0.9861351251602173
-3.924809455871582
-0.9657017588615417
-2.532741069793701
-3.2798585891723633
-3.086127281188965
-2.2465813159942627
-6.094788074493408
-0.7428007125854492
-2.9760189056396484
-1.0111346244812012
-1.6902202367782593
-7.264555931091309
-0.8632841110229492
-3.861793041229248
-4.022018909454346
-1.998903512954712
-1.6056081056594849
-1.6195956468582153
-2.665599822998047
-0.09793326258659363
-4.432253360748291
-0.14266620576381683
-0.4592660963535309
-7.690090179443359
-3.6730473041534424
-1.5243241786956787
-0.013327794149518013
-2.4910926818847656
-0.010958724655210972
-6.573158264160156
-0.005598105024546385
-1.9582650661468506
-0.0032564965076744556
-2.0006561279296875
-0.007097626570612192
-2.538864850997925
-0.011966818943619728
-3.4316844940185547
-0.02108527161180973
-7.171875476837158
-14.453248023986816
-1.8866233825683594
-2.5858986377716064
-1.45457923412323
-0.4408479928970337
-2.7996017932891846
-4.268699645996094
-1.1544586420059204
-6.115211486816406
-1.561262607574463
-0.7728296518325806
-3.39153790473938
-7.0158281326293945
-6.172346591949463
-0.008455902338027954
-7.423246383666992
-0.01859424263238907
-3.688443183898926
-0.028562938794493675
-3.754592180252075
-0.9190120697021484
-0.013300033286213875
-3.8317389488220215
-0.022004036232829094
-0.7999199032783508
-0.029675431549549103
-2.2522740364074707
-0.03524725139141083
-3.6732537746429443
-0.044846061617136
-2.5447592735290527
-2.56820011138916
-2.9829533100128174
-3.373286485671997
-0.8642286062240601
-1.404921054840088
-5.978416442871094
-6.5815300941467285
-4.687918186187744
-1.2800090312957764
-0.848373532295227
-2.07443904876709
-0.9162401556968689
-1.7269196510314941
-3.120060920715332
-6.906702041625977
-16.511613845825195
-3.5320754051208496
-2.2823002338409424
-2.2002758979797363
-1.8687065839767456
-1.8427685499191284
-3.8312971591949463
-4.331528663635254
-6.527531147003174
-6.001133918762207
-1.492074966430664
-6.9935302734375
-0.14719372987747192
-7.921032428741455
-3.858977794647217
-2.3802988529205322
-2.568763494491577
-3.84053373336792
-4.898514270782471
-2.7809672355651855
-1.2482552528381348
-0.3454454243183136
-0.6645300984382629
-0.2598092555999756
-3.3251919746398926
-2.0062661170959473
-1.3713115453720093
-1.0898252725601196
-6.731302261352539
-1.8691012859344482
-0.8122674226760864
-6.005963325500488
-4.337315082550049
-5.309625625610352
-1.5595932006835938
-5.92371940612793
-0.1403948813676834
-2.118708372116089
-1.3245412111282349
-3.410067081451416
-6.580646991729736
-2.0569963455200195
-1.7259026765823364
-7.230438709259033
-0.43340960144996643
-1.4022711515426636
-3.2400496006011963
-0.5066480040550232
-3.4898571968078613
-0.596817672252655
-3.2110445499420166
-3.227400302886963
-1.407377004623413
-0.8263460993766785
-2.3466365337371826
-0.1733178347349167
-2.5636730194091797
-2.289915084838867
-4.4818949699401855
-1.4210244417190552
-0.5605340003967285
-5.576387882232666
-0.9905505776405334
-0.2236514389514923
-1.961118459701538
-1.075474739074707
-7.104928016662598
-2.4323954582214355
-0.14700397849082947
-2.274829149246216
-1.8973933458328247
-1.8396962881088257
-1.621108889579773
-1.837071418762207
-3.1849944591522217
-1.583855152130127
-2.4870336055755615
-1.620239019393921
-2.2112181186676025
-0.7578591108322144
-8.536271095275879
-0.6021761298179626
-1.1202175617218018
-1.4868719577789307
-3.6490187644958496
-2.690438747406006
-3.7276511192321777
-4.819277286529541
-3.162031650543213
-2.221425771713257
-5.842833518981934
-1.8202393054962158
-1.3834216594696045
-1.8016183376312256
-6.133545875549316
-2.5256967544555664
-0.5901399254798889
-2.896501064300537
-1.9656553268432617
-0.5947624444961548
-1.0520544052124023
-0.5389599800109863
-2.052215099334717
-3.1134700775146484
-0.8189193606376648
-4.599123477935791
-2.2655181884765625
-2.112016201019287
-0.5337767601013184
-2.407754898071289
-0.651204526424408
-1.1999115943908691
-0.21826688945293427
-3.6076509952545166
-2.6774985790252686
-3.566565990447998
-1.5193315744400024
-5.728965759277344
-0.29861268401145935
-1.1628797054290771
-2.099825620651245
-0.03667300194501877
-0.25537824630737305
-3.072404384613037
-1.2932581901550293
-1.4947974681854248
-0.24786138534545898
-2.3249924182891846
-5.276588439941406
-0.5032916069030762
-5.683473110198975
-11.42501449584961
-10.126455307006836
-4.625547409057617
-0.4413835108280182
-4.384556770324707
-0.44025784730911255
-5.733509540557861
-1.7023588418960571
-2.1443700790405273
-0.7024791836738586
-4.104868412017822
-3.9672303199768066
-1.7317907810211182
-11.007840156555176
-4.289673328399658
-5.715891361236572
-3.6847147941589355
-0.3117995262145996
-1.2851746082305908
-2.7426204681396484
-2.584655523300171
-0.08189716935157776
-2.3002138137817383
-3.096393585205078
-2.6646370887756348
-1.235046148300171
-5.372425556182861
-3.254953145980835
-1.5553739070892334
-3.428483009338379
-1.3178064823150635
-0.12401259690523148
-1.8050966262817383
-0.46209457516670227
-2.764564037322998
-0.3419921100139618
-2.3583521842956543
-3.218865156173706
-6.384990692138672
-2.982842206954956
-6.5435638427734375
-2.0223801136016846
-1.8731400966644287
-8.797658920288086
-3.606661796569824
-3.2311577796936035
-2.263965129852295
-6.994986057281494
-3.130849599838257
-2.642632484436035
-2.8794522285461426
-7.804332733154297
-2.508279323577881
-5.588491916656494
-1.414474606513977
-1.667814016342163
-0.41060417890548706
-4.412620544433594
-2.138089418411255
-1.6718257665634155
-2.4082818031311035
-0.18094657361507416
-1.7084397077560425
-1.2053711414337158
-5.850168228149414
-0.12614980340003967
-6.31021785736084
-6.714771270751953
-5.81588077545166
-12.701677322387695
-2.3486695289611816
-0.074434295296669
-4.563694000244141
-3.592923402786255
-0.014305418357253075
-2.117887496948242
-0.020988505333662033
-6.359973907470703
-0.01675345189869404
-2.8396894931793213
-0.017834538593888283
-3.612661838531494
-0.03161885589361191
-5.275637626647949
-0.7378215789794922
-0.013978317379951477
-6.437996864318848
-5.0622758865356445
-1.1414469480514526
-0.023149704560637474
-3.7835724353790283
-3.0175600051879883
-1.3049020767211914
-0.01764504797756672
-0.5649013519287109
-2.1570403575897217
-4.162538051605225
-4.291862487792969
-1.8836934566497803
-0.19079239666461945
-1.3900288343429565
-1.0659446716308594
-0.36377379298210144
-2.2536323070526123
-0.4023176431655884
-2.5648632049560547
-1.5053244829177856
-2.681420087814331
-0.024771438911557198
-5.763348579406738
-2.194741725921631
-0.25766801834106445
-1.5023740530014038
-2.3347511291503906
-6.51308536529541
-0.6046969890594482
-2.061128616333008
-2.2265818119049072
-1.766828179359436
-1.8356735706329346
-3.8521223068237305
-2.1484546661376953
-4.80717658996582
-6.062963962554932
-0.1285495012998581
-1.3334767818450928
-0.9463315606117249
-2.9817495346069336
-3.765929698944092
-6.081160068511963
-5.600510120391846
-3.5331332683563232
-12.358209609985352
-5.423200607299805
-1.5203306674957275
-1.5534484386444092
-3.1954901218414307
-2.1995022296905518
-2.6771974563598633
-9.1815824508667
-2.8529534339904785
-1.3707290887832642
-9.058530807495117
-3.0919129848480225
-3.408510684967041
-1.273919939994812
-2.4789206981658936
-5.181848049163818
-6.7051286697387695
-0.8705464601516724
-2.38843035697937
-3.8427321910858154
-5.7694878578186035
-4.126344203948975
-1.947196364402771
-9.32869815826416
-0.46354615688323975
-1.381933331489563
-0.08305799961090088
-0.5380977988243103
-6.575841903686523
-6.761845588684082
-5.948458194732666
-4.793436050415039
-0.32879674434661865
-0.3885980248451233
-1.801668643951416
-1.009207010269165
-0.6817114949226379
-3.028104543685913
-3.131840229034424
-0.7924690246582031
-5.7898664474487305
-2.743543863296509
-0.9749820828437805
-0.04281867295503616
-2.11470890045166
-0.025863410905003548
-1.606918215751648
-0.08108515292406082
-1.5266715288162231
-1.7583266496658325
-0.03644636273384094
-3.9394915103912354
-0.04397109895944595
-4.118622779846191
-0.056304920464754105
-2.413250684738159
-0.045746903866529465
-3.0997016429901123
-0.06229563429951668
-2.3158211708068848
-0.2900144159793854
-5.461322784423828
-1.558448314666748
-1.978414535522461
-0.8255382776260376
-3.8343355655670166
-6.241531848907471
-4.57973051071167
-9.266188621520996
-7.020528793334961
-3.1192169189453125
-0.911858856678009
-8.491496086120605
-7.8980021476745605
-0.2599737048149109
-2.6118669509887695
-6.278239727020264
-3.0737385749816895
-3.5670580863952637
-8.31941032409668
-6.828729152679443
-2.2291953563690186
-1.2987596988677979
-5.656883239746094
-1.453527808189392
-7.0991973876953125
-4.327457427978516
-4.8061394691467285
-4.026541233062744
-0.6610284447669983
-6.468145847320557
-6.169543743133545
-3.3553497791290283
-3.3356711864471436
-7.089115619659424
-8.456116676330566
-9.582561492919922
-1.5485830307006836
-1.0882667303085327
-8.997993469238281
-3.748026132583618
-1.0396091938018799
-1.6549333333969116
-2.0629518032073975
-2.338096857070923
-2.09125018119812
-1.6408320665359497
-2.5460076332092285
-4.399328708648682
-3.64384126663208
-6.718565940856934
-0.32297924160957336
-0.37696412205696106
-4.671757221221924
-2.4098970890045166
-1.3245315551757812
-5.131935119628906
-0.7934662103652954
-7.706793308258057
-0.2787682116031647
-1.0814933776855469
-4.889880180358887
-2.30914306640625
-0.015098690055310726
-0.224773570895195
-0.005318895447999239
-4.184783935546875
-0.005626318044960499
-4.947830677032471
-0.011551400646567345
-5.417328834533691
-0.9310970902442932
-4.110679626464844
-8.655535697937012
-0.017014721408486366
-4.151467800140381
-0.007586714345961809
-7.789707660675049
-0.007465677335858345
-3.762624502182007
-0.01228150725364685
-4.419938087463379
-0.007884925231337547
-0.3891450762748718
-0.011480930261313915
-4.165527820587158
-2.672337770462036
-6.300392150878906
-2.082277774810791
-8.76980972290039
-0.05020645633339882
-1.8638023138046265
-8.0282621383667
-2.738013744354248
-1.4275100231170654
-1.6285228729248047
-4.598612308502197
-10.147481918334961
-2.504301071166992
-4.029253959655762
-0.13540597259998322
-6.542416572570801
-5.556759357452393
-7.11330509185791
-9.53453540802002
-0.445675790309906
-2.3585503101348877
-4.209914684295654
-5.119271755218506
-6.167159080505371
-7.818699836730957
-1.5363026857376099
-0.5400834083557129
-2.0908520221710205
-1.37503182888031
-3.9406120777130127
-2.1857731342315674
-0.11840464174747467
-6.280209064483643
-1.3307745456695557
-2.413726329803467
-4.885756492614746
-1.3798513412475586
-3.806792974472046
-3.0494956970214844
-6.621481418609619
-2.2430055141448975
-1.0481183528900146
-1.8062776327133179
-6.790738105773926
-0.6923017501831055
-12.092707633972168
-5.046702861785889
-6.282819747924805
-0.16428174078464508
-4.53056526184082
-0.029320212081074715
-0.08377863466739655
-0.01632043346762657
-10.000554084777832
-0.030526909977197647
-3.3980441093444824
-0.03076622635126114
-0.8434942960739136
-0.0533553883433342
-6.252389907836914
-3.1787281036376953
-0.020035039633512497
-3.712946653366089
-4.843670845031738
-4.7460737228393555
-2.933943748474121
-6.133265018463135
-0.021997623145580292
-1.8101847171783447
-9.42850112915039
-5.698694705963135
-8.48082447052002
-0.04489005729556084
-0.379008024930954
-0.015601251274347305
-3.8460705280303955
-0.03885621950030327
-3.8236098289489746
-3.4031822681427
-0.01957024075090885
-0.23868998885154724
-0.8554145097732544
-0.028578463941812515
-4.498711585998535
-0.5171626210212708
-2.7271101474761963
-3.9584927558898926
-2.185178756713867
-4.108399391174316
-9.671942710876465
-5.793934345245361
-3.4018211364746094
-4.360804557800293
-2.656527519226074
-0.6651653051376343
-4.6576056480407715
-0.34518134593963623
-0.7430879473686218
-0.5242974758148193
-1.885342001914978
-0.1958981454372406
-4.791046619415283
-4.969733238220215
-6.365363121032715
-1.9862229824066162
-0.9822689294815063
-6.2971110343933105
-2.861684799194336
-6.6985392570495605
-4.803169250488281
-1.68594491481781
-4.4965386390686035
-0.9674742817878723
-7.925754070281982
-2.322744607925415
-8.644853591918945
-9.506851196289062
-1.8490709066390991
-1.1128497123718262
-6.680824279785156
-0.9338631629943848
-4.546257972717285
-6.759605407714844
-10.203227996826172
-1.6304618120193481
-1.5939463376998901
-0.5103018283843994
-0.9210492372512817
-0.7880202531814575
-0.7527193427085876
-2.4210665225982666
-0.1385236531496048
-1.6325962543487549
-1.767154574394226
-5.256943702697754
-4.2539472579956055
-3.035261392593384
-0.14368201792240143
-10.44570255279541
-3.7544939517974854
-0.7603365182876587
-0.044314537197351456
-2.5489513874053955
-3.0229177474975586
-0.031958017498254776
-3.8612537384033203
-4.802331447601318
-8.814844131469727
-3.6275343894958496
-8.641031265258789
-0.021412741392850876
-2.481009006500244
-9.634697914123535
-6.894962787628174
-8.858193397521973
-0.018263977020978928
-0.30594968795776367
-4.0288896560668945
-5.570829391479492
-3.9397189617156982
-0.020267417654395103
-0.17866532504558563
-2.0685486793518066
-0.016235871240496635
-5.149870872497559
-1.7099778652191162
-2.452646255493164
-4.774643898010254
-6.405397415161133
-2.3247432708740234
-4.564379692077637
-3.9318573474884033
-7.6834001541137695
-8.75056266784668
-0.8132513165473938
-2.125593423843384
-2.6753273010253906
-1.8653984069824219
-8.127067565917969
-7.655043125152588
-3.3174664974212646
-1.679847002029419
-8.9002685546875
-9.019292831420898
-4.730352878570557
-2.5310182571411133
-0.012117933481931686
-3.1594128608703613
-3.304103136062622
-1.9750065803527832
-2.1826171875
-2.8765921592712402
-6.546745300292969
-0.25372228026390076
-0.06228017434477806
-3.9355578422546387
-2.7353057861328125
-4.757551193237305
-5.55590295791626
-3.0173823833465576
-3.2140121459960938
-8.210532188415527
-2.5548160076141357
-1.8709909915924072
-2.102508544921875
-0.07892642915248871
-1.2384673357009888
-2.94704008102417
-4.698806285858154
-0.9967405200004578
-1.6179051399230957
-1.2458957433700562
-4.746182918548584
-1.223961591720581
-2.613865375518799
-2.6710855960845947
-3.4159140586853027
-0.023294946178793907
-0.15728610754013062
-0.02026192657649517
-0.1492539942264557
-0.012226397171616554
-4.259640216827393
-0.018455687910318375
-7.181859016418457
-0.020800195634365082
-2.210846185684204
-0.00861073937267065
-4.884622097015381
-4.27043342590332
-3.1049153804779053
-4.122512340545654
-3.8107070922851562
-2.453587532043457
-1.7956033945083618
-2.685872793197632
-2.336649179458618
-3.657823085784912
-2.009860038757324
-2.5739171504974365
-1.8704057931900024
-9.526896476745605
-4.078314304351807
-1.8731423616409302
-4.810218334197998
-1.1494752168655396
-2.9977688789367676
-2.2103779315948486
-1.7012884616851807
-1.8238576650619507
-2.4628818035125732
-4.033315658569336
-3.0112476348876953
-2.7434275150299072
-3.0241687297821045
-3.4862780570983887
-0.2146599292755127
-1.0969650745391846
-3.630403518676758
-3.8336479663848877
-1.4645617008209229
-0.12932199239730835
-3.3814141750335693
-3.792999267578125
-1.1016157865524292
-7.072457790374756
-3.5207009315490723
-3.6393656730651855
-1.7451913356781006
-4.681807041168213
-3.253221273422241
-6.9771013259887695
-1.8351080417633057
-3.4947192668914795
-11.257863998413086
-4.836801528930664
-1.4945330619812012
-8.113568305969238
-6.153531551361084
-0.45744383335113525
-1.7104108333587646
-5.257394790649414
-0.1761963814496994
-1.2370765209197998
-8.411155700683594
-4.113559246063232
-0.019114112481474876
-5.868381977081299
-0.024738295003771782
-0.12460087239742279
-0.016765879467129707
-3.7583513259887695
-0.012978369370102882
-11.487944602966309
-0.011766199953854084
-2.0085747241973877
-0.009631356224417686
-9.502209663391113
-2.1211705207824707
-1.635136365890503
-2.7145321369171143
-2.288149356842041
-1.6031875610351562
-0.23716621100902557
-2.4100468158721924
-1.2523250579833984
-3.8916616439819336
-4.680918216705322
-3.8607120513916016
-0.6169196963310242
-1.8101425170898438
-2.412909507751465
-0.852778434753418
-3.072883129119873
-4.769405364990234
-0.03288323059678078
-2.462207794189453
-0.010130771435797215
-6.746776103973389
-0.016645127907395363
-2.7248334884643555
-0.025790341198444366
-4.047884464263916
-6.321979522705078
-1.2566801309585571
-1.8281221389770508
-0.09795141965150833
-3.7763168811798096
-3.984981060028076
-2.05423641204834
-3.5584545135498047
-3.0375404357910156
-5.527876377105713
-1.1389660835266113
-6.510869979858398
-1.0560805797576904
-4.685545921325684
-1.7289371490478516
-0.915520191192627
-5.792607307434082
-1.51936674118042
-1.5617424249649048
-0.6672247052192688
-1.8839420080184937
-4.849593162536621
-6.9015302658081055
-4.981143474578857
-4.504313945770264
-0.7732126712799072
-10.127806663513184
-4.498830795288086
-5.820120334625244
-0.30106037855148315
-0.5606817603111267
-6.933555603027344
-4.906689643859863
-4.538297653198242
-6.862391471862793
-0.2303948849439621
-9.598038673400879
-7.667810440063477
-3.5626015663146973
-2.4561800956726074
-5.780521392822266
-1.2612416744232178
-7.924488067626953
-0.8917610049247742
-4.557425022125244
-7.998722553253174
-6.151096343994141
-6.209446907043457
-5.351733684539795
-8.652397155761719
-5.7589263916015625
-10.558359146118164
-6.244744300842285
-3.8382372856140137
-5.782533645629883
-1.9125655889511108
-2.7172024250030518
-0.9108020663261414
-7.076047420501709
-1.2131515741348267
-1.7831006050109863
-4.852913856506348
-7.36433219909668
-1.0058443546295166
-0.023100662976503372
-3.327577829360962
-0.01295153982937336
-4.12528657913208
-0.07648644596338272
-3.361989736557007
-0.07099555432796478
-8.285910606384277
-3.6816699504852295
-1.2040560245513916
-4.12106990814209
-0.4507966637611389
-0.022907858714461327
-4.667623519897461
-0.012811731547117233
-4.789417266845703
-0.00952119380235672
-3.7392890453338623
-0.02096504159271717
-8.58743953704834
-0.07428079843521118
-7.959406852722168
-8.523122787475586
-0.7456879615783691
-4.839121341705322
-10.843826293945312
-11.507843017578125
-10.921984672546387
-12.367210388183594
-0.9063882827758789
-1.504686951637268
-6.344997882843018
-5.604747772216797
-4.781341552734375
-1.6028238534927368
-0.7917929291725159
-3.04228138923645
-0.01940797083079815
-2.3564484119415283
-0.0037671804893761873
-7.023052215576172
-0.007092773448675871
-2.7574384212493896
-0.0034520579501986504
-3.0419766902923584
-0.005049333907663822
-8.423494338989258
-0.00740911765024066
-5.669108867645264
-1.2316811084747314
-4.888707160949707
-0.022362329065799713
-1.1115624904632568
-0.005433789920061827
-6.350447177886963
-0.00811647716909647
-2.0160398483276367
-0.007154795806854963
-3.0233373641967773
-0.00986191350966692
-4.151535987854004
-0.7042900919914246
-0.03613884374499321
-5.699701309204102
-2.8544445037841797
-3.651557207107544
-5.000614643096924
-6.506933212280273
-2.9247512817382812
-4.283004283905029
-0.9702247381210327
-4.826251983642578
-8.476493835449219
-1.1265928745269775
-1.6571447849273682
-0.1958869844675064
-2.6219429969787598
-2.842501163482666
-0.1327793002128601
-0.18047672510147095
-1.5175156593322754
-7.590233325958252
-1.171461582183838
-5.1357502937316895
-0.19882625341415405
-3.5644278526306152
-2.6481502056121826
-0.030063724145293236
-2.2267186641693115
-1.2752066850662231
-0.6703967452049255
-1.247972011566162
-1.611168622970581
-0.33644071221351624
-7.682229518890381
-0.5996270179748535
-5.259149074554443
-1.290591835975647
-6.393895149230957
-4.029546737670898
-0.16459505259990692
-0.023258375003933907
-2.434297800064087
-0.01977759785950184
-5.673899173736572
-0.02322879061102867
-2.5684235095977783
-0.04055046662688255
-3.1718544960021973
-0.02089698240160942
-7.977395534515381
-0.019450996071100235
-6.976734161376953
-2.4369912147521973
-1.268322229385376
-1.2618541717529297
-0.1984224170446396
-1.3127562999725342
-2.062711715698242
-1.2001075744628906
-1.5568652153015137
-0.693967342376709
-6.945972442626953
-4.702220916748047
-0.7245278358459473
-6.643970489501953
-1.1967765092849731
-2.6945340633392334
-0.518628716468811
-1.8892549276351929
-1.6624484062194824
-6.676311492919922
-0.29887476563453674
-2.509249210357666
-0.8809933662414551
-1.4905951023101807
-1.8554275035858154
-1.689275860786438
-0.3344310522079468
-0.28590893745422363
-2.114150285720825
-4.023802280426025
-2.991136312484741
-0.801953911781311
-0.06668706238269806
-0.7796597480773926
-0.11556126177310944
-1.644373893737793
-0.9986873269081116
-2.1534225940704346
-6.957035064697266
-1.8210654258728027
-4.091905117034912
-3.7519257068634033
-1.9394127130508423
-0.14258825778961182
-0.06768999993801117
-4.0261945724487305
-2.2257680892944336
-4.132192611694336
-4.150201797485352
-1.948600172996521
-3.7107112407684326
-0.1190488189458847
-0.0880209282040596
-1.9460554122924805
-2.183173418045044
-2.9044132232666016
-0.05401010066270828
-0.8840333223342896
-1.3116517066955566
-3.220367431640625
-1.469710350036621
-2.5672173500061035
-0.5506786108016968
-2.623300075531006
-1.9616755247116089
-2.1327731609344482
-3.3847219944000244
-2.6253554821014404
-1.68522310256958
-2.684115409851074
-0.1646641194820404
-3.1338958740234375
-1.207743525505066
-3.3560495376586914
-2.046780586242676
-2.8438472747802734
-2.7633228302001953
-4.773228168487549
-8.401568412780762
-4.8587164878845215
-6.5861029624938965
-11.779452323913574
-3.2749154567718506
-4.677913665771484
-3.1423752307891846
-4.158458232879639
-1.489688754081726
-1.5850530862808228
-6.681953430175781
-5.7623820304870605
-8.284635543823242
-0.725325345993042
-0.5638030767440796
-13.484332084655762
-1.4369406700134277
-3.1796510219573975
-10.975482940673828
-3.4454803466796875
-7.758788585662842
-0.13408119976520538
-0.9627366662025452
-0.7059802412986755
-4.863502502441406
-7.099870681762695
-3.613741397857666
-9.297698974609375
-5.445250034332275
-1.3506855964660645
-6.28231954574585
-3.4421324729919434
-2.2324392795562744
-1.872984766960144
-5.566739559173584
-9.617805480957031
-1.2446928024291992
-3.9237589836120605
-4.228642463684082
-2.065661907196045
-1.3546828031539917
-1.8235418796539307
-0.9277617335319519
-10.477035522460938
-1.65794837474823
-1.539739966392517
-2.697875499725342
-6.826207637786865
-5.039667129516602
-5.747101306915283
-1.5146105289459229
-0.8530957102775574
-2.5190346240997314
-3.645843982696533
-3.132960557937622
-3.487919330596924
-7.844191074371338
-0.14367489516735077
-9.914920806884766
-0.19613341987133026
-0.16986967623233795
-4.272622585296631
-9.710848808288574
-7.176748275756836
-3.4620261192321777
-10.211172103881836
-3.208280086517334
-2.6343228816986084
-2.025254249572754
-1.1613627672195435
-4.614141941070557
-0.9393515586853027
-6.974154949188232
-0.3376665711402893
-0.6250100135803223
-7.374917984008789
-1.8559367656707764
-2.827152729034424
-2.378513813018799
-1.4685417413711548
-1.0750404596328735
-0.8752021789550781
-3.29875111579895
-1.000019907951355
-4.091804027557373
-2.9503180980682373
-3.4997689723968506
-2.2637534141540527
-2.842500686645508
-1.2532542943954468
-0.46255895495414734
-0.3182717263698578
-0.1804405003786087
-5.40099573135376
-5.932791233062744
-0.45559656620025635
-7.829869747161865
-0.9861874580383301
-3.7227039337158203
-9.180675506591797
-19.272672653198242
-0.43428096175193787
-5.857588768005371
-3.6610605716705322
-2.649205446243286
-1.61715567111969
-2.4601523876190186
-0.4758959710597992
-4.466549873352051
-0.20614629983901978
-3.8148605823516846
-0.24242813885211945
-0.055391889065504074
-3.815838575363159
-1.875457525253296
-5.686244964599609
-6.302616596221924
-4.536397933959961
-1.4780871868133545
-1.8870933055877686
-1.0423647165298462
-1.2930546998977661
-3.7525691986083984
-0.09422296285629272
-0.03516289219260216
-3.361456871032715
-2.379988193511963
-4.683358669281006
-7.441165447235107
-4.7473530769348145
-1.3364806175231934
-1.9859530925750732
-0.7118130922317505
-5.186071395874023
-0.920434832572937
-1.8698006868362427
-0.41446706652641296
-3.6599810123443604
-2.3256266117095947
-1.0698726177215576
-3.145232677459717
-0.011073444969952106
-2.532891273498535
-0.013212509453296661
-7.3279595375061035
-0.01730251871049404
-2.785846710205078
-0.006294189020991325
-3.498204469680786
-0.00816010870039463
-8.145896911621094
-0.009070736356079578
-5.568420886993408
-3.8280303478240967
-0.9808731079101562
-7.812915802001953
-3.5166351795196533
-6.792830944061279
-6.5516204833984375
-0.014902456663548946
-1.0307416915893555
-0.006646312773227692
-6.00994873046875
-0.010327471420168877
-1.6506247520446777
-0.009693221189081669
-2.998317241668701
-0.011803899891674519
-5.514441013336182
-0.54902184009552
-0.007104136515408754
-7.0854949951171875
-2.280122756958008
-14.452629089355469
-5.480142593383789
-10.089612007141113
-2.8930087089538574
-5.592437267303467
-5.5663909912109375
-2.365100860595703
-3.099018096923828
-1.9762059450149536
-0.9743087291717529
-0.7620119452476501
-3.5352139472961426
-2.838977336883545
-0.9122678637504578
-6.185057640075684
-4.375309944152832
-2.74882435798645
-6.007866859436035
-2.5121231079101562
-2.1173832416534424
-2.1046807765960693
-2.2364139556884766
-0.9910648465156555
-3.8635923862457275
-5.6574482917785645
-2.422140121459961
-1.9645442962646484
-4.476972579956055
-3.1837546825408936
-1.6661821603775024
-0.3035908341407776
-1.7385644912719727
-2.0271925926208496
-3.7427725791931152
-4.76609468460083
-7.350955963134766
-0.7385634183883667
-4.773654937744141
-0.22860413789749146
-1.7756683826446533
-4.483410358428955
-7.4610161781311035
-7.407521724700928
-1.1288589239120483
-4.242642879486084
-1.2188669443130493
-4.339033126831055
-0.5680152177810669
-0.023144928738474846
-6.975866317749023
-0.04625125974416733
-1.518659234046936
-0.04199200123548508
-2.8700640201568604
-0.522467851638794
-5.278263092041016
-1.698763370513916
-0.0832216739654541
-5.459650039672852
-0.028029875829815865
-2.93841552734375
-4.444336414337158
-3.677290439605713
-3.935148000717163
-0.2834629416465759
-6.034684658050537
-0.029367905110120773
-3.4057774543762207
-0.016276217997074127
-2.2937963008880615
-1.495112419128418
-0.033241454511880875
-1.725331425666809
-0.03467352315783501
-3.925870180130005
-0.03607962653040886
-0.026804374530911446
-3.8049139976501465
-0.02979404106736183
-4.9787068367004395
-0.04439892619848251
-3.6969971656799316
-0.055600181221961975
-5.833621501922607
-0.13829156756401062
-5.071114540100098
-2.650184154510498
-0.6784599423408508
-6.866479873657227
-1.058363676071167
-2.002601385116577
-1.147098422050476
-0.3965209424495697
-0.8154014348983765
-1.6126084327697754
-3.4961862564086914
-2.9910483360290527
-4.150534152984619
-3.880079746246338
-7.048802375793457
-5.377124309539795
-0.3386126458644867
-1.959639072418213
-1.6772069931030273
-0.23849786818027496
-0.819122850894928
-0.1409246176481247
-0.01982867158949375
-3.3226447105407715
-3.5762760639190674
-0.08232389390468597
-2.773611545562744
-0.03126825392246246
-1.3631881475448608
-5.16603422164917
-0.47268739342689514
-0.4877382516860962
-4.444962501525879
-3.8098154067993164
-1.0324015617370605
-1.4646251201629639
-2.0041184425354004
-1.3460015058517456
-5.3880295753479
-2.1055712699890137
-1.8066120147705078
-2.7869811058044434
-5.138827323913574
-1.8744810819625854
-1.7928380966186523
-3.1953818798065186
-4.136098861694336
-3.1964197158813477
-6.07446813583374
-3.8747057914733887
-1.472805380821228
-1.7540704011917114
-1.8715593814849854
-3.2177507877349854
-1.852934718132019
-2.373668670654297
-3.1845903396606445
-2.300889253616333
-7.353752613067627
-2.537184715270996
-0.783992350101471
-6.623790740966797
-3.0889506340026855
-1.7200062274932861
-3.102458953857422
-6.8642425537109375
-2.6074118614196777
-0.5567388534545898
-8.025490760803223
-5.077099800109863
-2.1853842735290527
-5.433657646179199
-4.018773555755615
-4.41960334777832
-4.805455207824707
-3.088451862335205
-3.8990185260772705
-4.667142868041992
-6.374912738800049
-2.859492063522339
-4.106012344360352
-1.7314682006835938
-4.31361722946167
-2.522346019744873
-2.02994966506958
-0.4978853762149811
-2.0653536319732666
-1.0568139553070068
-4.768332004547119
-2.2036545276641846
-4.6111907958984375
-2.637070894241333
-2.2947096824645996
-3.256739616394043
-3.2120769023895264
-5.979426383972168
-1.676146388053894
-4.0290422439575195
-2.7218737602233887
-5.262636661529541
-3.212468385696411
-3.864142417907715
-3.463921308517456
-0.9768246412277222
-5.284562587738037
-2.847334146499634
-0.7537632584571838
-2.2572579383850098
-8.790648460388184
-2.9200592041015625
-0.0656113252043724
-5.55666446685791
-3.141150712966919
-4.028173446655273
-2.5630221366882324
-1.546966791152954
-2.1863300800323486
-1.090498685836792
-5.2480902671813965
-2.9966940879821777
-3.8420591354370117
-1.5783456563949585
-12.03390121459961
-2.011791467666626
-5.8335771560668945
-6.029893398284912
-3.1096913814544678
-3.6089487075805664
-3.1032629013061523
-7.794924259185791
-3.014927864074707
-9.377654075622559
-4.054742336273193
-2.338606357574463
-1.965743899345398
-1.6169750690460205
-2.776266098022461
-0.4913983643054962
-2.712048292160034
-4.864666938781738
-3.9647295475006104
-5.243756294250488
-0.8634737133979797
-5.575281143188477
-1.599713683128357
-2.2128372192382812
-0.9417180418968201
-2.8868751525878906
-2.2426605224609375
-0.749748170375824
-13.379318237304688
-2.5469393730163574
-3.7554306983947754
-7.8797807693481445
-7.226449489593506
-11.304736137390137
-5.433779239654541
-5.001798152923584
-9.63388729095459
-9.992277145385742
-2.581308364868164
-0.756130039691925
-1.8514643907546997
-1.182897686958313
-4.598475456237793
-3.1097030639648438
-6.805190563201904
-3.0251243114471436
-7.284519672393799
-3.684237480163574
-3.8520915508270264
-5.1963982582092285
-0.795569658279419
-8.005203247070312
-6.236379146575928
-1.5309025049209595
-7.433067321777344
-2.2257819175720215
-1.7314236164093018
-1.4596235752105713
-1.9404666423797607
-1.0352184772491455
-3.8011560440063477
-3.0654282569885254
-3.411396026611328
-2.3151419162750244
-3.059130907058716
