-9.357491217087954e-05
-0.0003483880718704313
-2.861018856492592e-06
-0.000446696620201692
-0.0024039437994360924
-0.21750463545322418
-0.0035355696454644203
-0.00034564718953333795
-0.0027803832199424505
-2.7179348762729205e-05
-0.0035353321582078934
-0.0007040405762381852
-0.003052221145480871
-0.01866222359240055
-0.008730811066925526
-7.390948667307384e-06
-0.0010118131758645177
-7.60526381782256e-05
-5.435795901576057e-05
-0.0002903516869992018
-0.0032219188287854195
-9.369411418447271e-05
-1.728519782773219e-05
-0.003915145993232727
-0.0013102050870656967
-2.1576648578047752e-05
-0.00353521341457963
-6.6756979322235566e-06
-0.27002808451652527
-0.03682847321033478
-0.00029023250681348145
-0.005104129668325186
-0.011654151603579521
-0.021269559860229492
-0.00040928093949332833
-8.642300235806033e-05
-0.002991488901898265
-0.0008897398365661502
-0.01273311022669077
-0.032234277576208115
-5.483612312673358e-06
-0.016833283007144928
-4.529942543740617e-06
-0.006659575738012791
-3.4927710657939315e-05
-0.001640999224036932
-0.004065463785082102
-0.23902025818824768
-9.393251093570143e-05
-0.0007225048611871898
-0.00013028726971242577
-0.001924449927173555
-3.45700973412022e-05
-0.0011124381562694907
-0.0002896366349887103
-3.373566141817719e-05
-0.0014865073608234525
-0.00010346830822527409
-0.05813208967447281
-0.007640542928129435
-0.18876294791698456
-0.019145222380757332
-2.269256353378296
-0.0003779412363655865
-0.0017702399054542184
-1.5497195136049413e-06
-0.014718636870384216
-0.05483231320977211
-0.014318462461233139
-0.01683199219405651
-0.00017152745567727834
-0.0016421893378719687
-0.0006313714548014104
-0.004332798067480326
-0.0018937526037916541
0.0
-0.0009108209051191807
-1.764281842042692e-05
-0.07470924407243729
-0.004901773761957884
-0.062400467693805695
-0.0006815256201662123
-0.00021562635083682835
-6.05564855504781e-05
-0.0035355696454644203
-4.279521817807108e-05
-0.0007487116381525993
-0.0006298227235674858
-0.005982113536447287
-0.002359227742999792
-0.00031096869497559965
-0.0001454247540095821
-0.0003502947511151433
-0.0007177399238571525
-0.0023178397677838802
-0.02214070037007332
-0.19100680947303772
-0.001598986447788775
-0.003519057994708419
-0.002080420730635524
-0.009241187945008278
-0.0027717051561921835
-0.0014627005439251661
-0.0007065422250889242
-8.40390202938579e-05
-0.01790795847773552
-0.0046571362763643265
-0.0007739647408016026
-0.0008086272282525897
-0.01790807582437992
-0.0005000770906917751
-0.0021031422074884176
-0.0005160430446267128
-0.0008671099785715342
-0.01708410121500492
-0.0006672301678918302
-0.0005057962844148278
-0.00012146688823122531
-0.0014627005439251661
-0.03277110308408737
-0.018527308478951454
-0.0003203832311555743
-0.023389510810375214
-0.001932302606292069
-0.02341058850288391
-0.3107442259788513
-0.3083628714084625
-2.6979756355285645
-0.21275538206100464
-5.380660057067871
-0.025855977088212967
-0.00017689094238448888
-4.768258077092469e-05
-3.659658250398934e-05
-0.09872426092624664
-6.985420623095706e-05
-2.658331868587993e-05
-0.002983882324770093
-1.6615238189697266
-0.005159752443432808
-0.02386452630162239
-1.6615238189697266
-0.0001012035645544529
-1.6615238189697266
-0.053708501160144806
-0.022140583023428917
-0.10859126597642899
-2.0861407392658293e-05
-0.1461980640888214
-0.0035355696454644203
-0.003661715192720294
-0.01602167822420597
-0.07487351447343826
-0.028213467448949814
-0.0010721894213929772
-0.011785757727921009
-0.047327883541584015
-0.008947516791522503
-0.00015186110977083445
-1.0970474481582642
-0.0017811877187341452
-0.02039240300655365
-0.0003197873884346336
-0.0003673355677165091
-0.002009041141718626
-0.0035355696454644203
-0.00012146688823122531
-0.00039664984797127545
-0.01876085437834263
-0.001462819636799395
-0.141084685921669
-0.04567151516675949
-0.001462581567466259
-0.005452285520732403
-0.02761133760213852
-1.0359103679656982
-0.012218859978020191
-0.0003010773507412523
-0.001644093543291092
-3.7578883171081543
-0.257985919713974
-0.04060804471373558
-0.3249824643135071
-0.008565118536353111
-0.008206694386899471
-0.0012882990995422006
-0.00045098623377270997
-0.0023913378827273846
-0.00045134371612221
-0.0016046992968767881
-0.00013136000779923052
-0.0031540668569505215
-7.986990567587782e-06
-0.0003438596613705158
-0.0017341827042400837
-0.061299145221710205
-0.4755093455314636
-0.22352656722068787
-0.015951169654726982
-0.00016008525562938303
-0.0069951158948242664
-0.00024327656137757003
-0.003535450901836157
-0.00034564718953333795
-0.0005057962844148278
-0.00012134769349358976
-0.00015877417172305286
-0.0005324853118509054
-0.02319582924246788
-0.0010449193650856614
-0.0011075560469180346
-0.01264718547463417
-0.024175843223929405
-0.0010637345258146524
-0.00016640232934150845
-0.008355777710676193
-0.034376055002212524
-0.0012873465893790126
-0.07185406982898712
-4.5298504119273275e-05
-0.5755773782730103
-0.0006897454150021076
-0.00040368037298321724
-0.0002420847595203668
-0.00015698630886618048
-0.18145407736301422
-1.6615238189697266
-0.002277163788676262
-0.0003194298769813031
-0.0003965306677855551
-0.00039319414645433426
-0.00012146688823122531
-0.00015841660206206143
-0.0009825170272961259
-0.015970643609762192
-0.03302718326449394
-0.03783103823661804
-0.029698805883526802
-0.0423768013715744
-0.01127573475241661
-0.018577508628368378
-0.001061114715412259
-3.1470757676288486e-05
-0.00012134769349358976
-0.00019226610311307013
-0.018237756565213203
-0.004284013994038105
-0.006511660758405924
-0.11016678065061569
-0.0025689953472465277
-0.007254212629050016
-0.010169241577386856
-3.9278581142425537
-0.1807056963443756
-0.03390013054013252
-0.007569795940071344
-0.004753716755658388
-3.361645576660521e-05
-0.007787699811160564
-0.001462581567466259
-0.00039664984797127545
-0.00012134769349358976
-0.015375417657196522
-0.000582525331992656
-0.0026303476188331842
-0.012618227861821651
-0.00011383838864276186
-0.003684875788167119
-0.0013992529129609466
-1.42379629611969
-0.0008808070560917258
-0.0004368066438473761
-0.09882200509309769
-0.0018880413845181465
-0.011003411374986172
-0.0014844838296994567
-0.00022289653134066612
-0.049392227083444595
-0.06377508491277695
-0.003157394239678979
-0.015951287001371384
-3.2066785934148356e-05
-0.0005015069036744535
-0.0011699505848810077
-0.0003305127320345491
-6.115249561844394e-05
-0.00284944917075336
-2.7291224002838135
-0.0006043276516720653
-0.00012706902634818107
-0.015095754526555538
-0.0009971652179956436
-9.560128091834486e-05
-0.008063501678407192
-0.05115323141217232
-0.002262653084471822
-0.8161475658416748
-0.008068585768342018
-8.022463589441031e-05
-0.01267743669450283
-0.002643188228830695
-0.006825820542871952
-0.00968483928591013
-0.003118653781712055
-0.0028544417582452297
-0.0015968440566211939
-0.022140933200716972
-0.00014304091746453196
-3.611976353568025e-05
-3.838465272565372e-05
-4.1483970562694594e-05
-1.6212332411669195e-05
-0.00015889335190877318
-4.410734163684538e-06
-0.0003828269545920193
-0.00039736481267027557
-0.00026723151677288115
-0.0019750152714550495
-0.002458765869960189
-0.002169043058529496
-0.084071084856987
-0.00012134769349358976
-0.0035353321582078934
-0.000987756997346878
-7.581423415103927e-05
-0.1903131604194641
-0.0035355696454644203
-0.0003675738989841193
-0.001903747208416462
-0.0049844528548419476
-0.004401875659823418
-0.0003455280384514481
-0.0027482856530696154
-0.07298517227172852
-0.0003545847721397877
-0.26464658975601196
-0.000270091783022508
-0.0003687655262183398
-0.019145339727401733
-0.006629733834415674
-0.000802075956016779
-0.00012134769349358976
-0.0006264869589358568
-0.0022448119707405567
-0.00039772229501977563
-0.00022897482267580926
-0.003901727730408311
-4.410734163684538e-06
-0.00038235029205679893
-0.0012546057114377618
-0.00026723151677288115
-0.0006009918288327754
-3.212479591369629
-0.00012599628826137632
-4.410734163684538e-06
-0.0003828269545920193
-0.0012544866185635328
-0.00026723151677288115
-0.00035982808913104236
-0.0012863941956311464
-0.003920251969248056
-3.1470757676288486e-05
-0.00034564718953333795
-0.00034564718953333795
-0.00012134769349358976
-0.011716952547430992
-0.00027569307712838054
-0.0003392120997887105
-0.00951316487044096
-0.003063511336222291
-0.007875344716012478
-4.410734163684538e-06
-0.00038246947224251926
-0.0012542485492303967
-0.0002673506969586015
-0.026352349668741226
-0.00319268717430532
-0.0005627478822134435
-0.0157752875238657
-0.006202496122568846
-0.04426116496324539
-0.00030501006403937936
-0.0005523824947886169
-8.415821503149346e-05
-0.0022361292503774166
-0.0012738931691274047
-0.0007981451926752925
-0.0001774868869688362
-0.00044955636258237064
-0.0003455280384514481
-0.00034564718953333795
-0.003201955696567893
-0.0009104635682888329
-0.022140933200716972
-0.0014055621577426791
-0.18224778771400452
-0.00024077377747744322
-0.0011524471919983625
-0.026624007150530815
-0.01449730433523655
-0.0006618693005293608
-0.003535450901836157
-0.00012134769349358976
-0.00034564718953333795
-0.00015889335190877318
-1.6261030435562134
-0.00015889335190877318
-0.012363579124212265
-0.0009385710000060499
-1.7881377516459906e-06
-0.0034746292512863874
-0.0019135037437081337
-3.576272320060525e-06
-0.000382707774406299
-0.000556314189452678
-0.00026723151677288115
-0.0035355696454644203
-0.00012146688823122531
-0.00034564718953333795
-0.02375289425253868
-9.762764238985255e-05
-0.01914498768746853
-5.686121585313231e-05
-0.005807194393128157
-0.027236010879278183
-0.00017355366435367614
-0.008125818334519863
-0.0021332381293177605
-0.0007625294383615255
-0.01914510503411293
-0.00312530854716897
-0.0004359725280664861
-0.00015889335190877318
-0.00017009719158522785
-0.016719456762075424
-0.0002008474839385599
-0.00018320789968129247
-0.0005639393348246813
-0.0006823595031164587
-0.0016251702327281237
-0.0001586549769854173
-0.0035355696454644203
-0.0003455280384514481
-0.00014053787162993103
-0.001995002618059516
-0.0016582560492679477
-0.022140583023428917
-3.2782016205601394e-05
-0.002409295178949833
-0.004470354877412319
-0.022140465676784515
-0.003316262038424611
-8.380061626667157e-05
-0.022140583023428917
-0.015097163617610931
-0.024006405845284462
-7.664863369427621e-05
-0.05985128507018089
-0.004217421170324087
-0.018577508628368378
-0.000447530735982582
-0.0029326549265533686
-0.043539322912693024
-0.06859522312879562
-0.0035355696454644203
-0.03166747838258743
-0.0017521519912406802
-0.01914498768746853
-0.011720722541213036
-0.004497057292610407
-0.0041888123378157616
-0.0011091040214523673
-0.0015343570848926902
-0.0006420934805646539
-0.0012769886525347829
-0.0002356490003876388
-0.00490450207144022
-4.279521817807108e-05
-0.002022127853706479
-0.0021950930822640657
-0.01030387356877327
-0.6600696444511414
-0.0009953788248822093
-0.0025429551023989916
-0.0007801587926223874
-0.020223375409841537
-0.001984533155336976
-0.00012134769349358976
-0.00024291902082040906
-0.002845050999894738
-0.0008057684754021466
-0.0017109769396483898
-0.0009267802815884352
-0.0022294684313237667
-0.0007035640883259475
-1.6689286894688848e-06
-9.226373367710039e-05
-0.0004543225804809481
-0.04183881729841232
-0.0019309938652440906
-0.00625639921054244
-0.004797139670699835
-0.0026927662547677755
-0.008077218197286129
-0.00012134769349358976
-0.00034564718953333795
-0.00034564718953333795
-0.00034564718953333795
-0.0002108589978888631
-0.0013334201648831367
-0.0004076126788277179
-0.0014346078969538212
-0.0035355696454644203
-0.0003455280384514481
-0.00034564718953333795
-0.0003455280384514481
-0.00012134769349358976
-0.001536618685349822
-0.0006748544401489198
-0.0006501944735646248
-0.039918724447488785
-0.00044955636258237064
-0.021824317052960396
-6.41325386823155e-05
-2.658331868587993e-05
-0.00017081231635529548
-0.00044764988706447184
-0.03623519092798233
-0.0013547299895435572
-0.00302797625772655
-0.0008394769974984229
-0.001409133430570364
-0.008282479830086231
-0.008731283247470856
-0.00215429300442338
-0.0008170842193067074
-6.139089964563027e-05
-0.004243061412125826
-0.002310109091922641
-0.01581307128071785
-2.1934269170742482e-05
-0.0035355696454644203
-0.00034564718953333795
-0.00034564718953333795
-0.0027674254961311817
-0.002418571151793003
-0.0010272946674376726
-0.24367302656173706
-0.05505054071545601
-0.00948092807084322
-0.00023922442051116377
-0.0008828318095766008
-0.008767207153141499
-0.003392894519492984
-0.0889633372426033
-0.00040046300273388624
-0.00015877417172305286
-0.00039664984797127545
-3.0397906812140718e-05
-0.00019631843315437436
-6.365573790390044e-05
-0.07474541664123535
-0.10279103368520737
-0.00019202772818971425
-0.013912014663219452
-0.019739730283617973
-0.0004752936656586826
-4.017272294731811e-05
-0.00020680672605521977
-0.0174577496945858
-0.006926217582076788
-0.08777669817209244
-2.658331868587993e-05
-0.0014221088495105505
-0.0006812873762100935
-0.003405606606975198
-0.017224015668034554
-0.0047973766922950745
-0.0030434264335781336
-4.768370445162873e-07
-4.410734163684538e-06
-0.000382707774406299
-0.0012542485492303967
-0.0002673506969586015
-0.001508289948105812
-0.0006755692302249372
-0.002983882324770093
-0.014312705025076866
0.0
-0.0035355696454644203
-0.00012134769349358976
-4.410734163684538e-06
-0.000382707774406299
-0.0010636154329404235
-0.0002673506969586015
-0.0001481661747675389
-0.000380324519937858
0.0
-0.0011458981316536665
-5.960462772236497e-07
-5.960462772236497e-07
-4.768370445162873e-07
-4.768370445162873e-07
-1.1920928244535389e-07
-0.0004661188868340105
0.0
-0.025706691667437553
-5.960462772236497e-07
-0.024635599926114082
-0.00325863528996706
-0.0008337597246281803
-2.3841830625315197e-06
-0.009478329680860043
-0.18224738538265228
-0.004646338522434235
-0.6600696444511414
-0.005511564668267965
-0.023858124390244484
-0.027074865996837616
-0.00012146688823122531
-0.00034564718953333795
-0.00278371199965477
-0.022140583023428917
-0.0001586549769854173
-0.02463606558740139
-0.04495376721024513
-0.0014548442559316754
-0.028716200962662697
-0.00353521341457963
-0.003535450901836157
-0.00012146688823122531
-0.00034564718953333795
-0.000505677133332938
-0.00015841660206206143
-0.023196179419755936
-0.10099029541015625
-0.024176424369215965
-0.0048628635704517365
-0.0176401287317276
-0.007133017294108868
-0.003832378191873431
-0.05200393870472908
-0.00431178929284215
-0.0016764646861702204
-0.004439498297870159
-0.004968676716089249
-8.582700684200972e-05
-0.4284229576587677
-0.009794864803552628
-0.006360169965773821
-0.0001802282058633864
-0.002640334889292717
-0.001957050058990717
-0.00038628268521279097
-0.00014780859055463225
-0.00020859450160060078
-0.006102855782955885
-0.10876534879207611
-0.003535450901836157
-0.00030429501202888787
-0.00013755806139670312
-0.004035425838083029
-0.0006924853660166264
-0.000530936405993998
-0.0007063039811328053
-0.010609177872538567
-1.6812394857406616
-0.00016842853801790625
-0.00023016665363684297
-0.009624389931559563
-0.1999255269765854
-0.0035355696454644203
-0.002983763348311186
-0.005672784987837076
-0.058164145797491074
-0.00152757263276726
-0.084071084856987
-0.0005802616360597312
-0.002160121686756611
-0.006631746888160706
-0.03345821797847748
-0.00950230099260807
-0.0008132726070471108
-0.654394268989563
-0.01016322337090969
-0.00013815402053296566
-0.05400253087282181
-2.4914430468925275e-05
-0.04858290031552315
-0.0015012671938166022
-0.001383896335028112
-0.0004858981992583722
-0.003535450901836157
-0.00012134769349358976
-0.0014627005439251661
-0.0038733473047614098
-0.0003592322755139321
-0.006842988543212414
-0.0007483542431145906
-0.06289179623126984
-0.0008337597246281803
-0.017907841131091118
-9.262132516596466e-05
-0.0024634036235511303
-5.566918844124302e-05
-0.00015889335190877318
-3.4570634852570947e-06
-0.004138358868658543
-0.00672162463888526
-0.0035355696454644203
-0.0003455280384514481
-0.00034564718953333795
-0.0013517538318410516
-0.018527308478951454
-0.02161259949207306
-0.5124752521514893
-0.012210852466523647
-0.006138992961496115
-3.1470757676288486e-05
-1.0728830375228426e-06
-0.00038246947224251926
-0.000556314189452678
-0.0002673506969586015
-0.012649774551391602
-0.19247223436832428
-0.009176813997328281
-0.001462581567466259
-0.000505677133332938
-0.00012146688823122531
-0.002418571151793003
-0.00016675988445058465
-0.00867503136396408
-0.007080226205289364
-0.021105932071805
-0.0030125256162136793
-4.887569048150908e-06
-0.00887497141957283
-0.022984519600868225
-0.0008989107445813715
-0.0003578022588044405
-0.012145374901592731
-0.01790807582437992
-0.0015870844945311546
-0.004378731828182936
-0.03822501376271248
-0.4284232556819916
-0.0029042467940598726
-0.18224778771400452
-0.007042584475129843
-0.002760649425908923
-0.0019884591456502676
-0.04803529754281044
-0.0006264869589358568
-0.006918048951774836
-0.19982938468456268
-0.03903565555810928
-0.025778839364647865
-0.0036385541316121817
-0.00013279033009894192
-0.0036535197868943214
-0.0002714027068577707
-0.0014365125680342317
-0.001177690108306706
-0.00015853578224778175
-0.027182182297110558
-1.0847986231965479e-05
-2.1576648578047752e-05
-0.006324041169136763
-7.211902266135439e-05
-0.002448301063850522
-0.021342260763049126
-0.0805782750248909
-0.005114448256790638
-0.00016008525562938303
-0.003536995267495513
-0.001515431678853929
-0.001191025716252625
-0.0009971652179956436
-0.006519358605146408
-0.6600694060325623
-0.0008936702506616712
-0.0069046709686517715
-0.020392287522554398
-0.00015233787416946143
-0.000806721393018961
-0.0003700763627421111
-0.0003846143954433501
-0.0005952732171863317
-0.00315038301050663
-0.0019320646533742547
-2.454698085784912
-0.0014759134501218796
-0.004772225394845009
-0.000979420612566173
-0.010769343003630638
-0.0029130426701158285
-0.0068486714735627174
-2.753696753643453e-05
-0.001955146435648203
-0.005849504843354225
-0.034492380917072296
-0.003386122640222311
-0.0032966574653983116
-0.005350199528038502
-3.1553211212158203
-0.005349962040781975
-0.00012146688823122531
-0.00039664984797127545
-0.0003738896339200437
-0.0007651500636711717
-0.11450476199388504
-0.003880472155287862
-0.0008685392094776034
-0.07492903620004654
-0.0069976020604372025
-0.001105293515138328
-0.028350211679935455
-0.00019107422849629074
-0.00043335105874575675
-9.500529267825186e-05
-0.00022671037004329264
-3.886147169396281e-05
-0.003535450901836157
-0.0003965306677855551
-0.0007544293766841292
-0.00012146688823122531
-0.0041505866684019566
-0.00649211835116148
-0.00236160634085536
-0.005787283182144165
-0.00034564718953333795
-0.003535450901836157
-0.00034564718953333795
-0.00012146688823122531
-0.00043644916149787605
-0.01720925234258175
-0.02830791473388672
-2.454698085784912
-0.004122212994843721
-0.08049798011779785
-0.0023594654630869627
-2.1457441107486375e-05
-0.02835044264793396
-0.009069673717021942
-0.00012146688823122531
-1.8358061424805783e-05
-0.0003455280384514481
-0.0011533997021615505
-0.001462819636799395
-0.007139763794839382
-0.00021407696476671845
-0.0013858010061085224
-0.019161945208907127
-0.0029466801788657904
-0.0008167268824763596
-0.008173469454050064
-8.046303264563903e-05
-0.002941093873232603
-0.001508289948105812
-0.0064635747112333775
-0.0034142793156206608
-0.09964639693498611
-0.001859008800238371
-0.00044919890933670104
-0.014499066397547722
-0.002827339107170701
-0.01569654606282711
-0.019572343677282333
-0.005899516865611076
-0.34476688504219055
-0.5604234933853149
-0.0026399781927466393
-0.001490435330197215
-0.0028041587211191654
-0.0021786780562251806
-0.0005933669744990766
-0.00014327930693980306
-9.250213042832911e-05
-0.008518903516232967
-6.806619057897478e-05
-2.539125671319198e-05
-0.00024720950750634074
-1.2397689715726301e-05
-2.454697608947754
-0.008797458373010159
-1.2755313036905136e-05
-0.019344717264175415
-0.00946392398327589
-0.008188840933144093
-9.357491217087954e-05
-8.880697714630514e-05
-0.004031389020383358
-0.016332747414708138
-0.14619764685630798
-0.0035355696454644203
-0.00012134769349358976
-0.0005408254801295698
-0.001057304092682898
-0.00042226933874189854
-0.005616005044430494
-0.0033598660957068205
-0.04359752684831619
-0.006300586275756359
-0.0011046981671825051
-0.005217032972723246
-0.004805918782949448
-0.00012420836719684303
-2.1934269170742482e-05
-0.031708940863609314
-0.00012146688823122531
-2.658331868587993e-05
-5.507317473529838e-05
-0.04004059359431267
-0.019381782039999962
-0.00042226933874189854
-0.01478547416627407
-0.006432068534195423
-0.011779041960835457
-0.0030578067526221275
-0.007104610092937946
-0.00015484087634831667
-0.0015151937259361148
-0.006550980266183615
-0.06289716809988022
-0.0253906212747097
-0.00888513308018446
-0.010556570254266262
-0.012600923888385296
-0.0001429217227268964
-0.0038710911758244038
-0.004058815073221922
-0.00028761065914295614
-0.0013461584458127618
-0.017287053167819977
-0.0011030309833586216
-0.0010247938334941864
-2.276871418871451e-05
-0.00031394799589179456
-0.00012134769349358976
-0.001462581567466259
-0.0021421597339212894
-7.164221460698172e-05
-0.00028451209072954953
-1.1205610462639015e-05
-0.018577508628368378
-0.01402463298290968
-5.900685573578812e-05
-2.7656173188006505e-05
-0.08233696222305298
-0.0003091811086051166
-0.6600694060325623
-0.0006249382277019322
-0.01857762597501278
-0.00014780859055463225
-0.4284231960773468
-0.0035355696454644203
-1.6093124941107817e-05
-0.00034564718953333795
-0.00034564718953333795
-2.2291887944447808e-05
-3.111314072157256e-05
-0.02140842378139496
-0.0035355696454644203
-0.0002864189154934138
-0.0005191409145481884
-0.1586485654115677
-0.0019194527994841337
-0.024635599926114082
-0.012497681193053722
-0.00016330339713022113
-0.0010786197381094098
-0.0016656348016113043
-0.0006335158832371235
-0.00015889335190877318
-0.00353521341457963
-0.00034564718953333795
-0.00034564718953333795
-0.00015889335190877318
-0.00044228785554878414
-4.1483970562694594e-05
-0.017980320379137993
-0.004576684441417456
-0.08407118916511536
-7.426462980220094e-05
-0.08407118916511536
-0.002773726126179099
-0.002662092447280884
-0.0032847756519913673
-0.08407118916511536
-8.165503095369786e-05
-0.002623332664370537
-0.0016534955939278007
-0.0376838743686676
-6.067568756407127e-05
-0.019617466256022453
-0.0006987990345805883
-0.0035355696454644203
-0.0003455280384514481
-0.00034564718953333795
-0.030315641313791275
-0.0005042473785579205
-0.02690487541258335
-6.806619057897478e-05
-0.019271986559033394
-0.0027610058896243572
-7.903263758635148e-05
-0.005242885090410709
-0.0032201362773776054
-0.00023231192608363926
-0.003535450901836157
-0.000505677133332938
-9.30981186684221e-05
-0.005240631755441427
-0.00014709345123264939
-0.006672482937574387
-2.4546971321105957
-0.0007892115972936153
-0.00013386306818574667
-3.611976353568025e-05
-9.560128091834486e-05
-0.08537684381008148
-0.002983882324770093
-0.00034564718953333795
-0.0005794276366941631
-9.119095193454996e-05
-0.0039673917926847935
-0.0007269124034792185
-0.003535450901836157
-0.0002383901592111215
-0.0016527815023437142
-0.00047565114800818264
-0.0036535197868943214
-0.0006430465145967901
-0.012611164711415768
-0.0005907459417358041
-0.0004755319678224623
-0.0035353321582078934
-0.0036535197868943214
-0.00018535325943958014
-0.00019226610311307013
-0.00034564718953333795
-0.00011550712952157483
-0.0001397035230183974
-0.00047505536349490285
-0.012610811740159988
-0.0005907459417358041
-0.0003725788265001029
-0.00613105483353138
-0.0003761537664104253
-0.0034785496536642313
-0.0017866615671664476
-0.0050527737475931644
-0.0020510368049144745
-0.00029404606902971864
-0.0017362057697027922
-1.4647560119628906
-0.015554304234683514
-1.0930864810943604
-0.0001829695247579366
-0.182247593998909
-0.0003430254873819649
-0.18224748969078064
-0.00034290633630007505
-0.0007626485894434154
-0.05785040929913521
-4.410734163684538e-06
-0.00038258862332440913
-0.000556314189452678
-0.0002673506969586015
-0.09677431732416153
-0.0004544417606666684
0.0
-0.06773601472377777
-0.0009104635682888329
-2.753696753643453e-05
-1.2397689715726301e-05
-0.002118130913004279
-0.002643544925376773
-0.006625470705330372
-0.0016842002514749765
-0.001857937895692885
-0.004446381703019142
-0.015679528936743736
-0.0029834068845957518
-0.00011646069469861686
-0.03355586156249046
-0.0022292304784059525
-0.00019608005823101848
-0.01939043402671814
-0.003481163177639246
-2.3841574147809297e-05
-0.00018249277491122484
-0.002571135526522994
-0.0005681092734448612
-0.006218252703547478
-8.535020606359467e-05
-0.025930436328053474
-0.00012134769349358976
-0.28959500789642334
-0.005153111182153225
-0.0035355696454644203
-0.037839073687791824
-0.0006815256201662123
-0.00031013446277938783
-0.022916598245501518
-0.09497256577014923
-0.0003916450368706137
-1.4728527069091797
-0.00034433635300956666
-0.011374624446034431
-1.4728528261184692
-5.900685573578812e-05
-0.00038092033355496824
-0.008589111268520355
-0.007018791511654854
-0.01228103693574667
-0.016677837818861008
-0.021823499351739883
-0.0021339519880712032
-5.209142684936523
-0.006163754966109991
-0.043711986392736435
-0.011561770923435688
-0.08941595256328583
-0.027074750512838364
-0.002604546956717968
-0.00011646069469861686
-0.00198643677867949
-0.0009597701136954129
-4.815939246327616e-05
-0.005966234486550093
-0.001105293515138328
-0.006429699715226889
-0.001105293515138328
-0.007442131172865629
-0.000276765669696033
-0.04359752684831619
-0.0044530280865728855
-4.5536911784438416e-05
-0.00011121608258690685
-7.235741941258311e-05
-0.00012146688823122531
-0.0010312244994565845
-4.5536911784438416e-05
-0.010381978005170822
-0.00010430268594063818
-0.13963483273983002
-0.010057131759822369
-0.0002849888114724308
-0.0011255365097895265
-0.2021746188402176
-0.02512502111494541
-0.1793937087059021
-0.0932270735502243
-0.00029059001826681197
-0.04287120699882507
-7.378782902378589e-05
-0.3005441725254059
-0.03927145525813103
-0.022140583023428917
-0.0001599660754436627
-0.0002406545972917229
-0.0020477056968957186
-0.0008839037618599832
-0.0009270184673368931
-0.19230012595653534
-0.0035353321582078934
-7.283422019099817e-05
-0.0010483728256076574
-0.000604565953835845
-0.0007116645574569702
-0.003546616993844509
-0.01839061826467514
-0.026691213250160217
-0.0012491289526224136
-0.03194866701960564
-7.080780778778717e-05
-0.0006266061100177467
-7.939023635117337e-05
-0.001049682730808854
-0.00043156370520591736
-0.00012134769349358976
-8.248942322097719e-05
-2.6702524337451905e-05
-1.537788011773955e-05
-0.0020204621832817793
-0.0001908358681248501
-0.0014603198505938053
-4.8636207793606445e-05
-0.011970823630690575
-0.00012134769349358976
-0.004254338331520557
-0.005742836743593216
-0.00013958434283267707
-0.00012051333033014089
-6.580135959666222e-05
-0.004534201696515083
-5.054346183896996e-05
-0.01387039665132761
-0.026881897822022438
-0.0002388668799540028
-0.0030385537538677454
-0.0032641009893268347
-0.011592761613428593
-0.03500693291425705
-0.0002609150833450258
-0.006279144436120987
-0.0036965152248740196
-0.006043375004082918
-0.00020323118951637298
-0.0002862997353076935
-0.00012134769349358976
-6.580135959666222e-05
-0.002841128269210458
-0.006814572960138321
-0.0014803176745772362
-0.002587663009762764
-0.006493421271443367
-0.017817089334130287
-0.182247593998909
-0.00011276562872808427
-0.0022888195235282183
-1.9907753085135482e-05
-0.016986241564154625
-0.010322043672204018
-0.00012134769349358976
-0.0514460913836956
-1.7046782886609435e-05
-5.9960475482512265e-05
-0.0008623456815257668
-0.0005368936690501869
-9.83428253675811e-05
-0.006632812786847353
-0.001722401357255876
-0.013247214257717133
-0.008164010010659695
-0.0007870675181038678
-0.009677637368440628
-0.01562683656811714
-0.0009055804111994803
-0.0013160386588424444
-0.0019262346904724836
-0.0010530170984566212
-0.000505677133332938
-0.00015889335190877318
-0.00037400881410576403
-0.0016383809270337224
-0.00015925093612167984
-3.1178689002990723
-0.024635832756757736
-0.001023364719003439
-0.0004183370911050588
-0.001278060139156878
-0.02161271683871746
-0.1461980640888214
-0.0035355696454644203
-0.00013851160474587232
-0.0008607972995378077
-0.18224738538265228
-0.0007214327342808247
-0.00027771908207796514
-0.0001433984871255234
-0.0003296785580459982
-0.00016723664884921163
-0.00014554394874721766
-0.028350327163934708
-0.01623012311756611
-0.001597320195287466
-0.015459231100976467
-0.07395215332508087
-0.07157256454229355
-0.0011242267210036516
-0.00014482879487331957
-0.0009289240115322173
-0.0005911033367738128
-0.004420153331011534
-0.00482976483181119
-0.0020248640794306993
-0.003535450901836157
-0.0003965306677855551
-0.00012134769349358976
-0.00015877417172305286
-0.0023988301400095224
-0.003710173536092043
-0.0029440652579069138
-0.0008984343148767948
-0.016916856169700623
-0.00020430385484360158
-0.0022984533570706844
-0.024061104282736778
-0.0038735847920179367
-0.003770862240344286
-0.003078485606238246
-0.0004351384413894266
-0.019591398537158966
-0.0006386386230587959
-0.03666829317808151
-0.03991849347949028
-0.00040046300273388624
-0.0014780559577047825
-0.0011042217956855893
-5.6622808187967166e-05
-5.018585216021165e-05
-0.007973034866154194
-0.00011705666838679463
-0.00014959646796341985
-0.29529669880867004
-0.012311887927353382
-0.03185340762138367
-7.843663479434326e-05
-0.004642185289412737
-0.004673984833061695
-0.06433124095201492
-0.00034791138023138046
-0.0013578252401202917
-0.0011050553293898702
-0.007360719610005617
-0.008730337955057621
-0.008730456233024597
-7.998623186722398e-05
-0.0005570290377363563
-0.0015908931382000446
-9.786603914108127e-05
-0.00030083899036981165
-0.0009804924484342337
-0.0006482883472926915
-0.006461916491389275
-0.008471859619021416
-0.009325399063527584
-0.00015090756642166525
-0.021523818373680115
-0.5456719994544983
-0.0016881275223568082
-0.0018102225149050355
-2.777537883957848e-05
-0.00040642108069732785
-0.0035209585912525654
-0.0032222752925008535
-0.0392037108540535
-0.0008166077313944697
-0.0035355696454644203
-0.00012146688823122531
-1.8358061424805783e-05
-4.410734163684538e-06
-0.00038235029205679893
-0.0012546057114377618
-0.00026723151677288115
-4.410734163684538e-06
-0.0003828269545920193
-0.0012544866185635328
-0.00026723151677288115
-0.001473889802582562
-4.410734163684538e-06
-0.0003828269545920193
-0.0005561950383707881
-0.00026723151677288115
-0.013664515689015388
-0.008420322090387344
-0.030530031770467758
-0.06275801360607147
-0.0026440205983817577
-8.05822346592322e-05
-0.006575258448719978
-0.004477831535041332
-0.005864081904292107
-0.039918724447488785
-0.0028666851576417685
-0.01172720268368721
-0.039918724447488785
-0.045549988746643066
-0.0042457920499145985
-0.0001867835089797154
-0.00024232311989180744
-0.011066606268286705
-0.006502422504127026
-0.0018455630633980036
-0.0019407500512897968
-7.962863310240209e-05
-0.045549534261226654
-0.00028868322260677814
-0.025651851668953896
-0.010731368325650692
-0.005160582717508078
-0.0020335486624389887
-0.01039825938642025
-0.1296938955783844
-0.5671794414520264
-0.001985484967008233
-0.0007549058645963669
-0.0028228219598531723
-0.00010334911348763853
-0.002748999046161771
-0.02246234379708767
-0.0002165798214264214
-0.00015853578224778175
-0.07208758592605591
-0.0001433984871255234
-0.006574784871190786
-0.00241869012825191
-0.00031323294388130307
-0.0011961455456912518
-0.03331294655799866
-0.8627672791481018
-0.014077411033213139
-0.0013580633094534278
-0.0029836446046829224
-0.6600693464279175
-1.9511651992797852
-0.0029307531658560038
-0.00034564718953333795
-0.00023862851958256215
0.0
-0.07050497084856033
-0.001177571015432477
-0.001921832445077598
-0.0006493605324067175
-0.0052617397159338
-0.005653700791299343
-0.0001081169830285944
-0.0006046851049177349
-0.008264390751719475
-0.1461978554725647
-0.0035355696454644203
-0.18224768340587616
-0.17231233417987823
-0.00436377665027976
-0.04555021598935127
-0.007175153121352196
-0.048932477831840515
-0.002996480790898204
-0.022865332663059235
-0.0028139064088463783
-0.017029019072651863
-1.4728527069091797
-0.07923571765422821
-0.005680371075868607
-0.041431281715631485
-0.024635832756757736
-0.0023557788226753473
-0.00472381804138422
-0.0005071069463156164
-0.0019386084750294685
-0.002983882324770093
-0.0008986725588329136
-0.02377571165561676
-0.04838915541768074
-0.01670949161052704
-0.01670960895717144
-0.00048196621355600655
-0.000785280775744468
-0.00034350217902101576
-2.2920737266540527
-0.0007731309160590172
-0.00011991735664196312
-0.02822667919099331
-0.00016473367577418685
-0.0025674495846033096
-0.001301514101214707
-0.0006115949945524335
-0.008037485182285309
-0.004837119951844215
-0.00035124807618558407
-0.00020239688456058502
-0.00034564718953333795
-0.00024005869636312127
-0.008582020178437233
-1.9907753085135482e-05
-0.000278195773717016
-0.004119957331568003
-0.00023850933939684182
-0.062400467693805695
-0.00010549465514486656
-0.0370333157479763
-7.807903602952138e-05
-0.006215290632098913
-0.14619743824005127
-0.00353521341457963
-0.18224778771400452
-0.0004963834653608501
-0.00010394509445177391
-0.00011157367407577112
-0.003535450901836157
-0.00034564718953333795
-8.511180931236595e-05
-0.0018324741395190358
-0.007976345717906952
-0.011381343007087708
-0.011876468546688557
-4.410734163684538e-06
-0.000382707774406299
-0.0012543675256893039
-0.0002673506969586015
-0.005358618218451738
-0.0080491928383708
-0.0038881907239556313
-0.001705264556221664
-0.00021169328829273582
-0.00014304091746453196
-0.012981664389371872
-0.014917607419192791
-0.00015889335190877318
-0.0035353321582078934
-0.00034564718953333795
-0.00012146688823122531
-4.410734163684538e-06
-0.00038235029205679893
-0.0012546057114377618
-0.00026723151677288115
-4.410734163684538e-06
-0.0003828269545920193
-0.0012544866185635328
-0.00026723151677288115
-0.004744937177747488
-0.0004599228559527546
-0.0007214327342808247
-7.629103492945433e-05
-7.819823804311454e-05
-0.022140583023428917
-0.006568389479070902
-0.022140465676784515
-0.007704897318035364
-0.0003070359816774726
-0.003325648372992873
-0.00353521341457963
-0.00034564718953333795
-0.00034564718953333795
-0.00012134769349358976
-0.0019751342479139566
-0.14038214087486267
-0.011579682119190693
-2.8371408916427754e-05
-0.01063123531639576
-0.023410238325595856
-0.00034350217902101576
-0.0010721894213929772
-0.001105293515138328
-0.02161259949207306
-0.001374848885461688
-4.410734163684538e-06
-0.00038235029205679893
-0.0010634964564815164
-0.00026723151677288115
-0.0009064141195267439
-0.003535450901836157
-0.00034564718953333795
-0.00034564718953333795
-3.158996332786046e-05
-0.00012134769349358976
-0.02140842378139496
-0.0023629143834114075
-0.003948986995965242
-1.1205610462639015e-05
-4.529942543740617e-06
-0.02604321949183941
-0.0006723527330905199
-0.0038415221497416496
-4.529942543740617e-06
-0.00038258862332440913
-0.0012540103634819388
-0.0002674698771443218
-4.410734163684538e-06
-0.00038246947224251926
-0.0012542485492303967
-0.0002673506969586015
-4.410734163684538e-06
-0.000382707774406299
-0.0012542485492303967
-0.0002673506969586015
-0.00024232311989180744
-0.2304135262966156
-0.024320587515830994
-0.0024497280828654766
-0.0006049233488738537
-0.004596857354044914
-0.0022172171156853437
-9.119095193454996e-05
-4.410734163684538e-06
-0.00038246947224251926
-0.0010637345258146524
-0.0002673506969586015
-0.5463322997093201
-0.02161271683871746
-0.03570585697889328
-0.005171256605535746
-1.4728525876998901
-1.5921618938446045
-0.00031716562807559967
-0.6600695848464966
-0.028607426211237907
-0.00014304091746453196
-0.0064970930106937885
-0.002983882324770093
-0.0001255195093108341
-0.002053178148344159
-0.00042691652197390795
-3.349725011503324e-05
-0.004204838071018457
-0.0009994279826059937
-0.000780754373408854
-0.010856137610971928
-0.008727147243916988
-5.1377883210079744e-05
-0.0034054878633469343
-0.003467026399448514
-0.009410547092556953
-0.005323875695466995
-0.0009531007381156087
-0.004434395115822554
-0.0019124329555779696
-0.0035355696454644203
-0.0008087463211268187
-0.001166973845101893
-0.00482632452622056
-0.0008899780223146081
-0.01914510503411293
-0.02463606558740139
-0.0013944911770522594
-4.446407547220588e-05
-0.0002603192115202546
-0.00682191364467144
-0.003564434824511409
-0.00012134769349358976
-0.00034564718953333795
-0.00034564718953333795
-0.0035353321582078934
-0.018640227615833282
-4.970903682988137e-05
-0.14904193580150604
-0.0020719743333756924
-0.005484415218234062
-0.017896952107548714
-0.0030131200328469276
-0.006572534330189228
-0.004377901088446379
-0.00553551223129034
-0.14904172718524933
-0.014075765386223793
-1.1801649634435307e-05
-0.00019929806876461953
-0.0015900599537417293
-0.000865561596583575
-0.0003013156820088625
-2.47952248173533e-05
-0.0008659188752062619
-0.0008013612823560834
-4.637133679352701e-05
-0.0006032554083503783
-0.0020731640979647636
-0.001105293515138328
-7.879423355916515e-05
-0.0005384425749070942
-0.0003535122668836266
-0.0012211493449285626
-2.1934269170742482e-05
-0.00012003655137959868
-0.0004085659747943282
-0.00011085849109804258
-0.00020632999076042324
-0.0018945855554193258
-0.0006081400788389146
-0.0025648337323218584
-3.576278118089249e-07
-0.182247593998909
-0.00012134769349358976
-3.1470757676288486e-05
-0.00034564718953333795
-0.0014627005439251661
-0.003535450901836157
-0.0001770101225702092
-0.001665158779360354
-0.0033275492023676634
-0.0007701530121266842
-0.005132000893354416
-0.002814144128933549
-4.768360213347478e-06
-0.00038246947224251926
-0.0012542485492303967
-0.0002673506969586015
-4.768360213347478e-06
-0.0003828269545920193
-0.0012544866185635328
-0.00026723151677288115
-4.768360213347478e-06
-0.00038258862332440913
-0.0012540103634819388
-0.0002674698771443218
-4.768360213347478e-06
-0.00038235029205679893
-0.0010634964564815164
-0.00026723151677288115
-0.04394235089421272
-0.0012755600037053227
-0.08236824721097946
-4.541770613286644e-05
-0.001680630026385188
-0.18224778771400452
-0.03717288002371788
-0.0069904993288218975
-0.00306160980835557
-0.04158246889710426
-0.05695297569036484
-3.838465272565372e-05
-0.00139318173751235
-0.295941025018692
-0.04091636463999748
-0.006225242279469967
-0.0012866322649642825
-0.0007370378007180989
-0.0013656823430210352
-0.04059705510735512
-9.190614218823612e-05
-0.00543390866369009
-0.013048146851360798
-0.003535450901836157
-0.0035353321582078934
-0.00012134769349358976
-0.0005155664402991533
-3.1470757676288486e-05
-0.00435155164450407
-0.0002057340752799064
-0.00010883215873036534
-0.004551764577627182
-2.884823152271565e-05
-0.0011025547282770276
-0.0030209640972316265
-0.00016282663273159415
-0.08039898425340652
-0.072087362408638
-0.0007017772295512259
-0.0041597275994718075
-0.00034564718953333795
-0.030896726995706558
-0.0006021831650286913
-0.0003978414461016655
-0.0017091918271034956
-0.0045853471383452415
-0.049604952335357666
-0.013913778588175774
-0.0004667146422434598
-0.0007782529573887587
-0.00705939345061779
-0.008730811066925526
-4.768360213347478e-06
-0.0003828269545920193
-0.0010637345258146524
-0.00026723151677288115
-2.5510462364763953e-05
-0.00014351768186315894
-4.768370445162873e-07
-0.0008511496125720441
-0.0058052982203662395
-0.00025042734341695905
-0.006668930407613516
0.0
-0.07728730887174606
-0.0002388668799540028
-0.0010643299901857972
-0.008253750391304493
-0.01914510503411293
-2.3483953555114567e-05
-0.14106294512748718
-0.04585736244916916
-0.6211979985237122
-0.3088841736316681
-4.768360213347478e-06
-0.00038258862332440913
-0.0012540103634819388
-0.0002674698771443218
-0.002550446195527911
-0.000526289688423276
-0.02140842378139496
-0.00015889335190877318
-0.013522219844162464
-0.02577907219529152
-0.025778954848647118
-0.0038843909278512
-0.0003398079425096512
-0.00034409802174195647
-0.005756822880357504
-0.001039203256368637
-0.0052477470599114895
-0.00037055302527733147
-0.002743292599916458
-0.0093507906422019
-0.00042250767000950873
-0.0033422820270061493
-0.0004707658663392067
-0.012243472039699554
-0.008730574510991573
-0.000896052282769233
-0.00029297350556589663
-0.00011252723925281316
-0.059438444674015045
-0.031548745930194855
-9.536697689327411e-06
-0.0013615157222375274
-0.004602078348398209
-0.0015404274454340339
-0.005597986746579409
-7.390703103737906e-05
-0.004541202913969755
-0.000311802898067981
-0.0035892606247216463
-0.00669924495741725
-7.92710343375802e-05
-0.0001685477327555418
-0.006568389479070902
-0.022937335073947906
-0.0023652929812669754
-0.0014537728857249022
-0.08587539196014404
-0.004632336553186178
-0.09098461270332336
-0.020392287522554398
-0.0014140140265226364
-0.001686461502686143
-0.004309534095227718
-0.00014959646796341985
-0.0035355696454644203
-0.0008579387213103473
-0.0003965306677855551
-0.00012134769349358976
-0.0003090619284193963
-0.004231665749102831
-0.01879758946597576
-0.007235158234834671
-0.0035657414700835943
-0.0006718761869706213
-0.030927587300539017
-0.00037400881410576403
-0.00012134769349358976
-0.015360978431999683
-0.003031541593372822
-0.0005281960475258529
-0.00040046300273388624
-0.0013723488664254546
-2.253030106658116e-05
-0.010552087798714638
-0.00016723664884921163
-0.0001299296854995191
-0.00013052565918769687
-0.0021228890400379896
-0.0032966574653983116
-4.386805812828243e-05
-1.7523612768854946e-05
-0.0008683010237291455
-4.768360213347478e-06
-0.00038235029205679893
-0.0010634964564815164
-0.00026723151677288115
-0.01800900511443615
-0.001790707348845899
-0.005200074519962072
-7.83174327807501e-05
-0.14524562656879425
-6.41325386823155e-05
-0.006097642704844475
-0.003535450901836157
-0.00034564718953333795
-0.00034564718953333795
-0.00012146688823122531
-0.054611559957265854
-3.158996332786046e-05
-0.03991860896348953
-0.01018800400197506
-0.0019356340635567904
-0.033558283001184464
-0.00010668662434909493
-0.01914498768746853
-0.00027176024741493165
-0.00047779586748220026
-0.003565860213711858
-0.007539744488894939
-0.00022456508304458112
-0.0002455409849062562
-0.00015889335190877318
-4.017272294731811e-05
-0.01914510503411293
-0.0022198338992893696
-4.410734163684538e-06
-0.00038258862332440913
-0.00039736481267027557
-0.0002673506969586015
-0.10859104990959167
-0.00012182447244413197
-0.00045074793160893023
-8.010543388081715e-05
-0.0023413882590830326
-0.00218129507265985
-0.004155335016548634
-0.0004419303731992841
-4.410734163684538e-06
-0.00038258862332440913
-0.00039736481267027557
-0.0002674698771443218
-0.0009848987683653831
-0.00011622230522334576
-4.0411134250462055e-05
-0.16178306937217712
-0.019424457103013992
-0.02214070037007332
-0.00010179955279454589
-0.054642483592033386
-0.023324061185121536
-0.0006737822550348938
-3.755022044060752e-05
-0.003451345022767782
-0.002169875893741846
-0.012538649141788483
-0.00047565114800818264
-0.003535450901836157
-0.0035355696454644203
-0.00012146688823122531
-0.00039664984797127545
-0.00015889335190877318
-0.002691933885216713
-0.022140933200716972
-0.018527425825595856
-0.00030632095877081156
-0.014014171436429024
-0.017908310517668724
-0.003939131740480661
-0.024635832756757736
-0.001735848723910749
-0.00019476900342851877
-0.0011965028243139386
-0.012126177549362183
-0.00015829740732442588
-0.0035355696454644203
-0.050603631883859634
-0.406358003616333
-0.010207945480942726
-0.003535450901836157
-0.00037400881410576403
-0.03893269971013069
-0.002184744458645582
-0.019145222380757332
-0.0032841814681887627
-0.0070804632268846035
-0.028283927589654922
-0.04791519418358803
-0.5287536382675171
-0.00399826280772686
-0.00010644822759786621
-0.002762194722890854
-0.00023529145983047783
-9.059865078597795e-06
-0.09061862528324127
-0.4284229576587677
-0.02835044264793396
-0.0028048718813806772
-0.023324061185121536
-0.05072443187236786
-0.001057542278431356
-0.0013508014380931854
-0.037729449570178986
-0.0035355696454644203
-1.7881233361549675e-05
-0.00034564718953333795
-0.00012146688823122531
-0.04860708862543106
-0.0005006728461012244
-0.0002416080387774855
-0.18224778771400452
-0.03706146031618118
-0.05072420462965965
-0.001057542278431356
-0.0013509204145520926
-0.03772967681288719
-0.0035353321582078934
-1.8000440832111053e-05
-0.00034564718953333795
-0.00012134769349358976
-0.04860708862543106
-0.001462581567466259
-0.00020430385484360158
-0.001791897346265614
-0.01595093496143818
-0.00015400654228869826
-0.0002464944263920188
-0.0012749646557494998
-0.021612484008073807
-0.003535450901836157
-0.00012134769349358976
-0.00034564718953333795
-0.00037400881410576403
-0.006497329566627741
-0.005446594674140215
-0.010411000810563564
-0.00374045898206532
-0.0004800597671419382
-0.029169706627726555
-0.14619743824005127
-0.00353521341457963
-0.001829261309467256
-0.001906721736304462
-0.006855301558971405
-0.005266245920211077
-0.0035355696454644203
-0.0003965306677855551
-0.00015889335190877318
-8.618460560683161e-05
-0.0015210260171443224
-0.003367945086210966
-0.003730245167389512
-0.012575496919453144
-0.02319582924246788
-0.023196294903755188
-0.0038364159408956766
-0.020381657406687737
-0.011472680605947971
-0.001293299370445311
-0.25733721256256104
-0.043096285313367844
-0.018757227808237076
-0.08396323025226593
-0.0246866587549448
-0.0002892790944315493
-0.00353521341457963
-0.00012742661056108773
-0.00012134769349358976
-0.7233339548110962
-0.0021820086985826492
-0.02835044264793396
-0.030467476695775986
-0.003535450901836157
-3.2066785934148356e-05
-0.6600694060325623
-0.028350211679935455
-0.0009586982196196914
-0.00220853416249156
-2.658331868587993e-05
-0.00015889335190877318
-6.782778655178845e-05
-0.00014554394874721766
-0.031743817031383514
-0.011520997621119022
-0.036827437579631805
-0.0003064401389565319
-0.009242487139999866
-0.08407141268253326
-8.451581379631534e-05
-0.010107642039656639
-0.0036733548622578382
-0.012462243437767029
-0.001462581567466259
-0.00012134769349358976
-0.00037400881410576403
-0.00034564718953333795
-0.04494191333651543
-0.013685799203813076
-0.008967365138232708
-0.018577508628368378
-0.016281144693493843
-1.0930864810943604
-0.018577391281723976
-0.022140583023428917
-5.817244164063595e-05
-0.00014280252798926085
-0.0002547178009990603
-0.255127876996994
-3.1470757676288486e-05
-0.0035355696454644203
-0.00021407696476671845
-0.14286565780639648
-0.03560301661491394
-0.13387903571128845
-0.024635832756757736
-5.1377883210079744e-05
-0.0002526917669456452
-0.0004800597671419382
-0.006939831655472517
-2.861018856492592e-06
-5.245195097813848e-06
-0.0001481661747675389
-0.058401212096214294
-0.011339855380356312
-0.0035712055396288633
-0.000899982638657093
-0.00525664072483778
-0.004461691714823246
-0.5884560942649841
-0.001312824198976159
-0.5884560942649841
-0.0017501289257779717
-0.0015170981641858816
-0.0038138525560498238
-0.00636822497472167
-0.5884560346603394
-0.009091409854590893
-0.0013913960428908467
-0.03634175658226013
-0.028350558131933212
-0.0027743205428123474
-7.199982064776123e-05
-5.435795901576057e-05
-0.005069022998213768
-0.003535450901836157
-0.0035355696454644203
-0.00012134769349358976
-0.00037400881410576403
-0.00016783259343355894
-5.4238757002167404e-05
-0.04353909566998482
-4.410734163684538e-06
-0.00038258862332440913
-0.00039736481267027557
-0.0002671123365871608
-0.000821014866232872
-0.0037807191256433725
-0.00035958975786343217
-0.0003682888636831194
-0.00151305110193789
-0.00022802136663813144
-0.0016138636274263263
-0.001178999780677259
-0.00041654970846138895
-0.0005365362740121782
-0.0017713108099997044
-0.0017689309315755963
-0.0007428746903315187
-0.0047973766922950745
-0.015739496797323227
-0.0036499565467238426
-0.01790807582437992
-0.0011968599865213037
-0.024635832756757736
-0.00024172721896320581
-0.0002656822034623474
-0.28782540559768677
-0.003535450901836157
-0.02727452479302883
-0.00034564718953333795
-0.00034564718953333795
-0.00012134769349358976
-0.009405114687979221
-0.004310839809477329
-0.006026904564350843
-0.0010682597057893872
-0.0023679095320403576
-0.0029870914295315742
-0.0007923085941001773
-0.00519260298460722
-0.007227465510368347
-0.05472194403409958
-0.010152366943657398
-0.0034313867799937725
-0.006370001472532749
-0.00014709345123264939
-4.410734163684538e-06
-0.00038258862332440913
-0.000556314189452678
-0.0002674698771443218
-7.652943895664066e-05
-0.00034564718953333795
-0.00015841660206206143
-0.00012146688823122531
-4.529942543740617e-06
-0.000382707774406299
-0.000556314189452678
-0.00026723151677288115
-0.014071417041122913
-0.042502596974372864
-0.004727496299892664
-0.004691901616752148
-0.0016018429305404425
-0.00963926687836647
-0.026037178933620453
-0.0018954183906316757
-0.00575196323916316
-0.039918724447488785
-0.06380125135183334
-0.1554456502199173
-0.0024986020289361477
-0.00011538793478393927
-2.634490556374658e-05
-0.0005650115781463683
-0.003535450901836157
-0.00012146688823122531
-0.00015841660206206143
-0.0009812070056796074
-0.0902160033583641
-1.5735502529423684e-05
-0.0015489972429350019
-0.010789155960083008
-0.0007463291985914111
-0.0035355696454644203
-0.00012146688823122531
-0.0003962923656217754
-0.00015841660206206143
-0.029691630974411964
-0.0017559599364176393
-0.02604658715426922
-0.01790795847773552
-0.0020272433757781982
-0.00020692592079285532
-2.1007237434387207
-0.003535450901836157
-0.00015877417172305286
-0.00039664984797127545
-0.00012134769349358976
-7.176141662057489e-05
-0.00025912740966305137
-0.06953353434801102
-0.0009833505610004067
-0.0022219750098884106
-0.0005158047424629331
-0.0013709203340113163
-0.00490331556648016
-0.02601766772568226
-0.0003343261778354645
-0.00034564718953333795
-0.037081219255924225
-0.0001858300092862919
-0.00353521341457963
-0.00034564718953333795
-0.00012134769349358976
-0.5149824619293213
-3.2782016205601394e-05
-0.0038651535287499428
-0.015951169654726982
-0.000266278104390949
-0.00013767725613433868
-0.021319271996617317
-0.001690745702944696
-0.002557461615651846
-0.0035353321582078934
-0.00034564718953333795
-0.0003455280384514481
-0.1066286563873291
-0.0037433092948049307
-0.05554571747779846
-0.0071684070862829685
-0.004050979390740395
-0.003129943273961544
-0.09503663331270218
-0.003535450901836157
-0.06539405882358551
-0.0004120216181036085
-0.004100605845451355
-0.00929197482764721
-0.007417992223054171
-0.0003404037852305919
-0.00052998325554654
-0.001313062384724617
-0.0009784678695723414
-0.01633368618786335
-0.013102976605296135
-0.0035475671757012606
-0.012496385723352432
-0.013521866872906685
-9.023735765367746e-05
-1.0930864810943604
-0.015101977623999119
-1.1920858014491387e-05
-0.00039843725971877575
-0.026656275615096092
-1.3351351299206726e-05
-0.0026173877995461226
-0.0010626628063619137
-0.0007432320853695273
-0.0023421018850058317
-3.182837463100441e-05
-7.045020902296528e-05
-0.00029666791670024395
-2.658331868587993e-05
-0.010107642039656639
-0.0008425738196820021
-0.003535450901836157
-2.2291887944447808e-05
-0.0014627005439251661
-0.0003455280384514481
-0.005543573759496212
-0.0005783553933724761
-0.0014524635626003146
-0.00581229105591774
-0.005543692037463188
-0.013478703796863556
-0.0009875188115984201
-0.02635931596159935
-0.00044383687782101333
-9.393251093570143e-05
-0.00013517419574782252
-0.00016878610767889768
-0.002457219874486327
-0.0007499027997255325
-0.00034564718953333795
-0.00034564718953333795
-0.01824442856013775
-0.0006307758158072829
-0.0024895647075027227
-0.00103265349753201
-0.018947910517454147
-0.08249559253454208
-0.011451938189566135
-0.00335119292140007
-3.576272320060525e-06
-4.410734163684538e-06
-0.00038235029205679893
-0.0005561950383707881
-0.00026723151677288115
-0.02769494242966175
-0.0019270675256848335
-2.8013790142722428e-05
-0.019274909049272537
-0.008700794540345669
-0.004360216204077005
-0.007968776859343052
-0.00034564718953333795
-0.27929019927978516
-0.004138952121138573
-0.0021429925691336393
-0.0019063648069277406
-0.0035355696454644203
-0.0507805198431015
-0.07325254380702972
-4.410734163684538e-06
-0.00038235029205679893
-0.0005561950383707881
-0.00026723151677288115
-0.27929019927978516
-0.012998138554394245
-0.006707297172397375
-0.0009357126546092331
-0.010164403356611729
-0.00012134769349358976
-0.03064553439617157
-0.0008424547268077731
-0.011781045235693455
-0.13177083432674408
-0.0013247294118627906
-0.0005073452484793961
-2.454697608947754
-0.27929002046585083
-0.0740935206413269
-0.02809188701212406
-0.007633090019226074
-0.008954251185059547
-0.00015090756642166525
-0.02413453347980976
-0.022140933200716972
-2.454697608947754
-0.000957150012254715
-0.0009099871967919171
-0.0015040049329400063
-0.00047302976599894464
-0.13155828416347504
-0.04845048487186432
-0.00534747214987874
-0.0025381988380104303
-0.0002795067266561091
-0.00012385078298393637
-0.007105912081897259
-0.19230012595653534
-0.0003530356043484062
-0.00017677174764685333
0.0
-0.10061220824718475
-4.4225667807040736e-05
-0.0007155956700444221
-0.028715968132019043
-0.0035355696454644203
-0.0035355696454644203
-0.00037400881410576403
-0.00012146688823122531
-0.00015889335190877318
-0.02140853926539421
-5.8053239627042785e-05
-0.09725639969110489
-0.025778954848647118
-0.02557992748916149
-0.0025511595886200666
-0.09331698715686798
-0.005792142357677221
-2.8490614567999728e-05
-8.821448318485636e-06
-0.002514060353860259
-5.960446742392378e-06
-0.0033199451863765717
-0.4080139696598053
-0.00038211196078918874
-0.011417761445045471
-0.08407086133956909
-0.004595077130943537
-0.01600208505988121
-0.00018654513405635953
-0.0014630577061325312
-0.0004146431456319988
-4.23184028477408e-05
-5.817244164063595e-05
-0.006636128760874271
-0.0013821106404066086
-9.905801562126726e-05
-8.415821503149346e-05
-2.454697608947754
-0.003987339325249195
-0.08502861112356186
-0.005216914229094982
-0.0011299422476440668
-0.016979679465293884
-0.016637273132801056
-0.00020215852418914437
-0.006579048000276089
-0.0004968600696884096
-0.021612484008073807
-0.0030994017142802477
-0.002009041141718626
-0.0005762108485214412
-0.0014757943572476506
-0.0002227773511549458
-0.06607619673013687
-0.00103265349753201
-0.000704278820194304
-0.019107213243842125
-0.0004925706889480352
-0.00892010610550642
-0.0007544293766841292
-0.0035355696454644203
-0.00037400881410576403
-0.0003738896339200437
-0.016177106648683548
-0.00012134769349358976
-0.0020759000908583403
-1.0930864810943604
-0.024196788668632507
-4.410734163684538e-06
-0.00038246947224251926
-0.000556314189452678
-0.0002673506969586015
-4.410734163684538e-06
-0.000382707774406299
-0.000556314189452678
-0.0002673506969586015
-0.017082108184695244
-6.4490144723095e-05
-1.7165990357170813e-05
-2.6702524337451905e-05
-0.00017081231635529548
-7.438383181579411e-05
-0.0006696127820760012
-0.0006687788409180939
-3.158996332786046e-05
-0.00022539935889653862
-0.0248155128210783
-0.0015764916315674782
-0.00041952868923544884
-0.07623562961816788
-6.782778655178845e-05
-0.002580172149464488
-0.024635832756757736
-4.649054244509898e-05
-0.0006845038151368499
-0.002819255692884326
-0.017907723784446716
-0.14619816839694977
-0.003535450901836157
-0.01426651980727911
-0.01914510503411293
-0.003040098585188389
-0.00011944057769142091
-0.041360028088092804
-0.010698816739022732
-0.01914510503411293
-0.0005862186080776155
-0.00013660451804753393
-0.0007251255447044969
-0.0007266741595230997
-0.008185293525457382
-0.02687922865152359
-0.022394852712750435
-0.0019509821431711316
-0.03982788696885109
-0.011830289848148823
-0.000709282117895782
-0.0011174393584951758
-0.0033642619382590055
-0.0035355696454644203
-0.00012134769349358976
-0.00034564718953333795
-0.00015889335190877318
-0.018577391281723976
-0.00011884459672728553
-0.00011252723925281316
-0.000952386180870235
-2.658331868587993e-05
-0.006671772804111242
-0.9335507750511169
-0.00012444675667211413
-0.00015269544383045286
-0.007736836094409227
-0.0002002515539061278
-0.0014631766825914383
-0.02485877089202404
-0.00035589560866355896
-0.0035355696454644203
-0.00034564718953333795
-0.00034564718953333795
-0.00012134769349358976
-1.6331539882230572e-05
-2.2649508537142538e-05
-0.000674616196192801
-0.0018450870411470532
-0.0004998388467356563
-0.006302481517195702
-0.0027350897435098886
-0.004026639740914106
-1.6615238189697266
-3.755022044060752e-05
-0.074823297560215
-0.014430212788283825
-0.02335107885301113
-0.0427076518535614
-0.00019596086349338293
-0.0065726530738174915
-0.002591705648228526
-0.08407086133956909
-0.024635832756757736
-0.0037958016619086266
-11.807026863098145
-0.003535450901836157
-0.00012134769349358976
-0.00034564718953333795
-0.00034564718953333795
-3.1470757676288486e-05
-0.3088840842247009
-0.34729504585266113
-2.729855441430118e-05
-0.001191025716252625
-0.0009401192655786872
-11.612743377685547
-1.0609570381348021e-05
-0.011804725043475628
-0.000439428084064275
-0.0035355696454644203
-0.0003455280384514481
-0.00034564718953333795
-0.0003455280384514481
-0.013724720105528831
-4.851700214203447e-05
-0.06607597321271896
-0.02214070037007332
-0.02214070037007332
-0.022140583023428917
-0.043597299605607986
-0.021612484008073807
-0.006629970856010914
-0.023287607356905937
-0.0038733473047614098
-9.97731985989958e-05
-5.817244164063595e-05
-0.0011798333143815398
-0.0003816353273577988
-0.00018416139937471598
-0.00024470672360621393
-0.00015567521040793508
-0.006101315375417471
-0.008053095079958439
-8.141662692651153e-05
-0.008974926546216011
-0.0023894349578768015
-0.004396534990519285
-0.00034564718953333795
-0.00034564718953333795
-0.00012134769349358976
-5.721882189391181e-05
-0.023195946589112282
-0.0002719986077863723
-0.010721579194068909
-0.0024986020289361477
-0.0006195771275088191
-0.0007776573766022921
-0.0030452092178165913
-6.425174069590867e-05
-0.08701282739639282
-5.364403477869928e-06
-0.2878253161907196
-0.00353521341457963
-0.08701282739639282
-5.364403477869928e-06
-0.28782540559768677
-0.003535450901836157
-0.007277290336787701
-0.0024850459303706884
-3.6954811548639555e-06
-0.017907723784446716
-0.021437127143144608
-0.013913895934820175
-0.007780011277645826
-0.004260154906660318
-0.0005827635759487748
-0.02498016133904457
-0.00014232576359063387
-0.01971261389553547
-0.005097843706607819
-0.0008356655016541481
-0.003446949413046241
-0.00013612773909699172
-8.332382276421413e-05
-0.0005125877796672285
-0.0003305127320345491
-0.00528142461553216
-0.02463548444211483
-3.0397906812140718e-05
-8.511180931236595e-05
-0.00018535325943958014
-0.003953736741095781
-5.709961988031864e-05
-0.005941823124885559
-0.29703977704048157
-0.0035355696454644203
-0.0005345107638277113
-0.02161271683871746
-0.0010119322687387466
-0.00021705655672121793
-5.721882189391181e-05
-0.001796538126654923
-0.0035227404441684484
-0.000674616196192801
-1.811964830267243e-05
-0.000382707774406299
-0.0003972456615883857
-0.0002673506969586015
-0.007397757843136787
-0.003100233618170023
-0.0025095418095588684
-9.285972191719338e-05
-0.00039760314393788576
-0.01882648654282093
-0.018185080960392952
-0.01693338342010975
-0.005179202184081078
-0.0023783750366419554
-0.005763341672718525
-5.245195097813848e-06
-0.00022230061586014926
-0.0035353321582078934
-0.0038419971242547035
-0.006727426778525114
-4.410734163684538e-06
-0.000382707774406299
-0.000556314189452678
-0.0002673506969586015
-4.768360213347478e-06
-0.000382707774406299
-0.000556314189452678
-0.0002673506969586015
-4.768360213347478e-06
-0.00038246947224251926
-0.000556314189452678
-0.0002673506969586015
-4.410734163684538e-06
-0.000382707774406299
-0.000556314189452678
-0.0002673506969586015
-0.23530589044094086
-0.0007182164117693901
-3.349725011503324e-05
-9.226373367710039e-05
-0.00814095325767994
-0.0017379907658323646
-0.00013493580627255142
-0.00020394629973452538
-0.002498721005395055
-0.01159299723803997
-0.0006521005416288972
-0.014147112146019936
-2.47952248173533e-05
-1.3589766240329482e-05
-0.013361906632781029
-0.0003491030656732619
-3.2305197237292305e-05
-0.0004207202873658389
-0.0019885781221091747
-0.0009585791267454624
-0.00034564718953333795
-7.080780778778717e-05
-0.0033776871860027313
-0.04183436185121536
-0.0035355696454644203
-0.00034564718953333795
-0.00034564718953333795
-0.00012146688823122531
-0.02835044264793396
-0.0004338276921771467
-0.0022665781434625387
-0.0014630577061325312
-0.00966748408973217
-0.0027025151066482067
-0.03286788985133171
-0.0011475651990622282
-2.0265558760002023e-06
-0.0006611545104533434
-0.018527425825595856
-0.003524403553456068
-0.001105293515138328
-0.017907841131091118
-0.013875687494874
-0.022227445617318153
-0.014439965598285198
-0.0008986725588329136
-0.03243844583630562
-3.969590397900902e-05
-4.0649541915627196e-05
-0.0002671123365871608
-0.034550540149211884
-2.4676019165781327e-05
-4.9232225137529895e-05
-0.018577508628368378
-0.018577508628368378
-0.003964660689234734
-0.0005414212355390191
-0.009659219533205032
-0.0017130000051110983
-0.016585567966103554
-0.018577391281723976
-0.00044955636258237064
-0.15635977685451508
-0.002389316214248538
-0.00012146688823122531
-0.00034564718953333795
-3.1470757676288486e-05
-0.002983763348311186
-0.0013163958210498095
-0.00032884435495361686
-0.007260958198457956
-0.018527541309595108
-2.109982233378105e-05
-0.0005876483046449721
-0.002154530957341194
-0.029992694035172462
-0.02319582924246788
-0.001777022727765143
-0.0007908792467787862
-0.00035613393993116915
-0.019643649458885193
-0.03267580643296242
-0.01678873784840107
-0.02053571119904518
-0.0031275665387511253
-0.022140465676784515
-6.806619057897478e-05
-1.0930864810943604
-0.02034708298742771
-0.004453265108168125
-0.0005824061809107661
-0.007422252092510462
-0.0035355696454644203
-0.00012146688823122531
-0.00034564718953333795
-0.00034564718953333795
-3.1470757676288486e-05
-0.015979325398802757
-0.0005230727256275713
-0.005462007597088814
-0.14525160193443298
-0.00042489083716645837
-0.00024637524620629847
-6.41325386823155e-05
-0.00010609064338495955
-0.08304747194051743
-0.003881303360685706
-0.0002097863471135497
-0.00522497808560729
-0.07977157086133957
-0.0035355696454644203
-0.00034564718953333795
-0.00034564718953333795
-0.010243934579193592
-0.0008076743106357753
-0.029886141419410706
-0.037997230887413025
-4.410734163684538e-06
-0.00038258862332440913
-0.0005561950383707881
-0.0002671123365871608
-0.012029128149151802
-0.00021705655672121793
-0.0029645089525729418
-0.0001382732152706012
-0.0001358893496217206
-0.00028153270250186324
-0.00012432756193447858
-0.005685942247509956
-0.018011463806033134
-0.024635832756757736
-3.2782016205601394e-05
-0.0001951265730895102
-0.03795270249247551
-0.0022054414730519056
-0.0016883655916899443
-0.00353521341457963
-0.00034564718953333795
-0.00034564718953333795
-0.00012134769349358976
-0.20922283828258514
-0.0025150116998702288
-0.0003228858404327184
-0.056740570813417435
-0.0009463122696615756
-0.0007388246012851596
-0.0002146728802472353
-0.00201261043548584
-0.0004049911512993276
-0.015028116293251514
-5.090107151772827e-05
-0.0010677833342924714
-0.0005956306122243404
-0.0006449526408687234
-0.0006624649395234883
-0.0005594118847511709
-4.410734163684538e-06
-0.00038258862332440913
-0.0012540103634819388
-0.0002674698771443218
-4.410734163684538e-06
-0.00038246947224251926
-0.0012542485492303967
-0.0002673506969586015
-0.0035355696454644203
-0.00034564718953333795
-0.00012146688823122531
-0.0002411313180346042
-0.022140583023428917
-0.02161259949207306
-0.003349529579281807
-1.6331539882230572e-05
-0.0033267175313085318
-0.0037380836438387632
-0.006221214309334755
-0.00012146688823122531
-0.00034564718953333795
-7.510157047363464e-06
-0.017908310517668724
-0.13275331258773804
-0.0077306851744651794
-0.00015710550360381603
-0.006398903671652079
-0.00047541281674057245
-0.0011742371134459972
-0.000382707774406299
-0.0012542485492303967
-0.0002673506969586015
-1.3828182090946939e-05
-0.0020824430976063013
-0.00011860620725201443
-0.0011742371134459972
-0.000382707774406299
-0.0012542485492303967
-0.0002673506969586015
-0.0011743560899049044
-0.006549440789967775
-0.0012540103634819388
-0.0002674698771443218
-0.004559003282338381
-0.0011743560899049044
-0.000382707774406299
-0.0012544866185635328
-0.00026723151677288115
-0.0005984899471513927
-0.0011743560899049044
-0.00038258862332440913
-0.0012544866185635328
-0.0002671123365871608
-0.0055300588719546795
-5.531158240046352e-05
-0.0012868703342974186
-0.00044955636258237064
-0.14518623054027557
-0.06562595069408417
-0.017413701862096786
-0.10662919282913208
-0.006629615556448698
-0.00012134769349358976
-0.00034564718953333795
-0.0027100048027932644
-3.1470757676288486e-05
-4.410734163684538e-06
-0.00038258862332440913
-0.0012544866185635328
-0.0002671123365871608
-4.410734163684538e-06
-0.00038235029205679893
-0.0012546057114377618
-0.00026723151677288115
-0.012457887642085552
-0.01614226959645748
-0.0015687552513554692
-0.0005670370301231742
-0.03536301478743553
-4.410734163684538e-06
-0.000382707774406299
-0.0012543675256893039
-0.0002673506969586015
-4.410734163684538e-06
-0.00038258862332440913
-0.0012544866185635328
-0.0002671123365871608
-0.007330780383199453
-3.1470757676288486e-05
-0.018527541309595108
-0.003715399419888854
-0.009033406153321266
-0.03732861950993538
-0.005242885090410709
-0.004939140286296606
-0.2901662290096283
-0.00025185750564560294
-0.0029810296837240458
-2.658331868587993e-05
-0.0035355696454644203
-0.00012134769349358976
-0.00037400881410576403
-0.00034564718953333795
-3.1470757676288486e-05
-0.05840110033750534
-1.3589766240329482e-05
-0.000382707774406299
-0.0012544866185635328
-0.00026723151677288115
-1.4185804502631072e-05
-0.000382707774406299
-0.0012544866185635328
-0.00026723151677288115
-1.9788545614574105e-05
-0.000382707774406299
-0.0012542485492303967
-0.0002673506969586015
-0.00054058717796579
-0.00014077626110520214
-0.00035255891270935535
-0.0006236277404241264
-0.00021896349790040404
-0.0004378790326882154
-0.0003815161471720785
-0.005325417034327984
-0.021727854385972023
-0.00017975145601667464
-0.015792418271303177
-0.0005597693379968405
-0.001573873101733625
-0.009900984354317188
-0.00019214690837543458
-0.015792300924658775
-0.00012087091454304755
-0.6600696444511414
-0.025778839364647865
-0.21325211226940155
-0.001468176138587296
-0.0005737089086323977
-7.629365427419543e-06
-0.0028054662980139256
-0.0029599922709167004
-0.13037928938865662
-0.0009409529156982899
-0.00032824851223267615
-0.005344982258975506
-0.0013947292463853955
-0.00794737134128809
-0.0336725115776062
-0.012820087373256683
-0.02577512152493
-1.040869951248169
-0.02280707284808159
-1.6689286894688848e-06
-0.003535450901836157
-0.00012134769349358976
-0.00034564718953333795
-0.0012732979375869036
-0.008974808268249035
-0.0010682597057893872
-0.0009377372916787863
-7.593343616463244e-05
-0.0021222943905740976
-0.0014778178883716464
-7.593343616463244e-05
-0.0021221754141151905
-0.0014776989119127393
-0.004974251613020897
-0.0017105009173974395
-0.004549865610897541
-1.7165990357170813e-05
-0.005811817012727261
-0.018017200753092766
-0.003535450901836157
-0.00012134769349358976
-0.000505677133332938
-3.158996332786046e-05
-2.2053474822314456e-05
-0.006075485609471798
-0.0011361341457813978
-0.022140583023428917
-0.0028221087995916605
-0.09683870524168015
-0.0029143502470105886
-0.0019520529313012958
-0.0010118131758645177
-0.00013910756388213485
-6.806619057897478e-05
-0.00015877417172305286
-3.576272320060525e-06
-0.000382707774406299
-0.0012544866185635328
-0.00026723151677288115
-0.0009469077922403812
-0.02161271683871746
-0.009243077598512173
-0.0009913297835737467
-4.31528314948082e-05
-0.0005266471416689456
-0.0009461931767873466
-0.0004979324294254184
-7.748573807475623e-06
-0.0004978132783435285
-0.02161259949207306
-0.002491467399522662
-0.012506745755672455
-0.00041786045767366886
-0.004806512035429478
-0.0047564455308020115
-0.0005178302526473999
-4.2914423829643056e-05
-0.003535450901836157
-0.0035355696454644203
-0.00012134769349358976
-0.00034564718953333795
-0.00488421693444252
-0.006850447505712509
-0.00017295771976932883
-0.0052503556944429874
-6.151010165922344e-05
-0.00022194306075107306
-0.001065401709638536
-0.029029367491602898
-0.0006984416977502406
-3.1470757676288486e-05
-5.8530047681415454e-05
-1.6212332411669195e-05
-0.00038258862332440913
-0.0010634964564815164
-0.0002671123365871608
-0.012194954790174961
-0.0034285355359315872
-0.001995954429730773
-0.0002774807217065245
-0.013952338136732578
-0.00010096516780322418
-0.0006298227235674858
-0.21830829977989197
-0.014881199225783348
-7.748573807475623e-06
-3.3378546504536644e-06
-0.0035355696454644203
-0.0003455280384514481
-0.00034564718953333795
-6.437280717364047e-06
-0.004797495435923338
-1.728519782773219e-05
-0.001086598145775497
-0.02782178856432438
-0.003535450901836157
-0.00012146688823122531
-0.00037400881410576403
-1.8715683836489916e-05
-0.013587490655481815
-0.00732521852478385
-0.0018093895632773638
-0.00012468514614738524
-0.001111961784772575
-0.09438492357730865
-0.005478724371641874
-0.008300567977130413
-0.0007297713309526443
-0.0009494088008068502
-0.00032491172896698117
-0.0008372138836421072
-2.6702524337451905e-05
-0.029275989159941673
-0.007135502994060516
-0.0021992563270032406
-0.005998584441840649
-0.031516171991825104
-0.013913542963564396
-0.010249480605125427
-0.008293120190501213
-0.00422584917396307
-0.0010417040903121233
-0.00016664070426486433
-0.04961913079023361
-0.038571808487176895
-0.0006098079611547291
-3.1470757676288486e-05
-0.0003455280384514481
-0.006321671884506941
-0.005155602004379034
-0.0054444605484604836
-0.0020887479186058044
-4.768360213347478e-06
-0.00038235029205679893
-0.0012546057114377618
-0.00026723151677288115
-4.768360213347478e-06
-0.000382707774406299
-0.0012544866185635328
-0.00026723151677288115
-4.768360213347478e-06
-0.00038258862332440913
-0.0012544866185635328
-0.0002671123365871608
-3.755022044060752e-05
-0.009174452163279057
-0.00039939055568538606
-0.006385518703609705
-0.0012503195321187377
-0.0011618537828326225
-0.00034517052699811757
-0.0008831891464069486
-0.004273805767297745
-0.042081959545612335
-0.0019601434469223022
-1.5488593578338623
-1.8641542196273804
-0.03925196826457977
-0.0001081169830285944
-0.00012718822108581662
-0.00017248096992261708
-0.0027046550530940294
-0.18224738538265228
-0.008730337955057621
-8.725739462533966e-05
-0.009061286225914955
-0.007513241842389107
-0.002533561550080776
-0.1617828607559204
-0.025550875812768936
-0.00021669900161214173
-0.001447345013730228
-0.026801472529768944
-0.022140583023428917
-0.003271467750892043
-5.245071224635467e-05
-0.014953074976801872
-0.040919456630945206
-0.008990521542727947
-0.0005009111482650042
-2.0265558760002023e-06
-0.0008606782066635787
-0.00021908267808612436
-0.00035172473872080445
-0.0020831567235291004
-0.00037293630884960294
-0.00040534863364882767
-1.5735502529423684e-05
-0.0006394725642167032
-0.00912814773619175
-4.5298504119273275e-05
-0.005558984819799662
-0.012100856751203537
-0.002983882324770093
-3.4570634852570947e-06
-0.00038246947224251926
-0.0012542485492303967
-0.0002673506969586015
-0.00010215714428341016
-0.0035353321582078934
-0.00012134769349358976
-0.0003741279651876539
-3.1470757676288486e-05
-0.0024830244947224855
-0.0001397035230183974
-0.02161259949207306
-0.0005597693379968405
-0.0014722233172506094
-0.11522518843412399
-0.0009141556802205741
-8.702239938429557e-06
-0.0003828269545920193
-0.0012544866185635328
-0.00026723151677288115
-4.768360213347478e-06
-0.00038258862332440913
-0.0012540103634819388
-0.0009403574513271451
-5.1377883210079744e-05
-0.001931469771079719
-0.007879011332988739
-0.003535450901836157
-0.00034564718953333795
-0.0006858142442069948
-0.00012146688823122531
-0.0023713582195341587
-0.1346214860677719
-0.0065345182083547115
-0.00468810461461544
-0.023600617423653603
-0.00353521341457963
-0.00034564718953333795
-0.00012134769349358976
-1.2040065485052764e-05
-0.00038246947224251926
-0.0012542485492303967
-0.0002673506969586015
-0.00022098960471339524
-0.00038246947224251926
-0.0012542485492303967
-0.0002673506969586015
-0.006503133103251457
-0.018527425825595856
-0.028583096340298653
-0.050416965037584305
-0.027074750512838364
-0.0001137191939051263
-0.0005368936690501869
-0.00044800734031014144
-0.0007712250226177275
-0.0004894727608188987
-0.0006817638641223311
-0.00034171465085819364
-0.0005912224878557026
-0.001091599464416504
-0.0061429026536643505
-0.0004923323867842555
-0.0004786299541592598
-0.0004499138449318707
-0.00792206171900034
-0.08407118916511536
-0.00012134769349358976
-0.024635832756757736
-0.0004338276921771467
-0.011354941874742508
-0.0003067976504098624
-0.00011216964776394889
-0.0001734344696160406
-0.008205866441130638
-0.0026556721422821283
-0.18934661149978638
-0.022140933200716972
-0.003535450901836157
-0.182247593998909
-0.0035355696454644203
-0.00012146688823122531
-0.00034564718953333795
-0.00034564718953333795
-0.0008854520856402814
-0.00208850996568799
-0.6600695848464966
-0.030896496027708054
-0.003330400912091136
-0.002205917378887534
-0.003113900311291218
-0.025778954848647118
-3.2543604902457446e-05
-0.25824275612831116
-0.002744243713095784
-6.5205356804654e-05
-0.032885193824768066
-0.006987894885241985
-0.00015877417172305286
-0.21691443026065826
-0.01985052414238453
-0.182247593998909
-0.0010650444310158491
-0.008113520219922066
-0.012818911112844944
-0.008113520219922066
-0.0007052318542264402
-0.11522518843412399
-0.03961857408285141
-0.004428698215633631
-6.806619057897478e-05
-0.002725816797465086
-0.0003194298769813031
-0.21691395342350006
-0.21691414713859558
-0.015361682511866093
-0.0005911033367738128
-0.00013624693383462727
-0.0009684640099294484
-0.00020740265608765185
-0.00034564718953333795
-0.00015877417172305286
-0.0012943708570674062
-0.0005159238935448229
-0.0007751559023745358
-0.00825788825750351
-0.0005569098866544664
-0.0008600826840847731
-9.147257804870605
-0.0009994279826059937
-9.147257804870605
-0.005485245026648045
-0.004080423153936863
-0.0033225591760128736
-2.8013790142722428e-05
-0.0003784178989008069
-0.001948602613992989
-0.009517533704638481
-0.008196053095161915
-0.003535450901836157
-0.0006930810050107539
-0.0001586549769854173
-0.0035355696454644203
-0.00012146688823122531
-0.0017630999209359288
-0.0025519919581711292
-0.007830045185983181
-0.00014578233822248876
-0.005388260819017887
-0.008933929726481438
-0.00015841660206206143
-0.03417504206299782
-0.00353521341457963
-0.00034564718953333795
-0.00034564718953333795
-3.576272320060525e-06
-0.000382707774406299
-0.0012544866185635328
-0.00026723151677288115
-0.00021610308613162488
-0.0018669809214770794
-0.000756216119043529
-0.023129552602767944
-0.0001578206429257989
-0.0005554801900871098
-0.0035770260728895664
-0.0013234198559075594
-0.002488613361492753
-0.0025707788299769163
-0.0068375421687960625
-0.002359108766540885
-0.015463808551430702
-0.005427268799394369
-0.003777512814849615
-0.09182038903236389
-0.001462581567466259
-0.001462819636799395
-0.0014627005439251661
-0.003535450901836157
-0.00034564718953333795
-0.00034564718953333795
-0.0007500219508074224
-3.1470757676288486e-05
-0.00021705655672121793
-0.001942891743965447
-0.018626771867275238
-0.0004017737810499966
-0.008848858997225761
-0.031008141115307808
-0.010497353971004486
-0.026552733033895493
-0.008955313824117184
-0.042297955602407455
-0.008742745965719223
-0.03882766515016556
-6.663577369181439e-05
-0.0037282262928783894
-0.0008276851149275899
-0.0003899767471011728
-0.010826067067682743
-6.651657167822123e-05
-6.580135959666222e-05
-0.007673903834074736
-0.0017904693959280849
-4.756337511935271e-05
-0.0007363230688497424
-0.006367040332406759
-0.005335021764039993
-0.017640598118305206
-7.152301259338856e-05
-0.0001646144810365513
-0.00014530557382386178
-0.00034564718953333795
-0.0001161031104857102
-0.0001677133986959234
-6.246371776796877e-05
-0.0023049949668347836
-0.01689271070063114
-4.768258077092469e-05
-0.017673978582024574
-0.0030453279614448547
-8.940656698541716e-06
-0.015705933794379234
-0.00011598391574807465
-0.0014690094394609332
-0.01912732794880867
-0.6831337809562683
-5.4238757002167404e-05
-0.00019369633810129017
-0.00013636612857226282
-0.002490753773599863
-0.004113427828997374
-0.029316622763872147
-0.017493946477770805
-0.0046164365485310555
-0.008423750288784504
-0.04257182776927948
-0.0053684595040977
-0.003249248256906867
-0.0036535197868943214
-0.022848671302199364
-9.154854342341423e-05
-0.00025567124248482287
-0.008811874315142632
-0.0017392997397109866
-0.0017686928622424603
-0.0007114263135008514
-0.00015424491721205413
-0.002983882324770093
-0.009273786097764969
-0.006082239560782909
-7.211902266135439e-05
-0.002809032564982772
-5.960446742392378e-06
-0.001191978226415813
-0.00016866691294126213
-0.005615293979644775
-0.004519605077803135
-0.00028618055512197316
-0.00016258825780823827
-0.001412704586982727
-0.0013678251998499036
-0.012342266738414764
-4.5536911784438416e-05
-0.0005841932725161314
-0.0027637402527034283
-0.0012648447882384062
-0.006550980266183615
-0.0007497837068513036
-0.10859126597642899
-0.0010895751183852553
-0.0025981261860579252
-0.0012371037155389786
-0.0035355696454644203
-0.003535450901836157
-0.00022015532886143774
-0.00037400881410576403
-0.027074865996837616
-0.0023262840695679188
-0.007593812886625528
-0.0005921755800954998
-0.004778513219207525
-0.0006525770877487957
-0.0018033209489658475
-0.0007637205999344587
-2.884823152271565e-05
-0.004030914045870304
-0.00278371199965477
-0.20658038556575775
-0.01488483976572752
-0.0001389883691444993
-0.00023672162205912173
-0.0017817826010286808
-0.18224738538265228
-0.002882970031350851
-5.674201020156033e-05
-0.006780354771763086
-0.005633193533867598
-0.01857762597501278
-0.0002611534437164664
-0.0015736351488158107
-0.001462581567466259
-8.916457591112703e-05
-0.0028317375108599663
-0.0002752163854893297
-0.21830858290195465
-0.0008591298246756196
-0.008827589452266693
-0.00015877417172305286
-0.003535450901836157
-0.00037400881410576403
-0.00012134769349358976
-0.00015889335190877318
-0.00353521341457963
-0.00034564718953333795
-0.00034564718953333795
-0.021291032433509827
-0.022937335073947906
-0.010676289908587933
-0.004840323235839605
-0.0005042473785579205
-0.01422479934990406
-0.0003152588615193963
-0.0008447177824564278
-0.0037560169585049152
-5.781483559985645e-05
-0.0012727025896310806
-0.01914510503411293
-0.00353521341457963
-0.017778677865862846
-0.0006264869589358568
-0.004706020932644606
-0.013913542963564396
-0.01790807582437992
-0.0026385514065623283
-9.250213042832911e-05
-0.00015853578224778175
-0.024635832756757736
-0.0004836343287024647
-0.005461059045046568
-4.660974445869215e-05
-0.00102646101731807
-0.0012487717904150486
-0.00034564718953333795
-0.00024136967840604484
-0.0009837078396230936
-0.004939140286296606
-0.024636181071400642
-0.0023097521625459194
-0.015557121485471725
-0.0004629017203114927
-0.0023895539343357086
-0.00012134769349358976
-0.00010024998482549563
-0.0004166688595432788
-0.00025960413040593266
-0.004517231602221727
-0.0061831846833229065
-0.00011050090688513592
-0.0017520328983664513
-0.018027035519480705
-0.019168026745319366
-0.04096556827425957
-0.017552867531776428
-0.001517693279311061
-0.00034564718953333795
-0.00012146688823122531
-0.00038223114097490907
-0.0009152276325039566
-0.001105293515138328
-3.1470757676288486e-05
-3.4570634852570947e-06
-0.00038235029205679893
-0.0010634964564815164
-0.00026723151677288115
-0.01689470373094082
-0.0016042232746258378
-0.9524614214897156
-0.0673755630850792
-0.0023445994593203068
-0.027074750512838364
-0.02547696977853775
-0.0006847421173006296
-0.0002783149539027363
-1.097798466682434
-0.0022802562452852726
-0.00028427375946193933
-8.11782301752828e-05
-0.0021415650844573975
-0.011694448068737984
-0.003535450901836157
-0.0035355696454644203
-0.0003455280384514481
-0.00034564718953333795
-0.00012146688823122531
-0.0016336203552782536
-0.0017769037513062358
-0.003080030670389533
-0.022140583023428917
-0.031700972467660904
-0.009782115928828716
-0.02161259949207306
-0.0036187181249260902
-0.0034104774240404367
-0.01498748455196619
-0.09098461270332336
-0.21830858290195465
-0.0005467826849780977
-0.005799135193228722
-0.003488528309389949
-0.010635245591402054
-0.0008519833791069686
-0.0020123724825680256
-1.764281842042692e-05
-0.19230012595653534
-0.003535450901836157
-0.0035355696454644203
-0.00012134769349358976
-0.00034564718953333795
-0.00015829740732442588
-0.018577508628368378
-0.02214070037007332
-0.0004629017203114927
-0.003288221312686801
-0.017534829676151276
-0.0022468341048806906
-0.016008304432034492
-0.18224778771400452
-0.03726958855986595
-0.0003678122302517295
-0.005042454693466425
-0.0035355696454644203
-0.00012146688823122531
-0.00034564718953333795
-0.022310802713036537
-0.00034564718953333795
-3.1470757676288486e-05
-0.002484213560819626
-0.3411187529563904
-0.018577508628368378
-0.01857762597501278
-0.011813443154096603
-0.03055419772863388
-0.0026290398091077805
-0.000795762927737087
-0.001932302606292069
-0.008999736048281193
-0.06825490295886993
-0.1646871715784073
-0.03057963401079178
-0.011813443154096603
-1.0930864810943604
-0.02161271683871746
-0.04115503653883934
-0.022140583023428917
-0.0035355696454644203
-2.6940935640595853e-05
-5.280832192511298e-05
-0.00041130665340460837
-0.02431511878967285
-0.022140583023428917
-0.23902025818824768
-0.0015982723562046885
-0.0010121704544872046
-0.00011622230522334576
-0.00013910756388213485
-0.00015877417172305286
-0.0004911408759653568
-0.0008279233006760478
-0.0005221195751801133
-0.024635832756757736
-0.0001294529065489769
-0.007847786881029606
-0.0035355696454644203
-0.003653876017779112
-0.00018308870494365692
-0.001578157884068787
-0.025783486664295197
-9.202533692587167e-05
-0.00030393750057555735
-0.0009790633339434862
-0.0012035276740789413
-0.000626367807853967
-0.20386822521686554
-0.000604565953835845
-0.2319190800189972
-0.00028391621890477836
-0.0006266061100177467
-0.028079485520720482
-0.00037865620106458664
-0.00016675988445058465
-0.00028391621890477836
-0.00018904806347563863
-7.331102824537084e-05
-0.002288105897605419
-0.001050635357387364
-0.01969928853213787
-0.00037377048283815384
-3.576272320060525e-06
-0.000382707774406299
-0.0010636154329404235
-0.00026723151677288115
-0.00021896349790040404
-0.0002796259068418294
-0.01857762597501278
-0.010796467773616314
-0.06856383383274078
-0.7193723917007446
-0.1732621043920517
-0.003163692308589816
-0.18224778771400452
-0.2535422742366791
-0.00034564718953333795
-0.00012134769349358976
-0.0001731960946926847
-0.6600694060325623
-0.0004909025738015771
-6.603976362384856e-05
-0.05321343243122101
-0.0016370717203244567
-9.226373367710039e-05
-0.00033361115492880344
-6.460934673668817e-05
-2.13382354559144e-05
-0.00012838016846217215
-0.00047064671525731683
-0.0035355696454644203
-0.0005057962844148278
-0.00012134769349358976
-0.0875725969672203
-0.031953632831573486
-5.7338023907504976e-05
-0.0016565899131819606
-0.0008107712492346764
-0.0875723734498024
-0.0008967668982222676
-0.0037830944638699293
-0.0007952864980325103
-0.00025876989820972085
-0.00011586471373448148
-0.011013787239789963
-0.029831413179636
-8.83301836438477e-05
-0.00020382710499688983
-0.0003401654539629817
-0.00189268181566149
-7.271502545336261e-05
-0.0002087136817863211
-9.07141511561349e-05
-0.0005069877952337265
-0.00025340684805996716
-0.0001941730733960867
-0.0004950728034600616
-0.0023685041815042496
-0.0002215855201939121
-0.00017653337272349745
-0.0013978243805468082
-0.002983763348311186
-3.1470757676288486e-05
-0.0003741279651876539
-0.00012134769349358976
-0.052757132798433304
-0.00031513971043750644
-0.01940598338842392
-0.0014206803170964122
-0.003330994863063097
-0.017023980617523193
-3.1470757676288486e-05
-1.9073468138230965e-06
-0.015900954604148865
-0.0040586963295936584
-0.2022075355052948
-0.00017081231635529548
-0.0033195887226611376
-0.027307700365781784
-0.00018785618885885924
-0.00046564225340262055
-0.02524545043706894
-0.0015004340093582869
-0.10859094560146332
-0.00011944057769142091
-0.0012236495967954397
-0.012900938279926777
-0.0002445875434204936
-0.00353521341457963
-0.001462581567466259
-0.00012146688823122531
-0.6600696444511414
-0.03691234439611435
-0.00369900930672884
-0.01018611527979374
-0.019742300733923912
-0.005328618921339512
-0.02988220751285553
-0.002702039433643222
-3.421248038648628e-05
-0.001746558933518827
-0.0055423881858587265
-0.012554189190268517
-0.08777658641338348
-0.0035355696454644203
-0.0035355696454644203
-0.00034564718953333795
-3.1470757676288486e-05
-0.00012134769349358976
-2.3841855067985307e-07
-0.0010637345258146524
-0.005518321879208088
-0.0005479741375893354
-0.001049920916557312
-0.007158701308071613
-0.00010799778101500124
-0.7766698002815247
-0.6600693464279175
-0.005525672342628241
-0.0003741279651876539
-0.00012134769349358976
-0.0007657456444576383
-0.001462581567466259
-0.02258344367146492
-8.976056415122002e-05
-0.00019059749320149422
-0.00685127591714263
-0.052004504948854446
-0.05200393870472908
-0.14887800812721252
-0.009322800673544407
-6.472854875028133e-05
-0.0003393312799744308
-0.0004528927383944392
-0.0001161031104857102
-0.008282006718218327
-0.05601179227232933
-0.0047973766922950745
-0.021824199706315994
-0.004257187247276306
-0.015951169654726982
-0.00014304091746453196
-0.005554717034101486
-0.0024396199733018875
-0.01713038980960846
-0.012949069030582905
-9.30981186684221e-05
-0.005316761322319508
-0.0009192770230583847
-0.0015844660811126232
-0.015642445534467697
-0.024814466014504433
-0.029077887535095215
-0.0019998804200440645
-0.008421385660767555
-0.0012963948538526893
-0.001177332829684019
-0.001462581567466259
-0.00019596086349338293
-0.0005296258023008704
-0.4687846601009369
-0.08594179898500443
-1.6615238189697266
-0.008710957132279873
-0.07243236899375916
-0.010480484925210476
-0.00010799778101500124
-0.0009984752396121621
-0.00010358751023886725
-0.0005187834613025188
-1.661523461341858
-1.0930864810943604
-0.0004612335760612041
-0.00014232576359063387
-0.00024375328212045133
-0.0012441283324733377
-0.00869748555123806
-0.0042663272470235825
-0.004035900812596083
-0.017880674451589584
-4.732496745418757e-05
-0.0012367465533316135
-0.002389316214248538
-0.00012146688823122531
-0.00034564718953333795
-0.00034564718953333795
-0.0002559096028562635
-0.005031067878007889
-0.014071181416511536
-0.001979655120521784
-0.01762291230261326
-0.04036740958690643
-0.007040808908641338
-0.0008771148277446628
-0.015497496351599693
-0.00013386306818574667
-0.0008579387213103473
-0.00018225439998786896
-0.009933561086654663
-0.008747590705752373
-0.00454618688672781
-0.003535450901836157
-0.00034564718953333795
-0.00034564718953333795
-0.0017685738857835531
-0.0005373702733777463
-0.00014995403762441128
-0.0006002769805490971
-0.0002108589978888631
-0.0001932195882545784
-0.012774540111422539
-0.00023135847004596144
-0.0014450832968577743
-0.0005334384622983634
-0.0035355696454644203
-0.006259597837924957
-1.0930864810943604
-0.023180104792118073
-0.028350211679935455
-0.0002833203470800072
-0.002802732167765498
-0.00025602878304198384
-0.0001357701694360003
-0.0001161031104857102
-0.00015567521040793508
-0.000382707774406299
-0.000556314189452678
-0.00026723151677288115
-0.015155521221458912
-0.00015555603022221476
-0.00038246947224251926
-0.000556314189452678
-0.0002673506969586015
-0.009638912044465542
-0.0019437245791777968
-0.0215036328881979
-1.6615238189697266
-0.004338257946074009
-0.001149708521552384
-0.0004300146538298577
-0.0004808938247151673
-0.00034814971149899065
-0.0003164505760651082
-0.0036532822996377945
-0.00040975757292471826
-0.0035355696454644203
-0.00012146688823122531
-0.00034564718953333795
-0.000551310193259269
-0.016115877777338028
-7.343022298300639e-05
-2.0265373677830212e-05
-0.021612484008073807
-0.002098502591252327
-0.003159533254802227
-0.02161259949207306
-0.0015124559868127108
-0.000812915270216763
-0.0024851649068295956
-0.0032897659111768007
-2.455681169521995e-05
-0.18224778771400452
-0.0017828536219894886
-0.043597184121608734
-0.0003875934926327318
-0.00045563330058939755
-6.8662193370983e-05
-0.0021031422074884176
-0.0031603651586920023
-0.0035355696454644203
-0.00034564718953333795
-0.00036745471879839897
-0.0005890780012123287
-0.0787261351943016
-0.00015162272029556334
-0.00021991695393808186
-0.00047755756531842053
-0.0006432848167605698
-0.00017438798386137933
-8.463501580990851e-05
-0.015590688213706017
-4.768360213347478e-06
-0.000382707774406299
-0.0012544866185635328
-0.00026723151677288115
-0.029340239241719246
-0.00023231192608363926
-0.0014667478390038013
-0.005978795234113932
-0.006431950256228447
-0.02463606558740139
-0.001036107074469328
-0.007368174847215414
-7.760223525110632e-05
-0.00038235029205679893
-0.0005561950383707881
-0.00026723151677288115
-7.760223525110632e-05
-0.00038235029205679893
-0.0005561950383707881
-0.00026723151677288115
-0.00015245705435518175
-0.00017355366435367614
-7.760223525110632e-05
-0.00038235029205679893
-0.0005561950383707881
-0.00026723151677288115
-0.03991860896348953
-0.0008294717408716679
-8.427741704508662e-05
-0.0014356792671605945
-0.0012504386249929667
-0.03310399502515793
-0.006695929449051619
-0.001610055100172758
-5.185469490243122e-05
-0.0030121691524982452
-0.0017005043337121606
-0.009738555178046227
-0.0013341344892978668
-0.001105293515138328
-0.01790807582437992
-0.004452909342944622
-0.000393432448618114
-3.155320882797241
-0.18224748969078064
-0.0013898485340178013
-0.0028547984547913074
-0.001388658070936799
-3.1470757676288486e-05
-0.0003965306677855551
-0.00012146688823122531
-9.369411418447271e-05
-0.028350327163934708
-9.297892393078655e-05
-0.0006267252028919756
-0.012525581754744053
-0.0017028844449669123
-0.00043406602344475687
-0.0012641304638236761
-0.0006574614671990275
-0.010155434720218182
-0.08587408065795898
-0.01783161051571369
-0.011625991202890873
-0.0026333199348300695
-0.006769461557269096
-0.006221214309334755
-0.0008233971311710775
-0.0008451942121610045
-0.00013016807497479022
-0.0006649667047895491
-0.0007693191873840988
-0.023937156423926353
-0.03443237766623497
-0.03962189704179764
-0.0022479044273495674
-0.00010430268594063818
-0.1687358319759369
-0.0023890782613307238
-0.00014053787162993103
-0.000505677133332938
-0.0010458719916641712
-0.0036740675568580627
-0.00015877417172305286
-1.5497195136049413e-06
-2.454697608947754
-0.018577508628368378
-0.00011777184408856556
-0.018577508628368378
-0.00012146688823122531
-2.8013790142722428e-05
-0.00112160702701658
-0.7215531468391418
-0.6614493131637573
-0.12056136131286621
-2.454697608947754
-0.0055986978113651276
-2.454697608947754
-0.001503052655607462
-0.0004207202873658389
-0.010703888721764088
-8.761498611420393e-05
-0.00034564718953333795
-0.001462581567466259
-0.024510560557246208
-0.0006814065272919834
-0.0035355696454644203
-0.00012134769349358976
-0.00012134769349358976
-0.030406536534428596
-0.0002169373765354976
-0.004777919966727495
-7.748303323751315e-05
-0.0013398488517850637
-0.0008006466086953878
-0.0003196682082489133
-0.042081959545612335
-0.0018995827995240688
-0.025778722018003464
-0.004533607978373766
-0.025778954848647118
-0.0032498424407094717
-0.004203057382255793
-0.008817427791655064
-0.2009289264678955
-0.03324122354388237
-0.00023112009512260556
-0.00018916724366135895
-0.00016842853801790625
-0.0002277830062666908
-0.0012373419012874365
-0.0035353321582078934
-0.003535450901836157
-0.00012981049076188356
-0.00012134769349358976
-7.068861305015162e-05
-0.00018261195509694517
-0.01790807582437992
-0.00015937011630740017
-0.00013660451804753393
-0.0003923600015696138
-0.0009397619287483394
-0.00015889335190877318
-1.2397689715726301e-05
-0.000301673193462193
-0.002146204235032201
-0.02349827066063881
-0.008948107250034809
-0.0003494605771265924
-0.002983882324770093
-0.0003190723655279726
-0.00353521341457963
-0.00020656836568377912
-0.00020358874462544918
-0.0020374746527522802
-0.0011868583969771862
-0.0005690624238923192
-0.00989319384098053
-0.01057320274412632
-0.0033257671166211367
-1.168244216387393e-05
-0.0004292996891308576
-0.00015841660206206143
-0.00034588552080094814
-3.504691630951129e-05
-0.0006264869589358568
-1.585470999998506e-05
-0.00021860594279132783
-0.003535450901836157
-0.00012134769349358976
-0.00037400881410576403
-0.00034564718953333795
-0.00792608316987753
-0.0009146321099251509
-0.0012428186601027846
-0.0002613918040879071
-0.000825898430775851
-0.0004576589271891862
-5.4238757002167404e-05
-0.02534099481999874
-0.00044979469384998083
-0.00019834458362311125
-0.0033036675304174423
-0.00012170527770649642
-0.009704791009426117
-0.01790807582437992
-2.1934269170742482e-05
-3.6000557884108275e-05
-0.0007750368095003068
-3.504691630951129e-05
-0.00011944057769142091
-0.004670899827033281
-3.4570634852570947e-06
-0.000382707774406299
-0.0010634964564815164
-0.0002673506969586015
-0.0035353321582078934
-0.00039664984797127545
-3.158996332786046e-05
-0.00014006110723130405
-0.025014692917466164
-4.2914423829643056e-05
-0.006233298219740391
-0.0001515035255579278
-0.001321157906204462
-0.00023862851958256215
-0.0016689670737832785
-0.00031919151660986245
-2.8609820219571702e-05
-0.0007233387441374362
-0.020022187381982803
-0.013239567168056965
-0.0149998152628541
-0.029818108305335045
-0.004748971201479435
-0.0007476395112462342
-0.004996788688004017
-0.00531842140480876
-0.08701282739639282
-0.002542836358770728
-4.172316494077677e-06
-0.0003632839070633054
-0.0001586549769854173
-0.002382299629971385
-5.602820692729438e-06
-0.0005511910421773791
-1.6569954823353328e-05
-0.0013767535565420985
-0.0012044801842421293
-0.00032860602368600667
-0.0011659021256491542
-0.0006939148879610002
-0.0035355696454644203
-0.003535450901836157
-0.00034564718953333795
-0.00034564718953333795
-0.00012134769349358976
-3.4570634852570947e-06
-0.000382707774406299
-0.0012543675256893039
-0.0002673506969586015
-0.0930953323841095
-0.017529558390378952
-0.005494966637343168
-0.0009258274803869426
-0.00047922570956870914
-0.024746203795075417
-1.661523461341858
-0.024667002260684967
-0.0030260744970291853
-0.011477983556687832
-0.011477865278720856
-0.6600695848464966
-0.00010966652916977182
-0.00024875884992070496
-0.0003693613689392805
-0.0005967028555460274
-0.0016245751176029444
-0.08594103157520294
-0.028350211679935455
-0.01644556224346161
-0.0029886364936828613
-0.03243844583630562
-0.17975948750972748
-9.881961887003854e-05
-0.033442422747612
-0.029565950855612755
-0.030560094863176346
-0.0071075689047575
-0.00670516537502408
-0.0010303908493369818
-2.5510462364763953e-05
-8.797258487902582e-05
-0.004311551805585623
-0.021823499351739883
-0.03271584212779999
-0.024635832756757736
-0.00012265883560758084
-0.02161271683871746
-0.02161271683871746
-0.07118330150842667
-0.0038276282139122486
-0.0006800960982218385
-0.00010609064338495955
-0.0027285509277135134
-0.00044228785554878414
-3.1470757676288486e-05
-0.00353521341457963
-0.00039664984797127545
-0.00012146688823122531
-0.0028876056894659996
-0.00011669908417388797
-0.00010668662434909493
-0.0020114206708967686
-0.009231620468199253
-0.02213125489652157
-0.00871603935956955
-0.0011970981722697616
-0.024857258424162865
-0.00011896379146492109
-0.0016317160334438086
-0.004716106224805117
-0.03377750888466835
-0.00029559535323642194
-0.01030033454298973
-0.00833899062126875
-0.008839051239192486
-0.022140933200716972
-0.0001426833332516253
-0.009833347983658314
-0.0026664913166314363
-0.01742975041270256
-0.0059881568886339664
-0.05786413699388504
-0.01890474744141102
-0.00204449356533587
-0.0017676219576969743
-0.00047994061606004834
-0.005018020514398813
-0.0019674007780849934
-0.006784853991121054
-0.0025618611834943295
-0.009357757866382599
-0.004857524763792753
-7.259582343976945e-05
-0.06452158838510513
-0.18224738538265228
-0.21830838918685913
-0.0001012035645544529
-0.0001802282058633864
-5.149708886165172e-05
-0.03936990723013878
-0.0014465117128565907
-0.00039664984797127545
-0.00012146688823122531
0.0
-0.03991895169019699
-0.0034496819134801626
-0.005427980329841375
-0.000766102981287986
-0.006398784928023815
-0.021665096282958984
-0.15589679777622223
-0.022140933200716972
-0.21830838918685913
-8.749579137656838e-05
-2.777537883957848e-05
-0.0035355696454644203
-0.0003455280384514481
-0.00034564718953333795
-2.109982233378105e-05
-0.00012134769349358976
-0.0009591746493242681
-0.07814088463783264
-0.08249559253454208
-9.440929716220126e-05
-0.07303138077259064
-0.0010846928926184773
-0.002572681289166212
-0.00017689094238448888
-0.01638997718691826
-0.007113013882189989
-0.00030071981018409133
-0.0017157370457425714
-2.9205850296420977e-05
-0.00011765264935093
-0.011974592693150043
-5.543078441405669e-05
-0.001969899283722043
-0.0012369846226647496
-0.0035355696454644203
-0.0035355696454644203
-0.0004068977141287178
-0.00013720047718379647
-0.007701939903199673
-0.006476365961134434
-0.0009423820883966982
-0.0031550175044685602
-0.003158463630825281
-0.10859104990959167
-1.549708758830093e-05
-0.003535450901836157
-4.625213477993384e-05
-0.006965994369238615
-0.007142841350287199
-0.0013950864085927606
-0.00045265440712682903
-0.0005042473785579205
-0.031933773308992386
-0.0001062098381225951
-0.03448788821697235
-0.2183084785938263
-6.532455881824717e-05
-0.003851616056635976
-0.003899234114214778
-0.004228698089718819
-0.00011836781777674332
-0.004010967444628477
-0.004052997566759586
-0.003756254445761442
-0.000830901088193059
-0.0023344901856034994
-3.1470757676288486e-05
-0.0003455280384514481
-0.00012134769349358976
-1.4054936170578003
-0.003819315228611231
-0.0010664734290912747
-0.00013529339048545808
-0.00012134769349358976
-0.010050169192254543
-0.0006258912617340684
-0.012773598544299603
-0.0008615119731985033
-0.00044955636258237064
-0.0031874587293714285
-0.03949344530701637
-0.008730574510991573
-0.0004065402317792177
-0.0033482227008789778
-0.04580600559711456
-0.022140583023428917
-0.21830867230892181
-0.0022087718825787306
-0.005003312602639198
-0.0005683475756086409
-0.00015877417172305286
-0.00034564718953333795
-0.00034564718953333795
-7.92710343375802e-05
-0.0008978387922979891
-0.011992143467068672
-1.9108952283859253
-0.0005583396414294839
-0.006964337080717087
-0.018416600301861763
-0.28782540559768677
-0.0009484559996053576
-0.006461916491389275
-0.000614335120189935
-0.005515002645552158
-0.00015841660206206143
-0.00012134769349358976
-0.0003455280384514481
-0.00037400881410576403
-0.002135379472747445
-0.0024234468583017588
-0.0013521108776330948
-0.048008594661951065
-0.059418339282274246
-0.028350327163934708
-2.4546971321105957
-0.0003332536434754729
-0.0013454442378133535
-0.0015830377815291286
-0.0002719986077863723
-0.006629733834415674
-0.031239138916134834
-0.0007907600956968963
-0.023018769919872284
-0.00353521341457963
-0.004708156455308199
-3.1470757676288486e-05
-1.3947389561508317e-05
-0.00034564718953333795
-0.00034564718953333795
-5.566918844124302e-05
-0.0014627005439251661
-0.007366518024355173
-0.0007338214782066643
-0.019967034459114075
-0.002386699663475156
-0.0011132716899737716
-0.006593851372599602
-0.00275470525957644
-0.00034314466756768525
-0.0007065422250889242
-0.0006280356901697814
-0.006943028420209885
-0.039918724447488785
-0.011763726361095905
-3.1470757676288486e-05
-0.07492882013320923
-0.008477415889501572
-4.410734163684538e-06
-0.00038258862332440913
-0.001328777172602713
-0.0002674698771443218
-0.022140583023428917
-0.008730574510991573
-0.0005718026659451425
-0.006612325552850962
-0.022140583023428917
-0.02463548444211483
-0.00011181206355104223
-0.0035355696454644203
-0.00023457636416424066
-0.00039664984797127545
-0.0003673355677165091
-1.4305104514278355e-06
-0.001604818389751017
-0.0017316836165264249
-0.004788716323673725
-4.410734163684538e-06
-0.0003828269545920193
-0.0012544866185635328
-0.00026723151677288115
-4.410734163684538e-06
-0.00038258862332440913
-0.0012540103634819388
-0.0002674698771443218
-4.410734163684538e-06
-0.00038246947224251926
-0.0012542485492303967
-0.0002673506969586015
-0.005149197764694691
-9.60780744208023e-05
-0.0003634030872490257
-0.008639931678771973
-0.006334702018648386
-0.0034863899927586317
-0.0032487730495631695
-0.004573717713356018
-0.01082359068095684
-4.529942543740617e-06
-0.000382707774406299
-0.0012544866185635328
-0.00026723151677288115
-4.410734163684538e-06
-0.00038258862332440913
-0.0012540103634819388
-0.0002674698771443218
-4.410734163684538e-06
-0.00038246947224251926
-0.0012542485492303967
-0.0002673506969586015
-4.410734163684538e-06
-0.000382707774406299
-0.0012542485492303967
-0.0002673506969586015
-0.002408343832939863
-0.0022795426193624735
-0.0035355696454644203
-0.00012146688823122531
-0.000196556793525815
-0.00034564718953333795
-3.1470757676288486e-05
-0.40621456503868103
-0.00023576818057335913
-0.0002348147245356813
-0.0011261318577453494
-0.0006456674309447408
-0.00017045476124621928
-0.00012492353562265635
-0.006741398945450783
-0.007403911091387272
-0.0012142435880377889
-0.0005676327273249626
-0.0007128558354452252
-0.0015797051601111889
-0.0007379907765425742
-0.00031537804170511663
-0.025279391556978226
-0.018527308478951454
-0.0029066239949315786
-0.000797192333266139
-0.001278179232031107
-0.006476365961134434
-0.0020719743333756924
-0.024635832756757736
-0.002887843642383814
-0.002372309798374772
-0.016492702066898346
-0.022140583023428917
-0.00017081231635529548
-0.014071534387767315
-0.01882297731935978
-0.001383777242153883
-0.016708318144083023
-0.0050878808833658695
-5.209310256759636e-05
-0.00011419598013162613
-0.00010740180005086586
-0.00011562632425921038
-0.0009640575153753161
-0.0007551440503448248
-0.002146323211491108
-0.0035355696454644203
-0.00012146688823122531
-0.00034564718953333795
-0.00034564718953333795
-3.1470757676288486e-05
-3.4689302992774174e-05
-0.6600696444511414
-0.011618567630648613
-0.0002650863316375762
-0.0002613918040879071
-0.018577508628368378
-0.0016019619069993496
-0.018527308478951454
-0.026707462966442108
-0.6600696444511414
-1.176184892654419
-0.0006993946735747159
-0.0035355696454644203
-0.0003455280384514481
-0.001462819636799395
-0.00034564718953333795
-0.03183227404952049
-0.02161259949207306
-0.0003673355677165091
-0.0003718638326972723
-0.00021252757869660854
-0.00033790123416110873
-0.0008230397943407297
-0.003775850171223283
-0.14619795978069305
-0.0035353321582078934
-0.00012134769349358976
-0.000505677133332938
-0.0033881422132253647
-0.00013743886665906757
-0.013441537506878376
-0.000758955895435065
-0.24362210929393768
-0.02161271683871746
-0.0001250427303602919
-0.0036073154769837856
-0.0005077026435174048
-0.002983763348311186
-0.005966471508145332
-0.00015841660206206143
-0.00013076403411105275
-0.00012134769349358976
-0.02214070037007332
-0.013587137684226036
-0.018577508628368378
-8.689979586051777e-05
-0.005376522429287434
-0.5884560942649841
-0.0040046744979918
-0.015821635723114014
-0.021559985354542732
-0.10859094560146332
-1.823885577323381e-05
-4.446407547220588e-05
-0.002864426700398326
-0.01790807582437992
-0.00353521341457963
-0.00012134769349358976
-0.00041237910045310855
-0.022140465676784515
-0.0009279712685383856
-0.01482634898275137
-0.0016899126349017024
-0.0033977655693888664
-0.003480212762951851
-0.005321741569787264
-0.01790795847773552
-0.01729232631623745
-0.0002696150622796267
-0.00353521341457963
-0.00012134769349358976
-0.00034564718953333795
-0.00034564718953333795
-3.1470757676288486e-05
-8.05822346592322e-05
-0.002193903550505638
-0.004158421885222197
-7.009260298218578e-05
-0.012366757728159428
-0.002185458317399025
-0.0001911934232339263
-0.012949422001838684
-0.002722963457927108
-2.52720492426306e-05
-0.0004943578969687223
-0.01790795847773552
-0.00047565114800818264
-0.003535450901836157
-0.0035355696454644203
-0.00012146688823122531
-0.00034564718953333795
-0.0014886498684063554
-3.1470757676288486e-05
-0.01914510503411293
-0.047550708055496216
-0.007287112530320883
-0.0035752442199736834
-0.01790807582437992
-0.04036763682961464
-0.019937235862016678
-0.019145222380757332
-0.2132522016763687
-1.0371154530730564e-05
-0.004231428727507591
-0.0052670761942863464
-0.00044967554276809096
-0.0019328974885866046
-0.0008493629866279662
-0.0023895539343357086
-0.000403084559366107
-0.00037400881410576403
-0.0035355696454644203
-0.0001161031104857102
-5.602820692729438e-06
-0.0013198483502492309
-0.0012246021069586277
-0.008730811066925526
-0.04359741508960724
-0.003725969698280096
-0.011342802084982395
-0.0015768486773595214
-0.0026727926451712847
-8.702239938429557e-06
-0.03609227389097214
-0.03668081760406494
-0.0016690860502421856
-0.00016842853801790625
-0.049618903547525406
-4.410734163684538e-06
-0.0003828269545920193
-0.0012544866185635328
-0.00026723151677288115
-0.017002182081341743
-0.0006789048202335835
-4.410734163684538e-06
-0.00038246947224251926
-0.0012542485492303967
-0.0002673506969586015
-0.006492592394351959
-4.529942543740617e-06
-0.000382707774406299
-0.0012544866185635328
-0.00026723151677288115
-0.0021997320000082254
-0.002461500931531191
-0.0029030581936240196
-4.410734163684538e-06
-0.00038235029205679893
-0.0012546057114377618
-0.00026723151677288115
-0.015148123726248741
-0.002195212058722973
-0.02226731739938259
-0.0020975510124117136
-0.0007470439304597676
-0.00011622230522334576
-0.0003687655262183398
-0.00030489088385365903
-0.000865561596583575
-0.00019059749320149422
-0.00011848701251437888
-7.497983460780233e-05
-0.0007970731821842492
-0.033581335097551346
-0.007172076031565666
-1.0930864810943604
-0.03563844785094261
-0.00012587709352374077
-0.008730574510991573
-1.4424220353248529e-05
-0.024635832756757736
-0.0013225865550339222
-0.01393846608698368
-0.0024905160535126925
-0.01914510503411293
-0.01914510503411293
-0.001405204995535314
-9.345571743324399e-05
-0.000626367807853967
-0.009338980540633202
-0.0010932666482403874
-0.0007326302584260702
-9.989239333663136e-05
-0.00011216964776394889
-0.0004611144249793142
-0.023600617423653603
-0.00011062010162277147
-0.0012413900112733245
-0.015334565192461014
-3.45700973412022e-05
-0.007613215129822493
-0.09384426474571228
-0.10697384178638458
-0.003925595432519913
-0.0041638826951384544
-0.0006646093097515404
-0.182247593998909
-0.005118480417877436
-0.0023071356117725372
-0.00028880240279249847
-7.891343557275832e-05
-0.0007166677969507873
-0.0009461931767873466
-0.005718538537621498
-0.021612484008073807
-0.002983882324770093
-0.00015877417172305286
-0.00012134769349358976
-0.0003455280384514481
-0.00037400881410576403
-2.6702524337451905e-05
-0.0027572016697376966
-0.045693837106227875
-0.00012694983161054552
-0.002724746707826853
-0.00036840804386883974
-0.000494715350214392
-0.0005942009738646448
-0.007318118121474981
-0.001215077005326748
-0.008657895028591156
-0.0009920443408191204
-0.0003215749457012862
-0.001100649475120008
-0.00028355870745144784
-0.000502817565575242
-0.0005827635759487748
-0.0002708068350329995
-4.5060096454108134e-05
-0.005938741844147444
-0.021394887939095497
-0.0009189196862280369
-0.0013992529129609466
-0.00013422065239865333
-0.00052426423644647
-0.0002874914789572358
-0.0012023370945826173
-0.003898759139701724
-0.0025361774023622274
-0.004200801718980074
-0.0025870685931295156
-0.022140583023428917
-0.003846509847790003
-0.007260958198457956
-0.0072159855626523495
-0.0075737000443041325
-5.6503606174374e-05
-3.1470757676288486e-05
-0.023511778563261032
-0.00015889335190877318
-0.003535450901836157
-0.0001248043408850208
-0.00128020322881639
-0.010608234442770481
-3.6238969187252223e-05
-0.011914636008441448
-0.07107216864824295
-7.152531907195225e-06
-0.0011968599865213037
-0.0014627005439251661
-0.024134067818522453
-0.001167569193057716
-0.003535450901836157
-0.00012134769349358976
-0.0005057962844148278
-0.0003675738989841193
-0.018527425825595856
-9.929640509653836e-05
-0.021612484008073807
-0.08129497617483139
-0.05535399168729782
-0.003024172969162464
-0.0005183068569749594
-0.002998501295223832
-0.0035044467076659203
-0.00016068121476564556
-4.410734163684538e-06
-0.00038258862332440913
-0.00039736481267027557
-0.0002671123365871608
-0.023814475163817406
-3.969590397900902e-05
-0.0005698964232578874
-0.00014697425649501383
-0.00013469743134919554
-0.002983882324770093
-0.00015841660206206143
-0.00034564718953333795
-0.00039664984797127545
-0.00012134769349358976
-8.880697714630514e-05
-0.02654240094125271
-4.410734163684538e-06
-0.000382707774406299
-0.0010634964564815164
-0.0002673506969586015
-4.410734163684538e-06
-0.00038258862332440913
-0.0010634964564815164
-0.0002671123365871608
-4.410734163684538e-06
-0.00038235029205679893
-0.0010634964564815164
-0.00026723151677288115
-4.410734163684538e-06
-0.0003828269545920193
-0.0010637345258146524
-0.00026723151677288115
-4.410734163684538e-06
-0.000382707774406299
-0.0010634964564815164
-0.0002673506969586015
-0.010181277059018612
-0.0003623305819928646
-0.6600696444511414
-0.06099357083439827
-6.556489552167477e-06
-0.0004629017203114927
-0.0068962653167545795
-0.00047994061606004834
-0.0040046744979918
-0.0031207927968353033
-0.006772895343601704
-0.002901512896642089
-0.14391110837459564
-0.0017191881779581308
-0.0015847040340304375
-0.01098725851625204
-4.410734163684538e-06
-0.00038235029205679893
-0.0012546057114377618
-0.00026723151677288115
-0.005745088681578636
-0.00026913834153674543
-0.002434387570247054
-0.0060554612427949905
-4.410734163684538e-06
-0.00038235029205679893
-0.0012546057114377618
-0.00026723151677288115
-0.18224748969078064
-0.006118140183389187
-0.005234820768237114
-8.380061626667157e-05
-0.00012683063687290996
-0.0003965306677855551
-0.0013109194114804268
-0.011959398165345192
-0.002292625606060028
-0.020909706130623817
-0.01756586879491806
-0.02830803021788597
-0.0004189328756183386
-0.0048807766288518906
-0.022490669041872025
-0.028350327163934708
-0.33823761343955994
-0.004731292836368084
-0.0008447177824564278
-0.41165584325790405
-1.3675391674041748
-0.028350211679935455
-0.0002286172821186483
-0.014263346791267395
-5.328513361746445e-05
-0.004426680505275726
-0.0010629009921103716
-0.0029886364936828613
-0.00014685506175737828
-0.0016120783984661102
-0.014773963019251823
-0.00018273114983458072
-0.004104286432266235
-0.04152128845453262
-0.00015233787416946143
-0.024407725781202316
-4.410734163684538e-06
-0.00038258862332440913
-0.0012544866185635328
-0.0002671123365871608
-0.0001793938863556832
-0.04380418360233307
-0.00012599628826137632
-0.006653417833149433
-0.00010477947944309562
-0.0003477922291494906
-0.00010430268594063818
-2.610649426060263e-05
-0.00021610308613162488
-0.00039664984797127545
-0.10797519236803055
-3.4927710657939315e-05
-0.008826053701341152
-0.0009622710640542209
-0.00021896349790040404
-0.04141252487897873
-0.005112906452268362
-1.7822446823120117
-0.02577512152493
-0.016138985753059387
-0.0001573438785271719
-0.00016699827392585576
-0.03241732716560364
-0.0001245659514097497
-0.0006264869589358568
-0.0004430027911439538
-0.07637722790241241
-3.1470757676288486e-05
-0.00020132421923335642
-0.0019417019793763757
-0.000998594332486391
-0.0035355696454644203
-0.00034564718953333795
-0.0027100048027932644
-0.006338018923997879
-0.03439736366271973
-0.0038970967289060354
-0.0021715410985052586
-0.007184858433902264
-0.0007192885386757553
-0.019841410219669342
-0.00012194366718176752
-0.0013853248674422503
-8.225102646974847e-05
-0.002894618781283498
-0.015447610057890415
-0.002571730175986886
-0.0009440494468435645
-0.008730456233024597
-0.06607608497142792
-0.0014906733995303512
-0.00021836756786797196
-0.006701613310724497
-9.345571743324399e-05
-3.71926071238704e-05
-0.001105293515138328
-0.007315514609217644
-0.0032248892821371555
-0.00044371772673912346
-2.610649426060263e-05
-9.285972191719338e-05
-0.008730337955057621
-0.0008557948167435825
-0.008730811066925526
-0.0005160430446267128
-0.0003738896339200437
-0.22097177803516388
-0.39362818002700806
-0.00020561488054227084
-0.07237936556339264
-5.3165931603871286e-05
-0.0014461545506492257
-0.011931127868592739
-0.000626367807853967
-0.003060540184378624
-6.723177648382261e-05
-5.2927523938706145e-05
-0.0005488081369549036
-0.0014772227732464671
-2.586808113846928e-05
-0.00281331199221313
-0.10859072953462601
-7.390948667307384e-06
-6.318072337307967e-06
-0.0004258441040292382
-0.0001232548092957586
-0.01793617755174637
-0.00022015532886143774
-0.0013053239090368152
-2.169585604860913e-05
-0.07442555576562881
-0.0036454431246966124
-0.00018988236843142658
-0.014935224317014217
-0.008728919550776482
-0.00019894051365554333
-0.0016889605903998017
-0.000660439720377326
-0.0029836446046829224
-0.00012134769349358976
-0.00015829740732442588
-0.00034564718953333795
-0.0004232226056046784
-0.011316989548504353
-0.0035355696454644203
-0.003003730671480298
-0.005179557949304581
-0.001257820287719369
-0.004422764293849468
-0.0003493413969408721
-0.024260202422738075
-0.010761206038296223
-0.003537826705724001
-0.0036537572741508484
-0.004265377763658762
-5.602679812000133e-05
-0.0077615585178136826
-0.00015877417172305286
-0.003535450901836157
-0.00012134769349358976
-0.00034564718953333795
-0.0014627005439251661
-4.160317621426657e-05
-0.00021407696476671845
-0.01184042077511549
-0.002818423556163907
-0.057254161685705185
-0.0019777517300099134
-0.008113520219922066
-0.005277392920106649
-0.0012210302520543337
-1.4066597032069694e-05
-0.0001586549769854173
-0.0003518439189065248
-0.0014887689612805843
-0.010295968502759933
-0.0021752286702394485
-0.0002795067266561091
-0.0005528590409085155
-0.00011777184408856556
-0.000615407363511622
-5.8053239627042785e-05
-0.022010449320077896
-0.004065582528710365
-0.00043478095903992653
-2.7656173188006505e-05
-0.0034956559538841248
-0.000169382052263245
-0.0028839209116995335
-2.3841830625315197e-06
-0.000906056840904057
-0.000436091679148376
-9.417489309271332e-06
-2.95634672511369e-05
-0.00027378625236451626
-0.003535450901836157
-0.002809508005157113
-0.06867023557424545
-0.0013312773080542684
-0.00038246947224251926
-0.0012542485492303967
-0.0002673506969586015
-4.410734163684538e-06
-0.000382707774406299
-0.0012542485492303967
-0.0002673506969586015
-4.529942543740617e-06
-0.000382707774406299
-0.0012544866185635328
-0.00026723151677288115
-0.00023934361524879932
-0.0015985103091225028
-0.00353521341457963
-0.00034564718953333795
-0.0014627005439251661
-0.00034564718953333795
-0.00012146688823122531
-0.0039474437944591045
-0.00549034308642149
-0.0030534095130860806
-0.041867513209581375
-0.002368147252127528
-0.004558410029858351
-0.009969323873519897
-0.0032357024028897285
-0.00015889335190877318
-0.0035044467076659203
-0.00034564718953333795
-0.00034564718953333795
-0.00019631843315437436
-0.000243634101934731
-0.001462819636799395
-0.0001995364436879754
-0.00024375328212045133
-0.001462819636799395
-7.73638384998776e-05
-0.00013290952483657748
-0.003192092990502715
-0.0004543225804809481
-0.005320437252521515
-0.000428108120104298
-0.005425253417342901
-0.0007043979712761939
-0.12660039961338043
-0.0015311434399336576
-0.021824199706315994
-0.29403454065322876
-0.0009092725813388824
-0.006698416080325842
-0.007031220942735672
-4.8993817472364753e-05
-0.002692884998396039
-0.008745463564991951
-1.6472797393798828
-0.020541315898299217
-0.016812417656183243
-0.03436730057001114
-0.01663375459611416
-0.03199288621544838
-0.02783384546637535
-0.004679917823523283
-0.0055541242472827435
-0.021304452791810036
-0.0017565549351274967
-0.006200245115906
-0.004225374665111303
-0.00011657988943625242
-0.0016264794394373894
-0.0166001059114933
-7.509902934543788e-05
-0.03540581837296486
-0.0035657414700835943
-0.004187981132417917
-0.10010865330696106
-0.0006357794045470655
-2.249072313308716
-0.00012134769349358976
-0.00015269544383045286
-0.0007619338575750589
-0.00034564718953333795
-0.00034564718953333795
-0.008354240097105503
-0.028756393119692802
-0.12905475497245789
-0.03223416209220886
-2.0421056747436523
-2.0421056747436523
-0.052636802196502686
-0.00012242044613230973
-0.0021421597339212894
-0.0035355696454644203
-0.002983763348311186
-0.012762182392179966
-0.12169687449932098
-0.027515316382050514
-0.0006264869589358568
-0.0037009096704423428
-0.001984652131795883
-0.5236562490463257
-0.011620335280895233
-0.008990639820694923
-0.0010736184194684029
-0.006431950256228447
-0.5236560106277466
-6.639736966462806e-05
-0.0002574589161667973
-0.08214690536260605
-0.0011018402874469757
-0.003534856950864196
-0.001427346607670188
-0.004306328948587179
-0.07071180641651154
-0.008319365791976452
-1.9108952283859253
-0.005495559424161911
-0.0023022594396024942
-0.001680272980593145
-0.0007117837085388601
-0.0035355696454644203
-0.0003455280384514481
-0.0012825843878090382
-0.004810308571904898
-0.02161259949207306
-0.0030190625693649054
-0.0004602803383022547
-0.0028840398881584406
-0.04091636463999748
-0.003535450901836157
-0.0003962923656217754
-0.00695889163762331
-0.0029708081856369972
-0.8049843311309814
-0.0013249675976112485
-0.001430798671208322
-0.0009690594743005931
-0.020392170175909996
-0.0026844439562410116
-0.0017539369873702526
-0.08407086133956909
-0.04091934114694595
-0.00022933237778488547
-0.0003965306677855551
-7.271740287251305e-06
-0.000888191512785852
-0.0006264869589358568
-0.00027164106722921133
-0.06607597321271896
-0.0009975224966183305
-7.295342220459133e-05
-0.000844479538500309
-3.1470757676288486e-05
-0.18224778771400452
-0.00790952518582344
-0.015299580059945583
-0.45930832624435425
-0.0020137999672442675
-0.6600695848464966
-0.034609269350767136
-6.97350042173639e-05
-0.0027183268684893847
-0.0003455280384514481
-0.001462819636799395
-0.00034564718953333795
-3.158996332786046e-05
-0.001029557315632701
-0.006157356780022383
-0.0024210684932768345
-0.009331068024039268
-3.1470757676288486e-05
-0.02835044264793396
-0.0556696392595768
-0.008059244602918625
-0.0028292411006987095
-0.07114633172750473
-0.05983702465891838
-0.004357367753982544
-0.013201921246945858
-0.02835044264793396
-0.007649770472198725
-0.02654634788632393
-0.010693627409636974
-0.006550743710249662
-0.05263657867908478
-0.001135062426328659
-0.02161259949207306
-0.003001829143613577
-0.0035355696454644203
-0.00012146688823122531
-0.0003962923656217754
-0.0007543102256022394
-0.3088841736316681
-0.039745405316352844
-0.0010570659069344401
-0.0001879753835964948
-0.0014397265622392297
-1.9106223583221436
-0.00028784899041056633
-0.037531062960624695
-0.12288539856672287
-0.00353521341457963
-6.997340824455023e-05
-0.018527425825595856
-0.002492894185706973
-0.0262831449508667
-0.0005104430601932108
-0.0002746204845607281
-0.007505669724196196
-0.05813062936067581
-8.689979586051777e-05
-0.025948092341423035
-0.000742279109545052
-0.025999780744314194
-0.00353521341457963
-0.00012134769349358976
-0.0003965306677855551
-0.0007544293766841292
-0.1569732427597046
-0.007117275148630142
-0.04652837663888931
-0.21020786464214325
-0.004871760495007038
-0.0007602662080898881
-0.01353445090353489
-0.00040236959466710687
-0.18224768340587616
-0.00017128908075392246
-0.0036233505234122276
-0.00010907054820563644
-3.611976353568025e-05
-0.0008164886385202408
-0.002815927378833294
-0.003535450901836157
-0.00012134769349358976
-0.0005057962844148278
-0.00015853578224778175
-0.017364146187901497
-0.002491467399522662
-0.0018012979999184608
-0.18224748969078064
-0.012635413557291031
-0.009226187132298946
-0.008515121415257454
-0.267212450504303
-0.004451841115951538
-3.437706470489502
-1.0757131576538086
-3.155320882797241
-0.009897560812532902
-0.017710167914628983
-0.0025676873046904802
-8.523101132595912e-05
-8.535020606359467e-05
-8.523101132595912e-05
-0.0003302744007669389
-7.988272666931152
-0.010577094741165638
-0.005113380495458841
-0.0003216941258870065
-0.010252194479107857
-0.0001287377526750788
-0.0019131468143314123
-0.0006231511943042278
-0.02125345543026924
-0.017069920897483826
-0.07492903620004654
-0.03156953677535057
-0.059955477714538574
-2.454697608947754
-0.01783289946615696
-0.01746489480137825
-0.015822574496269226
-0.024306975305080414
-0.15081608295440674
-0.02430732361972332
-0.006187805440276861
-0.05817415565252304
-0.00015448330668732524
-0.10859094560146332
-0.00010942813969450071
-0.00016115797916427255
-0.00011264643399044871
-0.021110834553837776
-0.023756271228194237
-0.0004465774691198021
-7.784063927829266e-05
-0.001468533300794661
-5.125986263010418e-06
-0.00038246947224251926
-0.000556314189452678
-0.0002673506969586015
-5.125986263010418e-06
-0.000382707774406299
-0.000556314189452678
-0.00026723151677288115
-5.125986263010418e-06
-0.00038246947224251926
-0.000556314189452678
-0.0002673506969586015
-5.125986263010418e-06
-0.000382707774406299
-0.000556314189452678
-0.00026723151677288115
-5.125986263010418e-06
-0.00038246947224251926
-0.000556314189452678
-0.0002673506969586015
-5.125986263010418e-06
-0.000382707774406299
-0.000556314189452678
-0.00026723151677288115
-5.125986263010418e-06
-0.00038246947224251926
-0.000556314189452678
-0.0002673506969586015
-5.125986263010418e-06
-0.0003828269545920193
-0.0005561950383707881
-0.00026723151677288115
-5.245195097813848e-06
-0.00038258862332440913
-0.000556314189452678
-0.0002674698771443218
-0.0027215369045734406
-0.0002526917669456452
-0.019931159913539886
-0.006099064368754625
-0.00021562635083682835
-0.0011051744222640991
-0.0011139861308038235
-0.002498721005395055
-0.008730456233024597
-0.00788823701441288
-0.0014922209084033966
-0.024636181071400642
-0.005065464414656162
-0.003021796001121402
-0.0018070096848532557
-0.01939043402671814
-0.003535450901836157
-0.00012146688823122531
-0.00034564718953333795
-0.00034564718953333795
-0.0012504386249929667
-0.004763920325785875
-0.034240592271089554
-0.002583739347755909
-0.009133108891546726
-0.0023266407661139965
-0.0014888879377394915
-0.04923052713274956
-9.345571743324399e-05
-0.00015889335190877318
-0.0035355696454644203
-0.00037400881410576403
-0.00034564718953333795
-4.410734163684538e-06
-0.00038246947224251926
-0.0012542485492303967
-0.0002673506969586015
-1.0728830375228426e-06
-0.000382707774406299
-0.0012544866185635328
-0.00026723151677288115
-0.002329495269805193
-0.00017271934484597296
-0.0009659630013629794
-0.0002051381452474743
-0.00019333878299221396
-0.011160212568938732
-0.001105293515138328
-0.00044955636258237064
-0.00568606099113822
-0.0005283151986077428
-4.410734163684538e-06
-0.000382707774406299
-0.0012542485492303967
-0.0002673506969586015
-0.06603992730379105
-4.410734163684538e-06
-0.000382707774406299
-0.0012543675256893039
-0.0002673506969586015
-0.010192015208303928
-0.00015889335190877318
-0.0006367324967868626
-0.0010116941994056106
-0.0002037079248111695
-0.00039664984797127545
-0.00014053787162993103
-0.00013314791431184858
-0.006163043901324272
-0.21922573447227478
-0.003418318461626768
-0.09242334216833115
-0.003727276111021638
-0.011391714215278625
-0.0014799605123698711
-0.005351385101675987
-1.6615238189697266
-0.00022206225548870862
-0.00017557987303007394
-0.0004015354788862169
-1.661523461341858
-1.548859715461731
-0.024761438369750977
-0.12646836042404175
-0.05200439319014549
-0.7709506750106812
-0.002709410386160016
-0.006239103153347969
-0.00029488030122593045
-5.3165931603871286e-05
-0.0013149671722203493
-0.018527425825595856
-0.0006654431927017868
-0.008113638497889042
-0.0010839784517884254
-0.37256166338920593
-0.0036882013082504272
-0.0004629017203114927
-0.0011522090062499046
-0.002590516582131386
-3.576278118089249e-07
-5.280832192511298e-05
-0.0035355696454644203
-0.0003455280384514481
-0.00012134769349358976
-0.0003675738989841193
-0.0032828745897859335
-0.00026246439665555954
-0.01895293965935707
-0.0023296140134334564
-0.003235227195546031
-0.0035353321582078934
-0.00012134769349358976
-0.00010799778101500124
-0.00034564718953333795
-3.1470757676288486e-05
-4.410734163684538e-06
-0.00038258862332440913
-0.00039736481267027557
-0.0002671123365871608
-0.0006786665762774646
-0.008899901993572712
-0.003961929585784674
-3.1470757676288486e-05
-0.02482888475060463
-0.02319641225039959
-0.13155493140220642
-8.654219709569588e-05
-0.0038733473047614098
-0.020455708727240562
-0.00014423283573705703
-0.004905213601887226
-0.00506321107968688
-0.0034683330450206995
-0.0009220162755809724
-8.272782724816352e-05
-0.005386007949709892
-0.00911468081176281
-0.03104512393474579
-0.001462581567466259
-0.002983882324770093
-0.004575616680085659
-0.002195450011640787
-0.020686237141489983
-0.006924086716026068
-0.0003455280384514481
-0.001462819636799395
-0.00034564718953333795
-0.002553062280640006
-8.582700684200972e-05
-0.003080030670389533
-0.01183394156396389
-4.410734163684538e-06
-0.000382707774406299
-0.000556314189452678
-0.0002673506969586015
-4.529942543740617e-06
-0.000382707774406299
-0.000556314189452678
-0.00026723151677288115
-0.0005718026659451425
-0.023195946589112282
-0.00283946399576962
-0.03445057570934296
-0.027916504070162773
-0.0023041623644530773
-0.012949069030582905
-0.00245710089802742
-0.008202792145311832
-0.0009322587866336107
-6.782778655178845e-05
-0.03991860896348953
-0.0028501623310148716
-0.022140465676784515
-1.904900074005127
-0.003351073944941163
-0.0002300474588992074
-0.003535450901836157
-0.00012134769349358976
-0.00034564718953333795
-0.00034564718953333795
-1.3576860427856445
-1.384159803390503
-0.00285337190143764
-8.701899787411094e-05
-0.00037150635034777224
-0.009582475759088993
-0.00012313561455812305
-0.03433378413319588
-4.8993817472364753e-05
-0.0059927781112492085
-0.17924663424491882
-0.009192760102450848
-0.00025567124248482287
-0.0001147919538198039
-0.0007458527106791735
-0.0006729483720846474
-0.007482479326426983
-0.00015054999676067382
-0.000985136954113841
-0.05157335475087166
-0.0010473009897395968
-0.0008071978809311986
-0.21830867230892181
-6.556489552167477e-06
-0.000604565953835845
-0.007821528241038322
-6.782778655178845e-05
-0.0010711177019402385
-2.6464111215318553e-05
-0.14619816839694977
-9.7508447652217e-05
-0.02161259949207306
-0.00026842328952625394
-0.003535450901836157
-0.00012146688823122531
-0.00034564718953333795
-0.016877707093954086
-0.7388707399368286
-0.00410939147695899
-0.024635715410113335
-0.0002525725867599249
-0.002292506629601121
-0.005098555237054825
-0.0008734225411899388
-0.0004291805380489677
-0.04584426432847977
-0.02080148085951805
-0.033929284662008286
-0.004601959604769945
-0.026450108736753464
-0.03617747500538826
-0.005934949964284897
-0.0006020640721544623
-0.05983736366033554
-0.005033202935010195
-0.007738729007542133
-0.011216324754059315
-0.011216443032026291
-0.0035353321582078934
-0.00034564718953333795
-0.0003965306677855551
-0.0005983707960695028
-0.00016389934171456844
-5.5549986427649856e-05
-2.9541194438934326
-0.0022446929942816496
-0.07590176165103912
-0.051394909620285034
-0.0017592919757589698
-0.001462819636799395
-0.002389197237789631
-0.00012134769349358976
-0.0014627005439251661
-0.0017515569925308228
-0.0006404255982488394
-0.001347944256849587
-0.0021665452513843775
-1.0930863618850708
-0.012511101551353931
-0.094770148396492
-0.008182692341506481
-0.01650548353791237
-0.07616791129112244
-0.027016155421733856
-0.0034947055391967297
-0.012045853771269321
-0.00027533553657121956
-0.0025357017293572426
-0.00012134769349358976
-2.777537883957848e-05
-9.97731985989958e-05
-0.00017772526189219207
-0.0037271573673933744
-0.00017081231635529548
-0.0005469018360599875
-0.0010402749758213758
-0.008533560670912266
-0.0010767144849523902
-0.02330123446881771
-0.0015749443555250764
-0.07842297106981277
-4.410734163684538e-06
-0.000382707774406299
-0.000556314189452678
-0.0002673506969586015
-4.410734163684538e-06
-0.00038258862332440913
-0.0005561950383707881
-0.0002671123365871608
-4.410734163684538e-06
-0.00038235029205679893
-0.0005561950383707881
-0.00026723151677288115
-4.410734163684538e-06
-0.0003828269545920193
-0.0005561950383707881
-0.00026723151677288115
-4.410734163684538e-06
-0.000382707774406299
-0.000556314189452678
-0.0002673506969586015
-4.410734163684538e-06
-0.00038258862332440913
-0.0005561950383707881
-0.0002671123365871608
-0.004294934216886759
-3.4689302992774174e-05
-0.004579888191074133
-0.0009369035833515227
-0.0001770101225702092
-0.03170963376760483
-0.010984429158270359
-0.0021099227014929056
-0.004915059544146061
-0.01612713746726513
-0.0006986799417063594
-0.002955594565719366
-0.011386999860405922
-0.0009564354550093412
-0.01914510503411293
-0.01293906569480896
-0.00033945043105632067
-0.006451256573200226
-0.0007172634359449148
-0.018214812502264977
-0.0003883084573317319
-6.3774932641536e-05
-0.017880791798233986
-0.0141682680696249
-0.00014876213390380144
-3.1470757676288486e-05
-0.00353521341457963
-0.00012134769349358976
-0.00034564718953333795
-0.015590688213706017
-4.410734163684538e-06
-0.0003828269545920193
-0.0005561950383707881
-0.00026723151677288115
-0.003535450901836157
-4.410734163684538e-06
-0.00038258862332440913
-0.0005561950383707881
-0.0002671123365871608
-0.00021908267808612436
-0.0013362773461267352
-0.00029380773776210845
-0.00036161558819003403
-0.04003188759088516
-1.6927575416048057e-05
0.0
-4.088794958079234e-05
-0.0015443552983924747
-1.5837295055389404
-0.00029023250681348145
-0.0029432333540171385
-2.3841855067985307e-07
-7.152555099310121e-07
0.0
-0.08701282739639282
-0.0015733970794826746
-1.8954096958623268e-05
-0.004040293861180544
-8.308542601298541e-05
-0.002447230741381645
-0.00015889335190877318
-0.004328050650656223
-0.00011240804451517761
-0.0035355696454644203
-0.00012146688823122531
-0.00039664984797127545
-0.010678648948669434
-0.0005080600967630744
-0.002453890163451433
-0.0038747722283005714
-0.005273479502648115
-0.0036825004499405622
-0.0039603859186172485
-0.0001770101225702092
-0.000497336674015969
-0.005413396749645472
-0.0045740739442408085
-0.0034319807309657335
-0.0016771787777543068
-0.024635715410113335
-0.0024806461296975613
-0.001413180842064321
-0.0005149707430973649
-0.010777716524899006
-0.19260704517364502
-0.0035353321582078934
-0.00017486473370809108
-0.0002227773511549458
-0.0005332001601345837
-0.012904821895062923
-0.007916740141808987
-0.040137480944395065
-0.018450072035193443
-0.0005504761938937008
-0.004616555292159319
-0.009043684229254723
-0.0077505577355623245
-0.0004499138449318707
-0.010551380924880505
-0.00011765264935093
-0.002368147252127528
-0.0052430033683776855
-0.015572731383144855
-8.546940807718784e-05
-0.00013863079948350787
-4.410734163684538e-06
-0.00038246947224251926
-0.000556314189452678
-0.0002673506969586015
-4.410734163684538e-06
-0.000382707774406299
-0.000556314189452678
-0.0002673506969586015
-0.0035355696454644203
-0.0003965306677855551
-0.00012146688823122531
-0.00991007313132286
-0.022140583023428917
-0.022483674809336662
-0.06854802370071411
-0.018577508628368378
-0.01660209894180298
-0.004598874598741531
-0.012400196865200996
-0.000894146622158587
-0.0004789874074049294
-0.0961168110370636
-0.0027196346782147884
-0.3406974971294403
-1.2725034952163696
-0.22863373160362244
-0.00038366109947673976
-0.0019996424671262503
-1.1766144037246704
-2.442167282104492
-0.005198176950216293
-0.024635832756757736
-0.018039913848042488
-0.0006266061100177467
-0.01878296583890915
-0.0023136769887059927
-0.022140465676784515
-0.0014688903465867043
-3.40932747349143e-05
-0.0024067978374660015
-0.012740172445774078
-0.02358163893222809
-0.002991132438182831
-0.00022659118985757232
-0.015202486887574196
-0.0005198557628318667
-0.0020778034813702106
-0.0035044467076659203
-0.0035355696454644203
-0.00012134769349358976
-0.00039664984797127545
-3.158996332786046e-05
-0.00020776021119672805
-0.0014215136179700494
-0.016079159453511238
-0.022140583023428917
-0.08701293915510178
-0.00013982271775603294
-4.327203714638017e-05
-0.0014354411978274584
-0.07355660945177078
-0.003535450901836157
-0.00034564718953333795
-0.00034564718953333795
-0.0004567056894302368
-0.0002338612830499187
-0.0010668307077139616
-0.008064092136919498
-0.0005918181850574911
-0.015329164452850819
-0.013724368065595627
-0.0014826982514932752
-0.08053164184093475
-0.02463548444211483
-0.00022623363474849612
-0.0020803017541766167
-4.0531076592742465e-06
-0.0032743194606155157
-0.00583729799836874
-0.003535450901836157
-0.00039664984797127545
-0.00012146688823122531
-0.0008521024719811976
-0.004134797025471926
-0.00033861625706776977
-8.153582894010469e-05
-0.001408776268362999
-0.003210273804143071
-0.00029213930247351527
-0.007966293953359127
-0.0028847530484199524
-0.00011729506513802335
-4.410734163684538e-06
-0.00038258862332440913
-0.0005561950383707881
-0.0002671123365871608
-4.410734163684538e-06
-0.00038235029205679893
-0.0005561950383707881
-0.00026723151677288115
-4.410734163684538e-06
-0.0003828269545920193
-0.0005561950383707881
-0.00026723151677288115
-4.410734163684538e-06
-0.000382707774406299
-0.000556314189452678
-0.0002673506969586015
-0.00015841660206206143
-0.0001752223033690825
-4.136476854910143e-05
-0.0002746204845607281
-0.00031382881570607424
-6.723177648382261e-05
-7.629365427419543e-06
-4.410734163684538e-06
-0.00038258862332440913
-0.000556314189452678
-0.0002674698771443218
-0.0011599486460909247
-0.0004887578543275595
-0.0003491030656732619
-0.015612635761499405
-0.00013398226292338222
-0.0005508335889317095
-0.005776853300631046
-0.036141831427812576
-0.0005057962844148278
-0.0003678122302517295
-0.018577508628368378
-0.0008962904685176909
-0.001002047909423709
-0.015156342647969723
-0.001359730027616024
-0.00018749863374978304
-0.0008139872807078063
-0.0007560970261693001
-0.013571025803685188
-0.0028135497123003006
-0.0006466205231845379
-0.00042763148667290807
-0.0011445883428677917
-0.0002162222663173452
-6.735097849741578e-05
-0.0026473496109247208
-0.000176652567461133
-0.012339441105723381
-0.001482460182160139
-0.00012134769349358976
-0.0005485698929987848
-0.00034564718953333795
-0.0019576449412852526
-0.004677781835198402
-0.0003150205302517861
-0.000447530735982582
-3.433168603805825e-05
-0.08701282739639282
-0.0002907091984525323
-0.022140583023428917
-0.001462819636799395
-0.0014627005439251661
-0.008777488023042679
-0.09055895358324051
-0.09391545504331589
-0.6600695252418518
-0.004795953165739775
-0.000626367807853967
-1.3947389561508317e-05
-0.00034564718953333795
-0.001462581567466259
-1.6615238189697266
-0.0033002218697220087
-0.02076423540711403
-0.00014077626110520214
-0.0001995364436879754
-0.00010775939153973013
-0.0009662011871114373
-0.020639877766370773
-3.1470757676288486e-05
-0.00013028726971242577
-0.014010174199938774
-0.00023815179883968085
-0.00023362292267847806
-3.9934315282152966e-05
-0.00010978573118336499
-0.016183089464902878
-0.00608034385368228
-0.017010033130645752
-9.548207890475169e-05
-0.004784089047461748
-0.037303466349840164
-0.0013761583250015974
-0.019145222380757332
-0.056860294193029404
-0.024635832756757736
-0.00023064337437972426
-0.004943647887557745
-0.003535450901836157
-0.00012933371181134135
-4.589452510117553e-05
-0.0036537572741508484
-0.0008641323074698448
-4.003276348114014
-0.00046826363541185856
-1.883488948806189e-05
-0.008373155258595943
-4.410734163684538e-06
-0.0003828269545920193
-0.0012544866185635328
-0.00026723151677288115
-0.001675869687460363
-4.410734163684538e-06
-0.0003828269545920193
-0.0012544866185635328
-0.00026723151677288115
-4.410734163684538e-06
-0.00038258862332440913
-0.0012540103634819388
-0.0002674698771443218
-0.0020300988107919693
-0.0015231685247272253
-0.04097140580415726
-0.0012984187342226505
-0.0003103728231508285
-0.00022957073815632612
-8.904537389753386e-05
-0.0645088478922844
-0.023162050172686577
-0.04885131120681763
-0.0002978596603497863
-2.396077979938127e-05
-0.0315057747066021
-0.0001541257370263338
-4.851700214203447e-05
-0.0003455280384514481
-0.017283538356423378
-0.0006231511943042278
-0.001604342251084745
-5.9960475482512265e-05
-0.0002212279650848359
-0.01443655788898468
-0.0005052005290053785
-0.017882313579320908
-0.02605413645505905
-0.04218699038028717
-0.001049801823683083
-0.017668472602963448
-0.0016788449138402939
-0.013727307319641113
-0.0203231368213892
-0.0008532935753464699
-0.05695297569036484
-0.00010108436981681734
-7.939023635117337e-05
-0.026488883420825005
-0.01125711016356945
-0.0106326499953866
-0.00014768941036891192
-0.005104366689920425
-2.539125671319198e-05
-0.005225096829235554
-0.01066968496888876
-0.002767187776044011
-0.0013271104544401169
-0.03183897212147713
-0.0005273620481602848
-0.0042708381079137325
-0.00353521341457963
-0.00015841660206206143
-0.00012134769349358976
-0.0014379409840330482
-0.00034564718953333795
-0.00034564718953333795
-1.9311717551317997e-05
-0.00034564718953333795
-0.003535450901836157
-0.00034564718953333795
-0.0014627005439251661
-0.02319641225039959
-4.410734163684538e-06
-0.000382707774406299
-0.000556314189452678
-0.00026723151677288115
-0.009489902295172215
-0.004743988160043955
-0.00031442465842701495
-3.3378044463461265e-05
-0.002465900732204318
-0.005919307470321655
-0.010333959944546223
-0.0012643685331568122
-1.5113093852996826
-0.0014869834994897246
-0.01529852394014597
-0.000700466800481081
-0.0040862406603991985
-0.01237452868372202
-0.0005143749876879156
-8.248942322097719e-05
-0.001829261309467256
-0.00034731553751043975
-0.00028784899041056633
-0.003237603697925806
-0.00019858295854646713
-0.02430138923227787
-0.011580860242247581
-0.009373228996992111
-0.0005147324409335852
-0.0011582816950976849
-0.024635715410113335
-0.0016054133884608746
-3.1470757676288486e-05
-0.003535450901836157
-0.00034564718953333795
-0.00012146688823122531
-0.005421103443950415
-0.0001037067049765028
-3.814624506048858e-05
-0.006613391451537609
-0.0035565949510782957
-0.0008212531101889908
-0.00015889335190877318
-9.369411418447271e-05
-0.00017534149810671806
-0.0005613181856460869
-0.00017188502533826977
-0.0013003236381337047
-5.07818695041351e-05
-0.14619795978069305
-0.0035353321582078934
-0.00015889335190877318
-9.345571743324399e-05
-0.00017534149810671806
-0.00012861855793744326
-0.0001720042055239901
-0.0013004426145926118
-5.1020273531321436e-05
-0.1461978554725647
-0.0035355696454644203
-0.0019538376946002245
-0.0019539566710591316
-0.006811376195400953
-0.00019751029321923852
-0.056485310196876526
-0.059992752969264984
-0.0010120513616129756
-0.00015889335190877318
-6.806619057897478e-05
-0.00012146688823122531
-0.00039664984797127545
-0.01745118945837021
-0.000847814604640007
-0.00012265883560758084
-0.00012289722508285195
-0.01875816471874714
-0.0026844439562410116
-0.00015937011630740017
-0.0004231034545227885
-0.003748534945771098
-0.023685257881879807
-0.023685142397880554
-0.012230518274009228
-0.00046993177966214716
-0.0013365155318751931
-0.006241472437977791
-0.0011616155970841646
-0.00017581824795342982
-0.0012441283324733377
-0.0005627478822134435
-0.012642594054341316
-0.008885014802217484
-0.025827515870332718
-0.012115578167140484
-0.00046850196667946875
-0.0009704885887913406
-0.0010115751065313816
-0.00038938093348406255
-6.806619057897478e-05
-0.00015889335190877318
-9.703165414975956e-05
-0.0017257335130125284
-0.000291662581730634
-0.015591040253639221
-0.017277562990784645
-0.02290506288409233
-0.00015877417172305286
-0.0005015069036744535
-0.002970332745462656
-4.410734163684538e-06
-0.000382707774406299
-0.000556314189452678
-0.0002673506969586015
-0.0004758894501719624
-0.0019433676498010755
-0.0022961937356740236
-0.0002752163854893297
-1.0930863618850708
-0.0006232702871784568
-9.512448741588742e-05
-3.4927710657939315e-05
-0.00015841660206206143
-0.019955933094024658
-0.9524614810943604
-0.15936127305030823
-0.5109397172927856
-0.0006232702871784568
-0.0034151107538491488
-8.964136941358447e-05
-0.0011435167398303747
-1.8358061424805783e-05
-0.00018606838420964777
-0.0007045170641504228
-0.009438062086701393
-0.0005595310358330607
-5.769562994828448e-05
-0.0019445574143901467
-0.00177714170422405
-0.002174039138481021
-0.03975033015012741
-0.027996143326163292
-0.6097325086593628
-0.029870405793190002
-0.00038628268521279097
-0.00018880968855228275
-0.0007282227743417025
-0.0005122303264215589
-0.0002656822034623474
-0.00533549627289176
-0.0004365683125797659
-0.0029640335123986006
-0.003535450901836157
-0.00012134769349358976
-0.000505677133332938
-3.1470757676288486e-05
-0.018527425825595856
-7.891343557275832e-05
-0.0005595310358330607
-0.0006881968001835048
-0.00019429226813372225
-7.986990567587782e-06
-0.0001668790791882202
-0.00044955636258237064
-0.0011591151123866439
-0.03675137460231781
-0.0003081085451412946
-0.022043218836188316
-0.18224738538265228
-0.005765474867075682
-0.001462581567466259
-0.00037400881410576403
-0.0035353321582078934
-0.00012134769349358976
-0.02360050193965435
-1.0930864810943604
-1.0930863618850708
-0.013434009626507759
-0.0024296308401972055
-0.00011002412065863609
-0.03991860896348953
-0.002043304033577442
-0.029616178944706917
-0.9524614810943604
-0.02214070037007332
-0.05860775709152222
-0.0035693051759153605
-0.001752984942868352
-0.00029905137489549816
-0.04807506129145622
-0.10783842951059341
-0.10859104990959167
-0.002691933885216713
-0.0006250573205761611
-0.00011050090688513592
-0.0035355696454644203
-0.00012134769349358976
-0.00034564718953333795
-0.00034564718953333795
-0.00015841660206206143
-0.0012432949151843786
-0.09245192259550095
-0.0017528659664094448
-0.00029905137489549816
-0.04807574301958084
-0.0026334389112889767
-0.0002786724944598973
-0.009854831732809544
-0.018577391281723976
-0.0006721144891344011
-0.0002488780301064253
-0.18224748969078064
-1.5617419481277466
-0.0001586549769854173
-0.0035355696454644203
-0.0003455280384514481
-0.00034564718953333795
-0.00012146688823122531
-3.2186455882765586e-06
-0.0010962436208501458
-6.675497570540756e-05
-0.0186415147036314
-0.0022465961519628763
-0.0022354156244546175
-0.023196294903755188
-0.005637697875499725
-3.957670196541585e-05
-0.0001668790791882202
-0.0006069486844353378
-0.03832448646426201
-0.004072231240570545
-0.0006787856691516936
-0.0004080893413629383
-0.0016796779818832874
-3.325883881188929e-05
-0.0006824786541983485
-0.00019798702851403505
-0.0002112165529979393
-0.029959723353385925
-0.0002592465898487717
-0.022140583023428917
-0.030896496027708054
-0.001476746634580195
-0.001734658726491034
-4.410734163684538e-06
-0.00038235029205679893
-0.00039736481267027557
-0.00026723151677288115
-3.6000557884108275e-05
-0.003678580978885293
-0.0003630455757956952
-0.00039593485416844487
-8.129743218887597e-05
-0.0005627478822134435
-0.0004873280122410506
-2.47952248173533e-05
-0.0006009918288327754
-0.012294813990592957
-0.0008166077313944697
-0.0005995621904730797
-0.001527215470559895
-0.0005676327273249626
-0.00022015532886143774
-0.00015889335190877318
-0.00353521341457963
-0.00012134769349358976
-0.00034564718953333795
-0.00034564718953333795
-0.0008728270186111331
-0.02081245556473732
-0.0001677133986959234
-0.0009004590683616698
-6.90197994117625e-05
-0.0010143141262233257
-0.000993830617517233
-0.0014986485475674272
-0.0009616755996830761
-0.0005528590409085155
-0.0006974886637181044
-0.0012856797548010945
-0.00014554394874721766
-0.002884990768507123
-0.001803796854801476
-0.0009009354980662465
-0.00044764988706447184
-0.0007906410028226674
-0.00017081231635529548
-0.07656971365213394
-0.0004644507134798914
-0.024635832756757736
-0.00012408917245920748
-0.00011586471373448148
-0.003080030670389533
-0.0014244896592572331
-0.0004338276921771467
-0.024635832756757736
-0.006303547415882349
-0.011501435190439224
-0.00346857076510787
-0.10859094560146332
-0.002428322797641158
-0.003885815851390362
-0.0010312244994565845
-0.00016115797916427255
-0.0004215544031467289
-0.05263702943921089
-0.0017232344252988696
-0.00034564718953333795
-0.00034564718953333795
-0.020505111664533615
-0.00023707917716819793
-0.0013869914691895247
-0.002779789036139846
-0.003772999858483672
-0.004289711359888315
-0.089200958609581
-0.0022664591670036316
-0.05263702943921089
-0.0021709464490413666
-0.00033861625706776977
-0.00889966543763876
-0.00029488030122593045
-0.010968039743602276
-2.9801878554280847e-05
-7.164221460698172e-05
-0.003535450901836157
-0.039918724447488785
-0.0023403179366141558
-0.018034879118204117
-0.032346002757549286
-0.028350211679935455
-9.369411418447271e-05
-8.046303264563903e-05
-0.00044848397374153137
-0.029864158481359482
-0.008123571053147316
-0.00012134769349358976
-1.8358061424805783e-05
-0.00044955636258237064
-0.14619743824005127
-0.00353521341457963
-9.369411418447271e-05
-7.60526381782256e-05
-0.00044860312482342124
-0.02986404299736023
-0.008123571053147316
-0.00012134769349358976
-1.8358061424805783e-05
-0.00044955636258237064
-0.14619816839694977
-0.003535450901836157
-0.024976789951324463
-0.03010687045753002
-1.6615238189697266
-0.03286788985133171
-0.0005684667266905308
-0.00035577642847783864
-0.00021443451987579465
-0.001105293515138328
-0.00044979469384998083
-0.00011991735664196312
-0.004138121381402016
-0.0007980260998010635
-6.985420623095706e-05
-0.0019996424671262503
-0.0008899780223146081
-0.020202113315463066
-0.0010752854868769646
-0.00015853578224778175
-0.0003455280384514481
-0.00034564718953333795
-0.00012146688823122531
-0.001602675998583436
-0.010305761359632015
-0.008018446154892445
-0.004051335621625185
-0.0005088941543363035
-0.024384109303355217
-0.22606106102466583
-1.6615238189697266
-0.005797001998871565
-0.0007086864789016545
-3.1470757676288486e-05
-0.020728273317217827
-0.0008023141999728978
-0.00328132975846529
-0.0012472239322960377
-0.012755002826452255
-0.0009763241396285594
-0.0014975772937759757
-0.0007247682078741491
-0.000505677133332938
-0.00012134769349358976
-0.0024379552341997623
-0.0007767044589854777
-0.002328186994418502
-0.0009411911014467478
-0.008413110859692097
-0.002178916009142995
-0.00865529477596283
-0.0053990501910448074
-0.005878303665667772
-0.4302600026130676
-0.02463606558740139
-0.0003383779258001596
-0.00013934595335740596
-0.007889892905950546
-0.007801538798958063
-0.018456274643540382
-0.004796071909368038
-0.000626367807853967
-3.433168603805825e-05
-0.0005078217945992947
-0.008308370597660542
-0.0031753377988934517
-0.008352821692824364
0.0
-0.013099917210638523
-0.07319116592407227
-0.00018475732940714806
-0.0036688416730612516
-1.6207813024520874
-0.01248979289084673
-0.0008110094931907952
-0.0023671959061175585
-3.576278118089249e-07
-0.012125000357627869
-4.053033626405522e-05
-0.0008451942121610045
-0.00013815402053296566
-0.19988013803958893
-6.222531374078244e-05
-0.0014988866169005632
-0.005878066644072533
-0.001105293515138328
-0.406358003616333
-0.00017081231635529548
-0.0026908640284091234
-0.04056042432785034
-0.003443147987127304
-0.00028832571115344763
-0.0005416594794951379
-0.008548807352781296
-7.92710343375802e-05
-0.028617966920137405
-0.02214070037007332
-0.01519661583006382
-0.01595093496143818
-0.0009210634743794799
-0.0048691509291529655
-0.005267906002700329
-0.003535450901836157
-0.00017081231635529548
-3.6954811548639555e-06
-5.483612312673358e-06
-0.00025674383505247533
-0.02310858480632305
-3.9934315282152966e-05
-0.0008266131044365466
-0.004762259311974049
-0.011511098593473434
-0.005840261001139879
-0.043597184121608734
-0.0004117832868359983
-0.0007639588438905776
-5.07818695041351e-05
-0.0011368485866114497
-0.0005237876321189106
-0.0159413143992424
-3.838465272565372e-05
-0.0069904993288218975
-0.00015054999676067382
-0.005360989365726709
-0.017173394560813904
-0.004329118877649307
-3.7431014789035544e-05
-0.004391668830066919
-0.27141377329826355
-2.634490556374658e-05
-0.025543440133333206
-0.05569568648934364
-0.05059683322906494
-0.0034475435968488455
-0.0024434253573417664
-0.0009629856795072556
-0.23902007937431335
-0.00015877417172305286
-4.9828242481453344e-05
-0.0006257721688598394
-0.0003300360403954983
-0.0005540504935197532
-0.00276445341296494
-0.00353521341457963
-0.00012134769349358976
-0.0014627005439251661
-2.454697608947754
-0.00015984688070602715
-0.00036745471879839897
-0.1668250411748886
-0.00012146688823122531
-0.00034564718953333795
-0.0021077815908938646
-0.0003880701260641217
-0.005422170739620924
-1.847726889536716e-05
-0.0019382515456527472
-0.0007790867821313441
-7.807903602952138e-05
-0.0014610340585932136
-0.04953575134277344
-0.010439195670187473
-0.00013469743134919554
-0.10500194132328033
-0.007596178911626339
-1.6615238189697266
-0.07856249809265137
-0.0009584600338712335
-1.661523461341858
-0.028350211679935455
-0.004873896017670631
-10.422164916992188
-0.08701271563768387
-0.0064897495321929455
-0.00014888131408952177
-0.013516103848814964
-0.0014579391572624445
-0.00021920185827184469
-0.00025507534155622125
-0.0006972504197619855
-0.00012134769349358976
-0.0007179781678132713
-0.0017638138961046934
-0.0006295844214037061
-4.410734163684538e-06
-0.0003828269545920193
-0.0005561950383707881
-0.00026723151677288115
-0.16104093194007874
-0.0013112765736877918
-0.0008883106056600809
-0.0004413345886860043
-0.0010438475292176008
-0.000786591088399291
-9.357491217087954e-05
-0.003720031352713704
-0.0012312696781009436
-0.0013975863112136722
-0.048857443034648895
-0.003535450901836157
-0.00034564718953333795
-0.00034564718953333795
-0.02161271683871746
-0.00015793983766343445
-9.643566590966657e-05
-0.003290478838607669
-0.00013159839727450162
-0.0028385131154209375
-0.0008273277780972421
-0.0007231004419736564
-0.004493615590035915
-0.0006708040600642562
-0.001742631895467639
-0.0011831672163680196
-0.00036542891757562757
-0.0013344916515052319
-0.001444130903109908
-0.013467765413224697
-0.00012134769349358976
-0.03536565974354744
-0.01914498768746853
-0.012666254304349422
-0.0010586139978840947
-0.027548136189579964
-3.1470757676288486e-05
-0.0035355696454644203
-0.00012146688823122531
-0.00016032364510465413
-0.00034564718953333795
-0.00012754580529872328
-0.00020180096908006817
-7.510157047363464e-06
-0.000382707774406299
-0.000556314189452678
-0.0002673506969586015
-0.007228530943393707
-4.7801782784517854e-05
-0.000976800569333136
-2.0265373677830212e-05
-0.15421491861343384
-9.548207890475169e-05
-0.00010632903286023065
-5.006664650863968e-05
-0.0001656871900195256
-0.008410747162997723
-0.00012361239350866526
-0.01729748025536537
-0.0009884715545922518
-7.211902266135439e-05
-0.0005046047735959291
-0.0006959400488995016
-0.019052477553486824
-0.018947090953588486
-0.00034564718953333795
-0.00013529339048545808
-3.1593759059906006
-9.440929716220126e-05
-0.0017404898535460234
-0.0014428215799853206
-4.410734163684538e-06
-0.00038246947224251926
-0.000556314189452678
-0.0002673506969586015
-0.0007065422250889242
-0.00017081231635529548
-4.410734163684538e-06
-0.00038235029205679893
-0.0005561950383707881
-0.00026723151677288115
-4.410734163684538e-06
-0.000382707774406299
-0.000556314189452678
-0.00026723151677288115
-0.017878333106637
-0.004563868511468172
-8.546940807718784e-05
-0.006178919691592455
-0.006666325498372316
-0.0010381315369158983
-4.410734163684538e-06
-0.00038258862332440913
-0.000556314189452678
-0.0002674698771443218
-4.410734163684538e-06
-0.00038246947224251926
-0.000556314189452678
-0.0002673506969586015
-4.410734163684538e-06
-0.0003828269545920193
-0.0005561950383707881
-0.00026723151677288115
-4.410734163684538e-06
-0.00038258862332440913
-0.000556314189452678
-0.0002674698771443218
-0.007118221838027239
-0.00013731967192143202
-0.001378896413370967
-0.00018308870494365692
-0.005586962215602398
-0.0006313714548014104
-0.010026801377534866
-0.015601133927702904
-0.022140583023428917
-3.564294092939235e-05
-0.00307598989456892
-0.0005678709712810814
-0.003535450901836157
-0.00012134769349358976
-0.00034564718953333795
-0.0005676327273249626
-0.014513165690004826
-0.00044979469384998083
-0.005703603848814964
-0.10859072953462601
-0.00045170116936787963
-0.0004558716027531773
-0.003535450901836157
-0.00034564718953333795
-0.00012134769349358976
-3.1470757676288486e-05
-0.0079836780205369
-0.0076561588793993
-0.017553336918354034
-0.01914510503411293
-0.007681474555283785
-0.000593962671700865
-0.010490629822015762
-0.022460246458649635
-5.07818695041351e-05
-0.04233017936348915
-0.009400391019880772
-0.00033063191222026944
-0.008925776928663254
-4.541770613286644e-05
-0.006221096031367779
-0.0004844683862756938
-0.0006587718962691724
-0.20220734179019928
-0.00015889335190877318
-0.00037400881410576403
-0.00034564718953333795
-0.00012134769349358976
-0.9310272336006165
-0.0005837167263962328
-0.006030222401022911
-0.03460892289876938
-0.16218717396259308
-0.0033699646592140198
-0.009903699159622192
-0.006775855552405119
-0.023172883316874504
-0.006550506688654423
-0.0001554368354845792
-0.004338495433330536
-0.002810340141877532
-0.024635832756757736
-0.002864545676857233
-2.8371408916427754e-05
-0.006426738575100899
-0.0130482641980052
-0.006629615556448698
-0.003535450901836157
-0.00012146688823122531
-0.00037400881410576403
-0.021762730553746223
-0.0001586549769854173
-0.00036137725692242384
-0.0012447236804291606
-0.0005940818227827549
-0.012864220887422562
-0.0035353321582078934
-0.00022015532886143774
-0.0171370692551136
-8.53250503540039
-0.0002165798214264214
-0.00034564718953333795
-0.0013436584267765284
-0.0003860443539451808
-0.0005057962844148278
-0.09021611511707306
-0.0013467537937685847
-0.003653638530522585
-0.0035355696454644203
-0.0035355696454644203
-0.0001560327800689265
-0.00014041867689229548
-0.0031407573260366917
-0.14014871418476105
-0.0005665604257956147
-0.0015403084689751267
-0.0013533014571294188
-0.004835221916437149
-0.001433893688954413
-0.003063867799937725
-0.00039641151670366526
-0.0010406322544440627
-2.861018856492592e-06
-0.0035355696454644203
-0.00012146688823122531
-0.00034564718953333795
-0.00034564718953333795
-0.001462581567466259
-0.015092584304511547
-0.0001161031104857102
-0.013637351803481579
-4.410734163684538e-06
-0.00038258862332440913
-0.0010634964564815164
-0.0002671123365871608
-0.0004459816846065223
-0.013586902059614658
-0.004001824650913477
-0.005003787111490965
-2.777537883957848e-05
-0.0001311216183239594
-0.001769644906744361
-0.018360422924160957
-0.0035355696454644203
-0.0003741279651876539
-0.00034564718953333795
-0.01790795847773552
-0.024635832756757736
-0.0005831210291944444
-0.0006314906058833003
-0.006316340994089842
-0.0002873722987715155
-0.0035355696454644203
-0.00015841660206206143
-4.172316494077677e-06
-0.0035353321582078934
-0.00034564718953333795
-0.0003455280384514481
-0.00012134769349358976
-0.00040928093949332833
-0.0014054430648684502
-0.0017630999209359288
-0.0029233836103230715
-0.04428967460989952
-0.00012134769349358976
-0.004022959154099226
-8.701899787411094e-05
-0.0019374187104403973
-0.00448174774646759
-0.0029308719094842672
-0.003775612683966756
-0.00014530557382386178
-0.00018904806347563863
-0.00047874910524114966
-0.0005951540661044419
-0.0092385895550251
-0.0782947838306427
-0.20220723748207092
-0.0009232072625309229
-0.0002015625941567123
-0.006222754251211882
-0.00012134769349358976
-0.0035353321582078934
-0.0022266136948019266
-0.0009869233472272754
-0.07121505588293076
-0.013913660310208797
-0.0035967440344393253
-0.011573201045393944
-0.00010597144137136638
-0.004177653230726719
-0.0005401106318458915
-0.00015829740732442588
-0.0035355696454644203
-0.00012146688823122531
-0.0010124086402356625
-0.3067856729030609
-0.0002461368858348578
-0.0016543286619707942
-1.4781842764932662e-05
-0.0005814530304633081
-0.0016887226374819875
-0.0009856133256107569
-0.02360050193965435
-0.0017469158628955483
-0.0046996138989925385
-0.004944241140037775
-2.4914430468925275e-05
-0.005780527368187904
-0.182247593998909
-0.00144710682798177
-0.004653813783079386
-0.0002747396647464484
-0.00014411364099942148
-1.6331539882230572e-05
-0.002273952355608344
-0.0007863528444431722
-0.02229226566851139
-9.369411418447271e-05
-0.0001896439935080707
-0.1282433420419693
-0.0035353321582078934
-0.00037400881410576403
-1.585470999998506e-05
-0.0005719218170270324
-0.07375296205282211
-0.0017045505810528994
-0.0012694880133494735
-0.0007527616689912975
-0.006153091788291931
-0.004676832817494869
-0.0001538873475510627
-0.0005026984144933522
-0.4312101900577545
-1.7822442054748535
-0.0003079893649555743
-7.986990567587782e-06
-0.00015889335190877318
-0.0009913297835737467
-6.806619057897478e-05
-9.929640509653836e-05
-0.0038912780582904816
-0.004618572071194649
-0.017432210966944695
-0.0013677061069756746
-0.041824184358119965
-0.0009432157967239618
-0.0007544293766841292
-0.00011967896716669202
-0.00511610833927989
-9.238292841473594e-05
-0.024738295003771782
-0.0006671110168099403
-0.05399293079972267
-0.00012134769349358976
-0.00010907054820563644
-0.0002449450839776546
-0.02214070037007332
-0.024635832756757736
-8.892617915989831e-05
-0.00020001317898277193
-0.00025197668583132327
-0.007816087454557419
-0.0009999042376875877
-0.0034667886793613434
-0.00010406429646536708
-1.8596476365928538e-05
-0.0003951007383875549
-0.03782770782709122
-0.0266371238976717
-0.0013374679256230593
-0.0071233115158975124
-0.003569423919543624
-0.0032683785539120436
-0.29403436183929443
-0.0002127659390680492
-0.026357922703027725
-0.00044955636258237064
-0.0035355696454644203
-0.0005057962844148278
-0.00012134769349358976
-3.158996332786046e-05
-0.21691443026065826
-0.00010358751023886725
-0.024635832756757736
-0.0017178792040795088
-3.0278701160568744e-05
-0.003964423201978207
-0.00044967554276809096
-0.0008420973899774253
-0.0001479277852922678
-0.0018817351665347815
-0.00029059001826681197
-0.02079155668616295
-0.003944237716495991
-0.0013397298753261566
-0.016909940168261528
-0.00031251792097464204
-0.0013075858587399125
-0.02463548444211483
-8.582700684200972e-05
-0.000169382052263245
-0.010630173608660698
-0.00031716562807559967
-0.00037400881410576403
-0.0008201810996979475
-0.0001209901092806831
-0.00044979469384998083
-0.00020859450160060078
-0.004321997053921223
-0.0001599660754436627
-0.009700068272650242
-0.0006055190460756421
-0.0002759314374998212
-0.016737626865506172
-0.014341847971081734
-0.00045372682507149875
-0.03928990662097931
-0.0006264869589358568
-0.00014184899919200689
-0.017827628180384636
-0.017908310517668724
-0.014792874455451965
-0.02181370183825493
-0.01914498768746853
-0.0020723312627524137
-0.0026209547650069
-0.406358003616333
-0.0006688979919999838
-0.017907723784446716
-0.0002256377338198945
-0.0008438840159215033
-0.0001411338453181088
-0.010243580676615238
-0.406358003616333
-0.05591101944446564
-0.0005771639989688993
-0.0011794761521741748
-0.0009950215462595224
-0.00017128908075392246
-0.003499813610687852
-0.02657107450067997
-0.0007065422250889242
-0.00012146688823122531
-7.402622577501461e-05
-0.005903308745473623
-0.004241755697876215
-0.0017107388703152537
-0.00036566724884323776
-0.02641783282160759
-0.001988935051485896
-0.000270091783022508
-0.13344340026378632
-0.009382558986544609
-0.003176526166498661
-0.024635832756757736
-0.00017152745567727834
-1.0371154530730564e-05
-0.003535450901836157
-0.0009994279826059937
-4.410734163684538e-06
-0.0003828269545920193
-0.0005561950383707881
-0.00026723151677288115
-4.410734163684538e-06
-0.000382707774406299
-0.000556314189452678
-0.0002673506969586015
-0.04572230577468872
-0.0006204110686667264
-0.0017914213240146637
-0.0018985120113939047
-0.00012146688823122531
-0.0001436368766007945
-0.027268027886748314
-0.0037161121144890785
-0.001462581567466259
-0.020076751708984375
-0.03282935917377472
-0.09635219722986221
-0.0003455280384514481
-0.0028024944476783276
-0.0028559870552271605
-0.0725492313504219
-0.004453265108168125
-0.00020311199477873743
-0.05498690530657768
-0.0039058837573975325
-0.0013875867007300258
-0.003535450901836157
-0.00621197372674942
-0.0009971652179956436
-0.13525624573230743
-4.875540980719961e-05
-0.13525614142417908
-4.410734163684538e-06
-0.00038258862332440913
-0.00039736481267027557
-0.0002674698771443218
-0.08302135765552521
-0.022685185074806213
-0.010095958597958088
-3.1470757676288486e-05
-0.009863448329269886
-0.0025348695926368237
-0.0017520328983664513
-0.00986380223184824
-0.0015633992152288556
-0.0004033228906337172
-0.010620265267789364
-0.07375263422727585
-0.004956102930009365
-0.0044461446814239025
-0.0002165798214264214
-4.660974445869215e-05
-4.410734163684538e-06
-0.00038235029205679893
-0.0005561950383707881
-0.00026723151677288115
-3.528532761265524e-05
-0.013028967194259167
-0.0003197873884346336
-0.00035089056473225355
-0.01633896306157112
-4.410734163684538e-06
-0.000382707774406299
-0.000556314189452678
-0.00026723151677288115
-0.01841847226023674
-0.00019333878299221396
-0.03238651528954506
-0.03426916152238846
-0.006550743710249662
-0.005467105656862259
-0.0017157370457425714
-0.00012957210128661245
-0.00018165845540352166
-7.343022298300639e-05
-0.0049435291439294815
-0.0036535197868943214
-0.008892576210200787
-3.1470757676288486e-05
-2.2291887944447808e-05
-0.00034564718953333795
-0.00012146688823122531
-0.00021765247220173478
-0.003961929585784674
-4.410734163684538e-06
-0.000382707774406299
-0.00039736481267027557
-0.0002673506969586015
-0.010851774364709854
-0.0005658455775119364
-0.010093008168041706
-0.0005296258023008704
-4.410734163684538e-06
-0.0003828269545920193
-0.0005561950383707881
-0.00026723151677288115
-0.004040768835693598
-0.00025781645672395825
-0.0007033258443698287
-0.5363367199897766
-0.009856837801635265
-0.00037555795279331505
-0.001122797722928226
-0.05663041025400162
-0.0021158705931156874
-0.022140583023428917
-0.02987700141966343
-0.015951404348015785
-7.056941103655845e-05
-0.0028659719973802567
-0.0029283759649842978
-0.001156852813437581
-0.016595885157585144
-1.1444026313256472e-05
-4.410734163684538e-06
-0.00038258862332440913
-0.000556314189452678
-0.0002674698771443218
-4.410734163684538e-06
-0.00038258862332440913
-0.000556314189452678
-0.0002674698771443218
-0.00353521341457963
-0.00012134769349358976
-0.0014627005439251661
-0.0007544293766841292
-0.010929482989013195
-0.0002553137019276619
-0.00024029705673456192
-0.018916210159659386
-0.0038930594455450773
-0.023410122841596603
-0.0007180972606875002
-0.00047064671525731683
-0.00638954620808363
-0.0004058252670802176
-0.01595105230808258
-0.0004371640970930457
-0.02329995296895504
-0.14619743824005127
-0.0004764852055814117
-7.92710343375802e-05
-0.01790807582437992
-0.0033515493851155043
-0.043292198330163956
-0.00031251792097464204
-1.156323378381785e-05
-0.007718028035014868
-0.015361799858510494
-0.0035355696454644203
-0.00012146688823122531
-0.00034564718953333795
-3.1470757676288486e-05
-0.015989650040864944
-0.017908310517668724
-0.2503814101219177
-0.001922665280289948
-0.0032014804892241955
-0.0003333727945573628
-0.01330215111374855
-8.451581379631534e-05
-0.0035355696454644203
-0.0002165798214264214
-0.00045313104055821896
-8.701899787411094e-05
-0.002916014287620783
-0.0007164295529946685
-4.529942543740617e-06
-0.000382707774406299
-0.0012544866185635328
-0.00026723151677288115
-0.0010962436208501458
-0.2651447355747223
-0.024636181071400642
-0.00022480344341602176
-0.182247593998909
-0.00015889335190877318
-0.005749000236392021
-0.0004017737810499966
-0.0035353321582078934
-0.00012134769349358976
-0.0003455280384514481
-0.00034564718953333795
-0.001016814960166812
-0.0008356655016541481
-0.028715388849377632
-0.0035657414700835943
-3.155320882797241
-0.002342220861464739
-0.055119022727012634
-0.003535450901836157
-0.00034564718953333795
-0.00034564718953333795
-0.0003675738989841193
-0.00013791563105769455
-0.04143219813704491
-4.410734163684538e-06
-0.000382707774406299
-0.000556314189452678
-0.0002673506969586015
-0.019903814420104027
-0.004892283584922552
-0.0008742563077248633
-0.0001932195882545784
-7.486063259420916e-05
-0.01914510503411293
-0.00082923355512321
-0.009671379812061787
-0.0008596062543801963
-4.279521817807108e-05
-2.4199192921514623e-05
-0.01615634560585022
-0.01914498768746853
-0.0003738896339200437
-0.00034564718953333795
-0.00012134769349358976
-0.023178940638899803
-0.0015810144832357764
-0.018055250868201256
-0.002199375070631504
-0.00014482879487331957
-0.00016985881666187197
-0.0005455912905745208
-0.004631387535482645
-0.021750949323177338
-0.015063109807670116
-0.0005179494037292898
-0.0005520250415429473
-0.0015925593907013535
-0.0013437775196507573
-0.0036535197868943214
-0.029281314462423325
-0.00395266804844141
-0.01017844583839178
-0.007162133697420359
-1.1920928244535389e-07
-0.0018254535971209407
-0.0027782435063272715
-0.00012134769349358976
-0.00034564718953333795
-0.001462581567466259
-0.006990617606788874
-0.009973455220460892
-0.0040553719736635685
-0.08407118916511536
-0.02341058850288391
-0.00027855331427417696
-0.0024044194724410772
-0.007127454038709402
-0.019918188452720642
-0.00022301571152638644
-0.0020208191126585007
-0.001462819636799395
-0.005499827675521374
-3.0874729418428615e-05
-0.0248155128210783
-0.0079811941832304
-0.005096538923680782
-0.0002548369811847806
-6.19869097135961e-05
-3.40932747349143e-05
-0.03223439306020737
-4.708655978902243e-05
-0.001462581567466259
-2.95634672511369e-05
-0.00046039948938414454
-0.00035684893373399973
-0.0005651307292282581
-0.6600695252418518
-0.0007713441736996174
-0.02186059020459652
-0.0014627005439251661
-0.02515396848320961
-0.013670982792973518
-0.00024005869636312127
-0.0006135011790320277
-0.18224748969078064
-0.02835044264793396
-0.005509074777364731
-0.03470944985747337
-0.7955713868141174
-0.007485673762857914
-0.00026854246971197426
-0.017087263986468315
-0.000626367807853967
-0.0014840076910331845
-0.004007880110293627
-0.0021526277996599674
-0.028163747861981392
-0.0006344689172692597
-1.4054937362670898
-0.0007256020326167345
-4.708655978902243e-05
-0.0023883646354079247
-0.000586695212405175
-0.038224898278713226
-0.0038419971242547035
-0.0007544293766841292
-0.0004001055203843862
-0.0004873280122410506
-8.356221951544285e-05
-8.356221951544285e-05
-0.0002859421947505325
-0.0002859421947505325
-3.2186455882765586e-06
-1.9311717551317997e-05
-0.0003455280384514481
-0.00034564718953333795
-0.001462581567466259
-0.004708275198936462
-3.158996332786046e-05
-0.0004499138449318707
-0.6600696444511414
-3.814689989667386e-06
-5.722029527532868e-06
-0.00013410145766101778
-9.48860906646587e-05
-0.006010197103023529
-0.05439301207661629
-0.008730337955057621
-0.04359741508960724
-0.0006842655711807311
-0.00703051034361124
-3.158996332786046e-05
-0.004712902475148439
-0.0002461368858348578
-0.018527308478951454
-8.201262971851975e-05
-0.010405927896499634
-0.03991895169019699
-0.007767945993691683
-0.0009715604246594012
-0.001574349240399897
-0.022140933200716972
-0.18224768340587616
-5.864924969500862e-05
-0.0010120513616129756
-0.00012146688823122531
-0.00034564718953333795
-0.00015877417172305286
-0.001446868758648634
-0.023196179419755936
-0.0007767044589854777
-0.028949696570634842
-0.007172194309532642
-0.00016223068814724684
-0.011282099410891533
-0.00021669900161214173
-0.0022432657424360514
-0.0012313887709751725
-0.0002488780301064253
-0.0005532164941541851
-0.006655549164861441
-0.001462343498133123
-0.0014909114688634872
-0.005472677759826183
-2.6702524337451905e-05
-9.07141511561349e-05
-0.2169143408536911
-0.001105293515138328
-9.941560711013153e-05
-0.0005937243695370853
-0.001677416730672121
-0.005952606908977032
-4.6967357775429264e-05
-0.00042834642226807773
-6.41325386823155e-05
-0.00015507926582358778
-0.009234101511538029
-0.0012537722941488028
-0.0026032389141619205
-0.010570135898888111
-0.011238839477300644
-0.0008667526417411864
-0.0004300146538298577
-0.02066183276474476
-0.001604818389751017
-0.0027620759792625904
-0.00027259447961114347
-0.05030973255634308
-0.0038043521344661713
-0.06619291007518768
-1.4781842764932662e-05
-0.0004465774691198021
-0.00013481661153491586
-0.002221499104052782
-0.002009755000472069
-4.005352093372494e-05
-0.00016723664884921163
-0.0030925089959055185
-0.000523430178873241
-8.463501580990851e-05
-0.007189000956714153
-0.0005155664402991533
-0.00589690962806344
-0.0004390706308186054
-0.0027469778433442116
-0.08594179898500443
-0.02577907219529152
-0.005773416254669428
-0.000626367807853967
-0.000626367807853967
-0.0006264869589358568
-0.019331153482198715
-0.007926556281745434
-0.00038985759601928294
-0.022140583023428917
-0.8773378133773804
-2.6702524337451905e-05
-0.00015889335190877318
-0.0002165798214264214
-6.317892984952778e-05
-0.07585502415895462
-1.6615238189697266
-0.012703332118690014
-0.035517193377017975
-0.00041952868923544884
-0.02389327622950077
-0.24342989921569824
-8.83301836438477e-05
-0.14502228796482086
-8.129743218887597e-05
-0.017628299072384834
-0.007483662571758032
-1.0609570381348021e-05
-0.08407130092382431
-0.0019750152714550495
-0.02746521309018135
-0.007865527644753456
-0.0010578995570540428
-0.0013081812066957355
-0.00353521341457963
-0.05076522380113602
-0.061313048005104065
-0.10859094560146332
-0.0007545484695583582
-0.009438770823180676
-0.0004663571889977902
-0.012528643012046814
-0.0002924968139268458
-0.003535450901836157
-0.012619758024811745
-0.06375931203365326
-0.02194899320602417
-0.01299472525715828
-0.026128698140382767
-10.830822944641113
-0.00012146688823122531
-0.00034564718953333795
-0.001462581567466259
-0.0007543102256022394
-0.011748528108000755
-0.027863292023539543
-0.01543375849723816
-0.00027450130437500775
-0.0021083762403577566
-0.024087172001600266
-0.0011204162146896124
-0.00495088379830122
-0.009504190646111965
-0.004002774599939585
-2.3007127310847864e-05
-4.410734163684538e-06
-0.00038258862332440913
-0.000556314189452678
-0.0002674698771443218
-0.2422385960817337
-0.0019204046111553907
-0.0005289109540171921
-9.65590606938349e-06
-0.028350327163934708
-0.0004518203204497695
-0.002310228068381548
-0.0018880413845181465
-0.0007788485381752253
-0.037648171186447144
-0.006739622913300991
-0.1461731344461441
-0.006944093853235245
-0.009186736308038235
-0.012949422001838684
-0.0013486584648489952
-0.005580679047852755
-1.6615235805511475
-0.014895997941493988
-0.03091498836874962
-0.0005355831235647202
-0.0005984899471513927
-0.00410939147695899
-2.9444261599564925e-05
-0.02317451313138008
-0.00024077377747744322
-2.658331868587993e-05
-0.023435041308403015
-0.007898526266217232
-0.005615768022835255
-0.0008852138998918235
-0.0037005534395575523
-0.0008768765837885439
-4.95898348162882e-05
-0.00018189683032687753
-0.009639030322432518
-0.0007936188485473394
-0.0002165798214264214
-0.00034564718953333795
-0.0018463960150256753
-0.009924354963004589
-0.013369199819862843
-0.005063566844910383
-0.008566182106733322
-0.0002466136065777391
-0.003535450901836157
-0.00012146688823122531
-0.07581579685211182
-1.3032143115997314
-5.61460001335945e-05
-0.021650047972798347
-0.000296310376143083
-2.52720492426306e-05
-0.008247957564890385
-0.0036849945317953825
-0.00806622114032507
-0.0035355696454644203
-0.00353521341457963
-0.00012134769349358976
-0.00015889335190877318
-0.00034564718953333795
-0.00305875763297081
-0.01856393553316593
-0.0002687808300834149
-4.458328112377785e-05
-0.00624846201390028
-0.017908310517668724
-0.005096420645713806
-0.024635715410113335
-0.00022742546570952982
-0.0005272428970783949
-0.0021858150139451027
-0.005802453961223364
-0.008975162170827389
-0.003535450901836157
-2.3483953555114567e-05
-4.410734163684538e-06
-0.000382707774406299
-0.000556314189452678
-0.0002673506969586015
-4.410734163684538e-06
-0.00038258862332440913
-0.0005561950383707881
-0.0002671123365871608
-0.0024895647075027227
-0.001190073206089437
-6.389413465512916e-05
-4.410734163684538e-06
-0.00038258862332440913
-0.00039736481267027557
-0.0002674698771443218
-0.00353521341457963
-0.00034564718953333795
-0.00034564718953333795
-0.0017131189815700054
-0.009210714139044285
-0.04640046879649162
-0.0014826982514932752
-0.00013243274588603526
-0.0011118428083136678
-0.024161648005247116
-0.017802568152546883
-0.00017093151109293103
-2.8967437174287625e-05
-0.004902366548776627
-0.009516706690192223
-0.01790795847773552
-4.029192859889008e-05
-2.52720492426306e-05
-0.01290329173207283
-9.178694017464295e-05
-0.0007544293766841292
-0.11432178318500519
-0.00034564718953333795
-0.00012134769349358976
-0.027464866638183594
-5.400034933700226e-05
-0.6600694060325623
-3.504691630951129e-05
-0.1209123283624649
-0.025780698284506798
-0.0015441172290593386
-2.777537883957848e-05
-0.0011536378879100084
-0.0013452060520648956
-0.0021691620349884033
-0.00021205084340181202
-0.009207643568515778
-0.0007544293766841292
-0.25512760877609253
-0.0035355696454644203
-0.00012146688823122531
-0.00034564718953333795
-0.0007544293766841292
-0.007981312461197376
-0.0002256377338198945
-0.023410355672240257
-0.005376759450882673
-0.023410122841596603
-0.00044955636258237064
-0.00029404606902971864
-0.015097633004188538
-0.00335119292140007
-7.557583012385294e-05
-0.0020343814976513386
-0.0028917661402374506
-0.00019178935326635838
-4.2437604861333966e-05
-0.00047803416964598
-3.814624506048858e-05
-0.01135989185422659
-0.002157623879611492
-0.0008083889842964709
-0.0005342725198715925
-0.021684110164642334
-9.16677454370074e-05
-0.15510138869285583
-0.00017188502533826977
-0.0012242449447512627
-0.0003798478574026376
-0.0025503274518996477
-0.006010671146214008
-0.004737581126391888
-0.0008852138998918235
-0.00037996700848452747
-0.00020776021119672805
-0.004632455296814442
-2.325806140899658
-4.60137271147687e-05
-0.0005138983833603561
-0.0009313059854321182
-0.00020037073409184813
-0.0013556823832914233
-0.0002954761730507016
-6.115249561844394e-05
-1.4283733367919922
-0.0036948525812476873
-0.003212174866348505
-0.04860708862543106
-0.0002693767019081861
-0.0007789676310494542
-0.00353521341457963
-0.001462581567466259
-0.00034564718953333795
-0.00012146688823122531
-0.010177147574722767
-0.6600695848464966
-0.007203676737844944
-0.007014174945652485
-0.0021075436379760504
-0.08876537531614304
-0.00014137222024146467
-0.0012378181563690305
-0.00012146688823122531
-0.00014351768186315894
-0.003951361868530512
-0.001290918211452663
-0.006432068534195423
-0.004743750672787428
-0.0003817544784396887
-0.006431950256228447
-0.04340304061770439
-0.021612484008073807
-0.020238211378455162
-0.028350327163934708
-0.0003970073303207755
-0.00013243274588603526
-0.015949174761772156
-0.0003323002893012017
-0.00034564718953333795
-0.018823327496647835
-0.001869836589321494
-0.013133213855326176
-0.003020013216882944
-0.009617069736123085
-0.029639555141329765
-0.001462581567466259
-0.0036965152248740196
-0.04429001733660698
-0.0012748456792905927
-0.02150176651775837
-0.033605773001909256
-0.028350211679935455
-7.617183291586116e-05
-0.003282993333414197
-0.0008422164828516543
-0.00021610308613162488
-0.00034564718953333795
-0.0010439666220918298
-4.410734163684538e-06
-0.00038258862332440913
-0.000556314189452678
-0.0002674698771443218
-4.410734163684538e-06
-0.00038246947224251926
-0.000556314189452678
-0.0002673506969586015
-0.0032027876004576683
-0.00012790338951162994
-0.1895885467529297
-0.00010823617776622996
-0.1481538712978363
-0.18958845734596252
-0.003849122440442443
-3.1470757676288486e-05
-0.39131319522857666
-0.0005776405450887978
-0.003535450901836157
-0.00034564718953333795
-0.00012134769349358976
-0.00024530262453481555
-0.0021935468539595604
-0.0005131834768690169
-0.002656385535374284
-2.6834161281585693
-0.0005036516231484711
-0.0054283360950648785
-0.0010946955299004912
-0.00030048147891648114
-0.005263755563646555
-0.005206952802836895
-0.20569580793380737
-4.6132929128361866e-05
-0.006890937685966492
-3.155320882797241
-3.155320882797241
-0.002381229307502508
-0.010204169899225235
-0.001462581567466259
-0.00034564718953333795
-0.0003455280384514481
-7.652943895664066e-05
-0.0010222929995507002
-0.0020681675523519516
-0.006924796849489212
-1.3942670822143555
-1.6276979446411133
-0.1373244971036911
-0.00037424711626954377
-0.005346642341464758
-0.009914558380842209
-0.0014627005439251661
-0.00012146688823122531
-0.00034564718953333795
-0.00034564718953333795
-0.003535450901836157
-0.6600695848464966
-0.02577907219529152
-0.002824367256835103
-0.0021205099765211344
-0.0008267321973107755
-0.00034564718953333795
-0.18224768340587616
-0.00012146688823122531
-0.0009641766082495451
-0.06905948370695114
-0.0016770598012953997
-0.0002774807217065245
-0.016809720546007156
-0.01857762597501278
-1.3749809265136719
-0.00045849301386624575
-9.870042413240299e-05
-0.0016436175210401416
-0.019570590928196907
-0.000880449719261378
-0.0028851095121353865
-0.008313218131661415
-2.0421059131622314
-0.00015376816736534238
-3.155320882797241
-3.155320882797241
-0.021520551294088364
-0.011252513155341148
-0.0016511153662577271
-2.454697608947754
-0.0014627005439251661
-2.682172998902388e-05
-3.158996332786046e-05
-0.01569654606282711
-0.0014694855781272054
-0.0014513921923935413
-1.0977983474731445
-0.0024356956128031015
-0.0009467886411584914
-0.0007544293766841292
-0.007847550325095654
-0.003535450901836157
-0.0007543102256022394
-0.0002646096108946949
-0.00025376438861712813
-0.018527425825595856
-0.0003782987187150866
-0.006064110901206732
-0.07701671123504639
-0.0010671879863366485
-0.0020848223939538
-0.09704979509115219
-0.0032238198909908533
-0.0002299282787134871
-0.0004240567213855684
-0.00034564718953333795
-0.0015387610765174031
-0.006550506688654423
-0.00410939147695899
-0.18480154871940613
-0.00307456380687654
-0.0013088955311104655
-0.046392615884542465
-0.001933373394422233
-0.00012134769349358976
-0.0010474200826138258
-0.0008686583023518324
-0.00034564718953333795
-0.04383647441864014
-6.770858453819528e-05
-0.018577508628368378
-0.0017099058022722602
-0.0007526425761170685
-0.06032377481460571
-0.02214070037007332
-0.0001501924270996824
-5.23315102327615e-05
-0.020392170175909996
-0.022240152582526207
-0.01063630636781454
-0.0013398488517850637
-0.011523354798555374
-0.28782549500465393
-0.0035355696454644203
-0.0074872118420898914
-0.02004111558198929
-0.13709305226802826
-0.000505677133332938
-1.0930863618850708
-0.01857762597501278
-0.0005018643569201231
-0.000321336614433676
-0.0005129451747052372
-0.4302597641944885
-0.002367433626204729
-0.003449444193392992
-0.02161259949207306
-0.008334143087267876
-0.004290898330509663
-0.00015507926582358778
-0.015101860277354717
-0.0008578196284361184
-0.0005411829333752394
-6.425174069590867e-05
-0.012326253578066826
-0.003070523263886571
-0.004564699251204729
-0.019056454300880432
-0.00016842853801790625
-0.011547158472239971
-0.008730811066925526
-0.00040725519647821784
-2.884823152271565e-05
-0.002213886706158519
-0.06179908290505409
-0.00017081231635529548
-0.0019209994934499264
-0.0024234468583017588
-0.14619816839694977
-0.0035355696454644203
-0.0035355696454644203
-0.00037400881410576403
-0.00012134769349358976
-0.03403206542134285
-0.21691443026065826
-0.0002932118659373373
-0.22267796099185944
-0.010930072516202927
-0.0006057572900317609
-0.0374581515789032
-0.004540253430604935
-0.004001468885689974
-0.014921247959136963
-0.002140494529157877
-0.0034444546326994896
-0.0006518622976727784
-3.290122185717337e-05
-0.022140933200716972
-0.00031919151660986245
-0.0009374991059303284
-0.005170782096683979
-0.00353521341457963
-0.00012134769349358976
-0.00034564718953333795
-0.004930955357849598
-0.0027964317705482244
-0.002648419700562954
-0.0015714927576482296
-0.015951169654726982
-0.0014999578706920147
-0.0030164476484060287
-0.2129742056131363
-0.00034564718953333795
-0.00034564718953333795
-0.00034564718953333795
-0.00034564718953333795
-2.5809710025787354
-0.00021991695393808186
-2.5858988761901855
-0.007746417541056871
-5.829164365422912e-05
-0.00012134769349358976
-0.0014627005439251661
-0.43384745717048645
-0.015319655649363995
-2.396077979938127e-05
-0.012980605475604534
-0.020728273317217827
-9.214453893946484e-05
-0.005643150769174099
-0.2175048142671585
-0.00012134769349358976
-8.010543388081715e-05
-0.00042882305569946766
-0.019083471968770027
-9.142934868577868e-05
-0.6600694060325623
-0.013916599564254284
-0.028350327163934708
-0.00022003613412380219
-0.00424389261752367
-0.012671316042542458
-0.005078630056232214
-0.22970907390117645
-0.00012146688823122531
-0.028021877631545067
-0.009051244705915451
-0.013357201591134071
-0.00014125302550382912
-0.003475460922345519
-0.00038258862332440913
-0.0012544866185635328
-0.0002671123365871608
-0.00045372682507149875
-0.00013124081306159496
-0.004232971463352442
-0.03089626505970955
-0.0019249258330091834
-0.004354044329375029
-0.0008405489497818053
-0.0007493072189390659
-4.279521817807108e-05
-0.00044288364006206393
-0.011520997621119022
-0.01946689561009407
-0.0012451999355107546
-0.0001012035645544529
-0.000105375460407231
-5.435795901576057e-05
-0.01180448941886425
-0.00012170527770649642
-2.1576648578047752e-05
-0.6600696444511414
-2.539125671319198e-05
-0.0013873485149815679
-9.179073458653875e-06
-0.0010387268848717213
-0.0009037939016707242
-0.00013422065239865333
-0.018710196018218994
-8.105902816168964e-05
-2.777537883957848e-05
-0.14248055219650269
-0.0024034681264311075
-0.0006139777251519263
-0.022863585501909256
-0.02161271683871746
-0.0012542485492303967
-0.00012146688823122531
-0.02480330318212509
-0.0008875959902070463
-0.0027610058896243572
-0.01486076321452856
-0.2169143408536911
-0.022034356370568275
-0.0012354368809610605
-0.0019932182040065527
-0.00313849956728518
-0.033581335097551346
-0.026851840317249298
-0.0001658063702052459
-0.001462819636799395
-2.658331868587993e-05
-0.0003741279651876539
-0.00034564718953333795
-0.007101769093424082
-0.013327794149518013
-0.02214070037007332
-0.014115259051322937
-0.044878773391246796
-0.000342191313393414
-0.0006951061659492552
-0.014625128358602524
-0.00070296844933182
-0.0001716466504149139
-0.00020239688456058502
-6.318072337307967e-06
-0.00900717917829752
-0.12436920404434204
-0.003535450901836157
-0.00012146688823122531
-0.002271454781293869
-3.6238969187252223e-05
-2.658331868587993e-05
-0.0011691170511767268
-0.06626822054386139
-0.00010144196130568162
-7.045020902296528e-05
-0.015507942996919155
-0.03627404943108559
-0.007480112835764885
-0.024241585284471512
-0.0007288183551281691
-0.004204719327390194
-0.11152306199073792
-0.01739812083542347
-1.0967194612021558e-05
-0.08805324137210846
-1.0967194612021558e-05
-0.01739812083542347
-0.08805324137210846
-0.004205313045531511
-0.11152295768260956
-0.00012134769349358976
0.0
-0.08411623537540436
-0.03063536062836647
-5.1020273531321436e-05
-0.00011824862303910777
-0.0030030175112187862
-0.0007085673278197646
-0.003535450901836157
-0.00012134769349358976
-0.012077419087290764
-2.109982233378105e-05
-2.276871418871451e-05
-0.0004334702098276466
-0.00020716428116429597
-0.019270699471235275
-3.611976353568025e-05
-0.00023982033599168062
-0.08193077892065048
-0.009308509528636932
-9.524368942948058e-05
-0.14548343420028687
-0.00019560330838430673
-0.0046363710425794125
-6.9141146923357155e-06
-0.00011050090688513592
-0.12314987182617188
-9.333651541965082e-05
-6.8662193370983e-05
-0.001258296542800963
-0.00353521341457963
-0.002692171838134527
-0.0034129724372178316
-0.004842340014874935
-0.009066483937203884
-0.00024732868769206107
-0.0005906267906539142
-0.00012146688823122531
-0.010171718895435333
-9.63164638960734e-05
-0.22481319308280945
-0.0027128581423312426
-0.0017407278064638376
-0.0023683852050453424
-0.00012718822108581662
-0.7808196544647217
-0.019803427159786224
-0.03422388806939125
-0.004378375597298145
-0.0034300799015909433
-0.002049133414402604
-0.00012134769349358976
-0.00012718822108581662
-3.0874729418428615e-05
-4.684815212385729e-05
-0.019073529168963432
-0.2940347194671631
-0.14619816839694977
-0.00012146688823122531
-0.0013440155889838934
-0.0007350126979872584
-0.015367435291409492
-0.009863683953881264
-0.0023394853342324495
-0.00011443436960689723
-2.634490556374658e-05
-0.0015591143164783716
-0.0003071551618631929
-0.0003044141922146082
-0.0018572239205241203
-9.393251093570143e-05
-4.291525328881107e-06
-0.0011070796754211187
-0.0037354708183556795
-2.5987286790041253e-05
-0.010728065855801105
-0.010509857907891273
-0.003241168335080147
-0.0014554394874721766
-0.013823368586599827
-0.00012146688823122531
-2.658331868587993e-05
-2.658331868587993e-05
-2.658331868587993e-05
-5.6265202147187665e-05
-0.001462819636799395
-0.00014447122521232814
-0.6600696444511414
-0.0013521108776330948
-0.0005069877952337265
-0.00815502367913723
-0.025922654196619987
-0.005931157618761063
-0.0051706633530557156
-0.0002240883477497846
-0.6600694060325623
-0.025035852566361427
-0.0003756771038752049
-0.00303914793767035
-0.00040463366894982755
-0.06159196421504021
-0.10630307346582413
-0.000587767455726862
-7.83174327807501e-05
-0.0013519919011741877
-0.0007410878897644579
-4.670429706573486
-0.0007407305529341102
-0.0009809688199311495
-0.01932331919670105
-0.0005729940603487194
-4.768360213347478e-06
-0.00038235029205679893
-0.0012546057114377618
-0.00026723151677288115
-0.00012134769349358976
-0.013441420160233974
-1.4728528261184692
-0.001704074558801949
-0.018577508628368378
-0.009949376806616783
-0.00034850722295232117
-0.0005340342177078128
-0.0003483880718704313
-0.0011476842919364572
-0.01059266459196806
-0.0014606770128011703
-0.018577508628368378
-0.021612484008073807
-0.0032035005278885365
-9.536738616588991e-07
-7.521823135903105e-05
-0.0015905360924080014
-0.00012134769349358976
-2.109982233378105e-05
-0.030923541635274887
-0.026358038187026978
-0.44414031505584717
-0.02705119550228119
-0.01478312537074089
-0.004669832065701485
-0.0005644158809445798
-0.0002479245886206627
-0.023018186911940575
-0.0015600664773955941
-0.0017351347487419844
-0.01922696642577648
-0.0001463782973587513
-0.08745944499969482
-0.0010032388381659985
-0.004515213891863823
-0.026357805356383324
-0.008274913765490055
-0.0043243709951639175
-0.0016066036187112331
-0.008603766560554504
-1.4728528261184692
-0.002591586671769619
-9.655486064730212e-05
-0.18224778771400452
-0.8049843311309814
-6.174850568640977e-05
-0.04849466308951378
-1.4728528261184692
-0.096989206969738
-0.14267602562904358
-0.14267602562904358
-0.0006846229662187397
-0.43026015162467957
-0.0022892954293638468
-0.003853753674775362
-0.35004472732543945
-0.6303234100341797
-0.0034280603285878897
-0.0004557524516712874
-0.021480297669768333
-0.16593003273010254
-0.030611196532845497
-0.00435060216113925
-0.003945900127291679
-0.0011866202112287283
-0.00012134769349358976
-0.016743488609790802
-2.658331868587993e-05
-0.005846305284649134
-0.04413650184869766
-0.02725689299404621
-1.661523461341858
-0.0010523025412112474
-0.004066532477736473
-0.6600694060325623
-0.01393164787441492
-0.049763526767492294
-0.05833812803030014
-7.295342220459133e-05
-1.661523461341858
-5.6622808187967166e-05
-1.6615238189697266
-1.6615238189697266
-1.6615235805511475
-0.00735918153077364
-0.3116321265697479
-0.010006501339375973
-0.003770862240344286
-0.00020776021119672805
-1.7046782886609435e-05
-1.3708974620385561e-05
-0.009344649501144886
-0.007444497663527727
-0.00012146688823122531
-0.007015950512140989
-0.015590688213706017
-2.658331868587993e-05
-0.0002040654799202457
-0.0019509821431711316
-2.658331868587993e-05
-0.017467355355620384
-0.00015877417172305286
-0.00012134769349358976
-2.658331868587993e-05
-3.0397906812140718e-05
-2.6702524337451905e-05
-0.6600695848464966
-0.6600694060325623
-0.0011426832061260939
-0.030230749398469925
-0.010879721492528915
-0.6600695252418518
-0.040925975888967514
-0.01595093496143818
-7.986703712958843e-05
-0.00014828535495325923
-0.004133253823965788
-0.010417371056973934
-0.14619816839694977
-0.003535450901836157
-0.00012134769349358976
-8.225102646974847e-05
-0.018577391281723976
-0.0006992755807004869
-0.003564791288226843
-0.002061862498521805
-2.5987286790041253e-05
-6.0437283536884934e-05
-0.018577391281723976
-0.00012635385792236775
-0.00038258862332440913
-0.0012540103634819388
-0.0002674698771443218
-0.0010119322687387466
-0.00014649749209638685
-0.001313776709139347
-5.304672595229931e-05
-0.00022897482267580926
-0.00016258825780823827
-0.00017593742813915014
-3.2782016205601394e-05
-4.458328112377785e-05
-0.022140465676784515
-0.0019998804200440645
-0.011500845663249493
-0.010575207881629467
-9.846202738117427e-05
-0.00012134769349358976
-2.658331868587993e-05
-2.6702524337451905e-05
-1.075713038444519
-0.00015448330668732524
-0.027517056092619896
-0.0027372294571250677
-0.032284025102853775
-0.002630823291838169
-0.011252160184085369
-0.0021871235221624374
-6.782778655178845e-05
-0.028319966048002243
-0.009419168345630169
-0.05580516159534454
-0.01917223632335663
-0.049251750111579895
-0.03133965656161308
-0.004531828220933676
-0.00012838016846217215
-9.42901024245657e-05
-0.0001072826053132303
-4.6967357775429264e-05
-0.00012134769349358976
-0.0005788319394923747
-0.006085675675421953
-2.276871418871451e-05
-0.013667454943060875
-0.007926201447844505
-0.0004564673872664571
-0.012988489121198654
-7.652943895664066e-05
-2.52720492426306e-05
-6.031808152329177e-05
-0.10478425770998001
-2.4546971321105957
-0.02148461528122425
-0.0002499506517779082
-0.009044865146279335
-4.9232225137529895e-05
-0.022140465676784515
-0.004040650092065334
-0.023161934688687325
-1.4781842764932662e-05
-0.00014065706636756659
-0.00012134769349358976
-0.0010552796302363276
-0.005255098920315504
-0.002046516165137291
-0.011449934914708138
-0.00990346260368824
-0.00020001317898277193
-0.0001311216183239594
-9.238292841473594e-05
-0.006171337328851223
-0.00012015574611723423
-4.8636207793606445e-05
-0.0342593714594841
-4.029192859889008e-05
-0.008881233632564545
-6.770858453819528e-05
-0.004734496586024761
-0.001778450678102672
-0.002482667798176408
-0.0021466801408678293
-0.005358262453228235
-4.100715523236431e-05
-0.12110424786806107
-0.001711214892566204
-0.00022539935889653862
-0.00012146688823122531
-2.658331868587993e-05
-0.00032491172896698117
-4.446407547220588e-05
-0.0012406755704432726
-0.08027875423431396
-0.2742356061935425
-4.7205765440594405e-05
-0.05848891660571098
-5.8053239627042785e-05
-0.018577508628368378
-0.6600694060325623
-0.00012146688823122531
-0.6600696444511414
-0.6600695848464966
-0.1528737097978592
-0.021385086700320244
-0.6600694060325623
-3.349725011503324e-05
-0.010813802480697632
-0.012665430083870888
-0.6600696444511414
-0.00670516537502408
-0.6584670543670654
-0.017224133014678955
-1.6615238189697266
-9.989239333663136e-05
-0.003696158993989229
-0.00843178853392601
-0.0012474621180444956
-0.00012134769349358976
-0.00034564718953333795
-2.658331868587993e-05
-0.006841330789029598
-4.2437604861333966e-05
-0.00015877417172305286
-3.71926071238704e-05
-0.0103753712028265
-0.09335184097290039
-0.00823057722300291
-8.451581379631534e-05
-0.14061634242534637
-0.406358003616333
-0.0006998711614869535
-0.11345981061458588
-0.027140533551573753
-0.01564878225326538
-0.001871859421953559
-0.0002411313180346042
-0.0035691861994564533
-1.585470999998506e-05
-0.0004611144249793142
-2.2522435188293457
-0.12222163379192352
-0.00937027670443058
-1.448026180267334
-0.028350327163934708
-0.0006264869589358568
-0.00777504313737154
-0.0045382361859083176
-0.011790941469371319
-0.015710627660155296
-0.009354215115308762
-0.08016487956047058
-0.42960694432258606
-0.026798803359270096
-0.016997845843434334
-0.6600696444511414
-0.010738090611994267
-0.27378883957862854
-0.003651738166809082
-0.11819038540124893
-0.02459838055074215
-0.012895760126411915
-0.08701271563768387
-0.003274438437074423
-0.00044848397374153137
-0.0007086864789016545
-0.05356907844543457
-0.00030071981018409133
-0.0038596910890191793
-0.0002469711471349001
-0.00012134769349358976
-0.0008844992844387889
-0.022140465676784515
-0.0007857572636567056
-2.372236667724792e-05
-0.014905158430337906
-0.014905041083693504
-0.02140842378139496
-0.29786840081214905
-1.0930864810943604
-0.003498388221487403
-0.025844592601060867
-0.037430476397275925
-0.005404860246926546
-0.0541798360645771
-0.0005013877525925636
-0.0012081712484359741
-0.0054433937184512615
-0.0005698964232578874
-0.00012134769349358976
-0.0017713108099997044
-4.327203714638017e-05
-0.07068326324224472
-3.8742269680369645e-05
-0.04891011491417885
-0.010979005135595798
-0.003063154872506857
-0.0034957746975123882
-0.013768813572824001
-4.768360213347478e-06
-0.00038235029205679893
-0.0012546057114377618
-0.00026723151677288115
-0.00015376816736534238
-0.00013147920253686607
-0.00012134769349358976
-0.001150541938841343
-0.0001209901092806831
-0.01170717366039753
-0.003275864291936159
-7.784063927829266e-05
-2.9444261599564925e-05
-0.002114919014275074
-0.00130425242241472
-0.003727751085534692
-0.004088615067303181
-0.00012134769349358976
-9.226373367710039e-05
-0.016473354771733284
-0.008369608782231808
-0.008075090125203133
-0.33918285369873047
-0.2141699641942978
-0.0012831796193495393
-0.00019703354337252676
-0.0012161486083641648
-0.00027497802511788905
-0.0013075858587399125
-0.004675408825278282
-0.5144755244255066
-0.6600693464279175
-4.051725387573242
-0.03514666482806206
-0.0009731086320243776
-0.0008599635912105441
-0.03881780430674553
-0.006778223440051079
-0.009586254134774208
-0.2662128806114197
-1.1126607656478882
-0.010423741303384304
-0.004247809760272503
-0.0024846892338246107
-0.00015424491721205413
-0.009606207720935345
-0.08512616157531738
-0.00012134769349358976
-0.010835618712008
-0.010835501365363598
-0.00012134769349358976
-0.00010334911348763853
-0.00020454221521504223
-0.01422961801290512
-0.050126753747463226
-0.00033849707688204944
-0.018577508628368378
-0.33294010162353516
-0.041743580251932144
-0.14193156361579895
-0.08302179723978043
-0.20689061284065247
-0.3083156645298004
-0.00013529339048545808
-3.155320644378662
-0.00012134769349358976
-0.00012134769349358976
-1.6261029243469238
-0.11934806406497955
-9.30981186684221e-05
-0.018373413011431694
-0.24477507174015045
-2.9801878554280847e-05
-0.6600696444511414
-6.437280717364047e-06
-2.6702524337451905e-05
-2.6702524337451905e-05
-2.658331868587993e-05
-0.0009496469865553081
-0.011280449107289314
-0.00010561384988250211
-0.013278505764901638
-0.006442610174417496
-0.013881095685064793
-0.00012146688823122531
-0.0315210223197937
-0.44900673627853394
-0.0003668589051812887
-0.024003148078918457
-0.0007352509419433773
-0.0008407871937379241
-0.002804277464747429
-0.025279857218265533
-8.415821503149346e-05
-0.02888437733054161
-0.1797596961259842
-0.010626634582877159
-0.0017521519912406802
-0.00012134769349358976
-0.0002153879904653877
-0.0046568987891077995
-0.06039896979928017
-0.05237019807100296
-0.003822759259492159
-0.0190406646579504
-0.009087747894227505
-0.0010945764370262623
-0.14771021902561188
-0.00601742509752512
-0.06434431672096252
-0.0011851914459839463
-8.225102646974847e-05
-0.004917195066809654
-0.00012134769349358976
-1.8627771139144897
-2.0847291946411133
-0.018354453146457672
-0.003468808252364397
-6.067568756407127e-05
-0.08278215676546097
-2.062299427052494e-05
-3.93382906622719e-05
-7.617183291586116e-05
-5.3881147323409095e-05
-8.391981828026474e-05
-2.4546971321105957
-2.658331868587993e-05
-7.70062324590981e-05
-0.18684151768684387
-8.415821503149346e-05
-0.004354756325483322
-0.002066026208922267
-0.00012134769349358976
-0.23826061189174652
-0.003871922381222248
-0.002066026208922267
-0.6600695252418518
-1.9907753085135482e-05
-0.002691933885216713
-2.1815061700181104e-05
-0.06829175353050232
-0.00023445718397852033
-4.4225667807040736e-05
-0.5756974816322327
-0.2742794454097748
-0.00033825874561443925
-0.004091345705091953
-0.0035752442199736834
-0.021125540137290955
-2.6225699912174605e-05
-0.003436970291659236
-5.769562994828448e-05
-0.0005460678366944194
-0.00012146688823122531
-0.0007372760446742177
-7.629103492945433e-05
-0.0023523299023509026
-0.02135031297802925
-0.00011431517486926168
-0.0012268644059076905
-0.00211658445186913
-0.003513593692332506
-0.003074801526963711
-6.603976362384856e-05
-4.0411134250462055e-05
-0.0018892312655225396
-0.009676928631961346
-0.00012134769349358976
-0.012170812115073204
-0.0018424693262204528
-2.2411095415009186e-05
-0.005166986957192421
-0.005773534532636404
-0.2215113490819931
-0.0005128260818310082
-0.009636432863771915
-0.0006927236099727452
-0.00011014331539627165
-0.00012146688823122531
-7.354942499659956e-05
-0.00031001531169749796
-0.0006727101281285286
-7.497983460780233e-05
-0.006027141585946083
-0.0315711535513401
-0.08594103157520294
-0.01308603398501873
-0.0002809368306770921
-0.011500963941216469
-0.15951262414455414
-0.007656631991267204
-0.021902110427618027
-0.00015186110977083445
-0.0017200212460011244
-2.1219027985353023e-05
-0.0016686100279912353
-0.00012146688823122531
-2.658331868587993e-05
-2.658331868587993e-05
-0.05983702465891838
-5.018585216021165e-05
-0.018527425825595856
-2.109982233378105e-05
-1.4662635294371285e-05
-0.2579768896102905
-0.005995384883135557
-0.02140842378139496
-0.0007793250260874629
-0.021408190950751305
-0.00923327449709177
-2.658331868587993e-05
-1.0930863618850708
-0.013106976635754108
-0.01157461479306221
-0.0004366874636616558
-0.03555688261985779
-0.00622536102309823
-0.043597184121608734
-0.01159299723803997
-0.013009787537157536
-0.008730337955057621
-0.003072781255468726
-0.00032729512895457447
-0.007103899959474802
-0.00012146688823122531
-0.0180689487606287
-3.382405996322632
-6.41325386823155e-05
-2.658331868587993e-05
-0.011499549262225628
-0.009946308098733425
-0.004307278897613287
-0.04531475529074669
-0.00014530557382386178
-0.0093983830884099
-0.0029233836103230715
-0.001794158248230815
-0.00011145447206217796
-0.0009323778795078397
-0.012325193732976913
-0.003930463455617428
-0.0015936305280774832
-0.0016574229812249541
-0.015289131551980972
-0.00012134769349358976
-0.003535450901836157
-2.6702524337451905e-05
-0.0012154342839494348
-0.025316236540675163
-0.024974698200821877
-0.004612283315509558
-0.039918724447488785
-0.021385787054896355
-0.0005845506675541401
-6.210611172718927e-05
-0.0012809175532311201
-0.00043466180795803666
-0.0019759670831263065
-0.0001248043408850208
-4.184158387943171e-05
-6.48477507638745e-05
-6.747018051100895e-05
-0.00011455356434453279
-4.732496745418757e-05
-0.002098502591252327
-0.004818019922822714
-0.040834199637174606
-4.9470632802695036e-05
-5.829164365422912e-05
-0.0767587348818779
-0.05193490535020828
-5.006664650863968e-05
-4.827859811484814e-05
-0.014948612079024315
-0.0002317160106031224
-0.007703004404902458
-0.06509900093078613
-0.03464358299970627
-0.012665312737226486
-0.00011586471373448148
-1.0474597215652466
-9.727005090098828e-05
-0.00015186110977083445
-0.00136461085639894
-0.0072426144033670425
-0.0002379134384682402
-0.01943778432905674
-0.0016795588890090585
-0.06503041088581085
-0.0017488199518993497
-0.0010209829779341817
-0.00012146688823122531
-2.8013790142722428e-05
-0.022140933200716972
-0.0032150268089026213
-0.003164761932566762
-0.0013810392701998353
-0.0011699505848810077
-0.0034890035167336464
-0.003948868252336979
-0.00012146688823122531
-2.658331868587993e-05
-0.0014627005439251661
-0.00012146688823122531
-1.7069753408432007
-0.009149528108537197
-0.048035070300102234
-0.00014518637908622622
-0.00016544880054425448
-0.08473961800336838
-0.0013574680779129267
-0.002833639271557331
-1.7179300785064697
-0.00011491115583339706
-0.00046302087139338255
-0.014963175170123577
-0.003812308656051755
-0.0001787979417713359
-0.0023265217896550894
-0.000382707774406299
-0.0012542485492303967
-0.0002673506969586015
-0.6600695848464966
-0.0030015914235264063
-0.006594561971724033
-0.0015304292319342494
-0.00220567942596972
-0.03359147906303406
-0.10688525438308716
-3.611976353568025e-05
-0.00030071981018409133
-3.373566141817719e-05
-0.00010799778101500124
-0.020099418237805367
-0.001490316353738308
-0.008719347417354584
-0.020071377977728844
-0.009028444066643715
-0.003535450901836157
-0.00012134769349358976
-0.000952386180870235
-0.006463100668042898
-0.00012146688823122531
-1.6615235805511475
-0.08407075703144073
-0.6600694060325623
-7.271502545336261e-05
-0.00012134769349358976
-0.00014757021563127637
-0.001479246304370463
-0.009346893057227135
-0.0005839549703523517
-0.0009354744106531143
-0.00580032030120492
-0.012296579778194427
-0.007816797122359276
-0.0024995533749461174
-0.048702239990234375
-6.294052582234144e-05
-0.02137785218656063
-0.02389746718108654
-0.1733016073703766
-0.05387952923774719
-0.1361725777387619
-2.5033637939486653e-05
-0.017173394560813904
-0.03958488628268242
-0.0001618731184862554
-0.026572931557893753
-0.08594147115945816
-0.017124295234680176
-0.0040494357235729694
-0.0037899825256317854
-6.747018051100895e-05
-0.00017033556650858372
-0.0004981707315891981
-0.00012134769349358976
-2.658331868587993e-05
-0.0004456242313608527
-2.0146166207268834e-05
-0.0007191693875938654
-0.3798178434371948
-0.02719668485224247
-0.07077133655548096
-0.10341944545507431
-0.0021585754584521055
-0.003921201918274164
-0.0015750633319839835
-0.002518816851079464
-5.5549986427649856e-05
-2.992108420585282e-05
-5.531158240046352e-05
-0.0001811817055568099
-0.00012134769349358976
-2.6702524337451905e-05
-0.010773707181215286
-0.16342605650424957
-4.9828242481453344e-05
-0.00011908298620255664
-2.6702524337451905e-05
-3.1470757676288486e-05
-0.00038235029205679893
-0.0012546057114377618
-0.00026723151677288115
-0.05123896896839142
-2.1815061700181104e-05
-0.009660636074841022
-0.0015887507470324636
-4.792098479811102e-05
-0.0002343380037928
-7.259582343976945e-05
-0.019445033743977547
-0.24242889881134033
-0.6154968738555908
-0.17640356719493866
-0.0016976482002064586
-0.00013934595335740596
-0.0001399419124936685
-0.00010847456724150106
-0.08026313036680222
-0.00012146688823122531
-0.006830083206295967
-7.497983460780233e-05
-0.00013386306818574667
-0.4618138074874878
-0.03053014725446701
-0.014832339249551296
-0.10453657060861588
-0.02821427769958973
-0.003500407561659813
-2.9444261599564925e-05
-0.0020231986418366432
-0.015314959920942783
-0.0051140920259058475
-0.24739104509353638
-0.005381027702242136
-0.00012134769349358976
-0.0007783720502629876
-3.421248038648628e-05
-0.0010397987207397819
-1.847726889536716e-05
-0.012722400017082691
-0.03434622287750244
-0.007566956337541342
-0.004559122025966644
-0.00830021407455206
-0.030670853331685066
-0.0012160295154899359
-0.00016151554882526398
-0.027063842862844467
-0.5229625105857849
-0.18193289637565613
-0.002776222536340356
-5.936446541454643e-05
-0.0442379005253315
-3.306769609451294
-0.000164018536452204
-0.0009916870621964335
-0.0002811751910485327
-0.0019142176024615765
-0.04353909566998482
-0.007476089987903833
-0.00012134769349358976
-0.0004680253332480788
-0.0008434075862169266
-0.002385629341006279
-0.0012447236804291606
-0.0035493490286171436
-0.029645919799804688
-0.00019012074335478246
-0.027181951329112053
-0.01790514774620533
-0.0008781867218203843
-0.01680620387196541
-0.0008289953111670911
-0.02238704264163971
-0.00020346954988781363
-2.0861407392658293e-05
-0.00021419614495243877
-0.0028276958037167788
-0.00021514961554203182
-0.1277264654636383
-0.032142966985702515
-0.00012134769349358976
-4.2914423829643056e-05
-0.1895887553691864
-0.0016156489728018641
-0.00391217740252614
-0.004246147815138102
-0.0012326984433457255
-0.005328026134520769
-0.0001311216183239594
-0.00010918975021922961
-0.027074284851551056
-2.169585604860913e-05
-0.0014478211523965001
-0.07538042217493057
-0.00011407678539399058
-0.0022019920870661736
-0.00012134769349358976
-0.009325280785560608
-0.00012134769349358976
-0.002901156432926655
-0.0003672163875307888
-0.0035355696454644203
-0.018577391281723976
-0.007936017587780952
-0.033740974962711334
-0.018577391281723976
-0.018577508628368378
-0.018577508628368378
-0.01857762597501278
-0.0011453027836978436
-0.0011141052236780524
-6.747018051100895e-05
-0.013441772200167179
-0.01240596640855074
-0.07347919046878815
-0.0009054613183252513
-0.25512760877609253
-0.00012134769349358976
-6.031808152329177e-05
-0.007108279503881931
-0.0007838514284230769
-0.04226161539554596
-0.00022671037004329264
-0.0023762343917042017
-0.005458332132548094
-0.0008892634068615735
-0.028322167694568634
-0.0004401430196594447
-0.02098686993122101
-0.0017135950038209558
-0.0006180283380672336
-0.0005907459417358041
-0.19230012595653534
-0.003535450901836157
-0.00012146688823122531
-0.028022225946187973
-0.0004401430196594447
-0.003535450901836157
-0.003601732663810253
-8.332382276421413e-05
-0.0004285847535356879
-0.01651803031563759
-0.0007164295529946685
-0.04771449789404869
-0.045549988746643066
-0.0021401375997811556
-0.0003570872650016099
-0.026043452322483063
-0.008936764672398567
-0.0007150000892579556
-0.005641965661197901
-0.009606089442968369
-7.629103492945433e-05
-0.0007591941393911839
-0.0026208360213786364
-0.0001752223033690825
-0.0038737035356462
-0.0450974702835083
-0.017593512311577797
-0.002046635141596198
-0.00200571003369987
-0.004987536929547787
-0.0014779369812458754
-0.0013081812066957355
-3.099393507000059e-05
-0.00012146688823122531
-1.8627772331237793
-0.003581420984119177
-0.03609388321638107
-0.02956467680633068
-0.00043156370520591736
-1.661523461341858
-0.822284996509552
-0.0019193338230252266
-0.0001711698860162869
-0.007829926908016205
-5.674201020156033e-05
-0.09062080085277557
-0.0008698494057171047
-0.00013815402053296566
-7.974783511599526e-05
-0.007886935956776142
-0.026239832863211632
-0.0002787916746456176
-0.009780935011804104
-0.00010191874753218144
-0.0001858300092862919
-0.0033002218697220087
-0.00013600854435935616
-0.00015901254664640874
-0.00012134769349358976
-0.0003455280384514481
-0.6600695252418518
-0.3595612347126007
-3.528532761265524e-05
-0.6600695252418518
-0.6600696444511414
-1.17661452293396
-0.0046380325220525265
-9.369411418447271e-05
-7.962863310240209e-05
-0.00012373158824630082
-0.002824010793119669
-7.855583680793643e-05
-0.003411190351471305
-0.6600695848464966
-5.447716102935374e-05
-0.00011884459672728553
-8.49926145747304e-05
-0.15809525549411774
-0.004748971201479435
-0.6600696444511414
-0.6600695848464966
-0.010662608779966831
-0.004556392319500446
-0.00011073929636040702
-0.00012146688823122531
-2.658331868587993e-05
-2.1219027985353023e-05
-0.22452589869499207
-1.6615235805511475
-0.6600696444511414
-0.003360578790307045
-0.6600696444511414
-0.0032289293594658375
-0.015030699782073498
-0.0035353321582078934
-6.186770770000294e-05
-0.003649837803095579
-0.0048251380212605
-0.00010585224663373083
-0.00012134769349358976
-2.5987286790041253e-05
-0.020309003069996834
-0.008730337955057621
-0.00012146688823122531
-2.658331868587993e-05
-0.03789037838578224
-1.1766142845153809
-8.415821503149346e-05
-3.421248038648628e-05
-1.8715683836489916e-05
-7.795983401592821e-05
-0.009624980390071869
-0.006880282424390316
-0.022882577031850815
-0.6600696444511414
-0.0002992897352669388
-0.0007862337515689433
-0.0015150746330618858
-8.463501580990851e-05
-0.0006332775810733438
-0.00016675988445058465
-0.0013088955311104655
-0.016468077898025513
-0.0006052807439118624
-0.000144709600135684
-0.05842819809913635
-0.003756491933017969
-0.015796877443790436
-0.006880282424390316
-0.00031883400515653193
-6.842378934379667e-05
-0.00012134769349358976
-2.6702524337451905e-05
-1.1205610462639015e-05
-0.05693383142352104
-0.005886717699468136
-0.0002548369811847806
-0.021097995340824127
-1.1766144037246704
-0.6600694060325623
-0.06554824858903885
-0.003459066851064563
-0.6600694060325623
-0.6600694060325623
-0.6600695848464966
-0.02253822237253189
-0.00656791590154171
-0.004255762789398432
-2.658331868587993e-05
-0.00011729506513802335
-0.007509810850024223
-0.00012599628826137632
-9.738924563862383e-05
-0.0016690860502421856
-0.004889436531811953
-0.00012146688823122531
-2.658331868587993e-05
-0.0009947833605110645
-0.00343542592599988
-0.012722517363727093
-0.0031585826072841883
-0.36623358726501465
-0.0006231511943042278
-0.0032903600949794054
-0.0029836446046829224
-0.021517284214496613
-0.0032778840977698565
-0.004101318307220936
-0.009604318998754025
-0.021150633692741394
-0.006629733834415674
-0.02024989388883114
-0.0067205592058598995
-0.011541973799467087
-0.12875284254550934
-1.4728527069091797
-7.56950321374461e-05
-0.27860918641090393
-1.4728527069091797
-0.15737655758857727
-0.0023267597425729036
-0.00038246947224251926
-0.000556314189452678
-0.0002673506969586015
-0.00380589603446424
-0.010408877395093441
-0.06157246232032776
-0.0011093420907855034
-0.047728024423122406
-0.0014986485475674272
-0.0003066784702241421
-0.0008954567601904273
-0.00016318420239258558
-0.003520245896652341
-0.010027863085269928
-0.01903703808784485
-0.03499380871653557
-0.017991092056035995
-0.15737716853618622
-0.03263542428612709
-1.4943054914474487
-0.00012134769349358976
-0.000745137978810817
-0.004754310008138418
-1.054140567779541
-1.4943054914474487
-0.00012134769349358976
-0.000745137978810817
-1.054140567779541
-0.004754547495394945
-1.8982521295547485
-0.00012146688823122531
-7.807903602952138e-05
-0.000507464399561286
-0.02403969131410122
-2.5074527263641357
-0.03521168977022171
-0.005395018961280584
-0.028716547414660454
-1.697535753250122
-0.00027223696815781295
-1.17661452293396
-0.013706376776099205
-4.850870132446289
-1.6615238189697266
-1.661523461341858
-1.661523461341858
-0.6600696444511414
-0.06388188898563385
-1.17661452293396
-3.155320882797241
-0.03951109200716019
