-0.3055812492966652
-0.3594083036336863
-0.370696046257702
-0.04270421372105678
-0.016902544935874175
-0.7417721775668075
-0.5928662419319153
-0.42199380695819855
-0.6893833933087686
-0.6038405116087233
-2.1926873883401807
-0.6038406258511018
-0.467164220781342
-0.03955692797899246
-0.0027415044023655355
-0.35106923151761293
-0.0427041407674551
-0.23648357152220947
-0.016902574723644648
-0.12834076094441116
-0.37215358188041137
-2.6664161682128906
-2.572107881307602
-1.8582297787070274
-0.5113760111174391
-1.7217223569750786
-0.7353947281685228
-1.2400364875793457
-0.5113760460808408
-1.470570620894432
-0.008133869866959196
-1.710065308167638
-1.1099004871677607
-0.0038636844023130835
-0.8193052324859309
-1.525504857301712
-0.675491902558133
-1.4878285707285006
-0.29137219680872345
-0.01690260359464446
-0.5015518691390752
-1.076683808532026
-0.05076771257445216
-0.11204456289609273
-1.1360027622431517
-0.768668542150408
-1.386387632228434
-0.5425409080081198
-0.7177224455434563
-0.26789912024313317
-0.8927251112812277
-1.812339589072876
-0.5016457540293534
-0.9258854991445938
-0.22490819096856285
-0.12058316320180892
-0.43843120208085956
-0.016902515148103703
-0.25430460543915007
-0.5710520834237447
-2.0737974724421897
-0.8067662905400189
-0.34808509239727364
-0.009857781910341146
-0.18015530832053628
-1.2380775301717222
-1.2787674277205952
-3.019649714231491
-0.950391640572343
-0.49511329929093617
-0.48099628260307425
-0.3093889371181528
-1.8792893091837566
-1.486809251899831
-0.016902516064874362
-0.22529757338634226
-0.16439564949865193
-0.3823825144500006
-0.3197895811870694
-0.6550314989096174
-3.1254042476415633
-1.2969470353314787
-0.18440631058911094
-0.4722019826445391
-1.3478412709082477
-0.3407125579348455
-0.7062924908997956
-0.19166558701545
-0.2512861521099694
-0.7964046202992904
-0.4655786962248385
-0.5338682573443899
-0.8508225931436755
-0.3620473848345379
-0.38393478960330996
-2.299460232257843
-0.10332143498591315
-0.8051067090261009
-2.3368615760867084
-0.15604888531379402
-0.016902516064874362
-1.2662861879645406
-0.7322100705641787
-0.00465049192799987
-0.7723525438457728
-0.5421162664541044
-0.5660298540907596
-0.9941515677242673
-1.0492297618683162
-1.7100653468975604
-1.109900403744541
-0.002851050622767717
-0.5968789005892177
-0.2628052331367346
-0.645452257245779
-1.0150452945381403
-0.016902544935874175
-0.7561782064537207
-1.1942594463471323
-0.7138035598285829
-0.9140853266580962
-0.9750696755945683
-0.8263854939663172
-0.016944450005151643
-2.282312288880348
-0.7452132808310645
-0.5511277144842703
-0.4455687495424172
-0.03836411392937104
-1.1251365703397564
-0.29423581436276436
-0.7971184659335349
-0.9168467332298557
-0.2590883326095839
-0.4676379332252379
-1.9807217049561183
-0.1649943740689665
-1.7100652889154542
-0.028904207376763226
-0.0038635892095044257
-0.7966025806438211
-3.230435609817505
-0.040468276510134606
-2.848021065350622
-0.5345196204862612
-0.7138131643449398
-0.016902516064874362
-0.1517694096629774
-0.667289246195772
-0.5185729094810085
-0.3736210484057665
-1.11130291512236
-1.1424139653798193
-0.8918592459406985
-0.5066388469383257
-0.016902516064874362
-0.0627153055742383
-0.057188008145506807
-0.04436567102311528
-0.5405643377876417
-0.16887877830595244
-0.35033855063957164
-0.0690435688949427
-0.6329199679661542
-0.08902364173118257
-0.5930414721369743
-0.46604008696158417
-0.6235023983993516
-1.3376983489309038
-0.016902574723644648
-1.4586744624539278
-1.7918468544725328
-0.011917108514656624
-0.8632067685985021
-0.5928662568330765
-1.1113028437830508
-1.2659060843288898
-1.6471036532893777
-0.748927246730697
-0.2862808763049543
-1.8289090394973755
-0.5127203753218055
-0.8333890464709839
-0.7229545004665852
-0.39454968956332387
-1.133023925125599
-0.25944410916417837
-0.7231826583544413
-0.8873129526909906
-0.5706057572471244
-1.908040401602193
-2.4058081631859145
-0.782425919771317
-0.7443061593700858
-0.4711135255379809
-0.3237426312640309
-0.016902546769415494
-0.972343655928853
-0.41117360003824743
-1.0419080608407967
-0.37201768190910417
-0.23126041917434617
-0.011917225861301025
-0.8032375832221338
-1.0709885797606638
-0.0459266587968159
-0.2091096124301354
-0.006038712487224984
-0.9545124985277653
-0.7822393440961605
-0.4172193331643939
-0.3710697086487926
-0.8830688807007391
-0.1844742247750136
-0.2984905214315014
-0.962502603768371
-1.2454161593757038
-0.305581271648407
-0.30838910553138704
-0.016902546769415494
-0.9761549749722084
-0.01820505094656255
-0.004650390008464456
-0.3200524358959656
-0.053093284484930336
-1.416398203582503
-0.6509347669780254
-2.485856496163511
-0.8913021608022973
-0.5742889643491557
-0.6205968492819617
-0.1251270862921956
-0.26760700282951194
-0.4362139448390475
-0.5842641263401934
-0.4826253410946164
-3.922170728445053
-2.114861848647706
-0.1379706006652365
-0.17619387730956076
-0.9006258845979841
-0.23275649426588124
-0.7022663341569049
-3.3202993869781494
-2.4858566919823977
-1.146332399919629
-0.6420543348416686
-0.34064898267388344
-0.12340003969188729
-0.7166180313986062
-0.3541242970063847
-0.016902516064874362
-1.1013409719107585
-2.6664161682128906
-0.36384470832854277
-0.5149512132629752
-0.4904195085982792
-0.10303827301363021
-0.33208369025760476
-0.004650390008464456
-0.5683044694960699
-0.7109647616744041
-1.56178717315197
-2.666416049003601
-0.5698398640524829
-0.30607658717781305
-0.016902544935874175
-0.6770298280052057
-0.21053826808929443
-0.34669268131256104
-0.3486091196537018
-0.34669217467308044
-0.20055020179521912
-0.613447327928787
-0.34669268131256104
-0.34669217467308044
-0.35409259314959246
-1.2297941719492276
-0.983403172188749
-0.5440334719772052
-0.7582583837211132
-0.20767521815529713
-0.3600391047017183
-0.49552299878338263
-0.5030927631471839
-0.32998454570770264
-0.3822396717732772
-0.8092079764835283
-0.11006921267835423
-0.31612134724855423
-0.5930415317416191
-0.3088640874429984
-0.13671356852565247
-0.3721408884092752
-0.2692251558182761
-0.2988418309084539
-0.016902574723644648
-0.010682866572876395
-0.5007451593592123
-0.11823200378125033
-0.3984242081642151
-1.55409336037701
-0.5676542806904763
-0.5989263425248542
-0.33421073920006167
-0.6302952900795
-0.21003484956014518
-0.6339612126519735
-0.8712588734924793
-0.0973255130617569
-0.7575844757791076
-0.4931596131063998
-0.19034617766737938
-0.5135799512439311
-1.4871926993364468
-0.016902544935874175
-0.8331761468604478
-0.714235899304705
-0.1187784465930789
-0.43066606763750315
-0.6883126821681799
-0.8332201630497972
-0.19166542310267687
-8.3582763671875
-0.5252593234181404
-0.1462344042956829
-0.3984241187572479
-0.5243342173853307
-1.1320374844945036
-0.12811858083919755
-0.4200654450188657
-0.20926496541748443
-0.7477500189270359
-0.016902516064874362
-0.2913521287912524
-0.2847659647046715
-0.004650424621234249
-0.6722243004478514
-0.9962602218147367
-0.17897582054138184
-0.6178041886630714
-0.7815776534110267
-1.558193862438202
-4.876460591952006
-0.48141859471797943
-0.6848331056535244
-0.0320919131685514
-0.03554475385863043
-0.004650322487577796
-0.9274479553059791
-0.5930413529276848
-0.5217535546722338
-0.5897303662495688
-1.533549470028707
-0.6331583162148794
-0.016902516064874362
-0.025288815920551617
-1.6471033543348312
-1.1552377843431063
-1.4611609646429617
-0.19207304604721934
-0.402030918679777
-0.7524622134001938
-1.6834064941355673
-0.7298828652953182
-0.13263299949467183
-0.31094535233245957
-0.8470387440341126
-0.9258855984856685
-0.6278523590216147
-0.016902516064874362
-0.8958730211847329
-1.0974953952536453
-1.0681428352370859
-1.1729655310129081
-1.375872014489557
-1.0463854856789112
-0.6416099372457851
-1.111672819661908
-1.2082024621928145
-1.0956635102629662
-1.2099948977861046
-1.6063160943033705
-1.6121462765615433
-0.8807872289067341
-0.29637144144918937
-0.38074934772573343
-1.999864099048344
-0.9258854991445938
-0.39470267748110927
-0.19529629485441546
-0.885721824457869
-0.6118298962426794
-0.33319469668245544
-0.5106205814518034
-0.22545504821464418
-1.1420750229619443
-0.6754919916391373
-0.9258856431891521
-0.8429565147807201
-1.3280556692209626
-0.7109647914767265
-0.18391248794893425
-0.8796143928358849
-0.9258855450898409
-0.016902544935874175
-0.030463425869432587
-1.0424565828205752
-0.7935570448171347
-2.66641628742218
-0.49927247585098183
-0.5005326962564141
-1.2229128821830575
-1.8879614602774382
-0.4319316864712164
-0.2203780008621834
-0.22138123152156672
-1.2151712883884709
-0.8696684282539147
-1.131358299936567
-0.22288547436931236
-0.016902515148103703
-0.0812714584171772
-0.9590529437700752
-0.4085922252270393
-0.7891235324172562
-0.8569693018715563
-0.025707916356623173
-0.2453934773470142
-0.7076715130824596
-0.5040946437511593
-0.5402127128366953
-0.16004463036855063
-0.14757772830004492
-1.0073819076642394
-0.1868239622895739
-0.002443964879993083
-0.006054099479479191
-0.37181618543238276
-0.2159886484805611
-0.002443981915088703
-0.36480063706139015
-0.05695463098943167
-0.5239334622013342
-0.016902544935874175
-0.7148723009216026
-1.1660382766276598
-0.4494739201784666
-2.227239573902625
-1.4878282931943734
-0.7856615626862129
-1.4878285278876622
-0.676653858833015
-1.6378812309380413
-0.2727991501596989
-1.148672915143834
-1.4878285688658555
-1.1929619163274765
-1.525505006313324
-3.776622336692526
-0.38549335662569123
-0.01690260359464446
-0.29205474247373786
-1.2626912593841553
-0.4598277488315944
-0.7327260049642064
-2.186404228210449
-0.1354896416887641
-0.34756584946687025
-0.377201578754466
-0.34452752897923344
-0.016902516064874362
-0.3991305659292266
-0.8230613357472976
-0.5351152790303518
-1.3738503659313375
-1.484318686820748
-0.3785446405721207
-0.004079055979673285
-0.0040790859566186555
-0.002443964879993083
-2.6664161682128906
-1.5255049467086792
-0.3366428038018057
-0.930789929918117
-0.6013137423233719
-1.1199188920028973
-0.9228699101500255
-0.27878188228825584
-0.7814811013209132
-2.3317702756444656
-4.755206108093262
-4.755206108093262
-0.7582587227225304
-0.016902544935874175
-1.04905037601046
-0.6496168395595825
-0.016902516064874362
-0.5023043860149171
-0.5100455656647682
-0.016902574723644648
-0.3679986363276839
-0.23724609937198693
-0.3932437324494293
-0.45355345553252846
-0.332969647521774
-0.15360847092233598
-0.3615225200465786
-0.016902574723644648
-0.46302779661370247
-0.4897313360023596
-0.18283163986846127
-1.487828491255641
-0.3109975070564542
-0.016902516064874362
-1.344232274685055
-0.466022791294381
-0.3307439232270958
-1.6174298559005063
-0.16018013367429376
-2.7195223284264407
-0.23321009046426866
-1.7090777237899601
-0.3840897914556348
-0.42190636344325455
-0.23414098377831935
-0.7699681205974359
-1.3027076607802883
-0.6125119941380734
-0.8933613423723727
-1.558193862438202
-0.23909909956378353
-0.528306623051564
-0.908655533567071
-0.3196445521181204
-0.016902546769415494
-0.9627408449887298
-1.5442553994556267
-0.49632321670651436
-1.6471036532893777
-0.6134279321728778
-0.7677292372765285
-0.22961463302602747
-0.4887895483324038
-0.6574481135758106
-0.22359237524394232
-0.2905308515187893
-0.8013257215492818
-0.9629187597044316
-0.12236918146492307
-0.17056040780860712
-1.1670641424134374
-0.016902516064874362
-0.21375051499159203
-0.34669217467308044
-0.18497371721582567
-0.15879023040791876
-0.4273701703288616
-0.48257304634241716
-0.4216223573758826
-1.0771507630971344
-0.5330313599843066
-0.9009627599575238
-0.8856484545006728
-0.12256001244939398
-0.5879666182445362
-0.11041601158940466
-0.5784298556041344
-0.3984241187572479
-0.4306319449096918
-0.04270421372105678
-0.9362559290714741
-0.016902516064874362
-0.12042647250927985
-2.332785185645844
-0.9287373474158812
-0.8172044281123413
-0.1354897702112794
-0.2743163529667072
-1.1480631344020367
-1.4394133649766445
-0.7134738227080865
-0.9102107621729374
-0.3441929747350514
-0.00605407645325613
-0.08250909475221609
-1.2651053667068481
-0.2697690986096859
-0.5251464995866021
-0.016902574723644648
-0.7645141656976193
-0.28163325204513967
-0.615034157770144
-1.3309199673240073
-0.6153971138389481
-0.19849287992110476
-1.8999703157460317
-2.583910390113791
-1.2810943610966206
-1.1420573532567897
-1.5581937432289124
-1.1422209777714063
-0.08011568989604712
-1.0274852603673934
-2.134917692591747
-0.19784292253685776
-0.1445559718995355
-0.9262991182133555
-0.3771126852720045
-0.5040592546574771
-1.1412207637913525
-0.016902515148103703
-0.8733145236488781
-0.16904649196658283
-0.41505486095547894
-0.5516602263253715
-0.7949384992010892
-0.662930853664875
-0.42535594664514065
-0.20688719054063162
-0.24605165386456065
-0.6796727194148978
-0.2874753624200821
-0.8640183326455632
-1.4133963026106358
-1.3969876210814198
-0.5444127008512754
-0.062117036538741864
-0.5830012567110114
-0.18682946621265728
-0.02528854537134369
-0.13251143135130405
-0.1689286170685254
-0.002675013110395715
-0.678434804441746
-0.5117145263212995
-0.016902544935874175
-0.5301790918957623
-1.145002502918942
-0.2167130425805226
-1.4219171917065978
-0.313511052292169
-0.016902544935874175
-0.22079542280906544
-0.460561288925349
-0.006054158037113666
-0.34669217467308044
-0.08673664927482605
-0.26191847113659605
-0.5060206824735574
-0.3252491512103006
-0.10062703685657147
-0.9931993479985977
-0.09844307601451874
-0.1903461329638958
-0.9456928974771137
-0.35431113197131814
-1.0726524578934582
-0.6368882056189856
-1.0586268570540207
-0.9136750122207948
-0.016902574723644648
-0.5591703086640336
-5.933538198471069
-0.18149607198446413
-0.5988199388484645
-1.1516207639748852
-1.4761532727085676
-0.7254657418161514
-0.4502925168101986
-2.2531255094800144
-1.23375907512805
-1.9338600066091334
-0.8940733986673877
-0.08882430702422946
-0.14889264851808548
-0.6054587355836041
-0.26669651856926585
-0.3839541319352777
-0.3519415995951396
-0.17541120871464955
-0.6487169393803924
-0.8867882937192917
-2.3359241485595703
-0.34669217467308044
-2.049038887023926
-1.2057584808469444
-0.5607871658700917
-1.4095874178610757
-0.32998454570770264
-0.3299846351146698
-1.4772404322740234
-0.7879625321656931
-0.34669268131256104
-1.0247263709704082
-0.5536534244666445
-0.3503938651795449
-0.34669259190559387
-0.46388926626079613
-0.6950388341634111
-0.016902546769415494
-0.39937302612815984
-0.8125634471006278
-1.1317638137510844
-4.171606779098511
-4.475009918212891
-0.6115991186579777
-0.7391501323824438
-0.0557578532025218
-1.558193564414978
-1.0556168997912512
-0.10180003013341445
-0.016902546769415494
-0.6495954107522266
-0.19166558701545
-0.8603339735356992
-0.5736245231399979
-0.18223237536835768
-0.7182525818546613
-2.3359241485595703
-1.7126837958182608
-0.38111655013635753
-0.9337900214988621
-0.6192066145173157
-0.34669217467308044
-0.5114342801195259
-0.4844349006016273
-0.17929995071800045
-0.9723185008125645
-0.2682780309026028
-1.2183672659947271
-0.9567279517650604
-0.2786656947988804
-0.9258855966230234
-0.053468259051442146
-4.041748881340027
-0.7490042307264437
-1.1812173113492983
-0.5035302956869904
-0.5709164874178463
-0.8074103384141755
-3.081631362438202
-1.563786726735998
-0.6705594568823775
-2.6186606027185917
-0.0962771326303482
-0.406505845141914
-0.5097937459358945
-0.9258855190128088
-0.46645232956507243
-0.4181910124219333
-0.016902574723644648
-1.0729603605723241
-1.5581938028335571
-0.0024439311257862884
-0.05309334781486541
-3.763150542974472
-0.5871327666735108
-0.40634208951243117
-1.1219324033008888
-1.2606874704360962
-1.8897623558129584
-0.8167956604156643
-1.5214371977373957
-0.5734848464729593
-0.852789540484082
-0.016902544935874175
-1.3362329918891191
-0.4522786524734999
-0.46430066485252036
-1.558193564414978
-1.128739382066256
-1.450210194880548
-0.8395431725463519
-0.016902516064874362
-1.7732520693389233
-1.4878285707285006
-1.5581938028335571
-1.5581938028335571
-2.896883134386735
-2.9853708744049072
-0.6115989703976084
-1.1250107190571725
-1.558193862438202
-0.6338298145274166
-1.3127823388203979
-2.0249048868815103
-1.525505006313324
-0.12789924549204962
-0.7168215024139499
-0.016902516064874362
-0.9154431675851811
-2.207207036204636
-0.0060540876409504564
-0.5438446657777497
-0.004079145270225126
-0.17783717139508765
-0.0040790857601678
-1.558193862438202
-0.5676543400622904
-0.785968486132333
-0.03873699952964671
-0.3055812492966652
-0.29920935493091266
-0.3080803747579921
-0.47620314978121314
-3.7132900605599084
-0.016902515148103703
-0.28786110251920555
-0.6041257846324394
-0.3055813629180193
-0.049970002425771265
-0.22056304093766138
-0.17493727151304483
-1.8758534610581894
-0.016902516064874362
-0.03335347379652376
-0.8849157724263412
-0.38721361881206656
-0.4355494632701656
-0.29150179578077356
-1.1494098594412208
-0.4355862151585623
-1.8378053903579712
-0.5727486535221996
-0.3055813629180193
-0.31515555575857307
-0.668941532256378
-0.0809790026396513
-0.016902516064874362
-0.20124591943264628
-0.15540025720838457
-0.26710761315431836
-0.929180110959957
-0.5256779459305108
-0.20165512089927992
-0.3772015786380507
-0.7859122579161082
-0.7202313726102147
-0.6756711424750392
-0.1704649426198254
-0.04270421868811051
-0.011917108514656624
-0.016902515148103703
-0.046876639544886224
-0.7824339526807307
-0.8665756690378268
-0.019763806834816933
-0.20809506994971474
-0.6039666458964348
-0.016902574723644648
-0.7707032803446054
-0.43109058663249017
-1.4104179243246715
-1.2651052474975586
-1.299145641071456
-0.6324400156736374
-0.5448961780057289
-1.2645644793083193
-3.3671741485595703
-0.1949911064815145
-0.016902515148103703
-2.8759276440250687
-0.8509690823613911
-0.8047872090067428
-1.8966371768619865
-0.3186387503519654
-0.08402776879250139
-1.334196747578163
-1.6596222631633282
-2.1390985196921974
-0.5194819633466573
-0.6964853429235518
-0.24443536922335624
-1.647103475406766
-2.666416049003601
-1.1432184626658757
-0.016902574723644648
-0.3392868318672602
-0.24764381090644746
-0.47373907635183593
-0.6549427602953716
-0.8445897491066716
-1.2036407262619053
-1.2079291216117174
-0.2731434525921941
-1.532654569717124
-0.7812399837498863
-1.3225875641219318
-0.8116556139575545
-1.721834336950754
-0.7738928198814392
-1.1368383119503658
-1.4851084515452384
-1.1968564457363553
-2.041628106389544
-0.22522775834659114
-0.41144054705511646
-0.016902544935874175
-0.3075249493122101
-0.7680714705891564
-0.48354728594454677
-0.7451971275731921
-0.25083616827070826
-1.7640842330874875
-1.7126967841759324
-1.726833746369396
-0.5456389021904519
-0.03983534127473831
-0.18349964283406733
-0.46001876748050563
-1.8289090394973755
-0.03983553126454353
-0.18349963538348674
-0.46001883642748
-0.5327754033330295
-0.002443964879993083
-0.01323970780504169
-0.8215021195089017
-0.0066051831182938675
-1.7100652889154542
-0.028904207376763226
-0.0028510370466392487
-0.31555586859870416
-2.6664161682128906
-0.6887497305870056
-0.2693057920162876
-3.8985941807428994
-0.3442271465435624
-1.558193862438202
-1.1008672768679948
-1.0731131757378793
-0.5511943834135309
-0.016902515148103703
-0.6434836611151695
-0.6832207258363875
-0.5880188411198393
-0.3466922640800476
-0.5831489331344528
-0.887794496001637
-0.5932786786385501
-0.15942993994475627
-1.184122536861704
-0.43796539362047043
-0.8502742951257258
-0.8455263804115186
-1.171901510654217
-0.46196615267451435
-0.016902516064874362
-0.767664692441988
-0.037298157308618504
-0.3466927707195282
-0.7449242464693574
-0.07574063539505005
-1.348880640628421
-1.0009217526443535
-1.5635944418609142
-0.3391689610046645
-0.8545107441022992
-0.09099303464741378
-1.2302235402166843
-0.016902574723644648
-0.2461800350647536
-0.6883935102854263
-0.6788843135582283
-0.6788842732474829
-0.26123277072474593
-0.9729480611422332
-0.40193363912403585
-0.5486106437971242
-0.8828869432381907
-0.7350489204633049
-0.023000978093948885
-0.0032107151035399347
-0.26319567120247356
-0.0019166633301210823
-0.1354896416887641
-0.4960110797546804
-0.016902574723644648
-0.011917421749482552
-0.3987235339079052
-1.647103300318122
-1.3146242493107407
-0.8039154134137789
-1.5520366231600444
-0.7558492232114077
-1.8370502193768818
-0.8117509715428407
-0.2630418319744861
-0.8169114341338476
-0.016902516064874362
-2.118494872673182
-0.9632261450005899
-0.2741640895619639
-0.5520570683991537
-0.1354897003620863
-0.4350975912870622
-0.08183531015492918
-0.3527112178504467
-0.3055813070386648
-0.5070890810408551
-0.17087145801633596
-0.10402138321660459
-0.13548958394676447
-0.016902546769415494
-0.4627069901674986
-0.09354282971980865
-0.49224981893267894
-1.412262168712914
-0.6377995534884658
-0.8547710132386003
-0.004650491924881602
-0.21135295101435317
-0.35106923151761293
-0.13548958394676447
-0.18161741162677775
-1.4088771461642213
-0.016902515148103703
-1.7693185539295275
-0.9420877550211217
-0.2574419111479074
-0.49358493151764077
-0.9513505781734628
-1.5533793041482569
-0.21096624480560422
-0.43282866650926216
-1.5085257946746424
-0.5148005851660855
-0.7857902497053146
-0.6657365280203521
-0.9360208150132426
-0.5802362409627272
-0.10569417978903013
-0.6005603501286644
-0.2516813468570035
-1.8635158647990062
-1.083405883173691
-2.0661367222847833
-0.6005603501286644
-0.2516813468570035
-1.8635158647990062
-1.5581937432289124
-2.666416049003601
-0.7298626560851699
-2.66641628742218
-0.4152726450670541
-0.25830241659423336
-0.1904044797577496
-0.35388784806451035
-0.6613089279105354
-0.01690260359464446
-0.8124971443825676
-1.3434284969232977
-0.78639655804323
-0.9134776830673218
-0.539490540020779
-0.9553588864703974
-0.2278834069147706
-0.5793484154689524
-0.8902286995495766
-0.13593149243994654
-1.6471033543348312
-3.2824387550354004
-0.3937222467308554
-0.7221721459857442
-2.2514084155360856
-0.06080690771341324
-0.9894102034159005
-1.647103300318122
-0.15578842163085938
-0.04270410196234783
-0.2436363011786996
-0.733753575814522
-0.01690260359464446
-1.476265364792198
-1.720244617247954
-4.356920730943481
-1.3322840322636895
-0.8909622216597199
-1.7407701952382921
-2.650298905958022
-1.558193564414978
-2.5721077919006348
-2.666416049003601
-0.055788930505514145
-0.3356584672408644
-0.33873692144237566
-0.016902546769415494
-0.004650390008464456
-0.6928739567738376
-0.3333094393922787
-0.6206252882257104
-0.8065847011981532
-0.004650390008464456
-0.7642821613699198
-0.8961280445634786
-0.6914817810873501
-0.4495299627373103
-0.7801926891234788
-0.6495704973737398
-0.22510681514656675
-0.4853696076516987
-0.14480339855654165
-0.8883095670284497
-0.7442424265401704
-0.46001529844872446
-1.1448739359155298
-0.5708771172741597
-0.016902574723644648
-0.15839147041260732
-0.9730992772217307
-1.1751886223986123
-0.3540158271789551
-1.640408919710252
-1.5608988523483276
-0.7157128900289536
-4.145720575004816
-0.13548958394676447
-0.15561984168986479
-0.5677517242729664
-0.8175310733994203
-0.41902635898441076
-0.33042664965614676
-1.7927793454792764
-0.3055813070386648
-0.053786483407020566
-0.5262887095985934
-0.40989193959500303
-0.1767212354655688
-0.5748072303831577
-0.8228666431990254
-1.7100653468975604
-1.109900403744541
-0.002851050622767717
-0.4289970116268915
-1.0022287811799389
-0.5492666196854165
-0.7299128019561371
-1.025475720299356
-0.8526479801671072
-0.3671990911145538
-0.7518714557513233
-1.5813313762191683
-0.01690260359464446
-0.9449172227177769
-0.7382061743740148
-3.3264469474554064
-0.9372929775983923
-0.8012129827402532
-0.5295809093862772
-1.4727439559064806
-0.5996009252433266
-1.3478730022907257
-1.5737582672387362
-1.0726870858226902
-0.8697378896176815
-0.3412593128159642
-0.5413033126062468
-0.3430826454423368
-0.3122928036864323
-0.13304116546642036
-0.38597926787602216
-0.04288717827156771
-0.016902544935874175
-0.11619911133958441
-0.9012680119883857
-0.4734205606703957
-0.5330312795354984
-0.39011853584088385
-0.0015026113189287572
-0.6950966119766235
-0.004650424302131536
-0.47666403162293136
-0.2780641657965524
-0.1354897702112794
-0.5456031349021941
-2.6790906420598426
-0.17594724870286882
-1.1093656457960606
-1.200342735896508
-0.04696360641779999
-0.13548958394676447
-0.6159796255330244
-0.06613282735149066
-0.44499248230399996
-0.41200712721823063
-0.23392639053054154
-0.44401351035210407
-1.7130129645742915
-1.7825511702879642
-0.02559295843821019
-0.016902516064874362
-0.5703590050339699
-0.780730128288269
-0.019763924181461334
-0.019764039665460587
-0.310861053395579
-5.30129761248827
-0.8283741431776435
-1.4097172419230144
-0.3654947829490993
-1.179513902751205
-0.11171673533681314
-0.7807302474975586
-3.0261420806248984
-0.05076779024675489
-0.3611327816132813
-0.44144172966480255
-0.37936157565563916
-0.1660611999021577
-0.016902574723644648
-1.558193862438202
-1.3847097903490067
-0.6020432608143892
-2.084432699266472
-0.5592716722749174
-0.11311877304979134
-1.2325677387416363
-0.2992009455920197
-1.268403520911566
-0.7297202765941619
-0.9037405865266919
-1.2560449820011854
-0.3785122257540934
-0.3194685040248765
-0.016902516064874362
-0.04857280829475547
-1.6366218778474086
-0.004650424621234249
-0.34669259190559387
-0.398424357175827
-2.1198047591107234
-0.7245500034963092
-1.5829200691410474
-0.6531649553216994
-0.3169813330362861
-1.1872242581099273
-2.3112688064575195
-1.3528840392827988
-1.7575241701561026
-0.19166549760848284
-0.3984241187572479
-0.305581271648407
-0.04145665188989369
-0.5871462679980837
-0.016902516064874362
-0.6265903994557448
-0.6424786911035577
-0.03335347379652376
-0.03526330107028612
-0.004650491924881602
-0.44488253429881297
-0.8596700864533583
-1.4731752251585324
-0.30634419957593007
-0.7504399106604979
-0.23287006618777792
-0.2862663060754446
-0.6922929962165654
-0.5618437005843069
-0.25679108214431573
-0.3772014557616785
-0.41943109035491943
-0.5707191393710673
-0.48951071732581647
-0.04564942046999931
-0.6375044888748865
-0.06861376371234655
-0.9000054372432218
-0.34669268131256104
-0.16527185969541527
-0.9120562522439286
-0.3231332443625433
-0.4717887688311748
-0.601232308858016
-0.26122018694877625
-0.6846087234055934
-0.230369578814134
-3.6773606538772583
-1.7483494811458513
-0.7824516762048006
-1.3252575434744358
-1.2277423152700067
-0.5818282246737826
-0.3716887491617409
-0.01690260359464446
-0.7008153562322453
-0.9253345828659473
-1.1362826711371203
-0.01690260359464446
-0.6022716560084677
-2.893013503868133
-0.6014101236651186
-0.7660741005868962
-0.5280013092172643
-0.10481848334893584
-0.3325919488852378
-0.8072667153707395
-1.4965024026227183
-0.30558138713240623
-0.4118855391855256
-0.04115485940710641
-0.43817373318366165
-0.1312426978891546
-1.6773730399436317
-1.2612465023994446
-3.3622027449309826
-1.8089501541107893
-0.6237950003705919
-0.11762967435643076
-0.8405359070748091
-4.033366735869397
-0.7846132842278166
-1.5891759861260653
-0.7738353255684304
-0.5419906075711718
-0.19465530295080194
-0.8657702438533306
-0.18164712282400022
-0.5824579115724191
-0.7123700025424894
-2.095550461113453
-0.5113690063499234
-0.3971497602760792
-0.5665014857426286
-0.07832761853332278
-1.3844204139998262
-0.08178359339945018
-0.6897117545026545
-0.8975177259791443
-0.7000679431948811
-1.439361185237596
-1.1549194826252966
-0.593041405081749
-0.6836533729995912
-0.30592967195698295
-0.49753682032269353
-3.0775873869657517
-0.016902515148103703
-0.8474949646107335
-0.7627458589744162
-0.42484869531763253
-0.8925357311343153
-1.3086328597410637
-1.3448659101656328
-0.7715457322658039
-0.31021398434720193
-0.0784752761832351
-0.5001198808313347
-0.35514477516214055
-0.07739211649944384
-1.3829525113105774
-1.5928672553040086
-1.9898554423513513
-2.342163651192095
-0.47321655392219186
-0.016902516064874362
-0.1662218882702291
-0.7153544746591555
-1.1983100542177756
-0.780730128288269
-1.4551990075036882
-0.004650390008464456
-0.004650424621234249
-0.4873369828435696
-0.3020507406909019
-0.5488401192982565
-0.17473187129611947
-0.7427831081440672
-0.3695095601142384
-0.7807302474975586
-1.180971268960428
-0.5233379421755672
-1.2553822515266282
-0.37785667925543914
-0.9014321666743074
-0.06556164442251126
-0.17657177256316775
-1.1396401470539987
-0.671869141360124
-0.8712589927017689
-0.1170883784070611
-0.8150986870251862
-0.43335759520414285
-0.8035102188587189
-1.5125148654915392
-0.04270410196234783
-2.6746247738599775
-0.016902516064874362
-0.7461450695991516
-0.852601228074895
-6.916074752807617
-1.499366296455264
-0.781761818033244
-0.6269443066346205
-0.3664742511929944
-0.5529764513485134
-0.5966925219167024
-0.1120302344299769
-0.13204773404908743
-0.2528466663012902
-0.2959749145494938
-0.7641961830002921
-0.13548958394676447
-0.8222778351329317
-0.5025141927797128
-1.0116436197112004
-1.109509630157845
-1.3585259258979931
-0.9891846838096777
-0.4084869237580838
-1.4006060515943495
-1.815375595127989
-0.011917383099595705
-1.049229614187165
-0.015079835255164653
-1.109900403744541
-0.002851050622767717
-0.46254651211202147
-0.23639225959777832
-0.7082407068580302
-2.5527004456186355
-0.7708266137512206
-0.14763836171478034
-0.004650373421879651
-1.0160738394003024
-1.5626669125465145
-0.33164798747748137
-1.2341367285698652
-2.8769176304340363
-1.152958883717656
-1.0242363676428794
-0.3268552929162979
-0.5866265748541082
-1.0309999957680702
-0.04270421372105678
-1.4648187780985609
-0.15578867495059967
-0.7685186546519757
-0.8058100515510886
-0.5241968925110996
-0.25895598717033863
-0.8151459002660381
-2.666416049003601
-0.01690260359464446
-1.805187811454137
-0.8228769516669369
-0.5564186614106542
-1.3687141860524814
-1.1187967692282708
-1.393544325147689
-2.6664161682128906
-1.7461827244454373
-1.0033540201062958
-1.4330702477933042
-1.1719440141398656
-2.2279683351516724
-0.004650424621234249
-0.006054111918456328
-2.7380716130137444
-2.1398454308509827
-0.5563447472240244
-1.1176112726063687
-3.1100413346042237
-0.8341338635661735
-0.30558121390640736
-1.812065758090674
-0.24074834722705418
-1.7371071527401607
-2.968382608378306
-0.47284573720337775
-0.13548958394676447
-0.5461296680233707
-0.3466927707195282
-2.049039125442505
-1.1319976027129997
-1.247126109284264
-3.5606105249375104
-1.4418039739248343
-0.2296157866367139
-0.9226283369353041
-0.19721858494449407
-0.2077417897864293
-0.5163806958589703
-0.016902516064874362
-0.05344525258988142
-1.0156104504256456
-0.34669259190559387
-0.42774365842342377
-0.30164913886983413
-0.5613002886064351
-1.5689241006970405
-0.40946175903081894
-0.8580618615960702
-3.2449874177575113
-0.5097660276058543
-0.2361404146067798
-0.34669241309165955
-0.44582739224036533
-0.5510603282600641
-0.7384431078945372
-1.5054305409464765
-0.15359463973436505
-0.6216597251061883
-0.2646129064572354
-0.17870821478275253
-1.4518072734499583
-0.01690260359464446
-0.7020071043971257
-0.49075382837327197
-0.019764157012104988
-0.4553662564139813
-0.30727996022906157
-0.2737635287145774
-0.033353469932990265
-0.004650373421879651
-1.4597936079704337
-0.374158701102715
-0.47639541669438284
-0.01976427435874939
-1.7739010125709076
-0.01976368948817253
-1.189456854547773
-0.9192610289901495
-0.01976368948817253
-0.9198764456169946
-0.6150192223489285
-1.0487979317976472
-0.18346492998534814
-0.37199451463796623
-0.24029071202676278
-0.48542788979587687
-0.5622005431873013
-0.2722317073633388
-0.016902574723644648
-0.24310103806419647
-1.1570117603987455
-0.9849473119490236
-0.24707021198355505
-0.18381643844103174
-0.2383565876079956
-0.18275973550044
-1.940092706431945
-2.0927101987044106
-0.48156488380597073
-0.17384387868129372
-0.8207611605674694
-0.7751645632088184
-0.5309370283203431
-0.508003986534147
-1.8107680769098806
-2.2879458144307137
-0.8449862773850327
-1.185343460211243
-1.6553227232569563
-2.6019447341483706
-0.9379892375686073
-0.2745323987864312
-0.38381629475819257
-1.1918463848771352
-0.9875122632624375
-0.9385198160836642
-0.512358752079308
-0.13827878123669912
-0.31022630113972505
-0.257492235399089
-1.4607801772654057
-0.5310488723761492
-1.1069785238942131
-0.7820795648483909
-0.22123355956282467
-0.6332103892607848
-0.016902516064874362
-0.23402091895695776
-0.7476603763643652
-0.7152796192766057
-0.32998427748680115
-1.0578032732009888
-2.082338869571686
-2.9568090438842773
-0.31041097082197666
-0.34669268131256104
-0.6554509348057121
-2.1978411823511124
-0.5025919268207092
-2.0022709518671036
-0.6339789293706417
-0.3984241187572479
-4.075907770806225
-0.15360849270863192
-0.5717193855671212
-0.5525191873311996
-0.38923070579767227
-0.3204763966010743
-1.6827288633212447
-0.016902544935874175
-0.07122121623251587
-0.004650390008464456
-0.5656470237554458
-0.2052671587056573
-0.20063192678171618
-0.732380995771382
-0.025288701600705583
-0.3466927707195282
-0.4112531099304569
-0.13104622357726234
-0.9228905009157542
-0.20295672118663788
-0.5511646370093027
-0.4325727907240722
-0.6659480258822441
-0.6389668911695481
-0.32998454570770264
-2.9031114503741264
-0.5791979226050898
-0.32998454570770264
-0.3055813070386648
-0.5714119801608225
-0.016902516064874362
-0.038588059062021784
-0.06736078272539696
-0.3855633218367335
-0.3856408218187945
-0.3299846351146698
-3.0875052090734245
-2.467662423849106
-2.467662423849106
-0.38846608484541517
-1.4547776579856873
-0.7322564439068978
-1.03400159837506
-0.6479660036507994
-0.04270410196234783
-0.011917383099595705
-0.016902516064874362
-0.9230117628134654
-0.3926329500507563
-0.7839173322388281
-0.27082928208013374
-0.04389900426824831
-0.2694217342740068
-0.10441487468779087
-0.03968307306058705
-0.00465049192799987
-0.21446242392994463
-0.40530555658254097
-0.21375643283473827
-0.5032808155430151
-0.35906015693243326
-0.0732869244646281
-0.39657989943710464
-0.1270886447875035
-0.4296669659929143
-0.3764279703106943
-0.016902574723644648
-0.30677419804851525
-0.15629741130396724
-0.30254889496912557
-0.30061254722790587
-1.6471036532893777
-0.06413399205484893
-0.4902591031859629
-0.12883832285297103
-0.23910985439821766
-0.8571104050466889
-0.10762822306291624
-0.13560303766280413
-0.3055813070386648
-0.3730861440531412
-0.20850511525835222
-0.79581597143128
-1.841614471981302
-0.7110917772608101
-0.18157877930041816
-0.9586206712760031
-2.15009971895779
-0.15700894803740084
-0.6676951375169059
-0.46642761456314474
-0.3055813070386648
-0.597087609330042
-0.016902546769415494
-0.8144130877472515
-0.6714613318391558
-0.7038265936116072
-0.2292969424481271
-0.12636450817236827
-1.776623122471695
-0.020092012401040516
-0.34611715221156675
-0.48361260739745504
-0.1462912170216441
-0.31282769451111864
-0.9574705136862273
-0.9916675865650177
-0.3103255826447691
-0.5355999572202563
-3.9708440139424055
-0.46479393062084756
-0.6646464915118284
-0.8472524952845156
-1.4674661569297314
-0.4979449828609913
-1.1596402236768468
-0.4516133866272867
-0.2044292957122837
-0.30034777522087097
-0.2687543980777264
-0.6780527000464017
-0.025774955499790458
-0.6592249568508729
-0.36182257065083834
-0.7852364713326097
-0.22772318730130792
-0.3712323187889221
-0.5615618508309126
-0.11125915807982285
-0.09044221611693501
-0.21758460418121622
-1.5819063168019056
-1.6595968508627266
-0.30034785717725754
-0.8167356736647586
-0.24196069197690426
-0.09756299238651991
-0.19908575205640358
-0.23144353325187694
-0.22349426812566395
-0.7082225320794221
-0.3984241187572479
-0.34387322162122774
-0.004650491924881602
-0.04468247839914901
-0.004650322487577796
-0.15819244967265564
-0.25420669035520405
-0.5928601537831127
-0.2500499031351258
-0.5079513527452946
-0.17940563027150347
-2.474206159175891
-0.016902515148103703
-0.06935547944067366
-1.0591673024261936
-0.07500734366476536
-1.0709995074491752
-0.8732037433526583
-0.5029761694895569
-1.4745400492101908
-1.2266040562341611
-1.8989004930481315
-0.8324749627693867
-0.7532287574140355
-1.8283742432083403
-0.14474959560071252
-0.0773920410623153
-0.4423906897035732
-0.016902516064874362
-0.28819661651297274
-0.3984242081642151
-1.1991204116493464
-0.356793480289956
-1.5190309321794
-0.004650491924881602
-0.34669268131256104
-1.4095110982481855
-0.5471402702387422
-0.01690260359464446
-0.39842426776885986
-1.1580584379844368
-0.3209776714844022
-0.4134606398874894
-0.01690260359464446
-1.3610793357141888
-0.16769732534885406
-0.45139185402321774
-0.5169787582602691
-1.5657552179052598
-0.004650322487577796
-0.4716036319732666
-0.34669268131256104
-0.34669268131256104
-0.7582587227225304
-0.624731502119595
-6.485096767544746
-0.38589392125140876
-6.485096976161003
-0.5986824471503496
-0.4328962666137765
-0.8712589330971241
-0.47341769658378324
-1.4622666064824443
-0.12831514819990844
-0.6857099687331356
-1.347711441727976
-0.10570484333272491
-0.9134514722342525
-0.39842109743040055
-0.5961089067316304
-0.515354024413973
-0.05346579563338309
-0.1846061778433068
-0.1354896416887641
-0.016068069224729697
-0.6492213512133781
-0.7807302474975586
-1.7015104219317436
-0.016902574723644648
-0.8217482741841066
-0.5512951064544419
-0.18125120121985674
-0.18889202896077353
-0.2506716562890385
-0.53886443686982
-0.6258699691738002
-0.3468338887760183
-2.4062345027923584
-1.0257856812033999
-3.197484605014324
-0.13548958394676447
-0.4879089032765478
-0.30558138713240623
-0.44023444512500787
-0.7917253393679857
-0.6479659811127931
-0.016902516064874362
-0.007713740997941285
-0.1354897003620863
-0.7807302474975586
-0.2837028403428121
-0.34895523300760295
-1.238277214180146
-0.16818228736519814
-3.398446798324585
-1.0670371886342764
-1.2755724228918552
-0.16818228736519814
-0.4284302644431591
-0.8995173995693525
-0.7158176767843543
-2.200197333780428
-0.29803943227637897
-0.02884021195738266
-0.023720211815088987
-0.008133814930680763
-0.015079933902597986
-1.1099005676340312
-0.0028511027946175696
-0.03645578771829605
-0.05901627399459054
-0.15745809581130743
-0.663064227682877
-0.016902574723644648
-0.1420305371284485
-0.1354897003620863
-0.11627258857091267
-0.004650373678097302
-0.19474179547978565
-2.322018086910248
-1.31591920717065
-0.7266689650423359
-0.5313107375986874
-1.4345096801318085
-0.6489759134783526
-0.5170111431636744
-0.44472111606349546
-0.6091331708303187
-0.06613286212086678
-0.8098731591152803
-0.0943905165962254
-0.06949255336076021
-0.9268004182072218
-0.38872198197188684
-0.01690260359464446
-0.3423656347017227
-0.29126019259162533
-1.1266244954119127
-0.7481214174452665
-0.7352104141480393
-0.02528881817124784
-1.2617182731628418
-0.30558138713240623
-0.26956032076850533
-0.36202684935862917
-0.29423578285059193
-0.08097922119001548
-0.006927092870076497
-0.9928257772698998
-0.016902516064874362
-0.034205033152829856
-1.4917818371164189
-2.4054023722807565
-2.467662587761879
-0.3347628832356456
-0.3849588102971514
-1.3367161752656103
-0.10516863366274265
-0.6565893542021513
-0.12455921309689681
-0.1470383558422327
-0.31559308408759534
-0.08363580889999866
-0.16648519379972035
-0.016902544935874175
-0.09145054086548043
-0.7091935687931255
-0.004650373421879651
-0.08520860970020294
-1.0955894351399575
-0.32998454570770264
-1.111345586522172
-0.6936162238910227
-0.8445691797824111
-1.0342301766181157
-0.2137788442453123
-0.45056192704165976
-0.13001730902812728
-0.5499425967379162
-1.5581938028335571
-0.40763314068317413
-0.30461186116250855
-0.42312003705384477
-0.14302567788399756
-1.7674846649169922
-0.7867972277334048
-0.6461650192566484
-3.0770382306945976
-1.1405487522715703
-0.7593784713222144
-0.016902516064874362
-1.3601793944835663
-0.00465049192799987
-1.5660278379917145
-0.18671539221395506
-0.10632425436051562
-0.34669268131256104
-0.32998454570770264
-0.34669217467308044
-1.3209334967065265
-1.4156223252814795
-3.67828749679029
-1.1188174943206832
-0.016902515148103703
-0.017391213930548273
-0.12868091464779355
-0.2925194515347747
-0.9991790734231472
-0.00465049192799987
-0.2656721708190162
-0.35689784958958626
-0.4282725515464942
-0.3144023595377803
-0.4715561220860657
-0.2505891128546662
-1.6400686977431178
-0.7881421260535717
-0.05978184064068565
-0.16543813096359372
-0.5167284552007914
-0.11855383962392807
-0.8134291225190585
-0.11125916615128517
-1.103224989026785
-0.611334656055551
-1.2368411991745234
-1.2644745365687413
-2.0595609977608547
-0.05598484290142854
-0.011917225861301025
-0.016902574723644648
-0.35658101112031465
-1.2407959502978394
-0.5929711627153059
-1.5581938028335571
-0.3180110444195129
-0.420702850818634
-0.004650424302131536
-0.37245694912659627
-3.3202991485595703
-0.8121677302289754
-0.016902546769415494
-0.028138278427326843
-1.0685079115913443
-1.0805978276408637
-0.3895343396579847
-0.004650322487577796
-0.5445543327792124
-2.8690538949200084
-1.558193564414978
-0.33739252389997193
-0.24190851327564036
-0.0885336675370733
-0.5243760968248049
-0.3055813033133745
-0.0801722296520893
-0.6205349962664543
-0.8092209467020652
-0.24188484449405223
-0.13548958394676447
-0.016902574723644648
-0.3803673055420707
-1.262704400791942
-0.4680987677283366
-0.05850373366543367
-0.9155331739166286
-0.7030898535740562
-0.29327548398578074
-0.3577554701152535
-0.47878723211943
-1.2400364875793457
-0.7229249558192404
-1.5891310503163065
-1.8653485774993896
-0.8262499047923484
-0.670577171169931
-1.5020265047205612
-0.300320221532491
-0.8100599087611045
-0.6065760280729996
-0.5597799412078328
-0.523209763909964
-0.4548876350745559
-1.269864909152966
-0.2819251548563544
-0.2542670106907424
-1.4245419160773356
-0.5653528792240347
-1.0953323953560488
-0.6396233679302635
-1.1656895091145998
-0.09532862098421901
-1.1096496684731392
-0.14044650457799435
-0.7934970148606226
-1.0191316112875939
-0.303610677963921
-0.7365301407139319
-0.5645002092166708
-0.8403491574738707
-0.7139262780183344
-1.2412249002605678
-0.01690260359464446
-1.982777549419552
-0.3650931290709802
-14.43641185760498
-0.638655012192127
-0.398424357175827
-0.7617172844216434
-0.009381837105386447
-0.015079954019165598
-1.1099006209289655
-0.002851102418693093
-0.7737769484519958
-14.43641185760498
-1.493011735798791
-0.3414565646410968
-2.0365161459360803
-1.239893463626504
-0.4685774339429502
-1.7224627977444067
-0.3963731436379021
-0.07855921280570329
-0.042488419960136525
-0.05730401833425276
-0.06875569549447391
-0.05120360773871653
-0.08498035193188117
-0.7339300779359681
-1.5781645758632714
-0.7694374482738428
-0.484458304631784
-3.1724103689193726
-0.016902574723644648
-0.5070198613393586
-2.3282854557037354
-0.5966360245627584
-0.7641018653214958
-0.18079868769356316
-0.3605040306761309
-1.196344692673948
-3.0008393032709137
-0.3220516309441088
-1.9343388409664233
-0.9265380189754069
-0.5244422599241261
-0.2742040220182389
-1.177050482481718
-0.601845171302557
-0.7191034948142866
-1.0864013409009203
-0.3090555425733328
-0.3387008694310983
-1.2470620046037115
-0.5947413283089796
-0.22320472220308146
-0.016902516064874362
-0.011820009004117714
-0.8124162054931124
-0.730217212012836
-0.2668993701809086
-0.6563555253330075
-0.11500221931985904
-0.4302541334400303
-0.20252092313021422
-0.9304896956309676
-1.6698295242552246
-0.5767852323395866
-0.772027854497234
-0.8395497002493357
-0.7807302474975586
-3.5018988847732544
-0.7807302474975586
-0.09477489441633224
-0.2621558770770207
-6.180203676223755
-0.8362064398825169
-0.7663110966274801
-1.075823497010528
-1.1153764703444071
-0.7807300686836243
-0.08673632144927979
-0.1354896416887641
-2.299460470676422
-0.6659478366219749
-0.3026653197392828
-0.08677731454372406
-0.15031627853095414
-0.7051172088778747
-0.6420544678345322
-0.016902516064874362
-1.289348764717579
-0.004650322487577796
-0.025288701600705583
-0.9105663982608045
-2.031752686947584
-4.898073156674703
-0.4983445092769086
-0.24394599283732532
-2.2279682755470276
-1.5581938028335571
-1.8380671441555023
-3.9239178001880646
-1.0820209737867117
-0.5317844142589907
-0.8136317400882641
-3.3539895117282867
-0.09247909044090193
-0.08566737807072619
-0.34669268131256104
-0.22019487870857118
-0.10199581831693649
-0.004650373678097302
-0.5918712525938948
-0.17721191987527019
-0.7807302474975586
-0.4050876049208455
-0.39842426776885986
-0.6836438709869981
-0.01690260359464446
-0.018387252499285914
-0.34762141871033236
-1.0043466913513839
-0.4318048819581496
-0.08086270466446877
-0.6966523503826465
-1.525915554828114
-0.017675554641755298
-0.015079907848848962
-0.03893356719054282
-0.0038635892095044257
-0.004650424302131536
-0.004650390008464456
-3.435637950897217
-0.35292343448074665
-1.266621794551611
-0.2778621173155053
-0.20848636040464044
-0.05949337452396073
-0.8552957070060074
-0.31791165222724277
-2.8430604934692383
-3.435637950897217
-1.4607947280423508
-4.283934473991394
-0.2084863576339558
-0.8489650507561035
-1.7123491168022156
-2.1065254041126797
-0.3687727316706018
-0.2629619468003511
-2.0369411589733013
-0.8195871024796361
-0.29123927765093477
-0.016902546769415494
-0.6269927620887756
-0.45690524978959324
-0.9234116582355152
-0.25213323297793977
-0.4528574392489115
-0.8930503977542936
-0.08600572124123573
-0.38631860015448183
-0.1281845161691308
-0.6803589853807352
-0.3598249410867235
-0.016902516064874362
-0.6578804486925947
-0.6574036305149397
-0.14575844100909308
-0.9815690704854205
-0.3187370378608731
-0.07570777647197247
-0.1557885780930519
-0.4445314079697835
-0.6972824569259372
-0.6403914538677782
-2.669803349567311
-0.41510767496324014
-0.3261040551587939
-0.004650424302131536
-1.5436796322464943
-0.7026393804699183
-0.5799126153811812
-0.9998778894676232
-1.3697576101403683
-0.2691002075332038
-0.7737768292427063
-0.67380181617207
-0.19166549760848284
-0.5148943508309978
-0.46431360130413346
-0.2291961278388044
-0.43248881564310676
-0.46402819780196297
-2.0091387002418437
-0.31471054869524034
-0.28962605641866573
-0.006054158758161066
-1.2134967873959492
-0.4463320932139622
-0.01690260359464446
-0.5665061193912234
-1.177443693081538
-0.23581725000985898
-0.3984241187572479
-4.191473007202148
-0.398424357175827
-0.39842426776885986
-0.4154643306392245
-0.016902544935874175
-0.703974005416967
-0.6542818480067782
-0.978855997579208
-0.5570382312871516
-0.5570381575398642
-0.4159717857837677
-0.33127489234902896
-1.0044991202266829
-1.0044991202266829
-0.3138589504021432
-0.9145522449786464
-1.4426585979759694
-0.9575812388211489
-0.5492492720285165
-0.20409242063760757
-0.6950966119766235
-0.9055105370103514
-0.4364743995081101
-0.1354898614808917
-0.01191726497684916
-0.1753747034350741
-0.9386652292263794
-0.6161949762317818
-1.429847134888405
-0.022889102689391462
-0.34669268131256104
-0.011917225861301025
-0.2451899362928803
-0.46132918672810774
-0.2709731204871787
-0.4561524363895539
-0.9487437894567847
-0.5005931318271906
-0.4110114322734064
-0.016902574723644648
-0.3616748531413678
-0.20135716681686233
-0.4948197982674982
-0.39527959531988016
-0.7880172352015506
-0.9438027807045728
-1.471745567198377
-0.11568440194823779
-0.26045614941976963
-0.8484341356379446
-4.230190479755402
-0.7339747679486338
-0.30558124370872974
-0.46038241787413
-0.8146473922899791
-1.092932001221925
-0.5253268454510432
-0.7852364713326097
-0.016902544935874175
-0.9231884718118679
-0.606630418443577
-0.786456439650768
-0.6880015195929445
-0.9061387696117162
-1.2617182731628418
-0.5013613977935165
-1.4534103663099813
-0.7369755670162184
-0.0046064114770463975
-0.46562138100125594
-0.3566476334543789
-0.7607675916450616
-2.064121574163437
-0.08165729069150984
-0.30284514093278525
-0.6511376179405488
-0.25389222526508903
-0.3055813033133745
-0.45384387976944135
-0.016902516064874362
-0.43867363748480176
-0.8108177074464038
-1.1480388271722606
-0.1571413566262808
-1.256128707434982
-0.25580722163977043
-0.3877481818832594
-0.18259035509981913
-0.6274684322446168
-0.5723080519586802
-0.2755754071880471
-0.34669268131256104
-0.0075797462849810215
-0.015079954019165598
-1.1099006209289655
-0.003863636392634362
-0.25245112316882184
-0.7687271402061345
-0.007579744723118763
-0.015079838209203444
-1.1099006357137113
-0.0038636602112092078
-0.25925310256889134
-0.6526954750200579
-0.03645578771829605
-1.3294808309458728
-0.8194432618717352
-0.4985569682903588
-1.884416898091634
-0.98627932428975
-1.501114223152399
-0.6641945335802368
-0.36782100594912964
-0.016902546769415494
-0.004079026934050489
-0.006054111918456328
-0.16934658179525286
-0.7567254388397688
-0.7852364959195256
-0.7874228574801236
-0.5901489856519869
-0.47420317626771674
-0.9691571614045916
-0.17926883076564226
-0.016902574723644648
-0.3320461067681511
-0.6393607696518302
-0.8045273462388044
-0.9831573285406366
-0.21102085294767356
-0.5183680734298832
-1.5581936240196228
-1.0396911917007803
-0.004650322487577796
-0.02939458527383137
-0.14577403460922747
-0.7750003098167086
-0.32170330031342176
-0.4336425195320367
-0.4657653386837575
-2.2708206176757812
-0.5650149234126346
-0.8214007715162422
-0.3970416572507626
-0.1032720964285545
-0.31344655587983855
-0.25485313703568957
-0.3402353981509805
-0.8719526462256908
-1.295690979110077
-0.4016738481480967
-0.78110116655007
-0.648389131645672
-0.3244682450313121
-0.9611817337572575
-0.2110208160474405
-0.2893256474089867
-0.5500224858697038
-0.33351050162067014
-0.002741592761594802
-0.8958523611284115
-3.3202993869781494
-1.1053069098076473
-0.11718458806475003
-0.7053541971060137
-1.0268158192214156
-0.016902574723644648
-0.6470374267941917
-1.5156109167591614
-0.15301491639590548
-0.9235500477564832
-1.7674846649169922
-0.5202694569495427
-0.15313439796759318
-0.34667125073804833
-0.43296344406553544
-0.4963869479085718
-1.7674845457077026
-0.7112171514891088
-0.7344556567957625
-0.9164454340188968
-0.07856569666764698
-0.8148416647620251
-0.652406022817983
-1.0064190810530405
-0.6290225765042123
-0.8773556863404034
-0.36213855979985965
-0.9015720173716545
-0.9026311830832408
-0.3984242081642151
-1.0518269345524127
-0.9582943203509785
-0.4983315818943083
-0.8362649322953075
-0.016902544935874175
-0.7174426107667387
-0.7447945928821961
-0.46717129005656505
-0.3297767707845196
-0.011502427460527542
-0.7428849638604066
-0.3254306164510581
-0.6114802189792196
-0.04898856161162257
-0.1578291355399415
-0.3308091227301399
-1.803468030760996
-0.7504160297685303
-0.3299846351146698
-0.28282891353592277
-0.46477514542639253
-0.6333361019690832
-1.3197808827704285
-0.1720520572934594
-0.14017427529041823
-0.8340949689089838
-0.2831084481369746
-0.5546671905831317
-2.4139404594898224
-0.19166555628180504
-0.18513719722027921
-0.6805667347580311
-0.4454563613150803
-0.7764431247487664
-1.731779471039772
-0.016902515148103703
-0.08673643320798874
-0.40504180258139966
-1.5975779791673024
-0.7936069250784137
-0.45506760098505766
-0.3050922882684972
-0.016902574723644648
-0.4637427251883916
-0.27610680286452405
-1.487828491255641
-3.399899899959564
-0.6781677547037867
-1.1077867213555388
-0.9042300335504478
-1.0187202844332206
-0.3928493213440691
-1.4878282931943734
-0.25241364984443254
-1.1832905327901244
-0.8755516310532888
-1.315993433854984
-0.6084362734574824
-2.051068047992885
-0.19590090400985596
-0.5528515454415659
-0.7205255212262273
-0.07890511987109979
-0.37060901994866274
-0.3900086515532166
-0.40053160385125214
-3.601914477224151
-1.0259335860610008
-0.39109628796577456
-0.5412931319359424
-0.6073282204257945
-0.48705632602795956
-0.3103002800722606
-0.016902515148103703
-0.08637372045777739
-0.20552663238985197
-0.913641699863365
-0.4789372805971652
-0.6105892866849899
-0.8177972937523651
-0.20430797976503248
-0.2799362610676326
-0.09944293549883046
-0.1947418271059481
-1.036579726405242
-0.30558138713240623
-0.29936886814889646
-0.9105968417023265
-0.11148541904985905
-0.1354898614808917
-0.01191726497684916
-0.016902574723644648
-0.3068402671984665
-0.011917225861301025
-0.13548958394676447
-1.1740411260398105
-0.028556714451042353
-0.20564553058132637
-0.4828548716614023
-0.3056255444244016
-0.5132625102996826
-1.5658229968200128
-0.24318982677068562
-0.5317077723642191
-0.3526317688326041
-0.8989418336811165
-0.9795389449573122
-0.016902544935874175
-2.0021378122554676
-1.1760832997097168
-0.5249802339472808
-5.941851824522018
-0.36697636926231403
-0.6060518330904254
-0.6819179008404413
-1.5543871377077367
-1.096741298912093
-0.2807229234005198
-1.334930734176721
-1.278352037537843
-0.593062711879611
-0.37006353959441185
-0.654253206251619
-0.9969093301333487
-0.4219049763632938
-0.7807302474975586
-2.7901546245186846
-1.2925563460448757
-2.1770040379138664
-1.7006036780774594
-0.5701236853932936
-0.0995612352155149
-0.9529199799263733
-0.5976400661941929
-0.27430063430219886
-0.4385244382294786
-1.137174511095509
-0.43852444216167896
-0.4667596001776734
-0.7807303667068481
-0.11405385521772717
-0.5979177300760057
-0.8279652265831828
-0.016902516064874362
-2.6583446652700027
-0.004650322487577796
-0.0021071765513624996
-0.06508436799049377
-0.15947572886943817
-0.5548131678683254
-0.32998454570770264
-0.67767570606832
-0.3984241187572479
-0.6405718484734693
-0.32998454570770264
-2.1743907997650758
-0.13808705702415733
-1.124152105068788
-0.34064899757504463
-0.01908576266739854
-1.2156700344445805
-0.26767447659998045
-0.8363438820358299
-0.7355471403903461
-0.6090017105300582
-0.016902516064874362
-0.5073779489321169
-0.3400295004248619
-0.195793252523193
-0.24165040097386736
-0.13610772715960942
-0.3116372285827917
-1.4730386935174464
-0.21275453502312303
-1.187318276127123
-0.21483844369649888
-0.20726047083735466
-1.0945839609817736
-0.04270410196234783
-2.144634186863326
-0.8692064955830574
-0.37719981032035627
-0.5636717542592022
-0.1552445236318038
-0.007393572550654426
-0.007393526502482928
-0.09916654368605711
-1.6275872081856837
-3.286652520298958
-0.004650424302131536
-0.004650390008464456
-0.05270922794124999
-0.612472092525046
-1.0904836928821169
-0.3312164606509863
-0.47352976378761014
-0.398424357175827
-0.00465049192799987
-2.049039125442505
-1.8653485774993896
-0.5046156306884119
-0.3644035560776909
-0.5659281506647218
-0.1550187246412625
-1.02163980915869
-0.836285161642501
-0.2583759145354634
-0.29346249785582285
-0.040425007264795046
-0.3490554168820381
-0.23322354132930437
-0.011917421749482552
-0.7237589310401139
-0.1625150947759473
-0.7367297525384596
-0.3712378367781639
-0.14186418496267703
-0.13469476643949746
-0.050625091476831585
-0.13607095181941986
-0.7643357247579843
-0.7754440951560225
-0.4266840498894453
-2.7533008935196057
-0.3510918851941824
-0.16874340118374676
-0.27011751210583107
-2.0295867547392845
-0.793033872556407
-0.23322354132930437
-0.7058366789509926
-0.40551370576948736
-0.1583835288959866
-0.9111105374254597
-0.016902516064874362
-0.11019112169742584
-0.595402102900186
-0.10839198995381594
-0.19837432874677083
-0.3335368741983465
-0.8781420957917968
-0.022303496371023357
-0.01994163418324509
-0.4411143295237707
-0.6523509190991279
-0.18370730441679103
-1.3885088549078708
-0.15778752232753587
-0.8653144804746262
-0.075625691562891
-0.162000222876668
-0.6947150180837319
-0.17629324943603328
-1.0104775916988729
-0.34220676648796405
-0.15540019102627411
-0.9245226328603167
-0.016902574723644648
-0.14154949848307297
-0.011917421749482552
-1.179350318546767
-1.5448624125371377
-1.0480900515136051
-0.7723819233727806
-0.004650491924881602
-0.9043934125465488
-0.07355089436168782
-0.002741534117376432
-0.004650373678097302
-0.5083908492233604
-1.1791649349809934
-0.8368225859971169
-0.004650373421879651
-0.45591706793250825
-2.093977449683007
-1.4878282528370619
-0.24437295080861077
-0.29092266631050734
-0.990172827616334
-0.2953999211264697
-0.6081777172876173
-0.016902574723644648
-0.2631979875477555
-0.7242555328729477
-0.6242471903096884
-0.07279992041488488
-0.38795015883321565
-0.5847867477881664
-0.2627328486456203
-0.7040675785974599
-0.826822388994818
-10.890936851501465
-0.7269581008170333
-1.1944424230605364
-1.054664879726867
-0.38232186616832303
-0.5343795585887212
-0.913000649617364
-0.5584097336554392
-0.4773095866665244
-0.3390178744392913
-1.5237492960212486
-1.314841750334017
-0.3209032786078751
-1.577890856191516
-0.45229459689940804
-0.679847887721553
-0.8563369154406246
-0.016902516064874362
-0.0825483743683435
-0.4175363962131087
-0.4167730250628665
-0.22106941230595112
-0.7503366153158079
-0.3989004941864146
-0.019764039665460587
-1.6669378587976098
-0.23356992180924863
-0.8972394805944836
-0.608450980236133
-0.9741578180199633
-0.7370305942095001
-3.966575326398015
-0.10905140056274831
-0.36470389529131353
-0.7701063109561801
-0.5012829146391595
-1.0038078408998747
-1.0636824602082084
-0.3509484048076486
-2.0256110625341535
-0.352711221575737
-0.011917225861301025
-0.016902574723644648
-0.2547575950222381
-0.6062590648219812
-0.687623029627416
-0.239910747221854
-0.3174746474251151
-1.1200632854899462
-0.17768861361863938
-0.018396833712965115
-0.6474236555746756
-0.006389197060116203
-0.015079746613628231
-0.03893367752898484
-0.0038636844023130835
-1.3385042119771242
-0.004939377617556601
-0.015079838209203444
-0.038933650916442276
-0.0038636602112092078
-0.7591329092780749
-0.7316393589493461
-0.6573013484788438
-0.7740342709132366
-0.4502792148694145
-0.4567938608807809
-0.8108176329405978
-0.9949036067606786
-1.0214248560369015
-0.6796132429569427
-2.3534589699055584
-0.016902516064874362
-0.012049202015785139
-0.5246681590322527
-0.1867836954523227
-0.7127625591944836
-1.7851226742088329
-0.19166554231196642
-0.3984242081642151
-0.7012078718126437
-1.025628800516036
-0.4866335132981859
-0.011917343984047571
-0.004079085840203334
-0.004079026934050489
-0.007136424072086811
-1.7676028226909692
-0.33499057180961245
-0.38798571998319986
-1.249205057085915
-0.3984241187572479
-0.9472101552411913
-0.24124335890519433
-0.4545250822600253
-0.3466927707195282
-0.8483074449729677
-0.09436162388563692
-1.2281888794492593
-0.5594148015808083
-0.004650390008464456
-2.6128314937329074
-0.019764039665460587
-0.10092898676521145
-0.6103239424563455
-0.1352575257886201
-0.3595269346454491
-0.12971703516534314
-0.6318766075652092
-0.3121441756655778
-1.6373169642085066
-1.0014078818494454
-0.3518818717791212
-0.9322792201535777
-0.016902516064874362
-0.2797652467415901
-0.3548210910715473
-0.20239388389988258
-0.5244906822446501
-0.4874555913527729
-0.9113499945357463
-0.33574736095382834
-1.2373150163871554
-1.0673556529324164
-0.5210384451784194
-0.3379901193572247
-0.7197721833945252
-0.32192663218953194
-0.7334227045066655
-0.8240024331691009
-0.58870835840727
-0.4236653931438923
-1.7134323262919982
-2.177181027829647
-0.1951038099744134
-0.01690260359464446
-0.4529592305421829
-0.9306659400463104
-0.9775075978742769
-0.3774114262414514
-0.9002082707981268
-0.4548858985460053
-0.3229571786476299
-0.38480387392796966
-0.820097699447716
-0.6143890371054618
-0.249325814191252
-0.2542806231052964
-0.8601815160363913
-1.0760216414928436
-0.13614809096907265
-0.48059455325710587
-0.005308206490493224
-0.004650373678097302
-0.10856720060110092
-0.08673610538244247
-0.4022802084684372
-0.20474868977223248
-0.9594126723490523
-0.8739784233039245
-1.184490744402865
-1.1553948212947165
-0.13230246268212795
-0.5168534508686409
-0.26684104264131747
-0.5363687555072829
-0.5689181873458438
-0.9512983237433693
-0.714466146108779
-0.07124192092420631
-0.8297554633720817
-0.7737770080566406
-0.40290630302791086
-0.23407317698001862
-0.25464198238978497
-0.5853038096412395
-0.35219970556338215
-0.2835593352094293
-0.1789380479341263
-0.2023671102111361
-0.0005444741762261173
-1.4837805739371106
-0.34669268131256104
-0.34669217467308044
-0.4965712941872577
-0.8172184048284138
-0.5923521873385956
-0.016902546769415494
-0.5169134419411421
-0.8792887327573545
-0.41775993119808846
-1.928145346326346
-0.3984241187572479
-1.49578071013093
-0.14524671256852648
-0.6817740351272126
-0.8677843875484541
-5.200829108556111
-0.38382542420965493
-0.25944291054673324
-0.3693519269760985
-0.8058801487957894
-0.01690260359464446
-0.71402486677592
-3.2717801332473755
-0.44565085918906044
-0.7108526562524
-1.9414018193880718
-0.785049141287428
-0.6797150424681604
-0.8279604381608331
-0.9724758033537202
-1.7037770716432372
-0.5991227693425921
-1.627516970038414
-0.45289971140326607
-0.9966086271513057
-1.1043523481736581
-1.0824728428618982
-0.9406816703267395
-0.5481533104656802
-0.6868399752096997
-0.44027036908334016
-1.3972188139062685
-0.5475528330872683
-0.16644915053620934
-0.36161250180739446
-0.25794321260452435
-0.6545773467847279
-0.9066022250335664
-1.0821190178394318
-0.5198660989214355
-0.45999401779069254
-0.7967397781266343
-0.23576766846765002
-1.0439074634072871
-1.0683631554226547
-1.2120655496139079
-1.2085090331628077
-0.1910856576723745
-0.08542122534126975
-0.39184702443890274
-0.3832926698537035
-0.677131373360753
-0.5770836522104219
-0.6708785664099692
-0.4006795283986321
-0.46281064095507773
-0.4313264359012604
-1.0083839282160625
-0.997253043577075
-0.3381134454769046
-0.6060862170765177
-0.851113009514908
-0.5759671246487414
-0.9324563187910826
-0.7831711269798689
-0.6837579386256866
-0.15054556448352135
-0.6010644740822232
-0.019764157012104988
-3.750784158493237
-0.7709161867387593
-0.6581398755079135
-1.101007922241115
-0.5876782297662644
-0.011917421749482552
-0.004079055979673285
-0.0040790859566186555
-0.025288815920551617
-0.05577284920254897
-0.07885625710090001
-0.18691243478194033
-1.8253630155897034
-0.6608927377266809
-0.7895974998697662
-0.07654813121553161
-0.7710003394200208
-1.5473709779902751
-1.4118261392207139
-0.4002217869456217
-0.7208592119441495
-0.8876990879782372
-1.648618717574411
-0.328188724553911
-0.20799414184229034
-0.06339112087152898
-0.7536412335466594
-0.4471005233936012
-0.6176506820134818
-0.5643761388080961
-0.14464836031682074
-1.1737992071564525
-0.5142646512193516
-0.01191726497684916
-0.31990508845774457
-0.566621396074576
-0.6475922838964668
-1.854141681947195
-0.12667021853849292
-0.697722805198282
-0.5257903338190064
-1.0694792177528143
-0.6620775701206488
-0.555368291126797
-0.655972051701445
-1.445323053902636
-0.9391732774674892
-0.3717050011059305
-0.4631231657057513
-0.01690260359464446
-0.5274782284162939
-0.3339273071474524
-0.6125527095551101
-0.3705432187416591
-0.0064315838053029695
-0.015079835255164653
-0.02944058401044458
-0.003863660234492272
-0.23390368705925843
-0.6982066670170752
-0.1868228453437469
-0.5338402252280109
-0.4369708505109884
-0.01976427435874939
-1.2745779176087428
-0.13548967335373163
-0.09745257360918913
-0.34064878162462264
-1.1236660395213403
-0.016902516064874362
-0.6566478801604327
-0.7672101915370495
-0.1408589049242437
-0.08280234646776484
-1.1140810558572412
-0.31554257306606814
-0.8700855870112335
-1.5593054335719596
-1.112541427180986
-1.1555974140622614
-0.1408588794991374
-0.08280233018255483
-1.0845559139852412
-0.5148833018417159
-0.7150859992418971
-1.9077501887610804
-1.8424370258115232
-2.2101847529411316
-0.6636081655832151
-0.6958140345911185
-0.4288963925902298
-0.22468254834689105
-1.1406545788714928
-0.016902516064874362
-0.48215441483383376
-0.7682977686530318
-0.4596605034021195
-0.522975827450864
-0.23638206743635237
-0.8959927607081934
-0.4290654781907506
-0.5448215427310666
-0.32430820167064667
-4.0121867544949055
-0.3005536613530818
-0.44707870063404487
-0.8367973256178878
-0.150893202941266
-0.006473715595208118
-0.015079746613628231
-1.1099004871677607
-0.0028510234203875167
-1.2738452386827424
-0.6085104933595176
-1.1713034925324952
-0.8460579695593979
-0.8367443263926232
-0.1354896416887641
-0.2487854307886058
-0.3341407748036242
-0.3090850996474425
-1.9360541113012004
-0.7229099215008319
-0.7203400257392787
-0.5825801885553769
-0.8690488686224853
-0.016902574723644648
-0.5917935716143499
-0.25175780175971646
-1.105036093108356
-0.004650424302131536
-0.32998454570770264
-0.34669217467308044
-0.05397608902745156
-0.34669217467308044
-0.3299846351146698
-0.003997093663036305
-0.004650491924881602
-0.4320516213774681
-2.268954043451231
-0.15527931433171033
-0.7792799589647488
-0.6324862186441103
-0.8716370246580077
-1.234354687749874
-0.016902516064874362
-0.22530423306182326
-0.4344054804266004
-1.3578449182889678
-0.8870288303704001
-1.5092123221790341
-0.9929805477976598
-0.6658440847168094
-0.7285695543225088
-0.6100284570726217
-0.6480484828352928
-1.6599077257492088
-0.5122498445212841
-1.494191300325011
-0.5050157265109495
-1.3053637509767535
-1.2777202462777495
-0.3155928826890886
-0.0811904633815478
-0.4693995358215438
-0.7032309624514512
-1.6400425532095444
-0.743674793630985
-1.004855796522558
-0.9707132910706979
-0.5983780911615626
-0.22947378485332592
-0.6083910679080873
-0.38880784346614605
-0.48015483966300965
-0.3609558217160936
-0.7507778186012398
-1.795754455827674
-2.227968454360962
-1.1901102541014552
-0.22276843443978578
-0.6950966119766235
-0.39646329336161823
-1.802302067301103
-0.016902515148103703
-0.5372366978419236
-0.40333576219228023
-0.5232919387053698
-0.4170970327804753
-0.03309304093709216
-0.46106563229113817
-0.5318274425461333
-0.539911900103713
-0.004650491924881602
-0.396816526402189
-0.004650322487577796
-0.00465049192799987
-0.6826750265317969
-7.218298584222794
-0.19166554231196642
-1.9876880645751953
-0.694911180608728
-2.187494998918347
-0.016902516064874362
-0.0203661838442915
-1.2991361579188379
-1.9216917508747429
-0.008194309703371387
-1.7100653468975604
-1.414961423096247
-0.003863660234492272
-0.46477489825338125
-0.26481623547927785
-1.159843165833514
-1.0862199457561863
-0.6170831731605259
-1.2342289882750872
-1.2177867234612887
-1.3512654788792133
-1.5489021939691157
-0.5580394022981636
-0.6295761121974255
-1.031852805100453
-0.6754853581293935
-0.04359591206884943
-0.3940429149303012
-0.9738999407272786
-0.23926132234595976
-0.44144865394477606
-0.8658767631583798
-0.499927833611946
-0.004650322487577796
-0.17777174033108167
-1.350094433158202
-0.8052650256140623
-0.2754582937806845
-0.6942370235919952
-0.688725121016887
-0.5504775166045874
-0.14945124809164553
-1.3174771227563724
-0.6049946458679187
-0.34669241309165955
-0.6296494534435624
-0.7063119746022634
-1.1457601464686118
-1.5953640846052655
-1.4940459102701074
-2.6777130365371704
-2.382045302204047
-0.9315694066074988
-0.19656404852867126
-0.5057241425323203
-0.34962797552725533
-0.21120928926296376
-0.5762203267569068
-0.8468086011079895
-0.24678649657046967
-0.6280130177555192
-0.3984241187572479
-0.9098920767100935
-0.06729098800941655
-0.369553129655677
-0.583130776649341
-5.810716152191162
-0.14566093869507313
-2.0387178709109626
-0.2516808812506497
-0.8017092943191528
-0.016902574723644648
-1.196346935722977
-1.1820620887641173
-0.07310094825515989
-0.5284774873039818
-0.3439260156204303
-1.5889325483391683
-1.3563202383297988
-1.7362137598451226
-1.3115923542063683
-1.1720128384185955
-2.8356258971616626
-0.9055893176849746
-1.3993745989033155
-0.9266891915729081
-0.34669241309165955
-0.42292424745392054
-1.8304638685270522
-0.14669684243078032
-0.337273633480072
-0.8070156542120217
-0.214596373988461
-0.22423823506687768
-0.7141380088869482
-0.8902095919377947
-1.238042323606542
-0.5423330468765926
-0.4455145961300542
-0.82511405646801
-0.22205234427625933
-1.0591802315746184
-0.6187063379523655
-0.3983240949908375
-0.8345626294779193
-0.7536334487887351
-0.18984576537817097
-0.9459485680563375
-0.016902574723644648
-0.3885570709971944
-0.34669268131256104
-0.3984241187572479
-0.5987536797606894
-1.1147314123692922
-0.5019986855664423
-2.929587597027421
-0.18234106401602426
-1.2885085111483932
-1.836183218208402
-0.36577246723001217
-0.3999308017548174
-0.2647992476510505
-0.24927352219820023
-0.20135013062307344
-0.7444349689641967
-0.18761519993293202
-0.18086300492286683
-0.8514849440822296
-0.26479928381741047
-2.4055826365947723
-0.710508332401514
-0.23065416011112658
-0.04270410196234783
-0.2354430241510272
-0.34064878162462264
-0.6879165976562425
-0.35655034609538105
-1.54006312135607
-0.8754059583880007
-0.9249892970768824
-0.42407188046490774
-0.6665583295592418
-0.34669268131256104
-0.7772089698982816
-3.7302859753370283
-0.34669268131256104
-1.787882223725319
-1.8539703691808076
-1.6426928660740876
-1.874446055644916
-0.5690089218551293
-0.34669259190559387
-0.24975509768618004
-1.332985982056319
-0.8532847806811332
-1.0578032732009888
-0.15564145170355914
-1.0722373519092798
-0.5476477298652753
-0.016902515148103703
-0.030018029734492302
-0.1548606743104756
-0.2601175828021951
-0.0364559032022953
-0.00465049192799987
-0.6992759897660178
-0.7876278956731161
-1.5208163286248844
-0.31753008195895605
-0.016902574723644648
-0.6897642804520998
-0.56569849831673
-0.5593060895464279
-1.3881055026982683
-0.34669241309165955
-1.0807327398277786
-0.6003346602600586
-1.5162813994619582
-0.9403746269235853
-0.16799094816659427
-0.8161779675487196
-0.68762594622692
-0.21489598690070502
-0.4411244597205142
-0.3005267659705012
-0.4471502242263846
-1.1861193096265197
-0.39075003088925897
-0.4063549593622466
-0.2906740960051221
-0.20117449811126184
-1.3438850082457066
-0.45969432344027156
-0.18289634212851524
-0.3961559919668313
-0.514558319201959
-0.3299729275916304
-0.330605105840732
-1.6094120716055234
-0.5224563899849143
-0.34064896730706096
-0.8527804408222437
-0.3984242081642151
-0.204092375934124
-0.4582143897665634
-0.3984241187572479
-0.016902516064874362
-0.8780706040592728
-0.398424357175827
-0.3993735854894259
-1.648462677898351
-0.33136278140970415
-0.34669268131256104
-0.3949636174044105
-0.6196948796776789
-0.2558720249900082
-0.36789681017398834
-0.32432283051012845
-0.6786134535918057
-0.46760478072974365
-0.3732408144162698
-0.0752014319094507
-0.5360749577557726
-1.231687306969737
-0.1587382741960358
-0.2713616865884332
-1.9358184805938177
-0.7357631243765355
-0.398424357175827
-0.9434273950576496
-1.0668690204620361
-0.28413136200106237
-0.5893145320005715
-2.296065002679825
-0.7215466169355851
-0.9904448729008436
-0.2649573315284215
-0.8602286307338475
-0.01690260359464446
-0.6214521637266444
-0.09256031988869447
-1.6978179366560653
-1.7253624436755974
-0.18699087699254355
-0.12185875202218692
-2.0490484061883762
-0.016902546769415494
-0.47248618214580346
-0.5202652458820547
-2.620956893265247
-2.9477404902378717
-0.14981496959294685
-0.6714486926524572
-0.004650424302131536
-0.6408978197806781
-1.4036083575338125
-1.7186560034751892
-0.3984241187572479
-0.40546487072715537
-2.217984953522682
-0.2202979950234294
-0.5000028649046726
-0.4664275402901694
-0.20588987284389548
-1.3804499917767115
-0.016902515148103703
-0.28576578266525443
-0.37154176167726594
-0.19166549760848284
-0.05170288528339976
-0.644451454241616
-0.7036330259009111
-0.1881337739760056
-0.13527201721808524
-0.9247547630199252
-0.6643216070369817
-0.25991392401811025
-0.21045242768845387
-0.4870360283875925
-0.5533556623517403
-0.8328922726029607
-0.7717564139532408
-0.6224873008904979
-0.0427041407674551
-0.01191726497684916
-0.33707471833964164
-0.8544548060745001
-0.7934917156120217
-0.23656170070171356
-0.2279315238526949
-0.07958432286977768
-0.3011392667404531
-1.056473803593235
-0.9273276513384666
-0.15930319752078503
-0.5097175308563036
-0.6587749580055691
-0.9916649257155279
-0.5075278214631411
-0.5956623215949343
-0.7049360239238013
-0.8214168410850107
-0.5961712743568744
-0.4561911459895782
-0.5048722199660362
-0.38345900307467673
-0.12274272297509015
-0.32575255510164425
-0.11822991168592126
-0.40448505741854507
-0.43695980100892484
-0.10282951407134533
-0.08184471850593884
-0.5797770606191729
-0.4916416734995437
-0.7808969816202685
-2.6003721952438354
-0.16018017726019024
-0.12838671716842023
-0.6420544935390353
-0.7569190697977319
-0.6739884316921234
-0.17720814421772957
-0.1884579169563949
-0.16910222312120216
-0.016902516064874362
-0.044477040541823956
-0.45013765338348766
-0.5671875827247277
-0.016299481251665453
-0.9884165077442851
-0.70458404518043
-0.6370956518997749
-0.5157412220255032
-0.5817741212538547
-1.7471605560609273
-0.9753843434154987
-0.9041757300194149
-0.02534052145423023
-0.36459905284071537
-0.47210182864555944
-0.452167643699795
-0.24114111326634885
-0.398424357175827
-0.9879451278089122
-0.6920833997428417
-0.2120581706668335
-0.28868074296042323
-0.016902574723644648
-0.07128895772621036
-0.2461494336155458
-0.9791144024250874
-0.12399413285311311
-1.7674845457077026
-0.9493382489308715
-0.33038169347370666
-0.41986690741991467
-0.5517278066836298
-0.8077775138724399
-0.6849519024879016
-0.7715071067214012
-0.3299846351146698
-0.10968056321144104
-1.558193862438202
-2.128251328791938
-0.06524618709444109
-0.010211466235639156
-1.5581938028335571
-0.7121865670972815
-1.1565290410071611
-0.13548958394676447
-0.13548958394676447
-0.28626163955777884
-0.3055813629180193
-0.12655880873037106
-0.09258676785975695
-0.543099746410735
-0.24652703013271093
-0.019764039665460587
-0.016902515148103703
-0.1910772314236965
-0.9551783855652806
-0.5287341524497606
-1.8299312914411228
-3.6455237409099936
-1.3195403817420204
-0.3055010363459587
-0.23770993258804082
-0.23932328951328105
-0.16622276901497654
-0.39499045500342617
-5.26031359564513
-7.907563924789429
-0.12220655598988135
-0.350026545391618
-0.6709288245474454
-1.2118150517344475
-1.6399660085638363
-0.5814510320002834
-0.2217039763668759
-0.6950966119766235
-0.21799740690940303
-0.5955166907727041
-1.4021232048959291
-0.12274278560653329
-0.011917108514656624
-0.016902515148103703
-0.38230263748714194
-0.39078159506122273
-0.2384918979369104
-1.3412235496481033
-1.1029300495167262
-0.019764157012104988
-0.15516627107839062
-0.016456384082890248
-0.015079933902597986
-0.029440717329271136
-0.0038635894597973675
-0.23405046148816058
-1.554504292900674
-0.43486176894723694
-0.9619790774662621
-0.01690260359464446
-0.3255793824791908
-0.15928010642528534
-1.4091325883351742
-0.15578872710466385
-0.37359102842905983
-0.1887312050869999
-1.159594224455456
-0.3961404699676838
-0.6091625109644762
-0.8906454232831796
-0.08577430428704247
-2.3241834811866284
-0.5428122981059763
-0.016902574723644648
-0.37168095741799334
-0.4225171839720325
-0.09293918393086642
-0.3172500828751998
-0.6581032319106901
-0.8399172091158107
-3.2666426301002502
-1.6424754454443853
-1.5395803054173787
-1.103225227445364
-0.5839300477120559
-0.2733186186213667
-2.465042239520699
-0.016902574723644648
-0.03198977113546183
-0.3367276644955079
-1.1440910808742046
-1.5581937432289124
-1.8330785036087036
-0.5917991950575795
-0.4984779643273214
-1.254285732837161
-1.4878285278876622
-0.38923070579767227
-0.3555397053544518
-0.3165886502635355
-0.19166542310267687
-0.016902516064874362
-0.47046106069631477
-1.0742491038690787
-0.6086720934448143
-1.1386869040628274
-0.12908766542871794
-0.34321805089712143
-0.19634261798091757
-0.3673990740904768
-0.6397080025247609
-0.7973247965176901
-0.8176014022036935
-0.8335023637961928
-1.0238080195018224
-0.5541968707527433
-0.6723819451613559
-0.30558138713240623
-0.37304705290911705
-0.5272251512861759
-0.9873089918866753
-0.016902574723644648
-0.5335906447726302
-6.236880779266357
-0.1570088742300868
-0.23951527532190084
-0.004650373421879651
-0.34458629547589226
-0.5823514300320919
-0.06463763024657965
-0.4202905886141317
-0.9398706879998956
-0.5209995033736858
-1.3702891978124778
-0.23905849754810332
-0.26540253396358987
-0.9301505634295089
-0.32638956499951227
-2.599333241581917
-1.133431804055969
-0.3435987148966108
-0.8575439649524496
-0.39394187093983585
-0.8420712753280025
-0.15976540806392828
-0.3055812492966652
-0.15496425047922457
-0.3333818576609095
-0.13548967335373163
-0.3055813629180193
-0.15496427191828843
-0.3333818066244324
-0.1354897702112794
-0.7867406911818156
-0.171580511134784
-0.016902516064874362
-0.8216225594806019
-0.3984241187572479
-0.44705250797172386
-0.04270417895168066
-0.601436567818746
-0.3055813629180193
-0.4980190823294429
-0.33167182789683075
-0.42362641885119956
-0.9221451525421193
-0.6205412617581897
-0.3157152384519577
-0.016902516064874362
-0.01191726497684916
-0.79860653508097
-0.16135068484776033
-0.6895997685193003
-0.573529812530353
-0.6700184482520449
-0.17985947313395123
-1.3001761557534337
-0.7437945626055201
-0.01690260359464446
-0.24924180346230665
-0.006188197672599927
-0.5654525674814569
-1.0933763645589352
-0.686535178538179
-0.6098599489445665
-0.7429763752466534
-0.8261188073824584
-0.7809650458846051
-1.4459900888323318
-0.6329412608174607
-0.1268424964154191
-0.5556788839399814
-0.3004825238667368
-0.09806262850761413
-0.736287101598767
-1.6565797569272944
-0.4220535149021695
-0.19020939789091548
-0.16316680022282526
-0.2832444578848986
-0.4508300391025841
-0.973533120391389
-0.38205834420827717
-0.7272556693878869
-0.1381027568835028
-0.5366624618578829
-0.11483922709400456
-0.5268683422385948
-0.8361020713216729
-0.2585991312993098
-0.6175683345645666
-1.7559456346290452
-0.00465049192799987
-0.5698047070505304
-0.6242833202704787
-0.7415354560195867
-1.3351360605932616
-0.5268800262733748
-0.016902516064874362
-0.6962364205550826
-1.0136234428273383
-0.8149102442121148
-0.780730128288269
-0.7053068221509669
-0.3433308641251642
-0.0040790857601678
-0.34669217467308044
-0.7305457358167283
-0.8209493866190314
-0.18094182829372585
-0.3763989124551396
-1.2758535927472014
-0.13657403821873065
-0.36186013825777885
-0.9332799540737012
-0.3538313891738653
-0.8923179011742052
-0.6515094637870789
-0.4441681076616806
-1.060242431770478
-0.3229090914916014
-0.9310112415463664
-0.4352596901517245
-0.5296768759823559
-0.0475937875235104
-0.6331566302611463
-0.4107240014739585
-0.05585912530659698
-0.1714417030743789
-1.1220347544876859
-0.5299143208068839
-0.0927262920110176
-0.34473239571727593
-0.8192692338270717
-0.4187094224292932
-1.3510074706070803
-1.3037782311439514
-1.08924429739515
-0.34669268131256104
-0.03521607648110603
-1.0240461191906434
-0.6322080932026545
-0.3984241187572479
-0.3984241187572479
-0.8090081104892306
-0.6197736918761317
-0.34178208901236456
-0.7197150230407715
-1.4403029647655785
-1.8723208718001842
-0.6849127323839639
-1.0284763149525546
-0.36068732254207136
-0.11335455626249313
-0.398424357175827
-1.194691061843696
-0.34669268131256104
-0.3984242081642151
-0.8226083589510785
-1.0620984306327348
-0.8153677056596768
-0.016902546769415494
-0.297829390084371
-0.5074418082826924
-0.8915150587974552
-1.4514728661160916
-0.7965772135316261
-2.157190969970543
-0.9579451181788874
-2.8671791126253083
-0.725737457723684
-0.6776093468077307
-0.08210582649553544
-0.10806682718711355
-0.4467313048963357
-0.9862285813352274
-1.0598751518176868
-1.2047375473659485
-0.4607048558181679
-0.5290730400787046
-0.20861459535234117
-1.6572109601076912
-1.1213364253441493
-0.695096492767334
-0.5185343817399573
-0.6240377365553286
-0.09534368253662251
-4.314183235168457
-0.011917343984047571
-0.016902546769415494
-0.009248837079212535
-0.4558086591138272
-0.7558444111760991
-0.27847321841830347
-0.7285239993400562
-0.39842426776885986
-0.5062769513045039
-0.19797148167674009
-1.006102337498585
-0.004650373678097302
-0.5000358567746221
-0.19166555628180504
-3.2051645716031394
-0.6154936423370629
-0.13548967335373163
-0.3040329295697368
-0.416829102486372
-1.1185775780274223
-1.3840063703537453
-0.6674432746933436
-0.4196262712357566
-0.6801406368282518
-0.2988430168572284
-0.7468019504255304
-0.5636334010729721
-0.8821082788519561
-1.1231660298589203
-0.016902546769415494
-1.2317206609617355
-1.558193564414978
-0.6800464864652135
-0.0060540876409504564
-3.010687828063965
-0.22483771848506184
-1.1497445382177829
-2.6973677970469
-0.7602691531646997
-0.7602691651787609
-1.0825992453610525
-2.041283312227784
-1.102597638219595
-0.30558124370872974
-0.2856187319068979
-0.18307227874174714
-0.09584727045148611
-0.3942288549382204
-0.19166541006416082
-1.4225612817390356
-0.4387794113971177
-0.7898683387532153
-0.7951460365746992
-0.08577413886087015
-0.8868660867214203
-0.22783470461217803
-0.607124833922301
-0.9258854991445938
-2.2409078422708264
-2.1422975117133722
-0.21637786515057086
-0.8875476066799214
-0.6265786666772328
-0.3740668255835772
-0.8763335100452726
-0.580931811548362
-1.5581938028335571
-0.33715154221281407
-0.9204175708815455
-0.6695312870986527
-0.3016587806244691
-0.11125919967889786
-0.01690260359464446
-0.4332712348162507
-0.13548958394676447
-0.5159464210271836
-1.1286128819714685
-0.5685072866567087
-0.7068738780155974
-0.6246659586997173
-0.30658170895254616
-0.019763924181461334
-0.6341592256877837
-0.2864928501425311
-0.019764039665460587
-1.1206210028467467
-0.41063119420869043
-0.581913596810773
-0.155310143600218
-0.21891902475796926
-2.5781527310609818
-0.1580041116532003
-0.9640260414197109
-0.016902544935874175
-3.8326011498769126
-0.398424357175827
-0.4410287569612152
-1.155450419387004
-1.5454556743303935
-1.3364673744887114
-0.37307869465175
-0.5289897120303728
-0.3299846351146698
-0.3466927707195282
-0.3466922640800476
-0.39842426776885986
-0.09632979333400726
-0.485637937622544
-0.34669268131256104
-0.5219857359925906
-8.171721458435059
-0.7413153340005212
-0.34669268131256104
-0.5829005340735117
-0.7306328639388084
-0.813217886876756
-1.5132311990484595
-1.090201056562364
-0.004356366572665138
-0.016902544935874175
-0.004356292285137897
-1.1238572206774091
-0.6913214311003685
-0.01191746179635326
-0.5975906860512623
-0.7495652067518677
-1.0240923719582498
-0.4409059068808953
-0.5859933668066877
-0.6225988189224154
-0.8188689733282305
-1.8628051010891795
-1.6596227213740349
-0.5331133805905536
-0.8246924305955569
-0.692538147526128
-0.30602944166166707
-1.4036243216445048
-0.6950966119766235
-0.426033063859885
-0.016902574723644648
-0.321772643692384
-0.34692777910580236
-1.130410800377528
-0.5358848679069734
-0.3466922640800476
-1.0428320488299505
-0.19561243671923875
-0.32998454570770264
-1.0361833918899666
-0.335846864618361
-3.1400329752941616
-0.8397672470164252
-2.333832128594319
-0.43165167374224567
-0.4268306460918128
-0.3600427967418606
-0.8519146516919136
-0.5040565270582402
-0.6964786590076983
-1.7613143920898438
-0.19166549760848284
-1.6057233586907387
-0.4664275997201912
-0.3719564899802208
-0.7756156127516078
-0.016902544935874175
-0.8517983717805085
-0.5421115042445308
-1.7847199042638142
-2.2099763485603034
-0.8639470163174404
-0.14945114387664943
-0.025288777348274987
-0.34669217467308044
-0.3299846351146698
-0.3466927707195282
-0.3466922640800476
-0.19575443866791223
-0.2677511178719049
-0.006054111918456328
-0.5078979179782507
-2.024266198907486
-0.34669268131256104
-0.29894411148445216
-0.8387515550379508
-0.34669268131256104
-1.1319290027798463
-0.010315264816612895
-0.015079746613628231
-0.029440625756978988
-0.0038636844023130835
-0.919447050048885
-1.4156850340465705
-0.6950966119766235
-1.520036610412515
-0.6767762252951369
-0.05346587556414306
-1.4755267325090244
-0.02639249638923502
-0.3479697613278404
-0.05045619300330549
-1.1019800724461675
-0.5167284884623119
-0.8071516014428602
-0.15444360813125968
-0.016902516064874362
-0.004650424302131536
-0.10757492874593784
-0.46388335437248834
-0.5172255026797453
-0.2924347408115864
-0.0970832072198391
-0.8185871118171648
-0.5143875745291423
-0.6570755869615823
-0.9761219045845791
-0.26082144419196995
-0.8646911447867751
-0.9159727850263673
-0.5238477072811553
-2.6489155100658537
-1.1139709824088238
-0.15578842163085938
-1.151189691191049
-0.3598541384351186
-0.39465417174829376
-0.06384178843687881
-0.14925580937415361
-0.5040633462369442
-0.6716246715513989
-1.3171691663031067
-0.9856866270614167
-1.6772506607489452
-0.31981179142100946
-1.3646303802728652
-0.38763624323598506
-1.3158922689035535
-1.2323418728257012
-0.5697062110810197
-0.34669268131256104
-0.3984241187572479
-2.049038887023926
-0.5299191292641419
-1.2118190182372928
-1.7231874403223628
-0.32121659960488186
-0.3984241187572479
-0.34433535546430416
-0.49573720625194256
-0.2313605993743598
-0.398424357175827
-2.0105955813823337
-1.0582125121727586
-0.5067576163758835
-2.299460232257843
-0.01690260359464446
-1.1079717576503754
-0.22962650368426693
-0.5477720085117552
-0.13548958394676447
-1.1473826327030598
-1.0108120267407725
-0.19455629594317128
-0.016902516064874362
-1.2024274526642438
-0.6467762793608286
-0.825222397975934
-1.2106857885964393
-0.004650322487577796
-0.8865471792717775
-1.6331378101361527
-0.35017636098200455
-0.052583742110679545
-0.762167990108719
-1.8561427769335834
-0.34949921758379787
-1.0170226032116096
-0.750698406357939
-0.489536367600695
-0.6950966119766235
-1.0251015503599774
-0.33747630058608663
-0.043142243681359105
-2.049039125442505
-2.329684841632843
-0.9911413125228137
-0.06832001381311177
-0.412089888995979
-0.1554001463809982
-1.1273347949716026
-0.016902546769415494
-0.25875315244775265
-0.582183134831125
-0.39758044698586065
-0.6171965394481959
-0.004650390008464456
-0.4602310817327816
-0.7330374618662366
-0.5231423887149007
-0.7850175866857171
-0.23062256630510092
-0.016902515148103703
-0.788975996353353
-0.12253859249176458
-0.004650373678097302
-0.004650491924881602
-0.19166554231196642
-1.4923639637418091
-0.48217771666531917
-2.6542953660245985
-0.9771806023394068
-0.8790564572097667
-0.34669241309165955
-0.6215258634086543
-0.3954545286186557
-0.49107540312053805
-0.20409242063760757
-0.2766522741439985
-0.016902516064874362
-2.114585641014249
-2.114585706827711
-0.4556253824097699
-0.8637468943094203
-1.077424202022402
-0.9954536377806037
-0.004650424302131536
-0.22528009773293434
-7.271598815917969
-1.628258166834712
-0.4590381904589859
-0.35343147317568463
-1.3212187252938747
-0.34064888587454334
-0.4021320431243761
-0.053364574447914495
-0.016902546769415494
-0.2697651907801628
-0.5351534603085728
-0.1681822184473276
-0.4434365804617604
-0.2602082291577972
-0.8646913217380643
-0.07858253293670714
-0.11178700070013292
-0.9909243099779511
-0.16818230785429478
-0.5390757553279399
-0.5104014680890198
-0.016902574723644648
-0.9610787996740934
-0.644859661094167
-0.01690260359464446
-0.104919906516443
-1.1271634874566911
-0.8969193569812758
-1.771607247284717
-1.006601624989084
-0.6065719136968255
-0.5691468194127083
-1.1351115060970187
-0.967455638984878
-1.48994205519557
-3.8493895257512727
-0.5429774097532832
-0.6143603001255542
-0.34744660516402553
-0.32998427748680115
-1.0253283254845882
-0.832241323643497
-0.2612980880711058
-1.7650389732398952
-0.016902516064874362
-1.5477192613512412
-0.39408529266438563
-0.9353614737949101
-0.19266427527771965
-0.778532030125605
-0.5242461452124493
-0.4252420270815492
-0.6723216511097483
-2.227968454360962
-2.2279685735702515
-1.558193862438202
-0.1783901252067433
-0.648447551560821
-1.5581936240196228
-0.36565732850993465
-1.55201705545187
-0.03814987226594799
-2.5721078366041183
-2.666416049003601
-0.7122698843479156
-0.7087427583930548
-0.8654810160463361
-1.4200460826590036
-1.5255049467086792
-0.9044642509310507
-0.9053261978551745
-3.099731422960758
-0.25238487096503376
-0.3752987609517401
-0.016902515148103703
-1.9070155142964924
-0.08716070545155422
-1.1033981675226685
-0.016902546769415494
-0.17106345540642823
-0.5822459626425471
-0.06825448376993234
-0.086736761033535
-0.34311987945693545
-2.15156888961792
-0.2936278512892646
-2.2455915845930576
-1.2695043065274756
-0.6652190877997782
-0.5318761100061238
-0.6371379173360765
-0.16113583073019982
-0.2110406911621491
-0.004650424621234249
-1.8289089798927307
-0.3055812492966652
-0.32204127883861394
-0.016902516064874362
-0.8681552495170188
-0.2816758568864316
-0.6561846500757383
-0.41107068094424903
-0.3422390433649222
-0.9354610215717306
-0.9624718938527318
-0.3335889003106526
-0.00465049192799987
-0.2983812987804413
-0.37063917020956677
-0.1623157233989332
-0.22027347369753683
-0.46511677047064515
-0.22804835826779404
-0.44272805238350493
-0.2119800967629999
-0.02325571357505396
-0.1992971102396647
-0.3574745012447238
-2.459949315422111
-0.6847960909492232
-0.41959391720592976
-0.27037999944554436
-0.21067881900817156
-0.1960965289035812
-0.2524351991713047
-0.7737768292427063
-0.6547313844785094
-0.016902516064874362
-0.35051659304299393
-0.25167691862831515
-0.9752328594747398
-0.4654885573651303
-0.7638830214273185
-1.159048503637314
-0.49512750428402796
-0.20409232005476952
-1.2955182142591535
-0.016902516064874362
-0.833161910995841
-1.105286737804168
-1.4432412030984691
-0.00465049192799987
-0.4487692825911966
-0.6596455755184601
-0.6591628073640297
-0.9868899544235319
-1.088845019608638
-0.7499465143041951
-1.1070039866071266
-0.6973475920014607
-1.5551305860655182
-1.9162671044310706
-1.4447348648640346
-0.47631396337722737
-0.406540479672213
-1.103224989026785
-0.1902298956272716
-1.1149334590458735
-0.8677481237488488
-0.016902516064874362
-0.2687882294877555
-0.10852293814307566
-0.9999825148419901
-0.19166555628180504
-0.792932051193455
-0.7366546387169769
-0.016902516064874362
-0.09705008179971628
-0.34669259190559387
-0.3466927707195282
-0.3466922640800476
-0.011917383099595705
-1.0693950774730183
-0.7759548319814106
-1.1493790194120568
-0.016902546769415494
-0.08004849606504649
-0.5345016750713208
-0.3477998766201464
-1.4451783248781187
-1.5581938028335571
-0.5322156692272983
-0.00465049192799987
-0.5121458829756914
-0.4250761884648
-0.26891537505434826
-0.34813746623694897
-0.293949660051547
-1.1385702022040884
-1.1385702410091956
-0.9708040365704801
-0.01690260359464446
-0.9914295974497994
-0.5178650968397657
-0.13534952178536816
-0.519448795138669
-0.7964011889368218
-0.5427291542969455
-0.34669268131256104
-0.34669268131256104
-0.34669268131256104
-0.29460257893827346
-0.6382932257838547
-0.2720614391235778
-0.7897720660671199
-0.46531113363802434
-0.4236992361669157
-0.2322137886658311
-1.1334315960605938
-0.593041405081749
-0.3740918007410633
-0.8405236163033316
-0.016902516064874362
-0.049471672435174696
-0.47730509569237256
-0.17158516092216208
-0.5110483183176256
-0.25483839586377144
-0.5642558336257935
-0.1354437922127545
-0.5056364020953575
-0.2550537263532928
-1.0164776804546516
-0.551035284937825
-0.30558121390640736
-0.9026707554468885
-0.016902515148103703
-0.6079701868136629
-0.7275768124691827
-1.605717553757131
-0.3813443787706395
-0.3587838103218625
-0.3933048605918884
-0.2496473476290703
-0.3742383997675709
-4.0802998542785645
-0.34178906619248056
-0.016902574723644648
-0.4421232114131831
-2.250402652490367
-0.24214300513267517
-0.11504284224565708
-0.30558121390640736
-0.557522260947735
-0.35593796426999486
-0.12058316245675087
-0.016902544935874175
-0.6824895576997236
-0.03335348134896776
-0.002741504169534892
-0.29601336643099785
-0.21826227130597026
-0.7354294415563345
-0.9315095525234938
-1.884416977564494
-0.19166549760848284
-2.375430017709732
-0.061727075672724126
-0.41239607552452073
-0.016902515148103703
-0.027695777560842946
-0.2960877323953005
-0.10905371614816514
-0.17751057332056266
-0.27291748649440706
-0.4782336371693721
-0.35638618597295135
-0.1879700305354264
-1.081313181120683
-0.13631413263911699
-0.2187944539846285
-0.29910685308277607
-0.5158177052552884
-0.027248370298184454
-0.20610314970488414
-0.042704145424067974
-0.6349364365451038
-1.7801571202331357
-0.6219052099622786
-0.2799449990452558
-0.25384457875043154
-0.40713458601385355
-0.016902544935874175
-0.4210618901027677
-1.7010297738015652
-0.4459353863556836
-0.01690260359464446
-0.0656994228562932
-0.22015675902366638
-0.23727352972188478
-0.6302585601806641
-0.32998427748680115
-0.32998454570770264
-1.416983318693383
-0.34669268131256104
-1.3898632331854768
-0.7894486165605485
-0.47938895554824706
-0.34646179086640977
-1.1675603396367726
-2.151569128036499
-0.5083267172255242
-0.3735798893363348
-0.667710501092693
-1.2154698073863983
-0.3273555927241788
-0.016902516064874362
-0.3162735704473479
-0.004650322487577796
-2.4676623940467834
-1.6465922525148926
-1.2614451395735766
-2.3257360798306763
-0.5486260657622055
-1.2261782466278721
-0.30558121390640736
-0.5520100998418296
-0.6053675707429648
-0.19756305582510927
-0.016902546769415494
-0.05797100919616324
-0.4656889207340425
-0.13895339794742706
-2.375430166721344
-1.780944327513377
-0.32644157832692144
-2.133874692209065
-0.5546166945248843
-0.6144602886940304
-0.5189127040939638
-0.9190010673796328
-0.3903163780923933
-0.649717372842133
-2.204227055015508
-0.4441751700402575
-0.016902574723644648
-0.07973554816139354
-1.104927196050994
-0.337586547040181
-0.33287121208074194
-0.28070405893959105
-1.1652573340150412
-1.558193862438202
-0.24430131473733732
-0.8475844619692423
-0.01690260359464446
-1.5736011266708374
-0.3984241187572479
-0.7436704138293863
-0.4017407579347491
-0.34669268131256104
-0.2773103036743123
-0.2636778214181014
-1.1530793071724474
-0.5833411384373903
-0.30558124370872974
-1.4851400865300093
-0.016902515148103703
-0.3094356149344498
-0.22189486481855916
-0.12775054717785678
-0.1614978912288539
-1.1292065613379236
-2.635325079411268
-0.20470646140165627
-1.0177838066592813
-0.7204452514182776
-0.27547490603423547
-1.389754265165803
-0.2779542072368915
-0.016902574723644648
-0.26289494417142123
-0.7065484801809921
-1.2589303255081177
-0.5113760111174391
-0.39756601192057134
-0.5113759815867525
-0.44043665875991184
-0.5283295108438951
-0.18842387803468025
-0.5376577375384386
-0.8024557599332184
-1.2203388214111328
-0.6722623302734324
-0.4057916068704799
-0.9960786612704396
-0.6868452408187815
-2.373244041680462
-0.2562023870865232
-1.6776597897211711
-1.6596228405833244
-0.3055813033133745
-0.8785032131376543
-0.414551803827635
-0.790312399821622
-0.004650424621234249
-1.647103475406766
-0.16018013216089458
-0.1601801649434492
-1.5210165084790788
-1.7754953477531672
-0.0828324593603611
-0.016701930124933522
-0.01690260359464446
-0.0024439311257862884
-0.002443981915088703
-2.4189565181732178
-0.5676542359869927
-0.7220121350698173
-0.016902546769415494
-0.30752503871917725
-0.10525636887177825
-0.5619184798810642
-0.552833896363154
-0.1583568750647828
-0.5239475348166057
-0.1922095153364353
-0.33517054642607036
-0.016902515148103703
-0.7871152727166191
-0.004650373421879651
-1.3950780406594276
-0.40418811663985255
-0.38383062308033306
-1.4262933186255395
-0.6827529687434435
-0.34598021887790376
-0.8526191015262157
-0.016902516064874362
-1.6866875560954213
-0.35106923151761293
-0.5440374900483422
-0.4203755478586324
-0.4816527443472296
-0.3977208234136924
-0.6858136367037609
-0.29843830317258835
-0.264926336647477
-1.47085040807724
-0.39314990125091176
-0.7062093063575539
-0.30296829269995906
-0.10207853130996228
-0.8253538964054314
-4.237646102905273
-0.19166558701545
-2.3754302263259888
-0.016902546769415494
-0.0747458309316161
-1.8072948448359967
-1.6471032984554768
-0.5985268189106137
-0.13983561973327596
-1.461269219702279
-0.32546573163541753
-0.35379338199142624
-3.8869841545820236
-0.7935008949091699
-1.115790200676808
-0.13548958394676447
-1.4800416871439666
-0.25192268446765165
-1.9948166749964003
-0.3427231146730871
-0.31594237497076394
-0.40381556933484275
-0.23246189672499895
-0.01690260359464446
-1.8274418180323362
-0.5850860642531188
-0.26418642917027074
-0.002741504169534892
-0.16883363949988658
-0.8327999721902112
-0.5107303555123508
-0.004526003344875315
-0.08498962324137253
-0.4461925415584119
-1.007503311149776
-0.31530604206272983
-0.13995423318754713
-0.7938866785007122
-0.1296500787138939
-0.17606117667391016
-0.5715546113411698
-0.5863795181798838
-0.34669241309165955
-0.4804120627564511
-0.8070866166214857
-0.11886603604407835
-0.26744307829566033
-0.310532679649542
-0.38334272866551244
-0.7156126345992865
-0.016902516064874362
-0.924674007622525
-0.4745140743101589
-0.21003068973576383
-0.01903499013496912
-0.1188134730133849
-0.019035050630918704
-0.13136357323593176
-1.8289088308811188
-0.9474795079893537
-0.363938978499321
-0.7213294773595408
-0.016902516064874362
-0.3130374722912585
-0.4426126106554875
-1.1130148695781827
-0.5025959357712724
-0.43901972034364006
-0.26128110848367214
-1.028800519198133
-0.008842137497677786
-0.7519888726125757
-0.043957699774667465
-0.6723875941666351
-1.1390869745851628
-1.1493577907482784
-0.35329411768664915
-0.2312512777862139
-0.3679513789713383
-0.17091392352345533
-0.2957205484819497
-0.9729738902678946
-0.535513708043145
-0.016902544935874175
-0.01736648827791214
-1.7965048626065254
-1.213984364643693
-0.41206903765560127
-0.44383587112341566
-0.8774791565834815
-0.5040826228650985
-1.1297871292465262
-0.9536611882969737
-0.016902574723644648
-0.004650373421879651
-0.03645578771829605
-1.0638632684607396
-0.10026325358610068
-0.7290769938951019
-0.9457464814186096
-0.4676697449933272
-0.01690260359464446
-0.12100748824221748
-0.00465049192799987
-0.5055386084131896
-0.23551408754764663
-0.6537688237925371
-0.15886036215150462
-0.45560131955426186
-1.4920330082532018
-1.2530061239376664
-5.008659601211548
-0.166826102828054
-0.4617719487287104
-0.9744313657283783
-1.6365742257663183
-0.5640923712402582
-1.4073214267555159
-0.1966091290399033
-0.6204688590718433
-0.48500708726955694
-0.016902515148103703
-0.26723171831603393
-0.17623490993476784
-1.7399711337956516
-0.42865010900204653
-0.5201998858881945
-0.025288815920551617
-3.3202991485595703
-0.32503613706860285
-0.04359586364007555
-0.5939936985893798
-0.7902621686458587
-0.004650373421879651
-0.008842128094660107
-0.014988071285188198
-0.7807303667068481
-3.398446559906006
-0.086736761033535
-1.5716588174109347
-0.05892142959263375
-0.911574022922044
-0.5760670357073346
-0.7917946126544848
-1.0779477938544004
-0.23484771359815365
-0.016902574723644648
-0.4615278392506298
-1.5598585709308586
-2.66641628742218
-0.004650373421879651
-0.5184732367698517
-1.9655059665441512
-1.2521694557120402
-1.6433203701861203
-0.8464128811444555
-0.8758084352128208
-1.7146002985537052
-0.27309781595763255
-0.016902574723644648
-0.32805267145366607
-3.1220054626464844
-1.712863843422383
-0.7437717041275824
-0.690978883455197
-0.2125663235783577
-0.4724179106997326
-0.819564564677421
-1.213984364643693
-0.24404146938671217
-0.8003657884879486
-1.1261871031973507
-0.531861486939791
-0.2465048706228397
-0.016902574723644648
-0.10578678894611926
-0.7467665982703158
-1.0952360950759612
-0.6641454681443671
-1.19979147264842
-0.9750696561698403
-0.8228038351517171
-1.0158201748660456
-0.961196719482541
-0.332083720089031
-0.793257096342077
-0.5358771335100755
-0.2844632420227364
-2.049038887023926
-0.5319074521010573
-1.6590369663068227
-0.45252677096197236
-0.9311566065065563
-0.01690260359464446
-0.6631763540882765
-0.7662153035125812
-0.5696723535858088
-1.146575606499727
-0.3309517446687096
-1.194323576603304
-0.5475340548743052
-0.5655417521983119
-0.9357445107134817
-1.0068826191986773
-4.191473007202148
-0.3278876042266699
-0.26428633169659105
-0.2588452810026259
-0.19995570553818162
-1.1636705254869801
-0.7397832079027117
-0.7139794211810416
-0.1982961632904909
-1.1230245614351588
-0.26163039278111455
-0.006605109024488998
-0.015079838209203444
-0.028904186375439168
-0.0038636602112092078
-0.1292410060763359
-0.4097981911036186
-0.7523880159881499
-0.23740511437167047
-0.912197565038999
-0.6576003786874935
-0.01690260359464446
-0.0256510462366148
-0.7987497910876603
-0.7605687503521701
-0.8303784672413409
-0.01700019379641162
-0.835999846260529
-1.9925502219547828
-0.1374093964124633
-0.2762100213350585
-1.0434869898464447
-0.016902516064874362
-1.434531613998115
-2.2279683351516724
-0.6136758784164807
-0.00465049192799987
-1.637770652770996
-1.608860861742869
-1.9346981216222048
-1.8380671441555023
-0.7938232393353246
-0.016902574723644648
-0.36189184710383415
-0.640990985208191
-0.7321520364843309
-0.5130377686582506
-1.1966908685863018
-2.300700629421044
-1.706410813331604
-0.3831928205521156
-0.9256371144543994
-0.5701512922782318
-0.41459330200979655
-0.3984241187572479
-0.3704538214528425
-1.0183547598735458
-0.01690260359464446
-0.9025116705961409
-0.36313921326239196
-2.3584419517428614
-0.20626897976697883
-0.7135252615085587
-2.23045233883895
-1.9883238490050037
-2.7492990382015705
-0.6304298639297485
-0.1298815452561636
-2.31669899293532
-0.4267125107417087
-1.3018862038850785
-2.2304524579551073
-1.1328898500651121
-0.19166549760848284
-1.1240812668462847
-0.9268589047715068
-1.2446285965117185
-0.016902544935874175
-0.10119497030973434
-1.2325677946209908
-0.2081604018858343
-0.6427528417499905
-0.885336872866197
-0.34669268131256104
-1.8653485774993896
-1.0973218619527125
-0.9687530868104659
-1.0308123531156324
-1.3244065642356873
-0.5850431133621896
-0.30613029483217924
-0.31349888733492637
-0.06058872304856777
-0.12738150581717492
-0.33050970617478015
-1.6431891058843273
-0.8877612936088223
-0.17870821478275253
-0.8286650761818657
-0.398424357175827
-0.4986934824550257
-0.5941742763388902
-0.016902546769415494
-0.618216694885632
-0.6827966456600864
-0.9511431395367254
-1.4201537785452925
-1.0231551954522728
-0.6284646490300171
-1.9572833359241486
-0.9386599749171486
-0.4201061270248733
-0.016902544935874175
-0.023508809796112473
-1.918589609009879
-0.06827252239208274
-0.41959391720592976
-0.030879691169984118
-0.30558124370872974
-0.16830912074365187
-0.22893634885258507
-0.1354897702112794
-0.016902516064874362
-0.3324261643657727
-0.34669259190559387
-0.12246598452329635
-0.016902546769415494
-0.7903670839163276
-0.4509664489523857
-0.44593130914436185
-0.011917343984047571
-0.33764743137483794
-0.004079026934050489
-0.8645142490713624
-0.004079055979673285
-0.29816556947348133
-0.023226358632070645
-0.04903616774633216
-0.009891062891776008
-1.1300313191895839
-0.7496337195459221
-0.18968871285323985
-0.2596033811569214
-0.1663314315671662
-0.4041047455393709
-0.16391618881930803
-0.8677594881532166
-0.08209065347909927
-0.5639060218319563
-0.36221642248777
-1.122387781040743
-0.025288701600705583
-0.44424649687217815
-0.32979252700073025
-1.1311331415282828
-1.1899292985550487
-1.4794542065588758
-0.007189518263994951
-0.015079835255164653
-1.109900403744541
-0.003863660234492272
-2.7572760581970215
-0.2678714408035982
-0.5054982741832126
-0.8114791214466095
-0.7770785262026558
-0.76054827272892
-0.4407573044057547
-0.007638276243431557
-0.015079933902597986
-1.1894193996675313
-0.0038635894597973675
-0.5577743135538185
-2.7572760581970215
-1.2328204214572906
-0.28853059633235845
-0.7862970978487283
-0.1333221548858866
-0.13262067056796065
-0.9361472788399884
-0.016902515148103703
-0.016902516064874362
-0.26976529508829117
-0.32998454570770264
-0.8646909664385021
-0.15578871965408325
-0.4405248935153294
-0.30558138713240623
-0.39144814009500073
-0.025592814083211124
-0.016902544935874175
-1.9267472904531233
-0.46099597415579613
-0.6222743298858404
-0.07795353489468414
-0.4599142228253186
-0.016902544935874175
-1.499579709401587
-0.2306870004395023
-0.3466922640800476
-1.3706891518086195
-0.9104390110058541
-0.34669217467308044
-3.2502996921539307
-0.8767889132723212
-1.0578032732009888
-0.5831131751516035
-0.8849873350700364
-0.22719913657887705
-0.32998454570770264
-0.25431760375726126
-0.14156944930569312
-0.2915080847617771
-0.8552863954433373
-0.4748816803097725
-1.459813525279363
-0.27033391646626925
-2.6209569782018662
-2.620957136899233
-0.6276804063469171
-0.3299846351146698
-0.28166787747177296
-0.7634894542396069
-0.6248830191736274
-0.7101801289579641
-0.4703581301410767
-0.8209062170470134
-0.5621250822413935
-0.5882433529943227
-1.94647416472435
-0.593041405081749
-0.14668462228837598
-0.24100100017052942
-0.3157151862978935
-0.011917225861301025
-0.016902574723644648
-1.2081716636145887
-0.11861640959978104
-1.6297861918468366
-0.06086880140173889
-0.5615901763812872
-0.19210880222090054
-0.5503386370837688
-0.2901559137972072
-1.3910964981769212
-0.19034623354673386
-2.2994601130485535
-0.442539890487255
-0.2996617540096243
-0.5760683940856585
-0.08326766536386761
-0.1941132098569266
-0.4705732953734696
-0.1442276876186952
-0.30834712509143475
-0.016902544935874175
-0.3286390695658546
-0.9724399962753523
-0.5208498444408178
-2.0615900380847356
