-0.6111624985933304
-12.219882323545335
-11.12088138773106
-0.12811264116317034
-0.0676101797434967
-10.384810485935304
-1.1857324838638306
-0.8439876139163971
-4.136300359852612
-20.530577394696593
-24.119561271741986
-20.53058127893746
-7.474627532501472
-0.03955692797899246
-0.010966017609462142
-0.7021384630352259
-0.1281124223023653
-5.675605716533028
-0.06761029889457859
-0.5133630437776446
-10.420300292651518
-5.332832336425781
-5.144215762615204
-13.007608450949192
-3.0682560667046346
-6.886889427900314
-9.560131466190796
-2.4800729751586914
-3.0682562764850445
-7.35285310447216
-0.10574030827046954
-10.260391849005828
-5.549502435838804
-0.019318422011565417
-6.554441859887447
-6.102019429206848
-3.377459512790665
-4.463485712185502
-10.198026888305321
-0.06761041437857784
-10.031037382781506
-9.690154276788235
-0.2538385628722608
-1.0084010660648346
-10.224024860188365
-3.074674168601632
-5.545550528913736
-14.106063608211116
-5.024057118804194
-1.8752938417019323
-10.712701335374732
-38.059131370530395
-7.524686310440302
-2.7776564974337816
-3.5985310554970056
-0.6029158160090446
-6.138036829132034
-0.06761006059241481
-2.2887414489523508
-9.70788541820366
-6.22139241732657
-10.487961777020246
-7.309786940342747
-0.07886225528272917
-1.4412424665642902
-11.1426977715455
-10.230139421764761
-21.137547999620438
-4.751958202861715
-12.87294578156434
-4.3289665434276685
-1.8563336227089167
-5.6378679275512695
-7.434046259499155
-0.06761006425949745
-0.9011902935453691
-2.959121690975735
-2.2942950867000036
-3.197895811870694
-3.930188993457705
-15.627021238207817
-9.07862924732035
-1.4752504847128876
-13.693857496691635
-21.565460334531963
-7.154963716631755
-7.062924908997957
-0.3833311740309
-1.7590030647697859
-11.946069304489356
-3.724629569798708
-1.6016047720331699
-6.806580745149404
-5.4307107725180686
-2.68754352722317
-4.598920464515686
-3.8228930944787862
-9.661280508313212
-16.35803103260696
-0.6241955412551761
-0.06761006425949745
-24.05943757132627
-13.179781270155217
-0.03255344349599909
-3.8617627192288637
-5.421162664541043
-7.924417957270634
-13.918121948139742
-7.344608333078213
-10.260392081385362
-5.5495020187227055
-0.025659455604909454
-4.775031204713741
-9.460988392922445
-3.227261286228895
-18.270815301686525
-0.0676101797434967
-4.537069238722324
-5.971297231735662
-4.99662491880008
-7.312682613264769
-6.825487729161978
-23.9651793250232
-0.25416675007727463
-22.823122888803482
-5.2164929658174515
-8.266915717264055
-3.5645499963393377
-0.11509234178811312
-7.8759559923782945
-0.5884716287255287
-14.348132386803627
-13.752700998447835
-3.886324989143759
-3.2734655325766653
-17.826495344605064
-5.114825596137962
-10.260391733492725
-0.14452103688381612
-0.019317946047522128
-12.745641290301137
-6.46087121963501
-1.5377945073851151
-22.784168522804976
-9.08683354826644
-13.562450122553855
-0.06761006425949745
-1.0623858676408418
-10.00933869293658
-9.852885280139162
-5.604315726086497
-5.5565145756118
-17.13620948069729
-21.404621902576764
-7.092943857136561
-0.06761006425949745
-0.3135765278711915
-0.5146920733095612
-0.5323880522773834
-5.946207715664059
-1.3510302264476195
-3.503385506395716
-0.9666099645291979
-6.329199679661542
-0.8902364173118258
-1.1860829442739487
-11.18496208707802
-28.05760792797082
-9.363888442516327
-0.06761029889457859
-10.210721237177495
-8.959234272362664
-0.03575132554396987
-6.905654148788017
-1.185732513666153
-5.556514218915254
-5.063624337315559
-3.2942073065787554
-8.987126960768364
-5.725617526099086
-3.657818078994751
-4.614483377896249
-6.667112371767871
-4.337727002799511
-2.761847826943267
-3.3990717753767967
-1.0377764366567135
-4.339095950126648
-10.647755432291888
-3.994240300729871
-15.264323212817544
-7.217424489557743
-14.866092475655023
-12.653204709291458
-4.240021729841828
-3.2374263126403093
-0.06761018707766198
-7.778749247430824
-2.878215200267732
-4.167632243363187
-1.1160530457273126
-2.543864610917808
-0.035751677583903074
-5.622663082554936
-13.92285153688863
-0.9644598347331339
-1.8819865118712187
-0.09661939979559975
-4.772562492638826
-7.822393440961605
-2.0860966658219695
-7.421394172975852
-8.830688807007391
-2.0292164725251496
-2.08943365002051
-7.700020830146968
-17.435826231259853
-0.611162543296814
-3.0838910553138703
-0.06761018707766198
-5.85692984983325
-0.1092303056793753
-0.03255273005925119
-5.440891410231416
-0.21237313793972135
-18.413176646572538
-1.3018695339560509
-17.400995473144576
-7.130417286418378
-3.4457337860949337
-3.7235810956917703
-0.5005083451687824
-0.8028210084885359
-3.0534976138733327
-8.179697768762708
-4.3436280698515475
-15.688682913780212
-14.804032940533943
-0.8278236039914191
-0.8809693865478039
-15.31064003816573
-4.887886379583506
-4.915864339098334
-3.3202993869781494
-17.400996843876783
-2.292664799839258
-3.210271674208343
-1.3625959306955338
-2.961600952605295
-10.032652439580488
-8.144858831146848
-0.06761006425949745
-17.621455550572136
-5.332832336425781
-2.1830682499712566
-2.059804853051901
-4.904195085982792
-1.8546889142453438
-2.656669522060838
-0.03255273005925119
-4.5464357559685595
-2.1328942850232124
-7.8089358657598495
-5.332832098007202
-4.558718912419863
-2.4486126974225044
-0.0676101797434967
-7.447328108057263
-0.42107653617858887
-0.34669268131256104
-0.6972182393074036
-0.34669217467308044
-2.4066024215426296
-6.747920607216656
-0.34669268131256104
-0.34669217467308044
-2.124555558897555
-3.689382515847683
-5.9004190331324935
-3.808234303840436
-1.5165167674422264
-1.2460513089317828
-1.8001955235085916
-10.405982974451035
-3.521649342030287
-0.32998454570770264
-3.057917374186218
-8.90128774131881
-0.44027685071341693
-0.6322426944971085
-1.1860830634832382
-4.941825399087975
-2.324130664936092
-3.3492679956834763
-9.422880453639664
-2.0918928163591772
-0.06761029889457859
-0.14956013202026952
-2.002980637436849
-3.192264102093759
-0.3984242081642151
-6.21637344150804
-2.270617122761905
-4.192484397673979
-16.710536960003083
-8.824134061113
-6.721115185924646
-6.973573339171708
-1.7425177469849586
-0.29197653918527067
-5.3030913304537535
-2.9589576786383986
-0.38069235533475876
-7.703699268658966
-5.948770797345787
-0.0676101797434967
-24.995284405813436
-9.99930259026587
-2.731904271640815
-3.445328541100025
-13.766253643363598
-7.498981467448175
-0.38333084620535374
-8.3582763671875
-5.7778525575995445
-0.2924688085913658
-0.3984241187572479
-6.292010608623968
-9.056299875956029
-0.8968300658743829
-5.88091623026412
-1.2555897925049067
-9.720750246051466
-0.06761006425949745
-6.409746833407553
-3.132425611751387
-0.03255297234863974
-4.70557010313496
-5.97756133088842
-1.073854923248291
-10.502671207272215
-17.976286028453615
-3.116387724876404
-14.629381775856018
-1.4442557841539383
-2.7393324226140976
-0.160459565842757
-0.28435803086904343
-0.03255225741304457
-14.839167284895666
-1.1860827058553696
-34.95748816303967
-4.71784292999655
-10.734846290200949
-1.899474948644638
-0.06761006425949745
-0.07586644776165485
-3.2942067086696625
-8.086664490401745
-8.766965787857771
-2.1128035065194126
-13.66905123511242
-14.296782054603682
-26.934503906169077
-13.137891575315727
-0.6631649974733591
-2.798508170992136
-11.858542416477576
-2.7776567954570055
-8.789933026302606
-0.06761006425949745
-6.27111114829313
-32.92486185760936
-5.340714176185429
-16.421517434180714
-9.6311041014269
-8.37108388543129
-17.323468305636197
-11.116728196619079
-32.62146647920599
-8.76530808210373
-13.30994387564715
-11.244212660123594
-8.060731382807717
-7.927085060160607
-5.038314504636219
-10.660981736320537
-13.999048693338409
-2.7776564974337816
-3.9470267748110928
-6.640074025050126
-4.428609122289345
-12.848427821096266
-11.66181438388594
-4.084964651614428
-2.254550482146442
-5.710375114809722
-3.3774599581956863
-2.7776569295674562
-12.644347721710801
-9.296389684546739
-2.1328943744301796
-2.7586873192340136
-19.35151664238947
-2.7776566352695227
-0.0676101797434967
-0.2741708328248933
-14.594392159488052
-12.696912717074156
-5.33283257484436
-5.991269710211782
-4.0042615700513124
-25.68117052584421
-7.551845841109753
-3.8873851782409474
-2.644536010346201
-1.3282873891294003
-7.291027730330825
-12.175357995554805
-7.919508099555969
-3.120396641170373
-0.06761006059241481
-0.1625429168343544
-7.672423550160602
-1.6343689009081572
-7.102111791755306
-5.998785113100894
-0.051415832713246346
-1.7177543414290994
-5.6613721046596766
-3.528662506258115
-5.942339841203648
-0.9602677822113037
-0.8854663698002696
-2.014763815328479
-1.3077677360270172
-0.017107754159951583
-0.060540994794791914
-3.346345668891445
-0.8639545939222444
-0.01710787340562092
-4.012807007675292
-0.3986824169260217
-12.050469630630687
-0.0676101797434967
-5.004106106451218
-6.996229659765959
-3.1463174412492663
-11.136197869513126
-4.46348487958312
-10.213600314920768
-4.463485583662987
-3.383269294165075
-14.740931078442372
-2.1823932012775913
-5.74336457571917
-4.463485706597567
-3.5788857489824295
-6.102020025253296
-15.106489346770104
-8.866347202390898
-0.06761041437857784
-2.336437939789903
-1.2626912593841553
-9.196554976631887
-5.861808039713651
-2.186404228210449
-0.2709792833775282
-2.0853950968012214
-1.508806315017864
-6.890550579584669
-0.06761006425949745
-5.587827923009172
-13.168981371956761
-9.096959743515981
-15.112354025244713
-19.296142928669724
-2.2712678434327245
-0.01631622391869314
-0.016316343826474622
-0.017107754159951583
-5.332832336425781
-6.102019786834717
-5.049642057027086
-8.377109369263053
-24.653863435258245
-11.199188920028973
-10.151569011650281
-6.411983292629884
-10.159254317171872
-30.31301358337805
-4.755206108093262
-4.755206108093262
-1.5165174454450607
-0.0676101797434967
-7.34335263207322
-9.094635753834154
-0.06761006425949745
-3.5161307021044195
-1.0200911313295364
-0.06761029889457859
-1.4719945453107357
-1.8979687949758954
-4.325681056943722
-1.8142138221301138
-0.9989089425653219
-1.0752592964563519
-15.183945841956302
-0.06761029889457859
-6.945416949205537
-22.52764145610854
-4.022296077106148
-4.463485473766923
-7.774937676411355
-0.06761006425949745
-5.37692909874022
-4.66022791294381
-2.976695309043862
-4.8522895677015185
-0.8009006683714688
-16.317133970558643
-14.925445789713194
-6.836310895159841
-6.529526454745792
-9.2819399957516
-5.385242626901345
-16.169330532546155
-6.513538303901441
-7.962655923794955
-7.146890738978982
-3.116387724876404
-7.890270285604856
-7.9245993457734585
-4.543277667835355
-15.342938501669778
-0.06761018707766198
-7.701926759909838
-4.63276619836688
-2.977939300239086
-3.2942073065787554
-11.041702779111802
-5.3741046609357
-5.051521926572605
-3.4215268383268267
-5.2595849086064845
-2.9067008781712502
-4.067431921263051
-11.218560101689945
-11.55502511645318
-4.282921351272307
-4.264010195215178
-9.336513139307499
-0.06761006425949745
-4.7025113298150245
-0.34669217467308044
-5.179264082043119
-3.0170143777504563
-24.36009970874511
-14.959764436614932
-7.589202432765887
-11.84865839406848
-2.665156799921533
-19.821180719065524
-5.313890727004036
-3.0640003112348495
-7.055599418934435
-1.1041601158940466
-15.039176245707495
-0.3984241187572479
-3.4450555592775345
-0.12811264116317034
-24.342654155858327
-0.06761006425949745
-0.4817058900371194
-23.327851856458437
-4.643686737079406
-7.354839853011072
-0.2709795404225588
-0.8229490589001216
-2.2961262688040733
-5.757653459906578
-2.1404214681242593
-7.281686097383499
-1.0325789242051542
-0.0605407645325613
-0.49505456851329654
-1.2651053667068481
-0.5395381972193718
-3.1508789975196123
-0.06761029889457859
-12.996740816859528
-0.844899756135419
-7.995444051011873
-22.625639444508124
-8.615559593745274
-0.793971519684419
-30.399525051936507
-23.255193511024117
-3.8432830832898617
-14.846745592338266
-3.1163874864578247
-6.853325866628438
-0.32046275958418846
-10.274852603673935
-19.21425923332572
-2.5719579929791507
-1.156447775196284
-23.15747795533389
-3.7711268527200446
-4.536533291917294
-4.56488305516541
-0.06761006059241481
-34.932580945955124
-1.1833254437660798
-3.3204388876438315
-3.8616215842776
-11.924077488016337
-3.97758512198925
-2.1267797332257032
-1.2413231432437897
-1.2302582693228032
-18.35116342420224
-0.5749507248401642
-12.096256657037884
-8.480377815663815
-18.160839074058458
-19.054444529794637
-0.37270221923245117
-10.494022620798205
-1.4946357297012582
-0.07586563611403108
-0.39753429405391216
-4.561072660850186
-0.03210015732474858
-7.462782848859206
-26.097440842386277
-0.0676101797434967
-9.543223654123722
-9.160020023351535
-1.7337043406441808
-11.375337533652782
-5.329687888966873
-0.0676101797434967
-1.5455679596634582
-5.9872967560295365
-0.06054158037113666
-0.34669217467308044
-0.08673664927482605
-2.0953477690927684
-8.602351602050476
-3.2524915121030062
-1.8112866634182865
-5.959196087991586
-0.5906584560871124
-0.3806922659277916
-17.96816505206516
-6.023289243512409
-23.598354073656083
-9.553323084284784
-7.410387999378145
-6.395725085545564
-0.06761029889457859
-5.5917030866403366
-23.734152793884277
-3.0854332237358904
-4.790559510787716
-6.909724583849311
-8.856919636251405
-5.803725934529211
-2.7017551008611917
-9.012502037920058
-13.57134982640855
-13.537020046263933
-23.24590836535208
-0.6217701491696062
-0.29778529703617096
-6.660046091419645
-3.733751259969722
-8.830945034511387
-5.983007193117373
-2.631168130719743
-5.1897355150431395
-2.660364881157875
-2.3359241485595703
-0.34669217467308044
-2.049038887023926
-32.5554789828675
-3.925510161090642
-22.55339868577721
-0.32998454570770264
-0.3299846351146698
-22.15860648411035
-12.60740051465109
-0.34669268131256104
-6.148358225822449
-7.197494518066378
-14.716542337540886
-0.34669259190559387
-4.175003396347165
-7.645427175797522
-0.06761018707766198
-7.188714470306877
-14.6261420478113
-7.922346696257591
-8.343213558197021
-8.950019836425781
-4.892792949263821
-8.869801588589326
-0.4460628256201744
-3.116387128829956
-9.500552098121261
-2.2396006629351177
-0.06761018707766198
-5.196763286017813
-0.3833311740309
-22.36868331192818
-31.549348772699886
-2.915718005893723
-4.309515491127968
-2.3359241485595703
-11.988786570727825
-3.8111655013635755
-18.675800429977244
-9.288099217759736
-0.34669217467308044
-10.740119882510044
-7.750958409626037
-3.4066990636420087
-6.806229505687952
-6.170394710759865
-17.05714172392618
-4.783639758825302
-9.474633623161935
-2.77765678986907
-0.21387303620576859
-12.12524664402008
-10.486059230170213
-8.268521179445088
-7.552954435304855
-11.989246235774772
-13.725975753040984
-6.163262724876404
-12.510293813887984
-4.023356741294265
-5.237321205437183
-0.5776627957820892
-14.634210425108904
-4.078349967487156
-2.7776565570384264
-3.7316186365205795
-5.0182921490632
-0.06761029889457859
-8.583682884578593
-3.1163876056671143
-0.01710751788050402
-0.21237339125946164
-7.526301085948944
-6.458460433408618
-11.377578506348073
-8.97545922640711
-6.303437352180481
-13.228336490690708
-3.2671826416626573
-7.607185988686979
-9.749242390040308
-5.116737242904492
-0.0676101797434967
-5.344931967556477
-8.593294396996498
-8.821712632197887
-3.116387128829956
-12.416133202728815
-18.852732533447124
-5.037259035278112
-0.06761006425949745
-10.63951241603354
-4.463485712185502
-3.1163876056671143
-3.1163876056671143
-28.96883134386735
-5.9707417488098145
-4.892791763180867
-7.875075033400208
-3.116387724876404
-10.141277032438666
-9.189476371742785
-6.074714660644531
-6.102020025253296
-0.8952947184443474
-5.734572019311599
-0.06761006425949745
-11.900761178607354
-13.243242217227817
-0.06054087640950456
-9.245359318221745
-0.016316581080900505
-2.3118832281361392
-0.0163163430406712
-3.116387724876404
-2.2706173602491617
-9.431621833587997
-0.11621099858894013
-0.6111624985933304
-5.684977743687341
-11.090893491287716
-15.23850079299882
-11.139870181679726
-0.06761006059241481
-4.030055435268878
-7.249509415589273
-0.6111627258360386
-1.1493100557927391
-5.955202105316857
-1.9243099866434932
-11.255120766349137
-0.06761006425949745
-0.26682779037219007
-6.194410406984389
-8.518699613865465
-3.048846242891159
-6.413039507177018
-4.597639437764883
-7.840551872854121
-7.351221561431885
-9.736727109877393
-0.6111627258360386
-9.13951111699862
-7.358356854820158
-0.2429370079189539
-0.06761006425949745
-1.2074755165958777
-0.6216010288335383
-2.403968518388865
-5.575080665759742
-3.1540676755830646
-0.6049653626978397
-1.5088063145522028
-24.363279995399353
-5.761850980881718
-10.810738279600628
-1.0227896557189524
-0.12811265606433153
-0.03575132554396987
-0.06761006059241481
-0.14062991863465868
-15.648679053614615
-24.26411873305915
-0.019763806834816933
-1.4566654896480031
-1.2079332917928696
-0.06761029889457859
-1.541406560689211
-2.155452933162451
-4.231253772974014
-1.2651052474975586
-9.09401948750019
-2.5297600626945496
-6.5387541360687464
-39.2014988585579
-3.3671741485595703
-2.9248665972227172
-0.06761006059241481
-17.255565864150412
-7.658721741252521
-10.462233717087656
-13.276460238033906
-0.6372775007039309
-1.1763887630950194
-12.007770728203468
-3.3192445263266563
-6.417295559076592
-9.350675340239832
-6.964853429235518
-1.2221768461167812
-3.294206950813532
-5.332832098007202
-3.4296553879976273
-0.06761029889457859
-4.071441982407123
-2.4764381090644747
-16.107128595962422
-11.134026925021317
-16.891794982133433
-8.425485083833337
-10.871362094505457
-1.0925738103687763
-7.6632728485856205
-11.718599756248295
-6.612937820609659
-10.551522981448208
-5.165503010852262
-5.4172497391700745
-6.821029871702194
-7.4255422577261925
-10.771708011627197
-20.41628106389544
-1.8018220667727292
-17.280502976314892
-0.0676101797434967
-0.3075249493122101
-14.593357941193972
-30.463479014506447
-11.177956913597882
-4.765887197143456
-14.1126738646999
-11.988877489231527
-12.087836224585772
-3.273833413142711
-0.11950602382421494
-0.9174982141703367
-3.680150139844045
-3.657818078994751
-0.1195065937936306
-0.9174981769174337
-3.68015069141984
-3.729427823331207
-0.017107754159951583
-0.05295883122016676
-4.929012717053411
-0.08586738053782028
-10.260391733492725
-0.14452103688381612
-0.02565933341975324
-4.102226291783154
-5.332832336425781
-3.443748652935028
-1.6158347520977259
-11.695782542228699
-1.721135732717812
-3.116387724876404
-14.311274599283934
-7.511792230165156
-11.575082051684149
-0.06761006059241481
-3.2174183055758476
-8.19864871003665
-11.172357981276946
-0.3466922640800476
-18.66076586030249
-21.307067904039286
-10.679016215493903
-1.4348694595028064
-20.13008312664897
-4.379653936204704
-15.304937312263064
-27.902370553580113
-8.203310574579518
-6.467526137443201
-0.06761006425949745
-14.585629156397772
-0.33568341577756655
-0.3466927707195282
-6.704318218224216
-0.1514812707901001
-12.13992576565579
-20.01843505288707
-9.381566651165485
-5.0875344150699675
-4.272553720511496
-3.0937631780120682
-6.151117701083422
-0.06761029889457859
-0.9847201402590144
-7.572328613139689
-10.183264703373425
-10.183264098712243
-1.5673966243484756
-11.675376733706798
-2.009668195620179
-7.131938369362615
-14.126191091811052
-7.35048920463305
-1.2880547732611376
-0.03531786613893928
-1.8423696984173148
-0.007666653320484329
-0.2709792833775282
-8.928199435584247
-0.06761029889457859
-0.03575226524844766
-9.96808834769763
-3.294206600636244
-14.460866742418148
-8.039154134137789
-4.656109869480133
-3.7792461160570383
-16.533451974391937
-8.929260686971247
-7.628213127260096
-2.4507343024015427
-0.06761006425949745
-12.710969236039091
-15.411618320009438
-3.289969074743567
-5.5205706839915365
-0.2709794007241726
-4.7860735041576845
-1.4730355827887252
-1.7635560892522335
-0.6111626140773296
-16.73393967434822
-1.0252287480980158
-0.41608553286641836
-0.27097916789352894
-0.06761018707766198
-2.313534950837493
-0.3741713188792346
-8.860496740788221
-5.649048674851656
-7.015795088373125
-5.983397092670202
-0.03255344347417122
-4.01570606927271
-0.7021384630352259
-0.27097916789352894
-1.6345567046409997
-19.7242800462991
-0.06761006059241481
-10.615911323577166
-16.957579590380192
-1.8020933780353516
-2.9615095891058445
-13.31890809442848
-7.766896520741284
-1.2657974688336253
-3.029800665564835
-15.085257946746424
-2.059202340664342
-2.357370749115944
-6.657365280203521
-6.552145705092698
-5.222126168664545
-0.7398592585232109
-7.8072845516726375
-2.516813468570035
-16.771642783191055
-5.4170294158684555
-18.595230500563048
-7.8072845516726375
-2.516813468570035
-16.771642783191055
-3.1163874864578247
-5.332832098007202
-18.246566402129247
-5.33283257484436
-9.551270836542244
-2.066419332753867
-2.6656627166084945
-3.1849906325805932
-9.258324990747496
-0.06761041437857784
-11.374960021355946
-13.434284969232976
-7.077569022389071
-4.567388415336609
-2.157962160083116
-5.732153318822384
-1.3673004414886236
-4.055438908282667
-16.02411659189238
-1.6311779092793586
-3.2942067086696625
-6.564877510070801
-4.724666960770264
-7.943893605843186
-6.754225246608257
-0.12161381542682648
-1.978820406831801
-3.294206600636244
-0.31157684326171875
-0.12811230588704348
-9.258179444790585
-10.272550061403308
-0.06761041437857784
-11.810122918337584
-17.20244617247954
-26.141524385660887
-11.990556290373206
-3.5638488866388798
-8.703850976191461
-18.552092341706157
-3.116387128829956
-5.1442155838012695
-5.332832098007202
-0.16736679151654243
-3.356584672408644
-16.25937222923403
-0.06761018707766198
-0.03255273005925119
-5.5429916541907005
-9.665973742376082
-2.4825011529028416
-16.131694023963064
-0.03255273005925119
-1.5285643227398396
-12.545792623888701
-6.914817810873501
-11.687779031170066
-8.582119580358267
-1.9487114921212196
-2.476174966612234
-8.251283330078877
-1.4480339855654165
-7.994786103256047
-5.209696985781193
-18.860627236397704
-11.448739359155297
-12.559296580031514
-0.06761029889457859
-0.7919573520630365
-6.811694940552115
-14.102263468783349
-0.3540158271789551
-14.763680277392268
-7.804494261741638
-2.862851560115814
-8.291441150009632
-0.27097916789352894
-0.4668595250695944
-2.2710068970918655
-5.722717513795942
-0.8380527179688215
-1.321706598624587
-16.135014109313488
-0.6111626140773296
-0.26893241703510284
-13.157217739964835
-9.017622671090066
-2.1206548255868256
-2.8740361519157887
-9.874399718388304
-10.260392081385362
-5.5495020187227055
-0.025659455604909454
-5.57696115114959
-9.02005903061945
-4.943399577168748
-4.379476811736822
-9.229281482694205
-9.379127781838179
-9.547176368978398
-21.804272216788377
-33.207958900602534
-0.06761041437857784
-16.063592786202207
-11.073092615610221
-16.63223473727703
-8.43563679838553
-1.6024259654805064
-2.647904546931386
-5.890975823625922
-4.197206476703286
-4.043619006872177
-7.868791336193681
-10.726870858226903
-1.739475779235363
-1.3650372512638569
-9.202156314306194
-1.3723305817693472
-4.996684858982917
-0.6652058273321018
-5.017730482388288
-0.9435179219744896
-0.0676101797434967
-1.0457920020562597
-17.12409222777933
-2.840523364022374
-2.6651563976774924
-3.120948286727071
-0.03756528297321893
-0.6950966119766235
-0.032552970114920754
-3.813312252983451
-3.8928983211517334
-0.2709795404225588
-2.7280156745109707
-16.074543852359056
-0.7037889948114753
-8.874925166368484
-7.202056415379047
-0.14089081925339997
-0.27097916789352894
-5.54381662979722
-0.19839848205447197
-11.569804539903998
-13.596235198201612
-0.9357055621221662
-3.9961215931689367
-29.121220397762954
-5.347653510863893
-0.10237183375284076
-0.06761006425949745
-2.8517950251698494
-0.780730128288269
-0.019763924181461334
-0.019764039665460587
-11.501858975636424
-15.90389283746481
-8.283741431776434
-4.229151725769043
-3.654947829490993
-11.79513902751205
-0.8937338826945052
-0.7807302474975586
-9.078426241874695
-0.2538389512337744
-16.97324073582422
-3.5315338373184204
-1.8968078782781959
-1.1624283993151039
-0.06761029889457859
-3.116387724876404
-8.30825874209404
-6.020432608143892
-12.506596195598831
-5.592716722749174
-2.375494234045618
-2.4651354774832726
-2.3936075647361577
-17.757649292761926
-3.64860138297081
-4.51870293263346
-5.024179928004742
-3.785122257540934
-2.8752165362238884
-0.06761006425949745
-0.5343008912423102
-18.002840656321496
-0.03255297234863974
-0.34669259190559387
-0.398424357175827
-14.838633313775063
-4.347300020977855
-11.080440483987331
-5.225319642573595
-1.9018879982177168
-5.936121290549636
-2.3112688064575195
-2.7057680785655975
-14.060193361248821
-0.3833309952169657
-0.3984241187572479
-0.611162543296814
-1.0364162972473423
-9.981486555967422
-0.06761006425949745
-6.265903994557448
-7.709744293242693
-0.26682779037219007
-0.3878963117731473
-0.03255344347417122
-2.669295205792878
-2.579010259360075
-4.419525675475597
-4.595162993638951
-3.752199553302489
-3.260180926628891
-6.584125039735227
-6.922929962165654
-11.798717712270445
-1.7975375750102103
-1.508805823046714
-0.8388621807098389
-2.8535956968553364
-16.64336438907776
-0.04564942046999931
-7.650053866498638
-0.6861376371234655
-9.90005980967544
-0.34669268131256104
-1.817990456649568
-3.6482250089757144
-3.2313324436254334
-3.7743101506493986
-8.417252324012225
-0.26122018694877625
-14.376783191517461
-0.921478315256536
-7.354721307754517
-13.98679584916681
-9.389420114457607
-7.951545260846615
-6.138711576350033
-6.400110471411608
-17.46937121060182
-0.06761041437857784
-21.02446068696736
-20.35736082305084
-12.499109382508323
-0.06761041437857784
-13.852248088194756
-11.572054015472531
-6.014101236651186
-9.192889207042754
-3.1680078553035855
-0.20963696669787169
-2.6607355910819024
-4.843600292224437
-14.965024026227184
-0.6111627742648125
-18.122963724163128
-0.41154859407106414
-9.639822130040557
-1.4436696767807007
-26.837968639098108
-5.044986009597778
-16.811013724654913
-3.6179003082215786
-4.366565002594143
-0.5881483717821538
-4.202679535374045
-24.200200415216386
-7.846132842278166
-7.945879930630326
-14.702871185800177
-9.21384032870992
-1.1679318177048117
-4.328851219266653
-4.177883824952005
-1.1649158231448382
-4.986590017797425
-10.477752305567265
-8.181904101598775
-4.368647363036871
-8.497522286139429
-1.8015352262664237
-15.228624553998088
-0.32713437359780073
-7.5868292995291995
-6.28262408185401
-14.701426807092503
-15.832973037613556
-10.394275343627669
-1.186082810163498
-8.203840475995094
-6.118593439139659
-7.9605891251630965
-15.387936934828758
-0.06761006059241481
-7.6274546814966016
-8.390204448718578
-8.49697390635265
-13.38803596701473
-22.246758615598083
-24.20758638298139
-7.71545732265804
-5.273637733902433
-0.7847527618323511
-5.001198808313347
-2.130868650972843
-0.4643526989966631
-2.765905022621155
-15.928672553040087
-11.939132654108107
-18.73730920953676
-12.303630401976989
-0.06761006425949745
-0.6648875530809164
-8.584253695909865
-10.784790487959981
-0.780730128288269
-7.275995037518442
-0.03255273005925119
-0.03255297234863974
-4.386032845592126
-1.8123044441454113
-10.97680238596513
-1.2231230990728363
-2.971132432576269
-3.695095601142384
-0.7807302474975586
-22.43845411024813
-2.6166897108778358
-8.787675760686398
-4.1564234718098305
-6.310025166720152
-0.19668493326753378
-1.5891459530685097
-20.51352264697198
-2.015607424080372
-1.7425179854035378
-0.4683535136282444
-11.411381618352607
-8.667151904082857
-4.821061313152313
-33.27532704081386
-0.12811230588704348
-13.373123869299889
-0.06761006425949745
-2.238435208797455
-7.673411052674055
-6.916074752807617
-23.989860743284225
-10.944665452465415
-13.792774745961651
-3.664742511929944
-8.847623221576214
-8.950387828750536
-1.4563930475896996
-2.3768592128835735
-1.5170799978077412
-5.031573547341395
-5.349373281002045
-0.27097916789352894
-30.424279899918474
-8.542741277255118
-15.174654295668006
-26.628231123788282
-21.73641481436789
-20.772878360003233
-5.3103300088550895
-43.41878759942483
-14.523004761023913
-0.03575214929878712
-7.344607299310155
-0.07539917627582327
-5.5495020187227055
-0.025659455604909454
-4.6254651211202145
-0.709176778793335
-30.4543503948953
-30.632405347423628
-9.249919365014648
-0.7381918085739017
-0.03255261395315756
-11.176812233403325
-21.8773367756512
-1.3265919499099255
-2.4682734571397305
-11.507670521736145
-28.823972092941403
-5.121181838214397
-1.6342764645814896
-11.732531497082164
-4.123999983072281
-0.12811264116317034
-23.437100449576974
-0.31157734990119934
-9.990742510475684
-8.058100515510887
-4.193575140088797
-2.3306038845330477
-7.336313102394342
-5.332832098007202
-0.06761041437857784
-16.246690303087234
-19.749046840006486
-3.8949306298745796
-4.106142558157444
-19.019545076880604
-9.754810276033822
-5.332832336425781
-31.431289040017873
-6.0201241206377745
-20.062983469106257
-22.266936268657446
-4.455936670303345
-0.03255297234863974
-0.060541119184563286
-10.952286452054977
-8.55938172340393
-19.472066152840853
-18.999391634308267
-9.33012400381267
-9.175472499227908
-0.6111624278128147
-25.368920613269438
-4.814966944541084
-5.211321458220482
-5.936765216756612
-13.239680641694576
-0.27097916789352894
-3.822907676163595
-0.3466927707195282
-2.049039125442505
-18.111961643407994
-13.718387202126905
-17.803052624687552
-11.534431791398674
-1.8369262930937111
-5.535770021611825
-0.7888743397779763
-3.531610426369298
-10.327613917179406
-0.06761006425949745
-0.10689050517976284
-11.171714954682102
-0.34669259190559387
-1.2832309752702713
-2.413193110958673
-2.8065014430321753
-7.844620503485203
-2.0473087951540947
-6.006433031172492
-16.224937088787556
-5.607426303664397
-1.8891233168542385
-0.34669241309165955
-1.337482176721096
-8.265904923900962
-8.122874186839908
-25.592319196090102
-1.5359463973436505
-17.40647230297327
-1.5876774387434125
-1.965790362610278
-23.228916375199333
-0.06761041437857784
-5.616056835177005
-1.9630153134930879
-0.019764157012104988
-3.6429300513118505
-4.609199403435923
-1.6425811722874641
-0.2668277594639221
-0.03255261395315756
-10.218555255793035
-2.24495220661629
-1.4291862500831485
-0.01976427435874939
-10.643406075425446
-0.01976368948817253
-8.326197981834412
-5.515566173940897
-0.01976368948817253
-6.439135119318962
-3.0750961117446423
-15.731968976964708
-1.8346492998534814
-4.463934175655595
-1.4417442721605767
-14.562836693876307
-10.681810320558725
-6.261329269356793
-0.06761029889457859
-1.4586062283851788
-3.4710352811962366
-23.638735486776568
-3.953123391736881
-1.2867150690872222
-3.8137054017279297
-1.46207788400352
-5.8202781192958355
-27.20523258315734
-9.149732792313443
-10.256788842196329
-11.490656247944571
-4.650987379252911
-20.175607076173037
-14.224111622956116
-28.97228923055809
-13.727674886584282
-18.58969810247072
-18.965495363379887
-11.587259062798694
-23.417502607335337
-13.131849325960502
-10.157698755097954
-5.757244421372889
-23.836927697542706
-8.887610369361937
-10.323717976920307
-4.098870016634464
-3.733527093390876
-9.306789034191752
-3.089906824789068
-5.843120709061623
-23.366150384550565
-13.283742286730558
-15.641591296967817
-2.2123355956282467
-12.664207785215694
-0.06761006425949745
-1.4041255137417465
-4.485962258186191
-7.868075812042662
-0.32998427748680115
-1.0578032732009888
-4.164677739143372
-8.870427131652832
-1.86246582493186
-0.34669268131256104
-11.142665891697106
-8.79136472940445
-3.5181434877449647
-4.004541903734207
-1.2679578587412834
-0.3984241187572479
-16.3036310832249
-1.0752594489604235
-4.57375508453697
-1.1050383746623993
-0.7784614115953445
-13.139532260644046
-8.413644316606224
-0.0676101797434967
-0.2848848649300635
-0.03255273005925119
-10.181646427598025
-6.9790833959923475
-4.0126385356343235
-3.66190497885691
-0.07586610480211675
-0.3466927707195282
-7.813809088678681
-1.572554682927148
-8.306014508241788
-0.20295672118663788
-4.960481733083725
-8.218883023757371
-3.9956881552934647
-3.19483445584774
-0.32998454570770264
-11.612445801496506
-4.633583380840719
-0.32998454570770264
-0.6111626140773296
-8.571179702412337
-0.06761006425949745
-0.3087044724961743
-0.8083293927047634
-10.795773011428537
-2.6994857527315617
-0.3299846351146698
-15.437526045367122
-4.935324847698212
-4.935324847698212
-8.93471995144455
-2.9095553159713745
-9.519333770789672
-23.782036762626376
-3.239830018253997
-0.12811230588704348
-0.03575214929878712
-0.06761006425949745
-12.922164679388516
-1.9631647502537817
-11.758759983582422
-0.8124878462404013
-0.4828890469507314
-3.5024825455620885
-0.20882974937558174
-0.1587322922423482
-0.03255344349599909
-1.2867745435796678
-4.4583611224079505
-2.9925900596863357
-7.5492122331452265
-2.513421098527033
-0.3664346223231405
-2.379479396622628
-1.6521523822375457
-3.8670026939362288
-8.281415346835274
-0.06761029889457859
-2.454193584388122
-0.4688922339119017
-1.8152933698147535
-2.7055129250511527
-3.2942073065787554
-0.962009880822734
-3.922072825487703
-1.0307065828237683
-2.869318252778612
-16.28509769588709
-1.1839104536920786
-0.8136182259768248
-0.6111626140773296
-13.804187329966226
-1.2510306915501133
-8.75397568574408
-14.732915775850415
-26.310395758649975
-1.9973665723045997
-9.586206712760031
-17.20079775166232
-0.3140178960748017
-4.006170825101435
-1.865710458252579
-0.6111626140773296
-18.509715889231302
-0.06761018707766198
-13.845022491703276
-6.043151986552402
-21.818624401959823
-4.585938848962542
-1.7691031144131557
-31.979216204490513
-0.22101213641144568
-2.0767029132694006
-10.155864755346556
-0.7314560851082206
-3.753932334133424
-5.744823082117364
-4.9583379328250885
-2.172279078513384
-6.962799443863332
-19.854220069712028
-2.7887635837250855
-5.981818423606455
-7.625272457560641
-8.804796941578388
-10.456844640080817
-12.756042460445315
-1.8064535465091467
-1.4310050699859858
-0.6006955504417419
-4.0313159711658955
-19.66352830134565
-0.5412740654955996
-23.732098446631426
-10.85467711952515
-3.9261823566630483
-1.5940623111091554
-6.6821817382005975
-4.492494806647301
-0.3337774742394686
-0.4522110805846751
-1.5230922292685136
-9.491437900811434
-13.276774806901813
-0.6006957143545151
-12.251035104971379
-2.1776462277921382
-0.48781496193259954
-2.1899432726204395
-1.8515482660150155
-4.916873898764607
-9.915115449111909
-0.3984241187572479
-4.126478659454733
-0.03255344347417122
-0.31277734879404306
-0.03255225741304457
-1.7401169463992119
-2.0336535228416324
-2.964300768915564
-2.2504491282161325
-2.539756763726473
-2.8704900843440555
-22.26785543258302
-0.06761006059241481
-0.8322657532880839
-24.360847955802456
-0.15001468732953072
-20.34899064153433
-7.858833690173924
-4.023809355916455
-11.796320393681526
-7.359624337404966
-11.393402958288789
-9.98969955323264
-6.025830059312284
-12.798619702458382
-1.0132471692049876
-0.46435224637389183
-11.502157932292903
-0.06761006425949745
-4.034752631181618
-0.3984242081642151
-4.796481646597385
-6.779076125509164
-13.6712783896146
-0.03255344347417122
-0.34669268131256104
-28.190221964963712
-9.301384594058618
-0.06761041437857784
-0.39842426776885986
-4.632233751937747
-7.38248644414125
-5.374988318537362
-0.06761041437857784
-17.694031364284456
-1.1738812774419785
-8.576445226441137
-5.68676634086296
-14.091796961147338
-0.03255225741304457
-0.4716036319732666
-0.34669268131256104
-0.34669268131256104
-1.5165174454450607
-8.121509527554736
-12.970193535089493
-3.08715137001127
-12.970193952322006
-8.980236707255244
-2.597377599682659
-1.7425178661942482
-2.3670884829189163
-10.23586624537711
-0.6415757409995422
-5.485679749865085
-8.086268650367856
-0.7399339033290744
-21.92283533362206
-4.781053169164807
-8.941633600974455
-12.883850610349327
-0.2673289781669155
-1.4768494227464544
-0.2709792833775282
-0.12854455379783758
-5.842992160920403
-0.7807302474975586
-8.507552109658718
-0.06761029889457859
-5.752237919288746
-3.3077706387266517
-0.9062560060992837
-2.6444884054508293
-3.0080598754684615
-3.2331866212189198
-6.258699691738002
-2.7746711102081463
-7.218703508377075
-19.489927942864597
-12.789938420057297
-0.27097916789352894
-1.9516356131061912
-0.6111627742648125
-11.446095573250204
-7.917253393679857
-3.2398299055639654
-0.06761006425949745
-0.06942366898147156
-0.2709794007241726
-0.7807302474975586
-3.4044340841137455
-2.4426866310532205
-8.667940499261022
-0.33636457473039627
-3.398446798324585
-5.335185943171382
-7.653434537351131
-0.33636457473039627
-2.1421513222157955
-2.6985521987080574
-5.726541414274834
-13.201184002682567
-3.2784337550401688
-0.17304127174429595
-0.09488084726035595
-0.10573959409884992
-0.07539966951298993
-5.549502838170156
-0.025659925151558127
-0.03645578771829605
-0.8852441099188582
-1.102206670679152
-7.293706504511647
-0.06761029889457859
-0.1420305371284485
-0.2709794007241726
-0.34881776571273804
-0.03255261574668111
-1.168450772878714
-4.644036173820496
-27.63430335058365
-8.720027580508031
-2.1252429503947496
-18.64862584171351
-7.787710961740231
-4.65310028847307
-2.668326696380973
-2.436532683321275
-0.19839858636260033
-12.148097386729205
-0.5663430995773524
-0.20847766008228064
-14.828806691315549
-6.996995675493963
-0.06761041437857784
-3.76602198171895
-3.7863825036911294
-10.139620458707213
-8.977457009343198
-6.616893727332354
-0.07586645451374352
-1.2617182731628418
-0.6111627742648125
-4.582525453064591
-4.706349041662179
-3.530829394207103
-0.24293766357004642
-0.020781278610229492
-3.9713031090795994
-0.06761006425949745
-0.17102516576414928
-16.409600208280608
-7.21620711684227
-4.935325175523758
-5.690969015005976
-5.774382154457271
-6.683580876328051
-3.365396277207765
-3.2829467710107565
-0.3736776392906904
-0.7351917792111635
-1.5779654204379767
-0.16727161779999733
-3.995644651193288
-0.0676101797434967
-0.36580216346192174
-2.836774275172502
-0.03255261395315756
-0.2556258291006088
-14.242662656819448
-0.32998454570770264
-13.336147038266063
-15.953173149493523
-16.89138359564822
-9.308071589563042
-3.634240352170309
-6.758428905624896
-1.8202423263937817
-3.2996555804274976
-3.1163876056671143
-1.6305325627326965
-3.6553423339501023
-5.923680518753827
-1.1442054230719805
-1.7674846649169922
-19.669930693335118
-21.323445635469398
-24.61630584555678
-4.562195009086281
-9.871920127188787
-0.06761006425949745
-2.7203587889671326
-0.03255344349599909
-7.830139189958572
-1.4937231377116404
-0.4252970174420625
-0.34669268131256104
-0.32998454570770264
-0.34669217467308044
-14.53026846377179
-9.909356276970357
-18.39143748395145
-22.376349886413664
-0.06761006059241481
-0.15652092537493445
-2.573618292955871
-4.095272321486846
-4.995895367115736
-0.03255344349599909
-1.594033024914097
-0.7137956991791725
-2.569635309278965
-1.2576094381511211
-8.016454075463116
-2.2553020156919956
-13.120549581944942
-3.152568504214287
-0.4184728844847996
-0.8271906548179686
-3.6170991864055395
-0.11855383962392807
-9.761149470228702
-0.3337774984538555
-2.20644997805357
-15.283366401388776
-12.368411991745234
-37.93423609706224
-28.833853968651965
-0.16795452870428562
-0.035751677583903074
-0.06761029889457859
-3.922391122323461
-16.13034735387191
-3.5578269762918353
-3.1163876056671143
-2.862099399775616
-2.10351425409317
-0.032552970114920754
-2.2347416947595775
-3.3202991485595703
-16.24335460457951
-0.06761018707766198
-0.2532445058459416
-12.822094939096132
-14.047771759331226
-3.1162747172638774
-0.03255225741304457
-5.990097660571337
-20.08337726444006
-3.116387128829956
-15.182663575498736
-1.6933595929294825
-0.5312020052224398
-1.5731282904744148
-0.611162606626749
-1.603444593041786
-19.236584884260083
-13.75675609393511
-1.9350787559524179
-0.27097916789352894
-0.06761029889457859
-6.846611499757273
-7.576226404751651
-6.085283980468375
-0.6435410703197704
-5.4931990434997715
-5.624718828592449
-2.346203871886246
-7.512864872420323
-7.66059571391088
-2.4800729751586914
-12.289724248927087
-28.604358905693516
-1.8653485774993896
-19.82999771501636
-14.08212059456855
-24.03242407552898
-6.306724652182311
-25.921917080355342
-5.459184252656996
-5.038019470870495
-8.894565986469388
-2.2744381753727794
-12.69864909152966
-5.074652787414379
-4.831073203124106
-4.273625748232007
-8.48029318836052
-15.334653534984682
-17.90945430204738
-25.645169200521195
-0.7626289678737521
-35.50878939114045
-0.2808930091559887
-11.902455222909339
-5.095658056437969
-2.125274745747447
-9.574891829281114
-15.806005858066783
-5.882444102317095
-9.994967892256682
-12.412249002605677
-0.06761041437857784
-15.862220395356417
-2.190558774425881
-14.43641185760498
-3.831930073152762
-0.398424357175827
-13.710911119589582
-0.1032002081592509
-0.07539977009582799
-5.5495031046448275
-0.025659921768237837
-0.7737769484519958
-14.43641185760498
-29.86023471597582
-4.097478775693162
-14.255613021552563
-6.19946731813252
-3.2800420376006514
-15.50216517969966
-3.170985149103217
-0.3927960640285164
-0.21244209980068263
-0.2865200916712638
-0.34377847747236956
-0.25601803869358264
-0.4249017596594058
-10.275021091103554
-20.516139486222528
-20.00537365511991
-16.471582357480656
-6.344820737838745
-0.06761029889457859
-6.084238336072303
-4.656570911407471
-11.932720491255168
-14.51793544110842
-1.265590813854942
-8.291592705551011
-10.767102234065533
-30.008393032709137
-7.085135880770395
-11.60603304579854
-11.118456227704883
-10.488845198482522
-1.0968160880729556
-7.062302894890308
-4.212916199117899
-4.31462096888572
-7.604809386306442
-1.545277712866664
-2.03220521658659
-17.458868064451963
-1.784223984926939
-2.2320472220308147
-0.06761006425949745
-0.10638008103705943
-7.311745849438012
-5.111520484089851
-6.405584884341806
-7.87626630399609
-1.4950288511581675
-6.023557868160424
-1.012604615651071
-7.443917565047741
-11.688806669786572
-4.037496626377106
-4.632167126983404
-6.716397601994686
-0.7807302474975586
-7.003797769546509
-0.7807302474975586
-0.1895497888326645
-1.5729352624621242
-37.08122205734253
-1.6724128797650337
-19.924088512314484
-15.061528958147392
-7.8076352924108505
-0.7807300686836243
-0.08673632144927979
-0.2709792833775282
-4.598920941352844
-9.989217549329624
-5.145310435567808
-0.08677731454372406
-1.5031627853095415
-7.756289297656622
-3.2102723391726613
-0.06761006425949745
-6.446743823587894
-0.03255225741304457
-0.07586610480211675
-13.658495973912068
-8.127010747790337
-14.694219470024109
-13.953646259753441
-6.830487799445109
-4.455936551094055
-3.1163876056671143
-3.6761342883110046
-7.847835600376129
-4.328083895146847
-11.167472699438804
-9.76358088105917
-6.7079790234565735
-2.311977261022548
-1.1136759149194404
-0.34669268131256104
-2.201948787085712
-0.10199581831693649
-0.03255261574668111
-8.878068788908422
-3.3670264776301337
-0.7807302474975586
-4.050876049208455
-0.39842426776885986
-8.203726451843977
-0.06761041437857784
-0.20225977749214508
-2.780971349682659
-10.04346691351384
-6.045268347414094
-0.2425881139934063
-13.933047007652931
-13.733239993453026
-0.14140443713404238
-0.0753995392442448
-0.19466783595271409
-0.019317946047522128
-0.032552970114920754
-0.03255273005925119
-3.435637950897217
-6.3526218206534395
-5.066487178206444
-5.835104463625612
-1.0424318020232022
-0.654427119763568
-4.276478535030037
-0.9537349566817284
-2.8430604934692383
-3.435637950897217
-13.147152552381158
-8.567868947982788
-1.0424317881697789
-7.640685456804931
-3.424698233604431
-14.745677828788757
-4.05650004837662
-1.3148097340017557
-12.221646953839809
-16.39174204959272
-2.0386749435565434
-0.06761018707766198
-0.6269927620887756
-8.224294496212678
-13.851174873532727
-2.7734655627573375
-21.73715708394775
-25.898461534874514
-0.17201144248247147
-3.0905488012358546
-0.640922580845654
-2.721435941522941
-3.2384244697805116
-0.06761006425949745
-13.157608973851893
-1.9722108915448189
-0.8745506460545585
-31.410210255533457
-3.5061074164696038
-0.15141555294394493
-0.3115771561861038
-12.891410831123721
-4.88097719848156
-10.886654715752229
-18.688623446971178
-5.811507449485362
-2.6088324412703514
-0.032552970114920754
-6.174718528985977
-5.621115043759346
-5.799126153811812
-17.997802010417217
-5.479030440561473
-3.498302697931649
-0.7737768292427063
-6.06421634554863
-0.3833309952169657
-3.604260455816984
-8.357644823474402
-1.833569022710435
-7.784798681575921
-4.64028197801963
-6.027416100725532
-3.4618160356476437
-3.7651387334426545
-0.060541587581610656
-7.280980724375695
-15.175291169274715
-0.06761041437857784
-12.463134626606916
-3.5323310792446136
-2.8298070001183078
-0.3984241187572479
-4.191473007202148
-0.398424357175827
-0.39842426776885986
-6.647429290227592
-0.0676101797434967
-2.815896021667868
-5.888536632061005
-25.45025593705941
-8.912611700594425
-8.912610520637827
-1.247915357351303
-3.9752987081883475
-16.071985923626926
-16.071985923626926
-3.4524484544235747
-10.974626939743757
-7.213292989879847
-6.703068671748042
-7.68948980839923
-0.40818484127521515
-0.6950966119766235
-12.67714751814492
-3.055320796556771
-0.2709797229617834
-0.035751794930547476
-3.332119365266408
-26.282626418338623
-9.859119619708508
-11.43877707910724
-0.6637839779923524
-0.34669268131256104
-0.035751677583903074
-13.730636432401297
-7.381266987649724
-2.7097312048717868
-10.947658473349293
-7.589950315654278
-5.005931318271905
-18.906525884576695
-0.06761029889457859
-6.510147356544621
-6.443429338139595
-8.906756368814968
-7.9055919063976035
-7.092155116813956
-25.482675079023466
-14.717455671983771
-2.313688038964756
-2.6045614941976964
-13.574946170207113
-21.150952398777008
-10.275646751280874
-0.6111624874174595
-7.82650110386021
-28.51265873014927
-18.579844020772725
-13.658497981727123
-3.9261823566630483
-0.0676101797434967
-19.386957908049226
-14.559130042645847
-9.437477275809215
-11.008024313487113
-22.653469240292907
-1.2617182731628418
-5.013613977935165
-23.2545658609597
-10.317657938227057
-0.09673464101797435
-5.587456572015071
-6.0630097687244415
-13.693816649611108
-22.705337315797806
-0.6532583255320787
-5.148367395857349
-2.6045504717621952
-2.285030027385801
-0.611162606626749
-17.24606743123877
-0.06761006425949745
-10.528167299635243
-3.243270829785615
-20.66469888910069
-1.7285549228890886
-7.536772244609892
-8.953252757391965
-13.18343818403082
-1.460722840798553
-15.059242373870802
-2.8615402597934008
-6.062658958137035
-0.34669268131256104
-0.1061164479897343
-0.07539977009582799
-5.5495031046448275
-0.01931818196317181
-3.281864601194684
-16.91199708453496
-0.10611642612366268
-0.07539919104601722
-5.549503178568557
-0.01931830105604604
-4.148049641102261
-5.8742592751805205
-0.03645578771829605
-9.30636581662111
-4.9166595712304115
-3.9884557463228703
-5.653250694274902
-10.84907256718725
-3.002228446304798
-7.306139869382605
-1.103463017847389
-0.06761018707766198
-0.016316107736201957
-0.060541119184563286
-0.6773863271810114
-27.24211579823168
-3.926182479597628
-18.898148579522967
-4.131042899563909
-8.535657172818901
-61.056901168489276
-3.4061077845472028
-0.06761029889457859
-1.9922766406089067
-2.557443078607321
-16.89507427101489
-20.64630389935337
-3.5873545001104503
-13.477569909176964
-3.1163872480392456
-17.674750258913264
-0.03255225741304457
-0.7642592171196156
-1.7492884153107298
-14.725005886517465
-7.399175907208701
-7.805565351576661
-10.246837451042666
-2.2708206176757812
-10.735283544840058
-11.49961080122739
-4.764499887009151
-0.206544192857109
-5.642038005837094
-7.390740974034998
-3.4023539815098047
-8.719526462256908
-10.365527832880616
-4.418412329629064
-7.8110116655007005
-10.374226106330752
-1.2978729801252484
-10.572999071329832
-3.5873538728064887
-6.943815537815681
-9.350382259784965
-2.001063009724021
-0.010966371046379209
-9.854375972412527
-3.3202993869781494
-19.89552437653765
-0.3515537641942501
-8.464250365272164
-28.75084293819964
-0.06761029889457859
-13.587785962678026
-25.765385584905744
-2.601253578730393
-11.082600573077798
-1.7674846649169922
-11.44592805288994
-1.9907471735787112
-5.200068761070725
-9.52519576944178
-3.4747086353600025
-1.7674845457077026
-5.68973721191287
-7.344556567957625
-9.164454340188968
-0.39282848333823495
-20.37104161905063
-9.786090342269745
-22.14121978316689
-3.774135459025274
-5.264134118042421
-2.897108478398877
-9.015720173716545
-11.73420538008213
-0.3984242081642151
-23.140192560153082
-9.582943203509785
-7.474973728414625
-6.69011945836246
-0.0676101797434967
-2.8697704430669546
-4.468767557293177
-12.146453541470692
-3.6275444786297157
-0.09201941968422034
-12.629044385626912
-5.206889863216929
-7.337762627750635
-0.44089705450460315
-0.7891456776997074
-15.878837891046715
-14.427744246087968
-9.004992357222363
-0.3299846351146698
-2.262631308287382
-2.3238757271319628
-1.9000083059072495
-32.99452206926071
-2.92488497398881
-2.5231369552275282
-15.013709440361708
-10.191904132931086
-14.421346955161425
-14.483642756938934
-0.3833311125636101
-1.666234774982513
-18.37530183846684
-17.372798091288132
-6.211544997990131
-3.463558942079544
-0.06761006059241481
-0.08673643320798874
-2.0252090129069984
-9.585467875003815
-8.72967617586255
-6.826014014775865
-2.4407383061479777
-0.06761029889457859
-22.259650809042796
-2.7610680286452407
-4.463485473766923
-6.799799799919128
-12.20701958466816
-33.233601640666166
-28.93536107361433
-25.468007110830513
-2.7499452494084835
-4.46348487958312
-3.7862047476664884
-5.916452663950622
-2.6266548931598663
-25.003875243244693
-6.084362734574825
-8.20427219197154
-2.3508108481182717
-8.292773181623488
-3.6026276061311364
-0.23671535961329937
-13.341924718151859
-6.240138424851466
-7.209568869322538
-10.805743431672454
-6.155601516366005
-1.9554814398288727
-3.7890519235515967
-3.643969322554767
-2.435281630139798
-4.65450420108391
-0.06761006059241481
-0.4318686022888869
-1.4386864267289639
-9.13641699863365
-3.831498244777322
-3.0529464334249496
-13.902553993790207
-2.656003736945422
-5.878661482420284
-0.6961005484918132
-1.1684509626356885
-7.256058084836695
-0.6111627742648125
-8.082959440020204
-19.122533675748855
-0.5574270952492952
-0.2709797229617834
-0.035751794930547476
-0.06761029889457859
-7.05732614556473
-0.035751677583903074
-0.27097916789352894
-4.696164504159242
-0.22845371560833883
-1.2338731834879582
-4.828548716614023
-2.4450043553952128
-4.6193625926971436
-4.697468990460038
-1.215949133853428
-3.190246634185314
-1.0578953064978123
-5.393651002086699
-5.877233669743873
-0.0676101797434967
-18.01924031029921
-28.225999193033203
-10.499604678945616
-11.883703649044037
-11.00929107786942
-20.605762325074465
-2.045753702521324
-13.98948423936963
-8.773930391296744
-3.930120927607277
-18.689030278474092
-7.670112225227058
-1.779188135638833
-1.1101906187832355
-8.505291681271046
-7.97527464106679
-2.531429858179763
-0.7807302474975586
-30.691700869705528
-7.755338076269254
-10.885020189569332
-8.503018390387297
-21.094576359551866
-0.4978061760775745
-23.822999498159334
-5.378760595747735
-1.3715031715109944
-7.016391011671658
-6.823047066573054
-7.016391074586863
-3.2673172012437135
-0.7807303667068481
-0.7983769865240902
-4.7833418406080455
-16.559304531663656
-0.06761006425949745
-15.950067991620017
-0.03255225741304457
-0.004214353102724999
-0.06508436799049377
-0.15947572886943817
-7.2125711822882295
-0.32998454570770264
-4.7437299424782395
-0.3984241187572479
-14.092580666416325
-0.32998454570770264
-15.220735598355532
-1.9332187983382028
-8.993216840550303
-1.3625959903001785
-0.17177186400658684
-14.588040413334966
-4.015117148999707
-23.417628697003238
-10.297659965464845
-13.398037631661282
-0.06761006425949745
-4.059023591456935
-0.6800590008497238
-1.7621392727087368
-2.8998048116864084
-1.7694004530749226
-5.60947011449025
-14.730386935174465
-1.4892817451618612
-13.060501037398353
-2.1483844369649887
-0.8290418833494186
-7.662087726872414
-0.12811230588704348
-27.88024442922324
-7.822858460247517
-5.657997154805344
-10.14609157666564
-2.173423330845253
-0.05914858040523541
-0.05914821201986342
-1.685831242662971
-17.90345929004252
-6.573305040597916
-0.032552970114920754
-0.03255273005925119
-0.42167382352999994
-17.761690683226334
-17.44773908611387
-6.955545673670713
-15.152952441203524
-0.398424357175827
-0.03255344349599909
-2.049039125442505
-1.8653485774993896
-3.532309414818883
-10.567703126253036
-15.280060067947488
-4.185505565314088
-24.519355419808562
-10.871707101352513
-2.067007316283707
-3.521549974269874
-0.28297505085356534
-0.6981108337640762
-0.6996706239879131
-0.03575226524844766
-4.342553586240683
-1.7876660425354203
-5.1571082677692175
-0.7424756735563278
-1.9860985894774785
-0.6734738321974874
-0.20250036590732634
-0.2721419036388397
-3.8216786237899214
-5.428108666092157
-0.8533680997788906
-19.27310625463724
-1.755459425970912
-1.6874340118374676
-1.8908225847408175
-4.059173509478569
-12.688541960902512
-0.6996706239879131
-11.999223542166874
-18.653630465396418
-0.9503011733759195
-27.33331612276379
-0.06761006425949745
-0.11019112169742584
-16.075856778305024
-0.21678397990763187
-1.190245972480625
-4.6695162387768505
-5.268852574750781
-0.08921398548409343
-0.29912451274867635
-21.173487817140995
-17.613474815676454
-3.1230241750854475
-19.43912396871019
-3.471325491205789
-17.306289609492524
-0.302502766251564
-1.6200022287666798
-21.53616556059569
-1.0577594966161996
-8.083820733590983
-4.790894730831496
-0.6216007641050965
-48.075176908736466
-0.06761029889457859
-0.28309899696614593
-0.03575226524844766
-66.04361783861896
-9.269174475222826
-37.73124185448978
-33.984804628402344
-0.03255344347417122
-17.183474838384427
-0.14710178872337565
-0.010966136469505727
-0.03255261574668111
-3.0503450953401625
-7.074989609885961
-14.225983961950988
-0.03255261395315756
-2.7355024075950496
-10.469887248415034
-4.463484758511186
-1.9549836064688861
-2.3273813304840587
-9.90172827616334
-1.772399526758818
-4.865421738300938
-0.06761029889457859
-1.052791950191022
-7.966810861602426
-6.2424719030968845
-0.21839976124465466
-2.327700952999294
-5.847867477881664
-1.8391299405193422
-3.5203378929872997
-7.441401500953361
-10.890936851501465
-5.088706705719233
-8.361096961423755
-15.819973195903003
-8.411081055703107
-10.153211613185704
-13.69500974426046
-6.142507070209831
-4.773095866665244
-7.119375363225117
-10.66624507214874
-13.14841750334017
-3.209032786078751
-9.467345137149096
-8.593597341088753
-13.59695775443106
-17.12673830881249
-0.06761006425949745
-0.330193497473374
-3.3402911697048694
-6.668368401005864
-0.8842776492238045
-8.253702768473886
-3.5901044476777315
-0.019764039665460587
-13.335502870380878
-1.6349894526647404
-8.075155325350352
-3.6507058814167976
-12.664051634259522
-3.6851529710475006
-23.79945195838809
-0.43620560225099325
-1.4588155811652541
-6.160850487649441
-10.025658292783191
-15.057117613498122
-13.82787198270671
-10.177503739421809
-16.204888500273228
-1.763556107878685
-0.035751677583903074
-0.06761029889457859
-2.547575950222381
-26.069139787345193
-28.88016724435147
-3.3587504611059558
-0.6349492948502302
-30.241708708228543
-1.9545747498050332
-0.22076200455558137
-6.4742365557467565
-0.10222715296185925
-0.07539873306814115
-0.19466838764492422
-0.019318422011565417
-5.354016847908497
-0.12348444043891504
-0.07539919104601722
-0.19466825458221138
-0.01931830105604604
-2.2773987278342247
-9.511311666341498
-7.887616181746125
-6.96630843821913
-5.853629793302389
-8.222289495854056
-3.2432705317623913
-16.913361314931535
-6.128549136221409
-4.757292700698599
-21.181130729150027
-0.06761006425949745
-0.10844281814206624
-9.968695021612803
-0.9339184772616136
-14.968013743084157
-17.85122674208833
-0.38333108462393284
-0.3984242081642151
-21.73744402619195
-12.307545606192434
-9.246036752665532
-0.035752031952142715
-0.016316343360813335
-0.016316107736201957
-0.014272848144173622
-8.838014113454847
-6.029830292573024
-5.431800079764798
-13.741255627945065
-0.3984241187572479
-4.736050776205957
-1.447460153431166
-24.544354442041367
-0.3466927707195282
-37.32552757881058
-1.132339486627643
-27.0201553478837
-21.817177261651523
-0.03255273005925119
-31.35397792479489
-0.019764039665460587
-0.8074318941216916
-11.596154906670563
-0.6762876289431006
-3.235742411809042
-1.686321457149461
-9.478149113478139
-4.370018459318089
-21.285120534710586
-12.016894582193345
-11.612101768711
-9.322792201535776
-0.06761006425949745
-1.1190609869663604
-2.128926546429284
-2.428726606798591
-13.112267056116252
-7.3118338702915935
-15.492949907107686
-8.393684023845708
-21.034355278581643
-11.74091218225658
-2.0841537807136774
-2.0279407161433483
-5.758177467156202
-6.116606011601107
-15.401876794639975
-5.768017032183707
-8.24191701770178
-1.6946615725755692
-10.28059395775199
-15.24026719480753
-5.853114299232402
-0.06761041437857784
-2.2647961527109146
-1.8613318800926208
-12.7075987723656
-6.0385828198632225
-5.401249624788761
-8.187946173828095
-6.459143572952598
-7.311273604631424
-7.380879295029445
-5.529501333949156
-0.997303256765008
-3.814209346579446
-6.88145212829113
-2.1520432829856873
-1.0891847277525812
-5.7671346390852705
-0.07962309735739836
-0.03255261574668111
-0.10856720060110092
-0.08673610538244247
-2.011401042342186
-3.4807277261279523
-6.715888706443366
-15.731611619470641
-5.922453722014325
-8.087763749063015
-0.6615123134106398
-9.303362115635537
-3.2020925116958097
-7.509162577101961
-7.395936435495969
-21.879861446097493
-15.718255214393139
-1.35359649755992
-24.89266390116245
-0.7737770080566406
-2.820344121195376
-0.23407317698001862
-9.421753348422044
-8.779557144618593
-3.1697973500704393
-2.8355933520942926
-3.220884862814273
-2.833139542955905
-0.005444741762261174
-23.74048918299377
-0.34669268131256104
-0.34669217467308044
-7.448569412808865
-35.14039140762179
-8.885282810078934
-0.06761018707766198
-8.270615071058273
-32.53368311202212
-6.266398967971327
-7.712581385305384
-0.3984241187572479
-5.98312284052372
-0.8714802754111588
-10.226610526908189
-13.016765813226812
-15.602487325668335
-16.120667816805508
-2.8538720160140656
-4.80157505068928
-27.39992505905684
-0.06761041437857784
-8.56829840131104
-6.543560266494751
-8.467366324592149
-23.4581376563292
-5.824205458164215
-17.271081108323415
-2.7188601698726416
-19.043090077699162
-8.752282230183482
-28.964210217935033
-7.788596001453698
-9.765101820230484
-6.340595959645725
-18.93556391587481
-6.626114089041948
-5.412364214309491
-8.466135032940656
-7.125993036053842
-6.181559776887298
-9.685948119833483
-33.533251533750445
-15.331479326443514
-1.498042354825884
-7.232250036147889
-1.8056024882316706
-4.582041427493095
-3.6264089001342654
-6.492714107036591
-14.03638467087876
-6.899910266860388
-16.73153534065932
-2.5934443531441502
-13.570797024294734
-19.230536797607783
-12.12065549613908
-37.46378002804704
-3.057370522757992
-0.8542122534126975
-3.9184702443890274
-4.216219368390739
-16.928284334018826
-5.770836522104219
-14.759328461019322
-10.016988209965803
-3.2396744866855443
-11.214487333432771
-8.0670714257285
-20.942313915118575
-6.424155464061187
-6.060862170765176
-12.76669514272362
-11.519342492974829
-11.189475825492991
-7.831711269798689
-30.085349299530208
-2.2581834672528203
-10.218096059397794
-0.019764157012104988
-45.00940990191884
-18.501988481730223
-15.795357012189925
-44.0403168896446
-19.98105981205299
-0.03575226524844766
-0.01631622391869314
-0.016316343826474622
-0.07586644776165485
-1.1154569840509794
-0.4731375426054001
-2.242949217383284
-12.777541109127924
-6.608927377266809
-75.80135998749756
-0.6123850497242529
-13.878006109560374
-43.326387383727706
-15.530087531427853
-1.6008871477824869
-39.64725665692822
-15.97858358360827
-14.837568458169699
-2.625509796431288
-3.743894553161226
-0.25356448348611593
-6.029129868373275
-1.7884020935744047
-6.1765068201348186
-9.594394359737635
-1.8804286841186695
-15.259389693033881
-13.370880931703141
-0.035751794930547476
-3.1990508845774457
-13.598913505789824
-7.123515122861136
-20.395558501419146
-1.1400319668464363
-6.279505246784538
-9.464226008742116
-13.903229830786586
-7.9449308414477855
-2.221473164507188
-14.43138513743179
-17.34387664683163
-2.8175198324024677
-9.664330028754193
-19.451172959641553
-0.06761041437857784
-5.274782284162939
-9.68389190727612
-15.926370448432863
-5.187605062383227
-0.18008434654848315
-0.07539917627582327
-0.1472029200522229
-0.01931830117246136
-1.4034221223555505
-16.756960008409806
-3.1759883708436973
-19.752088333436404
-2.184854252554942
-0.01976427435874939
-15.294935011304915
-0.27097934670746326
-0.5847154416551348
-1.3625951264984906
-28.091650988033507
-0.06761006425949745
-9.193070322246058
-16.11141402227804
-0.7042945246212184
-0.7452211182098836
-8.91264844685793
-5.04868116905709
-16.531626153213438
-28.06749780429527
-33.37624281542958
-27.734337937494274
-0.704294397495687
-0.7452209716429934
-6.507335483911447
-1.544649905525148
-5.005601994693279
-22.893002265132964
-9.212185129057616
-4.420369505882263
-8.626906152581796
-4.174884207546711
-12.437995385116665
-3.594920773550257
-15.9691641042009
-0.06761006425949745
-2.8929264890030026
-8.45127545518335
-1.838642013608478
-2.61487913725432
-1.891056539490819
-16.12786969274748
-6.006916694670508
-13.0757170255456
-2.5944656133651733
-8.024373508989811
-3.3060902748839
-7.600337910778762
-9.204770581796765
-1.0562524205888622
-0.08415830273770553
-0.07539873306814115
-5.549502435838804
-0.02565921078348765
-33.1199762057513
-4.8680839468761405
-19.91215937305242
-7.614521726034582
-23.428841138993448
-0.2709792833775282
-4.478137754194904
-4.00968929764349
-1.854510597884655
-19.360541113012005
-7.229099215008318
-7.203400257392786
-4.078061319887638
-31.28575927040947
-0.06761029889457859
-8.876903574215248
-3.7763670263957465
-5.52518046554178
-0.032552970114920754
-0.32998454570770264
-0.34669217467308044
-1.457354403741192
-0.34669217467308044
-0.3299846351146698
-0.04396803029339935
-0.03255344347417122
-0.8641032427549362
-9.075816173804924
-0.7763965716585517
-8.572079548612237
-6.957348405085213
-7.84473322192207
-24.687093754997477
-0.06761006425949745
-7.885648157163814
-10.425731530238409
-14.936294101178646
-26.610864911112003
-9.055273933074204
-21.845572051548515
-21.307010710937902
-12.385682423482649
-6.100284570726217
-4.53633937984705
-28.218431337736547
-5.122498445212841
-32.87220860715024
-15.150471795328485
-22.19118376660481
-6.388601231388748
-1.577964413445443
-1.2178569507232169
-4.224595822393894
-16.174312136383378
-19.680510638514534
-20.079219428036595
-24.11653911654139
-33.00425189640373
-6.582159002777189
-7.34316111530643
-4.867128543264698
-5.054501965059899
-9.603096793260192
-2.526690752012655
-16.517112009227276
-19.753299014104414
-4.455936908721924
-20.23187431972474
-2.6732212132774293
-0.6950966119766235
-11.893898800848547
-12.616114471107721
-0.06761006059241481
-9.133023863312701
-5.243364908499643
-2.0931677548214793
-13.347105048975209
-0.16546520468546078
-3.6885250583291054
-6.913756753099733
-3.2394714006222785
-0.03255344347417122
-3.571348737619701
-0.03255225741304457
-0.03255344349599909
-5.461400212254375
-14.436597168445587
-0.38333108462393284
-1.9876880645751953
-31.27100312739276
-30.624929984856863
-0.06761006425949745
-0.18329565459862351
-46.76890168507816
-11.530150505248457
-0.09013740673708526
-10.260392081385362
-7.074807115481235
-0.01931830117246136
-1.3943246947601438
-1.5888974128756672
-24.356706482503796
-7.603539620293304
-6.787914904765785
-29.62149571860209
-15.831227404996753
-21.620247662067413
-15.489021939691156
-2.2321576091926545
-8.184489458566532
-13.41408646630589
-18.238104669493623
-0.21797956034424715
-10.245115788187832
-10.712899348000064
-4.3067038022272754
-12.802010964398505
-16.451658500009216
-4.99927833611946
-0.03255225741304457
-1.4221739226486534
-29.702077529480448
-17.71583056350937
-1.3772914689034224
-6.942370235919952
-11.019601936270192
-4.4038201328366995
-0.7472562404582277
-21.07963396410196
-19.3598286677734
-0.34669241309165955
-7.5557934413227485
-18.364111339658848
-8.020321025280282
-43.07483028434217
-46.315423218373326
-26.777130365371704
-26.202498324244516
-11.178832879289985
-0.39312809705734253
-7.585862137984805
-3.146651779745298
-3.1681393389444565
-10.94818620838123
-22.863832229915715
-2.961437958845636
-22.60846863919869
-0.3984241187572479
-12.73848907394131
-0.605618892084749
-5.173743815179478
-6.997569319792092
-5.810716152191162
-0.7283046934753656
-12.232307225465775
-1.5100852875038981
-4.008546471595764
-0.06761029889457859
-5.981734678614885
-7.0923725325847045
-0.29240379302063957
-3.6993424111278728
-1.031778046861291
-23.833988225087523
-23.05744405160658
-17.362137598451227
-23.60866237571463
-37.504410829395056
-34.02751076593995
-9.961482494534721
-9.795622192323208
-63.941554218530655
-0.34669241309165955
-1.6916969898156822
-21.965566422324628
-2.200452636461705
-1.68636816740036
-66.9822992995978
-5.3649093497115246
-3.587811761070043
-11.426208142191172
-37.388802861387376
-47.0456082970486
-8.677328750025481
-5.791689749690704
-4.12557028234005
-1.332314065657556
-27.538686020940077
-3.712238027714193
-3.5849168549175374
-17.525815219036303
-42.203473132169165
-1.1390745922690257
-6.621639976394363
-0.06761029889457859
-4.274127780969138
-0.34669268131256104
-0.3984241187572479
-13.172580954735167
-5.573657061846461
-7.027981597930193
-11.718350388109684
-0.5470231920480728
-6.442542555741966
-31.21511470954283
-10.24162908244034
-3.9993080175481737
-1.588795485906303
-1.2463676109910011
-1.4094509143615142
-14.888699379283935
-1.6885367993963882
-0.9043150246143341
-19.584153713891283
-1.5887957029044628
-4.811165273189545
-3.5525416620075703
-2.5371957612223923
-0.12811230588704348
-1.177215120755136
-1.3625951264984906
-38.52332946874958
-2.4958524226676673
-3.08012624271214
-22.76055491808802
-19.42477523861453
-3.392575043719262
-3.9993499773554504
-0.34669268131256104
-48.18695613369346
-18.651429876685143
-0.34669268131256104
-5.363646671175957
-24.1016147993505
-22.997700125037227
-16.870014500804245
-5.121080296696164
-0.34669259190559387
-1.7482856838032603
-7.997915892337915
-4.266423903405666
-1.0578032732009888
-1.2451316136284731
-7.505661463364959
-6.024125028518029
-0.06761006059241481
-0.030018029734492302
-0.7743033715523779
-3.6416461592307314
-0.0364559032022953
-0.03255344349599909
-9.09058786695823
-4.725767374038696
-4.562448985874653
-12.383673196399286
-0.06761029889457859
-18.623635572206695
-3.3941909899003804
-10.067509611835703
-65.24095862681861
-0.34669241309165955
-60.5210334303556
-21.612047769362107
-13.646532595157623
-11.284495523083024
-2.35187327433232
-8.161779675487196
-25.442160010396037
-6.231983620120445
-7.9402402749692556
-8.715276213144534
-16.097408072149847
-7.116715857759118
-10.941000864899252
-19.098683090025588
-3.197415056056343
-1.8105704830013565
-5.375540032982826
-4.5969432344027155
-0.3657926842570305
-9.507743807203951
-3.601908234413713
-2.3098104931414127
-7.934522540177568
-4.82823621481657
-3.6571947298943996
-1.3625958692282438
-8.527804408222437
-0.3984242081642151
-0.408184751868248
-13.28821730323034
-0.3984241187572479
-0.06761006425949745
-13.171059060889093
-0.398424357175827
-14.77682266310876
-16.48462677898351
-3.9763533769164496
-0.34669268131256104
-11.453944904727905
-4.337864157743752
-4.861568474810156
-0.7357936203479767
-11.675621898364625
-21.037017061345978
-5.611257368756924
-8.211297917157935
-0.977618614822859
-4.288599662046181
-18.475309604546055
-1.746121016156394
-2.4422551792958984
-13.550729364156723
-7.357631243765354
-0.398424357175827
-24.52911227149889
-1.0668690204620361
-4.546101792016998
-4.714516256004572
-11.480325013399124
-19.481758657260798
-4.952224364504218
-2.649573315284215
-22.365944399080036
-0.06761041437857784
-4.971617309813155
-0.6479222392208612
-13.582543493248522
-10.352174662053585
-0.5609726309776306
-1.0967287681996822
-20.490484061883762
-0.06761018707766198
-9.44972364291607
-8.84450917999493
-13.104784466326237
-8.843221470713615
-2.5468544830800965
-18.129114701616345
-0.032552970114920754
-4.486284738464747
-5.61443343013525
-3.4373120069503784
-0.3984241187572479
-2.027324353635777
-11.089924767613411
-1.7623839601874352
-4.000022919237381
-1.8657101611606777
-5.559026566785178
-12.424049925990403
-0.06761006059241481
-13.145226002601703
-5.573126425158989
-0.3833309952169657
-0.6204346234007971
-13.533480539073935
-40.107082476351934
-1.3169364178320393
-3.2465284132340457
-31.441661942677456
-5.314572856295854
-10.39655696072441
-1.4731669938191772
-13.63700879485259
-3.873489636462182
-37.480152267133235
-20.837423176737502
-16.184669823152944
-0.1281124223023653
-0.035751794930547476
-13.820063451925307
-7.690093254670501
-23.01125975274863
-1.1828085035085678
-6.154151144022762
-0.07958432286977768
-4.517089001106797
-16.90358085749176
-56.566986731646466
-1.9116383702494204
-18.349831110826926
-17.128148908144794
-12.891644034301862
-11.165612072189106
-18.465531969442964
-21.148080717714038
-29.571006279060384
-18.48130950506311
-14.598116671666503
-11.612061059218831
-8.052639064568211
-0.4909708919003606
-1.9545153306098655
-2.364598233718425
-3.640365516766906
-1.7478392040356994
-0.308488542214036
-0.4910683110356331
-8.11687884866842
-7.866266775992699
-4.6853818897216115
-5.200744390487671
-0.8009008863009512
-1.540640606021043
-3.2102724676951766
-4.541514418786392
-1.3479768633842468
-0.5316244326531887
-1.5076633356511593
-2.5365333468180324
-0.06761006425949745
-0.44477040541823953
-8.552615414286265
-6.806250992696732
-0.2118932562716509
-16.803080631652847
-4.22750427108258
-5.733860867097974
-9.283341996459058
-5.235967091284692
-12.23012389242649
-6.827690403908491
-36.1670292007766
-0.3040862574507628
-10.573372532380745
-8.969934744265629
-9.0433528739959
-1.2057055663317442
-0.398424357175827
-21.73479281179607
-15.225834794342518
-4.665279754670337
-1.154722971841693
-0.06761029889457859
-0.21386687317863107
-6.399885274004191
-23.498745658202097
-0.49597653141245246
-1.7674845457077026
-7.594705991446972
-1.9822901608422399
-4.618535981619061
-2.206911226734519
-15.347772763576359
-18.493701367173344
-8.486578173935413
-0.3299846351146698
-0.21936112642288208
-3.116387724876404
-12.769507972751626
-2.870832232155408
-0.22465225718406145
-3.1163876056671143
-8.546238805167377
-11.565290410071611
-0.27097916789352894
-0.27097916789352894
-0.5725232791155577
-0.6111627258360386
-2.9108526007985347
-0.5555206071585417
-5.4309974641073495
-0.49305406026542187
-0.019764039665460587
-0.06761006059241481
-1.910772314236965
-14.327675783479208
-5.287341524497606
-10.979587748646736
-7.291047481819987
-11.875863435678184
-0.9165031090378761
-1.1885496629402041
-2.6325561846460914
-1.828450459164742
-7.8998091000685235
-21.04125438258052
-15.815127849578857
-0.7332393359392881
-8.050610544007213
-22.811580034613144
-4.84726020693779
-9.839796051383018
-1.7443530960008502
-1.995335787301883
-0.6950966119766235
-4.577945545097464
-6.550683598499745
-11.216985639167433
-0.49097114242613316
-0.03575132554396987
-0.06761006059241481
-4.205329012358561
-1.1723447851836681
-0.9539675917476416
-14.753459046129137
-5.514650247583631
-0.019764157012104988
-1.8619952529406874
-0.11519468858023174
-0.07539966951298993
-0.1472035866463557
-0.019317947298986837
-1.638353230417124
-7.77252146450337
-4.783479458419606
-12.505728007061407
-0.06761041437857784
-1.3023175299167633
-1.1149607449769974
-18.318723648357263
-0.3115774542093277
-8.219002625439316
-1.698580845782999
-6.957565346732736
-6.7343879894506244
-1.8274875328934286
-5.343872539699078
-0.3430972171481699
-11.620917405933142
-6.513747577271715
-0.06761029889457859
-5.9468953186878935
-8.027826495468616
-0.7435134714469314
-6.979501823254395
-34.22136805935588
-10.079006509389728
-13.066570520401001
-4.927426336333156
-4.618740916252136
-2.206450454890728
-8.75895071568084
-4.099779279320501
-7.395126718562096
-0.06761029889457859
-0.28790794021915644
-2.0203659869730473
-8.008637566119432
-3.1163874864578247
-5.499235510826111
-4.142594365403056
-3.987823714618571
-7.525714397022966
-4.463485583662987
-0.7784614115953445
-15.64374703559588
-1.8995319015812129
-0.38333084620535374
-0.06761006425949745
-3.2932274248742033
-15.039487454167102
-3.6520325606688857
-3.4160607121884823
-0.7745259925723076
-1.3728722035884857
-1.5707409438473405
-9.552375926352397
-7.67649603029713
-4.78394877910614
-42.51527291459206
-38.34110873462487
-7.166656136512756
-7.758756190538406
-6.051437506452203
-0.6111627742648125
-5.222658740727638
-18.980105446302332
-4.936544959433377
-0.06761029889457859
-14.406947408861015
-12.473761558532715
-0.3140177484601736
-1.1975763766095042
-0.03255261395315756
-5.168794432138384
-8.735271450481378
-0.1292752604931593
-14.71017060149461
-6.5790948159992695
-9.377991060726345
-8.221735186874866
-1.1952924877405167
-8.758283620798466
-6.511053944006562
-2.284726954996586
-5.198666483163834
-3.4002954121679068
-2.4051910042762756
-14.578247404191643
-8.666721160676389
-19.36763933254406
-1.4378886725753546
-0.6111624985933304
-4.958856015335186
-5.000727864913642
-0.27097934670746326
-0.6111627258360386
-4.95885670138523
-5.000727099366486
-0.2709795404225588
-11.801110367727233
-6.176898400852224
-0.06761006425949745
-14.789206070650835
-0.3984241187572479
-1.3411575239151716
-0.12811253685504198
-3.00718283909373
-0.6111627258360386
-8.964343481929973
-9.286811181111261
-6.778022701619193
-13.832177288131788
-15.513531543954741
-0.6314304769039154
-0.06761006425949745
-0.035751794930547476
-11.18049149113358
-2.420260272716405
-15.860794675943907
-18.352954000971295
-12.060332068536809
-1.618735258205561
-15.602113869041204
-6.694151063449681
-0.06761041437857784
-0.74772541038692
-0.024752790690399706
-32.7962489139245
-6.560258187353611
-8.238422142458148
-8.538039285223931
-18.574409381166333
-9.087306881207041
-21.08605623888434
-27.473811687814305
-5.063530086539686
-1.1415824677387718
-5.556788839399815
-6.911098048934946
-0.4903131425380707
-13.253167828777805
-16.565797569272945
-2.532321089413017
-1.1412563873454928
-1.6316680022282526
-2.5492001209640875
-5.4099604692310095
-12.655930565088056
-4.9667584747076035
-23.27218142041238
-1.6572330826020334
-5.903287080436712
-0.6890353625640273
-5.268683422385948
-15.049837283790112
-5.689180888584815
-2.4702733382582664
-12.291619442403316
-0.03255344349599909
-10.256484726909548
-4.99426656216383
-10.381496384274215
-32.04326545423828
-8.430080420373997
-0.06761006425949745
-7.658600626105908
-8.108987542618706
-13.038563907393836
-0.780730128288269
-7.758375043660635
-1.373323456500657
-0.0163163430406712
-0.34669217467308044
-17.53309765960148
-12.314240799285471
-1.4475346263498068
-4.516786949461675
-11.482682334724814
-1.5023144204060372
-6.15162235038224
-13.065919357031817
-1.7691569458693266
-18.73867592465831
-3.909056782722473
-11.104202691542014
-7.421697022393346
-3.2290909149160143
-9.310112415463664
-5.223116281820694
-9.534183767682407
-0.1903751500940416
-12.663132605222927
-9.446652033901046
-0.16757737591979094
-0.6857668122975156
-8.976278035901487
-11.128200736944564
-0.5563577520661056
-6.205183122910967
-10.650500039751932
-8.792897871015157
-14.861082176677883
-9.12644761800766
-6.535465784370899
-0.34669268131256104
-0.5634572236976965
-16.384737907050294
-10.747537584445126
-0.3984241187572479
-0.3984241187572479
-3.2360324419569224
-9.296605378141976
-2.0506925340741873
-3.5985751152038574
-12.962726682890207
-14.978566974401474
-5.479301859071711
-11.313239464478102
-1.8034366127103567
-0.11335455626249313
-0.398424357175827
-11.94691061843696
-0.34669268131256104
-0.3984242081642151
-7.403475230559707
-12.745181167592818
-33.43007593204675
-0.06761018707766198
-1.4891469504218549
-4.059534466261539
-56.16544870423968
-10.160310062812641
-16.72812148416415
-8.628763879882172
-16.285067009041086
-11.468716450501233
-26.852285935776308
-13.552186936154612
-1.1494815709374961
-2.377470198116498
-6.700969573445036
-17.752114464034094
-10.598751518176869
-6.023687736829743
-7.831982548908854
-4.761657360708341
-3.9636773116944823
-28.17258632183075
-3.364009276032448
-0.695096492767334
-18.667237742638463
-18.721132096659858
-0.7627494602929801
-4.314183235168457
-0.035752031952142715
-0.06761018707766198
-0.07399069663370028
-11.395216477845679
-12.093510578817586
-6.40488402362098
-21.855719980201684
-0.39842426776885986
-3.543938659131527
-4.157401115211542
-13.079330387481605
-0.03255261574668111
-9.50068127871782
-0.3833311125636101
-9.615493714809418
-37.54511218256084
-0.27097934670746326
-6.68872445053421
-2.08414551243186
-6.711465468164533
-11.072050962829962
-12.013978944480186
-5.4551415260648355
-14.963094010221539
-6.574546370859025
-4.480811702553183
-3.381800406437833
-8.821082788519561
-20.216988537460566
-0.06761018707766198
-23.402692558272975
-3.116387128829956
-45.5631145931693
-0.06054087640950456
-6.02137565612793
-4.7215920881862985
-5.748722691088915
-13.486838985234499
-3.8013457658234984
-3.8013458258938044
-10.825992453610525
-18.371549810050055
-5.512988191097975
-0.6111624874174595
-10.567893080555223
-2.746084181126207
-0.28754181135445833
-9.06726366357907
-0.38333082012832165
-11.380490253912285
-21.938970569855883
-17.377103452570736
-27.034965243539773
-0.3430965554434806
-4.434330433607101
-8.202049366038409
-4.249873837456107
-2.7776564974337816
-22.409078422708262
-19.28067760542035
-1.0818893257528543
-5.325285640079528
-10.025258666835725
-1.8703341279178858
-13.14500265067909
-5.80931811548362
-3.1163876056671143
-3.371515422128141
-4.602087854407728
-13.390625741973054
-3.6199053674936295
-0.3337775990366936
-0.06761041437857784
-2.599627408897504
-0.27097916789352894
-2.5797321051359177
-19.186418993514962
-13.0756675931043
-13.43060368229635
-6.871325545696891
-6.4382158880034694
-0.019763924181461334
-8.878229159628972
-2.864928501425311
-0.019764039665460587
-4.482484011386987
-3.2850495536695234
-5.81913596810773
-0.77655071800109
-2.8459473218536004
-5.1563054621219635
-2.8440740097576054
-24.100651035492774
-0.0676101797434967
-11.497803449630737
-0.398424357175827
-13.671891465797671
-20.798107548966072
-4.63636702299118
-13.364673744887114
-4.10386564116925
-5.818886832334101
-0.3299846351146698
-0.3466927707195282
-0.3466922640800476
-0.39842426776885986
-0.4816489666700363
-3.3994655633578077
-0.34669268131256104
-7.829786039888859
-8.171721458435059
-13.343676012009382
-0.34669268131256104
-5.246104806661606
-11.690125823020935
-15.451139850658365
-7.566155995242298
-4.360804226249456
-0.034850932581321103
-0.0676101797434967
-0.03485033828110318
-46.07814604777377
-3.4566071555018425
-0.03575238538905978
-8.366269604717672
-5.996521654014941
-15.361385579373746
-2.645435441285372
-13.477847436553816
-9.33898228383623
-10.645296653266996
-7.451220404356718
-3.3192454427480698
-14.927174656535499
-2.4740772917866707
-4.847767032682896
-6.120588833233342
-8.42174592986703
-0.6950966119766235
-20.023554001414595
-0.06761029889457859
-2.574181149539072
-2.0815666746348143
-20.3473944067955
-6.966503282790654
-0.3466922640800476
-25.027969171918812
-0.9780621835961938
-0.32998454570770264
-34.19405193236889
-1.007540593855083
-25.120263802353293
-25.193017410492757
-14.002992771565914
-6.04312343239144
-9.390274214019882
-3.2403851706767455
-1.7038293033838272
-13.105469703514245
-3.4823932950384915
-1.7613143920898438
-0.3833309952169657
-12.84578686952591
-1.8657103988807648
-1.4878259599208832
-12.409849804025725
-0.0676101797434967
-5.110790230683051
-13.01067610186874
-16.06247913837433
-8.839905394241214
-23.326569440570893
-0.7472557193832472
-0.07586633204482496
-0.34669217467308044
-0.3299846351146698
-0.3466927707195282
-0.3466922640800476
-5.872633160037367
-2.945262296590954
-0.060541119184563286
-13.205345867434517
-34.41252538142726
-0.34669268131256104
-7.473602787111304
-11.742521770531312
-0.34669268131256104
-6.791574016679078
-0.11346791298274184
-0.07539873306814115
-0.14720312878489494
-0.019318422011565417
-10.113917550537735
-8.494110204279423
-0.6950966119766235
-41.0409884811379
-11.505195830017328
-0.2673293778207153
-11.804213860072196
-0.21113997111388016
-3.479697613278404
-0.45410573702974943
-8.81584057956934
-3.617099419236183
-7.264364412985742
-2.6255413382314146
-0.06761006425949745
-0.032552970114920754
-0.6454495724756271
-12.988733922429674
-3.103353016078472
-0.8773042224347591
-0.1941664144396782
-9.004458229988813
-7.2014260434079915
-6.570755869615823
-9.761219045845792
-2.6082144419196993
-1.7293822895735502
-6.4118094951845706
-3.6669339509680867
-13.244577550329268
-20.051477683358826
-0.31157684326171875
-21.87260413262993
-3.9583955227863044
-7.103775091469288
-0.7022596728056669
-0.44776742812246084
-2.520316731184721
-5.3729973724111915
-9.220184164121747
-5.9141197623685
-15.095255946740508
-10.553789116893313
-6.8231519013643265
-13.567268513259478
-15.790707226842642
-11.09107685543131
-10.824418010539375
-0.34669268131256104
-0.3984241187572479
-2.049038887023926
-3.709433904848993
-14.541828218847513
-6.892749761289451
-5.460682193282992
-0.3984241187572479
-4.476359621035954
-9.914744125038851
-5.552654384984635
-0.398424357175827
-52.27548511594068
-8.465700097382069
-1.5202728491276503
-4.598920464515686
-0.06761041437857784
-5.539858788251877
-4.592530073685339
-4.929948076605797
-0.27097916789352894
-76.87463639110501
-23.248676615037766
-2.1401192553748842
-0.06761006425949745
-20.441266695292143
-45.92111583461883
-24.75667193927802
-20.581658406139468
-0.03255225741304457
-7.978924613445997
-19.597653721633833
-2.8014108878560364
-0.3155024526640773
-7.621679901087191
-20.417570546269417
-2.0969953055027872
-22.37449727065541
-11.260476095369086
-10.280263719614595
-0.6950966119766235
-14.351421705039684
-4.387191907619126
-0.17256897472543642
-2.049039125442505
-11.648424208164215
-7.929130500182509
-0.40992008287867066
-1.648359555983916
-0.6216005855239928
-36.07471343909128
-0.06761018707766198
-2.5875315244775265
-12.225845831453626
-3.578224022872746
-27.773844275168813
-0.03255273005925119
-11.50577704331954
-8.79644954239484
-17.263698827591725
-3.9250879334285855
-1.3837353978306055
-0.06761006059241481
-4.733855978120118
-0.7352315549505875
-0.03255261574668111
-0.03255344347417122
-0.38333108462393284
-5.9694558549672365
-3.8574217333225533
-21.234362928196788
-5.863083614036441
-12.306790400936734
-0.34669241309165955
-3.729155180451926
-7.118181515135802
-5.4018294343259186
-0.40818484127521515
-6.086350031167967
-0.06761006425949745
-19.03127076912824
-19.0312713614494
-12.757510707473557
-22.45741925204493
-11.851666222246422
-25.881794582295697
-0.032552970114920754
-3.6044815637269494
-7.271598815917969
-6.513032667338848
-10.09884019009769
-2.1205888390541077
-18.497062154114246
-1.3625955434981734
-2.814924301870633
-0.5336457444791449
-0.06761018707766198
-0.5395303815603256
-19.800678031417192
-0.3363644368946552
-6.651548706926405
-4.163331666524755
-1.7293826434761286
-0.31433013174682856
-0.6707220042007975
-5.945545859867707
-0.33636461570858955
-2.6953787766397
-5.614416148979217
-0.06761029889457859
-11.532945596089121
-7.093456272035837
-0.06761041437857784
-1.04919906516443
-43.959376010810956
-12.55687099773786
-15.944465225562453
-7.046211374923587
-3.639431482180953
-1.1382936388254166
-11.351115060970187
-11.609467667818535
-5.95976822078228
-11.548168577253819
-3.8008418682729825
-1.8430809003766626
-2.4321262361481786
-0.32998427748680115
-41.01313301938353
-5.825689265504479
-2.874278968782164
-22.945506652118638
-0.06761006425949745
-10.834034829458687
-4.729023511972628
-23.384036844872753
-3.4679569549989537
-14.792108572386496
-12.581907485098782
-2.126210135407746
-7.395538162207231
-4.455936908721924
-4.455937147140503
-3.116387724876404
-2.319071627687663
-10.375160824973136
-3.1163872480392456
-4.022230613609281
-13.96815349906683
-0.7248475730530117
-5.144215673208237
-5.332832098007202
-3.5613494217395782
-10.631141375895822
-20.771544385112065
-4.260138247977011
-6.102019786834717
-18.089285018621013
-3.621304791420698
-9.299194268882275
-1.2619243548251688
-4.128286370469141
-0.06761006059241481
-17.163139628668432
-0.6101249381608795
-23.171361517976038
-0.06761018707766198
-1.8816980094707105
-5.240213663782924
-0.6142903539293911
-0.086736761033535
-2.7449590356554836
-2.15156888961792
-4.110789918049704
-8.98236633837223
-3.8085129195824265
-9.978286316996673
-3.1912566600367427
-2.548551669344306
-0.8056791536509991
-1.2662441469728947
-0.03255297234863974
-3.6578179597854614
-0.6111624985933304
-7.084908134449506
-0.06761006425949745
-16.49494974082336
-2.8167585688643157
-13.123693001514766
-3.2885654475539923
-1.0267171300947666
-11.225532258860767
-5.774831363116391
-2.335122302174568
-0.03255344349599909
-0.2983812987804413
-1.1119175106287003
-1.2985257871914655
-4.1851960002532
-9.767452179883549
-1.3682901496067643
-6.198192733369069
-1.6958407741039991
-0.1162785678752698
-0.5978913307189941
-1.4298980049788952
-22.139543838799
-12.326329637086019
-0.8391878344118595
-2.433419995009899
-2.1067881900817156
-2.3531583468429744
-2.524351991713047
-0.7737768292427063
-11.13043353613466
-0.06761006425949745
-3.505165930429939
-2.265092267654836
-13.653260032646358
-5.120374131016433
-3.8194151071365923
-11.590485036373138
-4.95127504284028
-0.40818464010953903
-33.68347357073799
-0.06761006425949745
-2.499485732987523
-7.737007164629176
-30.308065265067853
-0.03255344349599909
-6.282769956276752
-34.30156992695993
-11.864930532552535
-5.921339726541191
-20.688055372564122
-26.24812800064683
-57.56420730357058
-34.867379600073036
-21.771828204917256
-44.074143401914625
-47.67625054051314
-1.4289418901316822
-5.285026235738769
-2.20644997805357
-4.75574739068179
-24.528536099009216
-15.619466227479279
-0.06761006425949745
-4.838188130779599
-1.1937523195738322
-10.99980766326189
-0.3833311125636101
-18.237437177449465
-26.519566993811168
-0.06761006425949745
-0.4852504089985814
-0.34669259190559387
-0.3466927707195282
-0.3466922640800476
-0.03575214929878712
-8.555160619784147
-11.639322479721159
-6.896274116472341
-0.06761018707766198
-0.6403879685203719
-6.414020100855851
-3.82579864282161
-17.342139898537425
-3.1163876056671143
-8.515450707636774
-0.03255344349599909
-14.852230606295052
-13.6024380308736
-2.151323000434786
-3.4813746623694897
-6.760842181185581
-3.415710606612265
-3.415710723027587
-24.270100914262002
-0.06761041437857784
-8.922866377048194
-4.660785871557891
-4.060485653561045
-10.388975902773382
-19.113628534483723
-10.311853931641963
-0.34669268131256104
-0.34669268131256104
-0.34669268131256104
-2.062218052567914
-2.553172903135419
-3.5367987086065114
-15.00566925527528
-11.632778340950608
-5.084390834002988
-1.8577103093266487
-3.4002947881817818
-1.186082810163498
-9.726386819267645
-10.92680701194331
-0.06761006425949745
-0.5936600692220964
-7.636881531077961
-5.147554827664862
-5.110483183176257
-1.0193535834550858
-1.6927675008773804
-0.8126627532765269
-1.5169092062860727
-5.866235706125735
-3.0494330413639545
-4.4082822795026
-0.6111624278128147
-18.05341510893777
-0.06761006059241481
-7.903612428577617
-22.554881186544662
-6.422870215028524
-2.288066272623837
-6.458108585793525
-1.9665243029594421
-1.2482367381453514
-4.11662239744328
-4.0802998542785645
-7.177570390042092
-0.06761029889457859
-5.74760174837138
-20.2536238724133
-0.7264290153980255
-0.9203427379652567
-0.6111624278128147
-20.628323655066197
-6.4068833568599075
-0.6029158122837543
-0.0676101797434967
-7.5073851346969604
-0.2668278507917421
-0.010966016678139567
-2.072093565016985
-3.0556717982835835
-5.883435532450676
-2.7945286575704813
-5.6532509326934814
-0.3833309952169657
-9.501720070838928
-1.6049039674908272
-20.619803776226036
-0.06761006059241481
-0.24926199804758653
-3.8491405211389065
-1.1995908776298165
-2.4851480264878774
-1.3645874324720353
-8.608205469048698
-4.276634231675416
-1.6917302748188376
-18.382324079051614
-2.9989109180605737
-3.500711263754056
-2.3928548246622086
-6.7056301683187485
-0.13624185149092227
-3.7098566946879146
-0.12811243627220392
-24.127584588713944
-12.461099841631949
-9.328578149434179
-4.479119984724093
-1.5230674725025892
-2.0356729300692677
-0.0676101797434967
-3.7895570109249093
-20.412357285618782
-6.2430954089795705
-0.06761041437857784
-0.39419653713775915
-0.22015675902366638
-2.8472823566626175
-0.6302585601806641
-0.32998427748680115
-0.32998454570770264
-19.83776646170736
-0.34669268131256104
-12.50876909866929
-3.157794466242194
-27.80455942179833
-4.850465072129737
-12.843163736004499
-2.151569128036499
-4.574940455029719
-2.6150592253543437
-6.009394509834237
-2.4309396147727966
-7.529178632656112
-0.06761006425949745
-6.958018549841654
-0.03255225741304457
-4.935324788093567
-13.17273802011914
-7.568670837441459
-9.302944319322705
-6.034886723384261
-3.6785347398836166
-0.6111624278128147
-9.384171697311103
-3.0268378537148237
-1.1853783349506557
-0.06761018707766198
-0.6376811011577956
-13.03928978055319
-1.5284873774216976
-9.501720666885376
-5.342832982540131
-4.5701820965769
-32.008120383135974
-5.546166945248842
-11.674745485186577
-5.189127040939638
-11.947013875935227
-1.5612655123695731
-2.598869491368532
-8.816908220062032
-13.769430271247984
-0.06761029889457859
-0.8770910297753289
-8.839417568407953
-4.726211658562534
-2.9958409087266773
-2.2456324715167284
-17.478860010225617
-3.116387724876404
-2.198711832636036
-79.67293942510878
-0.06761041437857784
-4.720803380012512
-0.3984241187572479
-3.718352069146931
-2.0087037896737456
-0.34669268131256104
-1.1092412146972492
-3.4278116784353188
-4.61231722868979
-3.500046830624342
-0.6111624874174595
-23.76224138448015
-0.06761006059241481
-2.7849205344100483
-4.216002431552624
-0.6387527358892839
-2.260970477203955
-9.033652490703389
-13.176625397056341
-1.6376516912132502
-8.14227045327425
-7.204452514182776
-1.928324342239648
-15.287296916823834
-5.003175730264047
-0.06761029889457859
-1.051579776685685
-18.370260484705796
-8.812512278556824
-3.0682560667046346
-1.9878300596028566
-3.0682558895205148
-2.642619952559471
-15.321555814472958
-1.6958149023121223
-8.602523800615018
-8.024557599332184
-2.4406776428222656
-4.705836311914027
-5.2752908893162385
-9.960786612704396
-9.61583337146294
-21.359196375124156
-5.124047741730465
-5.032979369163513
-3.319245681166649
-0.611162606626749
-12.29904498392716
-13.26565772248432
-5.532186798751354
-0.03255297234863974
-3.294206950813532
-0.8009006608044729
-0.800900824717246
-12.16813206783263
-17.75495347753167
-0.2484973780810833
-0.05010579037480056
-0.06761041437857784
-0.01710751788050402
-0.01710787340562092
-7.256869554519653
-2.270616943947971
-18.050303376745433
-0.06761018707766198
-0.30752503871917725
-0.31576910661533475
-10.114532637859156
-2.211335585452616
-0.6334275002591312
-3.66763274371624
-1.9220951533643529
-5.362728742817126
-0.06761006059241481
-6.296922181732953
-0.03255261395315756
-2.7901560813188553
-2.0209405831992626
-1.1514918692409992
-8.557759911753237
-3.4137648437172174
-9.341465909703402
-10.231429218314588
-0.06761006425949745
-6.746750224381685
-0.7021384630352259
-4.8963374104350805
-4.624131026444957
-5.779832932166755
-3.1817665873095393
-15.7737136441865
-0.5968766063451767
-2.119410693179816
-4.41255122423172
-8.649297827520058
-45.903604913241
-6.3623341466991405
-0.5103926565498114
-6.6028311712434515
-4.237646102905273
-0.3833311740309
-9.501720905303955
-0.06761018707766198
-0.8222041402477771
-18.072948448359966
-3.2942065969109535
-4.788214551284909
-2.2373699157324154
-16.07396141672507
-11.065834875604196
-9.198627931777082
-11.66095246374607
-13.489515213455888
-6.694741204060847
-0.27097916789352894
-11.840333497151732
-2.771149529144168
-5.984450024989201
-10.281693440192612
-7.898559374269098
-12.518282649380126
-1.3947713803499937
-0.06761041437857784
-10.964650908194017
-2.3403442570124753
-0.7925592875108123
-0.010966016678139567
-2.5325045924982987
-4.996799833141267
-5.107303555123508
-0.10409807693213224
-1.7847820880688232
-6.6928881233761786
-8.060026489198208
-2.5224483365018386
-1.5394965650630184
-7.9388667850071215
-0.6482503935694695
-1.5845505900651915
-13.145756060846907
-9.968451809058024
-0.34669241309165955
-6.725768878590316
-5.6496063163504004
-2.2584546848374885
-3.7442030961392447
-8.384382350537635
-3.450084557989612
-17.174703230382875
-0.06761006425949745
-9.246740076225251
-6.1686829660320655
-1.4702148281503469
-0.07613996053987648
-0.7128808380803093
-0.07614020252367482
-1.1822721591233858
-3.6578176617622375
-8.527315571904182
-4.731206720491173
-32.459826481179334
-0.06761006425949745
-4.069487139786361
-7.0818017704878
-22.260297391563654
-9.549322779654176
-2.1950986017182004
-1.828967759385705
-24.691212460755196
-0.09726351247445564
-9.775855343963485
-0.659365496620012
-7.396263535832986
-15.947217644192278
-13.79229348897934
-4.23952941223979
-1.8500102222897112
-7.359027579426765
-1.1963974646641873
-5.914410969638993
-13.621634463750524
-13.387842701078625
-0.0676101797434967
-0.0868324413895607
-10.779029175639153
-2.427968729287386
-2.0603451882780064
-18.641106587183458
-22.81445807117052
-10.08165245730197
-10.168084163218737
-9.536611882969737
-0.06761029889457859
-0.03255261395315756
-0.03645578771829605
-23.404991906136274
-0.7018427751027048
-8.019846932846121
-2.837239444255829
-4.676697449933272
-0.06761041437857784
-0.8470524176955223
-0.03255344349599909
-3.033231650479138
-6.123366276238812
-3.9226129427552223
-1.1120225350605324
-8.200823751976714
-8.952198049519211
-7.5180367436259985
-10.017319202423096
-2.669217645248864
-3.6941755898296833
-2.923294097185135
-11.456019580364227
-2.820461856201291
-11.258571414044127
-1.3762639032793231
-6.204688590718433
-16.490240967164937
-0.06761006059241481
-6.680792957900849
-2.114818919217214
-19.139682471752167
-6.429751635030698
-11.444397489540279
-0.07586644776165485
-3.3202991485595703
-10.076120249126689
-0.21797931820037775
-13.661855067555734
-3.951310843229294
-0.03255261395315756
-0.09726340904126118
-0.014988071285188198
-0.7807303667068481
-3.398446559906006
-0.086736761033535
-12.573270539287478
-0.41245000714843627
-10.938888275064528
-3.456402214244008
-6.3343569012358785
-21.55895587708801
-2.113629422383383
-0.06761029889457859
-4.615278392506298
-23.397878563962877
-5.33283257484436
-0.03255261395315756
-4.666259130928665
-9.827529832720757
-7.513016734272242
-8.216601850930601
-5.9248901680111885
-4.379042176064104
-5.143800895661116
-9.285325742559507
-0.06761029889457859
-4.592737400351325
-6.244010925292969
-27.40582149475813
-15.619205786679231
-8.291746601462364
-0.6376989707350731
-2.362089553498663
-13.113033034838736
-2.427968729287386
-6.345078204054516
-26.412071020102303
-7.883309722381455
-7.9779223040968645
-3.204563318096916
-0.06761029889457859
-1.6925886231379081
-12.695032170595368
-8.76188876060769
-9.962182022165507
-8.39854030853894
-6.825487593188882
-9.873646021820605
-12.189842098392546
-9.61196719482541
-2.656669760712248
-53.14822545491916
-10.71754267020151
-5.973728082477464
-2.049038887023926
-5.8509819731116295
-11.613258764147758
-17.648544067516923
-18.623132130131125
-0.06761041437857784
-17.24258520629519
-12.259444856201299
-19.3688600219175
-14.90548288449645
-3.971420936024515
-20.303500802256167
-21.353828140097903
-7.917584530776367
-25.26510178926401
-16.110121907178836
-4.191473007202148
-10.164515731026768
-3.1714359803590924
-6.212286744063022
-5.198848343992722
-8.145693678408861
-9.617181702735252
-17.135506108344998
-7.535254205038655
-17.96839298296254
-4.186086284497833
-0.08586641731835698
-0.07539919104601722
-0.14452093187719584
-0.01931830105604604
-0.6462050303816795
-3.2783855288289487
-10.533432223834097
-1.6618358006016933
-2.7365926951169968
-9.864005680312403
-0.06761041437857784
-0.2308594161295332
-11.981246866314905
-16.732512507747742
-22.420218615516205
-0.17000193796411622
-8.35999846260529
-29.888253329321742
-3.7100537031365093
-7.181460554711521
-14.608817857850227
-0.06761006425949745
-7.172658069990575
-4.455936670303345
-8.59146229783073
-0.03255344349599909
-8.18885326385498
-11.262026032200083
-9.673490608111024
-3.6761342883110046
-6.350585914682597
-0.06761029889457859
-0.7237836942076683
-7.050900837290101
-7.321520364843309
-2.0521510746330023
-10.770217817276716
-18.405605035368353
-8.53205406665802
-4.598313846625388
-10.182008258998394
-7.982118091895245
-4.560526322107762
-0.3984241187572479
-4.074992035981268
-40.734190394941834
-0.06761041437857784
-7.220093364769127
-2.5419744928367436
-18.86753561394289
-8.663297150213111
-4.994676830559911
-11.152261694194749
-11.929943094030023
-5.498598076403141
-1.8912895917892456
-1.5585785430739634
-13.900193957611918
-10.241100257801008
-6.509431019425392
-11.152262289775535
-5.664449250325561
-0.3833309952169657
-26.977950404310832
-3.707435619086027
-23.64794333372265
-0.0676101797434967
-0.6071698218584061
-2.4651355892419815
-3.3305664301733486
-14.140562518499792
-27.445443058852106
-0.34669268131256104
-1.8653485774993896
-12.070540481479838
-7.750024694483727
-18.55462235608138
-7.9464393854141235
-28.0820694413851
-6.428736191475764
-12.22645660606213
-0.12117744609713554
-0.6369075290858746
-4.627135886446922
-9.859134635305963
-9.765374229697045
-1.965790362610278
-10.772645990364254
-0.398424357175827
-13.464724026285694
-6.535917039727792
-0.06761018707766198
-14.837200677255169
-4.779576519620605
-11.413717674440704
-9.941076449817047
-5.1157759772613645
-7.5415757883602055
-9.786416679620743
-11.263919699005783
-15.964032826945186
-0.0676101797434967
-0.09403523918444989
-13.430127263069153
-0.8875427910970757
-0.8391878344118595
-0.52495474988973
-0.6111624874174595
-3.3661824148730375
-1.8314907908206806
-0.2709795404225588
-0.06761006425949745
-4.653966301120818
-0.34669259190559387
-0.6123299226164818
-0.06761018707766198
-13.43624042657757
-10.37222832590487
-4.459313091443619
-0.035752031952142715
-1.0129422941245139
-0.016316107736201957
-6.916113992570899
-0.01631622391869314
-3.2798212642082945
-0.1625845104244945
-0.294217006477993
-0.06923744024243206
-9.040250553516671
-5.247436036821455
-1.8968871285323985
-0.2596033811569214
-1.8296457472388283
-3.2328379643149674
-2.9504913987475447
-14.751911298604682
-0.3283626139163971
-3.947342152823694
-7.968761294730939
-8.979102248325944
-0.07586610480211675
-3.109725478105247
-4.9468879050109535
-15.83586398139596
-15.469080881215632
-7.397271032794379
-0.19411699312786368
-0.07539917627582327
-5.5495020187227055
-0.01931830117246136
-5.514552116394043
-6.4289145792863565
-7.076975838564977
-1.622958242893219
-5.439549683418591
-3.8027413636446
-6.611359566086321
-0.08402103867774713
-0.07539966951298993
-5.947096998337656
-0.019317947298986837
-11.15548627107637
-5.514552116394043
-6.164102107286453
-2.0197141743265092
-3.9314854892436415
-3.5996981819189386
-3.448137434766977
-6.553030951879919
-0.06761006059241481
-0.06761006425949745
-0.5395305901765823
-0.32998454570770264
-1.7293819328770041
-0.3115774393081665
-3.9647240416379645
-0.6111627742648125
-12.134892342945022
-0.1023712563328445
-0.0676101797434967
-17.34072561407811
-4.148963767402165
-2.4890973195433617
-1.4811171629989985
-9.65819867933169
-0.0676101797434967
-8.997478256409522
-1.8454960035160184
-0.3466922640800476
-2.741378303617239
-10.014829121064395
-0.34669217467308044
-3.2502996921539307
-7.01431130617857
-1.0578032732009888
-4.081792226061225
-5.309924010420218
-1.5903939560521394
-0.32998454570770264
-5.340669678902486
-1.5572639423626242
-2.0405565933324397
-11.974009536206722
-2.3744084015488625
-4.379440575838089
-2.433005248196423
-13.10478489100933
-13.104785684496164
-3.1384020317345858
-0.3299846351146698
-2.8166787747177295
-7.634894542396069
-10.623011325951666
-19.17486348186503
-5.173939431551844
-8.209062170470133
-11.804626727069262
-5.882433529943228
-7.7858966588974
-1.186082810163498
-3.5204309349210234
-1.687007001193706
-0.631430372595787
-0.035751677583903074
-0.06761029889457859
-16.91440329060424
-0.3558492287993431
-17.927648110315204
-0.48695041121391114
-3.369541058287723
-0.7684352088836022
-2.2013545483350754
-1.1606236551888287
-11.12877198541537
-0.3806924670934677
-4.598920226097107
-9.73587759071961
-1.797970524057746
-8.064957517199218
-0.7494089882748085
-8.54098123370477
-3.7645863629877567
-1.1538215009495616
-4.6252068763715215
-0.0676101797434967
-2.300473486960982
-9.724399962753523
-1.0416996888816357
-24.739080457016826
