-30.872588752950087
-7.214875497317053
-54.418666948341055
-5.965441425036943
-9.570922903177234
-8.428054141044868
-3.819102591645809
-4.71612041122296
-11.373747244097096
-3.5358542153171015
-4.8419827104752855
-8.760578227393125
-26.286036287226125
-22.255545047502437
-15.29476373902608
-18.976543537904945
-12.426104269731013
-77.0102873760961
-0.7310343926087626
-16.643666924908757
-16.992486915383445
-20.453165847829943
-2.240961368687522
-1.9920839465189601
-5.15307802101767
-4.751432797931557
-21.519058106423238
-2.9028615599470413
-20.804395617907936
-8.20834342076941
-10.41445191779615
-10.485382018043424
-2.9595580335133036
-21.381925429146122
-15.21632886854237
-9.000544149010167
-14.06696945220662
-21.369181060639676
-11.126496873941505
-2.480611642669146
-5.434128863703876
-24.79478180212743
-5.001329875656779
-9.96160254825412
-2.72276694138759
-2.6726877170913212
-22.852883084324503
-27.816371049461736
-10.355686430374355
-6.711469300017143
-3.3590552134421614
-5.697247599328449
-7.963865719495516
-5.234704140758794
-64.01587908933769
-6.030867977561343
-7.461900766593317
-7.226077201228058
-83.87837316968714
-13.388993056070646
-10.473226557485248
-2.860721976237045
-4.090164875214214
-5.3941641633159065
-12.82121909716318
-20.26228726194381
-23.74865127874307
-13.427301246986751
-18.337052600134164
-16.909642345603224
-14.75037432651299
-10.616719364743915
-18.784584515172355
-0.13715139962732792
-7.1159132679995025
-5.288224279437934
-10.774290953462383
-14.249429940827952
-4.807550835483539
-2.3990736222169176
-8.846499306158876
-0.985328798221417
-0.07013141992501915
-29.96806397673933
-62.711507225597664
-43.89900010151905
-44.18074458028855
-49.04884262575836
-40.306962226748254
-59.8622705808168
-9.919065708085782
-5.778553864183543
-37.80252901723702
-12.385589021378905
-25.257060842369576
-4.717628396693726
-10.543157668943422
-25.577171519377075
-11.646850352089814
-15.075425342592837
-15.448407703533348
-22.087494596189117
-18.55976622475881
-0.07130526335026843
-14.561362084985028
-30.883936829934548
-8.877789840396986
-4.693721008143029
-21.193487748567236
-0.03801031410694122
-5.3373555798984285
-11.776669132214145
-5.273892164230347
-5.652329694906669
-0.49877246385739227
-16.362416473441655
-20.66276615599776
-4.220339886096696
-4.899083974041552
-9.44885930231328
-9.000423375764562
-17.90237629854937
-18.542228401243932
-15.867932776268049
-19.446089554416858
-9.872882716795566
-3.7451476873508227
-5.900064742022778
-5.777480342625267
-18.08533026539726
-2.706949643965345
-4.98840115212343
-4.680859253948768
-6.719427983880195
-9.343437881467949
-0.5165322161670858
-19.536031739025525
-19.331264924898278
-32.73540278871618
-0.9261157545664602
-11.183954918890088
-8.06367670690706
-18.27178401487238
-4.56234564860965
-7.528141933198469
-15.575731128588068
-3.411239563461862
-19.828595903108194
-1.52646238978258
-24.918097660619047
-6.388010424177935
-2.678446868222892
-4.232902779716255
-1.80461567379092
-28.05470594758708
-9.270313880349931
-2.679102277765196
-10.883325140956998
-2.842424135845249
-3.3401037497201287
-31.00501580539224
-16.463432011277845
-12.239030420713306
-39.58147299637936
-4.7383445462185705
-2.965287884589088
-3.9420119866750767
-2.065744424798055
-1.8022610097608478
-16.39369623001336
-21.720154325392507
-12.959149890528288
-3.0176067835336653
-3.4220826594896536
-3.3137638491843973
-9.595276089834726
-7.614698904340798
-14.973341546516167
-12.456358191867537
-9.823702913000375
-13.461675808272098
-18.94654743753906
-9.255824896889408
-18.72242171466327
-4.3246527355513535
-1.0214476796561485
-8.635893159936757
-20.453591923786284
-31.20593643501121
-28.765187389094535
-11.44501685387462
-22.638782739422055
-22.92153666788836
-2.0176812168697325
-10.140673724826598
-2.724013745954828
-2.4411456939159564
-1.7425402264150236
-38.57320155152274
-2.013185558449287
-16.94494283212361
-7.551470306569826
-1.066637018043366
-17.44174323365155
-4.628622054750444
-2.592781353469036
-7.718463629694149
-13.804717975482902
-6.807398076192953
-2.205649425184447
-1.6092739217478993
-25.55116037845592
-2.8627695380041587
-22.513590970240493
-12.771585058860687
-7.4044945929208765
-11.042124845216641
-20.942852488536246
-25.955713182860435
-15.183521236834679
-5.772737949969951
-52.71456822656876
-34.547562705722555
-21.844692643967363
-20.89306029876525
-10.343056577396482
-3.388417512831495
-8.698565084569964
-20.597360656834496
-1.3398559818642681
-0.7708396770751733
-9.222635100116463
-2.7653667040515018
-26.019210272140185
-7.933672902897079
-14.176480798731149
-24.645233092572752
-32.54646078663918
-22.779522039728306
-4.482479555924073
-23.146409961196973
-3.8117270592983914
-8.715056588283346
-5.64196758918208
-3.7124599831990963
-16.956893912150292
-24.393446097533882
-11.411448425649127
-5.652864935982507
-39.33721040153605
-16.099213752611597
-24.193241148426736
-22.00876179386463
-7.220644564350934
-6.739434079583354
-12.477814159073432
-35.400352510124996
-30.776697374638815
-4.071176496737955
-7.901525694423299
-2.123184849617246
-8.887508478576216
-9.906393465845888
-10.055946443101206
-22.31803889591521
-15.708573366389821
-10.689011868120645
-1.4599383272442026
-23.028385037384815
-1.9047843267314875
-12.404662339060138
-1.8607510962888227
-1.3629342353793206
-3.0296073160990318
-36.42215619013919
-5.333985742433015
-17.88409955199313
-24.47330745818101
-8.6438734760386
-7.140527596613879
-14.088757322852302
-11.38830997364198
-5.3736016471884795
-12.966528476491696
-1.7611657857886769
-10.327176370797439
-14.631947964243267
-3.249612189450872
-16.431654823226374
-21.375633699640133
-6.435503046804989
-1.4169497633774597
-5.141534665674271
-3.9318225814076797
-11.010483333136072
-3.990926255176646
-10.314798238390324
-15.4650743078995
-8.576623297554363
-9.239801075765854
-1.5021334377286664
-7.94482834761174
-3.1983787160477846
-1.6710721389646324
-20.721078686163082
-7.045910314418279
-24.159199460945807
-5.802293707756689
-1.8701794038920525
-4.59314401529808
-16.55142563896061
-8.89387976287233
-1.8948283591000745
-4.227055258893408
-2.4519882077346153
-1.8249418056316244
-13.479929376074061
-17.448531676131324
-8.41743256891732
-25.985058626572936
-23.410680322544195
-17.742018116714874
-28.921525292739204
-13.217681363451156
-4.992692206165771
-24.319799771642458
-6.793590284234824
-6.135083689953319
-0.2709349688511793
-1.7773067196010572
-14.33320932649076
-9.872161321174609
-0.4071146437381685
-2.6595077333239487
-11.426134657522141
-15.044888724848477
-18.55187239884414
-42.70634576137434
-23.05388873477196
-6.364196932797313
-3.96421222562185
-9.128340609061013
-8.775123344727895
-28.58470092441155
-6.506122372805933
-25.684521022681565
-1.9705832839249524
-7.734830484901977
-16.722339357984076
-7.633073455533349
-2.2314385010738533
-1.9287977403261607
-3.512903972553879
-5.059760229076915
-14.797262329796354
-2.5481427901900133
-8.511860692509963
-5.802550124822794
-17.6461745609829
-16.308304536733424
-0.026915783062577248
-29.77878729919901
-16.678801679146538
-41.59232991164719
-20.826809839373084
-5.0548070637414355
-10.776684992098346
-20.31672213368529
-20.629565534321046
-14.683766406282267
-8.729536080646255
-5.605436757870393
-7.842981828053887
-0.9702069871741514
-5.3928262802635345
-8.454814291863464
-8.773918305317238
-4.876849415434151
-37.31681492280102
-21.247358475789937
-9.06808182653105
-0.0214335098862648
-4.577898986459552
-1.8585401274134412
-10.084286927278953
-12.186440649582565
-4.106606554970313
-8.628579763806329
-10.23263027539464
-9.700531618109324
-2.4072676616051467
-10.354888727888465
-5.078041357580666
-11.638525806974279
-20.18914270459765
-10.349075080166358
-1.8613889420482792
-32.050058584499986
-2.6690910695791104
-6.527575975808304
-24.562579216021618
-1.2325924954576521
-4.112453475228676
-11.73664334437035
-1.3245335201963755
-4.950993673774974
-9.632418220808916
-1.7524743712205009
-13.789100988215296
-6.76932441273442
-23.148229862155873
-14.207009309363954
-4.204725534827247
-2.3892605270421754
-35.043123356667856
-14.36259680215801
-2.578883905203355
-0.008568190969526768
-3.8298766679243954
-2.8523642184148343
-7.921434718406083
-3.2088244565898094
-8.910512115291567
-9.774824226125183
-1.2444224145109786
-0.708604933397055
-10.340411653534254
-3.640446660805196
-0.2055787097015127
-9.970933706977377
-4.171204023342398
-50.96121992485388
-8.622202417967856
-32.3585310337325
-5.824592529781
-4.591427650872049
-4.7077075280674165
-14.37095240194865
-9.654586001351156
-10.82017693384622
-1.1666382983483388
-4.045369256350334
-5.090026629423733
-7.47294223674907
-3.2692574489483377
-19.78743792584521
-29.103947655401157
-4.840680679070147
-4.406721878885804
-19.037168983284914
-7.789054417212014
-6.6807531101324
-2.625332325545969
-23.071741205728415
-10.76535543060163
-21.445790631326638
-52.872217120020856
-17.257424895599904
-8.363270629000567
-1.1388477293860433
-18.67828792208917
-4.918022121299579
-31.015814782881968
-9.87968195293638
-25.94281924981874
-9.401014550004675
-15.03376425235546
-2.7212114043991207
-9.349209187375891
-20.723890545288214
-17.729753353016456
-10.154862863365338
-8.045628685429591
-11.398305818374297
-12.069970594007764
-6.184062596223946
-2.9962338874791783
-4.770159786771046
-8.615263833695955
-6.307504493897568
-29.769482483085994
-5.726967233087635
-0.2137459591303923
-23.19492003288724
-2.081617160784134
-36.77124712406718
-10.63685258278747
-3.5823250113451124
-10.314931498654403
-11.287073532119393
-18.36472268741653
-17.693692961389324
-9.232722321107985
-7.249792108833674
-27.177236470710618
-7.9335498127381925
-13.886644736926485
-16.388643708544997
-5.762217942182815
-0.9633461055563757
-12.179783632393196
-8.732412009844886
-18.697105035917048
-14.570717086512929
-9.25441888175368
-9.027512036324822
-27.86127684603934
-11.981414471300944
-13.914977738985037
-9.780604903845173
-4.585342071310372
-3.1207473932242067
-55.31576942874821
-9.083285803200397
-19.149793748610932
-12.952587372107779
-8.585469584284283
-1.354832137698324
-2.9649030867148554
-28.67654569746162
-19.373242079230742
-32.99970601268603
-8.813550667653743
-0.32441197779553477
-12.76303724622126
-25.390229625939973
-52.00390802618455
-0.024821791797876358
-10.68870325774104
-13.516577273231974
-19.96031424371813
-9.074716675147833
-18.93124003076229
-15.80962451004632
-3.6244352844512946
-7.517977720328979
-5.563318645285108
-19.471857641049375
-8.226876382663157
-6.163069549698861
-28.13061701607753
-0.2314969427716278
-11.00345574961458
-19.55965903447597
-6.64515770531753
-3.568927974974031
-0.4326629879053314
-10.859123199111679
-15.889271620058821
-4.422757103866161
-5.590276227388358
-8.543861578722463
-3.173726153061125
-1.8978747074666273
-22.42289573797916
-1.8411513306839424
-12.436374557483418
-45.84530455985782
-6.686987355187846
-16.97594667493089
-23.730546765051933
-21.70691353965063
-44.33282387277114
-8.398121859596927
-10.71277669459272
-4.89447988886419
-14.34510280903055
-26.771710951660893
-16.319687006333524
-18.560494032374265
-7.324714905286328
-6.4507020994915365
-2.0397292874521327
-5.948040912922792
-2.4986190715894736
-8.378321654094627
-4.940035883047017
-4.919758563080904
-14.722158982032141
-3.2168042714346257
-37.999391536330904
-17.93462635120391
-1.2987081534779463
-20.76832250717723
-3.277654443410711
-5.90687796123666
-47.82099624117321
-22.078293354763204
-1.8551303019914656
-8.383275761201162
-12.213287643922165
-56.121004206709536
-13.941603557284445
-2.686765787982246
-6.4917140369652415
-4.283447941306122
-2.796625099634639
-3.768661124864593
-44.85862426941492
-19.032027534736727
-39.81304848096801
-10.204144621506586
-7.67576364216859
-10.024795861062891
-28.45360721889506
-12.501304265662327
-9.797997527201346
-15.634248751742433
-2.1103087934898213
-11.206063506251212
-0.02346927672624588
-2.13080961433991
-18.652706534968218
-14.298034098930657
-7.7641608402209314
-9.981987967515892
-18.082973416981062
-3.843073129008957
-10.74351921233017
-6.043483167437671
-3.9684081986762862
-11.467511447407077
-4.919377330350237
-16.248999910857265
-8.250851434383293
-22.071228117305587
-8.55349140159921
-6.320553524721724
-7.714916044147685
-16.903283769659538
-43.54276671447495
-40.22450548099306
-11.263037428376208
-5.068058085336418
-15.47555798518988
-2.0403763666271857
-1.3905737004495151
-2.880251895211586
-19.801546276814136
-7.08931859576839
-11.350554325369103
-19.252029987836487
-20.582665356223515
-13.952768931699495
-1.6928654315212839
-13.962566727931168
-2.222223437255707
-0.08486315608024597
-32.04465728053583
-0.12668074667453766
-23.865064678411308
-6.927436091463726
-0.16701529920101166
-12.559184383458579
-38.35622255772387
-8.931915258549282
-5.28413784379881
-12.778979962282165
-7.256314440956032
-8.536578918285159
-24.225578212102405
-26.301724348900507
-9.120593965961007
-16.872951236525722
-2.3696780607003802
-8.117279087447741
-13.72420771089972
-2.7741998821882135
-15.005836877550102
-19.567341176486707
-2.0246312436323137
-12.506239224366652
-20.21339821501209
-18.47280613759358
-2.692435104108881
-5.079623969003443
-12.224773697924206
-25.779138129882995
-4.145199138779269
-3.7080023793765804
-5.0554539451895835
-0.6306335568528993
-20.28872646742468
-3.6621329475298694
-0.7274389737050058
-2.6505369036969597
-16.586611929388702
-9.90949724420966
-4.377697123566122
-15.270427841851607
-7.289382218771806
-26.021246841337188
-30.905867721044316
-57.04163271094551
-15.583018148057874
-10.6381039341233
-9.45940756532164
-12.919236393521544
-21.508158398503213
-14.707619413525173
-4.109331757794017
-18.049914246994717
-15.042716906048206
-27.297358256796983
-41.00825476146737
-20.65114210356532
-2.0403768350388063
-1.3905727511985262
-2.8802533979287546
-24.692281144286603
-44.361244586740185
-21.897768521341277
-16.766649790573865
-12.565841666910238
-22.73995349463017
-8.392341950887378
-4.6620236904670875
-9.482943693162866
-31.516916017047237
-4.900108614036242
-28.005064683525546
-6.548982658230663
-17.821729246265477
-34.42607856674027
-10.822448806677471
-5.982189394045228
-8.854669992087679
-37.878397016144724
-8.718521122422146
-19.616379270874702
-10.472321545572242
-11.533930410472855
-15.62727305379201
-10.711523297238045
-2.7928262008936144
-4.905177771474165
-19.460265258692026
-12.285508389051074
-3.0834110547361604
-7.778990169403379
-38.83855191862244
-27.02673138185196
-7.958522301467376
-4.372495645045518
-16.39549841562563
-4.444351924193818
-1.0909886263402697
-10.173038639897406
-10.724797378759888
-12.207666406597092
-15.147105028470833
-1.3068170926180755
-8.49309488983468
-9.262713608542974
-4.077531644821647
-10.810732763645774
-13.124836836468376
-9.880965791306608
-13.039102371638933
-11.568282913371426
-27.45816616401656
-28.91524853007808
-6.160364524638354
-12.207980103206907
-1.6892628548639266
-11.416345706218543
-9.211320178488009
-12.243825958143105
-13.968437111785441
-3.084258234001254
-2.789328204893309
-5.871753429178618
-42.74212822710679
-0.7660212972577938
-3.48170460302498
-31.203763978273287
-34.55269011737447
-14.253689300112157
-12.537973838884845
-4.566929969154728
-12.751867416756852
-17.22403732153441
-14.479474030237462
-10.044168463735218
-3.48172537019218
-16.89585688378429
-3.0138755561048285
-7.622818565261014
-0.40441666390046294
-3.3182449659310507
-18.035031855829196
-3.0532628028722613
-14.569285670295358
-17.490251153077907
-2.35630629872923
-9.922357326924605
-2.811527930599368
-9.157554972561343
-31.889563442816296
-6.693740289101356
-9.842352002221958
-8.819613877290713
-25.242680478996135
-14.287057046737772
-7.21739838579866
-19.610359267499852
-3.056877827785229
-22.674013327465715
-10.934783894463465
-4.152821835852251
-19.606765345355733
-24.714987454847652
-23.442756366904177
-22.641530809854885
-27.56345452784339
-42.92306675108486
-66.54431572594189
-5.94868995570414
-5.464869976933585
-24.659782499923693
-4.541213936756549
-8.729139834247569
-30.32111745429313
-16.082641960965063
-66.91700924405936
-17.035550313651555
-36.30871289599485
-24.187136905918543
-33.916568625697664
-15.762193800162258
-28.890061364259424
-12.234782559157225
-20.55845694046934
-6.843486278856943
-20.207229880019895
-10.691547687235868
-6.142656090440596
-3.966265803445367
-8.815031952380643
-9.746933181601094
-7.54887972557151
-12.336596151585013
-13.129457534190742
-3.2071311778765903
-4.915636748525792
-12.827549761659967
-6.051880635719044
-23.8858224726215
-9.667515435074165
-6.1577213976911125
-24.129900139972193
-15.067425470958199
-11.028538493761971
-7.605176941910912
-14.18232533153494
-51.55446434422309
-2.820188177965065
-10.712340803362565
-6.889089517134316
-3.507339446666265
-4.743257156236723
-9.768983196821061
-14.9824601675761
-6.392665185294383
-11.173494502172929
-16.499088703149653
-9.85923346576601
-6.617116408311404
-3.2411092348877446
-3.306084872617241
-5.982828831383316
-10.270524223442742
-5.348978466153994
-18.90421824765565
-3.73175375663606
-9.62826311792196
-37.63168253242889
-5.6686429135513094
-3.009659624563028
-27.81649942337753
-15.98944860542504
-22.07237101930081
-0.020157719030976295
-5.370111271021642
-7.94846918458768
-9.10434793666596
-15.152049617985362
-27.700169424914847
-13.229746892876392
-12.075006559439544
-7.508005776171558
-11.157957325692898
-2.7747684857128547
-33.087382047120784
-5.256505152812643
-3.31045416406414
-28.362494211986586
-9.349475296988643
-6.834150193631984
-14.862590008362467
-10.886401694957158
-20.088009990751743
-13.124595141274426
-6.4488115009760065
-28.70663448272689
-6.714637189482573
-9.852454350941343
-54.691950257836076
-31.624704487515658
-4.6562478872783615
-0.028348935768008232
-13.505786100402474
-10.889455076414343
-18.463062142820583
-8.48226406428229
-22.97049890240993
-17.14342827623102
-15.631952257312136
-26.370427788873307
-18.671836734526522
-0.317524055355193
-1.5229339703131046
-2.8643637499868646
-10.035414522305473
-23.719822765085098
-0.8781240463334186
-21.28889817188508
-8.04773226996501
-3.63837171229045
-1.304084066437099
-14.026041352609376
-7.867510995206089
-21.070109991658967
-7.963025582899945
-3.704737611008568
-8.049175202969735
-13.107784338790559
-12.287740966512061
-17.220171526353084
-15.798174914115975
-14.294489561742921
-14.905282278065286
-8.475240465393199
-12.233001588368182
-1.4411259903404243
-10.462347743699524
-79.72556445183011
-10.391365783161291
-3.1242302397657724
-4.432636669649575
-28.284211153937378
-13.094934002471803
-2.717732510267055
-0.195910800074671
-32.89539049207856
-5.056040586866743
-5.530392781231228
-2.7049115242552944
-4.93279166614596
-16.327233411443444
-6.735718194898709
-12.246705679086972
-0.65369794919188
-18.38991889368821
-50.36266599635678
-1.477471475714765
-21.262793485140605
-10.824394355463902
-0.8156599906927156
-6.6767696580758695
-6.905077521127964
-3.345809468686383
-4.151226274531723
-7.29382832899568
-5.590225115983145
-2.925238978879861
-6.160237516406589
-15.619136416353285
-26.072776975848647
-12.178871558150597
-10.63121197659978
-20.236650769771124
-15.689141019950085
-14.908418043453707
-12.085065170359485
-25.65657474675981
-11.167381720568073
-4.6491219797646295
-12.918839198913872
-25.193434354102237
-7.781179062604679
-13.019565798466765
-17.84604609352288
-0.5206991838569479
-4.283734583714249
-40.21928399922933
-23.3493447408988
-32.54676060888036
-16.71061502221695
-6.634647350815612
-7.8676256397448014
-16.812738526988703
-3.019094232822333
-10.084741247450253
-32.66661624150668
-19.767672849962757
-5.705401838251362
-25.547425053090848
-6.772342524783845
-28.03691717908255
-3.7459770346722507
-30.794341550719757
-15.69478109867373
-22.027345660019016
-13.117073374673872
-9.854943965234725
-7.5906514521459485
-10.405279650583338
-2.97962433962811
-29.65804723055433
-6.079804450917209
-1.2166955385878282
-8.473919239942177
-3.4005561143748295
-4.85961940655352
-8.357511892926993
-5.231172052455804
-11.456043679533977
-16.930763405847664
-9.295975825474443
-12.827058879893627
-36.2173127562973
-5.439408117155153
-4.061446352842289
-5.356021224724685
-4.297354835505125
-32.03130482279435
-11.20147005151236
-9.775049311803677
-52.46841883013752
-12.170913592865752
-16.71619175419439
-8.875122734396427
-12.715424586301843
-4.968183611170389
-0.9437676614841166
-9.948175929176273
-3.030805795484298
-3.928320537663353
-11.534620685794494
-23.857041337986082
-16.230895253155836
-18.317723516013587
-12.03480840739325
-3.9908907478436504
-0.29732016320122057
-3.1534948412493122
-3.022104317495632
-0.17025082821783144
-1.6827920787764015
-4.920438939621306
-0.731786448697676
-11.876954040908402
-10.40484093629766
-8.635182163226204
-10.541208158855397
-18.756754282403307
-4.978978852411473
-10.09809104291633
-4.141850852032796
-5.657018434016436
-9.518198572759836
-10.601041236134556
-6.641608600576397
-13.217987690832615
-3.409593079037222
-10.027127576950988
-7.7915437332085276
-16.565434746444225
-9.729062623304571
-0.2924584595388069
-15.819905064458027
-1.1674349133390933
-7.8160419844329
-9.763335264957277
-11.819354366595235
-0.6306335568528993
-2.764663644975599
-29.873040009240867
-9.693091884798797
-2.6912738727803003
-16.585103298377987
-2.763331493122422
-7.698879359952571
-3.309527246647747
-4.083558354565859
-6.21999243212732
-0.02617131918668747
-13.649161910765315
-27.856467200058603
-9.804518029406609
-14.787904841870386
-1.687216901258978
-9.266646975110227
-8.47145551768699
-10.174309059644195
-4.384120869597545
-0.6348857612672418
-13.943137053632817
-5.287348429795287
-9.3454217915978
-41.36933033560251
-14.281290757518939
-2.2946223735470994
-38.582198365733866
-14.36863044513327
-22.745227746990132
-8.220340554867107
-4.930021845048373
-11.264728380488805
-6.7548964679714345
-23.400297192699895
-4.068611566278889
-5.8357548627179625
-37.441555798487336
-10.470602117246521
-24.003921981595994
-9.16381607470477
-4.644927392426183
-10.468036849209497
-15.41926259874986
-9.21859508647924
-7.129388753988877
-16.56005816390956
-12.35290549311469
-1.069638581560696
-21.07361552794282
-30.737158815667094
-38.824557272838774
-4.731835972532963
-13.858525551757353
-5.413960774647421
-16.10665412357457
-1.6643389725226143
-17.267551255179164
-7.011802729615283
-3.444725823931094
-15.450891613495827
-5.043916625566077
-19.19749994537142
-22.43117582710272
-13.208574582627953
-1.6210839840563267
-11.006828499363472
-6.336857028077247
-9.56952264474576
-14.37235389205184
-4.776986792773641
-6.096441361282075
-30.241851664675863
-1.637378450783899
-1.6541642217071058
-3.6530503543986015
-29.23967809375359
-12.257987714304925
-12.149819102692987
-58.18173469189278
-6.189776727073621
-11.98476467222298
-17.867133620984212
-8.386367203972782
-7.190531746473937
-6.061449911348966
-16.743933690843278
-6.894293448094686
-3.587440790202436
-11.983509809019779
-41.36796269500336
-8.33482192257253
-1.3491280942868116
-11.00768301564949
-0.7454495093734295
-12.051503032165783
-18.530891606167664
-10.66605580598116
-38.32903583531665
-46.8196138226508
-36.97375541345877
-27.73381602773736
-10.855578253013249
-0.6894360117398719
-21.49172632231147
-36.66418047849788
-17.93922029715506
-4.768936421443527
-15.377232121167026
-3.4471644236473367
-6.547534440895042
-21.826532882779794
-33.04080716062927
-51.111826748347056
-29.18099987746045
-13.95262162194512
-9.147145377211693
-33.23958000513255
-10.980487814295202
-53.811354280864116
-6.734277941971413
-3.7400376341879777
-6.082002501003444
-13.90298917554287
-4.271443408056143
-50.052100973180636
-0.39680484552627604
-13.896822726263473
-22.674657323921316
-13.997594512268307
-5.906281704567618
-18.648271163228458
-1.2507255889424869
-54.94599976908213
-5.292833604943894
-7.57150347749495
-1.1293847222723343
-4.906619323754825
-3.8803683090683023
-6.128819069603132
-29.83674031855459
-17.659089067854318
-7.411504234863969
-18.284997208472163
-29.481924094245983
-38.60284176000789
-6.501318229704339
-11.518822618084641
-10.853684362397694
-11.156256733508371
-10.508538207599656
-8.002251307646922
-7.137551512515209
-18.727667422694083
-4.221721203283543
-13.094688297514438
-4.792148720521077
-12.885508734546754
-19.335841094785195
-5.2460487124908965
-26.09950304871056
-20.497492132753507
-3.7010505503969853
-0.0306190587580204
-11.885133791168244
-7.894643532842537
-9.716389766358326
-30.557465454290814
-15.3011425695573
-24.561579727719618
-31.240279902805774
-10.37729241987006
-7.39276319448868
-6.442797734299091
-26.331737034599534
-1.334288194028204
-14.35358965725817
-1.0780322602470278
-21.040785947347473
-13.80762679064162
-1.4464908834232801
-70.47360053100266
-30.732478687864777
-29.701236652166173
-23.203223251069147
-1.695634237284473
-9.876613661368275
-24.18273026033478
-3.453225652406843
-25.5779253743409
-8.708270012760288
-15.104048283643948
-4.39212501201871
-29.93943436238896
-1.007732116265288
-16.013208767167725
-14.426086148004458
-4.23282691138229
-8.295508069002949
-5.763241878133783
-10.168414043466775
-6.451317186470533
-9.357443025511287
-27.053675327093053
-16.04739465522829
-9.555729623158044
-10.563466525846934
-7.662674154388469
-16.30015875693647
-6.455108515685424
-3.355631319616805
-0.2891269503595879
-2.8331127280252986
-8.574831148154772
-7.859619876159165
-16.874289042943914
-15.043995378463983
-0.8085189030675792
-9.123388940689203
-14.175753240698043
-10.448641464467187
-17.342003520503738
-0.9832974142370858
-8.156620302003553
-104.77029309280303
-7.699383176448549
-0.9624320296173892
-5.783178879541531
-1.3038886983331395
-26.76865599294743
-8.967567978437039
-10.416877620572848
-0.9932677308460995
-9.201172555380836
-30.72185614626965
-1.2561130324961596
-15.473124737783394
-0.2831551894866493
-9.872041407768329
-7.422182525882015
-18.937738580970972
-5.7498284864298626
-1.1008345312948222
-19.548785469780285
-12.403589938424858
-3.483442384540467
-6.422118212210279
-30.109650234788766
-2.731002798773261
-14.865776437084818
-13.329686384917181
-34.81954999215077
-2.403352149686725
-11.600408620284938
-9.679009919804045
-2.997364206360082
-16.880509233086507
-30.933837245150613
-7.482611448413536
-9.364326187613187
-9.301036514164366
-8.872971888862025
-10.4075797488224
-21.431976041553185
-21.310062497380684
-6.186625290196389
-12.02714496577974
-20.74313821559644
-1.0939530014235288
-21.395270421858065
-7.601371265916434
-13.467863197925283
-31.99427840158137
-4.106361294638646
-14.053792350506683
-6.717066536661569
-25.094787335549796
-24.73084933197194
-13.946809279244349
-28.851870917061355
-7.820122996286926
-0.15586075198461913
-8.9236575986166
-10.007287917199278
-13.187962916007656
-54.63941654355448
-8.762210708620046
-18.78564386998505
-30.044694252183163
-41.999699263766125
-34.955828543113334
-6.82591717795821
-0.8128741957843886
-32.599037100833016
-11.047555943429188
-2.738979513914444
-3.3571565131118746
-17.369906022671884
-15.101035142518235
-4.895932802412062
-9.728895909415513
-5.931590495851765
-1.7305395706482614
-4.144189081236618
-6.306426421730286
-5.287484931606286
-0.8673370485983014
-11.697964971619172
-9.801515869491872
-4.922423151911765
-10.506836212436468
-9.856304385632257
-8.16795842292342
-29.44728265713229
-10.426443883285287
-1.9518965744367662
-20.43001647297573
-29.732258118923937
-14.40680563943993
-2.5721938575243257
-65.02919794614098
-10.656251239076425
-41.71370365238181
-11.039281517315793
-20.71737595551531
-2.691940868624215
-18.78374786432419
-9.21993177692309
-0.9192573553536931
-4.882819485989522
-6.812853640455835
-16.577141559381793
-0.6190108590104728
-1.7773982408439224
-12.648862804286182
-3.7072362290228895
-28.945739937793157
-22.015374051542665
-0.021724354475736618
-0.22104597565339645
-19.85270953576721
-18.31475101204387
-12.839737765233615
-16.70796806460703
-34.870281594167864
-5.579697930033035
-4.583165690559213
-14.101142939862257
-2.9650820528763973
-25.369961330419756
-19.936726568310405
-0.08195000906971472
-12.504492836444115
-2.4103330339123374
-18.03573344625837
-25.332310805870087
-4.125305081591648
-52.693989072151446
-3.331031418501958
-24.442809980562053
-9.634199165592655
-3.7595654346640117
-12.878142389399727
-9.381491977912873
-26.321952584222572
-13.860660346504794
-20.213881523329476
-0.24199528160897898
-7.110170283306957
-14.21684778007139
-3.0734304824285346
-14.994743928118275
-7.338025285961038
-18.35753954620907
-13.089819319678718
-6.783000161268546
-16.98890639602574
-5.336903817848906
-5.119419409576494
-20.806264003481225
-11.446479277558382
-7.691877264387244
-23.824844685485004
-6.083809721817488
-23.36842630023579
-1.6348079154140294
-1.4745886164791955
-21.77072800544373
-11.114853984676301
-6.318337832107147
-13.560047079473406
-6.628653384980851
-2.7427512944637726
-0.9545291579429147
-9.44540390970505
-26.478648413888948
-49.73583073386724
-15.593097594517701
-4.2670387551825115
-35.507743244344454
-14.782270564815086
-0.28567854727407394
-2.9847705549509556
-11.231548957480634
-23.903361562030398
-10.592549091584914
-41.72577169353115
-13.488551937043667
-20.843110190235166
-10.874452313993288
-7.877261434030899
-28.614289462062743
-9.390177772377967
-2.9336063435321194
-1.003392453488459
-18.20608720532394
-7.557528370018417
-7.714362414527045
-2.930471346950071
-20.363248894411214
-16.721009629167717
-10.33479706863045
-7.685035514133574
-10.477367941125607
-5.831023150175888
-58.54135867315213
-26.495625875583265
-3.894379713551011
-20.40096972522045
-31.970789861319872
-44.62660316629899
-23.262084833121712
-0.33907032703803
-5.842338603022199
-31.7634017332889
-11.193188363558974
-11.740393081618535
-4.350529340402289
-32.36558017604102
-3.4917439496476845
-15.992860535377389
-10.71277749405948
-4.894479257125532
-4.178254822529169
-13.172025897292826
-20.557403525722144
-19.37119329253801
-2.3955952923715813
-17.199993749149144
-9.181272184149911
-4.216222236908372
-3.1783047160750115
-34.03439175031892
-18.019975444180204
-11.479126958213946
-9.49660041926063
-2.0818633059808462
-6.31378519748921
-8.360332288210657
-16.388307009545485
-3.276887557162979
-8.244152993136794
-4.029639118940224
-16.40081912416302
-16.996831352102703
-21.337861252739955
-3.253033064873982
-21.01602686172589
-2.7613547147845736
-2.176946504558373
-3.1142837573686393
-21.08655894934494
-14.44465092240398
-6.4766650933521746
-14.528556364100496
-2.170928544023127
-9.695683617848204
-5.215710242364537
-9.599794411122076
-15.709577604985803
-33.06799739134552
-8.813292539431131
-10.498633643823581
-12.672137538167412
-0.14694160393901257
-7.414070133206444
-5.115145040273546
-20.090951956285693
-10.285454148708347
-25.491330696647836
-8.96464973317552
-38.55478088046283
-25.72464245673649
-6.85442018462345
-12.292496720417233
-5.287019337926495
-37.85526280720296
-2.0380654686291564
-15.726341416409156
-30.273450175019207
-8.209562502914764
-1.2030874187514655
-29.724724615281154
-16.234676156193018
-16.484209284899805
-11.016176587571486
-8.05273724590802
-14.361066649468682
-32.94664507279185
-13.443702158518136
-7.422981195413485
-4.5924859303895005
-3.560770835958458
-2.256732982196752
-8.87068479970003
-12.768658182408807
-1.0654159165055361
-8.953042912848552
-3.706138274462994
-16.358008177347976
-0.016263317316770554
-33.60908292213571
-12.821326355259771
-5.063686310011519
-11.105989020040681
-4.090828852202321
-4.53021519359114
-3.604074023203566
-6.128946754462731
-8.498623354144911
-10.14678681505302
-7.450209721881265
-14.69844788149095
-5.48897497238022
-3.384705757577194
-5.707321566143939
-2.431431348388166
-3.132946707477828
-9.765532294986258
-2.297179561361304
-16.84390951367891
-17.607420488764774
-7.66753614787541
-7.092338408921478
-14.266708583421845
-5.859615820249182
-17.40061406808237
-1.494350264958932
-17.334711193290538
-3.180431113205934
-22.700300786170317
-6.711645371605556
-2.905421663135428
-3.1673373482362877
-9.316102534036752
-4.772769329386108
-3.012913373273477
-18.194042572917162
-2.653685028504242
-9.838064217260282
-5.450142814937173
-0.21753700363569806
-8.708474318244157
-51.498053133699145
-28.250654881039047
-0.668961187246623
-6.99603069105153
-9.510143530164072
-12.362791255209203
-17.81321277563498
-8.250634806395105
-1.6926758173667622
-7.7902521590010565
-17.248672273728687
-15.516135898861393
-8.735999583729097
-0.6317284652195596
-6.740449283976432
-3.4208395879995805
-13.018847408619763
-13.263036997800981
-49.11617978754662
-12.183841835445492
-1.926845574479671
-2.0561083873292176
-3.5456128938767506
-9.29454917363455
-7.439361715914849
-1.0563796512157921
-10.01820413958771
-3.300968234638013
-16.378539260857877
-8.303198733828651
-12.330687272696757
-13.525377246374546
-15.656155140155754
-12.853681033843685
-7.334471642971039
-7.34337402881544
-7.985921868824505
-3.9516592905799257
-4.199616875972531
-6.038438359142674
-10.642428679310001
-7.86657372566512
-14.236954182677835
-18.41376269609077
-0.9523895047651649
-12.616537757995722
-3.4610719346486505
-5.907305277262168
-42.595892010049
-44.560054825575435
-28.778346917543956
-16.363030895898525
-7.142993210841894
-6.409697930638224
-12.536050724481584
-7.434316402940567
-7.580792830050541
-15.10005591623485
-0.9815442270173662
-25.164078435186866
-14.65909255308145
-21.38406396750348
-0.04048014552517998
-22.678548104935658
-13.72238819569452
-11.633803290988794
-14.821332284034298
-8.87077109765459
-8.898010104565856
-19.271605094146558
-4.367513664955254
-0.8108595291660095
-13.932661673960922
-26.969706864692895
-7.955102897848491
-4.374617158201346
-39.3787204445919
-27.838261456617033
-6.9801584416482
-4.483359456371289
-9.316396374331553
-26.421753523197573
-15.319206139132007
-24.39395299213311
-3.2894167573371504
-7.283254037982843
-9.129210040747743
-21.263422241249785
-15.54118413224279
-4.112721904665705
-14.948971571313216
-10.114956492153397
-6.972299860591761
-6.9891600771730324
-1.7625699644835322
-18.988283377161217
-5.6962869066100765
-0.1916332661994602
-6.946376866335157
-28.38401483130768
-11.328280795359433
-0.10191953520870811
-43.845760105014804
-0.022969724610447884
-1.4511118783266284
-8.621295344086775
-5.87413439658436
-12.232772305607796
-6.40274353491759
-13.115166781722387
-12.521007402418945
-12.06328158695441
-2.0774111353798617
-1.6506031915571313
-2.969921588323473
-19.42067304368853
-15.83069236263617
-37.771383684716625
-24.179557798012567
-51.85474530691742
-10.637405028107025
-0.0694183986634016
-7.950492850641858
-0.005024615558795631
-4.892618533117904
-0.011318974662572145
-11.69617624134412
-0.053684966173022985
-16.669377124166544
-22.659556062158117
-24.296737342211877
-16.887776868025476
-2.3278053794054756
-47.95205553890753
-13.304244179686748
-15.993106814916864
-9.575674470534182
-13.78478678956386
-8.27915344619543
-11.567053082735129
-4.476392045478633
-1.0103805362396088
-4.558328375701414
-2.925224609410833
-0.19453039888502843
-36.75231169896602
-21.789552311479888
-3.334350320523299
-7.411748627019847
-12.1103822443051
-3.529414676064505
-3.695642088194184
-2.673149924140148
-9.01898262775785
-6.209054540631307
-8.952495213148723
-19.86680018039737
-38.32097438847745
-8.568900664032299
-5.0820824168882694
-5.985630001867833
-6.413173893901096
-12.181269228183254
-4.749652837024968
-1.914777898571515
-5.530870733662596
-2.06614537761925
-3.1716855137865423
-3.9039512543928367
-17.551771459529732
-20.94203222501551
-35.59461048813578
-7.440807594934334
-8.199100921530771
-18.69638544548893
-17.619646377878432
-7.810346647833484
-10.690800571613181
-5.259716542420392
-12.739213989667093
-3.3767701786682593
-4.790376579303704
-18.50588063260374
-24.249688330757408
-5.390047423459464
-1.261318316704319
-17.97854165661198
-25.38591929038602
-61.34835769032715
-12.054193771153962
-15.865779946483599
-31.59382078007964
-26.195774771566207
-0.023935526609420776
-27.697800182556584
-27.20403005220919
-4.386800015415922
-4.569355402060857
-29.01387694006266
-5.875779692343677
-0.9970761005715758
-18.984664556771463
-5.915642689796208
-3.9948840665677494
-6.314761821459996
-29.235809292118773
-3.026863169696746
-3.137411864180649
-6.493925946726215
-6.783312630670025
-14.656024308424549
-3.5675945823778648
-8.823686324015057
-34.21864658971293
-22.95210432268498
-21.639693080612226
-1.8441831446501737
-18.26888377777751
-39.3665632423274
-23.106017467385975
-5.940623903473352
-17.854144677594945
-13.321738276076161
-4.983202920239357
-1.1327535488380533
-3.1479146791061723
-10.898482877684728
-7.195324304357271
-71.80233733605252
-15.43978105442249
-37.83884921467134
-19.350096507172537
-2.0150876049715407
-42.96130096780173
-22.68715352141524
-17.23267975776743
-0.02684023603796959
-29.080151323460903
-23.360492797843953
-14.154272974721607
-1.8050705489930579
-12.426590298267108
-8.455251173126044
-12.985971621835688
-5.19803547732208
-2.7334639536821257
-5.095465155725371
-3.4316993041220485
-4.4678229481669405
-0.9083269410621142
-8.623721011610428
-16.031191539342068
-5.019692532400541
-5.479769847500101
-7.439809853987043
-2.614800366819125
-10.586716735391917
-6.497505978600429
-3.261132529046165
-22.421213534755054
-3.4351062430914396
-6.325768671380473
-9.830760123489213
-3.8024377154599662
-15.024710903518091
-33.95393962548553
-18.37240286973337
-30.85359798107943
-36.748159109801904
-18.27227530232085
-10.639558103459422
-2.3056032529559616
-24.999474832843916
-4.179565798918183
-4.038005592833855
-8.026176779203922
-7.0286572180814275
-4.961821980572431
-5.518096499287822
-37.33019829917301
-2.9806878466713442
-17.96994015846638
-1.4742426235316017
-17.317030198789524
-11.97262550686846
-5.795021330151904
-31.089805155054933
-11.192576518615112
-7.072313708631214
-53.10442013009082
-1.0485999310727436
-25.701280844034386
-3.3163802449306843
-24.578452080137538
-0.5200059236958623
-33.667672597081456
-7.823913319585699
-8.751789493995602
-3.64214526579849
-0.973329946398735
-27.7781975062274
-13.204745691575226
-19.8329541411714
-21.74350609020992
-42.59736247287384
-26.0292501760332
-16.143519984458294
-0.29037620825869226
-1.3905734936940846
-1.8256461998787472
-35.31941643694395
-15.014947979487829
-15.323524272423498
-25.024658616393225
-31.701065733349296
-8.941316153455034
-8.588091620672195
-0.022725388407707214
-13.257054213231186
-25.684295822316074
-19.91961791610288
-6.31532981463652
-6.908716250609004
-15.347154459039416
-11.669238796803455
-5.448808639694441
-5.618463600758098
-3.6884899977437584
-22.927302913359654
-7.801064959425496
-11.032286313773987
-0.255632918979245
-8.976484071507507
-13.961617743984753
-0.4274925098996505
-24.674768958114875
-39.82104929252042
-24.217984757194223
-8.013784180628477
-27.121264591140736
-33.90779790640957
-63.92951654015382
-16.433343352512566
-3.6648285874715043
-5.5431404171711165
-3.7029441589890553
-10.472686354747822
-8.406876915433713
-9.454620505326147
-35.93012568959051
-4.63786940906445
-1.0096823441990637
-14.133982939559985
-11.54702129520345
-1.1456214412792178
-14.126418077293906
-8.015391623154954
-13.629048349842584
-28.56270737701366
-46.769651105890425
-16.45664408470912
-7.248466746864011
-0.6306323871231143
-2.764664725393345
-29.64873056407179
-9.693091884798797
-3.564918970707822
-20.760184206888454
-4.755314161472022
-8.345827077747089
-3.735096186607251
-31.42055040277011
-5.747609590216079
-0.860954921942664
-7.089767108795591
-0.029236046597361565
-3.7161672638487744
-2.1677499573379464
-31.891186785323953
-2.667392456897119
-6.796422921056205
-8.200681679768365
-37.144475463420086
-0.179517852177014
-8.597922377537536
-4.3560040208957105
-2.6129554749048793
-11.765022000000663
-2.2363567769366455
-6.183910726003404
-0.02586933597922325
-5.368481329797184
-6.9565874011670985
-10.47026658068404
-28.26904284199044
-2.712121909427765
-0.6945459608302826
-1.5822013126689853
-5.880515660503583
-8.078521061111758
-0.27724951226900885
-17.442255604733617
-4.641434216643567
-22.58992440985655
-4.452490795489638
-33.80701346740738
-0.2291223861329854
-35.09290000781317
-7.02024795116651
-3.9768870845508673
-18.455949613793564
-8.220434509278107
-14.57349789234214
-21.952450008900428
-3.410264767836793
-7.209019807752128
-12.915168356620256
-2.8973522110956367
-10.996434271615726
-0.2795464900937077
-15.890959909924838
-18.56383822698308
-65.51041125586777
-22.037434278978708
-7.419392785704986
-19.62638937112945
-34.702974637583196
-0.1527214656656497
-6.758132817701153
-15.8181364371937
-7.668296507283856
-10.484352659659663
-12.587352499436065
-34.477116244147496
-5.868565414816032
-15.338934034238406
-0.5449818294346187
-14.599534682081355
-0.6189295640015189
-4.691607467658336
-9.540556110049423
-2.0700415895574906
-3.4259020590761793
-10.091006997686634
-2.1939156245432514
-1.9724739351977973
-3.485734123941022
-7.81943112607712
-38.306276681622926
-2.4876680956299424
-1.9611691702804706
-76.19176976955276
-49.919785688759724
-51.446548626464576
-0.040377482771873474
-24.597278166318226
-15.75082577892249
-21.00512096725953
-4.237048232858733
-26.575786614958467
-25.97114309805601
-20.262980078107972
-17.598626047930097
-6.273839529633044
-31.588835331219315
-5.7801461430753704
-36.262822779027815
-0.24532783385166113
-14.097732342086488
-31.137939439907257
-3.5073607659937807
-0.13861626064499433
-2.3629955795729245
-13.81414363521489
-4.615192405541279
-20.09918631541528
-8.94578924694553
-7.277404454311636
-18.163896971144702
-1.5254207212074107
-0.8048654767592325
-4.708902060760465
-3.2700284197670157
-5.956348217866434
-14.284229815968494
-13.800936665974838
-0.26778984372504056
-8.244641761051895
-0.2619494529826625
-15.438939030668195
-0.1743992417696063
-22.408860596839773
-10.448618226442974
-6.740479882265092
-12.26783991199045
-16.22913538352315
-20.2166990733271
-17.063035201729235
-0.36972069340504277
-10.360401467758493
-6.841093398110758
-22.417248044516512
-7.8270158297592545
-36.64203499303556
-37.07922581624127
-6.782431968331544
-9.399502337502177
-25.70712646864159
-2.0765757600399297
-0.0225698072463274
-6.898261001514122
-26.899687876296262
-20.64452018010492
-12.499391403245092
-4.094634530428884
-11.691557062828274
-12.452652757374238
-5.222597186121902
-11.831217732496839
-6.779634804115631
-18.454583012079397
-1.9442713550806445
-28.889314886624184
-23.97187797081739
-18.118947165899947
-9.1995210983834
-34.62313640864158
-8.315328923257766
-3.774923918766575
-5.421063605476093
-0.28791917637016695
-1.6534621913111707
-13.089096449533827
-0.7295023105136806
-19.388884279414235
-2.362002149771797
-5.276941337450744
-4.191287474582957
-3.3442552834330854
-22.360849045577197
-5.227688326476439
-8.913187647557578
-6.558104173530069
-1.8302348871876006
-16.311035119014377
-8.45182446909672
-14.559292113961419
-4.444693352055111
-4.938348771553024
-20.709188795130153
-3.0288449014214507
-10.84680251081636
-3.755431308118091
-7.719931185754831
-0.8742858671662361
-1.6506045552457564
-1.8169129557898032
-13.79052669696432
-1.4619047256620021
-4.3489225991584135
-11.619256370623248
-0.6527091427889999
-3.849118024213226
-7.102800834829225
-1.631197104807761
-6.241901901653534
-2.0773997514154416
-25.55301163803574
-3.67655232080142
-24.091803731207563
-7.302124619872181
-5.623835165196397
-2.802355822832368
-12.204452051454709
-19.6412425120144
-36.16966823013894
-11.716010129999773
-0.4548615838246448
-18.136066527212684
-0.22383992057234536
-0.905559970811737
-17.545243310453827
-1.7188986545552325
-26.409438273139926
-1.2572369533590972
-15.71094696444311
-26.136697517043665
-3.2146048919072427
-3.113354300268952
-4.381833982103615
-2.2599010459646536
-15.590523119334264
-0.49619673937541364
-7.686251256443512
-17.745788201990813
-18.859922947426618
-11.138170450681173
-18.721769630036306
-28.72279741526947
-8.328469243400605
-7.4575253130147985
-0.3806732032480227
-28.622393201713635
-9.10365643780412
-14.451991752526283
-14.312548020754548
-11.248279974988208
-6.662758884344804
-12.054540171598035
-4.345581935881
-20.498055725262127
-24.59879490451032
-3.7731035202476733
-36.1374902616487
-20.977475486935532
-6.2465316239120625
-21.948743269924307
-21.554249941338185
-22.224437038237056
-1.8486581862018738
-2.001652295023632
-2.114459375281058
-14.234207198552433
-12.374086221076993
-12.939645076435
-3.2869853669950544
-22.46246792267948
-0.023785024881362915
-8.98929835338543
-0.18856613303432823
-6.978803713389027
-0.350862911072511
-3.6632887634233384
-2.8322090494643817
-3.689698019696152
-6.34609247551122
-34.47098470020824
-1.3372195887286509
-16.151072636136576
-0.02978246845304966
-25.00640227138203
-38.01107252298435
-10.447934501294611
-6.095205288470169
-3.1295692947772977
-2.439014615972603
-26.351626653961425
-27.251634366221225
-11.720192479331722
-3.346430049322798
-46.74367996214879
-46.06365580239151
-5.722715276876414
-2.9933777874514362
-25.92601473328351
-4.7123383303842274
-61.167509555659194
-26.19877645154508
-2.7078057143096714
-34.09838034200255
-0.8286833074694187
-1.4002558726874668
-6.6109615611358095
-79.15395699042537
-27.891217196527514
-63.226726929548384
-22.58302443104975
-9.779032915250824
-41.624071368436454
-14.074657341537545
-29.102709783872314
-13.863766117445607
-14.024483660332734
-0.020853785797953606
-44.067208928909835
-20.12288902424325
-27.985387854764603
-19.682650090506648
-49.79066124849646
-60.58493847698037
-11.63077124249466
-15.138766665031
-15.564858495583934
-7.522989674034413
-3.1843444798985203
-5.857172944580206
-60.16663624614277
-7.399403146556772
-30.150744676004322
-4.416471493453443
-9.473466370387086
-7.2844284201992195
-28.319724584733407
-5.583365948399717
-3.166981625623521
-8.151792301519428
-7.202098960492322
-9.889544356756673
-8.335251502770198
-1.158468677433575
-36.106993153065325
-14.936965984829257
-9.861638473848828
-7.091241560409792
-1.2395136162389235
-18.479323556753307
-15.90261112839056
-12.204963443474156
-2.8368399543251144
-5.505035513078667
-14.866790431326073
-10.95028923983324
-8.413187920809477
-20.620234891275686
-2.9863887099236024
-20.792608549724264
-13.554801256246549
-19.292575820475683
-11.691207765524183
-6.064589073432018
-0.26337659248775935
-25.0449566522281
-37.76299006203513
-12.324518742373328
-29.812413417080535
-8.614250454046328
-5.015195895756165
-13.466989535557758
-16.00858172673921
-4.185217391652031
-13.15242643777674
-18.392630522072118
-1.174570583453594
-20.236100561954345
-18.246306591576932
-5.877063627910502
-0.8997778082316472
-25.849259777183043
-4.36178715650987
-2.2165997805096254
-5.556912874119234
-5.775439084688507
-3.66333004146054
-3.9607579035305207
-18.627631121119578
-5.770099068979761
-8.275073712552853
-9.082432365388286
-1.9796315051457896
-0.8669900259469614
-3.375890486824119
-10.440635018485722
-3.1843438283943826
-14.18445417997583
-26.218183013448133
-16.913774238369335
-0.3268131888000596
-18.863961367615047
-19.708670559866505
-5.237076040749905
-15.956324051214317
-14.614959620578695
-7.514191243736917
-10.789175903140368
-15.489701607408733
-7.292158728285266
-0.6306330488278036
-7.44360884116702
-32.233454021156376
-9.6930936827316
-11.138962329346896
-14.369832767652952
-18.755501048782662
-12.852128135779331
-8.942929152679255
-9.211226134496172
-1.2637877650558949
-9.652904666436598
-24.74868676388334
-2.167489271105296
-8.223339023192068
-6.023831390271511
-35.942339339120764
-5.376988051105343
-6.772242974259143
-3.2379963525440587
-5.408858813135652
-22.19732949526974
-11.464972802043
-8.997741790331702
-15.89458110256939
-3.5932791873906282
-5.202292058949638
-0.29346514857496686
-7.2590557369508275
-21.745160586720885
-10.90427587037675
-18.48932136011115
-12.75623720843879
-0.7335025245881468
-7.823269216939366
-7.52665660801722
-10.611184438698245
-0.08058717846870422
-8.09204384643499
-39.652634126957146
-37.97287037321206
-5.655680037124334
-23.656314957975383
-10.414809243043344
-4.805514656385412
-10.739987546763928
-11.072703630963467
-5.984520458470797
-11.11695069259892
-9.726404177786037
-10.794225547963833
-28.0193231598817
-1.8524871835239765
-8.6693458505166
-10.952139551508559
-6.38084893094458
-31.928749263317144
-2.8053372250451503
-5.806757227811772
-12.234638182006691
-0.940207926400717
-2.2301865092897444
-0.9899629805222503
-0.25737395163741894
-36.64354443857853
-20.314947248527716
-38.41590124182348
-10.409458896010506
-29.443971756437293
-0.8742854350034577
-1.6506028953979168
-1.8169138810869754
-19.42067304368853
-4.3679314571862164
-7.690152157876973
-19.041230505041142
-21.487558443250457
-1.2100270672058286
-23.629761373534734
-74.87576611471096
-8.395730088439564
-17.507358324609292
-0.01940867304801941
-5.427719021386444
-14.18919284028425
-13.890763034973581
-4.162537559211927
-4.056971907685778
-10.270524211276381
-2.458152305183603
-30.806531009345797
-12.646521327756773
-0.40393836401199223
-15.503835980842112
-1.6476450686496946
-15.46567962709343
-12.158911473496119
-22.537482573646685
-5.251906051380381
-13.484286085675876
-26.160104181599536
-2.199400844209549
-1.8824012338773102
-3.4742472438606384
-7.792109183738148
-46.897431449302296
-5.284617616223613
-18.20897376868615
-5.302484236485462
-17.67896157612489
-15.800928219706961
-28.184362531951585
-6.399031400334707
-11.844236375739001
-5.653725468093157
-30.22555974331288
-23.27883821260405
-13.389035958190902
-14.737193118206953
-10.462027437093347
-1.7456637388716558
-0.9206856252203579
-28.177625249413893
-3.245655942982175
-0.6731835078987274
-44.37272456027278
-17.915722184363055
-11.32211467869601
-41.345775274863165
-9.166272043509082
-0.7412326764123236
-10.06648473506084
-20.166127643185057
-52.30933265826462
-9.82839771066483
-10.19812519183764
-13.741733410410575
-15.711120004296845
-6.314640867484741
-6.832712069297713
-22.11095727012298
-14.960416071487941
-4.599320299863159
-11.196110249116828
-4.841468509788562
-0.7099822296242735
-31.088757372436667
-20.365150814103394
-3.8518959171061837
-9.644433216285506
-50.68577463201989
-52.81145861877304
-7.790743102044871
-19.474230102534563
-15.303901177805471
-12.596684822592948
-30.73168985688629
-31.279534081978454
-28.874884201369014
-18.14721941636236
-10.459273255919292
-0.603120428821228
-10.223751358736394
-12.031092073243556
-22.204191610358123
-13.861314456198329
-14.368434585736921
-14.09071827774202
-50.89305278162171
-12.168481123123222
-6.5854782101894145
-22.480613095046117
-25.36108847289995
-17.192124767473786
-26.71102138327933
-14.411104844578148
-9.85625508132398
-8.862031136630321
-17.021701866325195
-0.01862548477947712
-8.658186454209954
-24.986057302124486
-0.27862902752531227
-9.711642842507665
-18.138606533158956
-69.20670418053055
-32.17733336152256
-21.251568651890963
-10.230366700606723
-7.045226877867975
-36.03097295237353
-24.410081217824874
-16.9035697514596
-7.913690012526104
-1.551882864400227
-2.2043547167413635
-29.39988680096991
-1.7121415497260841
-33.44532496864085
-1.133718541691053
-27.030793706745783
-5.745783266902322
-0.23397539255893207
-16.569741479389783
-7.211467595434385
-0.9479148210165249
-1.679450639220562
-2.9957043862114006
-25.02040100942289
-7.240977403434869
-6.222952566342428
-9.646770429551736
-10.545414054631578
-19.46144275875553
-7.820143771751631
-8.735801486215045
-15.704144607675914
-6.6079118830639345
-7.73958880411891
-14.72554372878011
-48.625377954917774
-9.091193078973774
-4.726675645562835
-22.153214247067723
-15.208789020852514
-10.580290117000644
-36.74687686419281
-10.423215565752393
-0.953588334433789
-24.635425461850502
-13.617325871565413
-6.85996644774076
-30.964090191294588
-10.146740935050843
-8.439765593701281
-18.239677885377944
-11.298980243446401
-9.277544357499153
-26.807174417038468
-2.4456573499998626
-0.9515699874352777
-23.036610993290992
-0.7527155812628052
-6.6396647906844635
-10.545200609201288
-32.27885261688367
-7.339668807650085
-11.075320826871234
-7.45844299907435
-4.263538424398007
-0.07500578131134716
-2.1483424363769927
-0.18409074178907758
-3.5936170932135383
-8.167343678977431
-20.90520506577485
-1.0381830402337755
-7.283216504251726
-20.939802185791663
-68.05546569547303
-18.47493328526366
-23.60251180788657
-1.9393063664766075
-4.249362547869083
-6.402196205279324
-3.3834215985137632
-3.0351927364369473
-9.354370453035585
-17.29076467776399
-2.602305216814784
-31.753026192096364
-2.802488030282568
-14.58886227035191
-13.393169622554588
-73.23084974892517
-5.466959876265491
-17.091938504487928
-6.705304984492919
-9.44390465854584
-9.568479957583804
-1.3738975011264074
-1.3505435505016337
-2.0707825839385805
-11.028187828118234
-12.074006542637726
-4.048388174733077
-7.231910387058008
-12.69724607867613
-0.9762767772876941
-21.62322523933932
-4.98265724243889
-6.485320050375321
-12.601813285610078
-7.508207870797378
-23.200469066898215
-35.8108291952889
-33.92668657071019
-15.143193220653067
-14.198281952123352
-16.746296731268494
-34.51337805436742
-72.31407374048763
-11.517496515591802
-1.756125132535658
-31.855645772144683
-18.27062359198044
-15.71771094416738
-4.620975175729278
-6.9617316398757225
-10.445617495155545
-10.66232726993428
-0.9635307098205885
-20.983488701957583
-3.646555115919739
-9.940864712669736
-21.131300393466688
-23.71640264277673
-8.297365300291858
-13.74372215934946
-34.726390719403895
-1.5863621440241786
-39.45094074274383
-2.971081991576675
-22.709809306006946
-3.614389108951059
-3.7218168586006186
-4.558106837073261
-11.28535944473412
-7.908842964647185
-20.749312688381792
-33.82825508852716
-22.219242326035946
-10.316983341270884
-7.296175756153957
-27.979975718041715
-10.746966373659966
-9.348565797058654
-23.512801306606192
-1.1876798511038373
-0.8039927075838023
-9.133612250133979
-3.4862582426001154
-0.7736761682682527
-14.396795672476856
-14.198732179344233
-18.33024568559133
-0.17289177366546937
-5.61929699916675
-0.13325020781758212
-2.626975268774231
-0.12665850066878193
-4.0276031100802285
-3.3199173398152197
-14.020890930344962
-33.886793040893494
-12.405193138878694
-3.683757235837888
-17.889135255470592
-18.531903981290384
-14.70596322144445
-9.813330166120977
-15.574027094831763
-18.974157660082057
-4.92191925896077
-2.0403763666271857
-1.3905737004495151
-1.8256454874742758
-25.424774854881626
-4.064529181711009
-6.142600982597628
-3.5442194604456745
-6.398536478358665
-72.72096177624374
-23.268554047630005
-11.564185262292078
-5.347426109248545
-10.605384974377785
-37.03920990912778
-4.497227351134285
-20.966578016954344
-5.790392557470085
-6.588520180750464
-4.383300785313651
-8.242505123690535
-2.3909996910997506
-1.8414476016482695
-5.934807174333855
-10.936824817075546
-3.928212338283174
-2.037806050724157
-11.376567910389554
-5.1776215524332585
-3.2325623129895575
-2.1357489245156103
-9.38699829262054
-4.05175575131193
-1.8192461888506841
-23.087250779024203
-3.192462802167938
-22.76570581481701
-18.15133398468214
-0.9276591183523806
-21.40893967675916
-9.243841353608332
-4.782062340237644
-22.83454050157252
-34.81181282009341
-3.079991754437742
-3.688173504048322
-15.111806869877618
-13.798380353414927
-7.422974860056911
-6.64093798761877
-21.464881998974846
-1.4426388332636861
-38.75278509556517
-6.72504815302409
-11.530524760332355
-3.209948662956265
-30.00163085738197
-29.048487364986386
-7.2537199639238
-22.082016843672243
-3.471866353981113
-6.31602800794326
-26.976745807349488
-46.22628824288608
-36.22697013520908
-12.632338083102667
-13.637185625303346
-39.42331000778207
-76.13416382898038
-28.759747204678632
-8.427326690863254
-14.34612027071023
-8.818880730477304
-17.674926988611332
-6.418033531172995
-12.661317931766
-3.4692393722107084
-20.203758818200974
-8.146162669108435
-0.5983344335269791
-16.90440705683082
-1.3953175709061583
-6.340472886933178
-4.196449055544676
-12.639962403711131
-21.386753137734928
-14.855362155181865
-12.921827888938246
-20.531141177292596
-8.538567905671549
-23.052771786452375
-2.8530480823196385
-29.88293042014049
-2.261889993929003
-1.9431326600042667
-5.554094289550903
-30.890613748852353
-6.4313280212912645
-2.952190548009071
-12.25615242291012
-9.912366726243476
-15.460876943959931
-27.75519700366214
-43.647781373346376
-37.50358759292311
-20.198174321950624
-19.04681260930368
-9.175928919650566
-0.025620944797992706
-2.0872613939225673
-2.9860396884653824
-4.727812555590731
-9.545500094383868
-4.269327366615698
-17.24333031870335
-20.227261968912956
-0.2615583382830664
-58.9179898280244
-9.000139357139204
-1.5737710473756579
-46.91619896263361
-19.821170530014
-25.040648183586164
-52.71385264344154
-6.1616780388053485
-11.44822891190119
-9.169614387509
-15.336607304870135
-8.04520138156397
-31.036504298411664
-7.5228543067208875
-13.246601504550988
-13.297117728395477
-7.681486834589123
-9.494808605106982
-14.298035319364601
-44.40597205876461
-15.369916565946731
-16.375693772125764
-3.0987194943019176
-28.442254352960077
-43.83451405394079
-5.0128950323039305
-33.15471276454247
-6.652624668254958
-23.150698415341814
-9.851279561178757
-4.765021096340661
-6.705875143287116
-9.77095227691791
-24.994715491057832
-1.694048528001531
-26.15460941885248
-15.88208731440227
-33.165817847047684
-16.943648481266877
-27.533787636269025
-30.765753744855083
-23.43875255993794
-48.84756691229033
-16.428629693938134
-5.963589459489299
-8.672001332466941
-13.438456415656837
-12.188837897765637
-6.208713652087795
-6.363262541787179
-14.959754935022076
-12.037258396150577
-9.180211556647237
-10.623781625106169
-17.722188841893328
-15.286582627552121
-0.2349637208671993
-29.31536882477667
-7.03577745142411
-25.170115972806563
-25.03642652255816
-8.487489267434277
-2.9915983788725384
-1.6388916329516334
-15.068740115557993
-6.7838417856386855
-22.196990556351693
-23.33920921251763
-29.560666740915792
-1.5054823611273989
-8.915027430519075
-4.851180378575009
-13.080185938336953
-4.966780649264322
-12.865904729218471
-18.06775964788641
-9.774968454055056
-29.58874338285684
-21.11975489690485
-16.581132372054043
-37.64183838628048
-48.31464854180066
-84.64032704824194
-4.55047041261497
-41.419010589712165
-32.40014585646207
-142.79264005513383
-27.26109925933858
-14.702111892238179
-14.48758552661323
-2.043883774947574
-2.408058678352859
-6.181751093943603
-12.367182100176414
-69.70303153307322
-33.62296845692833
-13.959232360036225
-1.150618548642342
-46.68036975138878
-5.798207239105238
-48.40181436253499
-8.667419493343573
-21.406380069145087
-21.263090467104007
-35.212829581567235
-24.80906545680159
-15.69053598021219
-1.348700029178815
-52.98065743452928
-20.70310819192826
-30.55342957833136
-20.731216931154663
-30.13792147030037
-28.584640709748292
-7.428907003009954
-4.813908319894892
-6.103142882098723
-15.290693630685837
-14.15473769580609
-11.4507305381224
-16.369656149543744
-6.29285633257949
-9.835893516196961
-26.059794649524456
-13.709455902659101
-12.88359018520952
-65.88303074380423
-19.6091922049699
-11.710612277067412
-24.313216401766844
-30.847273777747972
-11.768283155697645
-59.20439702916505
-27.939681317179215
-16.123828347719495
-4.696799795348397
-34.85086996872163
-45.016478260255234
-54.22078963962539
-98.25201353892683
-27.4225560250731
-23.611539010815868
-1.1691912532651259
-28.608676799698173
-66.67430557212839
-9.806031360420462
-23.37374817859481
-23.27573558180029
-0.9024005925519987
-6.908021039931079
-2.675698767998256
-2.0774114147288856
-1.6506039338212233
-7.877503165299913
-8.264418995497003
-7.294974396976613
-11.969087561900551
-37.50993225074534
-119.83230107179622
-3.817575361917811
-17.234311437875583
-16.05535069909581
-9.443021651741212
-2.4771641417294745
-21.925164649755274
-24.75152343823418
-30.627628332641194
-21.164418381547748
-27.540650844579993
-3.638950151078596
-10.86530431193551
-11.31431866735096
-6.847814831690698
-18.73151891553607
-35.463929156719956
-1.1888275344836075
-12.886240047722623
-55.6197451906008
-19.794146460639368
-35.57586281836943
-8.67797778437216
-7.700892545531815
-26.491298842924827
-18.73290915094082
-15.225641545956023
-18.334577953481073
-27.518360949920798
-44.889903698145744
-10.39707907658535
-7.31830549441429
-1.5318518178537488
-10.426653352233899
-9.394551940579959
-10.444673857297786
-6.825797360626964
-44.063010160618084
-7.154454127969416
-10.023100435236636
-21.38116485599005
-4.991904864739126
-6.688534013599565
-18.435875507948126
-9.844820211226349
-6.203760629340309
-29.81274238750133
-21.833536139124526
-44.40932281110584
-30.073879520838993
-8.230084002017975
-0.4324464557909664
-9.753191428517987
-22.122295607379094
-5.453156860667946
-8.223034261708499
-20.316194622960765
-14.597000438106527
-18.18590130851762
-8.104316911930816
-28.3571906226872
-9.638872947089403
-14.549433590759008
-24.308607385120872
-11.326485361321602
-36.536739334365166
-80.47328804268325
-3.85387797766316
-10.193700796352914
-11.551063410146845
-14.208345000151546
-3.188982190008801
-17.230500854628815
-2.828237523034659
-10.556163116147182
-29.0424273670896
-27.176438924965794
-13.472851591702408
-0.30257400845687243
-18.75232512335753
-5.757618336160476
-6.800456885796734
-11.601868412213605
-26.381809284123165
-7.253996536716841
-10.628199032507837
-23.29627996741874
-58.43592395926217
-0.018403610214591026
-1.3082627413895125
-30.550140240882413
-0.917721218250307
-20.629869223565777
-22.417242242610044
-22.980966361426646
-2.691197059126914
-9.624383395605804
-6.884759930116211
-0.5390023342205765
-12.98115361827243
-5.199251091482324
-22.557256595456344
-40.838393791253196
-5.575928660295858
-9.000434713531206
-3.2630041833167454
-5.74426774132192
-17.720789849363314
-18.83817903034202
-15.435791216501848
-9.79489574363447
-6.633513976958511
-40.955473996245274
-33.021062376761556
-25.900725628523105
-25.097375840803323
-11.381949595286578
-0.9571292586752804
-30.684015472101464
-8.01789171212414
-8.157919263283105
-13.259625917638914
-15.528915314299553
-23.10203251633397
-2.933712428429317
-35.469280515299765
-7.1399377988816966
-36.867298010566174
-8.269287577009607
-2.500483380021251
-67.96315852962691
-13.014603499615987
-49.819914290108834
-7.689236596111385
-1.2503811610661728
-9.131728463276339
-16.517863192305043
-5.358490055704351
-5.629186116597111
-8.829819962983144
-6.8998794601745885
-20.470212367335897
-11.686046068388684
-0.9553432888592113
-12.499923610724629
-0.8952010749648309
-4.7409202376825235
-16.572582934197555
-0.25709853570458563
-39.306563273202926
-14.59080797718542
-3.8532430029390525
-17.47045269669757
-35.865679643800604
-15.73485357757454
-35.74013127753534
-4.291658666534204
-4.81189189718134
-4.023621852626093
-3.401475865930479
-4.641800915334898
-8.02671411046066
-27.35708213722063
-2.9527402494568378
-7.25367153612649
-5.129838324566627
-0.7251512737357189
-4.440469121366846
-2.586916603584541
-4.27651696788984
-6.534730399520015
-7.179772430242451
-4.2520195219803725
-0.19518342759465668
-6.63784471837198
-26.92412958144537
-27.181564698336324
-7.4514977067445045
-14.729128060971817
-0.4378840396328698
-2.047503915966203
-0.8214583872824619
-5.874291114600453
-4.851331529325293
-5.493430074646611
-0.6770987998527715
-3.597206975374803
-6.528507996589667
-5.616246827449231
-2.1226990658993827
-6.838138291514923
-1.6184076335214286
-42.875000860401656
-1.066789381551871
-13.487751089985835
-9.56696791784293
-10.120356508328598
-5.193354040984559
-0.05204473249614239
-2.995172748631205
-3.5830944451249707
-13.838877670666129
-0.01274887379258871
-25.477258567844956
-12.90021670536396
-22.500335745361035
-0.021489725448191166
-8.042366345689516
-8.584933651865292
-0.028416312765330076
-9.825986576654088
-0.03212330536916852
-9.226179800608406
-38.64144820329578
-0.036915107164531946
-8.740979068263641
-1.4526413160560878
-3.5065562835484343
-1.472078296336349
-14.08199030478545
-4.410433081492556
-12.78720626275782
-3.584962680416453
-4.4511759110819185
-12.195670561683777
-1.6281286558482861
-16.79307399654163
-14.98174894119029
-2.07741046480578
-1.6506028953979168
-2.9699206706681025
-9.863373461171896
-7.103993724060828
-51.02935257060888
-7.782314870215345
-9.870728981135414
-12.465432728053997
-31.774322049250713
-20.600628628615873
-18.488192409276962
-5.838755913543402
-7.5533199962562705
-13.432086149888022
-18.268469168344232
-5.057066732334242
-5.531738770571906
-4.584646779805524
-10.567605704083398
-3.2254414984542947
-9.30783825795561
-22.462910943001567
-12.883993443351528
-1.269902075248865
-14.136437622973233
-5.4838169815101026
-1.2288484229984533
-21.574221123891583
-8.107479534771294
-12.901157452109395
-27.36457853985209
-45.40870082468274
-2.7791672956816456
-7.453824528426814
-4.684145122030486
-38.74384973806633
-9.916271311681378
-55.30405747654133
-27.98688013915303
-35.64326954584211
-23.358910967982574
-18.542978532639175
-9.044430905279512
-6.134422158315708
-20.451648159830427
-54.628892098455225
-3.1829820013272467
-4.5300079973781
-15.848401917620436
-13.379617757452436
-16.333676069267398
-9.923332430311078
-0.30588218245065946
-4.021509395772277
-4.090778480611327
-4.7661826048230225
-10.789748235497221
-18.807028578717052
-6.285714296375154
-0.6436144346025117
-30.610475814002285
-1.2356649664588986
-43.26445454401754
-9.684728807672386
-14.247049215438437
-71.48942158301665
-6.4258352607339475
-4.662464150723736
-15.799716409900583
-23.24039173383005
-9.719699812996595
-0.763893893448369
-3.8245218495360405
-2.7276845358039665
-7.4686617567691655
-22.368719784493464
-5.962576451748191
-0.6358910446488153
-16.99643922278397
-12.069280640313082
-6.784012870969306
-3.0415856861650354
-35.22827542202583
-5.033050733548265
-25.283432704200997
-4.85009593138215
-13.403262723306213
-68.17171941625698
-5.213151995963635
-28.26000581822504
-21.24009388724152
-29.558257620013933
-61.11279950471456
-47.41128804880067
-17.355175791978468
-16.943310055081092
-6.469202101393726
-17.81810939884636
-32.08410444623696
-34.62466408262912
-3.034699286972568
-6.049081945542092
-4.770074325375276
-3.1048322341562127
-1.2011081249296964
-3.477768316254526
-9.339678706637415
-10.145007637190815
-17.413354504140642
-17.04774197418189
-4.613831256708977
-10.611290271758378
-8.786514540969165
-18.569561585291517
-3.5186418914922726
-5.689500083594112
-12.725705182828904
-3.2617316704515815
-3.093131854834496
-2.1570780162364827
-8.428811355153812
-3.4327813232487188
-10.873023961387844
-23.5249032839414
-9.038246144523157
-1.4827162895525987
-13.733809578757018
-3.6268931496351797
-1.6494281339389758
-39.563272887487074
-10.850265216315051
-2.206214186809973
-11.141287119537843
-4.289274271921435
-0.28085007021763886
-61.12058724550852
-10.984283416803464
-12.785439867272999
-3.0814477987023565
-13.722325024203876
-0.8032869935268536
-4.648212965952155
-0.013727424666285515
-3.556331449110324
-9.3864910130049
-9.75069959971458
-6.405364165258334
-11.188953584619867
-4.4776070308148235
-4.572938905088442
-0.23189039961101798
-1.653661448926293
-39.14685420425815
-11.611609108746052
-2.030607142519841
-18.179954104122828
-6.591583402735971
-1.0402300883856697
-15.281113597263207
-6.922006885646169
-1.1805337072673865
-3.5307480994299
-1.5185689213423075
-5.0067337170036055
-14.051013433174802
-4.741603737466903
-22.313731339633023
-15.013992946140064
-13.628166242201786
-8.690510221509378
-4.970761341573052
-5.078790137544246
-13.747004840370892
-5.600765667372343
-12.692486763091892
-5.757637920806673
-0.4594273243689031
-2.719316556571094
-1.2002498331098366
-2.53129772025288
-1.737559284577621
-7.272304903940267
-3.2521438342719193
-35.06523319408091
-10.091085624245338
-8.565555769396639
-6.742183393550555
-16.562237029895186
-3.0957513108160697
-8.412354519471975
-6.929804323699358
-1.015663358171679
-4.861453113243435
-5.8186264214493235
-21.10639152998675
-13.104104896069202
-1.5422684691120594
-9.64286272072345
-7.055713052517149
-17.66397148411341
-12.26370324407344
-27.309858642028075
-7.495138760867093
-1.7862037252434675
-20.579030332026655
-0.8577838041391033
-15.111461066606353
-2.6853648302532633
-1.0149316087640727
-27.81282756546875
-13.950955702973516
-27.57318179332526
-0.8683699144158936
-26.91694951237551
-47.16322159940089
-61.54317921286382
-9.64145372303011
-51.33920183766938
-9.019045861085743
-16.99158564671273
-4.7125467067621685
-2.8312696865177713
-4.9819386746669
-2.3917890880687196
-1.9556783753881035
-1.9692879943575008
-5.734801493345849
-25.734675710518374
-7.065047801745322
-5.989355416898569
-4.646204608452393
-15.966591727635205
-20.23977457725345
-9.783877762965858
-12.169318511263441
-84.17577816666393
-2.0403763685043828
-1.4986277306829763
-2.037646915529649
-2.594149810619278
-5.872964370284421
-13.532632084762604
-6.304400540523595
-5.759594064903574
-0.5364678052753789
-24.493145450323937
-1.6906374387917538
-10.95826839383517
-18.324730839339246
-17.49703159364247
-18.547140404921237
-6.904268986533111
-5.223328228562423
-13.20085698173898
-12.648960955630855
-30.512942819294487
-2.4146852967240306
-3.95707427895195
-12.132755489818578
-1.0210732603603603
-31.91159869336756
-6.427155475028712
-16.06353228807052
-1.1215376206545784
-4.428682924617988
-12.934089682418971
-3.7883816430660247
-7.711613179741725
-6.165294064606655
-2.4720109517423907
-21.173920741989427
-3.862786879979012
-9.985295208395257
-6.528278992730691
-1.1935605215221585
-21.93369281867937
-13.886898276288967
-11.41356450662397
-0.023828210309147835
-40.52140667228203
-9.908648315355258
-13.516825281198194
-4.11446633169453
-33.40116034403766
-27.006965430594896
-0.21384110201643125
-72.0380359372289
-7.700499091741108
-16.476945953932784
-17.81927440348999
-0.2574484336482783
-19.69418933093788
-15.36476028603186
-0.2541182577724612
-40.41828431919431
-29.166432065168692
-9.575423933932825
-6.522151940515357
-5.528142014177206
-1.8295047401804823
-20.248726444900385
-10.953322624787688
-16.930140398634762
-76.26309531030364
-3.8002389399352907
-0.8595257916770151
-13.183512726241354
-7.324711247989043
-4.6941657887268775
-5.869698527874071
-1.9679615007917164
-11.724383129956202
-33.640932626323576
-15.160327282112007
-31.312052941483202
-8.760273030575256
-19.665196115987783
-9.543857473217827
-27.36202591760931
-1.6337862700778416
-8.611206980084425
-21.659836205894514
-12.713426056760852
-1.612498117913674
-37.4802088982401
-21.80638655267949
-2.7097528756617066
-7.184727376645014
-64.74195018110123
-9.768344752912526
-8.004243592193234
-13.790069624781609
-11.282714658166668
-11.419328971530938
-2.197937626661762
-3.018710943991323
-14.6901854162233
-6.45553319667664
-9.370416704629918
-9.379199109283945
-12.433384969937535
-2.371102157259088
-8.80696397734664
-12.38304504125891
-7.803049805170616
-33.534105043365116
-7.948871915294305
-5.376673776781892
-37.886003260863454
-15.617872630880512
-17.843208611778692
-15.46053018107704
-3.552875795864196
-0.8944387357619235
-1.956298619072868
-36.076567197459795
-5.002763014591636
-2.8979270664508476
-4.350943034058901
-6.435738898430543
-7.862735808757634
-25.01820777104939
-10.128296647028037
-10.499716563990873
-20.929306980385988
-18.78248688003424
-15.315985256087608
-22.517691544094752
-18.929682495847146
-2.7628524634860696
-15.494653224995915
-8.64467809676816
-27.505921142141908
-17.537137051391227
-5.282263069332203
-19.088304306197983
-6.56393869573003
-6.536091494244317
-12.012156699492095
-1.6724388026398174
-8.853545759093485
-2.1832588252389087
-8.25060702444506
-8.631155601452065
-15.052423777691274
-8.77452968855215
-7.198699715647706
-1.70989436985559
-16.184331142793297
-9.487842843529734
-6.499804628262979
-8.223913190413896
-21.307078249487667
-14.286804578046137
-3.3187689963672256
-27.597785356951505
-25.30499700044077
-60.50453589774176
-19.364727779480283
-3.7811196673416916
-0.03025422804057598
-20.10694978170479
-6.378829645871036
-8.912075690240265
-7.752939283847809
-7.740589135768431
-12.411737762884428
-17.532726598565546
-19.18901035920546
-9.320247067890477
-0.9129503161232151
-0.38689330263559185
-1.8536061828040076
-39.44122570723766
-0.621655966767662
-8.207484842988123
-6.318030407770031
-2.382674295191464
-5.099813089575591
-4.4633238256085335
-3.590975197234343
-30.401498919705205
-4.959596180669095
-9.482862485317241
-0.8505846994005992
-5.879440718889612
-7.920912803073179
-59.31400279060276
-8.948947224945094
-31.651480137613632
-18.57347897814293
-16.953363334068627
-12.510849497130486
-4.207861533361779
-6.495537902010028
-2.077411482828211
-1.6506039625744435
-2.9699210111558614
-17.78075566144578
-2.722990560946009
-19.622441057650974
-9.689331114408105
-47.73346283390912
-15.739095762372017
-17.087675566723505
-0.6306323531298403
-13.292929496098736
-3.66213259620298
-0.7398766044405463
-2.5163591011264117
-16.669991585899993
-10.173953322925058
-3.024376742416848
-7.037052951069256
-9.588912628685193
-17.931413969533367
-11.46633762307465
-9.93860899936908
-3.4495590182154956
-0.9886897465949005
-8.314532858005343
-9.366375882928622
-14.46136763865104
-13.13788783740415
-5.927802738864557
-17.67267683338264
-11.98601296447535
-10.113944135097299
-11.971741524191714
-8.574303421288157
-10.277042057702886
-16.062580928344047
-3.9142359988761584
-23.648510126681543
-6.247805713040165
-6.261173128566824
-25.71286069680025
-1.514167452024111
-3.72862477141652
-6.54881048137031
-10.782002924469452
-8.295383040633567
-3.8603713082873057
-14.220384878914018
-6.6433936135093745
-5.316450314383296
-10.491725873230727
-23.353749677930345
-19.26777366767177
-12.069274488160545
-5.659534055714147
-6.261840354999997
-29.118472012800886
-0.26891699350017007
-6.480567527529033
-7.4603021210683025
-9.043760381476993
-8.921676702715267
-2.2991321198450123
-53.13545547818841
-14.184532975080906
-23.42147587831053
-1.3897672494458106
-12.6380751134526
-4.392645763334144
-11.534982972968777
-5.931573588817201
-10.440008405905331
-9.59223746609905
-23.159624702799476
-19.252075999275547
-4.169957681248881
-38.46803920111654
-17.880118888025038
-1.1614993799880722
-13.853465392197137
-6.07528850419623
-6.788693359063927
-23.499291613435382
-2.973290939195067
-7.57641395512109
-4.004590974146794
-7.1366146202774985
-10.869111311844335
-22.941538231105675
-1.876995741346036
-17.27907925420965
-2.035676048099049
-0.676855400295608
-6.798616603275008
-5.544956822085105
-9.360354312708267
-8.607441687563437
-35.14769291508395
-22.96618791552909
-10.611646305649629
-1.7831099500190248
-13.858639234709784
-1.6581007035710513
-4.715630650827222
-12.168015073975766
-3.6991832048677225
-0.09241888672113419
-36.00035979853732
-16.28417928867389
-6.903144471301509
-29.388076152395023
-16.150942306576383
-6.820201518647082
-12.881578528455698
-18.528316536542093
-35.1043739885367
-4.405343995272148
-6.5710517070415335
-9.12165226842668
-10.922574250617515
-16.91987180284559
-9.53999280882067
-9.523188200534946
-7.711841196959597
-9.446617915457864
-6.370898552238941
-23.79274937227177
-1.3887739627590463
-22.224626126750877
-5.477067476911884
-9.487938724661987
-14.406227981904912
-4.479998419637013
-10.730992707847207
-29.352696565094774
-1.8713635619903926
-3.3825774194547193
-30.29932158628722
-1.3963232827445609
-2.503301317708946
-22.019730387906144
-11.43372718230097
-58.51609001940131
-18.722512693180356
-18.42348355960162
-9.840318636747611
-7.08416064487227
-2.584640640976062
-3.050801219945697
-22.099148882817836
-6.81446305809731
-0.49573627125548114
-1.5859177501951294
-2.9806112244845053
-6.904810521595664
-19.841215869701614
-4.352824606146896
-10.957835869012342
-0.36326927055824143
-0.5442031392994977
-8.164300367283204
-0.7014873082041788
-1.7026945793646675
-21.124808970015835
-38.87283758641777
-9.278774106348408
-9.17828683311896
-9.184650745949511
-23.541869725910573
-1.9132347717531957
-1.919835690455784
-24.027645959140436
-8.415352322277585
-19.03460743683189
-4.607441461165763
-21.07794998940397
-11.65906020748806
-9.924116644215019
-58.51455982773617
-1.64906981152307
-1.0829521163236677
-49.72103028025261
-10.348755400659485
-58.913928355781074
-0.9336501984525967
-5.270822691067224
-6.4335486593301425
-4.908886413500106
-4.005669491133226
-0.8096416895930929
-3.2573918671773185
-6.95444254905663
-0.2564722910474302
-5.39326549870588
-6.8950943121364645
-20.83192784478888
-5.018078189866451
-0.27102493617167056
-14.676996096686679
-2.8271995692543825
-3.0508290153925373
-0.2548526115288041
-5.029668947364371
-0.41319109130023435
-24.971041233680182
-1.7129222283023182
-26.433120019296837
-0.5112817897229434
-3.3232410042471656
-7.640832583894678
-8.31477666080815
-12.777108698551046
-12.638668857423852
-14.705049082636833
-17.6510020487068
-14.379094911673057
-31.401742508686823
-9.718035116812153
-0.21586980452025273
-2.0011221313693
-40.12472816530794
-0.7846072516954337
-22.79542175837627
-5.705029108893079
-5.663525138841003
-12.960354993824915
-32.174145438466894
-12.708352420310689
-29.215352552030133
-5.165396789586673
-10.292278721630737
-0.8287794788899419
-9.156184394694598
-3.7010751621182862
-4.549102176090599
-8.652150987920031
-11.087460198239363
-7.038169588045747
-11.675198493289656
-4.125490433528057
-7.965524632723941
-4.55662442724104
-7.4649729861848755
-6.099451377800321
-1.6076631771984964
-17.355526552681113
-29.795069058434024
-16.267103414327053
-12.302209602637042
-1.6287719436004338
-7.26122183986098
-2.016608305356037
-3.4919811400651355
-15.594885334707776
-26.923129355362732
-4.097093567980096
-9.476192711957765
-23.875238710108896
-10.811482028248754
-9.525506566151307
-4.747403589413182
-5.126339067680192
-14.171505141315912
-20.32797112322291
-6.877908797753378
-2.2367045055001995
-1.553194302644897
-8.348037889709438
-4.304645746373119
-12.973926272810502
-3.983132901822472
-47.173264079567275
-2.8976944390133212
-26.741122889141025
-0.9628417302456
-8.67919821374096
-1.9326873436425558
-5.690055742131101
-4.302345429714222
-6.416328703810336
-17.10470093343831
-39.196846581009616
-5.654715176877794
-18.205016449763285
-23.24466308291337
-0.7815813857559704
-19.88914717986856
-11.64171167207715
-3.041680337308634
-37.8983258240051
-6.361216072147265
-1.1435404054273022
-8.818846614365043
-3.1975181546194307
-9.902229941437213
-24.83143624038341
-4.13126646727261
-30.390928624632004
-18.673586404089114
-29.6300587589335
-22.790167540678993
-9.494358826071498
-0.02223723940551281
-21.757070263549394
-30.018752919919166
-14.866734537828982
-45.604644454874
-2.9429642391577886
-14.596122230445786
-13.520222456826673
-11.139990321930128
-3.4044574166616073
-6.957496887966954
-5.2986562997107
-27.27754793433779
-0.8886619835557212
-6.51323680551377
-14.128663511758752
-44.64598185323024
-9.284724375645425
-2.951947324219873
-6.994551021775351
-6.016535626269103
-12.656618384396893
-4.740763858533654
-35.51755548282105
-21.9782761364579
-4.78164027198644
-0.9522193433144821
-6.146298147945544
-28.310522496553496
-3.57273998921616
-5.754778467503087
-14.25558944409702
-35.05418583457298
-38.38808983021487
-39.612321999395895
-3.2018739845352613
-8.393546170966033
-3.490961459976461
-22.403525220094615
-5.173792686168497
-1.6970278531488248
-44.21422876770333
-8.824162803543189
-11.17381151842767
-11.806029414253999
-7.516657785205325
-21.764847161224225
-1.9796315051457896
-14.320431658034877
-2.343799067644852
-12.409927753603824
-0.20041945811590267
-29.604080299780684
-2.5831660667003575
-41.3712818834947
-3.028237677431491
-4.228481135257027
-14.02832858171314
-8.075134323420109
-4.5478462917355955
-18.030605841754067
-3.6334348707410697
-10.627462469589034
-4.534630865683766
-7.07362986562574
-8.289107846817807
-2.049154172565977
-4.625933091904784
-27.954210234422533
-4.183147363348326
-13.327091458490997
-11.882153785800703
-1.0199110560192821
-13.07238489829659
-9.261168883233026
-2.651875841747824
-30.59563149707497
-8.75306176682772
-0.8898821032275919
-9.5368845015227
-0.8483918754491242
-2.748681162164303
-16.74875793714282
-8.814073654352853
-0.1262545685749501
-8.679844896917828
-4.826285411555197
-8.92100664683295
-9.828341679934965
-36.26620195502778
-27.101261047788
-17.841298218796645
-9.344683741384415
-7.643496930475969
-4.022599029204031
-2.9060663661056196
-14.249000907775837
-28.505555626249837
-27.404292601314737
-0.26449611873340473
-8.359341901177118
-26.482441611208934
-32.806218686254184
-25.942119012965577
-14.142931394088919
-46.93404641164766
-13.922588696240808
-50.2864188831205
-0.02438841387629509
-5.015674188721221
-13.222287091892213
-0.6747347177999927
-10.711725576420562
-16.663691345461977
-7.045768586306593
-9.464570124180227
-38.69653818315997
-13.4755573860987
-9.248857295303651
-9.727207486170066
-13.496884771760023
-3.3311378311659823
-7.569192580017898
-10.47464708624328
-5.44945207881176
-7.4773283373890465
-1.2759589434535314
-7.97966682095803
-0.019938521087169647
-0.020071377977728844
-3.201049461516874
-12.584721371583719
-10.156355432452301
-5.378093482313432
-12.259459590970891
-9.352728811020256
-15.308561323726849
-6.571495154313993
-9.043793823798858
-5.284377491059729
-0.8895183961895938
-4.40850051347735
-5.765398940438445
-12.233737057066634
-7.888493281110293
-11.717871805799291
-3.077233377189259
-6.024897904018502
-29.469985214129892
-2.977338908719446
-2.454067287648286
-7.786345423387559
-9.481832726007944
-14.823308850872763
-1.5477642564496819
-6.830492961489995
-3.41577340413653
-17.620810720032516
-8.44640899635408
-12.952165753592453
-8.078625893216184
-6.275149598362759
-5.17957423135244
-4.7985501431166995
-3.4760094340160705
-8.992453258969697
-16.642042718827724
-9.579951194664432
-0.25356562630224744
-16.767625292594744
-1.016513644484803
-5.554334766795819
-9.570176987627747
-18.184138046108608
-9.219931133978548
-0.9192569823699159
-4.882820274383185
-4.96942632138996
-10.241419314952488
-34.321504966348414
-5.790527611566965
-6.794510403589804
-5.51669582068984
-5.687245043858631
-7.72546850887818
-5.194811866959299
-5.165835193689162
-4.534851936403328
-4.539395147291373
-5.8089857307772945
-9.294201741568536
-10.385840797910305
-14.574624177327735
-5.9061556185839095
-1.5433778466147032
-6.619772296272231
-3.8831555590585936
-5.822867816171737
-28.406371631190787
-1.8819628056626243
-2.796592098840847
-7.3415012227955
-1.8202177088466769
-4.798693249118401
-12.884851771763323
-2.5043763611083705
-4.576585928582801
-19.470869577489793
-2.401997795150237
-1.9674168555982021
-7.667866357945854
-4.080821301674405
-2.9820688132118676
-9.051255646481472
-6.3393552208023465
-33.78503855747134
-21.713060111919212
-5.612153620478921
-1.414395102929575
-9.989714025458284
-1.0582212517037703
-11.159687792585935
-16.931161278497193
-10.611537976634281
-0.658404451954766
-0.8113151844172535
-3.926580335544031
-11.808815234704525
-13.519609591366752
-18.328589541571063
-3.196400110988179
-1.6644448101765192
-21.73755408825707
-18.210402717024827
-5.896733656401921
-7.098647606553413
-8.167348925216771
-6.1234107854794715
-3.0082305597009054
-20.483366407924784
-33.63397439813204
-11.329863828128055
-17.994811011926174
-4.106361294638646
-23.297629495664296
-6.883576670638824
-12.947445469908352
-11.24136100093287
-23.924017037800283
-0.26701555613772143
-12.147053274866408
-8.253170753547074
-41.15580245025501
-18.161082897709548
-0.6303936728347708
-4.281145130025095
-5.418799975234997
-9.269207362441222
-4.597370027564466
-5.742958667284135
-3.577962339049975
-3.131042471878459
-12.574240395996412
-0.9011428436450615
-3.20786679494131
-34.50437066469919
-8.93057069218571
-23.5758214568786
-11.739981324127996
-16.757240462470264
-9.50256014510336
-0.7994618452573832
-45.662809309803535
-4.82033020813185
-7.876593460640208
-21.615547813809528
-7.299033754731084
-9.895886641621075
-14.020433286673999
-0.03403056785464287
-3.4606361421917313
-9.55262798512404
-20.288505057368184
-22.060262506560434
-57.83687892542841
-31.240124916650977
-1.0012159687292979
-40.60665311350669
-10.989179155181702
-0.032572075724601746
-4.450411933875898
-17.866157102452576
-8.186676742744332
-6.887346445388907
-59.393129248570744
-9.904156637804135
-15.288137637913678
-8.438513795998574
-13.149580348581537
-0.8796304282939786
-2.7896268513715086
-65.69266259684377
-2.6321747204465282
-4.676100208833759
-11.552366751292027
-5.686335448389542
-3.1017232003932804
-12.79461978108732
-42.80832513660316
-0.6413825975205327
-3.964279802619785
-14.235805329977751
-19.26992165949337
-21.084703898845525
-4.713514090715989
-3.879526032061108
-22.7500145589907
-7.387467190591877
-5.3111386343834965
-9.791251525794848
-1.642492604404481
-2.707537243169547
-3.0483681550210804
-10.284028580475692
-3.016589886868985
-80.98121374575987
-15.37283843981043
-23.376707918379836
-14.106023318071038
-16.360119840598756
-22.78215236115181
-10.552681550079797
-4.1522095309401195
-7.916813702537183
-2.710349912451754
-42.475573286329634
-3.6950751685726573
-17.26706132014084
-35.60365521849192
-16.355958191750084
-7.518048697865055
-19.199652923826186
-0.017900697886943817
-27.18166280988921
-7.0024473790593404
-28.347902918155143
-13.509147286625755
-20.691229509955264
-28.703798005530757
-8.703525930948501
-4.859338196987096
-4.988354493166611
-31.16514697235089
-4.014387059250396
-5.883629923539729
-17.113180233449157
-8.272989788277954
-2.4329850848935166
-6.403719603443271
-30.4209586111403
-1.2493359239338133
-7.994043285383896
-20.084835652922912
-10.219336644553437
-29.438089678036704
-48.41362060917663
-2.1909679996926172
-4.854746818955562
-17.656959817082218
-8.73500001896673
-17.896012130362053
-14.272373262278478
-16.63523166719824
-3.358181295331512
-9.281846174314516
-9.330733451195385
-0.28583953314057453
-16.809304660052675
-0.9779260597424582
-7.335476631490337
-8.644595169964305
-18.632060214492725
-12.807343652240831
-4.561551664318671
-33.535351247853356
-5.744111750211147
-3.7206353713320937
-10.267739638017702
-40.18902213537567
-8.11040711381883
-3.6782062296146805
-5.630384629931314
-5.074117438043658
-4.326441063410584
-6.098680387836453
-3.2168609523405394
-24.904035114444262
-29.66749379023736
-35.242417200944395
-6.688817736596604
-10.581828818227223
-5.7836658737981
-0.1009538109406094
-12.57027302278641
-5.7531427588497195
-17.359116330596343
-3.3274979234514603
-6.488584047295824
-11.001083646252312
-2.3377875375879285
-1.7739773409206165
-3.5002933388836865
-5.050709093481373
-33.036876425880045
-2.5298295287179826
-20.39204279380712
-6.042618618988612
-23.2993989626355
-14.886881144236746
-28.944916674913088
-25.862655862702667
-5.2047650356513415
-21.544041098401173
-49.268180132563955
-11.004720510797021
-49.638674848604836
-3.4129703923824763
-18.37013342508905
-24.839869787530453
-17.271110417781443
-2.2187548556015315
-29.0497649570419
-0.3306288391581802
-79.19423556065396
-20.227278869306865
-7.600520855978175
-10.057727995709513
-9.044666875863186
-12.977169644996025
-11.477726621527829
-6.330867781282677
-12.475168539561253
-22.31205602760747
-25.58652217869097
-18.86165375633732
-15.58538513957614
-13.3723586111563
-28.65248958899896
-4.4987778171797
-11.973320606577772
-2.9178766201078474
-24.95021143374236
-9.333210111695166
-11.860997304269738
-10.281367697826
-17.184334024086404
-17.29447773852089
-33.00365671867493
-34.75283341408957
-28.352076474228056
-3.3219789604660264
-16.875423636728186
-8.549042388366885
-8.442690551518112
-5.370512280824407
-16.880975202503407
-32.24652268244506
-1.9279610205810513
-5.070829767974033
-2.758587629306703
-18.83643988055917
-3.5014010918084395
-0.8897159902217027
-2.3415449181845815
-3.341222754939274
-4.3127774920100705
-3.791607667081273
-2.833320751573524
-18.71691897322028
-5.029868797017535
-19.142604262768145
-19.818186821391805
-8.607239639825586
-11.706051193640178
-15.059963237043519
-6.522346906265739
-29.47131518835127
-6.820976071374616
-38.03756757626012
-2.600041910322034
-43.38394660498715
-10.823137493681855
-16.100382034185813
-24.087021352332748
-14.279748600346409
-0.31893357685930823
-2.07741046480578
-1.6506028953979168
-2.969921588323473
-12.13703379535351
-3.449771162912519
-23.08730919768921
-3.653894090600417
-6.911796565530381
-12.716158882691097
-10.860434740205015
-29.431885704402035
-22.757925303987406
-2.76733818663007
-15.301556592928023
-21.21364080266482
-31.64733990576667
-6.503907813210418
-17.200311344116926
-11.114999291273705
-19.61808897219479
-3.828075953459397
-3.21009413518766
-3.473883206805901
-7.671325087758753
-12.171581126391118
-18.45861019489368
-16.86658031468459
-4.887463987430749
-5.058983584864052
-24.014939834912575
-4.8811714612506805
-3.1820307783103203
-19.733389198965142
-9.539622304182444
-9.106890566666564
-2.2393299987452338
-56.83483675454754
-7.031209563553453
-16.658780222987495
-3.4290667694149164
-6.6202090460467105
-1.273346938526629
-2.945387566988977
-10.22682161069639
-2.5578574212226215
-7.975279471847671
-23.650407352664672
-10.609965692176843
-0.01624595746397972
-20.793022852539053
-11.667754598810745
-9.718283578987439
-3.3923828407324095
-8.715005742020821
-19.16025150069501
-1.1805767827842146
-0.7188471715041942
-9.471847103721359
-3.9442189915810104
-0.16591165863519564
-2.414516610820101
-0.1486279281652969
-15.579483327946491
-18.287866843410995
-0.18076940136234043
-90.55845074794154
-23.20026537982843
-44.223627118159186
-0.19830840276245
-65.58881930601726
-19.20361628033173
-4.5562281375569
-30.642751800497727
-7.370552298911711
-20.851283509727736
-11.933626180514693
-20.04466667851937
-14.338228627647766
-7.02345508644504
-2.036018704921105
-13.371620687482817
-24.794548901251673
-8.490841522705978
-21.76173225205079
-12.970505620647998
-2.960174071010215
-28.271672817578974
-3.445410514235391
-6.199235638166556
-6.3453065086389415
-42.74893664483612
-21.934446590213156
-5.537040031338449
-4.882705365106915
-11.571683019372585
-7.13334246958987
-8.665720172854883
-11.464523096462145
-1.629581822099908
-14.706576629429975
-2.2759817649193153
-1.5518239380980958
-52.82628984647281
-7.932082758650374
-3.285366466041971
-7.072310629372964
-67.18533837739491
-26.247026710834113
-24.465004009961376
-12.200410293607433
-7.622966822813389
-2.8303663273024426
-1.3579489507844755
-18.99281045229042
-1.1642009727331697
-26.981550369825293
-3.0469817834676505
-1.2877753007117008
-12.481777902807579
-13.28625524569128
-26.72231476983947
-0.8912667012791076
-78.43591578811885
-71.23176433654146
-11.720330922836126
-9.049880618271544
-17.10100734846548
-6.527018921275044
-22.71385882518541
-1.2982554247763574
-5.7833298936828825
-0.9642482252811533
-27.625600124067283
-1.7981412980784626
-5.511002932774886
-26.1801422895495
-12.17171257871339
-21.428588677380503
-32.290068965672376
-4.570056540710482
-21.9066481980677
-10.145922019832142
-38.866633687000075
-19.8075977563266
-25.103992699782467
-9.041601702164058
-34.96100424409837
-35.85198217453329
-13.576642114380704
-10.396929105480396
-21.23650535388252
-7.784453479716603
-4.40858132559697
-13.704005886310966
-21.022181892813762
-0.32953078281059334
-6.727728056607923
-12.933528541543922
-2.3049141678814067
-9.363289262130763
-5.153416499796769
-7.244948700836403
-30.27756663468527
-17.226579168159326
-5.57041633665267
-4.163667655299832
-12.886618377738614
-0.23226529099156323
-6.137863264027459
-31.11653760599318
-11.529432796759238
-6.7745194700219145
-40.568764956482596
-30.379353688890482
-15.486257736886351
-18.312311676736833
-0.7238081896867854
-21.961671950510095
-48.82317515442236
-9.868623795316289
-3.7070728130614725
-17.3868509504334
-0.27216973176291503
-19.849454554336717
-2.211156182399918
-6.9618148422393915
-1.5750578691228654
-4.5404702593268595
-5.0804634895121055
-7.767173006292069
-26.443100934598412
-1.160735616669399
-15.849762376657196
-9.116184557877261
-6.069248936576713
-29.184653591285972
-8.502349039089694
-3.361214044251028
-10.407095411275101
-29.594053435875132
-10.537493402664722
-18.51365721676308
-18.078870082890894
-0.28546464998328247
-7.445198449968359
-3.14579854259523
-11.875007828077202
-15.917974442086617
-7.196164702734677
-33.041473805633586
-1.8825548626450654
-24.60782596587591
-3.1600853355157312
-15.551939475497605
-2.40382504416516
-7.880513760314891
-49.822165211417456
-0.2726864591240883
-5.62231270203614
-11.757167862134338
-24.734842292034557
-11.303623097978203
-16.022484587582163
-48.651337554398296
-49.86721059570701
-27.58669762406487
-57.21663284362833
-17.235204116585805
-3.146319963405844
-6.785148247417382
-17.74102776155928
-26.031219650146184
-31.42725629762061
-5.378620945709372
-29.6588528184797
-11.284596318088916
-22.056523091649865
-9.78792946351583
-11.751887328999828
-14.026627030931309
-4.992885115920046
-7.452456150518458
-18.787746917550976
-2.0560847324713905
-12.241307895890827
-11.363007607106056
-7.980910989217875
-9.174057337330282
-53.060586136671866
-3.668948454056931
-15.8521139728648
-24.849658220585752
-15.329390636459607
-13.533705865032971
-0.40648244106523634
-10.641639812471112
-7.568327796785972
-4.580424236771243
-18.0345974262909
-17.20792039478532
-12.736225741632062
-4.077768934010692
-6.87254497716809
-29.124139391903554
-13.527828509143887
-4.893311623940235
-1.036684941231897
-7.88313754365938
-1.8128957908671737
-18.257730791184322
-23.237516260457483
-15.217597413831555
-6.68612011136733
-29.720307704006743
-6.0641094173615215
-2.1385716409376982
-47.763651663931086
-9.828573946685019
-9.838732311475944
-1.846032508862379
-2.687793807587923
-8.702556015083786
-8.881932568101973
-9.764420826890671
-10.66705586249136
-25.693881564707958
-9.870770657911919
-7.123489479626869
-11.53239683861301
-0.9515683092615745
-28.192363453978487
-1.0142134372933924
-5.265717620440256
-0.6759367219283305
-20.7045650491155
-10.055281620264559
-10.85511078705104
-0.273544059356027
-17.726278173546113
-2.170366284582542
-31.618630819927155
-1.834225215522963
-40.428567025849965
-9.319550316156892
-2.5760499916995627
-28.305420679568044
-23.083962085376655
-0.549211095399528
-0.2961706863807194
-49.87982301298034
-9.045801275284013
-9.130255126270633
-2.9418634673282895
-16.648579679196693
-6.286783893417862
-6.723403869411982
-2.411446360965158
-11.03793398477137
-0.9830496290280735
-40.75985359050938
-4.8591229903922795
-4.572143823436022
-15.935769098394815
-27.395257038082597
-4.500711372259097
-6.380274397851281
-6.941063025343283
-7.170265034339536
-28.216913603095236
-1.587695500881523
-7.55464888282237
-6.936359191851011
-5.978084341809563
-11.850514816120267
-6.638033944345807
-4.3123720759158175
-16.637973966587026
-4.303285104200761
-9.025025741686818
-5.833972886410599
-15.452310075491596
-10.29881702812736
-10.748921613595314
-0.8044994977888678
-13.70759991781955
-14.86225039447308
-6.307239382130291
-0.8444575676440991
-2.945214249075093
-8.537107697313665
-0.9943769973780263
-10.106719917324298
-24.64271156298321
-4.910050992817219
-4.894412051451631
-25.60220289030343
-16.831466162169235
-11.092626164200112
-37.027839692811284
-0.0337321013212204
-7.9324419900389955
-18.198894989710993
-12.773881425193679
-1.6331244846001027
-34.37050588555492
-8.767683534974367
-19.280193190039043
-11.833901971578598
-11.672915432197328
-4.636100106809607
-11.548445615994297
-1.662948487150942
-4.677763655748144
-5.61808194918558
-25.43053853337711
-17.497782214073908
-12.852748262536899
-5.213189772230294
-50.40099304170468
-8.777072209758884
-12.005469880098751
-2.345118702810389
-1.2760877910386341
-6.022619710188707
-14.674637044143736
-12.43856449782561
-9.679823478209613
-17.2939076146774
-11.56740287405637
-12.286182456802791
-0.016269885003566742
-7.626505134376941
-8.055273697404914
-36.84086583484779
-5.90191873975391
-3.878093320154562
-4.166022946590935
-5.752064818700767
-3.0348339623643596
-18.599293179091433
-22.30597666427348
-3.8393094262175893
-7.442565425391422
-6.131634597129022
-31.20905291261719
-6.3108753120867505
-22.643923606353383
-20.748591538116813
-16.07318417361921
-8.765862877099835
-21.130862257443248
-23.816547537914687
-22.532199657187412
-0.2257453277170498
-5.527716808199834
-10.91953707863535
-5.125066682670301
-0.021021073684096336
-20.31591757408534
-13.364910819846273
-10.873850954086265
-0.034858547151088715
-17.01344781893735
-12.30661366507411
-4.118953963924241
-15.491139008488517
-2.457961412080735
-6.964697781305084
-14.778976823189218
-11.543968397074423
-20.380788571799478
-2.4708630330686034
-2.929485644991132
-5.01998946270043
-16.287079116691785
-6.196656930163471
-30.088323659338712
-20.356820431542474
-0.31702720866087475
-29.185421505980422
-15.192241937531087
-21.734454500655566
-4.180040429993113
-7.159467332923768
-1.246226805817514
-38.531871097612836
-17.478456341991077
-6.539064667844677
-0.24174167955516168
-4.5867535844298
-2.7289765735155243
-0.26809810746453877
-27.37601973939013
-0.014187895692884922
-36.29874706168293
-10.202368094214137
-3.1468600267339752
-5.478793304389313
-12.839900114212213
-7.328671648662834
-9.345001824351698
-18.847263431785933
-9.685733674178834
-7.647350003350084
-14.899808560846452
-0.6306323531298403
-0.5108920709557196
-6.0564453875221815
-22.646520264352546
-22.10351372447527
-7.072705384233579
-20.002088136359582
-2.126727558372579
-11.123846471734623
-6.663403112650485
-8.505475018606774
-17.173453695984335
-15.1276595708756
-9.481601944433855
-28.246706008505832
-3.4851975258034145
-39.494582652030374
-0.2156994520979083
-0.9486752340090447
-3.288846369132443
-3.107419731665061
-30.679707690074324
-9.095228093636706
-22.220482180700344
-11.902012288435742
-0.8807579032564945
-5.518950951184813
-6.530507336151999
-44.339438831216384
-7.807816250869223
-5.169662664506006
-40.75295052357893
-56.98093604561418
-1.4018709848678554
-27.353176904445483
-10.350636819826299
-0.02418794482946396
-4.535649188262134
-16.644296568042478
-8.311580444131089
-6.791905954892449
-10.560308978644798
-14.896481705962962
-8.47265370132095
-2.077410926770881
-1.8811925420361533
-2.0488018399262273
-6.397126412980889
-6.574157018042797
-0.19387716239907604
-16.411382370031546
-10.48017008463031
-5.028735044600666
-15.433654830199792
-10.531538479339922
-5.232209969235498
-10.827081545815872
-5.720380213137105
-1.7232987397382544
-4.110015803598515
-33.671264163476195
-5.968439366957227
-5.356813430365946
-6.4319280166776025
-14.312142426444325
-18.271545510494484
-7.31119852187112
-29.069229616635347
-0.02094227820634842
-6.942990846205241
-2.584223880966242
-11.835526811308512
-11.284018199394708
-19.645605841345514
-1.5013242347604319
-9.03598236641838
-10.255303226830534
-7.485538834465494
-25.54522572455734
-9.32442120636113
-13.468186359212211
-10.550767314792893
-2.07741046480578
-1.6506028953979168
-2.9699206706681025
-24.067872329803002
-10.823973325652219
-12.47533868630807
-4.6840919112419215
-0.695057079329672
-13.839918069412924
-18.101903241961587
-7.761626239804741
-16.12084605302789
-4.406468841453261
-11.670821988950593
-19.817289413088332
-12.612169210177512
-7.333308996908265
-23.718169539407313
-14.407035099530702
-5.331802290798457
-15.446250716875738
-4.482618475570689
-8.19558420297465
-18.296588938100314
-1.3790022107357913
-28.764780361788233
-6.373669899858491
-0.714883761516603
-3.9664341031743504
-46.76205689017122
-28.940052102356923
-18.380662828150093
-2.0143284276127815
-0.01632019877433777
-22.976832030662294
-29.273644757960227
-7.506235252320607
-0.011397489346563816
-18.603419059997428
-11.610560471359804
-10.656075071543455
-21.682423990314867
-7.017079798201479
-5.9323409841314785
-9.349425636640717
-5.103547326553752
-21.894132958487006
-6.087616718031768
-6.57420098279124
-8.911014519294667
-15.10291534525679
-20.91664855772671
-43.74162753308482
-13.506438888765572
-7.1233046129485444
-0.07416437193751335
-13.644786622985578
-5.001917796040402
-0.09842050075531006
-0.01582780247554183
-20.4116850942845
-0.014091611839830875
-26.428974417773816
-0.043855697847902775
-14.163674813093138
-0.025375578552484512
-9.718973849723625
-0.029101092368364334
-8.24740532446549
-8.96489054625863
-32.36676746775628
-7.648117338744832
-24.205806212948666
-3.179739183347685
-9.523007039275164
-16.030186606236498
-1.87326896982551
-5.272555270229532
-4.927665195273555
-17.068878175139503
-0.20530209902881325
-61.1062206305865
-11.16015345184939
-3.3266511379698542
-6.112619206194694
-6.543659390201356
-27.158179309650897
-33.844888596531604
-17.188526974640517
-8.621615600667155
-25.878796328499725
-44.02679705524104
-15.71343915683687
-1.17134523970617
-5.105805685985786
-37.73073897681505
-7.55117984550543
-12.814528782518664
-10.639803427805475
-16.824629822114844
-1.326576205030051
-23.219347245030974
-14.341871950676719
-27.544440601828967
-12.701960212642462
-11.497826245496867
-10.847324991715908
-1.8748994008602722
-18.271905267488975
-30.571880129888996
-14.56525136636671
-3.3398757937393384
-21.223795637704576
-1.1279716267874846
-5.660992710291161
-0.021311569958925247
-2.056342627513338
-11.373509166850454
-7.847010015036254
-2.030502246004744
-150.98714614904165
-6.034721806326161
-3.924034984739592
-37.24022225529123
-36.20635675033816
-11.576269096080281
-7.955568351651948
-9.18453813559097
-10.749826617740212
-25.40045762256471
-9.74872475715722
-7.041836544542093
-10.275077226097089
-2.1571003498328025
-12.476101314923511
-0.5914387858931605
-26.079260651641363
-8.384963622684552
-3.0283955655640966
-6.190103555021885
-29.680667866518498
-3.2212091732142696
-2.2911494607760687
-7.130976507854484
-0.517191002425534
-0.16125360245496267
-2.700946964879506
-31.81535120804935
-30.871982697861313
-29.178132949475128
-14.460466270118324
-16.482483505598303
-33.32285390530392
-4.34011984201868
-17.945744494181035
-6.942359802919775
-11.361003906997382
-16.456685395184422
-59.11600899902484
-4.291239884638337
-19.572503310891875
-5.0210035480049555
-4.432085491428211
-10.387275427089513
-0.1610060012571921
-1.913513074148561
-31.516853258840996
-30.45541395546325
-14.562350421112043
-30.17290992653625
-14.365727253866794
-12.488180757006376
-8.816328923403432
-0.93094908008635
-32.94289890255373
-16.893340013914326
-3.129663826506146
-0.23594278857854079
-6.29148748207853
-30.964293412072102
-6.521366345791421
-18.728482033391366
-14.466581987128507
-2.956928238949331
-2.375275353024847
-4.966965354059994
-39.3119842839953
-10.075458429090745
-18.65683112967377
-93.01382480762307
-26.198319835308553
-12.430381589924536
-1.9665350713478347
-6.0494123602206855
-3.2830091379636315
-9.186119932784095
-23.037939785402784
-1.3885684578949622
-0.6443100116948699
-9.541817326459693
-3.2534463846179094
-0.1995592000803299
-15.938416292534548
-19.609331524526787
-46.16843805533082
-0.20444348451201222
-89.83500876919082
-25.516716680003213
-0.12990539654856548
-63.76330815999472
-18.077405003452213
-12.010231288149953
-5.0623390526177445
-3.4416267422508326
-17.361021353924443
-4.452982810905269
-30.780262575632463
-7.60659076701517
-22.054490846773085
-20.79975676600784
-12.370654447004199
-4.83691173494114
-6.736657857894436
-14.15100728681341
-10.037753425921892
-10.935680611161672
-20.489621890480343
-3.7962932778050344
-2.9972616369904017
-8.48183041367247
-22.840876240327752
-1.5522707731096261
-8.707683911772499
-4.139900270102025
-16.852416312606692
-6.2090859508134315
-29.965044321431506
-25.492440802693515
-44.58450757515805
-14.472658342097354
-11.649409360793442
-14.487616890277422
-21.266378564447216
-0.8626270520917387
-0.974748714212069
-5.046440068821312
-4.664872719225173
-10.456446600684998
-3.960424085994646
-8.87609664933268
-1.3469600705752782
-0.7363016795053454
-16.802952112204366
-10.712776122658795
-4.894478823372729
-6.984439271908734
-10.717059840036654
-22.631645764519817
-10.048004228081389
-8.436011120389026
-16.910336373456744
-0.5377563464887203
-6.554161699163615
-7.692487160174913
-7.295445667502278
-18.04657515185408
-17.584588405966343
-5.604287760818295
-18.47979616002965
-4.103245115531756
-41.170788059933486
-8.194713249393317
-8.39160448017202
-14.372856388556322
-5.267858478612872
-6.594672365535985
-8.815071438735686
-5.539914604690239
-4.684450180401797
-9.898853922235105
-6.1768605650498785
-8.194171503458051
-13.945994292510015
-3.4466527226591026
-16.541338133168523
-16.53616413073337
-3.2574133503440805
-0.7508194630809157
-0.2889427351242375
-8.719538220174222
-1.5398331230680924
-10.320445076058562
-0.26896712911002396
-24.040989311579466
-7.2095330955611985
-8.96660115918337
-11.602147942662583
-30.98240526513961
-7.441127838606889
-16.190968427608027
-1.3097326491388799
-12.16152280127448
-9.027983879026579
-16.31709074959781
-2.036575851955348
-9.175635277841728
-6.833447428825366
-9.344626467280825
-16.837954453197142
-1.8431998765075832
-33.51244098532498
-9.662866162687578
-5.922183947259953
-10.644487022226258
-8.759920816228373
-1.7015996038085177
-12.743327836823013
-13.053002037413187
-4.670610872846254
-4.6131729929293215
-1.1839011785923503
-8.811250651519288
-16.72240943342962
-5.043227548234199
-6.624319157011385
-4.771321365760855
-18.28120972855905
-2.834558308557682
-2.528718858919774
-3.7914419692536825
-4.2899645855067945
-11.756579277538776
-0.33166263558450737
-2.4812971799219667
-12.946393712173702
-16.333995718164715
-1.2306901089287905
-4.242458549954392
-36.72369965831868
-4.488917755798063
-10.288956852393767
-20.32961007125504
-0.18996059584424074
-94.54272686360451
-16.83957915376967
-5.3992498450588755
-6.374172467458514
-5.935645179064636
-2.711112947139327
-7.301757819273227
-8.314976948062437
-13.403194200264004
-8.919077532650022
-19.89888464236565
-10.605790364821246
-12.876358860820858
-3.2963001684911433
-11.452056912166192
-14.251905038216087
-31.50979931579004
-12.915795268135163
-0.2579395110005862
-9.629410208740865
-7.359615511688233
-12.061595240745184
-15.771343933069147
-6.470087014410431
-6.825615082198738
-20.99222189897324
-19.816490220930376
-18.068845442124598
-4.5466813690517185
-3.3645351266723083
-2.866048703283468
-11.080842837554883
-32.54083954700354
-13.1048530878804
-14.57262005929715
-0.3229903036599353
-20.03768398229385
-6.696329558580999
-34.13768393088279
-5.45524023486584
-6.304261401061829
-1.6296758315565967
-4.376360303153859
-20.432440533742742
-6.178972334775601
-24.68225206517036
-23.815096839355178
-12.902639131775686
-9.296079434454214
-9.688950636484606
-6.709352690339806
-7.829833128266124
-6.980129973471094
-32.83156636594241
-1.289988164597041
-6.226880323426485
-20.83354524284379
-7.9766401666677424
-50.502401702103214
-29.68475996146882
-6.039635241239921
-4.521508231939833
-36.93261242313264
-22.712749540099594
-36.13013862668154
-32.9188114799759
-22.913964218676426
-34.752156461879395
-24.28025791136824
-58.17610354291346
-115.11080975640425
-56.42269182178629
-30.137444358842004
-6.625404631821766
-7.854800856998736
-0.9244000747930841
-20.693454771103518
-1.3127990806696914
-10.599782828050479
-3.903936183444017
-20.693745796242965
-9.606423628999885
-12.766198339027817
-15.538812042744013
-16.133522573399873
-6.383577661606971
-7.882488375792377
-12.624856836087474
-5.210835953616424
-3.797375517006742
-2.9455196340295515
-3.947548517100927
-15.736642619775978
-26.98390251979508
-3.9016930265306655
-11.22294228395608
-5.597942115851964
-10.066838198239111
-6.768987481991111
-14.531723850483836
-11.075611604829298
-5.893163192581376
-4.2512179862135895
-12.935181698750796
-7.710375417484492
-7.354472895679287
-14.605230856279832
-22.945535956154437
-24.11321558410588
-29.935245903954716
-2.4800325504030525
-11.65570393167394
-53.79745793816465
-7.610070404089356
-1.5458456651421386
-20.230869385742494
-24.9077188581914
-22.14877307765112
-4.219719166673116
-14.460525425448047
-0.010097610764205456
-22.305100232028323
-17.63331403472759
-5.0478981206015305
-7.424826975821354
-12.460334952093689
-3.8109038496948386
-19.495343216109006
-18.58107149262608
-9.166650303254642
-1.3727607400568331
-23.5536373304748
-11.995876338686273
-12.366649616858858
-26.902798995385993
-4.166975919781002
-0.2406125929137488
-9.376406257125609
-30.80526831048285
-0.19108601290463412
-69.5254460789858
-2.4077369670267217
-1.8574057293781152
-14.74139290749119
-63.54599682248146
-16.352731034505027
-4.308704836374879
-0.35435147034706915
-0.9412964474313412
-9.245046875392973
-21.947109286649976
-5.138995716098059
-19.708399312625822
-10.493780900400225
-33.57620898112418
-34.54456186941047
-3.8518561024893643
-5.7216738662438615
-27.243616575207064
-3.364361596071376
-0.3032532209836063
-11.539424359458508
-3.2456085513729818
-0.18538351004644937
-0.2782294808464485
-10.170555874826931
-18.61838369716287
-26.34551734304224
-3.6144681309481257
-5.775514322131919
-47.04247428291884
-9.78640863863685
-5.656419110476683
-8.06900716218962
-9.996338147236315
-17.91916849057975
-19.234172802871484
-8.20293991736321
-3.11534721610289
-45.2943168357476
-26.188979268129586
-10.338429827446419
-27.009392475891097
-3.8961722958874816
-37.494659569763044
-33.229785871370815
-13.126646983680331
-26.82304124461603
-2.4847898398038524
-10.707854979567479
-23.94520477465022
-18.331888897178565
-6.772115221180059
-5.513947362693926
-11.076950058015854
-7.705695009268197
-1.7887967855031022
-14.28998321264256
-11.148975467704986
-8.153727799766841
-5.809056740135183
-20.113106494545193
-3.208582878124986
-22.305219828793042
-17.68643248475211
-24.21467230820471
-6.087792947055824
-15.857775206894928
-7.597216678997938
-0.6306327196089114
-2.7646643462004477
-29.87303955848438
-9.693092785646044
-2.628644867522489
-14.864702634415693
-13.671206339184295
-15.2954645301715
-6.157834285025274
-1.152515829205413
-8.695153819418579
-3.0023343753831995
-19.38092577033035
-1.0611897525404856
-34.01214358541362
-4.837928730926137
-31.72630376054296
-26.831484718092774
-4.615375938646878
-3.587537273488124
-31.7661515102794
-29.660309297338188
-15.065967452216846
-15.1114338411017
-12.435139771548393
-10.024830642054965
-1.8527622156929056
-15.335817181953352
-8.823758509004165
-14.18239179949228
-41.70221429934861
-2.2526939255350484
-16.610262397306414
-6.991485826022881
-11.7862263639214
-17.416754443020167
-65.38378893722563
-15.714327712502438
-22.518607343762532
-16.54903557159909
-19.750189223152077
-23.908964798878543
-24.05822323698009
-16.709022099998023
-8.54528315362031
-20.016103733823243
-27.34702569561415
-15.921870107775703
-16.617502932471098
-21.953264753725293
-21.686318205150073
-12.161964529248792
-18.69116810326176
-7.7397115036476976
-7.91570362519667
-11.260752704145943
-7.531444518951446
-2.909783898847188
-0.7278631638511683
-3.5376102196528265
-6.198583504702128
-34.118071913444254
-5.957928835783115
-9.998781128894421
-23.871202436365593
-34.88302508029567
-9.308235939604856
-13.47869834345115
-8.461456853314303
-29.291176177303356
-18.510943140753028
-11.867374145200131
-9.569541112571414
-0.8760565264519755
-75.56117702432002
-21.761252481344627
-23.166204402313817
-32.720451483559145
-5.558660668683096
-43.70775134754213
-13.532104049958207
-6.4570307019065964
-37.50606223080919
-16.61700013756441
-1.2344678286838189
-42.11007233401415
-15.006974121293375
-5.140033052611898
-4.716843154281598
-1.9064337213721316
-19.978607352972404
-14.244675014308804
-4.976086193593829
-2.3996248376279254
-0.9952963322491541
-11.241228742176958
-4.215590807345791
-0.21570802095902764
-13.318436255398773
-19.296571172541007
-9.78064931894555
-6.321965194169138
-0.023378564044833183
-16.629597048621292
-4.697640541505045
-38.62072946255925
-4.294363647876644
-25.145604542761475
-6.293067651388661
-25.48716066791677
-9.62872530581162
-6.75875751169837
-43.215974372880154
-34.77736806366782
-6.1166283213651695
-38.6194195643623
-23.955453603077416
-2.0304214316257116
-30.488647767366842
-3.1946051153938626
-6.209746272694545
-26.15478547338605
-22.60942394125439
-5.435949853824241
-29.035445939933624
-2.963008935561845
-9.124286017628492
-27.149439985269254
-4.239639875752118
-3.119845598035681
-22.54290194422304
-51.193427357617246
-5.944385694918935
-31.745888721433303
-2.5114490014325384
-0.9792329912592095
-18.288984739720995
-4.793706294614701
-15.769005995471446
-6.161430730307956
-9.938953822307496
-4.826489092515203
-14.572639346465962
-3.976911668187995
-28.908503522694218
-15.016332629500042
-9.484166216317583
-38.63668189214604
-21.566233807546546
-2.829253441167083
-32.768595720351236
-24.409199407561537
-6.43491093135745
-13.60799482261745
-3.963023989636042
-1.1714204132580335
-3.731643023979359
-9.861535099498042
-59.15532735111929
-10.304423100497388
-72.45067618097536
-17.415854426246767
-54.18366708237822
-18.5244686642545
-40.26870044223737
-10.418330040459068
-105.66039505876992
-17.15098723955122
-34.85045800149063
-19.766044555930414
-1.6942775171269204
-51.65501392424659
-25.200675587766256
-16.559330746737707
-0.024856561794877052
-32.685147576621205
-19.5675658218355
-13.88545574539279
-28.736144362483145
-14.784209338153488
-21.90945699233083
-18.472522303068786
-13.33117204629687
-4.7149157716225645
-6.4573941981923895
-1.0838192320869098
-8.744930357419861
-8.929514343009934
-4.926257174606661
-22.73415132293195
-5.91080738114124
-6.4894525494712525
-26.17380806127653
-14.498147510860427
-43.86299659608988
-13.371224960235665
-6.232884359753996
-0.06010503135621548
-13.352036338095758
-4.797351217173173
-0.09814744535833597
-0.019946974702179432
-19.45146732519185
-0.019243461079895496
-27.161022912230457
-0.040455508045852184
-13.747638552487388
-0.029225371778011322
-10.082560241182364
-0.03155389614403248
-8.042449240394944
-5.007021758355336
-31.39472038061107
-8.26704756597018
-23.99002509487684
-5.016575367256927
-19.60015116834714
-1.311061723392072
-18.513781856461776
-7.680873477307159
-8.823822404052123
-16.867104741034638
-6.324772590213797
-0.7123919800615042
-2.7269394576737795
-27.945944474425914
-9.80378739354336
-2.29299809427107
-20.037815195223075
-0.2362708599241614
-8.25481885469219
-76.22892966252431
-2.411793376638343
-16.228746230180718
-18.976199270757654
-4.211209009194356
-4.089114839949815
-28.036134956923654
-2.702526303644845
-21.625301966272616
-2.792128040255406
-4.628610920034589
-34.42796876335011
-5.068934665209667
-62.482427607625596
-31.721635566272113
-6.647038579792763
-31.0637153510367
-34.32962025761412
-79.21237309127719
-34.346138961598214
-26.15305987819238
-0.018581369891762733
-21.95158904801424
-14.952881308695964
-0.2959863273299561
-13.652734229271573
-26.26922561940981
-19.813154693923764
-17.113584644760607
-0.2762564122031108
-20.67574930988718
-3.9675930056259787
-2.3837187224235805
-16.86342488129059
-9.791423941251423
-2.6107115458914905
-16.151684468635082
-0.4866077029284952
-17.633647224067886
-60.191911359440304
-6.294796098529616
-57.94906984155889
-0.6976772660800634
-17.225761703963194
-21.36516892792278
-46.11312777617359
-11.678499423991035
-7.924766844567557
-10.57395439082483
-20.760272136422827
-8.704754159074518
-0.8988150225481775
-5.255831103375385
-41.83607896332709
-2.4854007754101985
-15.326951429499104
-3.8493641949914874
-0.24584688385220943
-6.406104888415705
-29.6753578274348
-6.356668949812729
-9.669216551943343
-2.589836466288034
-16.97703387832029
-2.526377016067727
-12.680904406170157
-26.140621655323216
-2.515657706608181
-16.102335380732228
-0.19619749932462582
-13.18595984253664
-1.0755906336834187
-4.758855226791184
-23.36257355719686
-7.381406683949081
-3.1216914493654713
-20.752926743473978
-16.26036040722414
-10.0782290828015
-7.425712407552908
-12.321237533962602
-4.959045375925115
-7.198838657608576
-13.668108577238954
-37.22592449201929
-19.59549398906136
-17.682140302070195
-7.698848536523428
-20.0986561830644
-3.0607284105840264
-3.9584526315015864
-13.057674782183497
-17.172464182509884
-10.333857644332731
-8.536086906710352
-4.657400892698021
-1.4653898230237346
-41.63927188769079
-21.195739689762775
-21.811765433204073
-20.847687707837842
-8.3942902652267
-5.228277494183203
-21.006429543664638
-3.318973068251175
-5.306181389321409
-2.2916502412662823
-4.050701580347734
-19.234643984907052
-31.406794042945528
-2.0002246831471666
-3.0808965794849428
-5.116867676146967
-1.6852287186420298
-16.918746420128166
-6.534246241756527
-0.8898074949078705
-16.29130791836382
-10.239672268678298
-10.244129641485188
-3.0006781832498532
-14.706145100006779
-5.475625343351567
-17.849955497790226
-1.1986453649531583
-20.434414624867024
-6.985945976474596
-3.0514649439610366
-6.494083435134819
-20.597045141515167
-27.71141483990538
-15.467437376746602
-9.361156268220036
-7.874573848737526
-15.67411778960377
-4.228134438935285
-15.398391106423787
-5.292776100733079
-14.483748563036485
-3.5016087540598164
-4.597647714398363
-5.811556740146642
-31.32663906778363
-6.147693136671592
-3.9896744962696005
-26.576757988581278
-8.434003744581496
-7.20616828976204
-22.100603915036906
-1.0677545935595845
-0.04380412772297859
-0.8066804733797568
-0.025163729675114155
-1.8353505699380008
-0.02490245644003153
-0.0922344184789381
-0.043873732909560204
-3.868675726907888
-5.671361647105158
-7.767275790218264
-9.929639157955535
-11.097523312244675
-2.320579478158038
-6.3748319578890005
-41.469448047147246
-26.539144594356912
-10.71277669459272
-4.89447988886419
-0.6668417852235109
-26.408246218711106
-33.301821611110846
-14.979854678509582
-14.757808190304786
-1.1623125946462096
-7.412646487776755
-2.8431850890341934
-17.63194561685077
-1.401940787417061
-22.69122815989232
-1.4882106350833055
-29.28095788906967
-1.7732736269429097
-41.9464876595773
-117.10282008846863
-10.292219720339006
-15.899989384663229
-22.016798196452434
-6.0097496910414065
-3.058510929980656
-13.35032705495017
-17.76673791715541
-3.5959156075497205
-14.549626679359989
-4.811982004490332
-4.4269266860039735
-4.680088420245049
-10.566575762760294
-36.87368743751045
-1.3471061284588473
-15.38748072447543
-46.350950804220325
-5.941612742882057
-8.661801968476368
-20.103144859560096
-32.86190114220644
-49.05747515232858
-49.41402138055124
-18.13357410998958
-15.418711830789256
-2.471942929078864
-20.828108280256558
-2.782975121578403
-1.655133147089792
-15.6209316280815
-8.349428930898284
-2.7757860981255362
-11.859464839028192
-16.432240907102823
-6.267590777368895
-29.644320311729658
-2.37833601570037
-41.62899722436622
-2.7593565770202986
-10.933893870979013
-9.942132316545894
-3.568579452463368
-2.2590894347649737
-4.065667683941626
-8.004544820301668
-8.333349302343997
-4.644280735535055
-6.049237740025482
-20.529346177986156
-8.331982341047109
-50.65862967952738
-19.70201148397893
-13.140062943105
-28.393166073232464
-3.581156859286459
-15.095147039486108
-4.369065643236013
-2.0774114147288856
-1.6506039338212233
-2.969921992301238
-19.420673876971215
-12.71917382913
-0.7423381202054316
-24.90761648738868
-2.1452497706556173
-54.38315862870646
-21.49917300809045
-7.893978213738819
-8.231705104686618
-22.60469240188649
-22.601613980042757
-13.945625038871839
-9.316927091405859
-6.419754250818528
-6.618766866836715
-27.144396041959503
-25.32778820456727
-20.441117931475006
-19.940521457596034
-43.698125696294056
-7.5613446056634075
-15.777228212383875
-62.590513458701494
-26.799286133767303
-81.6938722207856
-16.55862534258096
-1.9769891144809648
-28.015919400949763
-3.149181286476505
-2.8312692010658793
-5.4715687703609035
-14.319444059424285
-3.110639865024666
-17.86412154849544
-8.711515665345559
-12.58258037827909
-4.6266332868888185
-5.348734029083857
-5.620885581296079
-1.9796315051457896
-0.5747498076320596
-24.946521520987346
-42.36350948187908
-0.23502722646117036
-27.775592283547887
-2.5752866274271966
-0.5542714431456659
-1.83394373740353
-3.602703715408431
-0.5399080121876452
-1.7439989081085514
-11.520383969002125
-0.32214890530667617
-15.425378036340753
-0.6303537934345513
-14.180165637458657
-18.9486929757229
-24.089783783511052
-17.05407789371634
-30.93414945395284
-12.930542899640045
-34.71787025447512
-0.2868257193929864
-4.581699711959573
-12.011949107268457
-1.5474486508335303
-1.2991915496701267
-2.0631943783890847
-14.935102976190478
-5.766949870617182
-31.744370844454224
-38.67781035484031
-18.13898427682119
-0.28711959290421873
-14.724115919087296
-37.958546611214324
-0.2118544285222015
-1.6236795658823837
-39.662519649762544
-0.6924615043376647
-6.592954872547921
-2.1645154047687356
-15.340937228864817
-4.252063917472235
-0.8918469729240925
-35.72728451489632
-18.824237637760987
-17.49279509491396
-13.86469538749224
-6.633898692117064
-10.696148892879933
-1.5807831883236076
-11.988069930900792
-8.619751166578226
-5.268139476318595
-28.132433142595602
-1.3776258525443765
-7.9258963442172785
-4.6893699483334785
-2.1551763081649824
-3.399349492417535
-8.599162946828017
-5.575119139235085
-3.41866886668123
-17.624512374688074
-3.293630252933319
-12.633109316162908
-7.578310108530758
-13.356217308825336
-3.9824430523340197
-9.548915997466281
-9.805072079278887
-11.05057439399775
-8.144018643065465
-9.38995439192945
-39.70053804579915
-10.948264946817034
-0.02726350538432598
-11.557606864213874
-2.157313634398399
-10.457097889087322
-8.808242504146932
-1.3133838001492677
-29.986554737404724
-0.5817136183013645
-41.673160307680966
-14.580246365110156
-3.6689902587546612
-7.030371729707092
-6.994856587857832
-16.07691509449083
-1.8819387620061434
-9.119158515747806
-5.039689184385324
-24.87765709993164
-3.0042319962347435
-26.22577255855157
-2.0456380907655785
-47.46805806265821
-6.7583609405952245
-31.8098771744475
-4.144744406708924
-8.24378048674248
-4.7593511217187086
-6.362607153515739
-6.479766885423487
-7.533684505900368
-12.318548428620652
-16.69005443804616
-9.859917273686705
-4.671131878775611
-7.39315900358406
-27.677578422841975
-6.275564622832462
-8.341470189361615
-5.402288237701839
-5.818636302267805
-2.9317474320414476
-65.41179168308213
-1.634796345124073
-15.100914638324411
-3.23955719000093
-7.574796163671635
-14.33900577502311
-5.591780140528783
-0.049119673669338226
-5.326338407945904
-7.890111456627892
-36.64348605465583
-0.010113561060279608
-25.56805027864459
-12.417756380696119
-23.187774629635896
-0.017101311590522528
-7.966218950256007
-8.29611770419168
-0.020339221227914095
-5.8091504498833615
-0.0250450037419796
-9.510550158534897
-37.59018031706142
-0.030507523100823164
-9.165251024283862
-29.735744122850548
-52.490266506468494
-67.54179338041055
-10.706881556740363
-4.741080433882814
-40.081049755039196
-9.75291974942521
-9.41293351129275
-2.2389279275666922
-8.807929526341695
-11.69073411092932
-67.53346268425886
-9.911130116151035
-5.9321952571360725
-21.473479736126023
-13.069699126733482
-21.0758385734132
-38.64281064007263
-0.7381677143193315
-22.141258126165212
-36.60482809689931
-3.7443867141282396
-10.31332032841302
-1.8919100704640641
-3.856513164984335
-4.646183783962783
-64.93528308310007
-17.712832789465665
-12.987969178618641
-3.151287684113413
-30.341651184569216
-16.06906075298481
-46.100563291799425
-12.610962141396385
-3.325910586306918
-5.611905311791304
-11.192835465044595
-29.110654361839806
-12.87182041941918
-7.550184166574098
-5.684959049479573
-1.5955497471370563
-27.684502271995996
-0.9596911806946764
-14.296482631312806
-2.9609758975569704
-3.141453540707232
-15.846586783816598
-0.9172011080779612
-27.740793504646717
-37.85735933625935
-7.979558747136139
-1.6212310920185473
-1.2667779741629488
-1.0866705496851523
-19.711583372807375
-10.378223850551421
-0.22627956839991725
-3.256145746447146
-11.621821154900317
-7.826725064483178
-33.63902247894549
-25.42018082346228
-30.2790378420749
-4.7832836314194225
-16.132091624247963
-22.872368840059835
-9.261256300951999
-7.384048188580294
-8.322729137792173
-1.0306005638817624
-18.734923339197508
-1.2475302878074217
-4.77395212560895
-24.821513674189468
-12.862732420780702
-10.211668712797945
-29.85090824018664
-16.607921106481115
-20.957880739136456
-15.71374221722678
-0.6396681935854076
-4.03422263799024
-36.51092105488897
-15.241585514111534
-1.4512538814782374
-6.1291572153249945
-7.677059438412577
-0.6804625931631847
-2.1094326703114348
-10.334883368153896
-40.08515339715427
-0.8553492110706316
-20.366620848411742
-34.52816682596733
-12.299295859251856
-5.6558410542052115
-11.709741250211096
-0.24532893519238996
-2.4349011038430035
-7.262333545276249
-7.440968748295681
-71.32883535181915
-19.7271281188386
-5.02179028187669
-0.7236706667316639
-21.50451988393462
-10.943404884338854
-8.340579757286832
-0.6827605745476149
-7.753143172111841
-10.682493722789836
-21.053976629099253
-0.03837771713733673
-62.122923059189034
-10.17219923249457
-14.182693055355116
-3.696057344144606
-7.433622562442416
-14.370385237163362
-10.139664852275246
-12.972508275071277
-5.795824779502702
-27.26790727072909
-5.6034945297295735
-0.20360955345313414
-8.620212322263342
-57.626020767343036
-23.183168038578593
-1.6138876653944862
-11.937128572464303
-7.3563693441749365
-8.432974749938467
-4.604631912439551
-2.470361840059695
-34.23766073406648
-7.6747332534958375
-1.8214843918622137
-0.2687012786921059
-0.22309790427743792
-11.77566947437247
-12.459472455470404
-13.915888979923345
-6.812846483924659
-6.612655355584131
-4.789116993955531
-5.080179311933875
-18.871698581809333
-27.431370030846665
-11.88133132931494
-23.515320095544148
-13.051602174805225
-23.18617306905434
-13.266532223662011
-20.334978168219322
-34.91765541545121
-3.5596382690985138
-7.538377339115357
-34.15121453158599
-7.696803563956564
-9.135137368280994
-10.622504533469794
-4.32425388896263
-0.7938206945821094
-13.30786610974252
-5.34049682645994
-9.58726685769193
-10.442433090711688
-1.3464356025564257
-24.485817320735826
-4.089011926875166
-3.8640294463561986
-6.975935187121593
-14.663364710541828
-7.810914859099199
-52.94728642803686
-51.81362196805604
-82.34475923167633
-12.578538182613542
-3.8857394187839347
-0.30525999065119436
-9.844263345462593
-6.143780236027624
-5.370930056093101
-39.497200002406146
-5.156363093629807
-1.147706358339633
-19.00303031275336
-14.866086643648309
-0.20842564676422626
-4.8696809005959665
-29.6924841427279
-27.902130704939616
-36.36075369208224
-48.377457277284236
-35.77046275490072
-8.522805212262142
-21.699846606367025
-7.6413852027900475
-9.637775370942613
-5.72948184392493
-6.32937448776886
-3.5942967226047173
-2.386338255857936
-8.291624615407144
-4.889789827284687
-2.2653287403016904
-21.690940075015106
-10.201129392733975
-0.03767834883183241
-14.601432866847745
-0.01017546677030623
-3.8917278953077528
-0.02768872119486332
-17.232139889430663
-0.03762510255910456
-19.70847079476004
-21.095662267409722
-19.42495922257848
-15.600279200474773
-7.027999356202081
-32.28365228780294
-16.934217300586226
-35.20868148931868
-11.355516395606905
-0.06888068467378616
-9.150355198260485
-27.399463301134944
-3.5588200881204557
-20.86192616383795
-6.882761710239713
-6.325367825352089
-20.740388243181144
-26.964860462097583
-26.09196129746649
-23.234400391054386
-12.21289742075021
-24.768996291411867
-15.407118156394745
-17.77970304885693
-14.330090285715414
-2.566720943629946
-10.045176371087337
-5.44170741481247
-7.189519153446774
-38.912476601144604
-8.93904371713802
-6.899842359677756
-14.37909497527744
-56.75220204836995
-0.6037363019422628
-23.69925260700625
-7.490161437063641
-0.03315738961100578
-4.214462852173028
-15.845587786538204
-14.367620508785578
-12.859103496399314
-14.424454603586128
-2.839813971203739
-33.809800708161376
-11.568609405783349
-11.272547806769126
-30.918695519368576
-13.784253542740117
-8.981814683360675
-0.1804874774061318
-15.529467218612496
-0.24889230575081456
-3.0908400402659026
-5.010665330095989
-35.8630534628398
-1.1852526243491184
-2.7524895395877067
-17.071248067703834
-0.6051423285113344
-9.603369944442534
-6.896113836507425
-4.703475321887026
-51.09670811002849
-24.477094653589738
-4.030535549009073
-5.555406500583871
-4.032127633809068
-10.596282371570283
-34.24122855086305
-15.840591871117226
-38.60676650160198
-22.081545578316877
-6.877564353311186
-12.184718261769454
-8.409581526362494
-2.1204554226388836
-10.179312372384572
-4.816504620028326
-15.02482356111409
-33.50296763307116
-3.346117220193719
-11.81829467462569
-3.9143139801571394
-0.9522184567051681
-30.18176300327471
-1.5127744032838564
-27.391991939127244
-8.926649796027505
-52.817577682620716
-0.38940741378610255
-33.08436748527738
-19.17878810536577
-3.7552735844340646
-14.503797950985486
-5.663991704350337
-9.895030875059604
-25.187673004653448
-9.759021042062045
-1.787895724225848
-3.786829355777172
-35.298647445022056
-3.633380561591821
-18.35141824917966
-8.076174833617813
-0.44129051047639223
-1.1120238461226108
-4.312184477742676
-1.0359518413406477
-9.131678090242076
-12.835250159591851
-0.6553957164065878
-25.643439894469466
-6.328823892691844
-12.939590798348206
-5.808390919088815
-16.7955796371902
-22.9406278085348
-8.386646047049908
-1.2141984932112564
-4.194567833128701
-5.752543204975723
-17.00252114015052
-0.9356134907411615
-9.623131563802758
-12.263023714078649
-11.98557908181101
-12.779800989507407
-22.97062280994919
-10.02483375611262
-13.681914405326879
-12.280818750351692
-7.441230810490197
-18.343183290828698
-4.163706833041516
-6.436065463181876
-5.173547131295322
-37.91101589406691
-11.698440621498662
-4.571318004168994
-5.1374222024677465
-13.087949295388846
-14.451830127113396
-12.466143894851477
-12.76381165310437
-17.073962452314817
-32.03150676958033
-11.24657058233219
-0.019308585673570633
-11.35136152936002
-4.279552461273255
-7.208820642465639
-6.276156727025381
-8.743613602536463
-9.48360008695829
-24.247534975714665
-12.397513266003443
-21.04772117763772
-3.375008147056178
-10.129209508078247
-19.741293156459776
-21.868784441809602
-61.167493102295055
-17.73566853516732
-7.402635115886191
-18.226551370664993
-20.795200165302845
-29.394496923180427
-71.1507418311222
-34.14302855139342
-6.184834597269443
-11.346953243618373
-12.595375727042551
-38.16144020994022
-5.169523198861384
-8.85943949196485
-10.40774402874547
-18.522613448739257
-39.0880156758239
-4.147407951619243
-40.34968202566003
-5.283265514728036
-0.22299563238448172
-37.99992568091256
-5.050022433853883
-21.942397697202686
-4.698141534607203
-2.02665449295273
-1.8816721658286042
-27.166578336838192
-32.32169950148588
-35.01629233516112
-20.526911156960942
-22.58708419317719
-11.379754591976955
-31.128895191318207
-28.97137240020527
-4.240262290441706
-7.318269542856456
-14.34389579454404
-5.637671488490014
-36.353252192125204
-21.407597943625362
-13.957033763344441
-13.408198557686376
-6.964881171040453
-10.61204410630728
-18.239404965348342
-24.15953242191813
-13.904610606406543
-3.3642375887920863
-22.11956677286235
-21.39129354591347
-8.934133578211686
-16.040533761730785
-20.274645709507865
-3.237753344921174
-0.7925313263299358
-0.2941932482874563
-6.345507885028383
-30.499529818530846
-9.832754539849702
-13.231898931993783
-3.750198071455202
-10.145007617468991
-3.715294741348316
-8.711853594670856
-9.46932811025934
-8.289077665359343
-27.944703378655674
-8.402076109199584
-0.6921011469075609
-5.430698344481641
-24.584139072746396
-27.92423267931536
-8.34563425471606
-27.733579240286858
-4.988536354411053
-9.53129131363027
-22.823341929483774
-70.8240989732264
-14.676338154638238
-23.26040313569424
-10.125698292685932
-6.987023567940611
-34.99643778594012
-27.841711008901058
-11.611042688166378
-7.250586023655188
-1.7493846594469389
-17.654835530930022
-36.88823722368419
-3.261515064113709
-4.35795231639122
-23.130433138857853
-6.273723943102993
-8.464501765607565
-3.319117578335863
-37.20677259031652
-31.850057544594165
-73.28081095049197
-7.39221591411706
-7.395226535237974
-57.00002463979978
-11.349175167255218
-34.38660176258426
-3.3553710632908746
-21.040166163049776
-11.050004394451122
-3.5140124866763855
-5.76612949121909
-6.880203856093146
-12.579632722994063
-15.601012055818273
-12.622734099100434
-4.769773857252289
-7.26370999975029
-26.914211371110696
-5.67772651812993
-16.43260646758631
-9.973071095734213
-5.237476973704531
-30.661427609079418
-11.418173819599843
-12.79145214728429
-0.6059398992204024
-4.966906068096449
-27.867663721246586
-10.215057233494
-5.712600048068957
-19.101414938872487
-15.538712334712045
-16.248655510989323
-26.24837141655825
-11.100163331569767
-16.16349094659998
-3.134302004050369
-17.311523501158177
-49.872001090455065
-4.970384608563904
-29.364491515891466
-9.93460706419301
-8.576889178966212
-16.258044009743642
-6.099855105918891
-1.0861869426871635
-6.475934404088434
-19.097686285640066
-8.890113157624455
-9.37690735071996
-40.38913528401842
-70.29513117351574
-24.551551204536395
-0.7010190775508818
-1.893105092945511
-13.818006129965568
-43.0612524207244
-34.439960674288265
-12.846674017031972
-63.60674835973598
-4.940957896411987
-8.064930186782192
-2.0939701146212144
-46.374550859820616
-4.684149650565814
-1.278647656224166
-40.8875774753667
-1.5984868158264476
-11.117254082113504
-7.718826680751121
-14.461032669496205
-8.665232217334953
-0.04069132823497057
-13.47295694035057
-0.01366506703197956
-13.355764991659548
-0.023367570713162422
-2.6887200790731356
-0.018715186044573784
-0.7330061699867656
-0.03361523849889636
-0.2948406929626799
-17.607000661803504
-0.021518567577004433
-93.92306036255636
-3.532379902392414
-17.94170594873799
-7.553071600565076
-0.2922872875824396
-13.915097249155671
-23.029442050706777
-1.4787889966487455
-11.349423398070542
-8.863089834056268
-19.103689878198338
-0.49477123899304587
-14.125915374465308
-20.050527679519284
-10.729434598269052
-8.594842085681648
-4.640145641342144
-10.040126804529336
-17.65355228106585
-11.87001234840406
-6.354136195235014
-19.572527219513454
-4.932810267278789
-1.6417640987608308
-24.76986856664459
-11.700325415266036
-34.899688336462354
-17.05133106128212
-5.7297570997329785
-4.966809528262502
-6.126342460848946
-3.328563601091304
-1.8275434879989518
-17.311919450150157
-10.950162957349676
-11.539465594817955
-7.866975995144685
-79.0903673368789
-15.498140564518472
-16.97450202476073
-3.1904999871308064
-11.770461347188373
-8.078584298943156
-16.02802014877883
-6.1288646765598
-1.1243387761437589
-6.028894228242706
-7.523944748245071
-19.55511878793004
-12.541073873759558
-2.4781523845249467
-22.878370589104655
-30.643109258807144
-108.81485972465035
-4.460027217727188
-17.466162216237763
-8.450905061016783
-53.89058092648085
-21.158603887044777
-4.428755625501239
-33.87016605432789
-19.473672686379658
-5.890871498384513
-11.473139035761903
-8.466732651035727
-0.07073857635259628
-6.58991222628039
-15.57045139366683
-41.183460446127555
-35.39008032522781
-23.683976608716762
-2.6627114243850656
-11.346784497317287
-3.2258598866355896
-0.9187432548866354
-15.627482612626949
-5.618806001640451
-67.61216678552705
-9.887526827644933
-6.1917530336447655
-4.643313337504281
-5.567573612230461
-2.3548769798090916
-1.1489086959547805
-1.7739294797245293
-9.968677476644373
-0.22813937135941842
-11.599878513462045
-24.457988912179474
-18.335467815239326
-30.736732352789538
-3.182296780916367
-10.082707720018334
-5.498736091106025
-9.116420840258769
-28.9013680685486
-9.140068073069408
-28.076459771918735
-0.70886216136023
-22.211949193667806
-5.275312174830788
-5.054079317432212
-9.351954519514713
-5.495579237485032
-7.986848228457681
-4.2505997110131375
-5.866991852335218
-8.54151729137584
-11.374861218142371
-10.826915291254743
-26.191329355225733
-42.46441226478885
-45.95778593828433
-4.650914692106447
-5.091179588048696
-29.223607061808096
-2.33571061085604
-23.364459749933573
-13.236680763968565
-18.5680321487851
-12.642772069094121
-6.6746776478617775
-16.76088368921137
-29.720615663933643
-22.03066249496831
-0.8257061457520649
-7.668926587182341
-1.5133166087396148
-3.632465571669968
-10.384621077761338
-15.73176003664966
-6.755116269723196
-9.16314210145827
-2.3417547997336783
-14.406790135416905
-12.35286930782393
-1.5647315493571128
-10.995807777805105
-56.94505362978219
-46.42666028206387
-40.09989986414666
-17.297423725604432
-4.814865847300098
-77.0323619983813
-9.138836942887565
-3.9390725017510704
-0.7975274361670017
-7.839308102416169
-60.732615852310396
-33.53846883241174
-26.438693901445248
-3.6161171921748974
-14.342054795340111
-6.4423313985232085
-0.26477450324949814
-7.842630697510003
-5.607404831704031
-0.6309118559676108
-2.3558498105259673
-1.1774484075608598
-1.890710828068336
-12.684186743111873
-1.915970846763031
-11.833057349275236
-29.569519976297464
-28.431971169380034
-105.96348928772676
-9.767035117687158
-2.0038062366783933
-11.806680409547482
-4.540861092571163
-12.86392361974412
-2.104059407968741
-5.393366201992933
-21.53044997331323
-13.250920751954254
-25.592984775099467
-33.37285571629433
-0.26838210192545375
-8.24514911700075
-8.7260539097324
-19.646384770280207
-11.192014138397425
-7.491704746842572
-14.31651724699833
-1.3826375962756288
-1.9798991168285056
-4.939452255903433
-29.36325204391212
-0.2124669054746846
-20.678860233994598
-27.20711437375723
-13.870954078550454
-4.199508647497844
-28.77783244082312
-26.256129387642886
-8.339368712928263
-15.448894589031823
-30.39431260106683
-9.694689386989921
-8.361723495989736
-17.319378681799286
-5.59841945723786
-2.850062772531601
-3.954905429703757
-0.49774222215637565
-24.95339928146325
-33.80373544201208
-2.8254690879243753
-29.8871200232648
-29.33743045043724
-20.981065426780688
-0.8208597227931023
-4.903580763718423
-4.275963690531597
-9.194872374496981
-9.359630229998167
-2.8058653365997657
-4.683110877395386
-4.7696530864776605
-21.218511897759164
-5.591408471037873
-11.683484846918866
-0.3043990680234856
-5.495526034304042
-6.748849048664397
-4.872232437817502
-28.14537626394432
-9.067833238484965
-4.937216964277496
-9.130126386013217
-21.607104576436058
-9.349628508618167
-0.21884910931476043
-23.175054850402397
-1.573260109451894
-9.601388857337469
-17.743043374374423
-20.268684570722883
-8.87865750367746
-10.276092509583442
-26.51709445090262
-1.8275218601429444
-6.8170200006643356
-6.573814923276075
-16.49341063057335
-57.616587486444686
-9.739651376896369
-21.501284575941668
-31.66069749132663
-18.37883463652448
-4.122988912810335
-18.48752379265619
-3.3816491539591027
-0.030541595071554184
-36.23446121963332
-9.301303782148295
-3.593150539424009
-0.012454120442271233
-16.559867297583423
-19.54226656371509
-7.942054207799572
-18.364412591260816
-16.487963254645614
-43.958739634385374
-39.583195086156934
-18.761955244678006
-17.164330974392065
-1.3607868738642424
-0.2609601697567996
-13.508551511951161
-3.3089314296889825
-35.81077619740333
-12.466063531434656
-15.56615344608224
-18.399521260867687
-4.265812622463272
-20.209153451400425
-32.60814810502762
-22.85359163278269
-17.56305028764219
-1.4377351241391736
-11.169374380019775
-0.022004036232829094
-34.557590845411795
-19.294260200459803
-10.025823585671318
-4.421160394807885
-2.6338989189117683
-11.677628367037698
-14.532413183328906
-15.319111688821685
-3.3664066892037567
-6.202751001674642
-29.76861717278709
-1.3025471467969965
-1.0962224636432438
-9.97253762570088
-1.4098182168041262
-14.858853619913049
-5.226499117570654
-32.48295216134195
-3.3392333970241452
-4.006562730451321
-4.181398609857979
-39.475079539084504
-27.953391197312712
-32.830776358519344
-15.953227936600108
-53.73223765410393
-23.780441228778926
-28.097204117139164
-31.357973154907995
-7.595135771718844
-30.050984727039847
-56.37934826862515
-26.053163019341575
-40.76663928911722
-3.4206074538547853
-12.244743419815904
-10.07145741983529
-18.54316085046974
-38.48669858093813
-37.64096058546505
-16.310356723696373
-8.183723209074628
-5.643274739096306
-3.789929380088495
-4.376975913283552
-5.127822798399734
-23.141586545792478
-15.154965641642285
-1.013850116841553
-9.53174925068788
-28.341456231569673
-26.647055046800496
-22.930308542241214
-12.373466093646357
-4.7591110413764
-4.821670979736098
-29.87874910644323
-4.825850074114612
-8.571449826766525
-20.58684497918597
-29.054744525758338
-59.968317347965
-1.0084420362309174
-2.0067559701210484
-10.917546072848943
-4.9695069268323095
-10.439194663610209
-11.864423609326778
-19.172601960117362
-14.467723219752656
-39.807533649244846
-7.458375111411499
-28.11321841149566
-22.47308686395519
-1.263223666722638
-7.415948714703575
-6.316429045193885
-15.346513438791014
-9.66505782304128
-8.884585893712938
-4.760962353424475
-22.445948386536386
-17.70919095786803
-22.473123002173168
-1.0270908052129926
-63.76091235401029
-0.7610187222310856
-31.53524983931092
-4.359975639327217
-35.31712265154496
-33.61903420823529
-25.316006897919564
-15.067376747179644
-75.67359139053966
-13.875137504863929
-24.009886469294543
-21.277821858985355
-26.933537459204608
-25.006481570124684
-4.041048245476354
-36.92585311277768
-4.157039205840647
-1.3655642335465927
-45.43967371137986
-14.583180699719193
-2.086165102079576
-31.80440377774743
-41.2606973778393
-16.953133105038802
-14.800925167466843
-22.909444837605008
-40.56497519067142
-11.548883547920923
-9.32204798695556
-2.7712482998158166
-13.222335009925693
-15.02457049346463
-10.108721296615442
-23.904806016131673
-22.89606860207924
-8.89370812548011
-2.873508996818316
-23.86213424917969
-3.879784635039492
-31.485956576345806
-12.223773057174824
-21.740672116482408
-3.98907182920766
-10.112261973049158
-14.846263162414687
-9.464360859328593
-33.720001632019766
-5.47844143255179
-1.7900284916293572
-13.90243787537721
-33.73521342238291
-2.9279412872474495
-28.314266935968526
-19.261860243731462
-9.197053577189877
-8.582097297360725
-7.794754496655173
-7.054955944110127
-8.046754439114352
-0.7443213069549302
-4.138864659767677
-4.057514944110146
-5.238942662065568
-14.603162441082993
-2.798908091087924
-6.526703477436506
-2.434036738342421
-0.18070751353297965
-3.756509093944942
-0.8188429859976623
-4.583610424548844
-8.138907584026128
-4.750791522950749
-14.346595007799863
-1.792848648097788
-30.870237325995078
-0.20703274156585394
-3.1727834392078194
-3.8914240135129887
-0.21334045383082412
-8.731267916191058
-5.725716819972604
-13.88909324972257
-2.3780972560668943
-19.317315872516247
-37.26216745962545
-17.741131389787824
-16.95925886353524
-0.14601841568946838
-7.446148761219376
-16.904936383524237
-60.75617733855179
-1.119731388417108
-39.77388879819559
-5.98147028485797
-0.800166592965752
-13.686114516102606
-0.626218182208504
-25.79209608088614
-8.690593921807078
-4.90232080605665
-19.10032125817815
-1.4836981207422468
-33.4369488955527
-0.024692008271813393
-15.208079835302577
-13.553875933856446
-8.121108343316337
-12.654382377961007
-8.038274155294857
-16.202309872624028
-10.70031192089504
-37.57312946242376
-26.47165974560854
-0.25770093613175504
-6.129576857904105
-0.6306330488278036
-2.9738661141605007
-7.456615422285665
-1.5825982113224129
-5.68891776153918
-13.19586000128919
-4.410167446867035
-7.49747557558225
-5.057368714921829
-5.499945984894495
-0.3624484481032084
-9.767496584864027
-42.6975845930809
-2.969721192071688
-12.010390131328158
-9.912047835749654
-8.090975845929165
-7.419299433727815
-35.850048886724295
-39.64737822772188
-7.744123431359043
-5.682581579681596
-16.557705214660672
-10.014216726640143
-17.64183744477714
-5.817433687227549
-6.198748010834549
-4.574505645160336
-1.755014209557487
-34.111324253072524
-33.02804933992624
-4.74616046934436
-0.1871858509202866
-4.612808360751387
-30.859837364957436
-0.10574402886368262
-13.291755732766028
-69.70313542584375
-30.68480964713836
-25.46930957308342
-31.532933533207455
-23.472321911962517
-13.41963533375786
-27.446919136959963
-10.05741689512569
-34.45720101602961
-28.075272451270166
-5.592497227829192
-12.9640413275865
-8.123609006666243
-3.0278172040049967
-25.408709928789506
-4.429611977403454
-0.22327663553915045
-25.08361651521693
-5.1544075664179445
-22.665435528105654
-1.810851018410176
-9.620586957180137
-3.30198364094349
-23.448337436594862
-11.863189626769326
-1.7870118972211912
-33.11304990411943
-2.978180003860359
-4.275319917904369
-19.812349310430307
-13.847216735701792
-28.14530512447122
-0.5214152364612801
-3.148189647497574
-17.05900402085347
-20.034278586951686
-7.753631228853315
-3.2009390129004203
-0.05154791381210089
-6.456932601217424
-0.02499222196638584
-3.670002012220152
-0.12623251229524612
-10.529658600139271
-0.08513333275914192
-8.578485930892384
-6.005849152875605
-16.668146877964652
-17.29692430688644
-5.526212935686424
-1.3229309049773974
-2.8353003461713797
-8.049689706537428
-6.168880250480498
-5.007080470193387
-19.352796918262243
-5.991236336893053
-11.362876621387606
-9.415501751033155
-5.509109483511452
-13.372284273482421
-26.11245369242058
-0.30437151369858384
-6.904399899281884
-17.578793527146672
-18.362912795721968
-6.981547446650772
-2.300162083760597
-42.36433380821867
-1.1780655556256079
-10.558516665807588
-2.9791626661950588
-0.7985096599204553
-12.68866653211461
-5.702436373481646
-0.048382820561528206
-2.830425254892589
-3.787342697303302
-14.614245629990407
-0.011263533029705286
-25.411481181168597
-12.444700881737845
-22.978529839441023
-0.03742785286158323
-8.037621051305905
-8.37711761074734
-0.03909970633685589
-5.922487342241936
-0.05567527934908867
-9.358318053970834
-38.10102526889089
-0.061331025790423155
-9.211544520760071
-44.333848770490334
-34.218779475328766
-41.04263060921448
-14.70572286804682
-5.267944398398043
-13.324396122667508
-6.645766320407347
-12.70206897631845
-11.992824063860468
-22.066871925408343
-7.246252642148079
-7.49650666668083
-11.75995279461165
-7.532999547068357
-7.040326263097533
-43.24787610236318
-20.129264574556714
-4.841439008796385
-22.00809568502268
-41.424681688909665
-4.604994803309637
-5.4677655843440505
-29.717274267373547
-1.913954523392249
-27.949527288999825
-6.2196692987172355
-2.741437045781595
-4.045501146918696
-20.063260169885467
-4.434012560857461
-7.155210844456512
-3.82480326690915
-11.39476206495143
-23.391996139280728
-11.247470409596005
-7.9741137995965445
-10.489913212544472
-115.23682050719735
-43.63139601739658
-0.02488795667886734
-8.63634440912324
-22.780181643546932
-35.313437022441335
-53.66649946378928
-24.617776339819677
-10.760973940984229
-10.735663306368217
-0.29037685179897466
-1.3905725734327845
-1.8256458241180553
-12.671497136577479
-7.2760905831563605
-33.3285265362037
-16.43018460627723
-12.307011976102643
-0.401225182081582
-11.697364799349764
-16.08186096073512
-14.36143530316388
-20.925115589131323
-47.127965063558776
-25.507892217557924
-13.030253588122228
-1.3437316858558006
-6.684891796368213
-2.895497375026764
-7.879925580904455
-19.672449813900585
-14.191855467672497
-5.23831493754448
-12.60330630414137
-15.01697023184078
-3.545585393020467
-3.769715341431599
-10.87312740378053
-8.940147869814524
-1.8518681377286157
-5.104438825778573
-49.69308494595132
-5.78250997053896
-4.726905238003802
-11.590063261680484
-1.4042701281625725
-9.417594816611917
-14.0831134747217
-4.2099242867998825
-1.4262142705328955
-6.188476051343855
-8.892266019751894
-35.708547715640215
-7.590881564183519
-3.477491010821268
-9.8322911731168
-9.903870958489279
-33.69059771508444
-1.4076156052915962
-4.951204029381188
-23.21327120087163
-5.752708829373049
-8.183897698988709
-20.153948597092487
-12.606268609312906
-13.970174200719832
-6.941963177564787
-17.408787387982073
-18.847815511714764
-0.024650488048791885
-8.927957663723362
-2.6974750517767774
-3.984992694601715
-9.754539271176263
-10.316945588078056
-20.214717643052325
-7.004243238673752
-24.48727060055063
-2.1203034041705564
-6.091437050018726
-37.02558052278806
-2.739411036420236
-8.086962744092375
-9.428295040707184
-10.52049028066358
-21.949108360891834
-3.2875749316426663
-27.344549495911558
-11.84568683799909
-20.2928566125804
-15.647676997049956
-8.284030748841786
-21.936782028046757
-8.065518882922326
-0.08212430216372013
-13.240525599031109
-0.013241333421319723
-4.6854449877293405
-0.03287129383534193
-16.97616671035945
-0.04511571116745472
-19.93806674303039
-10.844201236624933
-12.737617703424633
-10.480012887924886
-6.705696131065906
-38.49798280787852
-31.978347423139006
-18.35611226824613
-10.142524586646118
-36.22169194463444
-42.43028570963665
-14.247605487222359
-25.754904269512593
-16.503317971695367
-9.702009201248302
-42.9093912786463
-12.755095563010457
-22.8026533302791
-7.523664541668381
-14.90790937063769
-0.6225872187476398
-25.284429404440147
-2.081173089398021
-23.321211592253846
-19.406362528226737
-4.425104657225347
-1.1698549270756757
-38.35286760253224
-4.45647546418877
-29.89619171373144
-8.070855558118978
-6.02487853142685
-7.23964583189877
-37.54567092339728
-1.151535234022731
-16.180669963987597
-0.7647649421523965
-12.086148206480878
-17.749803108325494
-22.948391026259316
-19.08352538599638
-10.018284026973213
-7.429496446498291
-2.65803663584029
-30.98086235756641
-4.24576103690697
-26.24891772297906
-28.421583299840563
-12.777995871640442
-3.5407466614860823
-17.111069681464294
-11.116462225357019
-8.484833951449673
-11.568100825767822
-9.461056254415155
-0.1129308403460243
-5.880855272332802
-1.9213077020314913
-2.971914227409343
-45.57538406210218
-24.09904068764329
-7.054102810989342
-5.141383808004321
-26.921709347513058
-14.319981024460958
-0.020602276548743248
-14.562020557215433
-0.01110751647502184
-16.53546741600907
-0.012234640307724476
-11.22290612327393
-11.130811322404497
-1.5324583770700428
-14.931518071495788
-14.980104230434677
-12.372165331699733
-8.853753787321295
-23.55388790849929
-21.560327784852113
-65.10788776156788
-13.182338208184774
-9.712924955658472
-6.117873310955417
-5.450346918866103
-24.55117092355666
-25.056832738131156
-27.82694981806025
-0.8296769082423907
-8.73297588053876
-8.447933414626391
-37.04693718292878
-9.460373109773343
-28.11871808048317
-0.04585707560181618
-5.545121962194109
-13.1286953697022
-0.01943060662597418
-5.391586517030078
-0.035329884849488735
-26.182588545581893
-0.048311599530279636
-9.977614702409873
-0.04665388911962509
-3.936948865962165
-0.061644744127988815
-7.357877354384982
-19.136130126641405
-16.01477076601337
-19.135256397969442
-52.736188229449645
-3.8600552314226206
-35.16961424742418
-24.357556821296427
-73.26010758195724
-3.6308072354177057
-7.073634295072878
-25.92596342708231
-7.036858241547776
-5.647495674331367
-14.147287550676083
-2.346303695737099
-3.231541277218085
-8.39776671184569
-41.688315774984346
-9.041275601669895
-20.974531889284265
-16.183386391090984
-4.622351914666297
-3.1513249875096747
-9.976657484035456
-11.852475518454398
-11.480709641372414
-7.451078473619717
-4.24916046192169
-15.296726145988593
-22.04808465958783
-12.234914245214036
-11.082773310947232
-12.545223562908177
-11.069940739851347
-14.599713499741704
-3.170742881450046
-0.026264218613505363
-9.0325441311603
-29.335875318735418
-0.04767167940735817
-10.43151542201602
-0.020993119105696678
-18.757265589427107
-0.04413614887744188
-19.590671921517355
-10.49939830523845
-9.304801059260114
-11.94653487043572
-9.274900278414478
-15.176247353898333
-13.647517205472639
-15.635007528198003
-28.613689149361285
-7.273817318210227
-10.447072802962225
-9.518798466537156
-27.32095011434827
-12.322051999293073
-16.93788693300891
-18.056238876751358
-10.155689189490431
-10.42664038992779
-23.70673018656303
-7.191625168926883
-13.605349370286518
-12.814323277139913
-1.693431466502716
-13.850978088814479
-29.915412398802026
-36.83503382312437
-57.10004658363661
-8.558665211108917
-8.31065243626653
-16.819180120825173
-3.7306368789039084
-8.305526241280717
-5.270491306148415
-2.7616133354708765
-9.474296004435864
-18.962479421037067
-1.0491049390255967
-3.6354070109891836
-4.761347565723753
-12.103120271071305
-17.848964038809534
-1.0139729715957628
-5.424250616015797
-1.6177208935628187
-1.5921719034331545
-18.529786468344327
-5.572881869676159
-2.8406112023162606
-11.81671873079528
-20.574523889966827
-0.01820884272456169
-18.837710349625738
-28.176806341474276
-18.38034824888637
-9.703852392371857
-17.175800475723236
-10.34656575045755
-21.027000545307168
-6.039789230192234
-16.758353192371942
-4.066447998474985
-3.945153064460321
-23.481560856097403
-10.173597966553643
-29.50424186808513
-1.914141424279478
-10.015472081555366
-2.724496731148257
-8.385502286491423
-0.24765757766181196
-26.134137827641368
-4.883991917229082
-6.40837072726373
-2.027282264567134
-10.46513367233851
-3.8942507388981085
-6.673383562759767
-8.571513452566677
-3.5538720626750546
-6.725834312815039
-4.5532047392908055
-6.011386721097892
-7.034476289521194
-3.2983445448753628
-29.044025779260465
-22.4156570011163
-4.1158524416407545
-7.969414802246092
-2.8582725557025697
-3.2622053891918767
-7.126443889862813
-7.764403129989461
-19.9702341997558
-20.89905045404589
-2.364926419722501
-3.6791521594884955
-11.668852297741637
-13.033604108026935
-14.548397765083415
-8.907526716384545
-5.337132473502834
-8.89772833171127
-7.6447740449082175
-29.314239457539927
-19.125953460194296
-9.518624951873562
-14.954850391245259
-10.29419995175737
-14.621116441369217
-5.964917082036067
-1.001154945564842
-33.84043920540617
-5.374076158396633
-34.95579257407202
-22.53257700729383
-46.043361538780275
-19.74359898214115
-8.610557412888447
-12.796234442073526
-22.129209928297314
-16.374293197989573
-26.430488715936946
-13.878525071405669
-9.84307307215576
-2.261319882853961
-42.453354002827155
-18.328953084637334
-1.2990203112067036
-7.9147704620590105
-32.3647645601086
-16.193699225925897
-2.6597226925348423
-14.279714658129592
-3.6234152715373327
-3.1266984144158414
-2.2940999914939084
-24.369390280698205
-30.648801304234212
-16.187030956635617
-38.63433956394689
-16.268256942642772
-19.91846051378939
-7.85089696007401
-7.348446720209267
-16.436022808298212
-21.351411591794133
-9.683514135412672
-12.42688097076757
-0.0212573055177927
-74.56857188206097
-28.935178518668614
-16.693802612566337
-17.311107248892696
-1.2054947571718841
-23.02456187346069
-9.480557108172405
-21.060092175810368
-21.42947917004672
-10.710032030246339
-36.073725424525456
-2.8444035237889125
-10.09116117908524
-30.549439982342555
-5.192758930847049
-10.615581432469284
-39.10014667239722
-3.7332181477819404
-12.783117004257662
-5.406165712211248
-3.9858276630933176
-28.175504988980705
-9.219597546597754
-9.972058381767852
-9.934058798141905
-4.731119036830933
-2.1254897974125413
-11.140503369163298
-2.345899792681166
-1.7075176205985372
-15.218484156948215
-3.5142989802313878
-10.177745819966901
-9.813892297314396
-4.341214146108541
-1.0730943293880273
-2.4326159699127174
-3.4779919108149073
-1.1267023260172095
-15.490818018382555
-16.749370176818147
-8.342107260703415
-17.540236137458336
-7.919369573095928
-10.234970018271156
-16.382427105785716
-9.65860490079482
-1.200949679274288
-23.99760972759872
-16.72133142659797
-8.648089395572534
-4.539321292876593
-13.971098097028964
-8.268935263549793
-4.326412338604392
-3.8765080246012005
-18.934911312118906
-9.875821690890007
-13.365605810964851
-2.413578811652769
-12.613824787568745
-2.5727503735449417
-4.9804217236519435
-32.02905855766346
-14.289356919636234
-28.23828231252724
-10.429577358534402
-19.882575947672876
-17.96779304498299
-10.545299741147176
-12.698695948904003
-10.657008482121341
-21.782696917365996
-22.850434670657044
-10.510181906771123
-11.581653514259415
-0.8439789623800493
-6.564594024941869
-20.75350801174936
-2.2458708053545706
-18.35802373971609
-22.000548724072864
-14.567951449605054
-3.886105241138651
-11.590280779637396
-44.475970794037835
-4.707757325202692
-0.783977403337758
-12.740286986527224
-3.094900893708086
-2.8654561405654633
-12.686505491207036
-7.273795698114554
-3.371898009581031
-42.14832931400553
-2.850516438655035
-42.93294007246681
-33.29497144460565
-6.266783795785159
-30.625274746803846
-18.900618398844756
-5.033324892031004
-33.806181444464755
-2.7400118426696736
-5.560750614716653
-7.600377626542581
-12.246230422956188
-3.0608159286213947
-0.8760233166231046
-1.976281033254054
-21.444012627163147
-15.511125555284025
-1.1025009034235609
-7.88954286711737
-25.737268807476312
-0.2732031694849866
-8.692663136321755
-12.448492399514045
-20.81408144722584
-4.920196320597782
-13.294050266454057
-20.368963665099884
-22.993921229294372
-16.135116026581265
-22.761057876101034
-3.1342278659134877
-1.2517375583816488
-0.44285960071647423
-13.375499909740022
-14.773273082547632
-1.5992557458394003
-38.390944443210984
-31.31223622528563
-6.142281860877176
-2.885024385725039
-0.25651049111638713
-18.47219989675073
-19.304445798318824
-14.545742371322717
-3.2178829287231565
-6.760088221077808
-8.091092367387091
-3.2376967096780263
-38.09498717524644
-11.308016382558314
-5.835560465864823
-15.477685631089003
-7.705883095902053
-11.82886572084373
-7.543022267742344
-19.467833027090684
-13.705021002435927
-8.007946642122988
-8.708190174746129
-14.325964913390635
-22.794421209111697
-15.346103883394619
-39.088307854936595
-27.47909374709313
-26.027603702752877
-14.5695585902344
-12.058449883131402
-6.962618058572161
-6.204371736244859
-7.719666366732781
-45.044137382274
-3.933014099387492
-8.330865498293406
-6.734903714700863
-3.953120518989863
-11.140367503270326
-11.640232420536883
-95.55743619429639
-23.082102268476937
-18.937117969973215
-6.652718858328626
-9.658282814203716
-76.91845974664326
-35.998265856128874
-16.462031435215373
-5.028056427311519
-0.05416896753013134
-2.785930065765541
-0.10467454977333546
-4.742546968147934
-6.706083707912278
-7.093441370925348
-22.429102653976088
-7.002971636123874
-5.052920650045053
-0.1576620154518764
-2.4422676645872343
-18.85665674341096
-19.39356344608472
-7.8913085630181214
-0.4721132323714414
-16.76014937891113
-37.726842391000645
-18.761964211170778
-44.35154380172287
-41.07914474885564
-11.562436817963416
-6.0547248639809865
-46.45041311937898
-20.92467036476762
-15.433453724000422
-8.795535052964595
-29.635124569829365
-2.2937875692705347
-19.029190681015557
-8.054385884167338
-11.58512065312243
-10.220899165724404
-2.4738830143287416
-7.794192317641539
-8.024831730450607
-0.44472149431792474
-7.069694888333963
-0.5015450649946089
-13.805594442350632
-0.47006669761597664
-10.204192600756585
-0.6031975636820377
-1.721194088981008
-1.5304838590031977
-28.769193725046136
-11.267508628262
-17.36695724870529
-0.7873360528147302
-0.9813982064348465
-22.60867723139151
-12.42643319512566
-11.172667624537006
-18.38321831495341
-5.411642238653933
-4.961565066329953
-14.264268350383638
-3.820450461262446
-10.442047007813585
-6.760999456349623
-7.515357600619829
-0.2785722325752431
-9.211613426485883
-9.560965254448774
-1.6431332926862225
-16.988028695580056
-6.117600394876476
-5.329714584335385
-17.70663593654227
-4.9812098359370225
-30.29711777086701
-63.47192896402489
-12.898710760210449
-79.85096382634737
-8.639173074101564
-22.760327145744547
-38.238958866644225
-3.2804926688718297
-18.71455935840126
-2.657715550443754
-19.07888691131899
-42.040673599108906
-23.437005264431562
-0.021950624883174896
-9.203719265165965
-16.5561734507018
-10.810509741579494
-14.350722820392178
-7.651713969937276
-2.164306726361474
-20.022295816644792
-10.53307017730549
-13.792286445097453
-40.31714899560984
-2.9267160449134906
-0.794508017238968
-14.114880032060597
-8.208316459763054
-18.849247973839283
-3.210509779235508
-28.134411980556152
-20.910831133770486
-11.303752408226927
-4.585990758379012
-39.23711055244524
-29.834459509469234
-16.312905129699146
-24.505294991004057
-20.873007495141188
-23.276041667694813
-27.592940621508845
-13.824080821631057
-18.14897777099395
-16.05368810087804
-36.60679616359976
-11.640363269141567
-7.51066687853659
-7.066109790601779
-38.32407003533091
-17.028242270753708
-4.415530820371487
-27.2520111080496
-12.204040534137405
-3.9126497382442267
-5.0081702190891235
-28.92785898649357
-12.59056058516375
-3.280747209822465
-3.7196942478916526
-2.4815740993871884
-2.6842526497337644
-4.0690912640943395
-20.55376019170921
-6.801175045110192
-3.8425846830084183
-11.506759123589255
-22.6045778744042
-10.751560095530337
-8.30863374609796
-1.0216969026953322
-22.823918928710924
-11.00854677366464
-14.996576026122739
-1.0841287019487709
-11.01556457310653
-18.532317738395705
-13.701819882280233
-16.524010038097927
-16.361551016686064
-2.148657098193098
-8.01418668273277
-5.622291207969283
-18.034019034769045
-29.534584548938334
-8.849954524301666
-22.893112644689772
-4.792606103583239
-0.9852843974556436
-9.838925823549289
-2.9186425127020286
-4.147540195925558
-24.02770244551334
-6.7278821638945985
-1.139588195856021
-12.196506487327149
-23.480274420889465
-11.948215853686271
-4.355585111013681
-0.20560862321963214
-0.18415796221688652
-3.6208624008297647
-0.19087397216208046
-3.339118373823908
-30.544938296699854
-8.213134970519377
-7.662432384797739
-23.383874759550793
-9.047187709408256
-8.98824009161035
-7.060638799895791
-3.901690727066807
-5.121322612256101
-0.8967480522585447
-14.091841572384162
-8.716705900730403
-22.75697186131262
-2.8049598404585367
-2.943828132999606
-8.681183123740048
-12.590331897757089
-17.113250566034367
-4.55003365418753
-17.830892283894336
-4.13240513933566
-8.081778463696736
-15.160406371972968
-33.90484127439459
-20.503543977532075
-15.966848145410857
-2.522454218045226
-10.05127187660559
-8.498691265975594
-19.2729469799211
-5.2193352546889855
-0.7189169777861935
-14.934380622211819
-12.116830330098026
-9.225064902123414
-43.49161444414428
-15.42033644464027
-4.775570430684638
-15.903945493926805
-7.083809799113396
-8.117331276275763
-8.923797399817659
-1.9796317096129314
-14.964038205749603
-9.214099027584943
-0.194083631857211
-35.099031212759826
-1.6399870631245221
-3.712891031477909
-42.63822324166672
-0.5704113393359194
-3.664295586069329
-1.8740429813351511
-17.79063752234066
-6.405259572680734
-17.52145159546535
-13.416140325653885
-0.6750425199611527
-5.172064151421836
-4.186287904752589
-14.692804925532009
-3.8592584913934544
-12.43956183109998
-13.672653668993455
-6.837499882490874
-14.2053600142224
-26.847391047117718
-35.77015961869656
-14.069433943602377
-6.909797535150489
-2.0422249640023438
-4.54024630952631
-3.301882733716724
-15.588534696978911
-22.367224854364594
-3.441235366814226
-9.531270766991724
-5.99987263461778
-27.345057103582633
-4.258021259748034
-14.001645105899449
-8.309981688100834
-22.95307412962262
-3.40079776491325
-15.685056807458693
-30.722447292012014
-8.83262591796813
-30.89240069224042
-0.3929880635405425
-19.875068259653574
-13.75700587523356
-6.35171495870992
-17.523602278151884
-3.1075680389963054
-0.2599925112699566
-6.997373893922706
-5.6787543296813965
-1.3724822587510062
-22.435528237689596
-0.8262498043510504
-17.45837309212083
-7.073450004618479
-0.7916516207178574
-35.465862465343676
-34.36849612211274
-8.922475536210726
-1.9007755321554214
-9.347982246149172
-15.351922462546035
-28.665164141538973
-12.799164410307185
-37.454538241515365
-17.84108863472329
-17.141060409364172
-13.05700142380072
-17.6469251297534
-12.173137028900442
-5.797986129466381
-31.94998746354645
-1.9545981950029727
-5.398112191169162
-13.799802415363153
-5.3813846255447615
-4.917257341979365
-82.48333890711905
-21.83800959597434
-1.0300379446177317
-3.816263016893167
-6.609402267900116
-26.329911684895492
-0.23535266309227154
-7.7716925650773305
-4.016281774827718
-3.042466182808937
-4.504393926320965
-19.9001301095563
-1.9433924399197622
-20.988369348644305
-4.415304153096002
-18.482398182452634
-0.018256835639476776
-10.888050660647593
-10.598450533536266
-20.989733358016956
-10.442973174682656
-17.424114334846934
-13.762760123611315
-19.877965780377366
-20.838013307253952
-3.3541820322630542
-7.402344029276264
-59.49799388581939
-1.296355438742971
-1.1099003496576643
-12.18123307862922
-1.160147325001951
-15.24281124231689
-6.138523685383575
-2.7716091752653824
-5.4197049911723525
-27.973265406997527
-10.241845826474048
-8.520475036541598
-10.136324025041688
-27.996730955970207
-10.891996166384608
-31.012467785752037
-12.560956390684183
-9.111963871043372
-50.46550133852468
-0.7978367874543437
-14.220587104692576
-21.390216451088776
-4.196410137725017
-13.28725251375186
-0.027381936088204384
-18.5533172007287
-3.912987943745975
-20.286964267360815
-25.076435824859686
-37.31139489994399
-3.0044186660913965
-0.77658630478345
-3.945816632420133
-25.70507827513938
-38.96033830649665
-1.0054932668476795
-23.595272762551154
-21.50380591960964
-7.558851761998021
-8.728061395779605
-13.49103320196945
-9.904478172163856
-18.39794808636779
-2.662414491058371
-12.09369380643379
-6.388851228497288
-24.909339142384454
-16.222578670420816
-10.888303412769055
-12.794909141779726
-54.070442164765225
-4.509672111702116
-31.645932891427037
-10.256397327195714
-24.806000676946837
-38.87245194347186
-5.731056615682029
-7.188979851923875
-2.7928262008936144
-7.252047994741098
-49.04842582339517
-19.761941752742132
-1.7839211001065678
-25.150611093462402
-3.489091636902849
-25.572529133301146
-10.840799487382355
-27.210064671175466
-41.89700138494985
-3.3949362422616716
-14.464237622223656
-5.363393397980815
-5.943436068072771
-6.230806952600226
-0.18240198623789183
-27.348788769554858
-5.814472818687932
-16.907332356634413
-5.732471704483032
-17.942994862500825
-25.475393285496004
-10.773023132933304
-11.858028741053175
-18.083013972868564
-8.018986808190164
-28.394261540441107
-11.04386964705747
-21.794712320378068
-46.76662846167696
-32.42458529912013
-3.8599319268541876
-4.4141570019701035
-50.05493241382117
-3.677465109658783
-15.822962382596977
-16.018910052323
-0.11816561035811901
-32.904274575715384
-15.313236174206509
-37.55538663938924
-29.112931388522142
-21.233945980306828
-0.9667590924938168
-7.180219949581783
-0.18916084237241648
-21.10864814780033
-11.422870542421151
-4.977099904458981
-0.37530581814280595
-11.92621293056817
-11.8803865500713
-1.812241412758567
-33.37123064716593
-46.33425754976612
-7.091075285496743
-2.708876853840934
-39.64648248735358
-5.3025829585702695
-16.418324662164366
-29.165903128783462
-4.987859878625464
-34.68022332934606
-1.7552821638264504
-5.509530354547671
-4.608283364795398
-17.86384572687257
-5.723932815534447
-2.904763875746198
-0.5863129403278435
-13.980739229387154
-9.842430698436374
-6.546759579869068
-6.5249105986727045
-2.3421063629491528
-5.441245226873434
-7.815378765306789
-11.697038301506225
-31.002431104389863
-6.654361913287168
-6.606007723557468
-1.8211626010792656
-32.67436632178982
-9.26678984386308
-2.783304776782643
-11.384194711073377
-2.256921130810042
-12.508288864263704
-7.773062834824252
-3.1736247062522125
-9.09067410506563
-2.968802216507811
-4.840052666178025
-29.215108848070678
-3.1069434078435734
-28.55528534516224
-49.7378568496245
-30.861057951073974
-21.388761610416623
-7.6454164872652655
-3.3946111049980914
-1.8863308662220106
-5.982038605430375
-6.244686956713842
-2.5017937426638284
-6.630055233836174
-0.5829111060319292
-2.7235606451046124
-3.8722203330414686
-2.5989300708740757
-7.605773870311502
-13.439091168771057
-0.47087590223435427
-13.271383984633758
-4.822567836278779
-0.7225918816183636
-9.066381808235121
-28.825694075410183
-16.570470825522904
-15.507829194652913
-0.31518405542919936
-19.365845292612732
-0.35483889457100304
-2.52128415604966
-34.91703940134465
-7.978854053626833
-19.7433736648033
-5.249736742215845
-9.893552373732291
-17.456363701538407
-9.518129939775577
-1.546461988386909
-3.2702751676861226
-10.092863132735822
-0.48027132796616456
-15.064157747453116
-0.2317337525801122
-19.137488126397557
-0.19542272625949408
-2.2308453040816403
-11.671244388316381
-3.364745431609606
-17.915592980909423
-0.5552508262948663
-16.542343415252617
-9.33248827590986
-17.042194386703265
-2.348095078939764
-1.7301820768729996
-3.5823730391768933
-8.058412629512532
-13.811420517787383
-2.446324731951563
-9.008290966567436
-6.137312437706626
-27.97185582819256
-19.8886759262652
-16.493764435287233
-18.59844375392867
-10.235701223910809
-16.874171368302697
-62.696653256460415
-69.95156389629273
-3.954636228697659
-13.858185695526998
-15.513801987315674
-11.790728126196427
-17.286148474762342
-17.91734478799099
-27.175413137250438
-19.590618174145753
-25.936653092106027
-17.49111641938819
-17.1275768975999
-0.3630644674121868
-9.580125747936364
-4.706049206173695
-4.9218489691811556
-7.636179084765551
-0.4996414661331059
-9.351355205437926
-16.805312185786875
-25.50162152476196
-2.319546100296293
-28.91462342173417
-19.248932230511684
-27.610042421622126
-9.308766418751475
-1.8917653098444163
-9.827708208082178
-31.80081453571981
-6.823719690795912
-1.838837435869209
-2.8578096447701853
-3.4234358008511023
-2.4843294556181874
-17.923853457359762
-38.499406018939965
-3.2932475250509015
-14.804969319241415
-10.405666096233205
-20.3222453972503
-5.667896396314617
-18.8966573415332
-19.010287332991474
-33.853166954177475
-16.1312732261457
-22.237000774759053
-13.428413203095346
-9.171772500986428
-9.442978047988618
-35.517184965348626
-4.463267191302066
-1.5387412712548212
-18.340121046726978
-4.914206403781321
-9.082437430064829
-10.039828726880494
-1.1216249693516147
-16.120331421567215
-8.265816484047775
-7.612716247071887
-2.0081965538754503
-60.803169495285424
-30.885776579454046
-7.353725307345044
-20.405908082935525
-2.4791053732733417
-1.2819071110247933
-30.54190986999386
-0.018309742212295532
-30.463374051329183
-11.941363647199722
-40.52583593995171
-8.533166808382866
-37.7560662954896
-3.252013306642276
-24.97581730438469
-9.039935811665593
-57.152152329069274
-15.472375144574585
-3.5509778364566955
-15.838194961111753
-7.369813396258223
-7.64434197878785
-8.989996152160359
-2.166386724843619
-5.132661644888884
-32.84805851287615
-6.514124433742268
-0.5465226701673487
-4.985874681975673
-30.01105817006745
-7.134900213291928
-8.681980201583734
-8.054792901622832
-20.005152383171946
-10.607201699247035
-10.739376759493098
-6.879325493934402
-6.936795843671689
-7.768261945714215
-10.889692009755436
-0.11215588463392123
-2.0664797690203613
-2.813811815113688
-16.829775239736023
-9.878519019737027
-9.130690455851095
-2.7325821966960575
-3.953773438826005
-20.72150120518289
-0.3653346335631511
-13.950785296179674
-10.968258459610297
-4.774064305316585
-3.8566381297496193
-7.4655319911774995
-23.10942981452785
-7.455772611006033
-6.593374221221943
-4.863450121497337
-9.543360517346173
-0.052842166274785995
-21.178428499074705
-8.075402389381196
-12.084642615855493
-2.2014702078440678
-22.781722612371077
-6.948431977402805
-30.394694148385142
-3.694414901751429
-28.86110992999501
-13.0613431298475
-11.670134070946176
-1.8628204295418982
-35.53820389456822
-10.1790895010202
-7.907090305966847
-11.213331656053128
-27.823932569443215
-1.3057969826186309
-7.090553057930684
-1.4403777252282168
-21.04094597825815
-11.639049436825474
-10.991381541629664
-10.368237666343902
-1.5237912756006153
-10.759977673053157
-14.511917509019781
-13.556841417714736
-4.688189999934302
-23.50345093156011
-8.361304777916217
-8.756670486467947
-47.82597926503777
-16.97181663316374
-4.268868426380372
-12.165131646397185
-3.679771323198082
-31.15212851758855
-18.986942460219602
-22.965336522435848
-15.385376205264137
-59.79781941011248
-35.56985980458995
-18.132387594148312
-61.33126681835364
-19.038807461900788
-17.393648468912886
-11.304870277522923
-32.91192101238863
-4.366661401537954
-10.981890009123042
-30.607936081409356
-13.647773962656565
-0.2360870876327681
-7.216673028962617
-12.345330721867924
-1.4242910069598338
-7.749825060805243
-0.8585572154727146
-4.270646297015084
-28.826020729020776
-11.29325169940872
-7.227179987164156
-0.07551683485507965
-0.20656327478081948
-1.346569918883226
-16.111385561609772
-11.656917773681919
-15.428469033205602
-39.3164895970757
-5.64389015186498
-6.429372853044583
-2.2240174205521654
-7.061581009400065
-3.4794653563484985
-17.55318289806928
-0.238714517076005
-20.029636015043927
-0.9689720943172233
-6.120908157610181
-20.025767440530622
-0.39264619363530073
-14.765801503785468
-0.4520419610926112
-17.690424929807477
-19.32302498711897
-4.7486951960769375
-4.2887680476613
-3.762284247250811
-7.563412796940149
-27.770052895759278
-16.361495593499342
-5.330964825679892
-0.7115928229036399
-8.151552973927693
-8.886901781772394
-12.230934059796922
-19.09736771319148
-23.347831867106315
-31.986316306663277
-40.561004415532004
-2.077411482828211
-1.6506039625744435
-1.8169135759605979
-12.137035794316681
-12.081165541804907
-4.219883748037226
-4.923784335010112
-3.322338471373989
-3.623299106063847
-0.46374932134193614
-18.709263526979043
-9.718204806368519
-21.75555742622737
-2.9082384012301645
-10.387208369406338
-0.1417339621038991
-14.563756981672071
-16.792165403348463
-13.984503424067036
-18.437960138093786
-31.29051592734973
-5.111619083470032
-39.13867929363914
-21.906051144305366
-23.299315191797177
-0.9258531748339394
-3.026917257787119
-5.483886534342901
-13.374127775818124
-14.25565104345145
-3.5857954606685496
-3.3944848326284784
-10.231075429102589
-1.8620518891600568
-1.9612865542051168
-4.096884352310298
-5.920601461406129
-8.051858223620222
-19.478947097941436
-4.732255028910004
-49.25614247257519
-4.924643606705331
-14.429117641983076
-13.447412817703473
-29.96163404589717
-9.492748592481
-14.603937288759425
-14.422422564042101
-3.7142959495121772
-2.8144202325769925
-7.177025152772785
-71.014876420809
-1.4773355420355756
-0.9793827829764723
-11.49735005330443
-1.1000544000091779
-13.60164777064179
-0.29970347104244865
-9.221549775517246
-6.9285055871464465
-27.072026539766163
-11.865122280743066
-4.437257364024845
-9.705530801202876
-31.51261094147071
-12.957263820115692
-0.7483727662029196
-11.51436781766995
-19.337138677206518
-4.3503795207918685
-20.215152845804624
-0.022942695766687393
-25.443542802191125
-7.383168533385252
-26.406060135998132
-35.818372358789865
-3.9578055924516775
-10.241097586925882
-1.1179534784173484
-23.441749730493626
-27.346654651375097
-8.929076381950146
-9.422155371190343
-13.315365156832733
-10.369671072534224
-22.86640041743322
-8.242734049543031
-5.851801797690484
-1.5992798933796166
-28.035901574632362
-0.892411145711435
-12.374366440118706
-31.268066344633347
-13.153560411358
-7.46243397570106
-19.181755108519447
-12.081335420558531
-9.276770019083294
-7.166668162853625
-7.74237443787905
-6.65393920010434
-7.754149925782201
-20.747659751101537
-32.2759810362964
-8.348143102264203
-27.11487601006678
-22.541903346851612
-0.8050944724054716
-32.70464744274612
-3.6240829066530296
-20.377312871274597
-7.768929768081932
-9.615103279402149
-40.05572815350138
-14.034312342351761
-12.216080455250676
-8.165111974444578
-21.759611847534835
-22.572745319199043
-20.47011809305853
-11.721604023578486
-15.292097709045152
-10.599135081082352
-26.60747535054056
-39.085346862283444
-5.5432589684746745
-35.76236326985578
-5.168149914965937
-19.046554816389474
-23.06839099714589
-55.579743980776335
-3.2774834160832143
-36.485750561911615
-1.4689771036528327
-12.500035988131145
-22.182430223387854
-5.706334488302673
-17.847511206934087
-0.39631755771387134
-15.566620823517127
-2.077410926770881
-1.6506045552457564
-1.8169129557898032
-9.863373667072402
-6.36753189985032
-9.484494900507272
-44.92923111577892
-26.274253616381884
-14.85582995367622
-28.295916190736328
-11.656563627219434
-8.343759196154679
-8.700412964314062
-7.272850868044998
-10.850858299785095
-0.05463828891515732
-10.863357897637457
-0.00958184595219791
-5.88223664708039
-0.014485024847090244
-5.8543579169761415
-0.04361411323770881
-40.74123376469561
-17.322203261284102
-9.95759490138331
-20.24626461271646
-11.297989136646152
-32.73689857399805
-13.160473669561725
-7.930812594105014
-37.28606696812977
-9.848259354916081
-23.99637889019305
-7.275935347922726
-18.62432459102456
-5.063899455936593
-29.231891354921324
-0.2276019390701549
-55.54662504672166
-61.3975672305483
-63.241249514884764
-4.208247845694132
-40.73797670004712
-3.10747848487631
-44.27175245356792
-7.304357722879729
-38.70957693072086
-18.889988607529027
-1.3478023287448195
-40.8113870201571
-10.027785444295937
-8.429905254530922
-5.435882884083384
-3.3427252718022373
-5.392252448728584
-39.088580867699726
-6.307946431404616
-8.329999338182681
-9.895191641936933
-27.78298152260391
-1.8583301930848393
-4.040678001988795
-4.93749981267635
-29.765208088349745
-8.830727401130218
-7.314396820819866
-4.348541824308711
-10.330050827558772
-1.738434328041194
-9.567294437563362
-10.941246354261004
-13.64717034577427
-6.6663384732271425
-6.649663942315101
-14.706120715239706
-13.710119226739607
-6.045050326734781
-3.514446443749307
-7.6099804104564726
-11.68702533564364
-0.218657950566012
-4.148097921487803
-8.365414546353797
-2.77244457124538
-8.821908563126243
-26.157300172045723
-12.840995727006202
-3.8820377485114363
-19.54347341420487
-20.489377532031995
-28.998042621935724
-42.20771375455661
-29.08735859467896
-17.90670539692246
-3.8654747688974567
-4.080079029764249
-11.934356225826377
-2.1188937750457626
-1.7982034021556217
-13.650236417153558
-23.314188196473054
-30.420384832119538
-10.876960133302404
-15.828754952719116
-15.062031960326863
-12.140867363265045
